INFO Window: 2023-10-01 -> 2026-10-01 | areas: hackney
INFO [hackney/Permitted] page at offset 0: 100 records
INFO LEAD new: [Permitted] Hackney/2026/0986 — 1A Ardleigh Road, Hackney, London, N1 4HS
INFO LEAD new: [Permitted] Hackney/2026/0956 — 38 Chatsworth Road, Hackney, London, E5 0LP
INFO LEAD new: [Permitted] Hackney/2026/0940 — Bedsit Room A, FLAT 1 Britannia Walk, Hackney, London, N1 7R
INFO LEAD new: [Permitted] Hackney/2026/0946 — 33 Southborough Road, Hackney, London, E9 7EF
INFO LEAD new: [Permitted] Hackney/2026/0870 — Wework, 1 Mark Square, Hackney, London, EC2A 4EG
INFO LEAD new: [Permitted] Hackney/2026/0831 — Basement, 134 - 146 Curtain Road, Hackney, London, EC2A 3AR
INFO LEAD new: [Permitted] Hackney/2026/0821 — THE WEST RESERVOIR CENTRE Green Lanes, Hackney, London, N4 2
INFO LEAD new: [Permitted] Hackney/2026/0826 — 169 Victoria Park Road, Hackney, London, E9 7JL
INFO LEAD new: [Permitted] Hackney/2026/0799 — Site Known As Phase 4, Land Bounded By Seven Sisters Road, R
INFO LEAD new: [Permitted] Hackney/2026/0798 — Savure, 20 Paul Street, Hackney, London, EC2A 4JH
INFO LEAD new: [Permitted] Hackney/2026/0788 — GROVE HOUSE, 27 Frampton Park Road, Hackney
INFO LEAD new: [Permitted] Hackney/2026/0797 — 7 Mildenhall Road, Hackney, London, E5 0RT
INFO LEAD new: [Permitted] Hackney/2026/0777 — 114 Milton Grove, Hackney, London, N16 8QY
INFO LEAD new: [Permitted] Hackney/2026/0780 — 41 Leabank Square, Hackney, London, E9 5LP
INFO LEAD new: [Permitted] Hackney/2026/0774 — 99 City Road, Hackney, London, EC1Y 1AX
INFO LEAD new: [Permitted] Hackney/2026/0768 — 51 Cleveleys Road, Hackney, London, E5 9JW
INFO LEAD new: [Permitted] Hackney/2026/0760 — 34 New Inn Yard, Hackney, London, EC2A 3EY
INFO LEAD new: [Permitted] Hackney/2026/0752 — Planet Food, 298 - 300 Seven Sisters Road, Hackney, London, 
INFO LEAD new: [Permitted] Hackney/2026/0742 — 25 Stamford Road, Hackney, London, N1 4JP
INFO LEAD new: [Permitted] Hackney/2026/0744 — Flat B, 15 Winston Road, Hackney, London, N16 9LU
INFO LEAD new: [Permitted] Hackney/2026/0749 — 50 Moreton Close, Hackney, London, E5 9EP
INFO LEAD new: [Permitted] Hackney/2026/0725 — 43 Rectory Road, Hackney, London, N16 7PP
INFO LEAD new: [Permitted] Hackney/2026/0727 — Unit 4, SPECTRUM BUILDING East Road, Hackney, London, N1 6FD
INFO LEAD new: [Permitted] Hackney/2026/0718 — 27 Colne Road, Hackney, London, E5 0HR
INFO LEAD new: [Permitted] Hackney/2026/0740 — 46 Bayston Road, Hackney, London, N16 7LT
INFO LEAD new: [Permitted] Hackney/2026/0717 — 27 Colne Road, Hackney, London, E5 0HR
INFO LEAD new: [Permitted] Hackney/2026/0721 — 23 Queen Elizabeths Walk, Hackney, London, N16 5UZ
INFO LEAD new: [Permitted] Hackney/2026/0702 — BEAUMONT COURT Upper Clapton Road, Hackney, London, E5 8BG
INFO LEAD new: [Permitted] Hackney/2026/0699 — 22 Paget Road, Hackney, London, N16 5NQ
INFO LEAD new: [Permitted] Hackney/2026/0705 — 33 Northchurch Road, Hackney, London, N1 4ED
INFO LEAD new: [Permitted] Hackney/2026/0732 — Basement Flat, 100 Southgate Road, Hackney, London, N1 3JB
INFO LEAD new: [Permitted] Hackney/2026/0707 — 89 Fairholt Road, Hackney, London, N16 5EP
INFO LEAD new: [Permitted] Hackney/2026/0706 — 133 Queens Drive, Hackney, London, N4 2BB
INFO LEAD new: [Permitted] Hackney/2026/0686 — 31 Dunlace Road, Hackney, London, E5 0NF
INFO LEAD new: [Permitted] Hackney/2026/0692 — Upper Floor Flat, 77 Stoke Newington Church Street, Hackney,
INFO LEAD new: [Permitted] Hackney/2026/0695 — 33 Northchurch Road, Hackney, London, N1 4ED
INFO LEAD new: [Permitted] Hackney/2026/0650 — 63 Greenwood Road, Hackney
INFO LEAD new: [Permitted] Hackney/2026/0681 — 137 Wilberforce Road, Hackney, London, N4 2SX
INFO LEAD new: [Permitted] Hackney/2026/0682 — Upper Floor Flat, 77 Stoke Newington Church Street, Hackney,
INFO LEAD new: [Permitted] Hackney/2026/0665 — New China House, 20 Stamford Hill, Hackney, London, N16 6XZ
INFO LEAD new: [Permitted] Hackney/2026/0648 — 40 Lordship Road, Hackney, London, N16 0QT
INFO LEAD new: [Permitted] Hackney/2026/0663 — 9 Deacon Mews, Hackney, London, N1 3HZ
INFO LEAD new: [Permitted] Hackney/2026/0654 — 129 Balls Pond Road, Hackney, London, N1 4BG
INFO LEAD new: [Permitted] Hackney/2026/0657 — The Stage - Building 4, London, EC2A 3LP
INFO LEAD new: [Permitted] Hackney/2026/0664 — 92 Lea Bridge Road, Hackney, London, E5 9QD
INFO LEAD new: [Permitted] Hackney/2026/0643 — 2 Leman Street, London, E1 8FA
INFO LEAD new: [Permitted] Hackney/2026/0638 — 51 - 57 Amhurst Park, Hackney, London, N16 5DL
INFO LEAD new: [Permitted] Hackney/2026/0647 — 41 Beck Road, Hackney, London, E8 4RE
INFO LEAD new: [Permitted] Hackney/2026/0646 — 8 Ashtead Road, Hackney, London, E5 9BH
INFO LEAD new: [Permitted] Hackney/2026/0644 — 33 Northchurch Road, Hackney, London, N1 4ED
INFO LEAD new: [Permitted] Hackney/2026/0645 — 33 Northchurch Road, Hackney, London, N1 4ED
INFO LEAD new: [Permitted] Hackney/2026/0633 — 181 Stoke Newington High Street , London , N16 0NL
INFO LEAD new: [Permitted] Hackney/2026/0631 — London Borough Of Hackney, 2 Hillman Street, Hackney, E8 1FB
INFO [hackney/Permitted] page at offset 100: 100 records
INFO LEAD new: [Permitted] Hackney/2026/0634 — Upper Floor Flat, 77 Stoke Newington Church Street, Hackney,
INFO LEAD new: [Permitted] Hackney/2026/0618 — 44 Norcott Road, Hackney, London, N16 7EL
INFO LEAD new: [Permitted] Hackney/2026/0616 — 35 Glyn Road, Hackney, London, E5 0JB
INFO LEAD new: [Permitted] Hackney/2026/0615 — 5 Kenninghall Road, Hackney, London, E5 8BS
INFO LEAD new: [Permitted] Hackney/2026/0619 — 32 Albion Drive, Hackney, London, E8 4ET
INFO LEAD new: [Permitted] Hackney/2026/0604 — 10-24 Lamb Lane, London , E8 3PL
INFO LEAD new: [Permitted] Hackney/2026/0609 — 48 Grand Union Crescent, Hackney, London, E8 4TR
INFO LEAD new: [Permitted] Hackney/2026/0597 — Lee House Employment And Rehabilitation Centre, 6 Rectory Ro
INFO LEAD new: [Permitted] Hackney/2026/0601 — 92 Powerscroft Road, Hackney, London, E5 0PP
INFO LEAD new: [Permitted] Hackney/2026/0583 — 211 Hackney Road, Hackney, London, E2 8NA
INFO LEAD new: [Permitted] Hackney/2026/0587 — 55 Napier Grove, Hackney, London, N1 7HX
INFO LEAD new: [Permitted] Hackney/2026/0591 — 50, RED SQUARE, 3 Piano Lane, Hackney, London, N16 9AW
INFO LEAD new: [Permitted] Hackney/2026/0579 — Flat B, 16 Sach Road, Hackney, London, E5 9LJ
INFO LEAD new: [Permitted] Hackney/2026/0577 — 15 Glaserton Road, Hackney, London, N16 5QU
INFO LEAD new: [Permitted] Hackney/2026/0575 — 47 Blurton Road, Hackney, London, E5 0NH
INFO LEAD new: [Permitted] Hackney/2026/0568 — 14 Banbury Road, Hackney, London, E9 7DU
INFO LEAD new: [Permitted] Hackney/2026/0570 — 38 Forburg Road, Hackney, London, N16 6HS
INFO LEAD new: [Permitted] Hackney/2026/0569 — 14 Banbury Road, Hackney, London, E9 7DU
INFO LEAD new: [Permitted] Hackney/2026/0556 — 82 Blurton Road, Hackney, London, E5 0NH
INFO LEAD new: [Permitted] Hackney/2026/0555 — Flat A, SPRING LODGE HOTEL, 161 Queens Drive, Hackney, Londo
INFO LEAD new: [Permitted] Hackney/2026/0560 — HACKNEY TOWN HALL Mare Street, Hackney, E8 1EA
INFO LEAD new: [Permitted] Hackney/2026/0559 — 7 Lawley Street, Hackney, London, E5 0RJ
INFO LEAD new: [Permitted] Hackney/2026/0562 — 17 Walford Road, Hackney, London, N16 8EF
INFO LEAD new: [Permitted] Hackney/2026/0551 — Hackney Museum, HACKNEY TECHNOLOGY AND LEARNING CENTRE, 1 Re
INFO LEAD new: [Permitted] Hackney/2026/0538 — 64 Reighton Road, Hackney, London, E5 8SG
INFO LEAD new: [Permitted] Hackney/2026/0540 — Flat B, 12 Penshurst Road, Hackney, London, E9 7DX
INFO LEAD new: [Permitted] Hackney/2026/0535 — 22 Mount Pleasant Lane, Hackney, London, E5 9DN
INFO LEAD new: [Permitted] Hackney/2026/0528 — 4 Painsthorpe Road, Hackney, London, N16 0RB
INFO LEAD new: [Permitted] Hackney/2026/0525 — 11 Belgrade Road, Hackney, London, N16 8DH
INFO LEAD new: [Permitted] Hackney/2026/0523 — WIMBOURNE COURT Wimbourne Street, Hackney, London, N1 7HB
INFO LEAD new: [Permitted] Hackney/2026/0511 — 1 Colne Road, Hackney, London, E5 0HR
INFO LEAD new: [Permitted] Hackney/2026/0512 — 24 De Beauvoir Square, Hackney, London, N1 4LE
INFO LEAD new: [Permitted] Hackney/2026/0510 — 107 Brooke Road, Hackney, London, N16 7RJ
INFO LEAD new: [Permitted] Hackney/2026/0506 — Flat 1, 1 Downs Road, Hackney, London, E5 8QJ
INFO LEAD new: [Permitted] Hackney/2026/0499 — 125 Dalston Lane, Hackney, London, E8 1AL
INFO LEAD new: [Permitted] Hackney/2026/0507 — 61 Darenth Road, Hackney, London, N16 6ES
INFO LEAD new: [Permitted] Hackney/2026/0503 — Yad Voezer Day Centre, 9A Amhurst Park, Hackney, London, N16
INFO LEAD new: [Permitted] Hackney/2026/0481 — 82 - 84 Kingsland High Street, Hackney, London, E8 2NS
INFO LEAD new: [Permitted] Hackney/2026/0505 — 161 Glenarm Road, Hackney, London, E5 0NB
INFO LEAD new: [Permitted] Hackney/2026/0496 — 23 - 28 Penn Street, Hackney, London, N1 5DL
INFO LEAD new: [Permitted] Hackney/2026/0482 — Flat G03, ADELAIDE WHARF, 120 Queensbridge Road, Hackney, Lo
INFO LEAD new: [Permitted] Hackney/2026/0476 — 23 Finsbury Circus London, London, London, EC2M 7EA
INFO LEAD new: [Permitted] Hackney/2026/0469 — Market Hall, New Spitalfields Market, 23, Sherrin Road, Lond
INFO LEAD new: [Permitted] Hackney/2026/0479 — 81 Graham Road, London, E8 1PB
INFO LEAD new: [Permitted] Hackney/2026/0473 — 41 Coronet Street, Hackney, London, N1 6HD
INFO LEAD new: [Permitted] Hackney/2026/0463 — KINGS HALL LEISURE CENTRE, 39 Lower Clapton Road, Hackney, L
INFO LEAD new: [Permitted] Hackney/2026/0459 — Flat A, 1 Luke Street, Hackney, London, EC2A 4PX
INFO LEAD new: [Permitted] Hackney/2026/0456 — 62 Englefield Road, Hackney, London, N1 4HA
INFO LEAD new: [Permitted] Hackney/2026/0464 — 58 Ufton Road, Hackney, London, N1 4HH
INFO LEAD new: [Permitted] Hackney/2026/0462 — Basement Flat, 29 Thistlewaite Road, Hackney, London, E5 0QG
INFO LEAD new: [Permitted] Hackney/2026/0460 — LEYLA HOUSE, 2 Dunn Street, Hackney, London, E8 2DB
INFO LEAD new: [Permitted] Hackney/2026/0453 — 21 Fletching Road, Hackney, London, E5 9QP
INFO LEAD new: [Permitted] Hackney/2026/0444 — 27 Appleby Street, Hackney, London, E2 8EP
INFO LEAD new: [Permitted] Hackney/2026/0442 — Paradise Halal, 110A Lower Clapton Road, Hackney, London, E5
INFO LEAD new: [Permitted] Hackney/2026/0448 — 121 Culford Road, Hackney, London, N1 4HT
INFO LEAD new: [Permitted] Hackney/2026/0436 — 10 Dumont Road, Hackney, London, N16 0NS
INFO LEAD new: [Permitted] Hackney/2026/0452 — 17 Clissold Road, Hackney, London, N16 9EX
INFO LEAD new: [Permitted] Hackney/2026/0449 — TAVERNER HOUSE Stoke Newington Church Street, Hackney, Londo
INFO LEAD new: [Permitted] Hackney/2026/0440 — 19 Grayling Road, Hackney, London, N16 0BL
INFO LEAD new: [Permitted] Hackney/2026/0434 — Costa, 131 - 133 Stoke Newington High Street, Hackney, Londo
INFO LEAD new: [Permitted] Hackney/2026/0441 — 74 Mayola Road, Hackney, London, E5 0RQ
INFO LEAD new: [Permitted] Hackney/2026/0437 — Church Street Motors, Part Rear Of, 138 Stoke Newington Chur
INFO LEAD new: [Permitted] Hackney/2026/0431 — 61-65 Holborn Viaduct, London, EC1A 2FD
INFO LEAD new: [Permitted] Hackney/2026/0427 — 144 Holmleigh Road, Hackney, London, N16 5PY
INFO LEAD new: [Permitted] Hackney/2026/0426 — 74 Adley Street, Hackney, London, E5 0DZ
INFO LEAD new: [Permitted] Hackney/2026/0424 — LAND ADJACENT 331 Wick Road, Hackney
INFO LEAD new: [Permitted] Hackney/2026/0419 — 40 Pitfield Street, Hackney, London, N1 6EU
INFO LEAD new: [Permitted] Hackney/2026/0418 — 61 Egerton Road, Hackney, London, N16 6UE
INFO LEAD new: [Permitted] Hackney/2026/0411 — City Of London Guildhall,, London, EC2P 2EJ
INFO [hackney/Permitted] page at offset 200: 100 records
INFO LEAD new: [Permitted] Hackney/2026/0414 — 67 Aden Grove, Hackney, London, N16 9NP
INFO LEAD new: [Permitted] Hackney/2026/0412 — Bus Shelter, Pavement Outside Clays Court Stamford Hill, Lon
INFO LEAD new: [Permitted] Hackney/2026/0404 — Lbh Early Intervention Parenting Programme, 43 Durley Road, 
INFO LEAD new: [Permitted] Hackney/2026/0413 — 67 Aden Grove, Hackney, London, N16 9NP
INFO LEAD new: [Permitted] Hackney/2026/0407 — ERICSON HOUSE Guinness Trust Buildings, Hackney, London, N16
INFO LEAD new: [Permitted] Hackney/2026/0396 — 34 Cotesbach Road, Hackney, London, E5 9QJ
INFO LEAD new: [Permitted] Hackney/2026/0400 — 255A Wick Road, Hackney, London, E9 5DG
INFO LEAD new: [Permitted] Hackney/2026/0382 — Basement And Ground Floor, 23 Hackney Road, Hackney, London,
INFO LEAD new: [Permitted] Hackney/2026/0378 — 17 Daley Street, London, E9 6HP
INFO LEAD new: [Permitted] Hackney/2026/0380 — OUTSIDE 92 TO 100 Stoke Newington Road, Hackney
INFO LEAD new: [Permitted] Hackney/2026/0367 — 66 Southborough Road, Hackney, London, E9 7EE
INFO LEAD new: [Permitted] Hackney/2026/0370 — London Borough Of Hackney Chief Executives Directorate, STOK
INFO LEAD new: [Permitted] Hackney/2026/0379 — 44 Northfield Road, London, N16 5RN
INFO LEAD new: [Permitted] Hackney/2026/0381 — 1 - 3 Ardleigh Road, Hackney, London, N1 4HS
INFO LEAD new: [Permitted] Hackney/2026/0363 — 32-34 Craven Walk, London, N16 6BU
INFO LEAD new: [Permitted] Hackney/2026/0358 — 72 Dynevor Road, Hackney, London, N16 0DX
INFO LEAD new: [Permitted] Hackney/2026/0362 — 40-43 Andrews Road, Hackney, London, E8 4RL
INFO LEAD new: [Permitted] Hackney/2026/0341 — 120 Greenwood Road, Hackney, London, E8 1NE
INFO LEAD new: [Permitted] Hackney/2026/0339 — OUTSIDE 154 Dalston Lane, Hackney, London, E8 1NG
INFO LEAD new: [Permitted] Hackney/2026/0342 — 7 Paget Road, Hackney, London, N16 5ND
INFO LEAD new: [Permitted] Hackney/2026/0340 — 31 Queen Elizabeths Walk, Hackney, London, N16 5UZ
INFO LEAD new: [Permitted] Hackney/2026/0337 — Kricket Delivery, RAILWAY ARCH 369 TO 370 Helmsley Place, Ha
INFO LEAD new: [Permitted] Hackney/2026/0327 — 9 Newick Road, Hackney, London, E5 0RP
INFO LEAD new: [Permitted] Hackney/2026/0330 — 38 Firsby Road, Hackney, London, N16 6QA
INFO LEAD new: [Permitted] Hackney/2026/0333 — 3A Lordship Road, Hackney, London, N16 0PP
INFO LEAD new: [Permitted] Hackney/2026/0334 — 18 Allen Road, Hackney, London, N16 8SD
INFO LEAD new: [Permitted] Hackney/2026/0335 — 1 Ghent Way, Hackney
INFO LEAD new: [Permitted] Hackney/2026/0329 — 187 Graham Road, Hackney, London, E8 1PD
INFO LEAD new: [Permitted] Hackney/2026/0304 — 14 Gransden Avenue, Hackney, London, E8 3QA
INFO LEAD new: [Permitted] Hackney/2026/0317 — 61A Holly Street, Hackney, London, E8 3HS
INFO LEAD new: [Permitted] Hackney/2026/0305 — 28 Northwold Road, Hackney, London, N16 7EH
INFO LEAD new: [Permitted] Hackney/2026/0307 — 113 Culford Road, Hackney, London, N1 4HT
INFO LEAD new: [Permitted] Hackney/2026/0314 — 250 Haggerston Road, Hackney, London, E8 4EP
INFO LEAD new: [Permitted] Hackney/2026/0300 — 27 Nevill Road, Hackney, London, N16 8SL
INFO LEAD new: [Permitted] Hackney/2026/0308 — 118 Nevill Road, Hackney, London, N16 0SX
INFO LEAD new: [Permitted] Hackney/2026/0309 — WIMBOURNE COURT Wimbourne Street, Hackney, London, N1 7HB
INFO LEAD new: [Permitted] Hackney/2026/0293 — Site Known As Phase 4, Land Bounded By Seven Sisters Road, R
INFO LEAD new: [Permitted] Hackney/2026/0299 — Site Known As Phase 4, Land Bounded By Seven Sisters Road, R
INFO LEAD new: [Permitted] Hackney/2026/0292 — 74 Broadway Market, Hackney, London, E8 4QJ
INFO LEAD new: [Permitted] Hackney/2026/0301 — 1A Queensbridge Road, Hackney, London, E2 8NP
INFO LEAD new: [Permitted] Hackney/2026/0294 — Ground Floor, 334 Mare Street, Hackney, London, E8 1HA
INFO LEAD new: [Permitted] Hackney/2026/0296 — 31 Egerton Road, Hackney, London, N16 6UE
INFO LEAD new: [Permitted] Hackney/2026/0303 — 71 Egerton Road, Hackney, London, N16 6UE
INFO LEAD new: [Permitted] Hackney/2026/0289 — 53 Watermint Quay, Hackney, London, N16 6DN
INFO LEAD new: [Permitted] Hackney/2026/0274 — 30 Malvern Road, Hackney, London, E8 3LP
INFO LEAD new: [Permitted] Hackney/2026/0291 — 10 Millers Avenue, Hackney, London, E8 2DS
INFO LEAD new: [Permitted] Hackney/2026/0288 — Princess Of Wales, 146 Lea Bridge Road, Hackney, London, E5 
INFO LEAD new: [Permitted] Hackney/2026/0284 — 22 Castlewood Road, Hackney, London, N16 6DW
INFO LEAD new: [Permitted] Hackney/2026/0285 — Flat B, 81 Dunsmure Road, Hackney, London, N16 5PT
INFO LEAD new: [Permitted] Hackney/2026/0278 — Unit 1, 70 - 78 Oldhill Street, Hackney, London, N16 6NA
INFO LEAD new: [Permitted] Hackney/2026/0282 — 68 Belgrade Road, Hackney, London, N16 8DJ
INFO LEAD new: [Permitted] Hackney/2026/0295 — 6 Royal Close, Hackney, London, N16 5SE
INFO LEAD new: [Permitted] Hackney/2026/0259 — C R Wigley & Sons, 44 Kynaston Road, Hackney, London, N16 0E
INFO LEAD new: [Permitted] Hackney/2026/0266 — 36 Sharon Gardens, Hackney, London, E9 7RX
INFO LEAD new: [Permitted] Hackney/2026/0263 — CORDWAINER HOUSE, 25 Mare Street, Hackney, London, E8 4RB
INFO LEAD new: [Permitted] Hackney/2026/0271 — Broadway Area Maintenance Base, BROADWAY MARKET MAINTENANCE 
INFO LEAD new: [Permitted] Hackney/2026/0261 — Bohemia Restaurant, 2 Bohemia Place, Hackney, London, E8 1DU
INFO LEAD new: [Permitted] Hackney/2026/0248 — STOKE NEWINGTON LIBRARY, 184 Stoke Newington Church Street, 
INFO LEAD new: [Permitted] Hackney/2026/0253 — 10-24 Lamb Lane, London , E8 3PL
INFO LEAD new: [Permitted] Hackney/2026/0256 — Pavement Outside 145a Stoke Newington Road, London, N16 8BP
INFO LEAD new: [Permitted] Hackney/2026/0252 — Basement And Ground Floor Flat, 35 Benthal Road, Hackney, Lo
INFO LEAD new: [Permitted] Hackney/2026/0255 — 137 Wilberforce Road, Hackney, London, N4 2SX
INFO LEAD new: [Permitted] Hackney/2026/0242 — 15 Cranwich Road, Hackney, London, N16 5HZ
INFO LEAD new: [Permitted] Hackney/2026/0243 — 14 Banbury Road, Hackney, London, E9 7DU
INFO LEAD new: [Permitted] Hackney/2026/0241 — 14 Banbury Road, Hackney, London, E9 7DU
INFO LEAD new: [Permitted] Hackney/2026/0230 — Flat C, 6 Downs Road, Hackney, London, E5 8DD
INFO LEAD new: [Permitted] Hackney/2026/0239 — 14 Banbury Road, Hackney, London, E9 7DU
INFO LEAD new: [Permitted] Hackney/2026/0228 — 35 Enfield Road, Hackney, London, N1 5ER
INFO LEAD new: [Permitted] Hackney/2026/0234 — FANSHAW HOUSE Fanshaw Street, Hackney, London, N1 6HX
INFO LEAD new: [Permitted] Hackney/2026/0229 — 114 Milton Grove, Hackney, London, N16 8QY
INFO LEAD new: [Permitted] Hackney/2026/0219 — 97 Bouverie Road, Hackney, London, N16 0AD
INFO LEAD new: [Permitted] Hackney/2026/0233 — 172 Bethune Road, Hackney, London, N16 5DS
INFO LEAD new: [Permitted] Hackney/2026/0237 — 46A Wilton Way, Hackney, London, E8 1BG
INFO [hackney/Permitted] page at offset 300: 100 records
INFO LEAD new: [Permitted] Hackney/2026/0223 — 70 Mapledene Road, Hackney, London, E8 3JW
INFO LEAD new: [Permitted] Hackney/2026/0220 — 89 Finsbury Park Road, Hackney, London, N4 2JY
INFO LEAD new: [Permitted] Hackney/2026/0235 — First Floor And Second Floor Flat, 180 Victoria Park Road, H
INFO LEAD new: [Permitted] Hackney/2026/0211 — 48 Mayola Road, Hackney, London, E5 0RQ
INFO LEAD new: [Permitted] Hackney/2026/0214 — 30 Stean Street, Hackney, London, E8 4ED
INFO LEAD new: [Permitted] Hackney/2026/0209 — 27 Ashtead Road, Hackney, London, E5 9BJ
INFO LEAD new: [Permitted] Hackney/2026/0218 — 80 Nightingale Road, Hackney, London, E5 8NB
INFO LEAD new: [Permitted] Hackney/2026/0204 — STREET RECORD Woodberry Down, Hackney
INFO LEAD new: [Permitted] Hackney/2026/0203 — Unit 4 Rear Of 27, PHOENIX MEWS Stamford Hill, Hackney, Lond
INFO LEAD new: [Permitted] Hackney/2026/0206 — Church Street Motors, Part Rear Of, 138 Stoke Newington Chur
INFO LEAD new: [Permitted] Hackney/2026/0207 — 84 Princess May Road, Hackney, London, N16 8DG
INFO LEAD new: [Permitted] Hackney/2026/0205 — 25 Powell Road, Hackney, London, E5 8DJ
INFO LEAD new: [Permitted] Hackney/2026/0190 — Stoke Newington Town Hall, London Borough Of Hackney Stoke N
INFO LEAD new: [Permitted] Hackney/2026/0197 — Toldos Yaakov Yosef Institutions Trust, Ground Floor Front L
INFO LEAD new: [Permitted] Hackney/2026/0198 — 37 Belgrade Road, Hackney, London, N16 8DH
INFO LEAD new: [Permitted] Hackney/2026/0184 — 115-119 Wallis Road, London , E9 5LN
INFO LEAD new: [Permitted] Hackney/2026/0191 — 24 Northchurch Road, Hackney, London, N1 4EH
INFO LEAD new: [Permitted] Hackney/2026/0185 — 282 Richmond Road, London, E8 3BE
INFO LEAD new: [Permitted] Hackney/2026/0187 — 64 Reighton Road, Hackney, London, E5 8SG
INFO LEAD new: [Permitted] Hackney/2026/0192 — 17 Powell Road, Hackney, London, E5 8DJ
INFO LEAD new: [Permitted] Hackney/2026/0179 — 34 Farleigh Road, Hackney, London, N16 7TH
INFO LEAD new: [Permitted] Hackney/2026/0180 — 87 - 95 Hertford Road, Hackney, London, N1 5AG
INFO LEAD new: [Permitted] Hackney/2026/0181 — 133 - 135 Holmleigh Road, Hackney, London, N16 5QG
INFO LEAD new: [Permitted] Hackney/2026/0183 — 82 Alkham Road, Hackney, London, N16 6XF
INFO LEAD new: [Permitted] Hackney/2026/0173 — 104 Downham Road, Hackney, London, N1 5BE
INFO LEAD new: [Permitted] Hackney/2026/0163 — RELIANCE WHARF, 2 - 10 Hertford Road, Hackney, London, N1 5E
INFO LEAD new: [Permitted] Hackney/2026/0169 — ST JOHN OF JERUSALEM CHURCH Lauriston Road, Hackney, London,
INFO LEAD new: [Permitted] Hackney/2026/0172 — Ground Floor Flat, 87 Dunlace Road, Hackney, London, E5 0NG
INFO LEAD new: [Permitted] Hackney/2026/0164 — Stoke Newington Town Hall, London Borough Of Hackney Stoke N
INFO LEAD new: [Permitted] Hackney/2026/0161 — ST JOHN OF JERUSALEM CHURCH Lauriston Road, Hackney, London,
INFO LEAD new: [Permitted] Hackney/2026/0156 — 1B Gayhurst Road, Hackney, London, E8 3EH
INFO LEAD new: [Permitted] Hackney/2026/0152 — Flat B, 54 Allen Road, Hackney, London, N16 8RZ
INFO LEAD new: [Permitted] Hackney/2026/0146 — First Floor Flat, 27 Cleveleys Road, Hackney, London, E5 9JW
INFO LEAD new: [Permitted] Hackney/2026/0154 — WILLIAM GEE HOUSE, 520 - 522 Kingsland Road, Hackney, London
INFO LEAD new: [Permitted] Hackney/2026/0147 — 33 Southborough Road, Hackney, London, E9 7EF
INFO LEAD new: [Permitted] Hackney/2026/0157 — 151 - 155 New North Road, Hackney, London, N1 6TA
INFO LEAD new: [Permitted] Hackney/2026/0142 — 82 Alkham Road, Hackney, London, N16 6XF
INFO LEAD new: [Permitted] Hackney/2026/0130 — Car Park, BRITANNIA LEISURE CENTRE, 40 Hyde Road, Hackney, L
INFO LEAD new: [Permitted] Hackney/2026/0136 — New China House, 20 Stamford Hill, Hackney, London, N16 6XZ
INFO LEAD new: [Permitted] Hackney/2026/0131 — 52 Cleveleys Road, Hackney, London, E5 9JN
INFO LEAD new: [Permitted] Hackney/2026/0135 — Car Park, BRITANNIA LEISURE CENTRE, 40 Hyde Road, Hackney, L
INFO LEAD new: [Permitted] Hackney/2026/0133 — 10-24 Lamb Lane, London , E8 3PL
INFO LEAD new: [Permitted] Hackney/2026/0132 — 28 Queen Elizabeths Walk, Hackney, London, N16 0HX
INFO LEAD new: [Permitted] Hackney/2026/0116 — 87 Roding Road, Hackney, London, E5 0DR
INFO LEAD new: [Permitted] Hackney/2026/0121 — 75 Oriel Road, Hackney, London, E9 5SG
INFO LEAD new: [Permitted] Hackney/2026/0117 — 41 Chardmore Road, Hackney, London, N16 6JA
INFO LEAD new: [Permitted] Hackney/2026/0124 — HUMBERTON HOUSE, 12 Ward Lane, Hackney, London, E9 5GX
INFO LEAD new: [Permitted] Hackney/2026/0123 — Clapton Service Station, 137 - 141 Lower Clapton Road, Hackn
INFO LEAD new: [Permitted] Hackney/2026/0107 — 82 - 84 Kingsland High Street, Hackney, London, E8 2NS
INFO LEAD new: [Permitted] Hackney/2026/0114 — 149 Hassett Road, Hackney, London, E9 5SH
INFO LEAD new: [Permitted] Hackney/2026/0110 — 124 Wilberforce Road, Hackney, London, N4 2SU
INFO LEAD new: [Permitted] Hackney/2026/0111 — Ground Floor, 8 - 15 Dereham Place, Hackney, London, EC2A 3H
INFO LEAD new: [Permitted] Hackney/2026/0098 — 81 Egerton Road, Hackney, London, N16 6UE
INFO LEAD new: [Permitted] Hackney/2026/0100 — Flat 1, 75 Blurton Road, Hackney, London, E5 0NH
INFO LEAD new: [Permitted] Hackney/2026/0096 — SITE OF 256 Green Lanes, Hackney, London, N4 2HE
INFO LEAD new: [Permitted] Hackney/2026/0097 — WIMBOURNE COURT Wimbourne Street, Hackney, London, N1 7HB
INFO LEAD new: [Permitted] Hackney/2026/0102 — First Floor And Second Floor Flat, 95 Upper Clapton Road, Ha
INFO LEAD new: [Permitted] Hackney/2026/0090 — RAILWAY ARCH 379 TO 380 Mentmore Terrace, Hackney, London, E
INFO LEAD new: [Permitted] Hackney/2026/0094 — 69 Lauriston Road, Hackney, London, E9 7HA
INFO LEAD new: [Permitted] Hackney/2026/0093 — CLISSOLD PARK Greenway Close, Hackney, London, N4 2EY
INFO LEAD new: [Permitted] Hackney/2026/0088 — 97 Bouverie Road, Hackney, London, N16 0AD
INFO LEAD new: [Permitted] Hackney/2026/0092 — 52 Northchurch Road, Hackney, London, N1 4EJ
INFO LEAD new: [Permitted] Hackney/2026/0078 — 8 Elrington Road, Hackney, London, E8 3BJ
INFO LEAD new: [Permitted] Hackney/2026/0081 — 87 Lansdowne Drive, Hackney, London, E8 3EP
INFO LEAD new: [Permitted] Hackney/2026/0079 — 7 Mildenhall Road, Hackney, London, E5 0RT
INFO LEAD new: [Permitted] Hackney/2026/0071 — 26 Wattisfield Road, Hackney, London, E5 9QH
INFO LEAD new: [Permitted] Hackney/2026/0075 — Flat D, 132 Amhurst Road, Hackney, London, E8 2AG
INFO LEAD new: [Permitted] Hackney/2026/0066 — 21 Bethune Road, Hackney, London, N16 5DA
INFO LEAD new: [Permitted] Hackney/2026/0076 — 6 Foulden Terrace, Hackney, London, N16 7UT
INFO LEAD new: [Permitted] Hackney/2026/0064 — Unit 2, CHOCOLATE STUDIOS, 7 Shepherdess Place, Hackney, Lon
INFO LEAD new: [Permitted] Hackney/2026/0059 — 160 Southgate Road, Hackney, London, N1 3HX
INFO LEAD new: [Permitted] Hackney/2026/0062 — 34 Adolphus Road, Hackney
INFO LEAD new: [Permitted] Hackney/2026/0058 — QUEENS HOTEL, 324 Seven Sisters Road, Hackney, London, N4 2A
INFO LEAD new: [Permitted] Hackney/2026/0045 — First Floor Flat, 68 Lansdowne Drive, Hackney, London, E8 3E
INFO LEAD new: [Permitted] Hackney/2026/0052 — Flat 24, EVELYN COURT Evelyn Walk, Hackney, London, N1 7PN
INFO LEAD new: [Permitted] Hackney/2026/0051 — Lee House, 6-6a Rectory Road, Hackney, London, N16 7QS
INFO LEAD new: [Permitted] Hackney/2026/0047 — 13B Mehetabel Road, Hackney, London, E9 6DU
INFO LEAD new: [Permitted] Hackney/2026/0048 — Lee House, 6-6a Rectory Road, Hackney, London, N16 7QS
INFO [hackney/Permitted] page at offset 400: 100 records
INFO LEAD new: [Permitted] Hackney/2026/0041 — Charrli, 4 - 8 Arcola Street, Hackney, London, E8 2DJ
INFO LEAD new: [Permitted] Hackney/2026/0038 — Clapton Service Station, 137 - 141 Lower Clapton Road, Hackn
INFO LEAD new: [Permitted] Hackney/2026/0043 — Upper Floor Flat, 77 Stoke Newington Church Street, Hackney,
INFO LEAD new: [Permitted] Hackney/2026/0032 — 28 Adolphus Road, Hackney, London, N4 2AY
INFO LEAD new: [Permitted] Hackney/2026/0031 — 47 Rushmore Road, Hackney, London, E5 0EX
INFO LEAD new: [Permitted] Hackney/2026/0028 — 115-119 Wallis Road, London , E9 5LN
INFO LEAD new: [Permitted] Hackney/2026/0023 — 8A London Lane, Hackney, London, E8 3PR
INFO LEAD new: [Permitted] Hackney/2026/0027 — 115-119 Wallis Road, London , E9 5LN
INFO LEAD new: [Permitted] Hackney/2026/0026 — 24A Belsham Street, Hackney, London, E9 6NG
INFO LEAD new: [Permitted] Hackney/2026/0008 — 129 Pritchards Road, Hackney, London, E2 9AP
INFO LEAD new: [Permitted] Hackney/2026/0005 — 24 De Beauvoir Square, Hackney, London, N1 4LE
INFO LEAD new: [Permitted] Hackney/2026/0011 — 115-119 Wallis Road, London , E9 5LN
INFO LEAD new: [Permitted] Hackney/2026/0007 — 44 Northfield Road, Hackney
INFO LEAD new: [Permitted] Hackney/2026/0018 — Ground Floor Flat, 77 Stoke Newington Church Street, Hackney
INFO LEAD new: [Permitted] Hackney/2026/0009 — Hoxton Hall Ltd, HOXTON HALL THEATRE, 130 Hoxton Street, Hac
INFO LEAD new: [Permitted] Hackney/2026/0002 — 24 De Beauvoir Square, Hackney, London, N1 4LE
INFO LEAD new: [Permitted] Hackney/2025/2862 — 55 Ashtead Road, Hackney, London, E5 9BJ
INFO LEAD new: [Permitted] Hackney/2025/2864 — 16 Northwold Road, Hackney, London, N16 7HR
INFO LEAD new: [Permitted] Hackney/2025/2866 — 64 Portland Avenue, Hackney, London, N16 6EA
INFO LEAD new: [Permitted] Hackney/2025/2868 — HOMERTON HOSPITAL Homerton Grove, Hackney, London, E9 6SR
INFO LEAD new: [Permitted] Hackney/2025/2860 — 151 Rushmore Road, Hackney, London, E5 0HA
INFO LEAD new: [Permitted] Hackney/2025/2836 — Mini Cab 4 You, 188 Hoxton Street, Hackney, London, N1 5LH
INFO LEAD new: [Permitted] Hackney/2025/2852 — THE WEST RESERVOIR CENTRE Green Lanes, Hackney, London, N4 2
INFO LEAD new: [Permitted] Hackney/2025/2853 — Flat 2, 548 Kingsland Road, Hackney, London, E8 4AH
INFO LEAD new: [Permitted] Hackney/2025/2850 — 116 Culford Road, Hackney, London, N1 4HU
INFO LEAD new: [Permitted] Hackney/2025/2848 — 25 Seal Street, Hackney, London, E8 2EE
INFO LEAD new: [Permitted] Hackney/2025/2851 — 115-119 Wallis Road, London , E9 5LN
INFO LEAD new: [Permitted] Hackney/2025/2845 — Museum Of The Home Kingsland Road, London, E2 8EA
INFO LEAD new: [Permitted] Hackney/2025/2824 — 156 Kyverdale Road, Hackney, London, N16 6PU
INFO LEAD new: [Permitted] Hackney/2025/2846 — 31 Spring Hill, Hackney, London, E5 9BE
INFO LEAD new: [Permitted] Hackney/2025/2838 — Flat 2, 26 Gloucester Square, Hackney, London, E2 8RS
INFO LEAD new: [Permitted] Hackney/2025/2843 — FOULDEN WORKS Foulden Road, Hackney, London, N16 7UR
INFO LEAD new: [Permitted] Hackney/2025/2821 — 61 Springdale Road, Hackney, London, N16 9NT
INFO LEAD new: [Permitted] Hackney/2025/2842 — Pih London Ltd, 333 Seven Sisters Road, Hackney, London, N4 
INFO LEAD new: [Permitted] Hackney/2025/2835 — 14 To 40 Newnton Close And, 456 To 484 Seven Sisters Road, H
INFO LEAD new: [Permitted] Hackney/2025/2829 — 92 Kyverdale Road, Hackney, London, N16 6PL
INFO LEAD new: [Permitted] Hackney/2025/2826 — 59-61 Kingsland High Street, London, E8 2JS
INFO LEAD new: [Permitted] Hackney/2025/2818 — Broadway Boutique, 36 Broadway Market, Hackney, London, E8 4
INFO LEAD new: [Permitted] Hackney/2025/2820 — Fed By Water, THE RAILWAY TAVERN, 59 Kingsland High Street, 
INFO LEAD new: [Permitted] Hackney/2025/2808 — 115-119 Wallis Road, London , E9 5LN
INFO LEAD new: [Permitted] Hackney/2025/2813 — 102 Blackstock Road , London, N4 2DR
INFO LEAD new: [Permitted] Hackney/2025/2810 — 42 Bergholt Crescent, Hackney, London, N16 5JE
INFO LEAD new: [Permitted] Hackney/2025/2816 — 17-33 Westland Place, Hackney, London, Hackney, N1 7LP
INFO LEAD new: [Permitted] Hackney/2025/2804 — Reliance Wharf Hertford Road, London, N1 5ET
INFO LEAD new: [Permitted] Hackney/2025/2815 — 81 Stoke Newington Church Street, Hackney, London, N16 0AS
INFO LEAD new: [Permitted] Hackney/2025/2811 — 76 Lavender Grove, Hackney, London, E8 3LS
INFO LEAD new: [Permitted] Hackney/2025/2787 — 18 Sunnyhill Close, Hackney, London, E5 0ST
INFO LEAD new: [Permitted] Hackney/2025/2797 — Flat A, 19 Queensdown Road, Hackney, London, E5 8NN
INFO LEAD new: [Permitted] Hackney/2025/2790 — 143 Stoke Newington Road, Hackney, London, N16 8BP
INFO LEAD new: [Permitted] Hackney/2025/2766 — LOWER CLAPTON HEALTH CENTRE, 36 Lower Clapton Road, Hackney,
INFO LEAD new: [Permitted] Hackney/2025/2764 — 41 Stamford Road, Hackney, London, N1 4JP
INFO LEAD new: [Permitted] Hackney/2025/2768 — Dalston Garage, 91 Barretts Grove, Hackney, London, N16 8AP
INFO LEAD new: [Permitted] Hackney/2025/2758 — 30 Stamford Road, Hackney, London, N1 4JL
INFO LEAD new: [Permitted] Hackney/2025/2770 — 234 Dalston Lane, Hackney, London, E8 1LA
INFO LEAD new: [Permitted] Hackney/2025/2757 — 195 Homerton High Street, Hackney, London, E9 6BB
INFO LEAD new: [Permitted] Hackney/2025/2763 — 82 Nevill Road, Hackney, London, N16 0SX
INFO LEAD new: [Permitted] Hackney/2025/2765 — Flat B, 82 Colvestone Crescent, Hackney, London, E8 2LJ
INFO LEAD new: [Permitted] Hackney/2025/2767 — 84 Buckingham Road, Hackney, London, N1 4JE
INFO LEAD new: [Permitted] Hackney/2025/2748 — Flat C, 19 De Beauvoir Square, Hackney, London, N1 4LD
INFO LEAD new: [Permitted] Hackney/2025/2756 — 138 Shoreditch High Street, London, E1 6JE
INFO LEAD new: [Permitted] Hackney/2025/2747 — 111 Mayola Road, Hackney, London, E5 0RG
INFO LEAD new: [Permitted] Hackney/2025/2753 — 69 Glyn Road, Hackney, London, E5 0JB
INFO LEAD new: [Permitted] Hackney/2025/2755 — 161 Powerscroft Road, Hackney, London, E5 0PR
INFO LEAD new: [Permitted] Hackney/2025/2730 — Spice Flavour Ltd, 236 Morning Lane, Hackney, London, E9 6RQ
INFO LEAD new: [Permitted] Hackney/2025/2742 — 83 Farleigh Road, Hackney, London, N16 7TD
INFO LEAD new: [Permitted] Hackney/2025/2729 — First Floor And Second Floor Flat, 27 Ridley Road, Hackney, 
INFO LEAD new: [Permitted] Hackney/2025/2736 — 54 Finsbury Park Road, Hackney, London, N4 2JX
INFO LEAD new: [Permitted] Hackney/2025/2719 — 58 Mandeville Street, Hackney, London, E5 0BP
INFO LEAD new: [Permitted] Hackney/2025/2731 — 118 Nevill Road, Hackney, London, N16 0SX
INFO LEAD new: [Permitted] Hackney/2025/2725 — 1-46 Keyworth Close, Hackney, London, E5 0SS
INFO LEAD new: [Permitted] Hackney/2025/2735 — 56 Dunsmure Road, Hackney, London, N16 5PP
INFO LEAD new: [Permitted] Hackney/2025/2726 — First Floor Flat, 152 Daubeney Road, Hackney, London, E5 0EQ
INFO LEAD new: [Permitted] Hackney/2025/2724 — 14 To 40 Newnton Close And 456 To 484 Seven Sisters Road, Lo
INFO LEAD new: [Permitted] Hackney/2025/2706 — 155 Osbaldeston Road, Hackney, London, N16 6ND
INFO LEAD new: [Permitted] Hackney/2025/2715 — 11 Painsthorpe Road, Hackney, London, N16 0RB
INFO LEAD new: [Permitted] Hackney/2025/2714 — 14 Newnton Close, Hackney, London, N4 2RQ
INFO LEAD new: [Permitted] Hackney/2025/2711 — 8 Lawley Street, Hackney, London, E5 0RJ
INFO LEAD new: [Permitted] Hackney/2025/2709 — 123-124 Shoreditch High Street & 388 Old Street, London, E1 
INFO LEAD new: [Permitted] Hackney/2025/2710 — KINGS HALL LEISURE CENTRE, 39 Lower Clapton Road, Hackney, L
INFO LEAD new: [Permitted] Hackney/2025/2704 — 30 Stean Street, Hackney, London, E8 4ED
INFO LEAD new: [Permitted] Hackney/2025/2707 — 56 Aden Grove, Hackney, London, N16 9NJ
INFO LEAD new: [Permitted] Hackney/2025/2689 — Part Basement North East And Ground Floor, INTERNATIONAL HOU
INFO LEAD new: [Permitted] Hackney/2025/2696 — 35 Waterson Street, Hackney, London, E2 8HT
INFO [hackney/Permitted] page at offset 500: 100 records
INFO LEAD new: [Permitted] Hackney/2025/2702 — Land To The Rear Of 64 Middleton Road, London, E8 4BS
INFO LEAD new: [Permitted] Hackney/2025/2691 — Flat A, 8 Forburg Road, Hackney, London, N16 6HS
INFO LEAD new: [Permitted] Hackney/2025/2680 — 83 Elderfield Road, Hackney, London, E5 0LE
INFO LEAD new: [Permitted] Hackney/2025/2682 — 117 - 121 Curtain Road, Hackney, London, EC2A 3AD
INFO LEAD new: [Permitted] Hackney/2025/2687 — 81 Elderfield Road, Hackney, London, E5 0LE
INFO LEAD new: [Permitted] Hackney/2025/2675 — 85 Holmleigh Road, Hackney, London, N16 5QG
INFO LEAD new: [Permitted] Hackney/2025/2665 — THE LODGE, 138 Whiston Road, Hackney, London, E2 8RR
INFO LEAD new: [Permitted] Hackney/2025/2677 — 25 Fountayne Road, Hackney, London, N16 7EA
INFO LEAD new: [Permitted] Hackney/2025/2669 — HACKNEY TOWN HALL Mare Street, Hackney, E8 1EA
INFO LEAD new: [Permitted] Hackney/2025/2674 — Flat 5, 411 Mare Street, Hackney, London, E8 1HY
INFO LEAD new: [Permitted] Hackney/2025/2667 — 1 Stoke Newington Road, Hackney, London, N16 8BH
INFO LEAD new: [Permitted] Hackney/2025/2663 — Flat A, 24 Montague Road, Hackney, London, E8 2HW
INFO LEAD new: [Permitted] Hackney/2025/2659 — 20 - 26 Brunswick Place, Hackney, London, N1 6DZ
INFO LEAD new: [Permitted] Hackney/2025/2645 — 52 Middleton Road, Hackney, London, E8 4BS
INFO LEAD new: [Permitted] Hackney/2025/2662 — The Macbeth, THE MACBETH, 70 Hoxton Street, Hackney, London,
INFO LEAD new: [Permitted] Hackney/2025/2650 — Flat A, 26 Clissold Crescent, Hackney, London, N16 9BE
INFO LEAD new: [Permitted] Hackney/2025/2639 — CLAYS COURT, 75 - 81 Stamford Hill, Hackney, London, N16 5TZ
INFO LEAD new: [Permitted] Hackney/2025/2654 — Rear Of Clays Court, 75-81 Stamford Hill, London, N16 5TZ
INFO LEAD new: [Permitted] Hackney/2025/2646 — 61 Warneford Street, Hackney, London, E9 7NG
INFO LEAD new: [Permitted] Hackney/2025/2638 — 34 Fremont Street, Hackney, London, E9 7NQ
INFO LEAD new: [Permitted] Hackney/2025/2637 — Ideal Motors, 453 Andre Street, Hackney, London, E8 2AA
INFO LEAD new: [Permitted] Hackney/2025/2642 — 19 Fairholt Road, Hackney, London, N16 5EW
INFO LEAD new: [Permitted] Hackney/2025/2635 — 18 Geldeston Road, Hackney, London, E5 8RQ
INFO LEAD new: [Permitted] Hackney/2025/2631 — Basement Flat, 88 Cecilia Road, Hackney, London, E8 2ET
INFO LEAD new: [Permitted] Hackney/2025/2618 — 26 Cranwich Road, Hackney, London, N16 5JX
INFO LEAD new: [Permitted] Hackney/2025/2620 — Santander, 86 - 88 Kingsland High Street, Hackney, London, E
INFO LEAD new: [Permitted] Hackney/2025/2632 — Santander, 86 - 88 Kingsland High Street, Hackney, London, E
INFO LEAD new: [Permitted] Hackney/2025/2621 — 234 - 238 Mare Street, Hackney, London, E8 1HE
INFO LEAD new: [Permitted] Hackney/2025/2619 — Worship Square, 65 Clifton Street, Hackney, London, EC2A 4JE
INFO LEAD new: [Permitted] Hackney/2025/2624 — 26 Cranwich Road, Hackney, London, N16 5JX
INFO LEAD new: [Permitted] Hackney/2025/2615 — Flat 3, RAINES COURT, 19 Northwold Road, Hackney, London, N1
INFO LEAD new: [Permitted] Hackney/2025/2611 — 135 Richmond Road, Hackney, London, E8 3NJ
INFO LEAD new: [Permitted] Hackney/2025/2604 — Cs Metal Works Ltd, RAILWAY ARCH 405 Mentmore Terrace, Hackn
INFO LEAD new: [Permitted] Hackney/2025/2612 — 135 Richmond Road, Hackney, London, E8 3NJ
INFO LEAD new: [Permitted] Hackney/2025/2605 — Flat 1, 18 Brooke Road, Hackney, London, N16 7LS
INFO LEAD new: [Permitted] Hackney/2025/2614 — 21 Warwick Grove, Hackney, London, E5 9HX
INFO LEAD new: [Permitted] Hackney/2025/2598 — 22 Mount Pleasant Lane, Hackney, London, E5 9DN
INFO LEAD new: [Permitted] Hackney/2025/2597 — 10-24 Lamb Lane, London , E8 3PL
INFO LEAD new: [Permitted] Hackney/2025/2588 — 44 Gunton Road, Hackney, London, E5 9JS
INFO LEAD new: [Permitted] Hackney/2025/2590 — 2-4 Paul Street, London, EC2A 4JH
INFO LEAD new: [Permitted] Hackney/2025/2593 — Flat 9, RISEHOLME COURT, 28A Cadogan Terrace, Hackney, Londo
INFO LEAD new: [Permitted] Hackney/2025/2589 — Flat 5, NEW INN SQUARE, 8 - 13 New Inn Street, Hackney, Lond
INFO LEAD new: [Permitted] Hackney/2025/2599 — Production House Unit 18 Second Floor, PERSEVERANCE WORKS, 3
INFO LEAD new: [Permitted] Hackney/2025/2578 — 22 Trehurst Street, Hackney, London, E5 0EB
INFO LEAD new: [Permitted] Hackney/2025/2581 — T J Electrics, 174 Stoke Newington Church Street, Hackney, L
INFO LEAD new: [Permitted] Hackney/2025/2583 — 121 Dalston Lane, Hackney, London, E8 1AL
INFO LEAD new: [Permitted] Hackney/2025/2582 — Car Spaces 5 And 6, 14 - 18 Shore Road, Hackney, London, E9 
INFO LEAD new: [Permitted] Hackney/2025/2577 — 59 Gunton Road, Hackney, London, E5 9JT
INFO LEAD new: [Permitted] Hackney/2025/2580 — 66 Mapledene Road, Hackney, London, E8 3JW
INFO LEAD new: [Permitted] Hackney/2025/2602 — STREET RECORD Lea Bridge Road, Hackney
INFO LEAD new: [Permitted] Hackney/2025/2572 — 14 Castleview Close, Hackney, London, N4 2DJ
INFO LEAD new: [Permitted] Hackney/2025/2571 — 69 Digby Crescent, Hackney, London, N4 2HS
INFO LEAD new: [Permitted] Hackney/2025/2569 — Flat B, 28 Sewdley Street, Hackney, London, E5 0AX
INFO LEAD new: [Permitted] Hackney/2025/2558 — 158 Stoke Newington Road, London, N16 7UY
INFO LEAD new: [Permitted] Hackney/2025/2561 — 9 Jackson Close, Hackney, London, E9 7ER
INFO LEAD new: [Permitted] Hackney/2025/2570 — Ground And First Floors, 20 Amhurst Road, Hackney, London, E
INFO LEAD new: [Permitted] Hackney/2025/2564 — 142 Southgate Road, Hackney, London, N1 3HX
INFO LEAD new: [Permitted] Hackney/2025/2550 — Flat 2, 548 Kingsland Road, Hackney, London, E8 4AH
INFO LEAD new: [Permitted] Hackney/2025/2551 — 34 Lordship Park, Hackney, London, N16 5UD
INFO LEAD new: [Permitted] Hackney/2025/2554 — Flat A, 196 Upper Clapton Road, Hackney, London, E5 9DH
INFO LEAD new: [Permitted] Hackney/2025/2553 — Site Known As Phase 4, Land Bounded By Seven Sisters Road, R
INFO LEAD new: [Permitted] Hackney/2025/2549 — Flat B, 196 Upper Clapton Road, Hackney, London, E5 9DH
INFO LEAD new: [Permitted] Hackney/2025/2543 — 15 Appleby Road, Hackney, London, E8 3ET
INFO LEAD new: [Permitted] Hackney/2025/2540 — 17 Powell Road, Hackney, London, E5 8DJ
INFO LEAD new: [Permitted] Hackney/2025/2541 — 118 Rushmore Road, Hackney, London, E5 0EX
INFO LEAD new: [Permitted] Hackney/2025/2547 — 15 Appleby Road, Hackney, London, E8 3ET
INFO LEAD new: [Permitted] Hackney/2025/2529 — 57 Malvern Road, Hackney, London, E8 3LJ
INFO LEAD new: [Permitted] Hackney/2025/2530 — 124 Wilberforce Road, Hackney, London, N4 2SU
INFO LEAD new: [Permitted] Hackney/2025/2528 — Flat C, 19 De Beauvoir Square, Hackney, London, N1 4LD
INFO LEAD new: [Permitted] Hackney/2025/2531 — 45 - 55 Great Eastern Street, Hackney, London, EC2A 3ER
INFO LEAD new: [Permitted] Hackney/2025/2512 — 20 Horton Road, Hackney, London, E8 1DP
INFO [hackney/Permitted] page at offset 600: 100 records
INFO LEAD new: [Permitted] Hackney/2025/2511 — 44 Prince George Road, Hackney, London, N16 8BY
INFO LEAD new: [Permitted] Hackney/2025/2516 — 60 Fairholt Road, Hackney, London, N16 5HN
INFO LEAD new: [Permitted] Hackney/2025/2523 — 56 Blurton Road, Hackney, London, E5 0NJ
INFO LEAD new: [Permitted] Hackney/2025/2509 — 60 Fairholt Road, Hackney, London, N16 5HN
INFO LEAD new: [Permitted] Hackney/2025/2515 — 56 Blurton Road, Hackney, London, E5 0NJ
INFO LEAD new: [Permitted] Hackney/2025/2507 — Osmaniye Spor Vakfi, 238 Morning Lane, Hackney, London, E9 6
INFO LEAD new: [Permitted] Hackney/2025/2508 — 68 Buttesland Street, Hackney, London, N1 6BY
INFO LEAD new: [Permitted] Hackney/2025/2519 — 140 Winston Road, Hackney, London, N16 9LJ
INFO LEAD new: [Permitted] Hackney/2025/2502 — 31 Enfield Road, Hackney, London, N1 5ER
INFO LEAD new: [Permitted] Hackney/2025/2503 — 119 Osbaldeston Road, Hackney, London, N16 6ND
INFO LEAD new: [Permitted] Hackney/2025/2494 — 10 - 22 Lamb Lane, Hackney, London, E8 3PL
INFO LEAD new: [Permitted] Hackney/2025/2499 — 44 Groombridge Road, Hackney, London, E9 7DP
INFO LEAD new: [Permitted] Hackney/2025/2486 — 54 - 56 Scrutton Street, Hackney, London, EC2A 4PH
INFO LEAD new: [Permitted] Hackney/2025/2468 — 94 Middleton Road, Hackney, London, E8 4LN
INFO LEAD new: [Permitted] Hackney/2025/2470 — 118 Richmond Road, Hackney, London, E8 3HW
INFO LEAD new: [Permitted] Hackney/2025/2481 — 151-161 Mildenhall Road, London, E5 0RY
INFO LEAD new: [Permitted] Hackney/2025/2484 — 89 Hassett Road, Hackney, London, E9 5SL
INFO LEAD new: [Permitted] Hackney/2025/2476 — 20 Green Lanes, Hackney, London, N16 9ND
INFO LEAD new: [Permitted] Hackney/2025/2477 — 53 Powerscroft Road, Hackney, London, E5 0PU
INFO LEAD new: [Permitted] Hackney/2025/2483 — 20 Green Lanes, Hackney, London, N16 9ND
INFO LEAD new: [Permitted] Hackney/2025/2479 — Flat At, 36 Lauriston Road, Hackney, London, E9 7EU
INFO LEAD new: [Permitted] Hackney/2025/2458 — New China House, 20 Stamford Hill, Hackney, London, N16 6XZ
INFO LEAD new: [Permitted] Hackney/2025/2469 — 39 Montague Road, Hackney, London, E8 2HN
INFO LEAD new: [Permitted] Hackney/2025/2471 — Sweet One, 168 Stoke Newington Road, Hackney, London, N16 7U
INFO LEAD new: [Permitted] Hackney/2025/2467 — 10 - 22 Lamb Lane, Hackney, London, E8 3PL
INFO LEAD new: [Permitted] Hackney/2025/2474 — 69 Glyn Road, Hackney, London, E5 0JB
INFO LEAD new: [Permitted] Hackney/2025/2464 — Ground To Third Floors, 43 Charlotte Road, Hackney, London, 
INFO LEAD new: [Permitted] Hackney/2025/2457 — 36 Hawksley Road, Hackney, London, N16 0TJ
INFO LEAD new: [Permitted] Hackney/2025/2455 — GRAPHITE APARTMENTS, 25 Murray Grove, Hackney, London, N1 7F
INFO LEAD new: [Permitted] Hackney/2025/2453 — 125 Dalston Lane, Hackney, London, E8 1AL
INFO LEAD new: [Permitted] Hackney/2025/2452 — 115-119 Wallis Road, London , E9 5LN
INFO LEAD new: [Permitted] Hackney/2025/2451 — Community Hall, GEORGE DOWNING ESTATE Cazenove Road, Hackney
INFO LEAD new: [Permitted] Hackney/2025/2448 — 134E Kingsland Road, Hackney, London, E2 8DY
INFO LEAD new: [Permitted] Hackney/2025/2459 — 151 - 155 New North Road, Hackney, London, N1 6TA
INFO LEAD new: [Permitted] Hackney/2025/2443 — 125 Bouverie Road, Hackney, London, N16 0AA
INFO LEAD new: [Permitted] Hackney/2025/2445 — UNIT 2 RAVENSDALE INDUSTRIAL ESTATE Timberwharf Road, Hackne
INFO LEAD new: [Permitted] Hackney/2025/2440 — 130A Hoxton Street, Hackney, London, N1 6SH
INFO LEAD new: [Permitted] Hackney/2025/2442 — Ground To Third Floors, 43 Charlotte Road, Hackney, London, 
INFO LEAD new: [Permitted] Hackney/2025/2441 — 51 Southborough Road, Hackney, London, E9 7EE
INFO LEAD new: [Permitted] Hackney/2025/2434 — 96 - 98 Leonard Street, Hackney, London, EC2A 4RH
INFO LEAD new: [Permitted] Hackney/2025/2421 — New China House, 20 Stamford Hill, Hackney, London, N16 6XZ
INFO LEAD new: [Permitted] Hackney/2025/2437 — MEDCAR HOUSE, 149A Stamford Hill, Hackney, London, N16 5LL
INFO LEAD new: [Permitted] Hackney/2025/2432 — Stoke Newington Town Hall, London Borough Of Hackney Stoke N
INFO LEAD new: [Permitted] Hackney/2025/2430 — VALE COURT, 35 St Andrews Grove, Hackney, London, N16 5NG
INFO LEAD new: [Permitted] Hackney/2025/2438 — 145 Balls Pond Road, Hackney, London, N1 4BG
INFO LEAD new: [Permitted] Hackney/2025/2416 — 30 Moundfield Road, Hackney, London, N16 6DT
INFO LEAD new: [Permitted] Hackney/2025/2417 — 51 Chatsworth Road, London, E5 0LH
INFO LEAD new: [Permitted] Hackney/2025/2415 — 53 Manor Road, Hackney, London, N16 5BH
INFO LEAD new: [Permitted] Hackney/2025/2422 — 94 Stoke Newington Church Street, Hackney, London, N16 0AP
INFO LEAD new: [Permitted] Hackney/2025/2425 — 35 Kynaston Road, Hackney, London, N16 0EA
INFO LEAD new: [Permitted] Hackney/2025/2426 — 88 Culford Road, Hackney, London, N1 4HN
INFO LEAD new: [Permitted] Hackney/2025/2411 — 118 Nevill Road, Hackney, London, N16 0SX
INFO LEAD new: [Permitted] Hackney/2025/2405 — 31 Casimir Road, Hackney, London, E5 9NU
INFO LEAD new: [Permitted] Hackney/2025/2394 — 13B Mehetabel Road, Hackney, London, E9 6DU
INFO LEAD new: [Permitted] Hackney/2025/2398 — Scope, 4 Morning Lane, Hackney, London, E9 6NA
INFO LEAD new: [Permitted] Hackney/2025/2407 — 6 Gaviller Place, Hackney, London, E5 8TN
INFO LEAD new: [Permitted] Hackney/2025/2409 — Bus Shelter, Pavement Outside 6-18 Amhurst Road , London, E8
INFO LEAD new: [Permitted] Hackney/2025/2410 — Bus Shelter, Pavement Outside 256 Stamford Hill, London, N16
INFO LEAD new: [Permitted] Hackney/2025/2389 — ROSEWOOD BUILDING Gorsuch Place, Hackney
INFO LEAD new: [Permitted] Hackney/2025/2404 — 23 Keyworth Close, Hackney, London, E5 0SS
INFO LEAD new: [Permitted] Hackney/2025/2406 — Rosewood Building Hackney Road, Hackney, London, E2 8GY
INFO LEAD new: [Permitted] Hackney/2025/2392 — SAPLING HOUSE, 103 Worship Street, Hackney, London, EC2A 2DF
INFO LEAD new: [Permitted] Hackney/2025/2388 — Santander, 86 - 88 Kingsland High Street, Hackney, London, E
INFO LEAD new: [Permitted] Hackney/2025/2393 — Flat C, 106 Stoke Newington Church Street, Hackney, London, 
INFO LEAD new: [Permitted] Hackney/2025/2383 — WIMBOURNE COURT Wimbourne Street, Hackney, London, N1 7HB
INFO LEAD new: [Permitted] Hackney/2025/2390 — Unit 11, BENYON WHARF, 295 Kingsland Road, Hackney, London, 
INFO LEAD new: [Permitted] Hackney/2025/2385 — 63 Craven Walk, Hackney, London, N16 6BX
INFO LEAD new: [Permitted] Hackney/2025/2377 — O2, Telecommunication 36058, BROOKE HOUSE SIXTH FORM COLLEGE
INFO LEAD new: [Permitted] Hackney/2025/2382 — 23 Warneford Street, Hackney, London, E9 7NG
INFO LEAD new: [Permitted] Hackney/2025/2379 — 54 Pellerin Road, Hackney, London, N16 8AT
INFO LEAD new: [Permitted] Hackney/2025/2372 — 118 Nevill Road, Hackney, London, N16 0SX
INFO LEAD new: [Permitted] Hackney/2025/2376 — 96 Castlewood Road, Hackney, London, N16 6DH
INFO LEAD new: [Permitted] Hackney/2025/2369 — Marian Court, London, E9 6DT
INFO LEAD new: [Permitted] Hackney/2025/2380 — Marian Court Link Street, Hackney, London, E9 6DT
INFO LEAD new: [Permitted] Hackney/2025/2356 — 53 Manor Road, Hackney, London, N16 5BH
INFO LEAD new: [Permitted] Hackney/2025/2360 — 78 Mayola Road, Hackney, London, E5 0RQ
INFO LEAD new: [Permitted] Hackney/2025/2362 — WILLIAM GEE HOUSE, 520 - 522 Kingsland Road, Hackney, London
INFO LEAD new: [Permitted] Hackney/2025/2366 — 21 Warwick Grove, Hackney, London, E5 9HX
INFO LEAD new: [Permitted] Hackney/2025/2365 — 44 Belgrade Road, Hackney, London, N16 8DJ
INFO [hackney/Permitted] page at offset 700: 100 records
INFO LEAD new: [Permitted] Hackney/2025/2358 — 82 Blurton Road, Hackney, London, E5 0NH
INFO LEAD new: [Permitted] Hackney/2025/2357 — 53 Manor Road, Hackney, London, N16 5BH
INFO LEAD new: [Permitted] Hackney/2025/2349 — 140 Mildenhall Road, Hackney, London, E5 0RZ
INFO LEAD new: [Permitted] Hackney/2025/2355 — THE WEST RESERVOIR CENTRE Green Lanes, Hackney, London, N4 2
INFO LEAD new: [Permitted] Hackney/2025/2352 — 7A Cassland Road, Hackney, London, E9 7AL
INFO LEAD new: [Permitted] Hackney/2025/2351 — THE WEST RESERVOIR CENTRE Green Lanes, Hackney, London, N4 2
INFO LEAD new: [Permitted] Hackney/2025/2348 — London Borough Of Hackney, CAR PARK Florfield Road, Hackney,
INFO LEAD new: [Permitted] Hackney/2025/2336 — Toldos Yaakov Yosef Institutions Trust, Ground Floor Front L
INFO LEAD new: [Permitted] Hackney/2025/2344 — Stoke Newington Town Hall, London Borough Of Hackney Stoke N
INFO LEAD new: [Permitted] Hackney/2025/2341 — East Wick Phase 3, Development Parcel 5.7 And 5.8, Planning 
INFO LEAD new: [Permitted] Hackney/2025/2337 — HOMERTON HOSPITAL Homerton Grove, Hackney, London, E9 6SR
INFO LEAD new: [Permitted] Hackney/2025/2342 — FANSHAW HOUSE Fanshaw Street, Hackney, London, N1 6HX
INFO LEAD new: [Permitted] Hackney/2025/2343 — 195 Evering Road, Hackney, London, E5 8AN
INFO LEAD new: [Permitted] Hackney/2025/2327 — 423 Kingsland Road, Hackney, London, E8 4AU
INFO LEAD new: [Permitted] Hackney/2025/2331 — DEBORAH HOUSE Retreat Place, Hackney, London, E9 6RJ
INFO LEAD new: [Permitted] Hackney/2025/2330 — Technico House, 4 Christopher Street, 56 And 58 Wilson Stree
INFO LEAD new: [Permitted] Hackney/2025/2328 — HERE EAST Lesney Avenue, Hackney, London, E20 3BS
INFO LEAD new: [Permitted] Hackney/2025/2324 — 56 Wilson Street, Hackney, London, EC2A 2ER
INFO LEAD new: [Permitted] Hackney/2025/2323 — 129 Bouverie Road, Hackney, London, N16 0AA
INFO LEAD new: [Permitted] Hackney/2025/2332 — 1 Grayling Road, Hackney, London, N16 0BL
INFO LEAD new: [Permitted] Hackney/2025/2334 — 7 Abney Mews, Hackney, London, N16 0AJ
INFO LEAD new: [Permitted] Hackney/2025/2320 — 121A Church Walk, Hackney, London, N16 8QW
INFO LEAD new: [Permitted] Hackney/2025/2322 — 129 Bouverie Road, Hackney, London, N16 0AA
INFO LEAD new: [Permitted] Hackney/2025/2321 — 63 Aden Grove, Hackney, London, N16 9NP
INFO LEAD new: [Permitted] Hackney/2025/2312 — Flat 1, 58 Lower Clapton Road, Hackney, London, E5 0RN
INFO LEAD new: [Permitted] Hackney/2025/2298 — Draughts Ltd, 41 Kingsland High Street, Hackney, London, E8 
INFO LEAD new: [Permitted] Hackney/2025/2308 — 107 Forest Road, Hackney, London, E8 3BH
INFO LEAD new: [Permitted] Hackney/2025/2315 — WIMBOURNE COURT Wimbourne Street, Hackney, London, N1 7HB
INFO LEAD new: [Permitted] Hackney/2025/2314 — 56 Wilson Street, Hackney, London, EC2A 2ER
INFO LEAD new: [Permitted] Hackney/2025/2295 — Draughts Ltd, 41 Kingsland High Street, Hackney, London, E8 
INFO LEAD new: [Permitted] Hackney/2025/2303 — 47 Oldfield Road, Hackney, London, N16 0RR
INFO LEAD new: [Permitted] Hackney/2025/2301 — Rio Cinema, RIO CINEMA DALSTON, 103 - 107 Kingsland High Str
INFO LEAD new: [Permitted] Hackney/2025/2300 — Rio Cinema, RIO CINEMA DALSTON, 103 - 107 Kingsland High Str
INFO LEAD new: [Permitted] Hackney/2025/2306 — 24 - 26 Charlotte Road, Hackney, London, EC2A 3PB
INFO LEAD new: [Permitted] Hackney/2025/2286 — 29 Coopersale Road, Hackney, London, E9 6AU
INFO LEAD new: [Permitted] Hackney/2025/2285 — 32 Olinda Road, Hackney, London, N16 6TL
INFO LEAD new: [Permitted] Hackney/2025/2284 — Commercial Unit, 35 Marsh Hill, Hackney, London, E9 5QA
INFO LEAD new: [Permitted] Hackney/2025/2289 — 32 Northchurch Road, Hackney, London, N1 4EH
INFO LEAD new: [Permitted] Hackney/2025/2292 — BISON HOUSE, 160 Homerton High Street, Hackney, London, E9 6
INFO LEAD new: [Permitted] Hackney/2025/2291 — 27 Coopersale Road, Hackney, London, E9 6AU
INFO LEAD new: [Permitted] Hackney/2025/2281 — 3 Lingwood Road, Hackney, London, E5 9BN
INFO LEAD new: [Permitted] Hackney/2025/2271 — Commercial Unit, 35 Marsh Hill, Hackney, London, E9 5QA
INFO LEAD new: [Permitted] Hackney/2025/2280 — OVERDRAUGHT HOUSE, 151A Haggerston Road, Hackney, London, E8
INFO LEAD new: [Permitted] Hackney/2025/2279 — The Shoreditch Trust Ltd, 20 East Road, Hackney, London, N1 
INFO LEAD new: [Permitted] Hackney/2025/2267 — 110 Hawksley Road, Hackney, London, N16 0TD
INFO LEAD new: [Permitted] Hackney/2025/2268 — 110 Hawksley Road, Hackney, London, N16 0TD
INFO LEAD new: [Permitted] Hackney/2025/2265 — 1 Amhurst Park, Hackney, London, N16 5LW
INFO LEAD new: [Permitted] Hackney/2025/2266 — 1 Amhurst Park, Hackney, London, N16 5LW
INFO LEAD new: [Permitted] Hackney/2025/2270 — 32 Northchurch Road, Hackney, London, N1 4EH
INFO LEAD new: [Permitted] Hackney/2025/2262 — 258 Haggerston Road, Hackney, London, E8 4EP
INFO LEAD new: [Permitted] Hackney/2025/2257 — Unit 6, 14 Southgate Road, Hackney, London, N1 3LY
INFO LEAD new: [Permitted] Hackney/2025/2261 — Dalston Co-op Food, OCEAN HOUSE Dalston Square, Hackney, Lon
INFO LEAD new: [Permitted] Hackney/2025/2263 — Stoke Newington Town Hall Stoke Newington Church Street, Lon
INFO LEAD new: [Permitted] Hackney/2025/2251 — 136 New North Road, Hackney, London, Hackney, N1 6SU
INFO LEAD new: [Permitted] Hackney/2025/2249 — Flat B, 28 Sewdley Street, Hackney, London, E5 0AX
INFO LEAD new: [Permitted] Hackney/2025/2240 — 130A Hoxton Street, Hackney, London, N1 6SH
INFO LEAD new: [Permitted] Hackney/2025/2238 — Flat A, 230 Graham Road, Hackney, London, E8 1BP
INFO LEAD new: [Permitted] Hackney/2025/2246 — 50 Holly Street, Hackney, London, E8 3HS
INFO LEAD new: [Permitted] Hackney/2025/2245 — 20 Alexandra Grove, Hackney, London, N4 2LF
INFO LEAD new: [Permitted] Hackney/2025/2242 — 12 Prince George Road, Hackney, London, N16 8BY
INFO LEAD new: [Permitted] Hackney/2025/2243 — Figaro, 302 Seven Sisters Road, Hackney, London, N4 2AG
INFO LEAD new: [Permitted] Hackney/2025/2237 — 94 Stoke Newington Church Street, Hackney, London, N16 0AP
INFO LEAD new: [Permitted] Hackney/2025/2233 — 22 Queen Anne Road, Hackney, London, E9 7AH
INFO LEAD new: [Permitted] Hackney/2025/2226 — 21 Stoke Newington Common, Hackney, London, N16 7ER
INFO LEAD new: [Permitted] Hackney/2025/2210 — 99 Finsbury Park Road, Hackney, London, N4 2JU
INFO LEAD new: [Permitted] Hackney/2025/2218 — London Fire Brigade, STOKE NEWINGTON FIRE STATION, 64 Stoke 
INFO LEAD new: [Permitted] Hackney/2025/2216 — Santander, 86 - 88 Kingsland High Street, Hackney, London, E
INFO LEAD new: [Permitted] Hackney/2025/2215 — Flat A, 59 Penshurst Road, Hackney, London, E9 7DT
INFO LEAD new: [Permitted] Hackney/2025/2217 — 99 Finsbury Park Road, Hackney, London, N4 2JU
INFO LEAD new: [Permitted] Hackney/2025/2205 — Pachamama East, 73 Great Eastern Street, Hackney, London, EC
INFO LEAD new: [Permitted] Hackney/2025/2206 — THE LODGE, 138 Whiston Road, Hackney, London, E2 8RR
INFO LEAD new: [Permitted] Hackney/2025/2208 — 36 Dumont Road, Hackney, London, N16 0NS
INFO LEAD new: [Permitted] Hackney/2025/2207 — 60 Kenworthy Road, Hackney, London, E9 5RA
INFO [hackney/Permitted] page at offset 800: 100 records
INFO LEAD new: [Permitted] Hackney/2025/2177 — 67 Powerscroft Road, Hackney, London, E5 0PU
INFO LEAD new: [Permitted] Hackney/2025/2172 — 33 - 34 Newington Green, Hackney, London, N16 9PR
INFO LEAD new: [Permitted] Hackney/2025/2198 — 42 Adolphus Road, Hackney, London, N4 2AY
INFO LEAD new: [Permitted] Hackney/2025/2174 — 31 Spring Hill, Hackney, London, E5 9BE
INFO LEAD new: [Permitted] Hackney/2025/2195 — 26 Forburg Road, Hackney, London, N16 6HS
INFO LEAD new: [Permitted] Hackney/2025/2171 — 7 Blurton Road, Hackney, London, E5 0NL
INFO LEAD new: [Permitted] Hackney/2025/2190 — Ground Floor Flat, 109 Finsbury Park Road, Hackney, London, 
INFO LEAD new: [Permitted] Hackney/2025/2192 — 158 Upper Clapton Road, Hackney, London, E5 9JZ
INFO LEAD new: [Permitted] Hackney/2025/2179 — 8 Cherry Tree Close, Hackney, London, E9 7SS
INFO LEAD new: [Permitted] Hackney/2025/2183 — 62 Tottenham Road, Hackney, London, N1 4EW
INFO LEAD new: [Permitted] Hackney/2025/2178 — First Floor And Second Floor Flat, 25 Parkholme Road, Hackne
INFO LEAD new: [Permitted] Hackney/2025/2185 — HOMERTON HOSPITAL Homerton Grove, Hackney, London, E9 6SR
INFO LEAD new: [Permitted] Hackney/2025/2187 — Basement, 134 - 146 Curtain Road, Hackney, London, EC2A 3AR
INFO LEAD new: [Permitted] Hackney/2025/2189 — HOMERTON HOSPITAL Homerton Grove, Hackney, London, E9 6SR
INFO LEAD new: [Permitted] Hackney/2025/2193 — 120 Geldeston Road, Hackney, London, E5 8RS
INFO LEAD new: [Permitted] Hackney/2025/2191 — 9 Cherry Tree Close, Hackney, London, E9 7SS
INFO LEAD new: [Permitted] Hackney/2025/2182 — 79 Northwold Road, Hackney, London, E5 8RN
INFO LEAD new: [Permitted] Hackney/2025/2200 — 10 Colne Road, Hackney, London, E5 0HR
INFO LEAD new: [Permitted] Hackney/2025/2163 — E-ate, THE HACKNEY SERVICE CENTRE, 1 Hillman Street, Hackney
INFO LEAD new: [Permitted] Hackney/2025/2161 — 30 Dunlace Road, Hackney, London, E5 0NE
INFO LEAD new: [Permitted] Hackney/2025/2153 — Santander, 86 - 88 Kingsland High Street, Hackney, London, E
INFO LEAD new: [Permitted] Hackney/2025/2162 — 104 Downham Road, Hackney, London, N1 5BE
INFO LEAD new: [Permitted] Hackney/2025/2150 — DANIEL HOUSE REFERAL UNIT, 41 - 51 Clissold Road, Hackney, L
INFO LEAD new: [Permitted] Hackney/2025/2158 — Ground Floor, 134 - 146 Curtain Road, Hackney, London, EC2A 
INFO LEAD new: [Permitted] Hackney/2025/2135 — KINGS HALL LEISURE CENTRE, 39 Lower Clapton Road, Hackney, L
INFO LEAD new: [Permitted] Hackney/2025/2138 — 167 - 169 Kingsland Road, Hackney
INFO LEAD new: [Permitted] Hackney/2025/2134 — Your Beautiful, 81B Stoke Newington High Street, Hackney, Lo
INFO LEAD new: [Permitted] Hackney/2025/2140 — 28 Clissold Crescent, Hackney, London, N16 9BE
INFO LEAD new: [Permitted] Hackney/2025/2141 — 6 Meynell Gardens, Hackney, London, E9 7AT
INFO LEAD new: [Permitted] Hackney/2025/2136 — KINGS HALL LEISURE CENTRE, 39 Lower Clapton Road, Hackney, L
INFO LEAD new: [Permitted] Hackney/2025/2142 — 95 Navarino Road, Hackney, London, E8 1AG
INFO LEAD new: [Permitted] Hackney/2025/2129 — Flat A, 48 Greenwood Road, Hackney, London, E8 1AB
INFO LEAD new: [Permitted] Hackney/2025/2126 — Rosewood Building Gorsuch Place, Hackney,
INFO LEAD new: [Permitted] Hackney/2025/2132 — Unit 703, 10 Southgate Road, Hackney, London, N1 3LY
INFO LEAD new: [Permitted] Hackney/2025/2130 — Rosewood Building Gorsuch Place, London, E2 8HU
INFO LEAD new: [Permitted] Hackney/2025/2128 — Your Beautiful, 81B Stoke Newington High Street, Hackney, Lo
INFO LEAD new: [Permitted] Hackney/2025/2116 — 17 Holly Street, Hackney, London, E8 3XR
INFO LEAD new: [Permitted] Hackney/2025/2122 — 28 Clissold Crescent, Hackney, London, N16 9BE
INFO LEAD new: [Permitted] Hackney/2025/2121 — 33 Northchurch Road, Hackney, London, N1 4ED
INFO LEAD new: [Permitted] Hackney/2025/2120 — 33 Northchurch Road, Hackney, London, N1 4ED
INFO LEAD new: [Permitted] Hackney/2025/2113 — 121 Dalston Lane, Hackney, London, E8 1AL
INFO LEAD new: [Permitted] Hackney/19/00411/AOD — SILKS Berkshire Road, Hackney, London, E9 5LN
INFO LEAD new: [Permitted] Hackney/2025/2105 — 80 Nightingale Road, Hackney, London, E5 8NB
INFO LEAD new: [Permitted] Hackney/2025/2109 — 47 Penshurst Road, Hackney, London, E9 7DT
INFO LEAD new: [Permitted] Hackney/2025/2101 — WOVEN HOUSE, 42 Somerfield Road, Hackney, London, N4 2JL
INFO LEAD new: [Permitted] Hackney/2025/2106 — Santander, 86 - 88 Kingsland High Street, Hackney, London, E
INFO LEAD new: [Permitted] Hackney/2025/2093 — 36 Castlewood Road, Hackney, London, N16 6DW
INFO LEAD new: [Permitted] Hackney/2025/2099 — Forecourt Wall, 25 Hackney Grove, Hackney, London, E8 3NR
INFO LEAD new: [Permitted] Hackney/2025/2096 — 94 Oldfield Road, Hackney, London, N16 0RJ
INFO LEAD new: [Permitted] Hackney/2025/2100 — Santander, 86 - 88 Kingsland High Street, Hackney, London, E
INFO LEAD new: [Permitted] Hackney/2025/2094 — Santander, 86 - 88 Kingsland High Street, Hackney, London, E
INFO LEAD new: [Permitted] Hackney/2025/2107 — Santander, 86 - 88 Kingsland High Street, Hackney, London, E
INFO LEAD new: [Permitted] Hackney/2025/2095 — Santander, 86 - 88 Kingsland High Street, Hackney, London, E
INFO LEAD new: [Permitted] Hackney/2025/2076 — 22 Carysfort Road, Hackney, London, N16 9AL
INFO LEAD new: [Permitted] Hackney/2025/2086 — 17 Ashtead Road, Hackney, London, E5 9BJ
INFO LEAD new: [Permitted] Hackney/2025/2092 — 159 Rushmore Road, Hackney, London, E5 0HA
INFO LEAD new: [Permitted] Hackney/2025/2080 — 51 Cleveleys Road, Hackney, London, E5 9JW
INFO LEAD new: [Permitted] Hackney/2025/2078 — 27 Blurton Road, Hackney, London, E5 0NJ
INFO LEAD new: [Permitted] Hackney/2025/2079 — 3c, 76 Kingsland Road, Hackney, London, E2 8DL
INFO LEAD new: [Permitted] Hackney/2025/2083 — Flats 2b, 2c, & 2d, 74-76 Kingsland Road, London, E2 8DL
INFO LEAD new: [Permitted] Hackney/2025/2104 — 1 Silk Street, London, EC2Y 8AL (for 25/00829/FULEIA) Porter
INFO LEAD new: [Permitted] Hackney/2025/2091 — 27 Ashtead Road, Hackney, London, E5 9BJ
INFO LEAD new: [Permitted] Hackney/2025/2088 — 259 Amhurst Road, Hackney, London, N16 7UN
INFO LEAD new: [Permitted] Hackney/2025/2084 — Flat 1a, 76 Kingsland Road, Hackney, London, E2 8DL
INFO LEAD new: [Permitted] Hackney/2025/2068 — Forecourt Wall, 25 Hackney Grove, Hackney, London, E8 3NR
INFO LEAD new: [Permitted] Hackney/2025/2071 — Wimbourne Court Wimbourne Street, Hackney, London, N1 7HB
INFO LEAD new: [Permitted] Hackney/2025/2074 — 43 Ayrsome Road, Hackney, London, N16 0RH
INFO LEAD new: [Permitted] Hackney/2025/2069 — 32 Olinda Road, Hackney, London, N16 6TL
INFO LEAD new: [Permitted] Hackney/2025/2060 — Martino Denai, 94 Chatsworth Road, Hackney, London, E5 0LS
INFO LEAD new: [Permitted] Hackney/2025/2057 — Hackney Empire, 291 Mare Street, Hackney, London, E8 1EJ
INFO LEAD new: [Permitted] Hackney/2025/2064 — 12 Goulton Road , London, E5 8HA
INFO LEAD new: [Permitted] Hackney/2025/2044 — Simply Organique, 316 Green Lanes, Hackney, London, N4 1BX
INFO LEAD new: [Permitted] Hackney/2025/2055 — Hackney Empire, 291 Mare Street, Hackney, London, E8 1EJ
INFO LEAD new: [Permitted] Hackney/2025/2054 — First Floor And Second Floor Flat, 27 Upper Clapton Road, Ha
INFO LEAD new: [Permitted] Hackney/2025/2048 — 151-161 Mildenhall Road, Hackney, London, E5 0RY
INFO LEAD new: [Permitted] Hackney/2025/2043 — 79 Palatine Road, Hackney, London, N16 8SY
INFO LEAD new: [Permitted] Hackney/2025/2049 — 20-22 Ashtead Road, Hackney, London, E5 9BH
INFO [hackney/Permitted] page at offset 900: 100 records
INFO LEAD new: [Permitted] Hackney/2025/2031 — Flat B, 28 Sewdley Street, Hackney, London, E5 0AX
INFO LEAD new: [Permitted] Hackney/2025/2037 — 53 Dynevor Road, Hackney, London, N16 0DL
INFO LEAD new: [Permitted] Hackney/2025/2036 — Museum Of The Home, 136 Kingsland Road, Hackney, London, E2 
INFO LEAD new: [Permitted] Hackney/2025/2038 — 25 Stamford Road, Hackney, London, N1 4JP
INFO LEAD new: [Permitted] Hackney/2025/2033 — 85 Alkham Road, Hackney, London, N16 6XD
INFO LEAD new: [Permitted] Hackney/2025/2021 — 43 Rectory Road, Hackney, London, N16 7PP
INFO LEAD new: [Permitted] Hackney/2025/2024 — 195 Homerton High Street, Hackney, London, E9 6BB
INFO LEAD new: [Permitted] Hackney/2025/2022 — 145 Mount Pleasant Lane, Hackney
INFO LEAD new: [Permitted] Hackney/2025/2014 — 14 Banbury Road, Hackney, London, E9 7DU
INFO LEAD new: [Permitted] Hackney/2025/2010 — Citysprint Ltd, 58 - 62 Scrutton Street, Hackney, London, EC
INFO LEAD new: [Permitted] Hackney/2025/2012 — Church Street Food And Wine, 107 - 109 Stoke Newington Churc
INFO LEAD new: [Permitted] Hackney/2025/2018 — 68 Buttesland Street, Hackney, London, N1 6BY
INFO LEAD new: [Permitted] Hackney/2025/2011 — 41 Ardleigh Road, Hackney, London, N1 4HS
INFO LEAD new: [Permitted] Hackney/2025/1997 — 1, 5 Wenlock Road, Hackney, London, N1 7SL
INFO LEAD new: [Permitted] Hackney/2025/1999 — 63-67, 63 Dalston Lane, Hackney, London, E8 2AB
INFO LEAD new: [Permitted] Hackney/2025/2004 — 20 Amhurst Road, Hackney, London, E8 1JW
INFO LEAD new: [Permitted] Hackney/2025/2002 — 83 Queen Elizabeths Walk, Hackney, London, N16 5UG
INFO LEAD new: [Permitted] Hackney/2025/1994 — 15 Queen Elizabeths Walk, Hackney, London, N16 5UZ
INFO LEAD new: [Permitted] Hackney/2025/1993 — 33 Southborough Road, Hackney, London, E9 7EF
INFO LEAD new: [Permitted] Hackney/2025/2003 — 19 Clifden Road, Hackney, London, E5 0LL
INFO LEAD new: [Permitted] Hackney/2025/1998 — 59 Cassland Road, Hackney, London, E9 7AL
INFO LEAD new: [Permitted] Hackney/2025/1983 — 129 Balls Pond Road, Hackney, London, N1 4BG
INFO LEAD new: [Permitted] Hackney/2025/1987 — 43 Parkholme Road, Hackney, London, E8 3AG
INFO LEAD new: [Permitted] Hackney/2025/1982 — Village Underground Limited, Railway Carriages Above, 54 Hol
INFO LEAD new: [Permitted] Hackney/2025/1990 — Flat D, 49 Adolphus Road, Hackney, London, N4 2AX
INFO LEAD new: [Permitted] Hackney/2025/1985 — 12 Clarence Place, Hackney, London, E5 8HN
INFO LEAD new: [Permitted] Hackney/2025/1991 — BLOCK 69 TO 79 ODD Moundfield Road, Hackney, N16 6TD
INFO LEAD new: [Permitted] Hackney/2025/1968 — 1 Bridge Gardens, Hackney, London, N16 9GN
INFO LEAD new: [Permitted] Hackney/2025/1965 — Basement Flat, 34 Ainsworth Road, Hackney, London, E9 7LP
INFO LEAD new: [Permitted] Hackney/2025/1967 — 1 Bridge Gardens, Hackney, London, N16 9GN
INFO LEAD new: [Permitted] Hackney/2025/1975 — 222 Upper Street, London, N1 1YA
INFO LEAD new: [Permitted] Hackney/2025/1956 — 19-30 Lewis Place, Hackney, London, E8 1PQ
INFO LEAD new: [Permitted] Hackney/2025/1971 — 59 - 61 Lewis Place, London, E8 1JG
INFO LEAD new: [Permitted] Hackney/2025/1949 — 28, KENMURE YARD Kenmure Road, Hackney, London, E8 1JY
INFO LEAD new: [Permitted] Hackney/2025/1957 — Upper Floors, 76 Dunsmure Road, London, N16 5JY
INFO LEAD new: [Permitted] Hackney/2025/1948 — GRAFTON COURT, 119 Dalston Lane, Hackney, London, E8 1NZ
INFO LEAD new: [Permitted] Hackney/2025/1947 — East Wick Kids, 19 Tandy Place, Hackney, London, E20 3AS
INFO LEAD new: [Permitted] Hackney/2025/1950 — Flat 1, 102 Bethune Road, Hackney, London, N16 5BA
INFO LEAD new: [Permitted] Hackney/2025/1952 — Queen Of Hoxton, QUEEN OF HOXTON, 1 - 5 Curtain Road, Hackne
INFO LEAD new: [Permitted] Hackney/2025/1963 — 1-8, KENMURE YARD Kenmure Road, Hackney, London, E8 1JY
INFO LEAD new: [Permitted] Hackney/2025/1970 — 31-50 Lewis Place, Hackney, London, E8 1PQ
INFO LEAD new: [Permitted] Hackney/2025/1972 — 33 Oldfield Road, Hackney, London, N16 0RR
INFO LEAD new: [Permitted] Hackney/2025/1951 — 3-5 Kenmure Road, Hackney, London, E8 1JU
INFO LEAD new: [Permitted] Hackney/2025/1980 — 44 Northfield Road, Hackney
INFO LEAD new: [Permitted] Hackney/2025/1940 — Scooterden, 505A Kingsland Road, Hackney, London, E8 4AU
INFO LEAD new: [Permitted] Hackney/2025/1944 — 211 Hackney Road, Hackney, London, E2 8NA
INFO LEAD new: [Permitted] Hackney/2025/1930 — 4 Statham Grove, Hackney, London, N16 9DP
INFO LEAD new: [Permitted] Hackney/2025/1932 — 4 Statham Grove, Hackney, London, N16 9DP
INFO LEAD new: [Permitted] Hackney/2025/1933 — 74 - 80 Stamford Hill, Hackney, London, N16 6XS
INFO LEAD new: [Permitted] Hackney/2025/1929 — Flat B, 66 Prince George Road, Hackney, London, N16 8BY
INFO LEAD new: [Permitted] Hackney/2025/1923 — Dallas Burger, 138-139 Shoreditch High Street , London, E1 6
INFO LEAD new: [Permitted] Hackney/2025/1925 — Scooterden, 505A Kingsland Road, Hackney, London, E8 4AU
INFO LEAD new: [Permitted] Hackney/2025/1924 — 116 Glyn Road, Hackney, London, E5 0JE
INFO LEAD new: [Permitted] Hackney/2025/1927 — 5A Oldhill Street, Hackney, London, N16 6LA
INFO LEAD new: [Permitted] Hackney/2025/1918 — 20 Appleby Road, Hackney, London, E8 3ET
INFO LEAD new: [Permitted] Hackney/2025/1911 — 4 Church Crescent, Hackney, London, E9 7DH
INFO LEAD new: [Permitted] Hackney/2025/1908 — 81 Olinda Road, Hackney, London, N16 6TS
INFO LEAD new: [Permitted] Hackney/2025/1906 — FORMER, 260 Kingsland Road, Hackney, London, E8 4DG
INFO LEAD new: [Permitted] Hackney/2025/1907 — 117 - 121 Curtain Road, Hackney, London, EC2A 3AD
INFO LEAD new: [Permitted] Hackney/2025/1905 — 15 Linscott Road, Hackney, London, E5 0RD
INFO LEAD new: [Permitted] Hackney/2025/1892 — JEEVA MANSIONS, 135 Shacklewell Lane, Hackney, London, N16 7
INFO LEAD new: [Permitted] Hackney/2025/1898 — 81 Olinda Road, Hackney, London, N16 6TS
INFO LEAD new: [Permitted] Hackney/2025/1897 — KINGS HALL LEISURE CENTRE, 39 Lower Clapton Road, Hackney, L
INFO LEAD new: [Permitted] Hackney/2025/1890 — 137 Mayola Road, Hackney, London, E5 0RG
INFO LEAD new: [Permitted] Hackney/2025/1904 — 1A Clarence Place, Hackney, London, E5 8HN
INFO LEAD new: [Permitted] Hackney/2025/1889 — Flat C, 160 Chatsworth Road, Hackney, London, E5 0LT
INFO LEAD new: [Permitted] Hackney/2025/1902 — 89 Prince George Road, Hackney, London, N16 8DL
INFO LEAD new: [Permitted] Hackney/2025/1895 — KINGS HALL LEISURE CENTRE, 39 Lower Clapton Road, Hackney, L
INFO LEAD new: [Permitted] Hackney/2025/1893 — 37 Cazenove Road, Hackney, London, N16 6PA
INFO LEAD new: [Permitted] Hackney/2025/1901 — HACKNEY TOWN HALL Mare Street, Hackney, E8 1EA
INFO LEAD new: [Permitted] Hackney/2025/1878 — 12 Forburg Road, Hackney, London, N16 6HS
INFO LEAD new: [Permitted] Hackney/2025/1877 — 3 Cranwich Road, Hackney, London, N16 5HZ
INFO LEAD new: [Permitted] Hackney/2025/1874 — 176 Rushmore Road, Hackney, London, E5 0HB
INFO [hackney/Permitted] page at offset 1000: 100 records
INFO LEAD new: [Permitted] Hackney/2025/1873 — 61 Sydner Road, Hackney, London, N16 7UF
INFO LEAD new: [Permitted] Hackney/2025/1868 — Flat 110, MONO TOWER Penn Street, Hackney, London, N1 5FE
INFO LEAD new: [Permitted] Hackney/2025/1866 — 5 Elrington Road, Hackney, London, E8 3BJ
INFO LEAD new: [Permitted] Hackney/2025/1855 — 39 Defoe Road, Hackney, London, N16 0EH
INFO LEAD new: [Permitted] Hackney/2025/1859 — 64 Reighton Road, Hackney, London, E5 8SG
INFO LEAD new: [Permitted] Hackney/2025/1863 — 41 Defoe Road, Hackney, London, N16 0EH
INFO LEAD new: [Permitted] Hackney/2025/1851 — 9 Wayland Avenue, Hackney, London, E8 2HP
INFO LEAD new: [Permitted] Hackney/2025/1849 — 25 Elsdale Street, Hackney, London, E9 6QY
INFO LEAD new: [Permitted] Hackney/2025/1860 — Flat 16, ST JOHNS MANSIONS Clapton Square, Hackney, London, 
INFO LEAD new: [Permitted] Hackney/2025/1845 — 31 Kenton Road, Hackney, London, E9 7AB
INFO LEAD new: [Permitted] Hackney/2025/1843 — 40 Allerton Road, Hackney, London, N16 5UF
INFO LEAD new: [Permitted] Hackney/2025/1842 — 75 Roding Road, Hackney, London, E5 0DN
INFO LEAD new: [Permitted] Hackney/2025/1886 — Flat Above, 58 Clarence Road, Hackney, London, E5 8HB
INFO LEAD new: [Permitted] Hackney/2025/1846 — 12 Jenner Road, Hackney, London, N16 7SA
INFO LEAD new: [Permitted] Hackney/2025/1827 — PUB ON THE PARK, 19 Martello Street, Hackney, London, E8 3PE
INFO LEAD new: [Permitted] Hackney/2025/1829 — First Floor Flat, 134E Kingsland Road, Hackney, London, E2 8
INFO LEAD new: [Permitted] Hackney/2025/1837 — 14 To 40 Newnton Close And, 456 To 484 Seven Sisters Road, H
INFO LEAD new: [Permitted] Hackney/2025/1828 — Third Floor Flat, 188 Hoxton Street, Hackney, London, N1 5LH
INFO LEAD new: [Permitted] Hackney/2025/1830 — 14 Newnton Close, Hackney, London, N4 2RQ
INFO LEAD new: [Permitted] Hackney/2025/1824 — Ancillary Building To North, THE CASTLE CLIMBING CENTRE Gree
INFO LEAD new: [Permitted] Hackney/2025/1825 — WIMBOURNE COURT Wimbourne Street, Hackney, London, N1 7HB
INFO LEAD new: [Permitted] Hackney/2025/1826 — HAMPTON BY HILTON, 17 - 33 Westland Place, Hackney, London, 
INFO LEAD new: [Permitted] Hackney/2025/1818 — 12 Marlborough Avenue, Hackney, London, E8 4JP
INFO LEAD new: [Permitted] Hackney/2025/1812 — 100 East Road, London, N1 6AA
INFO LEAD new: [Permitted] Hackney/2025/1816 — Flat B, 55 Ufton Road, Hackney, London, N1 4HE
INFO LEAD new: [Permitted] Hackney/2025/1809 — KINGS HALL LEISURE CENTRE, 39 Lower Clapton Road, Hackney, L
INFO LEAD new: [Permitted] Hackney/2025/1806 — 4 Woodberry Down, Hackney, London, N4 2TG
INFO LEAD new: [Permitted] Hackney/2025/1811 — 3, SOVEREIGN MEWS Pearson Street, Hackney, London, E2 8ER
INFO LEAD new: [Permitted] Hackney/2025/1799 — Flat A, 357 Amhurst Road, Hackney, London, N16 7UX
INFO LEAD new: [Permitted] Hackney/2025/1803 — 51 Cleveleys Road, Hackney, London, E5 9JW
INFO LEAD new: [Permitted] Hackney/2025/1794 — Santander, 86 - 88 Kingsland High Street, Hackney, London, E
INFO LEAD new: [Permitted] Hackney/2025/1796 — 1 Audrey Street, Hackney, London, E2 8QH
INFO LEAD new: [Permitted] Hackney/2025/1790 — Flat B, 220 Dalston Lane, Hackney, London, E8 1LA
INFO LEAD new: [Permitted] Hackney/2025/1789 — 70 Lea Bridge Road, Hackney, London, E5 9QD
INFO LEAD new: [Permitted] Hackney/2025/1804 — 35 Palatine Road, Hackney, London, N16 8SY
INFO LEAD new: [Permitted] Hackney/2025/1795 — Land Adjoining BSix College Kenninghall Road, London , E5 8B
INFO LEAD new: [Permitted] Hackney/2025/1780 — 26 Grayling Road, Hackney, London, N16 0BT
INFO LEAD new: [Permitted] Hackney/2025/1777 — 125 Dalston Lane, Hackney, London, E8 1AL
INFO LEAD new: [Permitted] Hackney/2025/1785 — Flat 3, 54 Cricketfield Road, Hackney, London, E5 8NS
INFO LEAD new: [Permitted] Hackney/2025/1778 — 49 Ravensdale Road, Hackney, London, N16 6TJ
INFO LEAD new: [Permitted] Hackney/2025/1771 — 130 Wilberforce Road, Hackney, London, N4 2SU
INFO LEAD new: [Permitted] Hackney/2025/1774 — Flat A, 94 Forest Road, Hackney, London, E8 3BH
INFO LEAD new: [Permitted] Hackney/2025/1758 — 24 Lordship Road, Hackney, London, N16 0QT
INFO LEAD new: [Permitted] Hackney/2025/1743 — Ground Floor Flat, 69 Dunlace Road, Hackney, London, E5 0NF
INFO LEAD new: [Permitted] Hackney/2025/1755 — 95 Lordship Park, Hackney, London, N16 5UP
INFO LEAD new: [Permitted] Hackney/2025/1760 — Hamilton House, 3 Appold Street, Hackney, London, EC2A 2PW
INFO LEAD new: [Permitted] Hackney/2025/1748 — 40-43 Andrews Road, London, E8 4RL
INFO LEAD new: [Permitted] Hackney/2025/1749 — Flat A, 73 Stoke Newington High Street, Hackney, London, N16
INFO LEAD new: [Permitted] Hackney/2025/1739 — 211 Hackney Road , London, E2 8JP
INFO LEAD new: [Permitted] Hackney/2025/1733 — 41 Wenlock Road, Hackney, London, N1 7SG
INFO LEAD new: [Permitted] Hackney/2025/1725 — 121 Dalston Lane, Hackney, London, E8 1AL
INFO LEAD new: [Permitted] Hackney/2025/1728 — Santander, 86 - 88 Kingsland High Street, Hackney, London, E
INFO LEAD new: [Permitted] Hackney/2025/1720 — Flat A, 19 De Beauvoir Square, Hackney, London, N1 4LD
INFO LEAD new: [Permitted] Hackney/2025/1721 — Flat A, 19 De Beauvoir Square, Hackney, London, N1 4LD
INFO LEAD new: [Permitted] Hackney/2025/1712 — 22 Lidfield Road, Hackney, London, N16 9NA
INFO LEAD new: [Permitted] Hackney/2025/1710 — 49A Jenner Road, Hackney, London, N16 7RB
INFO LEAD new: [Permitted] Hackney/2025/1708 — 66 Amhurst Road, Hackney, London, E8 1JH
INFO LEAD new: [Permitted] Hackney/2025/1713 — 48 Kynaston Road, Hackney, London, N16 0EU
INFO LEAD new: [Permitted] Hackney/2025/1719 — KINGS HALL LEISURE CENTRE, 39 Lower Clapton Road, Hackney, L
INFO LEAD new: [Permitted] Hackney/2025/1709 — 63-67, 63 Dalston Lane, Hackney, London, E8 2AB
INFO LEAD new: [Permitted] Hackney/2025/1716 — 50 Penshurst Road, Hackney, London, E9 7DT
INFO LEAD new: [Permitted] Hackney/2025/1704 — 27 Mehetabel Road, Hackney, London, E9 6DU
INFO LEAD new: [Permitted] Hackney/2025/1706 — 35 Cassland Road, Hackney, London, E9 7AL
INFO LEAD new: [Permitted] Hackney/2025/1703 — Fed By Water, THE RAILWAY TAVERN, 59 Kingsland High Street, 
INFO LEAD new: [Permitted] Hackney/2025/1699 — 42 Parkholme Road, Hackney, London, E8 3AQ
INFO LEAD new: [Permitted] Hackney/2025/1700 — 169 Powerscroft Road, Hackney, London, E5 0PR
INFO LEAD new: [Permitted] Hackney/2025/1702 — Fed By Water, THE RAILWAY TAVERN, 59 Kingsland High Street, 
INFO LEAD new: [Permitted] Hackney/2025/1686 — 158 Elderfield Road, Hackney, London, E5 0AZ
INFO LEAD new: [Permitted] Hackney/2025/1694 — 34 Graham Road, Hackney, London, E8 1BZ
INFO [hackney/Permitted] page at offset 1100: 100 records
INFO LEAD new: [Permitted] Hackney/2025/1678 — 8 Colberg Place, Hackney, London, N16 5RB
INFO LEAD new: [Permitted] Hackney/2025/1679 — 9 Beatty Road, Hackney, London, N16 8EA
INFO LEAD new: [Permitted] Hackney/2025/1680 — 15 Cranwich Road, Hackney, London, N16 5HZ
INFO LEAD new: [Permitted] Hackney/2025/1669 — 116 Forest Road, Hackney, London, E8 3BH
INFO LEAD new: [Permitted] Hackney/2025/1675 — 77 Stoke Newington Church Street , London, N16 0AS
INFO LEAD new: [Permitted] Hackney/2025/1670 — 48 Mayola Road, Hackney, London, E5 0RQ
INFO LEAD new: [Permitted] Hackney/2025/1668 — 35 Kynaston Road, Hackney, London, N16 0EA
INFO LEAD new: [Permitted] Hackney/2025/1674 — 77 Stoke Newington Church Street, Hackney, London, N16 0AS
INFO LEAD new: [Permitted] Hackney/2025/1660 — Flat 6, 25 Martaban Road, Hackney, London, N16 5SJ
INFO LEAD new: [Permitted] Hackney/2025/1657 — 43 Leadale Road, Hackney, London, N16 6DG
INFO LEAD new: [Permitted] Hackney/2025/1659 — 18 Albion Square, Hackney, London, E8 4ES
INFO LEAD new: [Permitted] Hackney/2025/1658 — 10 Malvern Road, Hackney, London, E8 3LT
INFO LEAD new: [Permitted] Hackney/2025/1656 — 60 Elderfield Road, Hackney, London, E5 0LF
INFO LEAD new: [Permitted] Hackney/2025/1673 — 31 Casimir Road, Hackney, London, E5 9NU
INFO LEAD new: [Permitted] Hackney/2025/1672 — 17 Hilsea Street, Hackney, London, E5 0SG
INFO LEAD new: [Permitted] Hackney/2025/1664 — 74 Lenthall Road, Hackney, London, E8 3JN
INFO LEAD new: [Permitted] Hackney/2025/1662 — 63 Ravensdale Road, Hackney, London, N16 6TJ
INFO LEAD new: [Permitted] Hackney/2025/1653 — FORMER, 17 Daley Street, Hackney, London, E9 6HP
INFO LEAD new: [Permitted] Hackney/2025/1630 — 359 Victoria Park Road, Hackney, London, E9 5DX
INFO LEAD new: [Permitted] Hackney/2025/1638 — CLOCK HOUSE, 149 Stamford Hill, Hackney, London, N16 5LG
INFO LEAD new: [Permitted] Hackney/2025/1640 — 26 Cranwich Road, Hackney, London, N16 5JX
INFO LEAD new: [Permitted] Hackney/2025/1635 — 14 Banbury Road, Hackney, London, E9 7DU
INFO LEAD new: [Permitted] Hackney/2025/1637 — Unit 2c, QUEBEC WHARF, 315 Kingsland Road, Hackney, London, 
INFO LEAD new: [Permitted] Hackney/2025/1641 — 33 Knightland Road, Hackney, London, E5 9HR
INFO LEAD new: [Permitted] Hackney/2025/1623 — Flat D, 3 Alconbury Road, Hackney, London, E5 8RG
INFO LEAD new: [Permitted] Hackney/2025/1618 — 75-89 Wallis Road, London, E9 5LN
INFO LEAD new: [Permitted] Hackney/2025/1614 — 14 Lushington Terrace, Hackney, London, E8 2HR
INFO LEAD new: [Permitted] Hackney/2025/1616 — 18 Knightland Road, Hackney, London, E5 9HS
INFO LEAD new: [Permitted] Hackney/2025/1610 — 61 Median Road, Hackney, London, E5 0PJ
INFO LEAD new: [Permitted] Hackney/2025/1607 — Muscleworks 2, 1 - 3 Tyssen Road, Hackney, London, N16 7NA
INFO LEAD new: [Permitted] Hackney/2025/1592 — 13 - 21 Curtain Road, Hackney, London, EC2A 3LT
INFO LEAD new: [Permitted] Hackney/2025/1599 — 27 West Bank, Hackney, London, N16 5DF
INFO LEAD new: [Permitted] Hackney/2025/1597 — 48 Clapton Common, Hackney, London, E5 9BA
INFO LEAD new: [Permitted] Hackney/2025/1596 — 7 Watermint Quay, Hackney, London, N16 6DN
INFO LEAD new: [Permitted] Hackney/2025/1585 — 19 Great Eastern Street, London, EC2A
INFO LEAD new: [Permitted] Hackney/2025/1589 — 74 - 80 Stamford Hill, Hackney, London, N16 6XS
INFO LEAD new: [Permitted] Hackney/2025/1579 — Sorsby Medical Practice, 3 Mandeville Street, Hackney, Londo
INFO LEAD new: [Permitted] Hackney/2025/1581 — 192 Millfields Road, Hackney, London, E5 0AR
INFO LEAD new: [Permitted] Hackney/2025/1583 — 59 Warneford Street, Hackney, London, E9 7NG
INFO LEAD new: [Permitted] Hackney/2025/1572 — 507 Kingsland Road, Hackney, London, E8 4AU
INFO LEAD new: [Permitted] Hackney/2025/1577 — Basement And Ground Floor, 73 Nile Street, Hackney, London, 
INFO LEAD new: [Permitted] Hackney/2025/1575 — 24 Lavers Road, Hackney, London, N16 0DT
INFO LEAD new: [Permitted] Hackney/2025/1573 — 23 Warneford Street, Hackney, London, E9 7NG
INFO LEAD new: [Permitted] Hackney/2025/1571 — 44 Firsby Road, Hackney, London, N16 6QA
INFO LEAD new: [Permitted] Hackney/2025/1567 — 60 Moundfield Road, Hackney, London, N16 6TB
INFO LEAD new: [Permitted] Hackney/2025/1566 — 152A Tottenham Road, Hackney, London, N1 4DY
INFO LEAD new: [Permitted] Hackney/2025/1565 — Flat A, 12 Poole Road, Hackney, London, E9 7AE
INFO LEAD new: [Permitted] Hackney/2025/1562 — 20 Mount Pleasant Lane, Hackney, London, E5 9DN
INFO LEAD new: [Permitted] Hackney/2025/1554 — Woodberry Down - Phase 4 Site Seven Sisters Road , London, N
INFO LEAD new: [Permitted] Hackney/2025/1555 — 70 Nevill Road, Hackney, London, N16 0SX
INFO LEAD new: [Permitted] Hackney/2025/1557 — Basement Flat, 4 Lordship Park, Hackney, London, N16 5UD
INFO LEAD new: [Permitted] Hackney/2025/1560 — 14 Banbury Road, Hackney, London, E9 7DU
INFO LEAD new: [Permitted] Hackney/2025/1558 — 31 Rushmore Road, Hackney, London, E5 0ET
INFO LEAD new: [Permitted] Hackney/2025/1547 — Mapledene Children's Centre, MAPLEDENE EARLY YEARS CENTRE, 5
INFO LEAD new: [Permitted] Hackney/2025/1549 — 103 Shepherdess Walk, Hackney, London, N1 7QD
INFO LEAD new: [Permitted] Hackney/2025/1538 — Pret A Manger, Ground Floor, 128 Shoreditch High Street, Hac
INFO LEAD new: [Permitted] Hackney/2025/1548 — Curtain House, 134-146 Curtain Road, London, EC2A 3AR
INFO LEAD new: [Permitted] Hackney/2025/1550 — 58 De Beauvoir Road, Hackney, London, N1 5AT
INFO LEAD new: [Permitted] Hackney/2025/1541 — Pret A Manger, Ground Floor, 128 Shoreditch High Street, Hac
INFO LEAD new: [Permitted] Hackney/2025/1539 — Moving Brands, Office Ground Floor, 7 - 8 Charlotte Road, Ha
INFO LEAD new: [Permitted] Hackney/2025/1536 — 72 Lavender Grove, Hackney, London, E8 3LS
INFO LEAD new: [Permitted] Hackney/2025/1526 — 120 Rectory Road, Hackney, London, N16 7SD
INFO LEAD new: [Permitted] Hackney/2025/1524 — Pikanti Ltd, 48 - 50 Oldhill Street, Hackney, London, N16 6N
INFO LEAD new: [Permitted] Hackney/2025/1528 — 44 Groombridge Road, Hackney, London, E9 7DP
INFO LEAD new: [Permitted] Hackney/2025/1525 — Flat 9, GROVE MANSIONS Stamford Grove West, Hackney, London,
INFO LEAD new: [Permitted] Hackney/2025/1519 — 2nd Floor Flat - Top Floor, 126 Amhurst Road, London, E8 2AG
INFO LEAD new: [Permitted] Hackney/2025/1521 — 46 Newick Road, Hackney, London, E5 0RR
INFO LEAD new: [Permitted] Hackney/2025/1517 — 10-32 Woodberry Down , London, N4 2TS
INFO LEAD new: [Permitted] Hackney/2025/1508 — 4 Stanard Close, Hackney, London, N16 5EH
INFO LEAD new: [Permitted] Hackney/2025/1509 — Flat D, 85 Downs Road, Hackney, London, E5 8DS
INFO LEAD new: [Permitted] Hackney/2025/1497 — 13 Horton Road, Hackney, London, E8 1DP
INFO LEAD new: [Permitted] Hackney/2025/1495 — 11 Beanacre Close, Hackney, London, E9 5JY
INFO LEAD new: [Permitted] Hackney/2025/1498 — 23 Portland Avenue, Hackney, London, N16 6HD
INFO LEAD new: [Permitted] Hackney/2025/1505 — 12 Albion Drive, Hackney, London, E8 4ET
INFO LEAD new: [Permitted] Hackney/2025/1500 — 59 Lockhurst Street, Hackney, London, E5 0AP
WARNING Rate limited (429); waiting 200s before retry 1/6
WARNING Request failed (403 Client Error: Forbidden for url: https://www.planit.org.uk/api/applics/json?app_state=Permitted&start_date=2023-10-01&end_date=2026-10-01&pg_sz=100&auth=Hackney&offset=1200); retry 2/6 in 10s
INFO [hackney/Permitted] page at offset 1200: 100 records
INFO LEAD new: [Permitted] Hackney/2025/1493 — 12 Gloucester Square, Hackney, London, E2 8RS
INFO LEAD new: [Permitted] Hackney/2025/1489 — 91 Forest Road, Hackney, London, E8 3BL
INFO LEAD new: [Permitted] Hackney/2025/1488 — 50 Green Lanes, Hackney, London, N16 9NH
INFO LEAD new: [Permitted] Hackney/2025/1494 — 34 Craven Walk, Hackney, London, N16 6BU
INFO LEAD new: [Permitted] Hackney/2025/1480 — 12 Prince George Road, Hackney, London, N16 8BY
INFO LEAD new: [Permitted] Hackney/2025/1479 — 1C Croston Street, Hackney, London, E8 4PQ
INFO LEAD new: [Permitted] Hackney/2025/1483 — 15 Walsingham Road, Hackney, London, E5 8NE
INFO LEAD new: [Permitted] Hackney/2025/1474 — Basement And Ground Floor Flat A, 169 Glenarm Road, Hackney,
INFO LEAD new: [Permitted] Hackney/2025/1476 — 7 Navarino Road, Hackney, London, E8 1AD
INFO LEAD new: [Permitted] Hackney/2025/1478 — 31 Kenton Road, Hackney, London, E9 7AB
INFO LEAD new: [Permitted] Hackney/2025/1484 — 1 Ardleigh Road, London, N1 4HS
INFO LEAD new: [Permitted] Hackney/2025/1481 — ELEANOR COURT, 140 Whiston Road, Hackney, London, E2 8RR
INFO LEAD new: [Permitted] Hackney/2025/1485 — Ground Floor Flat, 109 Finsbury Park Road, Hackney, London, 
INFO LEAD new: [Permitted] Hackney/2025/1467 — 24 Barretts Grove, Hackney, London, N16 8AR
INFO LEAD new: [Permitted] Hackney/2025/1463 — WIMBOURNE COURT Wimbourne Street, Hackney, London, N1 7HB
INFO LEAD new: [Permitted] Hackney/2025/1468 — Broadgate Quarter 9 Appold Street & 1 Snowden Street, London
INFO LEAD new: [Permitted] Hackney/2025/1464 — GARAGE BLOCK Buckland Street, Hackney, N1 6TR
INFO LEAD new: [Permitted] Hackney/2025/1461 — 102 Reighton Road, Hackney, London, E5 8SG
INFO LEAD new: [Permitted] Hackney/2025/1465 — Jet, Petrol Station, 137 - 141 Lower Clapton Road, Hackney, 
INFO LEAD new: [Permitted] Hackney/2025/1456 — 16 Stannard Road, Hackney, London, E8 1DB
INFO LEAD new: [Permitted] Hackney/2025/1452 — The Macbeth, THE MACBETH, 70 Hoxton Street, Hackney, London,
INFO LEAD new: [Permitted] Hackney/2025/1471 — Flat 2, 1A Queensbridge Road, Hackney, London, E2 8NP
INFO LEAD new: [Permitted] Hackney/2025/1454 — 180 Rushmore Road, Hackney, London, E5 0HB
INFO LEAD new: [Permitted] Hackney/2025/1457 — 282 Richmond Road, London, E8 3QW
INFO LEAD new: [Permitted] Hackney/2025/1440 — 1 Royal Close, Hackney, London, N16 5SE
INFO LEAD new: [Permitted] Hackney/2025/1455 — 108 Powerscroft Road, Hackney, London, E5 0PP
INFO LEAD new: [Permitted] Hackney/2025/1439 — 82 - 84 Kingsland High Street, Hackney, London, E8 2NS
INFO LEAD new: [Permitted] Hackney/2025/1442 — 34 Yoakley Road, Hackney, London, N16 0BA
INFO LEAD new: [Permitted] Hackney/2025/1422 — 5 Broadway Market, Hackney, London, E8 4PH
INFO LEAD new: [Permitted] Hackney/2025/1434 — 38 Firsby Road, Hackney, London, N16 6QA
INFO LEAD new: [Permitted] Hackney/2025/1424 — 222 Richmond Road, Hackney, London, E8 3QN
INFO LEAD new: [Permitted] Hackney/2025/1427 — 151 - 155 New North Road, Hackney, London, N1 6TA
INFO LEAD new: [Permitted] Hackney/2025/1426 — 53 Dynevor Road, Hackney, London, N16 0DL
INFO LEAD new: [Permitted] Hackney/2025/1432 — Arches Arches 441 And 442 Institute Place, London, E8 1LA
INFO LEAD new: [Permitted] Hackney/2025/1429 — 7 Leabourne Road, Hackney, London, N16 6SU
INFO LEAD new: [Permitted] Hackney/2025/1419 — 5 Broadway Market, Hackney, London, E8 4PH
INFO LEAD new: [Permitted] Hackney/2025/1412 — WIMBOURNE COURT Wimbourne Street, Hackney, London, N1 7HB
INFO LEAD new: [Permitted] Hackney/2025/1410 — 17 Warneford Street, Hackney, London, E9 7NG
INFO LEAD new: [Permitted] Hackney/2025/1418 — 31 Spring Hill, Hackney, London, E5 9BE
INFO LEAD new: [Permitted] Hackney/2025/1411 — 7 Kynaston Road, Hackney, London, N16 0EA
INFO LEAD new: [Permitted] Hackney/2025/1415 — Foundation House Unit 16 Third Floor, PERSEVERANCE WORKS, 38
INFO LEAD new: [Permitted] Hackney/2025/1413 — 85 Listria Park, Hackney, London, N16 5SP
INFO LEAD new: [Permitted] Hackney/2025/1409 — Ground Floor Rear Flat, 24 Portland Avenue, Hackney, London,
INFO LEAD new: [Permitted] Hackney/2025/1408 — 7 Northfield Road, Hackney, London, N16 5RL
INFO LEAD new: [Permitted] Hackney/2025/1399 — Mesifta Talmudical College, Basement And Ground Floor, 90 - 
INFO LEAD new: [Permitted] Hackney/2025/1405 — The Body Studio, 89a Rivington Street, Hackney, London, EC2A
INFO LEAD new: [Permitted] Hackney/2025/1386 — Flat A, 199 Victoria Park Road, Hackney, London, E9 7JN
INFO LEAD new: [Permitted] Hackney/2025/1398 — 48 Kings Crescent, London, N4 2SY
INFO LEAD new: [Permitted] Hackney/2025/1392 — A And G Metal Works, GROUND FLOOR REAR OF 11 Powell Road, Ha
INFO LEAD new: [Permitted] Hackney/2025/1383 — Premier Inn, 25-27 Dalston Lane, London, E8 3DF
INFO LEAD new: [Permitted] Hackney/2025/1385 — 22 Mount Pleasant Lane, Hackney, London, E5 9DN
INFO LEAD new: [Permitted] Hackney/2025/1377 — 121 Redwald Road, Hackney, London, E5 0JQ
INFO LEAD new: [Permitted] Hackney/2025/1380 — 49 Harcombe Road, Hackney, London, N16 0RX
INFO LEAD new: [Permitted] Hackney/2025/1378 — 189 Brooke Road, Hackney, London, E5 8AB
INFO LEAD new: [Permitted] Hackney/2025/1384 — 177 Mare Street, Hackney, London, E8 3RH
INFO LEAD new: [Permitted] Hackney/2025/1379 — 22 Mount Pleasant Lane, Hackney, London, E5 9DN
INFO LEAD new: [Permitted] Hackney/2025/1369 — 1 Hurstdene Gardens, Hackney, London, N15 6NA
INFO LEAD new: [Permitted] Hackney/2025/1370 — 15 Forburg Road, Hackney, London, N16 6HP
INFO LEAD new: [Permitted] Hackney/2025/1376 — 113 Elderfield Road, Hackney, London, E5 0LE
INFO LEAD new: [Permitted] Hackney/2025/1360 — 19 Fairholt Road, Hackney, London, N16 5EW
INFO LEAD new: [Permitted] Hackney/2025/1359 — 31 Spring Hill, Hackney, London, E5 9BE
INFO LEAD new: [Permitted] Hackney/2025/1366 — 34 Barbauld Road, Hackney, London, N16 0SS
INFO LEAD new: [Permitted] Hackney/2025/1365 — 77-79, 77 Leadale Road, London , N16 6DG
INFO LEAD new: [Permitted] Hackney/2025/1358 — The Stable House, 96e Lauriston Road, Hackney, London, E9 7H
INFO LEAD new: [Permitted] Hackney/2025/1345 — 71 Northwold Road, Hackney, London, E5 8RN
INFO LEAD new: [Permitted] Hackney/2025/1348 — 1 Henry Road, Hackney, London, N4 2LH
INFO LEAD new: [Permitted] Hackney/2025/1349 — 88 Winston Road, Hackney, London, N16 9LR
INFO LEAD new: [Permitted] Hackney/2025/1389 — 14 Stanard Close, Hackney, London, N16 5EH
INFO LEAD new: [Permitted] Hackney/2025/1364 — 13 Goulton Road, Hackney, London, E5 8HA
INFO LEAD new: [Permitted] Hackney/2025/1352 — Here East (Broadcast Centre), 1 East Bay Lane, London, Londo
INFO LEAD new: [Permitted] Hackney/2025/1338 — SIR JOHN AND LADY COHEN COURT Rookwood Road, Hackney, London
INFO LEAD new: [Permitted] Hackney/2025/1341 — 84 Kyverdale Road, Hackney, London, N16 6PL
INFO LEAD new: [Permitted] Hackney/2025/1337 — Citysprint Ltd, 58 - 62 Scrutton Street, Hackney, London, EC
INFO LEAD new: [Permitted] Hackney/2025/1340 — The Avigdor Mews Lordship Road, Hackney, London, N16 0QJ
INFO LEAD new: [Permitted] Hackney/2025/1330 — 44 Northfield Road, Hackney
INFO LEAD new: [Permitted] Hackney/2025/1329 — Flat A, 16 Denver Road, Hackney, London, N16 5JH
INFO LEAD new: [Permitted] Hackney/2025/1332 — 3 Roses Supermarket, 133 Homerton High Street, Hackney, Lond
INFO LEAD new: [Permitted] Hackney/2025/1334 — 12 Colenso Road, Hackney, London, E5 0SL
INFO LEAD new: [Permitted] Hackney/2025/1316 — 2-4 Paul Street, Hackney, London, EC2A 4JH
INFO LEAD new: [Permitted] Hackney/2025/1326 — 84 Lordship Road, Hackney, London, N16 0QP
INFO LEAD new: [Permitted] Hackney/2025/1325 — BLOCK 69 TO 79 ODD Moundfield Road, Hackney, N16 6TD
INFO [hackney/Permitted] page at offset 1300: 100 records
INFO LEAD new: [Permitted] Hackney/2025/1323 — THE WEST RESERVOIR CENTRE Green Lanes, Hackney, London, N4 2
INFO LEAD new: [Permitted] Hackney/2025/1302 — Flat A, 84 Lordship Park, Hackney, London, N16 5UA
INFO LEAD new: [Permitted] Hackney/2025/1307 — Flat B, 54 Lower Clapton Road, Hackney, London, E5 0RN
INFO LEAD new: [Permitted] Hackney/2025/1310 — 64 Kynaston Road, Hackney, London, N16 0ED
INFO LEAD new: [Permitted] Hackney/2025/1304 — 186 Lordship Road, Hackney, London, N16 5ES
INFO LEAD new: [Permitted] Hackney/2025/1305 — Teddy Bear School House Nursery, 51 Mayola Road, Hackney, Lo
INFO LEAD new: [Permitted] Hackney/2025/1306 — 293-241 City Road, Hackney,
INFO LEAD new: [Permitted] Hackney/2025/1291 — 28 Englefield Road, Hackney, London, N1 4ET
INFO LEAD new: [Permitted] Hackney/2025/1292 — 60 Moundfield Road, Hackney, London, N16 6TB
INFO LEAD new: [Permitted] Hackney/2025/1296 — 23 Bevenden Street, Hackney, London, N1 6BH
INFO LEAD new: [Permitted] Hackney/2025/1285 — 27 Christchurch Square, Hackney, London, E9 7HU
INFO LEAD new: [Permitted] Hackney/2025/1278 — First Floor Front Building, 3 - 11 Wenlock Street, Hackney, 
INFO LEAD new: [Permitted] Hackney/2025/1287 — 154 Dalston Lane, Hackney
INFO LEAD new: [Permitted] Hackney/2025/1280 — Flat B, 9 Sigdon Road, Hackney, London, E8 1AP
INFO LEAD new: [Permitted] Hackney/2025/1284 — 154 Dalston Lane, Hackney
INFO LEAD new: [Permitted] Hackney/2025/1282 — Hackney Museum, HACKNEY TECHNOLOGY AND LEARNING CENTRE, 1 Re
INFO LEAD new: [Permitted] Hackney/2025/1279 — 41 Durlston Road, Hackney, London, E5 8RP
INFO LEAD new: [Permitted] Hackney/2025/1265 — 82 Darenth Road, Hackney, London, N16 6ED
INFO LEAD new: [Permitted] Hackney/2025/1277 — 82 Darenth Road, Hackney, London, N16 6ED
INFO LEAD new: [Permitted] Hackney/2025/1267 — 79 Hassett Road, Hackney, London, E9 5SL
INFO LEAD new: [Permitted] Hackney/2025/1288 — The Albion, 36 Lauriston Road, Hackney, London, E9 7EU
INFO LEAD new: [Permitted] Hackney/2025/1266 — 5 Meynell Crescent, Hackney, London, E9 7AS
INFO LEAD new: [Permitted] Hackney/2025/1269 — 25 Chatsworth Road, Hackney, London, E5 0LH
INFO LEAD new: [Permitted] Hackney/2025/1273 — 70 Lea Bridge Road, Hackney, London, E5 9QD
INFO LEAD new: [Permitted] Hackney/2025/1276 — 51 Digby Crescent, Hackney, London, N4 2HS
INFO LEAD new: [Permitted] Hackney/2025/1283 — 73, Walrond House Matthias Road, Hackney, London, N16 8BF
INFO LEAD new: [Permitted] Hackney/2025/1274 — St Anns General Hospital St Anns Road, Tottenham, London, N1
INFO LEAD new: [Permitted] Hackney/2025/1261 — 89A Fairholt Road, Hackney, London, N16 5EP
INFO LEAD new: [Permitted] Hackney/2025/1258 — 41 Stamford Road, Hackney, London, N1 4JP
INFO LEAD new: [Permitted] Hackney/2025/1259 — 24 Sanford Walk, Hackney, London, N16 7LB
INFO LEAD new: [Permitted] Hackney/2025/1257 — 36 - 38 Heron Drive, Hackney, London, N4 2FY
INFO LEAD new: [Permitted] Hackney/2025/1244 — 96 Blurton Road, Hackney, London, E5 0NH
INFO LEAD new: [Permitted] Hackney/2025/1247 — Flat 4, 133 Queens Drive, Hackney, London, N4 2BB
INFO LEAD new: [Permitted] Hackney/2025/1245 — 84 Buckingham Road, Hackney, London, N1 4JE
INFO LEAD new: [Permitted] Hackney/2025/1248 — 11 Bouverie Road, Hackney, London, N16 0AH
INFO LEAD new: [Permitted] Hackney/2025/1250 — 7 Cassland Road, Hackney, London, E9 7AL
INFO LEAD new: [Permitted] Hackney/2025/1253 — 9 Mountgrove Road, Hackney, N5 2LU
INFO LEAD new: [Permitted] Hackney/2025/1243 — The Crooked Billet, The Crooked Billet, 84 Upper Clapton Roa
INFO LEAD new: [Permitted] Hackney/2025/1246 — 19 Great Eastern Street, London, EC2A
INFO LEAD new: [Permitted] Hackney/2025/1241 — Gjon\ufffds Greek Cuisine, 56 Paul Street, Hackney, London, EC2A 
INFO LEAD new: [Permitted] Hackney/2025/1239 — 89 Mapledene Road, Hackney, London, E8 3LL
INFO LEAD new: [Permitted] Hackney/2025/1234 — Unit 3, 5 And 14, Queens Yard, 43 White Post Lane, London, E
INFO LEAD new: [Permitted] Hackney/2025/1231 — Morito Ltd, HACKNEY CAB CENTRE, 195 Richmond Road, Hackney, 
INFO LEAD new: [Permitted] Hackney/2025/1223 — 97 Mortimer Road, Hackney, London, N1 4LB
INFO LEAD new: [Permitted] Hackney/2025/1235 — Jobcentreplus, 28 - 36 Drysdale Street, Hackney, London, N1 
INFO LEAD new: [Permitted] Hackney/2025/1230 — Flat A, 12 Clapton Square, Hackney, London, E5 8HP
INFO LEAD new: [Permitted] Hackney/2025/1221 — Regan Court, 40 Regan Way, Hackney,
INFO LEAD new: [Permitted] Hackney/2025/1228 — 32-34 Castlewood Road, London, N16 6DW
INFO LEAD new: [Permitted] Hackney/2025/1226 — 95 - 97 East Road, Hackney, London, N1 6AW
INFO LEAD new: [Permitted] Hackney/2025/1236 — 44 Hawksley Road, Hackney, London, N16 0TJ
INFO LEAD new: [Permitted] Hackney/2025/1225 — Flat 1, 4 Portland Rise, Hackney, London, N4 2PP
INFO LEAD new: [Permitted] Hackney/2025/1222 — 15 Batley Road, Hackney, London, N16 7NP
INFO LEAD new: [Permitted] Hackney/2025/1229 — 37 Spring Hill, Hackney, London, E5 9BL
INFO LEAD new: [Permitted] Hackney/2025/1232 — 27 Appleby Street, Hackney, London, E2 8EP
INFO LEAD new: [Permitted] Hackney/2025/1217 — Basement And Ground Floor Flat, 8 St Philips Road, Hackney, 
INFO LEAD new: [Permitted] Hackney/2025/1209 — 452 Andre Street, Hackney, London, E8 2AA
INFO LEAD new: [Permitted] Hackney/2025/1214 — 22 Glyn Road, Hackney, London, E5 0JD
INFO LEAD new: [Permitted] Hackney/2025/1212 — 13 Osterley Road, Hackney, London, N16 8SN
INFO LEAD new: [Permitted] Hackney/2025/1215 — LANDEX APARTMENTS, 30 - 36 Stamford Road, Hackney
INFO LEAD new: [Permitted] Hackney/2025/1202 — 32 Northchurch Road, Hackney, London, N1 4EH
INFO LEAD new: [Permitted] Hackney/2025/1191 — Star Kebab & Pizza, 169 Homerton High Street, Hackney, Londo
INFO LEAD new: [Permitted] Hackney/2025/1206 — 72 Roding Road, Hackney, London, E5 0DW
INFO LEAD new: [Permitted] Hackney/2025/1198 — 10 Haberdasher Street, Hackney, London, N1 6EJ
INFO LEAD new: [Permitted] Hackney/2025/1219 — 56 Blurton Road, Hackney, London, E5 0NJ
INFO LEAD new: [Permitted] Hackney/2025/1199 — 145 Mount Pleasant Lane, Hackney
INFO LEAD new: [Permitted] Hackney/2025/1216 — Pembury Circus Dalston Lane, Hackney, London, E8 1FA
INFO LEAD new: [Permitted] Hackney/2025/1201 — New London House, 6 London Street, London , EC3R 7LP
INFO LEAD new: [Permitted] Hackney/2025/1188 — 76 Lavender Grove, Hackney, London, E8 3LS
INFO LEAD new: [Permitted] Hackney/2025/1189 — Unit A, DARTER HOUSE Seven Sisters Road, Hackney, London, N4
INFO LEAD new: [Permitted] Hackney/2025/1200 — Unit 9, Queens Yard White Post Lane, London, E9
INFO LEAD new: [Permitted] Hackney/2025/1197 — Land At Bow Wharf Grove Road, London, E3
INFO LEAD new: [Permitted] Hackney/2025/1192 — 21 Hilsea Street, Hackney, London, E5 0SG
INFO LEAD new: [Permitted] Hackney/2025/1174 — 103 Casimir Road, Hackney, London, E5 9NX
INFO LEAD new: [Permitted] Hackney/2025/1182 — 122 Winston Road, Hackney, London, N16 9LJ
INFO LEAD new: [Permitted] Hackney/2025/1178 — 53 Kenworthy Road, Hackney, London, E9 5RB
INFO LEAD new: [Permitted] Hackney/2025/1183 — 25 Castlewood Road, Hackney, London, N16 6DL
INFO LEAD new: [Permitted] Hackney/2025/1179 — 26 Sandringham Road, Hackney, London, E8 2LP
INFO LEAD new: [Permitted] Hackney/2025/1170 — 35 Marcon Place, Hackney, London, E8 1LP
INFO LEAD new: [Permitted] Hackney/2025/1165 — 2 Glaserton Road, Hackney, London, N16 5QX
INFO [hackney/Permitted] page at offset 1400: 100 records
INFO LEAD new: [Permitted] Hackney/2025/1161 — 21 Thistlewaite Road, Hackney, London, E5 0QG
INFO LEAD new: [Permitted] Hackney/2025/1164 — 21 Thistlewaite Road, Hackney, London, E5 0QG
INFO LEAD new: [Permitted] Hackney/2025/1157 — 100 Albion Drive, Hackney, London, E8 4LY
INFO LEAD new: [Permitted] Hackney/2025/1162 — 6 Beanacre Close, Hackney, London, E9 5JY
INFO LEAD new: [Permitted] Hackney/2025/1154 — 56 Blurton Road, Hackney, London, E5 0NJ
INFO LEAD new: [Permitted] Hackney/2025/1163 — Flat 1, 3 - 5 Kingsland High Street, Hackney, London, E8 2JS
INFO LEAD new: [Permitted] Hackney/2025/1167 — 45 Winston Road, Hackney, London, N16 9LN
INFO LEAD new: [Permitted] Hackney/2025/1149 — Flat 12, DEHAVILLAND STUDIOS, 20 Theydon Road, Hackney, Lond
INFO LEAD new: [Permitted] Hackney/2025/1152 — Violet Cakes, 47 Wilton Way, Hackney, London, E8 3ED
INFO LEAD new: [Permitted] Hackney/2025/1145 — Basement Flat, 65 Greenwood Road, Hackney, London, E8 1NT
INFO LEAD new: [Permitted] Hackney/2025/1147 — 24 Sanford Walk, Hackney, London, N16 7LB
INFO LEAD new: [Permitted] Hackney/2025/1151 — 13 Perch Street, Hackney, London, E8 2EG
INFO LEAD new: [Permitted] Hackney/2025/1138 — 87 Fairholt Road, Hackney, London, N16 5EP
INFO LEAD new: [Permitted] Hackney/2025/1139 — 51 Brenthouse Road, Hackney, London, E9 6QD
INFO LEAD new: [Permitted] Hackney/2025/1122 — COLLINS TOWER Blues Street, Hackney, London, E8 3BG
INFO LEAD new: [Permitted] Hackney/2025/1121 — 151-161 Mildenhall Road, Hackney, London, E5 0RY
INFO LEAD new: [Permitted] Hackney/2025/1120 — Los Pollos Bravos, 333 Old Street, Hackney, London, EC1V 9LE
INFO LEAD new: [Permitted] Hackney/2025/1126 — Pavement Outside Shoreditch High Street Telephone Exchange, 
INFO LEAD new: [Permitted] Hackney/2025/1131 — Pavement Outside Shoreditch High Street Telephone Exchange, 
INFO LEAD new: [Permitted] Hackney/2025/1142 — 56 Batley Place, Hackney, London, N16 7NS
INFO LEAD new: [Permitted] Hackney/2025/1128 — Flat B, 84 Prince George Road, Hackney, London, N16 8BY
INFO LEAD new: [Permitted] Hackney/2025/1119 — 22 Denver Road, Hackney, London, N16 5JH
INFO LEAD new: [Permitted] Hackney/2025/1111 — 20 Mentmore Terrace, Hackney, London, E8 3PN
INFO LEAD new: [Permitted] Hackney/2025/1113 — WATERSIDE, 44 - 48 Wharf Road, Hackney, London, N1 7UX
INFO LEAD new: [Permitted] Hackney/2025/1108 — 125 Dalston Lane, Hackney, London, E8 1AL
INFO LEAD new: [Permitted] Hackney/2025/1087 — 129 Stamford Hill, Hackney, London, N16 5TW
INFO LEAD new: [Permitted] Hackney/2025/1110 — 148 Hoxton Street, Hackney, London, N1 6SH
INFO LEAD new: [Permitted] Hackney/2025/1114 — 11 Appleby Road, Hackney, London, E8 3ET
INFO LEAD new: [Permitted] Hackney/2025/1112 — 14 Leabourne Road, Hackney, London, N16 6TA
INFO LEAD new: [Permitted] Hackney/2025/1105 — 140 Mildenhall Road, Hackney, London, E5 0RZ
INFO LEAD new: [Permitted] Hackney/2025/1088 — 13 Denver Road, Hackney, London, N16 5JL
INFO LEAD new: [Permitted] Hackney/2025/1089 — 40 Allerton Road, Hackney, London, N16 5UF
INFO LEAD new: [Permitted] Hackney/2025/1080 — 15 Southgate Grove, Hackney, London, N1 5BP
INFO LEAD new: [Permitted] Hackney/2025/1082 — 22 St Andrews Grove, Hackney, London, N16 5NE
INFO LEAD new: [Permitted] Hackney/2025/1069 — 22 Edmeston Close, Hackney, London, E9 5TJ
INFO LEAD new: [Permitted] Hackney/2025/1058 — 22 Edmeston Close, Hackney, London, E9 5TJ
INFO LEAD new: [Permitted] Hackney/2025/1091 — 60 Lordship Road, Hackney, London, N16 0QT
INFO LEAD new: [Permitted] Hackney/2025/1060 — Flat B, 97 Middleton Road, Hackney, London, E8 4LN
INFO LEAD new: [Permitted] Hackney/2025/1059 — 40 Allerton Road, Hackney, London, N16 5UF
INFO LEAD new: [Permitted] Hackney/2025/1075 — Rochel D Satmar Charitable Trust, 27 Warwick Grove, Hackney,
INFO LEAD new: [Permitted] Hackney/2025/1074 — Flat B, 31 Adolphus Road, Hackney, London, N4 2AT
INFO LEAD new: [Permitted] Hackney/2025/1076 — 131 Middleton Road, Hackney, London, E8 4LL
INFO LEAD new: [Permitted] Hackney/2025/1073 — Cetin Signs, 2A Prince George Road, Hackney, London, N16 8BY
INFO LEAD new: [Permitted] Hackney/2025/1068 — 22 Cazenove Road, Hackney, London, N16 6BD
INFO LEAD new: [Permitted] Hackney/2025/1051 — 72 Ashenden Road, Hackney, London, E5 0DT
INFO LEAD new: [Permitted] Hackney/2025/1054 — 49 Ravensdale Road, Hackney, London, N16 6TJ
INFO LEAD new: [Permitted] Hackney/2025/1067 — Flat 5, 10 Ellingfort Road, Hackney, London, E8 3PA
INFO LEAD new: [Permitted] Hackney/2025/1049 — 74 - 80 Stamford Hill, Hackney, London, N16 6XS
INFO LEAD new: [Permitted] Hackney/2025/1052 — Spice Flavour Ltd, 236 Morning Lane, Hackney, London, E9 6RQ
INFO LEAD new: [Permitted] Hackney/2025/1038 — 94 Nightingale Road, Hackney, London, E5 8NB
INFO LEAD new: [Permitted] Hackney/2025/1027 — Ground Floor Flat, 56 Cleveleys Road, Hackney, London, E5 9J
INFO LEAD new: [Permitted] Hackney/2025/1028 — 60 Durlston Road, Hackney, London, E5 8RR
INFO LEAD new: [Permitted] Hackney/2025/1035 — 129 Wilberforce Road, Hackney, London, N4 2SX
INFO LEAD new: [Permitted] Hackney/2025/1041 — 277 Glyn Road, Hackney, London, E5 0JP
INFO LEAD new: [Permitted] Hackney/2025/1046 — 47A Gore Road, Hackney, London, E9 7HN
INFO LEAD new: [Permitted] Hackney/2025/1029 — Queen Of Hoxton, Queen Of Hoxton, 1 - 5 Curtain Road, Hackne
INFO LEAD new: [Permitted] Hackney/2025/1045 — 47 Dunsmure Road, Hackney, London, N16 5PT
INFO LEAD new: [Permitted] Hackney/2025/1043 — 12 Palatine Avenue, Hackney, London, N16 8XH
INFO LEAD new: [Permitted] Hackney/2025/1040 — Basement And Ground Floor, 169 Mare Street, Hackney, London,
INFO LEAD new: [Permitted] Hackney/2025/1034 — 43 Ayrsome Road, Hackney, London, N16 0RH
INFO LEAD new: [Permitted] Hackney/2025/1023 — Land At Leaside Road Leaside Road, London , E5 9ND
INFO LEAD new: [Permitted] Hackney/2025/1024 — Frampton Park Community Hall Petiver Close, Hackney, London,
INFO LEAD new: [Permitted] Hackney/2025/1021 — 20 Appleby Road, Hackney, London, E8 3ET
INFO LEAD new: [Permitted] Hackney/2025/1020 — 13 Denver Road, Hackney, London, N16 5JL
INFO LEAD new: [Permitted] Hackney/2025/1006 — 12 Palatine Avenue, Hackney, London, N16 8XH
INFO [hackney/Permitted] page at offset 1500: 100 records
INFO LEAD new: [Permitted] Hackney/2025/1018 — Star Kebab & Pizza, 169 Homerton High Street, Hackney, Londo
INFO LEAD new: [Permitted] Hackney/2025/1005 — 5 Lingwood Road, Hackney, London, E5 9BN
INFO LEAD new: [Permitted] Hackney/2025/1009 — ALVARES HOUSE, 5 Furrow Lane, Hackney, London, E9 6JS
INFO LEAD new: [Permitted] Hackney/2025/1007 — 12 Palatine Avenue, Hackney, London, N16 8XH
INFO LEAD new: [Permitted] Hackney/2025/1014 — STREET RECORD Woodberry Down, Hackney
INFO LEAD new: [Permitted] Hackney/2025/1015 — Street Record Woodberry Down, Hackney,
INFO LEAD new: [Permitted] Hackney/2025/1010 — Ground Floor, 134 - 146 Curtain Road, Hackney, London, EC2A 
INFO LEAD new: [Permitted] Hackney/2025/0996 — THE GLORY, 281 Kingsland Road, Hackney, London, E2 8AS
INFO LEAD new: [Permitted] Hackney/2025/1003 — Third Floor, KELTAN HOUSE, 89 - 115 Mare Street, Hackney, Lo
INFO LEAD new: [Permitted] Hackney/2025/0997 — BISHOPS COURT, 110 Matthias Road, Hackney, London, N16 8QZ
INFO LEAD new: [Permitted] Hackney/2025/1001 — 125 Dalston Lane, Hackney, London, E8 1AL
INFO LEAD new: [Permitted] Hackney/2025/0992 — Woodberry Down Phase 3 Seven Sisters Road , London, N4 2SB
INFO LEAD new: [Permitted] Hackney/2025/0988 — Waterside Academy, 325 Kingsland Road, London, E8 4DL
INFO LEAD new: [Permitted] Hackney/2025/0986 — Lee House, 6-6a Rectory Road, London, N16 7QS
INFO LEAD new: [Permitted] Hackney/2025/0987 — 9 Fairholt Close, Hackney, London, N16 5EL
INFO LEAD new: [Permitted] Hackney/2025/0984 — Flat B, 13 Darnley Road, Hackney, London, E9 6QH
INFO LEAD new: [Permitted] Hackney/2025/0980 — 169 Victoria Park Road, Hackney, London, E9 7JL
INFO LEAD new: [Permitted] Hackney/2025/0985 — Flat 4, ANCHOR MEWS Balls Pond Road, Hackney, London, N1 4BP
INFO LEAD new: [Permitted] Hackney/2025/0975 — 43 Adley Street, Hackney, London, E5 0DY
INFO LEAD new: [Permitted] Hackney/2025/0979 — 20 Alcester Crescent, Hackney, London, E5 9PX
INFO LEAD new: [Permitted] Hackney/2025/0976 — 44 St Marks Rise, Hackney
INFO LEAD new: [Permitted] Hackney/2025/0967 — 26 Alexandra Grove, Hackney, London, N4 2LF
INFO LEAD new: [Permitted] Hackney/2025/0973 — 26 Alexandra Grove, Hackney, London, N4 2LF
INFO LEAD new: [Permitted] Hackney/2025/0974 — First Floor Flat, 48 Foulden Road, Hackney, London, N16 7UR
INFO LEAD new: [Permitted] Hackney/2025/0966 — 26 Alexandra Grove, Hackney, London, N4 2LF
INFO LEAD new: [Permitted] Hackney/2025/0964 — 78 Coopersale Road, Hackney, London, E9 6BA
INFO LEAD new: [Permitted] Hackney/2025/0971 — HAGGERSTON STUDIOS, 284 Kingsland Road, Hackney, London, E8 
INFO LEAD new: [Permitted] Hackney/2025/0968 — 115-119 Wallis Road, London, E9 5LN
INFO LEAD new: [Permitted] Hackney/2025/0972 — 8 Northfield Road, Hackney, London, N16 5RN
INFO LEAD new: [Permitted] Hackney/2025/0959 — Second Floor Flat, 53 Hoxton Square, Hackney, London, N1 6PB
INFO LEAD new: [Permitted] Hackney/2025/0955 — 6 Cottons Gardens, Hackney, London, E2 8DN
INFO LEAD new: [Permitted] Hackney/2025/0954 — 14 Hewett Street, Hackney, London, EC2A 3NP
INFO LEAD new: [Permitted] Hackney/2025/0949 — THE PRINCE EDWARD, 97 Wick Road, Hackney, London, E9 5AB
INFO LEAD new: [Permitted] Hackney/2025/0938 — Shiva's Shop, 50 - 52 Clarence Road, Hackney, London, E5 8HB
INFO LEAD new: [Permitted] Hackney/2025/0943 — 36 Dumont Road, Hackney, London, N16 0NS
INFO LEAD new: [Permitted] Hackney/2025/0939 — 14 Banbury Road, Hackney, London, E9 7DU
INFO LEAD new: [Permitted] Hackney/2025/0940 — 14 Banbury Road, Hackney, London, E9 7DU
INFO LEAD new: [Permitted] Hackney/2025/0941 — 14 Banbury Road, Hackney, London, E9 7DU
INFO LEAD new: [Permitted] Hackney/2025/0942 — 246 Queensbridge Road, Hackney, London, E8 3NB
INFO LEAD new: [Permitted] Hackney/2025/0944 — 45 Stoke Newington Church Street, Hackney, London, N16 0NX
INFO LEAD new: [Permitted] Hackney/2025/0922 — 131 Middleton Road, Hackney, London, E8 4LL
INFO LEAD new: [Permitted] Hackney/2025/0921 — HOMERTON HOSPITAL Homerton Grove, Hackney, London, E9 6SR
INFO LEAD new: [Permitted] Hackney/2025/0906 — FANSHAW HOUSE Fanshaw Street, Hackney, London, N1 6HX
INFO LEAD new: [Permitted] Hackney/2025/0920 — WIMBOURNE COURT Wimbourne Street, Hackney, London, N1 7HB
INFO LEAD new: [Permitted] Hackney/2025/0911 — Flat B, 30 Clarence Road, Hackney, London, E5 8HB
INFO LEAD new: [Permitted] Hackney/2025/0897 — First And Second Floor Flat, 49 Rivington Street, Hackney, L
INFO LEAD new: [Permitted] Hackney/2025/0896 — 52 Bayston Road, Hackney, London, N16 7LT
INFO LEAD new: [Permitted] Hackney/2025/0898 — 8, COLLISON PLACE Manor Road, Hackney, London, N16 5AY
INFO LEAD new: [Permitted] Hackney/2025/0924 — London Doggies, RAILWAY ARCH 375 Helmsley Place, Hackney, Lo
INFO LEAD new: [Permitted] Hackney/2025/0909 — 22 Queen Anne Road, Hackney, London, E9 7AH
INFO LEAD new: [Permitted] Hackney/2025/0932 — 71 Elderfield Road, Hackney, London, E5 0LE
INFO LEAD new: [Permitted] Hackney/2025/0933 — 71 Gunton Road, Hackney, London, E5 9JT
INFO LEAD new: [Permitted] Hackney/2025/0885 — 15 Trehurst Street, Hackney, London, E5 0EB
INFO LEAD new: [Permitted] Hackney/2025/0899 — Flat 1, 3 - 5 Kingsland High Street, Hackney, London, E8 2JS
INFO LEAD new: [Permitted] Hackney/2025/0892 — 5 - 7 Great Eastern Street, Hackney, London, EC2A 3EJ
INFO LEAD new: [Permitted] Hackney/2025/0879 — 44 Northfield Road, Hackney
INFO LEAD new: [Permitted] Hackney/2025/0874 — 70 Allen Road, Hackney, London, N16 8RZ
INFO LEAD new: [Permitted] Hackney/2025/0883 — London Fire Brigade, STOKE NEWINGTON FIRE STATION, 64 Stoke 
INFO LEAD new: [Permitted] Hackney/2025/0876 — 87 - 95 Hertford Road, Hackney, London, N1 5AG
INFO LEAD new: [Permitted] Hackney/2025/0855 — Queen Of Hoxton, QUEEN OF HOXTON, 1 - 5 Curtain Road, Hackne
INFO LEAD new: [Permitted] Hackney/2025/0863 — 9 Newick Road, Hackney, London, E5 0RP
INFO LEAD new: [Permitted] Hackney/2025/0858 — 25 Meynell Crescent, Hackney, London, E9 7AS
INFO LEAD new: [Permitted] Hackney/2025/0854 — 119 Osbaldeston Road, Hackney, London, N16 6ND
INFO LEAD new: [Permitted] Hackney/2025/0850 — Unit 2, Ravensdale Industrial Estate Timberwharf Road, Hackn
INFO LEAD new: [Permitted] Hackney/2025/0836 — Unit G30, OLYMPIC HOUSE, 12 Somerford Grove, Hackney, London
INFO LEAD new: [Permitted] Hackney/2025/0846 — Unit G29, Olympic House, 12 Somerford Grove, Hackney, London
INFO LEAD new: [Permitted] Hackney/2025/0841 — 37 Rivington Walk, Hackney, London, E8 4JT
INFO LEAD new: [Permitted] Hackney/2025/0847 — Unit G18, OLYMPIC HOUSE, 12 Somerford Grove, Hackney, London
INFO LEAD new: [Permitted] Hackney/2025/0848 — Unit G19, OLYMPIC HOUSE, 12 Somerford Grove, Hackney, London
INFO LEAD new: [Permitted] Hackney/2025/0856 — Unit G21, OLYMPIC HOUSE, 12 Somerford Grove, Hackney, London
INFO LEAD new: [Permitted] Hackney/2025/0857 — Unit G25, OLYMPIC HOUSE, 12 Somerford Grove, Hackney, London
INFO LEAD new: [Permitted] Hackney/2025/0862 — Unit G23, OLYMPIC HOUSE, 12 Somerford Grove, Hackney, London
INFO LEAD new: [Permitted] Hackney/2025/0864 — Unit G26, OLYMPIC HOUSE, 12 Somerford Grove, Hackney, London
INFO LEAD new: [Permitted] Hackney/2025/0867 — Unit G24, OLYMPIC HOUSE, 12 Somerford Grove, Hackney, London
INFO LEAD new: [Permitted] Hackney/2025/0869 — Unit G27, OLYMPIC HOUSE, 12 Somerford Grove, Hackney, London
INFO LEAD new: [Permitted] Hackney/2025/0837 — Unit G22, Olympic House, 12 Somerford Grove, Hackney, London
INFO LEAD new: [Permitted] Hackney/2025/0838 — Unit G20, Olympic House, 12 Somerford Grove, Hackney, London
INFO LEAD new: [Permitted] Hackney/2025/0842 — 23 Bayston Road, Hackney, London, N16 7LU
INFO LEAD new: [Permitted] Hackney/2025/0835 — Unit G28, Olympic House, 12 Somerford Grove, Hackney, London
INFO LEAD new: [Permitted] Hackney/2025/0861 — 23 Bayston Road, Hackney, London, N16 7LU
INFO LEAD new: [Permitted] Hackney/2025/0839 — Unit G31, OLYMPIC HOUSE, 12 Somerford Grove, Hackney, London
INFO [hackney/Permitted] page at offset 1600: 100 records
INFO LEAD new: [Permitted] Hackney/2025/0843 — 119 Osbaldeston Road, Hackney, London, N16 6ND
INFO LEAD new: [Permitted] Hackney/2025/0915 — Kennaway Estate Stoke Newington Church Street, Hackney, Lond
INFO LEAD new: [Permitted] Hackney/2025/0832 — 23 Haggerston Studios, 284-288 Kingsland Road , London , E8 
INFO LEAD new: [Permitted] Hackney/2025/0831 — 16 St Johns Church Road, Hackney, London, E9 6EJ
INFO LEAD new: [Permitted] Hackney/2025/0844 — 19 Merriam Avenue, Hackney, London, E9 5LS
INFO LEAD new: [Permitted] Hackney/2025/0834 — 45 Bevenden Street, Hackney
INFO LEAD new: [Permitted] Hackney/2025/0829 — 137 Chatsworth Road, Hackney, London, E5 0LA
INFO LEAD new: [Permitted] Hackney/2025/0823 — Hackney Town Hall Mare Street, Hackney, E8 1EA
INFO LEAD new: [Permitted] Hackney/2025/0826 — Flat A, 84 Lordship Park, Hackney, London, N16 5UA
INFO LEAD new: [Permitted] Hackney/2025/0828 — 121 Dalston Lane, Hackney, London, E8 1AL
INFO LEAD new: [Permitted] Hackney/2025/0817 — 126 Lordship Road, Hackney, London, N16 0QL
INFO LEAD new: [Permitted] Hackney/2025/0821 — 100 Albion Drive, Hackney, London, E8 4LY
INFO LEAD new: [Permitted] Hackney/2025/0818 — 34 Graham Road, Hackney, London, E8 1BZ
INFO LEAD new: [Permitted] Hackney/2025/0814 — Unit G8, Olympic House, 12 Somerford Grove, Hackney, London,
INFO LEAD new: [Permitted] Hackney/2025/0792 — 55 - 59 Rivington Street, Hackney, London, EC2A 3QB
INFO LEAD new: [Permitted] Hackney/2025/0815 — Basement And Ground Floor Flat, 35 Benthal Road, Hackney, Lo
INFO LEAD new: [Permitted] Hackney/2025/0804 — Ground Floor, 151 Hoxton Street, Hackney, London, N1 6PJ
INFO LEAD new: [Permitted] Hackney/2025/0810 — Unit G2, Olympic House, 12 Somerford Grove, Hackney, London,
INFO LEAD new: [Permitted] Hackney/2025/0799 — Unit G11, OLYMPIC HOUSE, 12 Somerford Grove, Hackney, London
INFO LEAD new: [Permitted] Hackney/2025/0800 — Unit G14, OLYMPIC HOUSE, 12 Somerford Grove, Hackney, London
INFO LEAD new: [Permitted] Hackney/2025/0802 — Unit G5, OLYMPIC HOUSE, 12 Somerford Grove, Hackney, London,
INFO LEAD new: [Permitted] Hackney/2025/0803 — Unit G1, OLYMPIC HOUSE, 12 Somerford Grove, Hackney, London,
INFO LEAD new: [Permitted] Hackney/2025/0809 — Unit G6, OLYMPIC HOUSE, 12 Somerford Grove, Hackney, London,
INFO LEAD new: [Permitted] Hackney/2025/0805 — Unit G3, OLYMPIC HOUSE, 12 Somerford Grove, Hackney, London,
INFO LEAD new: [Permitted] Hackney/2025/0808 — Unit G10, OLYMPIC HOUSE, 12 Somerford Grove, Hackney, London
INFO LEAD new: [Permitted] Hackney/2025/0796 — Unit G16, Olympic House, 12 Somerford Grove, Hackney, London
INFO LEAD new: [Permitted] Hackney/2025/0797 — Unit G12, Olympic House, 12 Somerford Grove, Hackney, London
INFO LEAD new: [Permitted] Hackney/2025/0798 — Unit G7, Olympic House, 12 Somerford Grove, Hackney, London,
INFO LEAD new: [Permitted] Hackney/2025/0801 — Unit G9, Olympic House, 12 Somerford Grove, Hackney, London,
INFO LEAD new: [Permitted] Hackney/2025/0807 — Unit G15, Olympic House, 12 Somerford Grove, Hackney, London
INFO LEAD new: [Permitted] Hackney/2025/0812 — Unit G17, Olympic House, 12 Somerford Grove, Hackney, London
INFO LEAD new: [Permitted] Hackney/2025/0813 — Unit G13, Olympic House, 12 Somerford Grove, Hackney, London
INFO LEAD new: [Permitted] Hackney/2025/0811 — Unit G4, Olympic House, 12 Somerford Grove, Hackney, London,
INFO LEAD new: [Permitted] Hackney/2025/0790 — Flat A, 156 Southgate Road, Hackney, London, N1 3HX
INFO LEAD new: [Permitted] Hackney/2025/0794 — Flat B, 37 New North Road, Hackney, London, N1 6JB
INFO LEAD new: [Permitted] Hackney/2025/0795 — Flat D, 37 New North Road, Hackney, London, N1 6JB
INFO LEAD new: [Permitted] Hackney/2025/0785 — Arches 451 - 452 Andre Street, London , E8 2AN
INFO LEAD new: [Permitted] Hackney/2025/0772 — 99 Finsbury Park Road, Hackney, London, N4 2JU
INFO LEAD new: [Permitted] Hackney/2025/1172 — Kennaway Estate Stoke Newington Church Street, Hackney, Lond
INFO LEAD new: [Permitted] Hackney/2025/0778 — 37 Albion Drive, Hackney, London, E8 4LT
INFO LEAD new: [Permitted] Hackney/2025/0779 — Flat 3, FREDERICK BUILDING, 76 Tottenham Road, Hackney, Lond
INFO LEAD new: [Permitted] Hackney/2025/0784 — 66 Lauriston Road, Hackney, London, E9 7EY
INFO LEAD new: [Permitted] Hackney/2025/0782 — 52 Defoe Road, Hackney, London, N16 0EH
INFO LEAD new: [Permitted] Hackney/2025/0776 — Flat B, 40 Colvestone Crescent, Hackney, London, E8 2LH
INFO LEAD new: [Permitted] Hackney/2025/0759 — 35 London Lane, Hackney, London, E8 3PR
INFO LEAD new: [Permitted] Hackney/2025/0754 — 35 London Lane, Hackney, London, E8 3PR
INFO LEAD new: [Permitted] Hackney/2025/0767 — Flat 10, 103-105 Victoria Park Road, Hackney, London, E9 7JJ
INFO LEAD new: [Permitted] Hackney/2025/0753 — 7 Spring Hill, Hackney, London, E5 9BE
INFO LEAD new: [Permitted] Hackney/2025/0851 — 189 Stoke Newington High Street, Hackney, London, N16 0LH
INFO LEAD new: [Permitted] Hackney/2025/0766 — 35 London Lane, Hackney, London, E8 3PR
INFO LEAD new: [Permitted] Hackney/2025/0755 — DAVINA HOUSE, 238A Dalston Lane, Hackney, London, E8 1LQ
INFO LEAD new: [Permitted] Hackney/2025/0746 — 4 Olinda Road, Hackney, London, N16 6TL
INFO LEAD new: [Permitted] Hackney/2025/0745 — 35 London Lane, Hackney, London, E8 3PR
INFO LEAD new: [Permitted] Hackney/2025/0749 — 35 London Lane, Hackney, London, E8 3PR
INFO LEAD new: [Permitted] Hackney/2025/0756 — 44 Hawksley Road, Hackney, London, N16 0TJ
INFO LEAD new: [Permitted] Hackney/2025/0769 — 13 Valentine Road, Hackney, London, E9 7AD
INFO LEAD new: [Permitted] Hackney/2025/0750 — Flat A, 12 Poole Road, Hackney, London, E9 7AE
INFO LEAD new: [Permitted] Hackney/2025/0748 — 56 Alconbury Road, Hackney, London, E5 8RH
INFO LEAD new: [Permitted] Hackney/2025/0765 — Basement And Ground Floor Flat, 68 Mortimer Road, Hackney, L
INFO LEAD new: [Permitted] Hackney/2025/0734 — Ground Floor Flat, 6A Beatty Road, Hackney, London, N16 8EB
INFO LEAD new: [Permitted] Hackney/2025/0737 — 15 Walsingham Road, Hackney, London, E5 8NE
INFO LEAD new: [Permitted] Hackney/2025/0736 — 29 Beck Road, Hackney, London, E8 4RE
INFO LEAD new: [Permitted] Hackney/2025/0742 — 175 Powerscroft Road, Hackney, London, E5 0PR
INFO LEAD new: [Permitted] Hackney/2025/0738 — Broadgate Quarter 9 Appold Street & 1 Snowden Street, London
INFO LEAD new: [Permitted] Hackney/2025/0731 — Morningside School, MORNINGSIDE PRIMARY SCHOOL Morning Lane,
INFO LEAD new: [Permitted] Hackney/24/00012/106 — 80-84 Wallis Road, Hackney, London, E9 5LW
INFO LEAD new: [Permitted] Hackney/2025/0727 — 14 To 40 Newnton Close And 456 To 484 Seven Sisters Road, Lo
INFO LEAD new: [Permitted] Hackney/2025/0728 — 44 Daubeney Road, Hackney, London, E5 0EF
INFO LEAD new: [Permitted] Hackney/2025/0725 — FANSHAW HOUSE Fanshaw Street, Hackney, London, N1 6HX
INFO LEAD new: [Permitted] Hackney/2025/0721 — Unit 16i, PERSEVERANCE WORKS, 38 Kingsland Road, Hackney, Lo
INFO LEAD new: [Permitted] Hackney/2025/0719 — Land Adjoining Bsix College Kenninghall Road, London , E5 8B
INFO LEAD new: [Permitted] Hackney/2025/0717 — Electricity Sub Station 15m From 7 Garnham Street 11m From U
INFO LEAD new: [Permitted] Hackney/2025/0708 — 62 Clarence Road, Hackney, London, E5 8HB
INFO LEAD new: [Permitted] Hackney/2025/0703 — Flat 1, 3 - 5 Kingsland High Street, Hackney, London, E8 2JS
INFO LEAD new: [Permitted] Hackney/2025/0710 — THE WEST RESERVOIR CENTRE Green Lanes, Hackney, London, N4 2
INFO LEAD new: [Permitted] Hackney/2025/0694 — Leaside Young Mariners Youth Centre, 34 Spring Lane, Hackney
INFO LEAD new: [Permitted] Hackney/2025/0692 — 10 Stoke Newington Common, Hackney, London, N16 7ES
INFO LEAD new: [Permitted] Hackney/2025/0695 — Ground Floor, 52 Great Eastern Street, Hackney, London, EC2A
INFO LEAD new: [Permitted] Hackney/2025/0693 — 48 Finsbury Park Road, Hackney, London, N4 2JX
INFO LEAD new: [Permitted] Hackney/2025/0701 — 410 Seven Sisters Road, London , N4 2LX
INFO LEAD new: [Permitted] Hackney/2025/0696 — Flat 1, 3 - 5 Kingsland High Street, Hackney, London, E8 2JS
INFO LEAD new: [Permitted] Hackney/2025/0702 — BISHOPSGATE GOODS YARD, 40 Shoreditch High Street, Hackney, 
INFO LEAD new: [Permitted] Hackney/2025/0686 — 12 Forburg Road, Hackney, London, N16 6HS
INFO LEAD new: [Permitted] Hackney/2025/0684 — Arches, 189-201 Morning Lane, Hackney, London, E9 6LJ
INFO LEAD new: [Permitted] Hackney/2025/0679 — Post Office, 138 Stoke Newington High Street, Hackney, Londo
INFO LEAD new: [Permitted] Hackney/2025/0682 — 22 St Andrews Grove, Hackney, London, N16 5NE
INFO LEAD new: [Permitted] Hackney/2025/0688 — 410 Seven Sisters Road, London , N4 2LX
INFO LEAD new: [Permitted] Hackney/2025/0685 — 22 St Andrews Grove, Hackney, London, N16 5NE
INFO [hackney/Permitted] page at offset 1700: 100 records
INFO LEAD new: [Permitted] Hackney/2025/0668 — Richmond Road Medical Centre, 136 Richmond Road, Hackney, Lo
INFO LEAD new: [Permitted] Hackney/2025/0674 — Flat A, 253 Glyn Road, Hackney, London, E5 0JP
INFO LEAD new: [Permitted] Hackney/2025/0683 — PO Box 270 Guildhall, London , EC2P 2EJ
INFO LEAD new: [Permitted] Hackney/2025/0669 — 121 Dalston Lane, Hackney, London, E8 1AL
INFO LEAD new: [Permitted] Hackney/2025/0673 — 20 Bergholt Crescent, Hackney, London, N16 5JE
INFO LEAD new: [Permitted] Hackney/2025/0651 — 91 Forest Road, Hackney, London, E8 3BL
INFO LEAD new: [Permitted] Hackney/2025/0658 — PRIORY COURT Brooksbys Walk, Hackney, London, E9 6DG
INFO LEAD new: [Permitted] Hackney/2025/0665 — 12 Blurton Road, Hackney, London, E5 0NL
INFO LEAD new: [Permitted] Hackney/2025/0652 — 99 Casimir Road, Hackney, London, E5 9NX
INFO LEAD new: [Permitted] Hackney/2025/0654 — 29 Ravensdale Road, Hackney, London, N16 6TJ
INFO LEAD new: [Permitted] Hackney/2025/0659 — Davina House, 238a Dalston Lane, Hackney, London, E8 1LQ
INFO LEAD new: [Permitted] Hackney/2025/0699 — 31 Lampard Grove, Hackney, London, N16 6XA
INFO LEAD new: [Permitted] Hackney/2025/0660 — 49 Kenworthy Road, Hackney, London, E9 5RB
INFO LEAD new: [Permitted] Hackney/2025/0638 — 195 Mare Street, Hackney, London, E8 3QE
INFO LEAD new: [Permitted] Hackney/2025/0644 — 141 Elderfield Road, Hackney, London, E5 0AY
INFO LEAD new: [Permitted] Hackney/2025/0637 — 6 Olinda Road, Hackney, London, N16 6TL
INFO LEAD new: [Permitted] Hackney/2025/0639 — BISON HOUSE, 160 Homerton High Street, Hackney, London, E9 6
INFO LEAD new: [Permitted] Hackney/2025/0636 — 141 Elderfield Road, Hackney, London, E5 0AY
INFO LEAD new: [Permitted] Hackney/2025/0650 — 29 Albert Close, Hackney, London, E9 7EX
INFO LEAD new: [Permitted] Hackney/2025/0647 — 29 St Johns Church Road, Hackney, London, E9 6EJ
INFO LEAD new: [Permitted] Hackney/2025/0640 — 97 Mortimer Road, Hackney, London, N1 4LB
INFO LEAD new: [Permitted] Hackney/2025/0641 — 31 Queen Elizabeths Walk, Hackney, London, N16 5UZ
INFO LEAD new: [Permitted] Hackney/2025/0648 — 30 Chailey Street, Hackney, London, E5 0RX
INFO LEAD new: [Permitted] Hackney/2025/0645 — Caretakers Accomodation, ST SCHOLASTICAS RC JUNIOR MIDDLE AN
INFO LEAD new: [Permitted] Hackney/2025/0632 — 63 St Mary Axe, London, EC3A 8AA
INFO LEAD new: [Permitted] Hackney/2025/0631 — Ethiopian Orthodox Church Of St Mary Zion, 229 Lower Clapton
INFO LEAD new: [Permitted] Hackney/2025/0635 — Flat 1, 3 - 5 Kingsland High Street, Hackney, London, E8 2JS
INFO LEAD new: [Permitted] Hackney/2025/0634 — 31 Lampard Grove, Hackney, London, N16 6XA
INFO LEAD new: [Permitted] Hackney/2025/0620 — 89 Stamford Hill, Hackney, London, N16 5TP
INFO LEAD new: [Permitted] Hackney/2025/0615 — Burma Court Playgroup, MABEL THORNTON HOUSE, 11 Burma Road, 
INFO LEAD new: [Permitted] Hackney/2025/0623 — 41 Queen Elizabeths Walk, Hackney, London, N16 5UG
INFO LEAD new: [Permitted] Hackney/2025/0616 — 6 Rufus Street, Hackney, N1 6PE
INFO LEAD new: [Permitted] Hackney/2025/0622 — 234 - 238 Mare Street, Hackney, London, E8 1HE
INFO LEAD new: [Permitted] Hackney/2025/0595 — Flat A, 7 Springdale Road, Hackney, London, N16 9NS
INFO LEAD new: [Permitted] Hackney/2025/0601 — 95 Navarino Road, Hackney, London, E8 1AG
INFO LEAD new: [Permitted] Hackney/2025/0608 — 13 Perch Street, Hackney, London, E8 2EG
INFO LEAD new: [Permitted] Hackney/2025/0613 — Flat A, 70 Sandringham Road, Hackney, London, E8 2LL
INFO LEAD new: [Permitted] Hackney/2025/0605 — 179 Homerton High Street, Hackney, London, E9 6BB
INFO LEAD new: [Permitted] Hackney/2025/0612 — Ground Floor, 88 - 92 Wallis Road, Hackney, London, E9 5LN
INFO LEAD new: [Permitted] Hackney/2025/0586 — 83 Ravensdale Road, Hackney, London, N16 6TH
INFO LEAD new: [Permitted] Hackney/2025/0587 — 20 - 22 Rookwood Road, Hackney, London, N16 6SS
INFO LEAD new: [Permitted] Hackney/2025/0588 — 40 Ferncliff Road, Hackney, London, E8 2HX
INFO LEAD new: [Permitted] Hackney/2025/0574 — Scooterden, 505A Kingsland Road, Hackney, London, E8 4AU
INFO LEAD new: [Permitted] Hackney/2025/0558 — 30 Norcott Road, Hackney, London, N16 7EL
INFO LEAD new: [Permitted] Hackney/2025/0572 — COLVESTONE PRIMARY SCHOOL Colvestone Crescent, Hackney, Lond
INFO LEAD new: [Permitted] Hackney/2025/0566 — Outside Dalston Kingsland Station, 51-55 Kingsland High Stre
INFO LEAD new: [Permitted] Hackney/2025/0567 — Outside Dalston Kingsland Station, 51-55 Kingsland High Stre
INFO LEAD new: [Permitted] Hackney/2025/0568 — 14 Stoke Newington High Street, Hackney, London, N16 7PL
INFO LEAD new: [Permitted] Hackney/2025/0571 — 3A Lordship Road, Hackney, London, N16 0PP
INFO LEAD new: [Permitted] Hackney/2025/0569 — 14 Stoke Newington High Street, Hackney, London, N16 7PL
INFO LEAD new: [Permitted] Hackney/2025/0564 — 30 Norcott Road, Hackney, London, N16 7EL
INFO LEAD new: [Permitted] Hackney/2025/0570 — Flat 2 And 5, 107 Queens Drive, Hackney, London, N4 2BE
INFO LEAD new: [Permitted] Hackney/2025/0562 — Scooterden, 505A Kingsland Road, Hackney, London, E8 4AU
INFO LEAD new: [Permitted] Hackney/2025/0563 — 144 Brooke Road, Hackney, London, N16 7RR
INFO LEAD new: [Permitted] Hackney/2025/0557 — 107 - 117 Morning Lane, Hackney, London, E9 6ND
INFO LEAD new: [Permitted] Hackney/2025/0576 — Randal Cremer Primary School, RANDAL CREMER PRIMARY SCHOOL O
INFO LEAD new: [Permitted] Hackney/2025/0565 — Star Kebab & Pizza, 169 Homerton High Street, Hackney, Londo
INFO LEAD new: [Permitted] Hackney/2025/0548 — 46 Lingwood Road, Hackney, London, E5 9BN
INFO LEAD new: [Permitted] Hackney/2025/0539 — Flat A, 48 Englefield Road, Hackney, London, N1 4HA
INFO LEAD new: [Permitted] Hackney/2025/0541 — 58 Alkham Road, Hackney, London, N16 6XF
INFO LEAD new: [Permitted] Hackney/2025/1033 — Outside Shoreditch Fire Station Old Street, London , EC1V 9E
INFO LEAD new: [Permitted] Hackney/2025/0551 — 11 Bushberry Road, Hackney, London, E9 5SX
INFO LEAD new: [Permitted] Hackney/2025/0554 — 46 Bushberry Road, Hackney, London, E9 5SX
INFO LEAD new: [Permitted] Hackney/2025/0524 — 165 Osbaldeston Road, Hackney, London, N16 6ND
INFO LEAD new: [Permitted] Hackney/2025/0532 — Flat 1, 56 Mount Pleasant Lane, Hackney, London, E5 9EN
INFO LEAD new: [Permitted] Hackney/2025/0511 — 86 Leswin Road, Hackney, London, N16 7ND
INFO LEAD new: [Permitted] Hackney/2025/0528 — De Beauvoir School, DE BEAUVOIR PRIMARY SCHOOL, 80 Tottenham
INFO LEAD new: [Permitted] Hackney/2025/0534 — 107 - 117 Morning Lane, Hackney, London, E9 6ND
INFO LEAD new: [Permitted] Hackney/2025/0509 — 47 Casimir Road, Hackney, London, E5 9NU
INFO LEAD new: [Permitted] Hackney/2025/0536 — Flat 12, ACADEMY APARTMENTS, 236 Dalston Lane, Hackney, Lond
INFO LEAD new: [Permitted] Hackney/2025/0516 — 167 - 169 Kingsland Road, Hackney
INFO LEAD new: [Permitted] Hackney/2025/0514 — 39 Shacklewell Road, Hackney, London, N16 7TW
INFO LEAD new: [Permitted] Hackney/2025/0537 — 8 Jackson Close, Hackney, London, E9 7ER
INFO LEAD new: [Permitted] Hackney/2025/0525 — 14 Castleview Close, Hackney, London, N4 2DJ
INFO LEAD new: [Permitted] Hackney/2025/0527 — Caretakers Accomodation, ST SCHOLASTICAS RC JUNIOR MIDDLE AN
INFO LEAD new: [Permitted] Hackney/2025/0502 — Flat C, 14 Mabley Street, Hackney, London, E9 5RH
INFO LEAD new: [Permitted] Hackney/2025/0492 — Flat A, 113 De Beauvoir Road, Hackney, London, N1 4DL
INFO LEAD new: [Permitted] Hackney/2025/0497 — East Wick Phase 2, Development Parcel 5.6, PDZ5, Legacy Comm
INFO LEAD new: [Permitted] Hackney/2025/0500 — Land Between Waterden Road, Clarnico Land, East Bay Lane And
INFO LEAD new: [Permitted] Hackney/2025/0501 — 118 Nevill Road, Hackney, London, N16 0SX
INFO LEAD new: [Permitted] Hackney/2025/0505 — 6 Edmeston Close, Hackney, London, E9 5TJ
INFO [hackney/Permitted] page at offset 1800: 100 records
INFO LEAD new: [Permitted] Hackney/2025/0495 — QUICK HOUSE, 65 Clifton Street, Hackney, London, EC2A 4JE
INFO LEAD new: [Permitted] Hackney/2025/0496 — The West Reservoir Centre Green Lanes, Hackney, London, N4 2
INFO LEAD new: [Permitted] Hackney/2025/0498 — 25 Edmeston Close, Hackney, London, E9 5TJ
INFO LEAD new: [Permitted] Hackney/2025/0480 — 12 Albion Drive, Hackney, London, E8 4ET
INFO LEAD new: [Permitted] Hackney/2025/0490 — 29 St Marks Rise, Hackney, London, E8 2NL
INFO LEAD new: [Permitted] Hackney/2025/0452 — 195 Homerton High Street, Hackney, London, E9 6BB
INFO LEAD new: [Permitted] Hackney/2025/0481 — 111 Great Eastern Street, Hackney, London, EC2A 3JD
INFO LEAD new: [Permitted] Hackney/2025/0482 — 16A Chart Street, Hackney, London, N1 6DD
INFO LEAD new: [Permitted] Hackney/2025/0491 — Dalston Garage, 91 Barretts Grove, Hackney, London, N16 8AP
INFO LEAD new: [Permitted] Hackney/2025/0446 — 20 De Beauvoir Square, Hackney, London, N1 4LD
INFO LEAD new: [Permitted] Hackney/2025/0464 — 115-119 Wallis Road, London , E9 5LN
INFO LEAD new: [Permitted] Hackney/2025/0443 — 195 Mare Street, Hackney, London, E8 3QE
INFO LEAD new: [Permitted] Hackney/2025/0471 — Clapton Food Centre, 155 Lower Clapton Road, Hackney, London
INFO LEAD new: [Permitted] Hackney/2025/0440 — 187 Shoreditch High Street, Hackney, London, E1 6HU
INFO LEAD new: [Permitted] Hackney/2025/0441 — 9 Fairholt Close, Hackney, London, N16 5EL
INFO LEAD new: [Permitted] Hackney/2025/0428 — 9 Fairholt Close, Hackney, London, N16 5EL
INFO LEAD new: [Permitted] Hackney/2025/0432 — 81 Stoke Newington Church Street, Hackney, London, N16 0AS
INFO LEAD new: [Permitted] Hackney/2025/0433 — 81 Stoke Newington Church Street, Hackney, London, N16 0AS
INFO LEAD new: [Permitted] Hackney/2025/0434 — East Wick Phase 2, Development Parcel 5.6, Planning Delivery
INFO LEAD new: [Permitted] Hackney/2025/0425 — Second Floor Rear Flat, BASSMORE HOUSE, 151 - 153 Curtain Ro
INFO LEAD new: [Permitted] Hackney/2025/0431 — Simply Organique, 316 Green Lanes, Hackney, London, N4 1BX
INFO LEAD new: [Permitted] Hackney/2025/0426 — Land At Leaside Road Leaside Road, London, E5 9ND
INFO LEAD new: [Permitted] Hackney/2025/0439 — Second Floor Units 16 And 17, 11 - 17 Exmouth Place, Hackney
INFO LEAD new: [Permitted] Hackney/2025/0435 — East Wick Phase 2, Development Parcel 5.6, Planning Delivery
INFO LEAD new: [Permitted] Hackney/2025/0419 — Flat C, 21 Albion Grove, Hackney, London, N16 8RE
INFO LEAD new: [Permitted] Hackney/2025/0411 — Phase 3 Woodberry Down Estate, Hackney
INFO LEAD new: [Permitted] Hackney/2025/0415 — The Coach House, 4 Woodberry Down, Hackney, London, N4 2TG
INFO LEAD new: [Permitted] Hackney/2025/0418 — Phase 3 Woodberry Down Estate, Hackney
INFO LEAD new: [Permitted] Hackney/2025/0420 — Flat 34, CALICO HOUSE Woodberry Grove, Hackney, London, N4 2
INFO LEAD new: [Permitted] Hackney/2025/0406 — Lower Flat, 4 Fremont Street, Hackney, London, E9 7NQ
INFO LEAD new: [Permitted] Hackney/2025/0408 — 211 Richmond Road, Hackney, London, E8 3NJ
INFO LEAD new: [Permitted] Hackney/2025/0407 — The Nightingale Estate Downs Road, Hackney, E5 8QH
INFO LEAD new: [Permitted] Hackney/2025/0413 — 21 Speldhurst Road, Hackney, London, E9 7EH
INFO LEAD new: [Permitted] Hackney/2025/0402 — 71 Elderfield Road, Hackney, London, E5 0LE
INFO LEAD new: [Permitted] Hackney/2025/0404 — 1 Myddleton Avenue, Hackney, London, N4 2FA
INFO LEAD new: [Permitted] Hackney/2025/0394 — 28 Clissold Crescent, Hackney, London, N16 9BE
INFO LEAD new: [Permitted] Hackney/2025/0395 — Dalston Garage, 91 Barretts Grove, Hackney, London, N16 8AP
INFO LEAD new: [Permitted] Hackney/2025/0397 — Cirrik Restaurant, 1 - 3 Amhurst Road, Hackney, London, E8 1
INFO LEAD new: [Permitted] Hackney/2025/0391 — London Borough Of Hackney, RECTORY ROAD AREA OFFICE, 101 - 1
INFO LEAD new: [Permitted] Hackney/2025/0396 — 16 Ainsworth Road, Hackney, London, E9 7LP
INFO LEAD new: [Permitted] Hackney/2025/0389 — 28 Clissold Crescent, Hackney, London, N16 9BE
INFO LEAD new: [Permitted] Hackney/2025/0392 — 2 Glaserton Road, Hackney, London, N16 5QX
INFO LEAD new: [Permitted] Hackney/2025/0387 — 4 Graham Road, Hackney, London, E8 1BZ
INFO LEAD new: [Permitted] Hackney/2025/0378 — 33 Stamford Road, Hackney, London, N1 4JP
INFO LEAD new: [Permitted] Hackney/2025/0379 — 103 Forest Road, Hackney, London, E8 3BH
INFO LEAD new: [Permitted] Hackney/2025/0377 — 16 To 31 Cypress Close, Hackney,
INFO LEAD new: [Permitted] Hackney/2025/0384 — 61 Queen Elizabeths Walk, Hackney, London, N16 5UG
INFO LEAD new: [Permitted] Hackney/2025/0376 — 56 Linthorpe Road, Hackney, London, N16 5RF
INFO LEAD new: [Permitted] Hackney/2025/0388 — Flat 5, 145 Queens Drive, Hackney, London, N4 2BB
INFO LEAD new: [Permitted] Hackney/2025/0380 — 69 Kynaston Road, Hackney, London, N16 0EB
INFO LEAD new: [Permitted] Hackney/2025/0370 — 7 Northfield Road, Hackney, London, N16 5RL
INFO LEAD new: [Permitted] Hackney/2025/0381 — 14 Grand Union Crescent, Hackney, London, E8 4TR
INFO LEAD new: [Permitted] Hackney/2025/0371 — 20 Appleby Road, Hackney, London, E8 3ET
INFO LEAD new: [Permitted] Hackney/2025/0358 — Flat C, 12 Mabley Street, Hackney, London, E9 5RH
INFO LEAD new: [Permitted] Hackney/2025/0352 — 133 - 141 Morning Lane, Hackney, London, E9 6ND
INFO LEAD new: [Permitted] Hackney/2025/0360 — 274 Craven Park Road, Hackney, London, N15 6AE
INFO LEAD new: [Permitted] Hackney/2025/0362 — Dalston Garage, 91 Barretts Grove, Hackney, London, N16 8AP
INFO LEAD new: [Permitted] Hackney/2025/0368 — 88 Lea Bridge Road, Hackney, London, E5 9QD
INFO LEAD new: [Permitted] Hackney/2025/0354 — Beis Chinuch Lebonos Girls Junior School, WOODBERRY DOWN CEN
INFO LEAD new: [Permitted] Hackney/2025/0359 — Launderette, 253 Amhurst Road, Hackney, London, N16 7UN
INFO LEAD new: [Permitted] Hackney/2025/0334 — 82 Eleanor Road (north), Hackney, London, E8 1DN
INFO LEAD new: [Permitted] Hackney/2025/0333 — 72 Sydner Road, Hackney, London, N16 7UG
INFO LEAD new: [Permitted] Hackney/2025/0341 — 143 Elderfield Road, Hackney, London, E5 0AY
INFO LEAD new: [Permitted] Hackney/2025/0339 — First Floor And Second Floor Flat, 38 Alkham Road, Hackney, 
INFO LEAD new: [Permitted] Hackney/2025/0351 — Hackney PDZ5 (East Wick), Land between Waterden Road, Clarni
INFO LEAD new: [Permitted] Hackney/2025/0343 — 167-169 Kingsland Road, Hackney, London, E2 8AL
INFO LEAD new: [Permitted] Hackney/2025/0345 — 128 Tottenham Road, Hackney, London, N1 4DY
INFO LEAD new: [Permitted] Hackney/2025/0321 — 43 Portland Avenue, Hackney, London, N16 6HD
INFO LEAD new: [Permitted] Hackney/2025/0346 — 43 Portland Avenue, Hackney, London, N16 6HD
INFO LEAD new: [Permitted] Hackney/2025/0315 — 45 Barbauld Road, Hackney, London, N16 0RT
INFO LEAD new: [Permitted] Hackney/2025/0319 — 18 - 24 Hows Street, Hackney, London, E2 8EH
INFO LEAD new: [Permitted] Hackney/2025/0347 — Hackney PDZ5 (East Wick), Land between Waterden Road, Clarni
INFO LEAD new: [Permitted] Hackney/2025/0340 — 45 Oldfield Road, Hackney, London, N16 0RR
INFO LEAD new: [Permitted] Hackney/2025/0323 — 7 Abney Mews, Hackney, London, N16 0AJ
INFO LEAD new: [Permitted] Hackney/2025/0298 — 22 Mount Pleasant Lane, Hackney, London, E5 9DN
INFO LEAD new: [Permitted] Hackney/2025/0306 — 148 - 150 Upper Clapton Road, Hackney, London, E5 9JZ
INFO LEAD new: [Permitted] Hackney/2025/0307 — 26 Daubeney Road, Hackney, London, E5 0EF
INFO LEAD new: [Permitted] Hackney/2025/0308 — Technico House, 4 Christopher Street, 56 And 58 Wilson Stree
INFO LEAD new: [Permitted] Hackney/2025/0303 — Office 301, 4 Christopher Street, Hackney, London, EC2A 2BS
INFO [hackney/Permitted] page at offset 1900: 100 records
INFO LEAD new: [Permitted] Hackney/2025/0300 — 43 Portland Avenue, Hackney, London, N16 6HD
INFO LEAD new: [Permitted] Hackney/2025/0314 — Land Adjoining BSix College Kenninghall Road, London , E5 8B
INFO LEAD new: [Permitted] Hackney/2025/0317 — 43 Portland Avenue, Hackney, London, N16 6HD
INFO LEAD new: [Permitted] Hackney/2025/0296 — Pinecone Ltd, 4 Christopher Street, Hackney
INFO LEAD new: [Permitted] Hackney/2025/0291 — 126 - 128 Lauriston Road, Hackney, London, E9 7LH
INFO LEAD new: [Permitted] Hackney/2025/0292 — Hackney PDZ5 (East Wick), Land between Waterden Road, Clarni
INFO LEAD new: [Permitted] Hackney/18/00002/AOD — Eastwick Phase 1, Development Parcels 5.5 And 5.9, Planning 
INFO LEAD new: [Permitted] Hackney/2025/0294 — East Wick Phase 2, Development Parcel 5.6, Planning Delivery
INFO LEAD new: [Permitted] Hackney/2025/0290 — Rear Of 30-36 Stamford Road, London, N1 4JL
INFO LEAD new: [Permitted] Hackney/2025/0286 — 78 Kyverdale Road, Hackney, London, N16 6PL
INFO LEAD new: [Permitted] Hackney/2025/0283 — 20 Alcester Crescent, Hackney, London, E5 9PX
INFO LEAD new: [Permitted] Hackney/2025/0280 — 20 Alcester Crescent, Hackney, London, E5 9PX
INFO LEAD new: [Permitted] Hackney/2025/0282 — 25 Powell Road, Hackney, London, E5 8DJ
INFO LEAD new: [Permitted] Hackney/2025/0272 — GARAGE BLOCK Buckland Street, Hackney, N1 6TR
INFO LEAD new: [Permitted] Hackney/2025/0278 — 48 Trehurst Street, Hackney, London, E5 0EB
INFO LEAD new: [Permitted] Hackney/2025/0270 — Teddy Bear School House Nursery, 51 Mayola Road, Hackney, Lo
INFO LEAD new: [Permitted] Hackney/2025/0281 — Store 02, 14 East Bay Lane, Hackney, London, E15 2GW
INFO LEAD new: [Permitted] Hackney/2025/0273 — 26 Cecilia Road, Hackney, London, E8 2ER
INFO LEAD new: [Permitted] Hackney/2025/0285 — Flat A, 151 Mount Pleasant Lane, Hackney, London, E5 9JG
INFO LEAD new: [Permitted] Hackney/2025/0267 — Dalston Garage, 91 Barretts Grove, Hackney, London, N16 8AP
INFO LEAD new: [Permitted] Hackney/2025/0295 — 195 Graham Road, London , E8 1PE
INFO LEAD new: [Permitted] Hackney/2025/0274 — 44 Forburg Road, Hackney, London, N16 6HS
INFO LEAD new: [Permitted] Hackney/2025/0264 — 28 Groombridge Road, Hackney, London, E9 7DP
INFO LEAD new: [Permitted] Hackney/2025/0268 — 192 Evering Road, Hackney, London, E5 8AJ
INFO LEAD new: [Permitted] Hackney/2025/0257 — 61 Buttesland Street, Hackney, London, N1 6BY
INFO LEAD new: [Permitted] Hackney/2025/0260 — 17 Corsham Street, Hackney, London, N1 6DR
INFO LEAD new: [Permitted] Hackney/2025/0263 — 17 Corsham Street, Hackney, London, N1 6DR
INFO LEAD new: [Permitted] Hackney/2025/0258 — 49, WATERMEAD HOUSE Homerton Road, Hackney, London, E9 5RS
INFO LEAD new: [Permitted] Hackney/2025/0253 — 15 Cranwich Road, Hackney, London, N16 5HZ
INFO LEAD new: [Permitted] Hackney/2025/0255 — 62 Englefield Road, Hackney, London, N1 4HA
INFO LEAD new: [Permitted] Hackney/2025/0256 — 9 Dericote Street, Hackney, London, E8 4PG
INFO LEAD new: [Permitted] Hackney/2025/0250 — Flat 1, 75 Blurton Road, Hackney, London, E5 0NH
INFO LEAD new: [Permitted] Hackney/2025/0251 — O2, Telecommunication 36058, BROOKE HOUSE SIXTH FORM COLLEGE
INFO LEAD new: [Permitted] Hackney/2025/0248 — 4 Wilmer Place, Hackney, London, N16 0LY
INFO LEAD new: [Permitted] Hackney/2025/0241 — 15 Cranwich Road, Hackney, London, N16 5HZ
INFO LEAD new: [Permitted] Hackney/2025/0235 — 18 Sidworth Street, London, E8 3SD
INFO LEAD new: [Permitted] Hackney/2025/0243 — 13 Leabourne Road, Hackney, London, N16 6SU
INFO LEAD new: [Permitted] Hackney/2025/0244 — 103 Manor Road, Hackney, London, N16 5PA
INFO LEAD new: [Permitted] Hackney/2025/0245 — 106 Osbaldeston Road, Hackney, London, N16 6NL
INFO LEAD new: [Permitted] Hackney/2025/0237 — Fanshaw House Fanshaw Street, Hackney, London, N1 6HX
INFO LEAD new: [Permitted] Hackney/2025/0236 — 103 Manor Road, Hackney, London, N16 5PA
INFO LEAD new: [Permitted] Hackney/2025/0216 — 21 Dunlace Road, Hackney, London, E5 0NF
INFO LEAD new: [Permitted] Hackney/2025/0219 — 3 Symington Mews, Hackney, London, E9 6BG
INFO LEAD new: [Permitted] Hackney/2025/0215 — 8 Atlas Mews, Hackney, London, E8 2NE
INFO LEAD new: [Permitted] Hackney/2025/0232 — 31 Kenton Road, Hackney, London, E9 7AB
INFO LEAD new: [Permitted] Hackney/2025/0225 — Flat A, 22 Durley Road, Hackney, London, N16 5JS
INFO LEAD new: [Permitted] Hackney/2025/0223 — 23 Horton Road, Hackney, London, E8 1DP
INFO LEAD new: [Permitted] Hackney/2025/0227 — 59 Englefield Road, Hackney, London, N1 4HD
INFO LEAD new: [Permitted] Hackney/2025/0228 — 84-86 Great Eastern Street And 1-3 Rivington Street, London,
INFO LEAD new: [Permitted] Hackney/2025/0212 — 14 Graham Road, Hackney, London, E8 1BZ
INFO LEAD new: [Permitted] Hackney/2025/0198 — Brooke House Sixth Form College, Brooke House Sixth Form Col
INFO LEAD new: [Permitted] Hackney/2025/0204 — Bus Shelter, Pavement Outside 140-176 Kingsland Road, London
INFO LEAD new: [Permitted] Hackney/2025/0205 — Site At Great Eastern Street, London, EC2A 3EH
INFO LEAD new: [Permitted] Hackney/2025/0224 — 108 Myddleton Avenue, Hackney, London, N4 2FH
INFO LEAD new: [Permitted] Hackney/2025/0218 — 22 Graham Road, Hackney, London, E8 1BZ
INFO LEAD new: [Permitted] Hackney/2025/0211 — 17 Corsham Street, Hackney, London, N1 6DR
INFO LEAD new: [Permitted] Hackney/2025/0201 — The Green Grill, Basement And Ground Floor, 46 Great Eastern
INFO LEAD new: [Permitted] Hackney/2025/0207 — 115 Graham Road, London, E8 1PB
INFO LEAD new: [Permitted] Hackney/2025/0233 — 43 Lavender Grove, Hackney, London, E8 3LR
INFO LEAD new: [Permitted] Hackney/2025/0213 — 18 King Edwards Road, Hackney, London, E9 7SF
INFO LEAD new: [Permitted] Hackney/2025/0214 — 63 Lauriston Road, Hackney, London, E9 7HA
INFO LEAD new: [Permitted] Hackney/2025/0194 — Hek Umut Ltd, 61 - 63 Westgate Street, Hackney, London, E8 3
INFO LEAD new: [Permitted] Hackney/2025/0231 — 45 Graham Road, Hackney, London, E8 1DA
INFO LEAD new: [Permitted] Hackney/2025/0197 — QUARTZ HOUSE Mildenhall Road, Hackney
INFO LEAD new: [Permitted] Hackney/2025/0200 — MONTACUTE YARDS, 185 - 186 Shoreditch High Street, Hackney, 
INFO LEAD new: [Permitted] Hackney/2025/0180 — First And Second Floors, G F I HOUSE, 9 Hewett Street, Hackn
INFO LEAD new: [Permitted] Hackney/2025/0187 — 18 Carysfort Road, Hackney, London, N16 9AL
INFO LEAD new: [Permitted] Hackney/2025/0179 — 143 Brooke Road, Hackney, London, N16 7RP
INFO LEAD new: [Permitted] Hackney/2025/0184 — 293 - 295 Old Street, Hackney, London, EC1V 9LA
INFO LEAD new: [Permitted] Hackney/2025/0183 — Caretakers Accomodation, ST SCHOLASTICAS RC JUNIOR MIDDLE AN
INFO LEAD new: [Permitted] Hackney/2025/0190 — 61 Median Road, Hackney, London, E5 0PJ
INFO LEAD new: [Permitted] Hackney/2025/0186 — Land To The Rear Of, 110-120 Lower Clapton Road, Hackney, Lo
INFO LEAD new: [Permitted] Hackney/2025/0178 — Flat A, 61 Lordship Road, Hackney, London, N16 0QJ
INFO LEAD new: [Permitted] Hackney/2025/0171 — 24/01262/FULMAJ 19-325 High Holborn (Heron House), 326-332 H
INFO LEAD new: [Permitted] Hackney/2025/0191 — 170 Lordship Road, Hackney, London, N16 5HB
INFO LEAD new: [Permitted] Hackney/2025/0173 — Second Floor Flat, 354 Queensbridge Road, Hackney, London, E
INFO LEAD new: [Permitted] Hackney/2025/0168 — Flat A, 2 Glaserton Road, Hackney, London, N16 5QX
INFO LEAD new: [Permitted] Hackney/2025/0163 — 56 Linthorpe Road, Hackney, London, N16 5RF
INFO LEAD new: [Permitted] Hackney/2025/0174 — 15 Southgate Grove, Hackney, London, N1 5BP
INFO LEAD new: [Permitted] Hackney/2025/0158 — 1 Bohemia Place, Hackney, London, E8 1DU
INFO LEAD new: [Permitted] Hackney/2025/0160 — 7 Cassland Road, Hackney, London, E9 7AL
INFO [hackney/Permitted] page at offset 2000: 100 records
INFO LEAD new: [Permitted] Hackney/2025/0165 — 213 Richmond Road, Hackney, London, E8 3NJ
INFO LEAD new: [Permitted] Hackney/2025/0156 — 144 Winston Road, Hackney, London, N16 9LJ
INFO LEAD new: [Permitted] Hackney/2025/0149 — 13 Horton Road, Hackney, London, E8 1DP
INFO LEAD new: [Permitted] Hackney/2025/0164 — 52 Linthorpe Road, Hackney, London, N16 5RF
INFO LEAD new: [Permitted] Hackney/2025/0159 — 159 Osbaldeston Road, Hackney, London, N16 6ND
INFO LEAD new: [Permitted] Hackney/2025/0139 — 17 Corsham Street, Hackney, London, N1 6DR
INFO LEAD new: [Permitted] Hackney/2025/0140 — 160 Richmond Road, Hackney, London, E8 3HN
INFO LEAD new: [Permitted] Hackney/2025/0133 — 129A Clarence Road, Hackney, London, E5 8EE
INFO LEAD new: [Permitted] Hackney/2025/0150 — 25 Stamford Road, Hackney, London, N1 4JP
INFO LEAD new: [Permitted] Hackney/2025/0154 — 47 Penshurst Road, Hackney, London, E9 7DT
INFO LEAD new: [Permitted] Hackney/2025/0138 — 195 Mare Street, Hackney, London, E8 3QE
INFO LEAD new: [Permitted] Hackney/2025/0147 — 17 Fairholt Road, Hackney, London, N16 5EW
INFO LEAD new: [Permitted] Hackney/2025/0142 — 9 Brenthouse Road, Hackney, London, E9 6QG
INFO LEAD new: [Permitted] Hackney/2025/0143 — 17 Corsham Street, Hackney, London, N1 6DR
INFO LEAD new: [Permitted] Hackney/2025/0153 — 101 Clissold Crescent, Hackney, London, N16 9AS
INFO LEAD new: [Permitted] Hackney/2025/0132 — 17 Fairholt Road, Hackney, London, N16 5EW
INFO LEAD new: [Permitted] Hackney/2025/0130 — Land At Leaside Road Leaside Road, London, E5 9ND
INFO LEAD new: [Permitted] Hackney/2025/0129 — Sebright Primary School, SEBRIGHT PRIMARY SCHOOL Audrey Stre
INFO LEAD new: [Permitted] Hackney/2025/0131 — Flat A, 230 Graham Road, Hackney, London, E8 1BP
INFO LEAD new: [Permitted] Hackney/2025/0120 — 69 Paragon Road, Hackney, London, E9 6NN
INFO LEAD new: [Permitted] Hackney/2025/0122 — Flat B, 2 Glaserton Road, Hackney, London, N16 5QX
INFO LEAD new: [Permitted] Hackney/2025/0116 — 27 Darenth Road, Hackney, London, N16 6EP
INFO LEAD new: [Permitted] Hackney/2025/0115 — 45 Brownlow Road, Hackney, London, E8 4NS
INFO LEAD new: [Permitted] Hackney/2025/0114 — 69 Paragon Road, Hackney, London, E9 6NN
INFO LEAD new: [Permitted] Hackney/2025/0121 — 65 Lampard Grove, Hackney, London, N16 6XA
INFO LEAD new: [Permitted] Hackney/2025/0113 — Ground Floor And First Floor, 154 Dalston Lane, Hackney, Lon
INFO LEAD new: [Permitted] Hackney/2025/0110 — Pizza Union Ltd, 14 Kingsland High Street, Hackney, London, 
INFO LEAD new: [Permitted] Hackney/2025/0098 — 28 Brooke Road, Hackney, London, N16 7LS
INFO LEAD new: [Permitted] Hackney/2025/0097 — 44 Newick Road, Hackney, London, E5 0RR
INFO LEAD new: [Permitted] Hackney/2025/0103 — 58 Rectory Road, Hackney, London, N16 7SH
INFO LEAD new: [Permitted] Hackney/2025/0099 — 116 Albion Road, Hackney, London, N16 9PD
INFO LEAD new: [Permitted] Hackney/2025/0105 — Flat 3, 33 Reighton Road, Hackney, London, E5 8SQ
INFO LEAD new: [Permitted] Hackney/2025/0104 — Flat Above, 1 Boundary Street, Hackney, London, E2 7JE
INFO LEAD new: [Permitted] Hackney/2025/0106 — 116 Albion Road, Hackney, London, N16 9PD
INFO LEAD new: [Permitted] Hackney/2025/0100 — Flat B, 43 Cranwich Road, Hackney, London, N16 5HZ
INFO LEAD new: [Permitted] Hackney/2025/0093 — 89 Millfields Road, Hackney, London, E5 0AB
INFO LEAD new: [Permitted] Hackney/2025/0092 — QUICK HOUSE, 65 Clifton Street, Hackney, London, EC2A 4JE
INFO LEAD new: [Permitted] Hackney/2025/0091 — 10 Martello Street, Hackney, London, E8 3PE
INFO LEAD new: [Permitted] Hackney/2025/0083 — 51 Thornby Road, Hackney, London, E5 9QL
INFO LEAD new: [Permitted] Hackney/2025/0082 — 17 Clifden Road, Hackney, London, E5 0LL
INFO LEAD new: [Permitted] Hackney/2025/0086 — 88 Lea Bridge Road, Hackney, London, E5 9QD
INFO LEAD new: [Permitted] Hackney/2025/0081 — 30 Norcott Road, Hackney, London, N16 7EL
INFO LEAD new: [Permitted] Hackney/2025/0089 — 30 Norcott Road, Hackney, London, N16 7EL
INFO LEAD new: [Permitted] Hackney/2025/0075 — 79, KINGSGATE ESTATE Tottenham Road, Hackney, London, N1 4DD
INFO LEAD new: [Permitted] Hackney/2025/0077 — 91 Mapledene Road, Hackney, London, E8 3LL
INFO LEAD new: [Permitted] Hackney/2025/0234 — THE AVIGDOR MEWS Lordship Road, Hackney, London, N16 0QJ
INFO LEAD new: [Permitted] Hackney/2025/0073 — The Turnpike, TURNPIKE HOUSE, 270 Stamford Hill, Hackney, Lo
INFO LEAD new: [Permitted] Hackney/2025/0206 — Merchants Tavern, Ground Floor Front Units G To H, 35 - 42 C
INFO LEAD new: [Permitted] Hackney/2025/0065 — Merchants Tavern, Ground Floor Front Units G To H, 35 - 42 C
INFO LEAD new: [Permitted] Hackney/2025/0070 — Silvertown Quays, Bounded By Royal Victoria Dock Connaught B
INFO LEAD new: [Permitted] Hackney/2025/0063 — 18 Albion Square, Hackney, London, E8 4ES
INFO LEAD new: [Permitted] Hackney/2025/0203 — 18 Albion Square, Hackney, London, E8 4ES
INFO LEAD new: [Permitted] Hackney/2025/0053 — 60 Fountayne Road, Hackney, London, N16 7DT
INFO LEAD new: [Permitted] Hackney/2025/0062 — First Floor Flat, 34 Terrace Road, Hackney, London, E9 7ES
INFO LEAD new: [Permitted] Hackney/2025/0058 — 12 Reighton Road, Hackney, E5 8SG
INFO LEAD new: [Permitted] Hackney/2025/0057 — First Floor Flat, 62 Mountgrove Road, Hackney, London, N5 2L
INFO LEAD new: [Permitted] Hackney/2025/0061 — 29 Ravensdale Road, Hackney, London, N16 6TJ
INFO LEAD new: [Permitted] Hackney/2025/0055 — London Doggies, RAILWAY ARCH 375 Helmsley Place, Hackney, Lo
INFO LEAD new: [Permitted] Hackney/2025/0054 — HAND OF GLORY, 240 Amhurst Road, Hackney, London, E8 2BS
INFO LEAD new: [Permitted] Hackney/2025/0051 — 9 Denver Road, Hackney, London, N16 5JL
INFO LEAD new: [Permitted] Hackney/2025/0043 — 6 Powerscroft Road, Hackney, London, E5 0PU
INFO LEAD new: [Permitted] Hackney/2025/0044 — 60 Lordship Road, Hackney, London, N16 0QT
INFO LEAD new: [Permitted] Hackney/2025/0037 — WOODBERRY DOWN PHASE 3 PROJECT SITE OFFICE Newnton Close, Ha
INFO LEAD new: [Permitted] Hackney/2025/0035 — 32 - 36 Tottenham Road, Hackney, London, N1 4DW
INFO LEAD new: [Permitted] Hackney/2025/0029 — Dalston Garage, 91 Barretts Grove, Hackney, London, N16 8AP
INFO LEAD new: [Permitted] Hackney/2025/0027 — 170 Graham Road, Hackney, London, E8 1BS
INFO LEAD new: [Permitted] Hackney/2025/0032 — Dalston Garage, 91 Barretts Grove, Hackney, London, N16 8AP
INFO LEAD new: [Permitted] Hackney/2025/0031 — 36 Dumont Road, Hackney, London, N16 0NS
INFO LEAD new: [Permitted] Hackney/2025/0024 — Toldos Yaakov Yosef Institutions Trust, 124 Stamford Hill, H
INFO LEAD new: [Permitted] Hackney/2025/0026 — 114 Wilberforce Road, Hackney, London, N4 2SU
INFO LEAD new: [Permitted] Hackney/2025/0017 — 177 Mare Street, Hackney, London, E8 3RH
INFO LEAD new: [Permitted] Hackney/2025/0015 — Flat 6, The Beckers Rectory Road, Hackney, London, N16 7QX
INFO LEAD new: [Permitted] Hackney/2025/0016 — Unit A, DARTER HOUSE Seven Sisters Road, Hackney, London, N4
INFO LEAD new: [Permitted] Hackney/2025/0009 — The Macbeth, The Macbeth, 70 Hoxton Street, Hackney, London,
INFO LEAD new: [Permitted] Hackney/2025/0004 — Electricity Sub Station 15m From 7 Garnham Street 11m From U
INFO LEAD new: [Permitted] Hackney/2024/2849 — 44 Roding Road, Hackney, London, E5 0DW
INFO [hackney/Permitted] page at offset 2100: 100 records
INFO LEAD new: [Permitted] Hackney/2024/2851 — 73 Dunsmure Road, Hackney, London, N16 5PT
INFO LEAD new: [Permitted] Hackney/2024/2848 — 54 Craven Park Road, Haringey, London, N15 6AB
INFO LEAD new: [Permitted] Hackney/2024/2850 — 40 Evering Road, Hackney, London, N16 7SR
INFO LEAD new: [Permitted] Hackney/2024/2830 — Parsonage House, 217 - 223 Kingsland Road, Hackney, London, 
INFO LEAD new: [Permitted] Hackney/2024/2831 — Flat A, 48 Greenwood Road, Hackney, London, E8 1AB
INFO LEAD new: [Permitted] Hackney/2024/2843 — 13 Leabourne Road, Hackney, London, N16 6SU
INFO LEAD new: [Permitted] Hackney/2024/2845 — 28 St Philips Road, Hackney
INFO LEAD new: [Permitted] Hackney/2024/2833 — 37 Trehurst Street, Hackney, London, E5 0EB
INFO LEAD new: [Permitted] Hackney/2024/2828 — 46 Lingwood Road, Hackney, London, E5 9BN
INFO LEAD new: [Permitted] Hackney/2024/2838 — 34 Barbauld Road, Hackney, London, N16 0SS
INFO LEAD new: [Permitted] Hackney/2024/2826 — Flat C, 6 Downs Road, Hackney, London, E5 8DD
INFO LEAD new: [Permitted] Hackney/2024/2829 — 83 Balls Pond Road, Hackney, London, N1 4BW
INFO LEAD new: [Permitted] Hackney/2024/2842 — EMERALD APARTMENTS Homerton Road, Hackney, London, E9 5FF
INFO LEAD new: [Permitted] Hackney/2024/2818 — 84 Buckingham Road, Hackney, London, N1 4JE
INFO LEAD new: [Permitted] Hackney/2024/2820 — 129 Stamford Hill, Hackney, London, N16 5TW
INFO LEAD new: [Permitted] Hackney/2024/2819 — 11 Colne Road, Hackney, London, E5 0HR
INFO LEAD new: [Permitted] Hackney/2024/2813 — 139 Powerscroft Road, Hackney, London, E5 0PT
INFO LEAD new: [Permitted] Hackney/2024/2809 — William Patten Day Care, WILLIAM PATTEN PRIMARY SCHOOL Stoke
INFO LEAD new: [Permitted] Hackney/2024/2815 — 31 Leadale Road, Hackney, London, N16 6BZ
INFO LEAD new: [Permitted] Hackney/2024/2807 — 55 De Beauvoir Road, Hackney, London, N1 5AU
INFO LEAD new: [Permitted] Hackney/2024/2814 — Flat 1, 5 Mackintosh Lane, Hackney, London, E9 6AB
INFO LEAD new: [Permitted] Hackney/2024/2804 — STREET RECORD Stoke Newington High Street, Hackney
INFO LEAD new: [Permitted] Hackney/2024/2797 — 7 Brenthouse Road, Hackney, London, E9 6QG
INFO LEAD new: [Permitted] Hackney/2024/2806 — 6 Cassland Road, Hackney, London, E9 7AN
INFO LEAD new: [Permitted] Hackney/2024/2788 — WIMBOURNE COURT Wimbourne Street, Hackney, London, N1 7HB
INFO LEAD new: [Permitted] Hackney/2024/2798 — Figaro, 302 Seven Sisters Road, Hackney, London, N4 2AG
INFO LEAD new: [Permitted] Hackney/2024/2782 — 19 Great Eastern Street, London, EC2A
INFO LEAD new: [Permitted] Hackney/2024/2791 — 52 Bayston Road, Hackney, London, N16 7LT
INFO LEAD new: [Permitted] Hackney/2024/2796 — 76 Buckingham Road, Hackney, London, N1 4JA
INFO LEAD new: [Permitted] Hackney/2024/2787 — Site At 19 Great Eastern Street And 9 Hewett Street, Hackney
INFO LEAD new: [Permitted] Hackney/2024/2789 — 102 Milton Grove, Hackney, London, N16 8QY
INFO LEAD new: [Permitted] Hackney/2024/2790 — 29 St Johns Church Road, Hackney, London, E9 6EJ
INFO LEAD new: [Permitted] Hackney/2024/2781 — MONTEFIORE COURT, 69 Stamford Hill, Hackney, London, N16 5TY
INFO LEAD new: [Permitted] Hackney/2024/2785 — 52 Bayston Road, Hackney, London, N16 7LT
INFO LEAD new: [Permitted] Hackney/2024/2786 — 41 Durlston Road, Hackney, London, E5 8RP
INFO LEAD new: [Permitted] Hackney/2024/2769 — Unit A, DARTER HOUSE Seven Sisters Road, Hackney, London, N4
INFO LEAD new: [Permitted] Hackney/2024/2768 — 4 Stanard Close, Hackney, London, N16 5EH
INFO LEAD new: [Permitted] Hackney/2024/2762 — 76 Mortimer Road, Hackney, London, N1 5AP
INFO LEAD new: [Permitted] Hackney/2024/2773 — Flat 5, 100 - 102 Forest Road, Hackney, London, E8 3BH
INFO LEAD new: [Permitted] Hackney/2024/2764 — 28 Clissold Crescent, Hackney, London, N16 9BE
INFO LEAD new: [Permitted] Hackney/2024/2774 — Britannia Leisure Centre Britannia Leisure Centre (including
INFO LEAD new: [Permitted] Hackney/2024/2770 — 278 Kingsland Road, Hackney, London, E8 4DG
INFO LEAD new: [Permitted] Hackney/2024/2763 — Flat 1, DAUBENTON COURT Clapton Common, Hackney, London, E5 
INFO LEAD new: [Permitted] Hackney/2024/2775 — 8 Brinkworth Way, Hackney, London, E9 5JX
INFO LEAD new: [Permitted] Hackney/2024/2747 — Flat 2, 206 Lordship Road, Hackney, London, N16 5ES
INFO LEAD new: [Permitted] Hackney/2024/2751 — Flat 2, 206 Lordship Road, Hackney, London, N16 5ES
INFO LEAD new: [Permitted] Hackney/2024/2758 — FANSHAW HOUSE Fanshaw Street, Hackney, London, N1 6HX
INFO LEAD new: [Permitted] Hackney/2024/2757 — 16 Bushberry Road, Hackney, London, E9 5SX
INFO LEAD new: [Permitted] Hackney/2024/2750 — 16 Bushberry Road, Hackney, London, E9 5SX
INFO LEAD new: [Permitted] Hackney/2024/2759 — Flat A, 48 Englefield Road, Hackney, London, N1 4HA
INFO LEAD new: [Permitted] Hackney/2024/2803 — 96-98 Blackstock Road, Hackney, London, N4 2DR
INFO LEAD new: [Permitted] Hackney/2024/2755 — 30 Fassett Square, Hackney, London, E8 1DQ
INFO LEAD new: [Permitted] Hackney/2024/2784 — STREET RECORD Lea Bridge Road, Hackney
INFO LEAD new: [Permitted] Hackney/2024/2748 — 17 Meeson Street, Hackney, London, E5 0EA
INFO LEAD new: [Permitted] Hackney/2024/2753 — 17 Meeson Street, Hackney, London, E5 0EA
INFO LEAD new: [Permitted] Hackney/2024/2722 — 26 - 28 Ramsgate Street, Hackney, London, E8 2NA
INFO LEAD new: [Permitted] Hackney/2024/2724 — 35 Waterson Street, Hackney, London, E2 8HT
INFO LEAD new: [Permitted] Hackney/2024/2719 — Flat A, 84 Lordship Park, Hackney, London, N16 5UA
INFO LEAD new: [Permitted] Hackney/2024/2737 — Flat B, 43 Nevill Road, Hackney, London, N16 8SW
INFO LEAD new: [Permitted] Hackney/2024/2728 — 5 Newick Road, Hackney, London, E5 0RP
INFO LEAD new: [Permitted] Hackney/2024/2736 — Flat C, 106 Stoke Newington Church Street, Hackney, London, 
INFO LEAD new: [Permitted] Hackney/2024/2718 — 15 Queen Elizabeths Walk, Hackney, London, N16 5UZ
INFO LEAD new: [Permitted] Hackney/2024/2730 — 15 Queen Elizabeths Walk, Hackney, London, N16 5UZ
INFO LEAD new: [Permitted] Hackney/2024/2729 — Stoke Newington Town Hall, London Borough Of Hackney Stoke N
INFO LEAD new: [Permitted] Hackney/2024/2720 — 77 Shacklewell Lane, Hackney, London, E8 2EB
INFO LEAD new: [Permitted] Hackney/2024/2715 — 49 Linthorpe Road, Hackney, London, N16 5QT
INFO LEAD new: [Permitted] Hackney/2024/2708 — 165 Osbaldeston Road, Hackney, London, N16 6ND
INFO LEAD new: [Permitted] Hackney/2024/2731 — 9 Evering Road, Hackney, London, N16 7PX
INFO LEAD new: [Permitted] Hackney/2024/2711 — 6 - 8 Luke Street, Hackney, London, EC2A 4XY
INFO LEAD new: [Permitted] Hackney/2024/2725 — DEKKER HOUSE Dalston Square, Hackney, London, E8 3FS
INFO LEAD new: [Permitted] Hackney/2024/2713 — Ground Floor Studio B, 8 - 10 Nile Street, Hackney, London, 
INFO LEAD new: [Permitted] Hackney/2024/2717 — 29 Meynell Crescent, Hackney, London, E9 7AS
INFO LEAD new: [Permitted] Hackney/2024/2710 — 9 Evering Road, Hackney, London, N16 7PX
INFO LEAD new: [Permitted] Hackney/2024/2695 — The Crooked Billet, THE CROOKED BILLET, 84 Upper Clapton Roa
INFO LEAD new: [Permitted] Hackney/2024/2698 — Manor House Green Lanes, Hackney, London, London, N4 2HE
INFO LEAD new: [Permitted] Hackney/2024/2702 — 165 - 175 Stoke Newington Road, Hackney, London, N16 8BP
INFO LEAD new: [Permitted] Hackney/2024/2696 — 107 Upper Clapton Road, Hackney, London, E5 9BU
INFO LEAD new: [Permitted] Hackney/2024/2694 — 181 Homerton High Street, Hackney, London, E9 6BB
INFO LEAD new: [Permitted] Hackney/2024/2704 — Office Fourth Floor, 4 Bath Place, Hackney, London, EC2A 3DR
INFO LEAD new: [Permitted] Hackney/2024/2684 — 1 Digby Crescent, Hackney, London, N4 2HS
INFO LEAD new: [Permitted] Hackney/2024/2691 — 27 Sach Road, Hackney, London, E5 9LJ
INFO LEAD new: [Permitted] Hackney/2024/2697 — Figaro, 302 Seven Sisters Road, Hackney, London, N4 2AG
INFO [hackney/Permitted] page at offset 2200: 100 records
INFO LEAD new: [Permitted] Hackney/2024/2686 — 16 Osbaldeston Road, Hackney, London, N16 7DP
INFO LEAD new: [Permitted] Hackney/2024/2676 — 84 Green Lanes, Hackney, London, N16 9AH
INFO LEAD new: [Permitted] Hackney/2024/2673 — 10 Coopersale Road, Hackney, London, E9 6BA
INFO LEAD new: [Permitted] Hackney/2024/2661 — 14 Leadale Road, Hackney, London, N16 6DA
INFO LEAD new: [Permitted] Hackney/2024/2671 — 52 Milton Grove, Hackney, London, N16 8QY
INFO LEAD new: [Permitted] Hackney/2024/2667 — 30 Durlston Road, Hackney, London, E5 8RR
INFO LEAD new: [Permitted] Hackney/2024/2662 — 234 - 238 Mare Street, Hackney, London, E8 1HE
INFO LEAD new: [Permitted] Hackney/2024/2663 — Talmud Torah Education Ltd, YETEV LEV BOYS SCHOOL, 111 - 115
INFO LEAD new: [Permitted] Hackney/2024/2655 — Dalston Garage, 91 Barretts Grove, Hackney, London, N16 8AP
INFO LEAD new: [Permitted] Hackney/2024/2659 — The Shoreditch Trust Ltd, 20 East Road, Hackney, London, N1 
INFO LEAD new: [Permitted] Hackney/2024/2665 — 52 Woodberry Grove, Hackney, London, N4 1SN
INFO LEAD new: [Permitted] Hackney/2024/2658 — WIMBOURNE COURT Wimbourne Street, Hackney, London, N1 7HB
INFO LEAD new: [Permitted] Hackney/2024/2660 — Dalston Garage, 91 Barretts Grove, Hackney, London, N16 8AP
INFO LEAD new: [Permitted] Hackney/2024/2651 — 15 Digby Crescent, Hackney, London, N4 2HS
INFO LEAD new: [Permitted] Hackney/2024/2643 — Site Known As Phase 4, Land Bounded By Seven Sisters Road, R
INFO LEAD new: [Permitted] Hackney/2024/2648 — 53 Kenworthy Road, Hackney, London, E9 5RB
INFO LEAD new: [Permitted] Hackney/2024/2652 — 49 Kenworthy Road, Hackney, London, E9 5RB
INFO LEAD new: [Permitted] Hackney/2024/2647 — 130 Kingsland High Street, Hackney, London, E8 2NS
INFO LEAD new: [Permitted] Hackney/2024/2646 — 28 Stamford Hill, Hackney, London, N16 6XZ
INFO LEAD new: [Permitted] Hackney/2024/2654 — 38 Bergholt Crescent, Hackney, London, N16 5JE
INFO LEAD new: [Permitted] Hackney/2024/2653 — 51 Albion Road, Hackney, London, N16 9PP
INFO LEAD new: [Permitted] Hackney/2024/2637 — 13 Norcott Road, Hackney, London, N16 7BJ
INFO LEAD new: [Permitted] Hackney/2024/2639 — 145 Mount Pleasant Lane, Hackney
INFO LEAD new: [Permitted] Hackney/2024/2638 — 52 Barbauld Road, Hackney, London, N16 0ST
INFO LEAD new: [Permitted] Hackney/2024/2623 — 62 Lavender Grove, Hackney, London, E8 3LS
INFO LEAD new: [Permitted] Hackney/2024/2624 — Land At Leaside Road, Clapton, E5 9ND
INFO LEAD new: [Permitted] Hackney/2024/2627 — 74 - 76 Kingsland High Street, Hackney, London, E8 2NS
INFO LEAD new: [Permitted] Hackney/2024/2632 — 61-63 Wallis Road, London, E9 5LH
INFO LEAD new: [Permitted] Hackney/2024/2630 — 71 Kynaston Road, Hackney, London, N16 0EB
INFO LEAD new: [Permitted] Hackney/2024/2631 — 79 Hassett Road, Hackney, London, E9 5SL
INFO LEAD new: [Permitted] Hackney/2024/2642 — The Nightingale Estate Downs Road, Hackney, E5 8QH
INFO LEAD new: [Permitted] Hackney/2024/2614 — Flat C, 216 Stoke Newington High Street, Hackney, London, N1
INFO LEAD new: [Permitted] Hackney/2024/2619 — Pavement Outside, 32-44 Dalston Lane, London, E8 3AZ
INFO LEAD new: [Permitted] Hackney/2024/2607 — 27 Brighton Road, Hackney, London, N16 8EQ
INFO LEAD new: [Permitted] Hackney/2024/2601 — 62 Fountayne Road, Hackney, London, N16 7DT
INFO LEAD new: [Permitted] Hackney/2024/2605 — Hurford Salvi Carr, Basement Gym, 227 City Road, Hackney, Lo
INFO LEAD new: [Permitted] Hackney/2024/2603 — 7 Spring Hill, Hackney, London, E5 9BE
INFO LEAD new: [Permitted] Hackney/2024/2604 — BEIS ROCHEL YETEV LEV NURSERY, 79 - 83 Cazenove Road, Hackne
INFO LEAD new: [Permitted] Hackney/2024/2415 — 49 Jenner Road, Hackney, London, N16 7RB
INFO LEAD new: [Permitted] Hackney/2024/2587 — 21 Holcroft Road, Hackney, London, E9 7BA
INFO LEAD new: [Permitted] Hackney/2024/2586 — Mapledene Children's Centre, MAPLEDENE EARLY YEARS CENTRE, 5
INFO LEAD new: [Permitted] Hackney/2024/2588 — BIGGS SQUARE Felstead Street, Hackney, London, E9 5DS
INFO LEAD new: [Permitted] Hackney/2024/2585 — 30 Moundfield Road, Hackney, London, N16 6DT
INFO LEAD new: [Permitted] Hackney/2024/2593 — La Mela, 25 - 27 Marsh Hill, Hackney, London, E9 5QA
INFO LEAD new: [Permitted] Hackney/2024/2578 — The Crooked Billet, THE CROOKED BILLET, 84 Upper Clapton Roa
INFO LEAD new: [Permitted] Hackney/2024/2598 — The Stage Shoreditch Development Hearn Street, London, EC2A 
INFO LEAD new: [Permitted] Hackney/2024/2572 — 5 Ufton Road, Hackney, London, N1 5BY
INFO LEAD new: [Permitted] Hackney/2024/2573 — Colt Technology, Colt House, 20 Great Eastern Street, Hackne
INFO LEAD new: [Permitted] Hackney/2024/2595 — 9 Colne Road, Hackney, London, E5 0HR
INFO LEAD new: [Permitted] Hackney/2024/2559 — 144 Mare Street, Hackney, London, E8 3SG
INFO LEAD new: [Permitted] Hackney/2024/2571 — Bus Shelter, London, E9 6ND
INFO LEAD new: [Permitted] Hackney/2024/2567 — Flat B, 55 Ufton Road, Hackney, London, N1 4HE
INFO LEAD new: [Permitted] Hackney/2024/2599 — Flat 14, CANAL BUILDING, 135 Shepherdess Walk, Hackney, Lond
INFO LEAD new: [Permitted] Hackney/2024/2561 — 34 Lordship Park, Hackney, London, N16 5UD
INFO LEAD new: [Permitted] Hackney/2024/2565 — 9 Denver Road, Hackney, London, N16 5JL
INFO LEAD new: [Permitted] Hackney/2024/2562 — 44 Forburg Road, Hackney, London, N16 6HS
INFO LEAD new: [Permitted] Hackney/2024/2580 — 95 Geldeston Road, Hackney, London, E5 8RS
INFO LEAD new: [Permitted] Hackney/2024/2579 — First Floor And Second Floor Flat, 10 Carysfort Road, Hackne
INFO LEAD new: [Permitted] Hackney/2024/2705 — 53 Laburnum Street, Hackney, London, E2 8BD
INFO LEAD new: [Permitted] Hackney/2024/2557 — Block 25 To 47, MARCON COURT Amhurst Road, Hackney
INFO LEAD new: [Permitted] Hackney/2024/2570 — Bus Shelter, London, E8 1HL
INFO LEAD new: [Permitted] Hackney/2024/2568 — Ground Floor, 134 - 146 Curtain Road, Hackney, London, EC2A 
INFO LEAD new: [Permitted] Hackney/2024/2569 — Bus Shelter , London, E8 3RH
INFO LEAD new: [Permitted] Hackney/2024/2581 — 32 Groombridge Road, Hackney, London, E9 7DP
INFO LEAD new: [Permitted] Hackney/2024/2563 — 27 Brighton Road, Hackney, London, N16 8EQ
INFO LEAD new: [Permitted] Hackney/2024/2558 — 148 - 150 Mare Street, Hackney, London, E8 3SG
INFO LEAD new: [Permitted] Hackney/2024/2555 — 28 Jenner Road, Hackney, London, N16 7SA
INFO LEAD new: [Permitted] Hackney/2024/2554 — 25 Walford Road, Hackney, London, N16 8EF
INFO LEAD new: [Permitted] Hackney/2024/2553 — 6 Albion Parade, Hackney, London, N16 9LD
INFO LEAD new: [Permitted] Hackney/2024/2552 — 1 Stoke Newington Road, Hackney, London, N16 8BH
INFO LEAD new: [Permitted] Hackney/2024/2551 — Ground Floor, 134 - 146 Curtain Road, Hackney, London, EC2A 
INFO LEAD new: [Permitted] Hackney/2024/2547 — 116 Geldeston Road, Hackney, London, E5 8RS
INFO LEAD new: [Permitted] Hackney/2024/2540 — 7, 9, 11, 12, 13, & 16 Ovanna Mews Buckingham Road, London, 
INFO LEAD new: [Permitted] Hackney/2024/2548 — 10, OVANNA MEWS Buckingham Road, Hackney, London, N1 4EY
INFO LEAD new: [Permitted] Hackney/2024/2533 — 52 Sandringham Road, Hackney, London, E8 2LP
INFO LEAD new: [Permitted] Hackney/2024/2521 — Flat A, 27 Bethune Road, Hackney, London, N16 5DA
INFO LEAD new: [Permitted] Hackney/2024/2531 — 22 - 24 Powell Road, Hackney, London, E5 8DJ
INFO LEAD new: [Permitted] Hackney/2024/2519 — 5 Elrington Road, Hackney, London, E8 3BJ
INFO LEAD new: [Permitted] Hackney/2024/2522 — 37 Penshurst Road, Hackney, London, E9 7DT
INFO [hackney/Permitted] page at offset 2300: 100 records
INFO LEAD new: [Permitted] Hackney/2024/2520 — 50A Palatine Road, Hackney, London, N16 8ST
INFO LEAD new: [Permitted] Hackney/2024/2516 — 15 Forburg Road, Hackney, London, N16 6HP
INFO LEAD new: [Permitted] Hackney/2024/2512 — Land At Wilmer Place, London, N16 0BJ
INFO LEAD new: [Permitted] Hackney/2024/2513 — Bus Shelter, London, EC2A 3EH
INFO LEAD new: [Permitted] Hackney/2024/2514 — Bus Shelter, London , N16 7UY
INFO LEAD new: [Permitted] Hackney/2024/2515 — 54 Jenner Road, Hackney, London, N16 7RB
INFO LEAD new: [Permitted] Hackney/2024/2534 — 88 Alkham Road, Hackney, London, N16 6XF
INFO LEAD new: [Permitted] Hackney/2024/2530 — 44 Elmcroft Street, Hackney, London, E5 0SQ
INFO LEAD new: [Permitted] Hackney/2024/2537 — Bus Shelter, London, E8 4AA
INFO LEAD new: [Permitted] Hackney/2024/2538 — Bus Shelter, London, N16 7XB
INFO LEAD new: [Permitted] Hackney/2024/2535 — 88 Alkham Road, Hackney, London, N16 6XF
INFO LEAD new: [Permitted] Hackney/2024/2506 — Unit C2, CURIE HOUSE Wallis Road, Hackney, London, E9 5LN
INFO LEAD new: [Permitted] Hackney/2024/2500 — 11 Southgate Grove, Hackney, London, N1 5BP
INFO LEAD new: [Permitted] Hackney/2024/2501 — Queensbridge Primary School , London , E8 3ND
INFO LEAD new: [Permitted] Hackney/2024/2507 — 14-16 Shore Road, London, E9 7TA
INFO LEAD new: [Permitted] Hackney/2024/2498 — 97 Hassett Road, Hackney, London, E9 5SL
INFO LEAD new: [Permitted] Hackney/2024/2508 — 30 Farleigh Road, Hackney, London, N16 7TH
INFO LEAD new: [Permitted] Hackney/2024/2504 — 29 Dumont Road, Hackney, London, N16 0NR
INFO LEAD new: [Permitted] Hackney/2024/2503 — 165 Osbaldeston Road, Hackney, London, N16 6ND
INFO LEAD new: [Permitted] Hackney/2024/2497 — Shuttleworth Hotel, 23 - 25 Well Street, Hackney, London, E9
INFO LEAD new: [Permitted] Hackney/2024/2493 — 14-16 Shore Road, London, E9 7TA
INFO LEAD new: [Permitted] Hackney/2024/2488 — Wimbourne Court Wimbourne Street, Hackney, London, N1 7HB
INFO LEAD new: [Permitted] Hackney/2024/2486 — 141 Culford Road, Hackney, London, N1 4HX
INFO LEAD new: [Permitted] Hackney/2024/2491 — 76 Milton Grove, Hackney, London, N16 8QY
INFO LEAD new: [Permitted] Hackney/2024/2490 — -, 14 - 16 Shore Road, Hackney, London, E9 7TA
INFO LEAD new: [Permitted] Hackney/2024/2473 — 15 Elsdale Street, Hackney, London, E9 6QW
INFO LEAD new: [Permitted] Hackney/2024/2468 — 116 Geldeston Road, Hackney, London, E5 8RS
INFO LEAD new: [Permitted] Hackney/2024/2466 — 66 Southborough Road, Hackney, London, E9 7EE
INFO LEAD new: [Permitted] Hackney/2024/2478 — 63 Craven Walk, Hackney, London, N16 6BX
INFO LEAD new: [Permitted] Hackney/2024/2476 — Broadgate Quarter Appold Street, London, EC2A 2AW
INFO LEAD new: [Permitted] Hackney/2024/2474 — 93 Downs Road, Hackney, London, E5 8DS
INFO LEAD new: [Permitted] Hackney/2024/2470 — 111 Glyn Road, Hackney, London, E5 0JA
INFO LEAD new: [Permitted] Hackney/2024/2479 — 139 Rendlesham Road, Hackney, London, E5 8PA
INFO LEAD new: [Permitted] Hackney/2024/2463 — 111 Shacklewell Lane, Hackney, London, E8 2EB
INFO LEAD new: [Permitted] Hackney/2024/2471 — 59 Northchurch Road, Hackney, London, N1 4EE
INFO LEAD new: [Permitted] Hackney/2024/2854 — 59 Northchurch Road, Hackney, London, N1 4EE
INFO LEAD new: [Permitted] Hackney/2024/2465 — 104 Osbaldeston Road, Hackney, London, N16 6NL
INFO LEAD new: [Permitted] Hackney/2024/2480 — 204 Hoxton Street, Hackney, London, N1 5LH
INFO LEAD new: [Permitted] Hackney/2024/2451 — 119 Powerscroft Road, Hackney, London, E5 0PT
INFO LEAD new: [Permitted] Hackney/2024/2456 — 14 Bushberry Road, Hackney, London, E9 5SX
INFO LEAD new: [Permitted] Hackney/2024/2446 — 110 Nevill Road, Hackney, London, N16 0SX
INFO LEAD new: [Permitted] Hackney/2024/2459 — Bus Shelter, Pavement Outside, 86 Kingsland High Street , Lo
INFO LEAD new: [Permitted] Hackney/2024/2453 — 139 Rendlesham Road, Hackney, London, E5 8PA
INFO LEAD new: [Permitted] Hackney/2024/2448 — 93 Olinda Road, Hackney, London, N16 6TS
INFO LEAD new: [Permitted] Hackney/2024/2460 — Flat 19, RAINES COURT, 19 Northwold Road, Hackney, London, N
INFO LEAD new: [Permitted] Hackney/2024/2450 — Bus Shelter, London , EC2A 3ER
INFO LEAD new: [Permitted] Hackney/2024/2444 — 110 Nevill Road, Hackney, London, N16 0SX
INFO LEAD new: [Permitted] Hackney/2024/2477 — 73 Palatine Road, Hackney, London, N16 8SY
INFO LEAD new: [Permitted] Hackney/2024/2449 — Flat B, 34 Mountgrove Road, Hackney, London, N5 2LS
INFO LEAD new: [Permitted] Hackney/2024/2443 — SANDRINGHAM VILLA Alexandra Grove, Hackney, London, N4 2LG
INFO LEAD new: [Permitted] Hackney/2024/2454 — 138 Kingsland High Street, Hackney, London, N16 8HX
INFO LEAD new: [Permitted] Hackney/2024/2428 — 22 Ufton Road, Hackney, London, N1 5BX
INFO LEAD new: [Permitted] Hackney/2024/2433 — 24 Walford Road, Hackney, London, N16 8ED
INFO LEAD new: [Permitted] Hackney/2024/2441 — Flat 2, 80 Dunlace Road, Hackney, London, E5 0ND
INFO LEAD new: [Permitted] Hackney/2024/2431 — 46 Osbaldeston Road, Hackney, London, N16 7DR
INFO LEAD new: [Permitted] Hackney/2024/2432 — 32 Walford Road, Hackney, London, N16 8ED
INFO LEAD new: [Permitted] Hackney/2024/2434 — 27 Hawksley Road, Hackney, London, N16 0TL
INFO LEAD new: [Permitted] Hackney/2024/2458 — 52 Kingsland High Street, Hackney, London, E8 2JP
INFO LEAD new: [Permitted] Hackney/2024/2436 — 14-16 Shore Road, London, E9 7TA
INFO LEAD new: [Permitted] Hackney/2024/2416 — -, 14 - 16 Shore Road, Hackney, London, E9 7TA
INFO LEAD new: [Permitted] Hackney/2024/2424 — 14-16 Shore Road, London, E9 7TA
INFO LEAD new: [Permitted] Hackney/2024/2440 — Unit 5, Foskett Mews, 44a Shacklewell Lane, Hackney, London,
INFO LEAD new: [Permitted] Hackney/2024/2429 — Flat 1, 23 - 25 Wilton Way, Hackney, London, E8 3EE
INFO LEAD new: [Permitted] Hackney/2024/2419 — 16 Stannard Road, Hackney, London, E8 1DB
INFO LEAD new: [Permitted] Hackney/2024/2437 — 28 Jenner Road, Hackney, London, N16 7SA
INFO LEAD new: [Permitted] Hackney/2024/2411 — 8 Northfield Road, Hackney, London, N16 5RN
INFO LEAD new: [Permitted] Hackney/2024/2400 — 4, 4 Bath Place, Hackney, London, EC2A 3DR
INFO LEAD new: [Permitted] Hackney/2024/2406 — 141 Holmleigh Road, Hackney, London, N16 5QA
INFO LEAD new: [Permitted] Hackney/2024/2392 — 51 Church Walk, Hackney, London, N16 8QR
INFO LEAD new: [Permitted] Hackney/2024/2390 — 33A Leswin Road, Hackney, London, N16 7NX
INFO LEAD new: [Permitted] Hackney/2024/2391 — MARTEN HOUSE, 39 - 47 East Road, Hackney, London, N1 6AH
INFO LEAD new: [Permitted] Hackney/2024/2405 — 189 Brooke Road, Hackney, London, E5 8AB
INFO LEAD new: [Permitted] Hackney/2024/2401 — Pembury Estate Community Hall, London, E5 8JU
INFO LEAD new: [Permitted] Hackney/2024/2394 — 1 Parkes Street, Hackney, London, E15 2GY
INFO LEAD new: [Permitted] Hackney/2024/2397 — Flat A, 47 Danesdale Road, Hackney, London, E9 5DB
INFO LEAD new: [Permitted] Hackney/2024/2398 — 12 Reighton Road, Hackney, E5 8SG
INFO LEAD new: [Permitted] Hackney/2024/2395 — 151 Balls Pond Road, Hackney, London, N1 4BG
INFO LEAD new: [Permitted] Hackney/2024/2383 — 99 Bouverie Road, Hackney, London, N16 0AD
INFO LEAD new: [Permitted] Hackney/2024/2384 — Flat B, 88 Milton Grove, Hackney, London, N16 8QY
INFO LEAD new: [Permitted] Hackney/2024/2378 — OUTSIDE 199 City Road, Hackney, London, EC1V 1JN
INFO LEAD new: [Permitted] Hackney/2024/2370 — Kemp House, 152 -160 City Road, Hackney, London, EC1V 2NX
INFO LEAD new: [Permitted] Hackney/2024/2377 — Unit A3 Manor House, London, N4 2LX
INFO LEAD new: [Permitted] Hackney/2024/2366 — 15 Westland Place, Hackney, London, N1 7LP
INFO LEAD new: [Permitted] Hackney/2024/2376 — 27 Cassland Road, Hackney, London, E9 7AL
WARNING Rate limited (429); waiting 293s before retry 1/6
WARNING Request failed (403 Client Error: Forbidden for url: https://www.planit.org.uk/api/applics/json?app_state=Permitted&start_date=2023-10-01&end_date=2026-10-01&pg_sz=100&auth=Hackney&offset=2400); retry 2/6 in 10s
INFO [hackney/Permitted] page at offset 2400: 100 records
INFO LEAD new: [Permitted] Hackney/2024/2364 — -, 14 - 16 Shore Road, Hackney, London, E9 7TA
INFO LEAD new: [Permitted] Hackney/2024/2363 — 9 Fairholt Close, Hackney, London, N16 5EL
INFO LEAD new: [Permitted] Hackney/2024/2355 — Flat 4, 4 Downs Road, Hackney, London, E5 8DD
INFO LEAD new: [Permitted] Hackney/2024/2368 — 16 Martaban Road, Hackney, London, N16 5SJ
INFO LEAD new: [Permitted] Hackney/2024/2365 — 95 Bouverie Road, Hackney, London, N16 0AD
INFO LEAD new: [Permitted] Hackney/2024/2362 — 8 Seal Street, Hackney, London, E8 2EE
INFO LEAD new: [Permitted] Hackney/2024/2348 — 30 Leabourne Road, Hackney, London, N16 6TA
INFO LEAD new: [Permitted] Hackney/2024/2353 — 8 St Andrews Grove, Hackney, London, N16 5NE
INFO LEAD new: [Permitted] Hackney/2024/2346 — 8 St Andrews Grove, Hackney, London, N16 5NE
INFO LEAD new: [Permitted] Hackney/2024/2425 — 25 Vyner Street , London, E2 9DG
INFO LEAD new: [Permitted] Hackney/2024/2357 — -, 14 - 16 Shore Road, Hackney, London, E9 7TA
INFO LEAD new: [Permitted] Hackney/2024/2340 — Grove House, 16 Tudor Grove, Hackney, London, E9 7QP
INFO LEAD new: [Permitted] Hackney/2024/2359 — 28 Clarence Road, Hackney, London, E5 8HB
INFO LEAD new: [Permitted] Hackney/2024/2344 — 168 Daubeney Road, Hackney, London, E5 0EQ
INFO LEAD new: [Permitted] Hackney/2024/2335 — 6 Muston Road, Hackney, London, E5 9LH
INFO LEAD new: [Permitted] Hackney/2024/2336 — 11 Darnley Road, Hackney, London, E9 6QH
INFO LEAD new: [Permitted] Hackney/2024/2341 — 5, Halleys Mews, 2b Anton Street, Hackney, London, E8 2AD
INFO LEAD new: [Permitted] Hackney/2024/2343 — 16 Wilton Way, Hackney, London, E8 3EE
INFO LEAD new: [Permitted] Hackney/2024/2328 — SCHOOL HOUSE Detmold Road, Hackney, London, E5 9NL
INFO LEAD new: [Permitted] Hackney/2024/2325 — 85 Winston Road, Hackney, London, N16 9LN
INFO LEAD new: [Permitted] Hackney/2024/2339 — BISHOPSGATE GOODS YARD, 40 Shoreditch High Street, Hackney, 
INFO LEAD new: [Permitted] Hackney/2024/2332 — 85 Winston Road, Hackney, London, N16 9LN
INFO LEAD new: [Permitted] Hackney/2024/2345 — Parade, 168 Sandringham Road, Hackney, London, E8 2HS
INFO LEAD new: [Permitted] Hackney/2024/2319 — Gainsborough Bridge Berkshire Road, London, E9 5ND
INFO LEAD new: [Permitted] Hackney/2024/2322 — Flat A, 151 Mount Pleasant Lane, Hackney, London, E5 9JG
INFO LEAD new: [Permitted] Hackney/2024/2317 — Dalston Garage, 91 Barretts Grove, Hackney, London, N16 8AP
INFO LEAD new: [Permitted] Hackney/2024/2326 — 36 Lidfield Road, Hackney, London, N16 9LX
INFO LEAD new: [Permitted] Hackney/2024/2331 — 30 Oldfield Road, Hackney, London, N16 0RS
INFO LEAD new: [Permitted] Hackney/2024/2330 — Providence Close, London, E9 7DS
INFO LEAD new: [Permitted] Hackney/2024/2312 — Bishopsgate Goodsyard Shoreditch, C/O Agent, London, E1 6PA
INFO LEAD new: [Permitted] Hackney/2024/2316 — Flat 1, 59 Springdale Road, Hackney, London, N16 9NT
INFO LEAD new: [Permitted] Hackney/2024/2301 — 12 Clissold Road, Hackney, London, N16 9EU
INFO LEAD new: [Permitted] Hackney/2024/2302 — 23 Amhurst Park, Hackney, London, N16 5DJ
INFO LEAD new: [Permitted] Hackney/2024/2323 — 2 Ardleigh Road, Hackney, London, N1 4HP
INFO LEAD new: [Permitted] Hackney/2024/2310 — Bishopsgate Goodsyard Shoreditch, C/O Agent, London, E1 6PA
INFO LEAD new: [Permitted] Hackney/2024/2303 — Bishopsgate Goods Yard, 40 Shoreditch High Street, Hackney, 
INFO LEAD new: [Permitted] Hackney/2024/2311 — 10 Clissold Road, Hackney, London, N16 9EU
INFO LEAD new: [Permitted] Hackney/2024/2306 — 8 Clissold Road, Hackney, London, N16 9EU
INFO LEAD new: [Permitted] Hackney/2024/2318 — London Legacy Development Corporation, Level 9, 5 Endeavour 
INFO LEAD new: [Permitted] Hackney/2024/2296 — The Clarence Tavern, 102 Stoke Newington Church Street, Hack
INFO LEAD new: [Permitted] Hackney/2024/2298 — 145 Middleton Road, Hackney, London, E8 4LL
INFO LEAD new: [Permitted] Hackney/2024/2299 — 28 Finsbury Park Road, Hackney, London, N4 2JX
INFO LEAD new: [Permitted] Hackney/2024/2308 — 1 Belgrade Road, Hackney, London, N16 8DH
INFO LEAD new: [Permitted] Hackney/2024/2313 — The Clarence Tavern, 102 Stoke Newington Church Street, Hack
INFO LEAD new: [Permitted] Hackney/2024/2315 — 8 Lea Bridge Road, Hackney, London, E5 9QD
INFO LEAD new: [Permitted] Hackney/2024/2300 — 66 Moundfield Road, Hackney, London, N16 6TB
INFO LEAD new: [Permitted] Hackney/2024/2292 — 147 Dynevor Road, Hackney, London, N16 0DA
INFO LEAD new: [Permitted] Hackney/2024/2262 — 20 Listria Park, Hackney, London, N16 5SN
INFO LEAD new: [Permitted] Hackney/2024/2251 — 160 Southgate Road, Hackney, London, N1 3HX
INFO LEAD new: [Permitted] Hackney/2024/2258 — Flat A, 61 Queen Elizabeths Walk, Hackney, London, N16 5UG
INFO LEAD new: [Permitted] Hackney/2024/2263 — 19 Barbauld Road, Hackney, London, N16 0SD
INFO LEAD new: [Permitted] Hackney/14/00429/AOD — Queen Elizabeth Olympic Park, London, E20 2ST
INFO LEAD new: [Permitted] Hackney/2024/2285 — Silvertown Quays, Bounded By Royal Victoria Dock Connaught B
INFO LEAD new: [Permitted] Hackney/2024/2275 — Basement Rear Flat, 64 - 66 Chatsworth Road, Hackney, London
INFO LEAD new: [Permitted] Hackney/2024/2256 — 2 Kynaston Road, Hackney, London, N16 0EX
INFO LEAD new: [Permitted] Hackney/2024/2230 — 6 Olinda Road, Hackney, London, N16 6TL
INFO LEAD new: [Permitted] Hackney/2024/2274 — 54 Belgrade Road, Hackney, London, N16 8DJ
INFO LEAD new: [Permitted] Hackney/2024/2334 — 14 Andre Street, Hackney
INFO LEAD new: [Permitted] Hackney/2024/2232 — 73 Dunsmure Road, Hackney, London, N16 5PT
INFO LEAD new: [Permitted] Hackney/2024/2233 — 46 Lingwood Road, Hackney, London, E5 9BN
INFO LEAD new: [Permitted] Hackney/2024/2264 — 170 Graham Road, Hackney, London, E8 1BS
INFO LEAD new: [Permitted] Hackney/2024/2238 — KINGS CRESCENT ESTATE Queens Drive, Hackney, London, N4 2SY
INFO LEAD new: [Permitted] Hackney/2024/2246 — 122 Winston Road, Hackney, London, N16 9LJ
INFO LEAD new: [Permitted] Hackney/2024/2248 — 61 Springdale Road, Hackney, London, N16 9NT
INFO LEAD new: [Permitted] Hackney/2024/2242 — 122 Winston Road, Hackney, London, N16 9LJ
INFO LEAD new: [Permitted] Hackney/2024/2243 — 13 Southgate Grove, Hackney, London, N1 5BP
INFO LEAD new: [Permitted] Hackney/2024/2217 — 43 Chardmore Road, Hackney, London, N16 6JA
INFO LEAD new: [Permitted] Hackney/2024/2237 — 128 Daubeney Road, Hackney, London, E5 0EQ
INFO LEAD new: [Permitted] Hackney/2024/2224 — 43 Chardmore Road, Hackney, London, N16 6JA
INFO LEAD new: [Permitted] Hackney/2024/2235 — Shoreditch Town Hall Trust, Basement To Second Floor, SHORED
INFO LEAD new: [Permitted] Hackney/2024/2205 — 24 Lampard Grove, Hackney, London, N16 6XB
INFO LEAD new: [Permitted] Hackney/2024/2220 — Flat C, 100 Wilberforce Road, Hackney, London, N4 2SR
INFO LEAD new: [Permitted] Hackney/2024/2228 — 10 Croston Street, Hackney, London, E8 4PQ
INFO LEAD new: [Permitted] Hackney/2024/2212 — 60 Edmeston Close, Hackney, London, E9 5TL
INFO LEAD new: [Permitted] Hackney/2024/2215 — 25 Woodlea Road, Hackney, London, N16 0TH
INFO LEAD new: [Permitted] Hackney/2024/2209 — 16 Stannard Road, Hackney, London, E8 1DB
INFO LEAD new: [Permitted] Hackney/2024/2226 — 170 Graham Road, Hackney, London, E8 1BS
INFO LEAD new: [Permitted] Hackney/2024/2202 — 89 Palatine Road, Hackney, London, N16 8SY
INFO LEAD new: [Permitted] Hackney/2024/2193 — 44 Groombridge Road, Hackney, London, E9 7DP
INFO [hackney/Permitted] page at offset 2500: 100 records
INFO LEAD new: [Permitted] Hackney/2024/2192 — The Laburnum Boat Club, Laburnum Boat Club Laburnum Street, 
INFO LEAD new: [Permitted] Hackney/2024/2199 — 8 Buxhall Crescent, Hackney, London, E9 5JU
INFO LEAD new: [Permitted] Hackney/2024/2187 — Flat A, 8 Forburg Road, Hackney, London, N16 6HS
INFO LEAD new: [Permitted] Hackney/2024/2204 — Yad Voezer Day Centre, 9A Amhurst Park, Hackney, London, N16
INFO LEAD new: [Permitted] Hackney/2024/2188 — 56 Milton Grove, Hackney, London, N16 8QY
INFO LEAD new: [Permitted] Hackney/2024/2211 — 4 Fassett Square, Hackney, London, E8 1DQ
INFO LEAD new: [Permitted] Hackney/2024/2185 — 35 Ravensdale Road, Hackney, London, N16 6TJ
INFO LEAD new: [Permitted] Hackney/2024/2216 — 71 Bayston Road, Hackney, London, N16 7NB
INFO LEAD new: [Permitted] Hackney/2024/2182 — WINDSOR HOUSE Wenlock Road, Hackney, London, N1 7SX
INFO LEAD new: [Permitted] Hackney/2024/2179 — 20 Appleby Road, Hackney, London, E8 3ET
INFO LEAD new: [Permitted] Hackney/2024/2181 — 33 Alkham Road, Hackney, London, N16 7AA
INFO LEAD new: [Permitted] Hackney/2024/2198 — 152 Bethune Road, Hackney, London, N16 5DS
INFO LEAD new: [Permitted] Hackney/2024/2169 — 5 - 7 Wenlock Street, Hackney, London, N1 7NT
INFO LEAD new: [Permitted] Hackney/2024/2173 — 6 Olinda Road, Hackney, London, N16 6TL
INFO LEAD new: [Permitted] Hackney/2024/2177 — Flat 20, Royal Gate Apartments, 1 Rutland Road, Hackney, Lon
INFO LEAD new: [Permitted] Hackney/2024/2175 — 33, LAXFIELD COURT Pownall Road, Hackney, London, E8 4PU
INFO LEAD new: [Permitted] Hackney/2024/2164 — 10 Mildenhall Road, London, E5 0RU
INFO LEAD new: [Permitted] Hackney/2024/2163 — 446 Kingsland Road, Hackney, London, E8 4AE
INFO LEAD new: [Permitted] Hackney/2024/2166 — 8 St Andrews Grove, Hackney, London, N16 5NE
INFO LEAD new: [Permitted] Hackney/2024/2161 — 143 Evering Road, Hackney, London, N16 7BL
INFO LEAD new: [Permitted] Hackney/2024/2149 — 4 Reedholm Villas, Hackney, London, N16 9LP
INFO LEAD new: [Permitted] Hackney/2024/2155 — Flat 4, 257 Hoxton Street, Hackney, London, N1 5LG
INFO LEAD new: [Permitted] Hackney/2024/2142 — 35 Time Square, Hackney, London, E8 2LT
INFO LEAD new: [Permitted] Hackney/2024/2158 — 35 Time Square, Hackney, London, E8 2LT
INFO LEAD new: [Permitted] Hackney/2024/2143 — 36 Lidfield Road, Hackney, London, N16 9LX
INFO LEAD new: [Permitted] Hackney/2024/2134 — 9 Newick Road, Hackney, London, E5 0RP
INFO LEAD new: [Permitted] Hackney/2024/2151 — First Floor Right Unit 5, 10a Manor Road, Hackney, London, N
INFO LEAD new: [Permitted] Hackney/2024/2139 — EXBURY HOUSE Brenthouse Road, Hackney, London, E9 6PZ
INFO LEAD new: [Permitted] Hackney/2024/2125 — 34 Queen Anne Road, Hackney, London, E9 7AH
INFO LEAD new: [Permitted] Hackney/2024/2128 — 8 - 10 Westgate Street, Hackney, London, E8 3RN
INFO LEAD new: [Permitted] Hackney/2024/2122 — 70 - 72 Cazenove Road, Hackney, London, N16 6AA
INFO LEAD new: [Permitted] Hackney/2024/2116 — ROYLE BUILDING, 31 Wenlock Road, Hackney, London, N1 7SH
INFO LEAD new: [Permitted] Hackney/2024/2126 — 27 Sharon Gardens, Hackney, London, E9 7RX
INFO LEAD new: [Permitted] Hackney/2024/2113 — Haikksun Restaurant, 179 Stoke Newington Church Street, Lond
INFO LEAD new: [Permitted] Hackney/2024/2157 — Part Of Unit 7, Ground Floor, 10A, Manor Road, London, N16 5
INFO LEAD new: [Permitted] Hackney/2024/2105 — Bishopsgate Good Yard, Hackney, E1
INFO LEAD new: [Permitted] Hackney/2024/2110 — BISHOPSGATE GOODS YARD, 40 Shoreditch High Street, Hackney, 
INFO LEAD new: [Permitted] Hackney/2024/2112 — Haikksun Restaurant, 179 Stoke Newington Church Street, Hack
INFO LEAD new: [Permitted] Hackney/2024/2109 — 9 Dericote Street, Hackney, London, E8 4PG
INFO LEAD new: [Permitted] Hackney/2024/2108 — Flat A, 49 Adolphus Road, Hackney, London, N4 2AX
INFO LEAD new: [Permitted] Hackney/2024/2106 — 50 Lamb Lane, Hackney, London, E8 3PJ
INFO LEAD new: [Permitted] Hackney/2024/2097 — Haggerston Studios, 284 Kingsland Road, Hackney, London, E8 
INFO LEAD new: [Permitted] Hackney/2024/2092 — EAGLE HOUSE, 30 Eagle Wharf Road, Hackney, London, N1 7EH
INFO LEAD new: [Permitted] Hackney/2024/2094 — 167 Middleton Road, Hackney, London, E8 4LL
INFO LEAD new: [Permitted] Hackney/2024/2091 — 71 Elderfield Road, Hackney, London, E5 0LE
INFO LEAD new: [Permitted] Hackney/2024/2096 — 23 Buckingham Road, Hackney, London, N1 4DG
INFO LEAD new: [Permitted] Hackney/2024/2079 — N C P Car Park, Multi Storey Car Park, 34 - 45 Great Eastern
INFO LEAD new: [Permitted] Hackney/2024/2083 — WILLIAM GEE HOUSE, 520 - 522 Kingsland Road, Hackney, London
INFO LEAD new: [Permitted] Hackney/2024/2104 — 15 Cranwich Road, Hackney, London, N16 5HZ
INFO LEAD new: [Permitted] Hackney/2024/2080 — 33 Moundfield Road, Hackney, London, N16 6DT
INFO LEAD new: [Permitted] Hackney/2024/2078 — 33 Moundfield Road, Hackney, London, N16 6DT
INFO LEAD new: [Permitted] Hackney/2024/2084 — 98 Richmond Road, Hackney, London, E8 3HW
INFO LEAD new: [Permitted] Hackney/2024/2082 — 123 Hassett Road, Hackney, London, E9 5SL
INFO LEAD new: [Permitted] Hackney/2024/2069 — Sawasdee, 239 - 243 Mare Street, Hackney, London, E8 3NS
INFO LEAD new: [Permitted] Hackney/2024/2062 — 9 Egerton Road, Hackney, London, N16 6UE
INFO LEAD new: [Permitted] Hackney/2024/2056 — 354 Craven Park Road, Hackney, London, N15 6AN
INFO LEAD new: [Permitted] Hackney/2024/2076 — Flat A, 20 Roding Road, Hackney, London, E5 0DW
INFO LEAD new: [Permitted] Hackney/2024/2065 — Ground Floor Flat, 79 Palatine Road, Hackney, London, N16 8S
INFO LEAD new: [Permitted] Hackney/2024/2064 — 9 Dericote Street, Hackney, London, E8 4PG
INFO LEAD new: [Permitted] Hackney/2024/2085 — 18 Brodia Road, Hackney, London, N16 0ES
INFO LEAD new: [Permitted] Hackney/2024/2063 — Flat A, 18 Alconbury Road, Hackney, London, E5 8RH
INFO LEAD new: [Permitted] Hackney/2024/2052 — 47 Penshurst Road, Hackney, London, E9 7DT
INFO LEAD new: [Permitted] Hackney/2024/2046 — Chicken Munch, 85 Kingsland High Street, Hackney, London, E8
INFO LEAD new: [Permitted] Hackney/2024/2058 — 74 - 80 Stamford Hill, Hackney, London, N16 6XS
INFO LEAD new: [Permitted] Hackney/2024/2049 — Vape Underground, 61 Chatsworth Road, Hackney, London, E5 0L
INFO [hackney/Permitted] page at offset 2600: 100 records
INFO LEAD new: [Permitted] Hackney/24/00321/NMA — Comprising land to the north and south of (although excludin
INFO LEAD new: [Permitted] Hackney/2024/2047 — 44 St Marks Rise, Hackney
INFO LEAD new: [Permitted] Hackney/2024/2057 — 46 Lordship Park, Hackney, London, N16 5UD
INFO LEAD new: [Permitted] Hackney/2024/2048 — 89 Mapledene Road, Hackney, London, E8 3LL
INFO LEAD new: [Permitted] Hackney/2024/2044 — 59 Lyme Grove, Hackney, London, E9 6PX
INFO LEAD new: [Permitted] Hackney/2024/2041 — Flat 1, PRINCE ARTHUR MEWS, 49A Brunswick Place, Hackney, Lo
INFO LEAD new: [Permitted] Hackney/2024/2043 — 45 Sharon Gardens, Hackney, London, E9 7RX
INFO LEAD new: [Permitted] Hackney/2024/2035 — 2-18 Warburton Road, Hackney, London, E8 3FN
INFO LEAD new: [Permitted] Hackney/2024/2038 — MALDRON HOTEL, 49 - 51 Paul Street, Hackney, London, EC2A 4L
INFO LEAD new: [Permitted] Hackney/2024/2030 — 16A Chart Street, Hackney, London, N1 6DD
INFO LEAD new: [Permitted] Hackney/2024/2034 — 153 Clapton Common, Hackney, London, E5 9AE
INFO LEAD new: [Permitted] Hackney/2024/2028 — 67B Farleigh Road, Hackney, London, N16 7TD
INFO LEAD new: [Permitted] Hackney/2024/2032 — 17 Pitfield Street, Hackney, London, N1 6HB
INFO LEAD new: [Permitted] Hackney/2024/2027 — Pascal Lodge, 17 Downs Road, Hackney, London, E5 8QH
INFO LEAD new: [Permitted] Hackney/2024/2026 — 129 Stamford Hill, Hackney, London, N16 5TW
INFO LEAD new: [Permitted] Hackney/2024/2023 — Benyon Wharf, 295 Kingsland Road, Hackney, London, E8 4DQ
INFO LEAD new: [Permitted] Hackney/2024/2024 — 14 Appleby Road, Hackney, London, E8 3ET
INFO LEAD new: [Permitted] Hackney/2024/2006 — Flat D, 48 Benthal Road, Hackney, London, N16 7DA
INFO LEAD new: [Permitted] Hackney/2024/1997 — Flat A, 119 Albion Road, Hackney, London, N16 9PL
INFO LEAD new: [Permitted] Hackney/2024/2018 — 4 Church Crescent, Hackney, London, E9 7DH
INFO LEAD new: [Permitted] Hackney/2024/2019 — 4 Church Crescent, Hackney, London, E9 7DH
INFO LEAD new: [Permitted] Hackney/2024/2007 — Land Corner Of Crondall Street, London, N1 6PH
INFO LEAD new: [Permitted] Hackney/2024/2002 — 33 Shore Road, Hackney, London, E9 7TA
INFO LEAD new: [Permitted] Hackney/2024/2014 — 42 Blurton Road, Hackney, London, E5 0NL
INFO LEAD new: [Permitted] Hackney/2024/2008 — 13 Mildenhall Road, Hackney, London, E5 0RT
INFO LEAD new: [Permitted] Hackney/2024/1983 — 63 Harcombe Road, Hackney, London, N16 0RX
INFO LEAD new: [Permitted] Hackney/2024/1992 — Land Known As Bishopsgate Goods Yard Including Braithwaite S
INFO LEAD new: [Permitted] Hackney/2024/1998 — Bishopsgate Good Yard, London, E1
INFO LEAD new: [Permitted] Hackney/2024/1989 — Daycocks Cycles, Basement And Ground Floor, 143 Stoke Newing
INFO LEAD new: [Permitted] Hackney/2024/1984 — 28 Stamford Hill, Hackney, London, N16 6XZ
INFO LEAD new: [Permitted] Hackney/2024/1981 — 1 Ardleigh Road, London, N1 4HS
INFO LEAD new: [Permitted] Hackney/2024/2001 — Ground Floor Flat, 43 Filey Avenue, Hackney, London, N16 6JL
INFO LEAD new: [Permitted] Hackney/2024/1991 — 96 Yoakley Road, Hackney, London, N16 0BB
INFO LEAD new: [Permitted] Hackney/2024/1993 — BISHOPSGATE GOODS YARD, 40 Shoreditch High Street, Hackney, 
INFO LEAD new: [Permitted] Hackney/2024/1996 — 21c St Kildas Road, Hackney, London, N16 5BP
INFO LEAD new: [Permitted] Hackney/2024/1987 — Bishopsgate Goods Yard, 40 Shoreditch High Street, Hackney, 
INFO LEAD new: [Permitted] Hackney/2024/1986 — Quick House, 65 Clifton Street, Hackney, London, EC2A 4JE
INFO LEAD new: [Permitted] Hackney/2024/1971 — 31 Groombridge Road, Hackney, London, E9 7DP
INFO LEAD new: [Permitted] Hackney/2024/1972 — The Corner Shop, Basement And Ground Floor, 123 Shoreditch H
INFO LEAD new: [Permitted] Hackney/2024/1977 — 105 Olinda Road, Hackney, London, N16 6TS
INFO LEAD new: [Permitted] Hackney/2024/1979 — 31 Groombridge Road, Hackney, London, E9 7DP
INFO LEAD new: [Permitted] Hackney/2024/1982 — 40 Hawksley Road, Hackney, London, N16 0TJ
INFO LEAD new: [Permitted] Hackney/2024/1969 — 22 Springfield, Hackney, London, E5 9EF
INFO LEAD new: [Permitted] Hackney/2024/1959 — 18 Chester Crescent, Hackney, London, E8 2PH
INFO LEAD new: [Permitted] Hackney/2024/1958 — Site Site Known As ‘hackney Wick Central’ Comprising Land To
INFO LEAD new: [Permitted] Hackney/2024/1962 — Flat 60, BLANDFORD COURT St Peters Way, Hackney, London, N1 
INFO LEAD new: [Permitted] Hackney/2024/1955 — 105 Glenarm Road, Hackney, London, E5 0NA
INFO LEAD new: [Permitted] Hackney/2024/1960 — BOCKING STREET DEPOT Bocking Street, Hackney, London, E8 3RU
INFO LEAD new: [Permitted] Hackney/2024/1966 — 26 Clarence Road, Hackney, London, E5 8HB
INFO LEAD new: [Permitted] Hackney/2024/1954 — 29 Church Crescent, Hackney, London, E9 7DH
INFO LEAD new: [Permitted] Hackney/2024/1944 — 31 Lockhurst Street, Hackney, London, E5 0AP
INFO LEAD new: [Permitted] Hackney/2024/1948 — 3-5 Lingwood Road, Hackney, London, E5 9BN
INFO LEAD new: [Permitted] Hackney/2024/1943 — 39 - 45 Gransden Avenue, Hackney, London, E8 3QA
INFO LEAD new: [Permitted] Hackney/2024/1934 — 14 Appleby Road, Hackney, London, E8 3ET
INFO LEAD new: [Permitted] Hackney/2024/1936 — ALVARES HOUSE, 5 Furrow Lane, Hackney, London, E9 6JS
INFO LEAD new: [Permitted] Hackney/2024/1951 — 3 Winston Road, Hackney, London, N16 9LU
INFO LEAD new: [Permitted] Hackney/2024/1932 — 25 Osbaldeston Road, Hackney, London, N16 7DJ
INFO LEAD new: [Permitted] Hackney/2024/1942 — Flat C, 13 Sandringham Road, Hackney, London, E8 2LR
INFO LEAD new: [Permitted] Hackney/2024/1938 — ALVARES HOUSE, 5 Furrow Lane, Hackney, London, E9 6JS
INFO LEAD new: [Permitted] Hackney/2024/1937 — Toldos Yaakov Yosef Institutions Trust, 124 Stamford Hill, H
INFO LEAD new: [Permitted] Hackney/2024/1933 — Flat A, 31 Cotesbach Road, Hackney, London, E5 9QJ
INFO LEAD new: [Permitted] Hackney/2024/1946 — 36 Yoakley Road, Hackney, London, N16 0BA
INFO LEAD new: [Permitted] Hackney/2024/1927 — 34 Lordship Park, Hackney, London, N16 5UD
INFO LEAD new: [Permitted] Hackney/2024/1912 — 74 Mountgrove Road, Hackney, London, N5 2LT
INFO LEAD new: [Permitted] Hackney/2024/1922 — Flat 1, 1 Goulton Road, Hackney, London, E5 8HA
INFO LEAD new: [Permitted] Hackney/2024/1928 — 20 Speldhurst Road, Hackney, London, E9 7EH
INFO LEAD new: [Permitted] Hackney/2024/1908 — 28 Upper Clapton Road, Hackney, London, E5 8BQ
INFO LEAD new: [Permitted] Hackney/2024/1920 — PRINCESS MAY PRIMARY SCHOOL Princess May Road, Hackney, Lond
INFO LEAD new: [Permitted] Hackney/2024/1919 — Flat B, 36 Mountgrove Road, Hackney, London, N5 2LS
INFO LEAD new: [Permitted] Hackney/2024/1914 — 61 Median Road, Hackney, London, E5 0PJ
INFO LEAD new: [Permitted] Hackney/2024/1910 — Marian Court, London, E9 6DT
INFO LEAD new: [Permitted] Hackney/2024/1906 — 87 Listria Park, Hackney, London, N16 5SP
INFO LEAD new: [Permitted] Hackney/2024/1897 — 2 Penpoll Road, Hackney, London, E8 1EX
INFO [hackney/Permitted] page at offset 2700: 100 records
INFO LEAD new: [Permitted] Hackney/2024/1883 — Flat B, 8 Downs Park Road, Hackney, London, E8 2HD
INFO LEAD new: [Permitted] Hackney/2024/1900 — 207-223 Stoke Newington Church Street, Hackney, London, N16 
INFO LEAD new: [Permitted] Hackney/2024/1898 — 50 Glenarm Road, Hackney, London, E5 0LZ
INFO LEAD new: [Permitted] Hackney/2024/1880 — HAGGERSTON SECONDARY SCHOOL Weymouth Terrace, Hackney, Londo
INFO LEAD new: [Permitted] Hackney/2024/1872 — 30 Sandringham Road, Hackney, London, E8 2LP
INFO LEAD new: [Permitted] Hackney/2024/1879 — HAGGERSTON SECONDARY SCHOOL Weymouth Terrace, Hackney, Londo
INFO LEAD new: [Permitted] Hackney/2024/1868 — 150-154 Mildenhall Road, Hackney, London, E5 0RZ
INFO LEAD new: [Permitted] Hackney/2024/1881 — GoodsYards Land Known As Bishopsgate Goods Yard Including Br
INFO LEAD new: [Permitted] Hackney/2024/1871 — 75 Malvern Road, Hackney, London, E8 3LJ
INFO LEAD new: [Permitted] Hackney/2024/1874 — 25 Marsh Hill, Hackney, London, E9 5QA
INFO LEAD new: [Permitted] Hackney/2024/1870 — 22 Malvern Road, Hackney, London, E8 3LP
INFO LEAD new: [Permitted] Hackney/2024/1886 — Pih London Ltd, 333 Seven Sisters Road, Hackney, London, N4 
INFO LEAD new: [Permitted] Hackney/2024/1899 — 88 Lea Bridge Road, Hackney, London, E5 9QD
INFO LEAD new: [Permitted] Hackney/2024/1855 — 18 Farleigh Road, Hackney, London, N16 7TH
INFO LEAD new: [Permitted] Hackney/2024/1854 — 37 Manor Road, Hackney, London, N16 5BQ
INFO LEAD new: [Permitted] Hackney/2024/1846 — 20 Yoakley Road, Hackney, London, N16 0BA
INFO LEAD new: [Permitted] Hackney/2024/1847 — Flat A, 343 Amhurst Road, Hackney, London, N16 7UX
INFO LEAD new: [Permitted] Hackney/2024/1842 — Flat A, 345 Amhurst Road, Hackney, London, N16 7UX
INFO LEAD new: [Permitted] Hackney/2024/1856 — HUTLEY WHARF, 29 Branch Place, Hackney, London, N1 5PW
INFO LEAD new: [Permitted] Hackney/2024/1839 — Flat B, 57 Nevill Road, Hackney, London, N16 8SW
INFO LEAD new: [Permitted] Hackney/2024/1852 — 44 St Marks Rise, Hackney
INFO LEAD new: [Permitted] Hackney/2024/1848 — Woodberry Down Phase 3 Seven Sisters Road , London, N4 2SB
INFO LEAD new: [Permitted] Hackney/2024/1843 — Flat B, 13 King Edwards Road, Hackney, London, E9 7SF
INFO LEAD new: [Permitted] Hackney/2024/1836 — Flat D, 30 Colvestone Crescent, Hackney, London, E8 2LH
INFO LEAD new: [Permitted] Hackney/2024/1844 — Basement Flat, 68 Elderfield Road, Hackney, London, E5 0LF
INFO LEAD new: [Permitted] Hackney/2024/1834 — Flat B, 26 Dunlace Road, Hackney, London, E5 0NE
INFO LEAD new: [Permitted] Hackney/2024/1835 — Shoreditch Town Hall Trust, Basement To Second Floor, SHORED
INFO LEAD new: [Permitted] Hackney/2024/1829 — 39 Harcombe Road, Hackney, London, N16 0RX
INFO LEAD new: [Permitted] Hackney/2024/1830 — 4 Elderfield Road, Hackney, London, E5 0LG
INFO LEAD new: [Permitted] Hackney/2024/1827 — 10 Sutton Place, Hackney, London, E9 6EH
INFO LEAD new: [Permitted] Hackney/2024/1891 — 19 Merriam Avenue, Hackney, London, E9 5LS
INFO LEAD new: [Permitted] Hackney/2024/1890 — Queen Elizabeth Olympic Park Belvedere And Mandeville Place,
INFO LEAD new: [Permitted] Hackney/2024/1892 — Land Within The Olympic Park And Land At Queen Elizabeth Oly
INFO LEAD new: [Permitted] Hackney/2024/1818 — Flat A, 43 Brooke Road, Hackney, London, N16 7RA
INFO LEAD new: [Permitted] Hackney/2024/1816 — Flat B, 180 Millfields Road, Hackney, London, E5 0AR
INFO LEAD new: [Permitted] Hackney/2024/1826 — 10 Speldhurst Road, Hackney, London, E9 7EH
INFO LEAD new: [Permitted] Hackney/2024/1817 — 43 Adley Street, Hackney, London, E5 0DY
INFO LEAD new: [Permitted] Hackney/2024/1806 — 3 Sigdon Road, Hackney, London, E8 1AP
INFO LEAD new: [Permitted] Hackney/2024/1821 — 94 Queens Drive, Hackney
INFO LEAD new: [Permitted] Hackney/2024/1804 — 58 Middleton Road, Hackney, London, E8 4BS
INFO LEAD new: [Permitted] Hackney/2024/1812 — WILLIAM GEE HOUSE, 520 - 522 Kingsland Road, Hackney, London
INFO LEAD new: [Permitted] Hackney/2024/1813 — Second Floor And Third Floor Flat, 2A Foulden Road, Hackney,
INFO LEAD new: [Permitted] Hackney/2024/1805 — Marks & Spencer, 351 Mare Street, Hackney, London, E8 1JB
INFO LEAD new: [Permitted] Hackney/2024/1824 — The West Reservoir Centre Green Lanes, Hackney, London, N4 2
INFO LEAD new: [Permitted] Hackney/2024/1795 — 184 Elderfield Road, Hackney, London, E5 0AZ
INFO LEAD new: [Permitted] Hackney/2024/1793 — 184 Elderfield Road, Hackney, London, E5 0AZ
INFO LEAD new: [Permitted] Hackney/2024/1799 — WILLIAM GEE HOUSE, 520 - 522 Kingsland Road, Hackney, London
INFO LEAD new: [Permitted] Hackney/2024/1798 — Pivaz, Ground Floor, 34 Chatsworth Road, Hackney, London, E5
INFO LEAD new: [Permitted] Hackney/2024/1790 — 58 Brooke Road, Hackney, London, N16 7RX
INFO LEAD new: [Permitted] Hackney/2024/1778 — 4 Olinda Road, Hackney, London, N16 6TL
INFO LEAD new: [Permitted] Hackney/2024/1786 — 98 Blurton Road, Hackney, London, E5 0NH
INFO LEAD new: [Permitted] Hackney/2024/1888 — 86 Wallis Road, Hackney, London, E9 5LN
INFO LEAD new: [Permitted] Hackney/2024/1792 — 4 Olinda Road, Hackney, London, N16 6TL
INFO LEAD new: [Permitted] Hackney/2024/1788 — 16 Stannard Road, Hackney, London, E8 1DB
INFO LEAD new: [Permitted] Hackney/2024/1769 — 19 Cranwich Road, Hackney, London, N16 5HZ
INFO LEAD new: [Permitted] Hackney/2024/1787 — REAR OF 27 Rectory Road, Hackney, London, N16 7QL
INFO LEAD new: [Permitted] Hackney/2024/1776 — 246 Albion Road, Hackney, London, N16 9JP
INFO LEAD new: [Permitted] Hackney/2024/1774 — 66 Southgate Road, Hackney, London, N1 3JF
INFO LEAD new: [Permitted] Hackney/2024/1781 — Unit 10, HAYBRIDGE HOUSE, 15 Mount Pleasant Hill, Hackney, L
INFO LEAD new: [Permitted] Hackney/2024/1777 — Woodberry Down Phase 3 Seven Sisters Road , London, N4 2SB
INFO LEAD new: [Permitted] Hackney/2024/1766 — Unit 1, 4 Ravey Street, Hackney, London, EC2A 4QP
INFO LEAD new: [Permitted] Hackney/2024/1765 — 142 - 146 Hoxton Street, Hackney, London, N1 6SH
INFO LEAD new: [Permitted] Hackney/2024/1762 — 116 Forest Road, Hackney, London, E8 3BH
INFO LEAD new: [Permitted] Hackney/2024/1802 — Multi Storey Car Park, OLYMPIC PARK SITE Eastway, Hackney, L
INFO LEAD new: [Permitted] Hackney/2024/1801 — Coach Parking Lesney Avenue, Hackney, London, E20 3BS
INFO LEAD new: [Permitted] Hackney/2024/1757 — Trade Price Catering, 325 Kingsland Road, Hackney, London, E
INFO LEAD new: [Permitted] Hackney/2024/1761 — 16 Northwold Road, Hackney, London, N16 7HR
INFO LEAD new: [Permitted] Hackney/2024/1758 — 9 Clapton Common, Hackney, London, E5 9AA
INFO LEAD new: [Permitted] Hackney/2024/1759 — 71 Ravensdale Road, Hackney, London, N16 6TJ
INFO LEAD new: [Permitted] Hackney/2024/1748 — 25 Corsham Street, Hackney, London, N1 6DR
INFO LEAD new: [Permitted] Hackney/2024/1749 — 84 Mountgrove Road, Hackney, London, N5 2LT
INFO LEAD new: [Permitted] Hackney/2024/1770 — 41 Chardmore Road, Hackney, London, N16 6JA
INFO LEAD new: [Permitted] Hackney/2024/1734 — 13 Lockhurst Street, Hackney, London, E5 0AP
INFO LEAD new: [Permitted] Hackney/2024/1744 — 10 Firsby Road, Hackney, London, N16 6QA
INFO LEAD new: [Permitted] Hackney/2024/1739 — 27 Albion Drive, Hackney, London, E8 4LX
INFO [hackney/Permitted] page at offset 2800: 100 records
INFO LEAD new: [Permitted] Hackney/2024/1743 — 79b, 79 Benthal Road, Hackney, London, N16 7AP
INFO LEAD new: [Permitted] Hackney/2024/1725 — 20 Fassett Square, Hackney, London, E8 1DQ
INFO LEAD new: [Permitted] Hackney/2024/1730 — 6 Fassett Square, Hackney, London, E8 1DQ
INFO LEAD new: [Permitted] Hackney/2024/1717 — 50 Green Lanes, Hackney, London, N16 9NH
INFO LEAD new: [Permitted] Hackney/2024/1726 — 26 Allen Road, London, N16 8SA
INFO LEAD new: [Permitted] Hackney/2024/1729 — 15 Rookwood Road, Hackney, London, N16 6SP
INFO LEAD new: [Permitted] Hackney/2024/1728 — 12a, HAVEN EAST, 146 Dalston Lane, Hackney, London, E8 1NL
INFO LEAD new: [Permitted] Hackney/2024/1719 — Wine Cellar, 536 Kingsland Road, Hackney, London, E8 4AH
INFO LEAD new: [Permitted] Hackney/2024/1699 — 13 Stamford Road, Hackney, London, N1 4JP
INFO LEAD new: [Permitted] Hackney/2024/1711 — 34 Moresby Road, Hackney, London, E5 9LF
INFO LEAD new: [Permitted] Hackney/2024/1706 — 57 Lauriston Road, Hackney, London, E9 7HA
INFO LEAD new: [Permitted] Hackney/2024/1707 — ROBIN REDMOND RESOURCE CENTRE, 440 Seven Sisters Road, Hackn
INFO LEAD new: [Permitted] Hackney/2024/1701 — 14 To 40 Newnton Close And 456 To 484 Seven Sisters Road, Lo
INFO LEAD new: [Permitted] Hackney/2024/1694 — Flat G4, Durigo House, 5 King Edwards Road, Hackney, London,
INFO LEAD new: [Permitted] Hackney/2024/1662 — 2 Sutton Place, Hackney, London, E9 6EH
INFO LEAD new: [Permitted] Hackney/2024/1695 — 54 Lavender Grove, Hackney, London, E8 3LS
INFO LEAD new: [Permitted] Hackney/2024/1693 — FORMER, 97 - 101 Hackney Road, Hackney, London, E2 8ET
INFO LEAD new: [Permitted] Hackney/2024/1679 — 18 Fassett Square, Hackney, London, E8 1DQ
INFO LEAD new: [Permitted] Hackney/2024/1673 — 19 Fassett Square, Hackney, London, E8 1DQ
INFO LEAD new: [Permitted] Hackney/2024/1670 — 20A Fassett Square, Hackney, London, E8 1DQ
INFO LEAD new: [Permitted] Hackney/2024/1681 — Synagogue, 69 Lordship Road, Hackney, London, N16 0QX
INFO LEAD new: [Permitted] Hackney/2024/1656 — 4 Fassett Square, Hackney, London, E8 1DQ
INFO LEAD new: [Permitted] Hackney/2024/1644 — 2 Fassett Square, Hackney, London, E8 1DQ
INFO LEAD new: [Permitted] Hackney/2024/1653 — 1 Fassett Square, Hackney, London, E8 1DQ
INFO LEAD new: [Permitted] Hackney/2024/1654 — 5 Fassett Square, Hackney, London, E8 1DQ
INFO LEAD new: [Permitted] Hackney/2024/1658 — 92 Queen Elizabeths Walk, Hackney, London, N16 5UQ
INFO LEAD new: [Permitted] Hackney/2024/1671 — 165 Osbaldeston Road, Hackney, London, N16 6ND
INFO LEAD new: [Permitted] Hackney/2024/1680 — 165 Osbaldeston Road, Hackney, London, N16 6ND
INFO LEAD new: [Permitted] Hackney/2024/1664 — East Wick Phase 2, Development Parcel 5.6, Planning Delivery
INFO LEAD new: [Permitted] Hackney/2024/1638 — 52 Forburg Road, Hackney, London, N16 6HT
INFO LEAD new: [Permitted] Hackney/2024/1645 — 13 Norcott Road, Hackney, London, N16 7BJ
INFO LEAD new: [Permitted] Hackney/2024/1621 — 1 Parkholme Road, Hackney, London, E8 3AD
INFO LEAD new: [Permitted] Hackney/2024/1635 — 62 Lingwood Road, Hackney, London, E5 9BN
INFO LEAD new: [Permitted] Hackney/2024/1657 — 2 Sutton Place, Hackney, London, E9 6EH
INFO LEAD new: [Permitted] Hackney/2024/1665 — 25 Trego Road, London, E9 5HJ
INFO LEAD new: [Permitted] Hackney/2024/1640 — 121 Olinda Road, Hackney, London, N16 6TS
INFO LEAD new: [Permitted] Hackney/2024/1652 — Aldi, 209 Hoxton Street, Hackney, London, N1 5LG
INFO LEAD new: [Permitted] Hackney/2024/1647 — 87 Glenarm Road, Hackney, London, E5 0LY
INFO LEAD new: [Permitted] Hackney/2024/1639 — 11 Finsbury Park Road, Hackney, London, N4 2LA
INFO LEAD new: [Permitted] Hackney/2024/1617 — 1a-c Croston Street, Hackney, London, E8 4PQ
INFO LEAD new: [Permitted] Hackney/2024/1632 — 1, LONDESBOROUGH HOUSE Londesborough Road, Hackney, London, 
INFO LEAD new: [Permitted] Hackney/2024/1631 — 1, LONDESBOROUGH HOUSE Londesborough Road, Hackney, London, 
INFO LEAD new: [Permitted] Hackney/2024/1633 — 1, LONDESBOROUGH HOUSE Londesborough Road, Hackney, London, 
INFO LEAD new: [Permitted] Hackney/2024/1623 — Flat 2, 163 Clarence Road, Hackney, London, E5 8EE
INFO LEAD new: [Permitted] Hackney/2024/1618 — 1 Parkholme Road, Hackney, London, E8 3AD
INFO LEAD new: [Permitted] Hackney/2024/1615 — 12 Chardmore Road, Hackney, London, N16 6JD
INFO LEAD new: [Permitted] Hackney/2024/1614 — Bishopsgate Goods Yard, 40 Shoreditch High Street, Hackney, 
INFO LEAD new: [Permitted] Hackney/2024/1608 — 49 - 51 Paul Street, Hackney, London, EC2A 4LJ
INFO LEAD new: [Permitted] Hackney/2024/1612 — 50 Ashtead Road, Hackney, London, E5 9BH
INFO LEAD new: [Permitted] Hackney/2024/1625 — Unit 2, 2 - 18 Warburton Road, Hackney, London, E8 3FN
INFO LEAD new: [Permitted] Hackney/2024/1594 — 88 Green Lanes, Hackney, London, N16 9EJ
INFO LEAD new: [Permitted] Hackney/2024/1600 — Morrisons, 47 - 49 Stamford Hill, Hackney, London, N16 5TB
INFO LEAD new: [Permitted] Hackney/2024/1604 — 5 Powell Road, Hackney, London, E5 8DJ
INFO LEAD new: [Permitted] Hackney/2024/1598 — Flat A, 8 Brookfield Road, Hackney, London, E9 5AH
INFO LEAD new: [Permitted] Hackney/2024/1601 — 9 De Beauvoir Square, Hackney, London, N1 4LG
INFO LEAD new: [Permitted] Hackney/14/00273/REM — Queen Elizabeth Olympic Park, London, E20 2ST
INFO LEAD new: [Permitted] Hackney/2024/1585 — Flat 1, 15 St Marks Rise, Hackney, London, E8 2NL
INFO LEAD new: [Permitted] Hackney/2024/1586 — Flat A, 33 Alexandra Grove, Hackney, London, N4 2LQ
INFO LEAD new: [Permitted] Hackney/2024/1571 — 9 Colne Road, Hackney, London, E5 0HR
INFO LEAD new: [Permitted] Hackney/2024/1573 — 77 Barretts Grove, Hackney, London, N16 8AP
INFO LEAD new: [Permitted] Hackney/2024/1566 — 241 - 243 Stoke Newington Church Street, Hackney, London, N1
INFO LEAD new: [Permitted] Hackney/2024/1569 — Tasti-pizza, 23, Amhurst Parade Amhurst Park, Hackney, Londo
INFO LEAD new: [Permitted] Hackney/2024/1577 — 10 Ormsby Place, Hackney, London, N16 8ER
INFO LEAD new: [Permitted] Hackney/2024/1578 — 33-35 Richmond Road, 377-379 Queensbridge Road & 16-17 Acer 
INFO LEAD new: [Permitted] Hackney/2024/1562 — 58 Norcott Road, Hackney, London, N16 7EL
INFO LEAD new: [Permitted] Hackney/2024/1553 — 21 Lampard Grove, Hackney, London, N16 6XA
INFO LEAD new: [Permitted] Hackney/2024/1547 — Flat C, 48 Gloucester Drive, Hackney, London, N4 2LN
INFO LEAD new: [Permitted] Hackney/2024/1551 — 8 Westgate Street, Hackney, London, E8 3RN
INFO LEAD new: [Permitted] Hackney/2024/1546 — London Fields Lido London Fields West Side, Hackney, London,
INFO LEAD new: [Permitted] Hackney/2024/1548 — 28 Groombridge Road, Hackney, London, E9 7DP
INFO LEAD new: [Permitted] Hackney/2024/1560 — Molly's Cafe, 1 Geffrye Street, Hackney, London, E2 8JH
INFO LEAD new: [Permitted] Hackney/2024/1549 — First Floor Flat, 127 Queens Drive, Hackney, London, N4 2BB
INFO LEAD new: [Permitted] Hackney/2024/1561 — Molly's Cafe, 1 Geffrye Street, London, E2 8JH
INFO LEAD new: [Permitted] Hackney/2024/1543 — 125 Evering Road, Hackney, London, N16 7BU
INFO [hackney/Permitted] page at offset 2900: 100 records
INFO LEAD new: [Permitted] Hackney/2024/1529 — Sebright Primary School, Sebright Primary School Audrey Stre
INFO LEAD new: [Permitted] Hackney/2024/1552 — 128 Culford Road, Hackney, London, N1 4HU
INFO LEAD new: [Permitted] Hackney/2024/1556 — 27 Moresby Road, Hackney, London, E5 9LE
INFO LEAD new: [Permitted] Hackney/2024/1540 — 46 Kings Crescent, Hackney, London, N4 2SY
INFO LEAD new: [Permitted] Hackney/2024/1533 — Flat 3, 44 Kynaston Road, Hackney, London, N16 0EU
INFO LEAD new: [Permitted] Hackney/2024/1534 — 4a Bushberry Road, Hackney, London, E9 5SX
INFO LEAD new: [Permitted] Hackney/2024/1524 — 7 Abney Mews, Hackney, London, N16 0AJ
INFO LEAD new: [Permitted] Hackney/2024/1530 — 16 Queensdown Road, Hackney, London, E5 8NN
INFO LEAD new: [Permitted] Hackney/2024/1519 — 348-350 Craven Park Road, Hackney, London, N15 6AN
INFO LEAD new: [Permitted] Hackney/2024/1522 — 37 - 42 Charlotte Road, Hackney, London, EC2A 3PG
INFO LEAD new: [Permitted] Hackney/2024/1537 — Libanese Grill, St Michaels Church Mark Street, Hackney, Lon
INFO LEAD new: [Permitted] Hackney/2024/1525 — 27 Cotesbach Road, Hackney, London, E5 9QJ
INFO LEAD new: [Permitted] Hackney/2024/1515 — 165-169 Morning Lane, Hackney, London, E9 6LH
INFO LEAD new: [Permitted] Hackney/2024/1510 — 2-18 Warburton Road, Hackney, London, E8 3FN
INFO LEAD new: [Permitted] Hackney/2024/1513 — Bishopsgate Goodsyard Shoreditch, C/o Agent, London, E1 6PA
INFO LEAD new: [Permitted] Hackney/2024/1509 — 45 Northchurch Road, Hackney, London, N1 4EE
INFO LEAD new: [Permitted] Hackney/2024/1506 — The Prince Edward, 97 Wick Road, Hackney, London, E9 5AB
INFO LEAD new: [Permitted] Hackney/2024/1505 — 87 Richmond Road, Hackney, London, E8 3AA
INFO LEAD new: [Permitted] Hackney/2024/1503 — Allpress Espresso Uk Ltd, 6 Redchurch Street, Hackney, Londo
INFO LEAD new: [Permitted] Hackney/2024/1507 — 14, Ovanna Mews Buckingham Road, Hackney, London, N1 4EY
INFO LEAD new: [Permitted] Hackney/2024/1508 — 17-18 Ovanna Mews Buckingham Road, London, N1 4EY
INFO LEAD new: [Permitted] Hackney/2024/1491 — Aldi, 209 Hoxton Street, Hackney, London, N1 5LG
INFO LEAD new: [Permitted] Hackney/2024/1502 — 110 Osbaldeston Road, Hackney, London, N16 6NL
INFO LEAD new: [Permitted] Hackney/2024/1497 — Flat A, 8 Colberg Place, Hackney, London, N16 5RB
INFO LEAD new: [Permitted] Hackney/2024/1499 — Flat A, 33 Queen Anne Road, Hackney, London, E9 7AH
INFO LEAD new: [Permitted] Hackney/2024/1495 — TAVERNER HOUSE Stoke Newington Church Street, Hackney, Londo
INFO LEAD new: [Permitted] Hackney/2024/1485 — 32 Finsbury Park Road, Hackney, London, N4 2JX
INFO LEAD new: [Permitted] Hackney/2024/1486 — 247 Glyn Road, Hackney, London, E5 0JP
INFO LEAD new: [Permitted] Hackney/2024/1498 — 22 Denver Road, Hackney, London, N16 5JH
INFO LEAD new: [Permitted] Hackney/2024/1482 — 43 Malvern Road, Hackney, London, E8 3LP
INFO LEAD new: [Permitted] Hackney/2024/1480 — 18 St Philips Road, Hackney, London, E8 3BP
INFO LEAD new: [Permitted] Hackney/2024/1467 — Flat A, 97 Carysfort Road, Hackney, London, N16 9AD
INFO LEAD new: [Permitted] Hackney/2024/1476 — 22, Atlantic House, 14 Waterson Street, Hackney, London, E2 
INFO LEAD new: [Permitted] Hackney/2024/1469 — 1, Londesborough House Londesborough Road, Hackney, London, 
INFO LEAD new: [Permitted] Hackney/2024/1474 — 14 To 40 Newnton Close And 456 To 484 Seven Sisters Road, Lo
INFO LEAD new: [Permitted] Hackney/2024/1468 — 39 - 45 Gransden Avenue, Hackney, London, E8 3QA
INFO LEAD new: [Permitted] Hackney/2024/1466 — Nightingale Senior Citizens Social & Lunchean Club, 19 Olymp
INFO LEAD new: [Permitted] Hackney/2024/1478 — All Bar One, 18 - 20 Appold Street, Hackney, London, EC2A 2A
INFO LEAD new: [Permitted] Hackney/2024/1458 — Nightingale Senior Citizens Social & Lunchean Club, 19 Olymp
INFO LEAD new: [Permitted] Hackney/2024/1461 — 9 Heyworth Road, Hackney, London, E5 8DR
INFO LEAD new: [Permitted] Hackney/2024/1450 — 14 To 40 Newnton Close And, 456 To 484 Seven Sisters Road, H
INFO LEAD new: [Permitted] Hackney/2024/1455 — 71 Dalston Lane, London, E8 2NG
INFO LEAD new: [Permitted] Hackney/2024/1449 — Fanshaw House Fanshaw Street, Hackney, London, N1 6HX
INFO LEAD new: [Permitted] Hackney/2024/1454 — 132 Dunlace Road, Hackney, London, E5 0ND
INFO LEAD new: [Permitted] Hackney/2024/1453 — 101 Dalston Lane, Hackney, London, E8 1NH
INFO LEAD new: [Permitted] Hackney/2024/1438 — Flat 26, Weissmandel Court, 76 Clapton Common, Hackney, Lond
INFO LEAD new: [Permitted] Hackney/2024/1456 — 26, 24 Clarence Road, Hackney, London, E5 8HB
INFO LEAD new: [Permitted] Hackney/2024/1433 — 18 Meynell Gardens, Hackney, London, E9 7AT
INFO LEAD new: [Permitted] Hackney/2024/1425 — 2 Firsby Road, Hackney, London, N16 6QA
INFO LEAD new: [Permitted] Hackney/2024/1435 — 20 Blackwell Close, Hackney, London, E5 0TA
INFO LEAD new: [Permitted] Hackney/2024/1430 — 27 Denver Road, Hackney, London, N16 5JL
INFO LEAD new: [Permitted] Hackney/2024/1434 — 114a Culford Road, Hackney, London, N1 4HN
INFO LEAD new: [Permitted] Hackney/2024/1442 — Kaizo, 67 - 70 Charlotte Road, Hackney, London, EC2A 3PE
INFO LEAD new: [Permitted] Hackney/2024/1415 — Post Office, 138 Stoke Newington High Street, Hackney, Londo
INFO LEAD new: [Permitted] Hackney/2024/1417 — T Mobile, Radio Mast 50028 At 55 New North Road, Hackney, Lo
INFO LEAD new: [Permitted] Hackney/2024/1426 — 8 Atlas Mews, Hackney, London, E8 2NE
INFO LEAD new: [Permitted] Hackney/2024/1406 — 66-68 Durlston Road, Hackney, London, E5 8RR
INFO LEAD new: [Permitted] Hackney/2024/1416 — 47 Cranwich Road, Hackney, London, N16 5HZ
INFO LEAD new: [Permitted] Hackney/2024/1405 — 14 Winston Road, Hackney, London, N16 9LT
INFO LEAD new: [Permitted] Hackney/2024/1404 — Woodberry Down - Phase 4 Site Seven Sisters Road , London, N
INFO LEAD new: [Permitted] Hackney/2024/1391 — 78 Dumont Road, Hackney, London, N16 0NJ
INFO LEAD new: [Permitted] Hackney/2024/1403 — Hackney Road Recreation Ground Hackney Road, Hackney, London
INFO LEAD new: [Permitted] Hackney/2024/1396 — Sheraton House, 118 Curtain Road, Hackney, London, EC2A 3PJ
INFO LEAD new: [Permitted] Hackney/2024/1397 — 14 Winston Road, Hackney, London, N16 9LT
INFO LEAD new: [Permitted] Hackney/2024/1371 — Forecourt Wall, 25 Hackney Grove, Hackney, London, E8 3NR
INFO LEAD new: [Permitted] Hackney/2024/1398 — 14 Winston Road, Hackney, London, N16 9LT
INFO LEAD new: [Permitted] Hackney/2024/1387 — 170 Homerton High Street, Hackney, London, E9 6AG
INFO LEAD new: [Permitted] Hackney/2024/1374 — 45 Stoke Newington Church Street, Hackney, London, N16 0NX
INFO LEAD new: [Permitted] Hackney/2024/1381 — 66-68 Durlston Road, Hackney, London, E5 8RR
INFO LEAD new: [Permitted] Hackney/2024/1366 — 2 Firsby Road, Hackney, London, N16 6QA
INFO LEAD new: [Permitted] Hackney/2024/1368 — 2 Firsby Road, Hackney, London, N16 6QA
INFO LEAD new: [Permitted] Hackney/2024/1378 — Clissold Park Greenway Close, Hackney, London, N4 2EY
INFO [hackney/Permitted] page at offset 3000: 100 records
INFO LEAD new: [Permitted] Hackney/2024/1361 — 20 Carysfort Road, Hackney, London, N16 9AL
INFO LEAD new: [Permitted] Hackney/2024/1363 — 128 Osbaldeston Road, Hackney, London, N16 6NJ
INFO LEAD new: [Permitted] Hackney/2024/1365 — 33 Fountayne Road, Hackney, London, N16 7ED
INFO LEAD new: [Permitted] Hackney/2024/1364 — Locksmiths Court, 151 Albion Road, Hackney, London, N16 9JU
INFO LEAD new: [Permitted] Hackney/2024/1379 — 8 Northfield Road, Hackney, London, N16 5RN
INFO LEAD new: [Permitted] Hackney/2024/1359 — 108 Carysfort Road, Hackney, London, N16 9AP
INFO LEAD new: [Permitted] Hackney/2024/1377 — Clissold Park Greenway Close, Hackney, London, N4 2EY
INFO LEAD new: [Permitted] Hackney/2024/1367 — 3 Stamford Grove West, Hackney, London, N16 6LJ
INFO LEAD new: [Permitted] Hackney/2024/1372 — Forecourt Wall, 25 Hackney Grove, Hackney, London, E8 3NR
INFO LEAD new: [Permitted] Hackney/2024/1349 — 3, Marian Court Link Street, Hackney, London, E9 6DS
INFO LEAD new: [Permitted] Hackney/2024/1353 — 140 Tabernacle Street, Hackney, London, EC2A 4SD
INFO LEAD new: [Permitted] Hackney/2024/1355 — 22 Lampard Grove, London , N16 6XB
INFO LEAD new: [Permitted] Hackney/2024/1370 — Maldron Hotel, 49-51 Paul Street, London, EC2A 4LJ
INFO LEAD new: [Permitted] Hackney/2024/1369 — 13 Farleigh Road, Hackney, London, N16 7TB
INFO LEAD new: [Permitted] Hackney/2024/1352 — 15 Cranwich Road, Hackney, London, N16 5HZ
INFO LEAD new: [Permitted] Hackney/2024/1356 — Jimmy Fairly Uk Ltd, 15 Broadway Market, Hackney, London, E8
INFO LEAD new: [Permitted] Hackney/2024/1348 — 39 Grayling Road, Hackney, London, N16 0BL
INFO LEAD new: [Permitted] Hackney/2024/1354 — 49 - 51 Paul Street, Hackney, London, EC2A 4LJ
INFO LEAD new: [Permitted] Hackney/2024/1409 — 4 Stanard Close, Hackney, London, N16 5EH
INFO LEAD new: [Permitted] Hackney/2024/1336 — 4 Stanard Close, Hackney, London, N16 5EH
INFO LEAD new: [Permitted] Hackney/2024/1340 — Flat C, 56 Springdale Road, Hackney, London, N16 9NX
INFO LEAD new: [Permitted] Hackney/2024/1342 — Sandringham Villa Alexandra Grove, Hackney, London, N4 2LG
INFO LEAD new: [Permitted] Hackney/2024/1326 — London Doggies, Railway Arch 375 Helmsley Place, Hackney, Lo
INFO LEAD new: [Permitted] Hackney/2024/1341 — 46 Lordship Park, Hackney, London, N16 5UD
INFO LEAD new: [Permitted] Hackney/2024/1327 — The Arc, 225 City Road, London, EC1V 1JT
INFO LEAD new: [Permitted] Hackney/2024/1317 — Flat A, 83 Princess May Road, Hackney, London, N16 8DF
INFO LEAD new: [Permitted] Hackney/2024/1312 — Yew Tree Court, 20 Lordship Grove, Hackney, London, N16 0QE
INFO LEAD new: [Permitted] Hackney/2024/1311 — Flat 26, The Factory, 1 Nile Street, Hackney, London, N1 7LX
INFO LEAD new: [Permitted] Hackney/2024/1323 — 6 Powerscroft Road, Hackney, London, E5 0PU
INFO LEAD new: [Permitted] Hackney/2024/1307 — 154 Richmond Road, Hackney, London, E8 3HN
INFO LEAD new: [Permitted] Hackney/2024/1306 — 29 Cassland Road, Hackney, London, E9 7AL
INFO LEAD new: [Permitted] Hackney/2024/1290 — Basement Flat, 65 Greenwood Road, Hackney, London, E8 1NT
INFO LEAD new: [Permitted] Hackney/2024/1313 — 145 Nevill Road, Hackney, London, N16 0SU
INFO LEAD new: [Permitted] Hackney/2024/1308 — 20 Speldhurst Road, Hackney, London, E9 7EH
INFO LEAD new: [Permitted] Hackney/2024/1291 — 36 Cricketfield Road, Hackney, London, E5 8NS
INFO LEAD new: [Permitted] Hackney/2024/1284 — 57 Aden Grove, Hackney, London, N16 9NP
INFO LEAD new: [Permitted] Hackney/2024/1330 — 15 Ayrsome Road, Hackney, London, N16 0RH
INFO LEAD new: [Permitted] Hackney/2024/1285 — 70 Maury Road, Hackney, London, N16 7BT
INFO LEAD new: [Permitted] Hackney/2024/1294 — 496 Kingsland Road, Hackney, London, E8 4AE
INFO LEAD new: [Permitted] Hackney/2024/1316 — 41 Belgrade Road, Hackney, London, N16 8DH
INFO LEAD new: [Permitted] Hackney/2024/1286 — 16 Allerton Road, Hackney, London, N16 5UJ
INFO LEAD new: [Permitted] Hackney/2024/1329 — 83 Cranwich Road, Hackney, London, N16 5JA
INFO LEAD new: [Permitted] Hackney/2024/1298 — Pennybank Chambers, 1 Fairchild Place, Hackney, London, EC2A
INFO LEAD new: [Permitted] Hackney/2024/1315 — 10 Bouverie Road, Hackney, London, N16 0AJ
INFO LEAD new: [Permitted] Hackney/2024/1288 — 75 Aden Grove, Hackney, London, N16 9NP
INFO LEAD new: [Permitted] Hackney/2024/1301 — 24 Aden Grove, Hackney, London, N16 9NJ
INFO LEAD new: [Permitted] Hackney/2024/1289 — 6 Prince George Road, Hackney, London, N16 8BY
INFO LEAD new: [Permitted] Hackney/2024/1282 — 105 Glenarm Road, Hackney, London, E5 0NA
INFO LEAD new: [Permitted] Hackney/2024/1287 — Post Office, 138 Stoke Newington High Street, Hackney, Londo
INFO LEAD new: [Permitted] Hackney/2024/1281 — Sutton House, 2 - 4 Homerton High Street, Hackney, London, E
INFO LEAD new: [Permitted] Hackney/2024/1324 — Flats B, C, D & E, 175 Morning Lane, London, E9 6LH
INFO LEAD new: [Permitted] Hackney/2024/1283 — 12 Oldfield Road, Hackney, London, N16 0RS
INFO LEAD new: [Permitted] Hackney/2024/1275 — 26 Ritson Road, Hackney, London, E8 1PF
INFO LEAD new: [Permitted] Hackney/2024/1271 — 18 Walford Road, Hackney, London, N16 8ED
INFO LEAD new: [Permitted] Hackney/2024/1264 — Flat D, 46 Navarino Road, Hackney, London, E8 1AD
INFO LEAD new: [Permitted] Hackney/2024/1268 — Flat A, 66 Malvern Road, Hackney, London, E8 3LJ
INFO LEAD new: [Permitted] Hackney/2024/1266 — 15 Mildenhall Road, Hackney, London, E5 0RT
INFO LEAD new: [Permitted] Hackney/2024/1255 — The Curtain Hotel, The Curtain, 45 Curtain Road, Hackney, Lo
INFO LEAD new: [Permitted] Hackney/2024/1261 — The Arc, 225 City Road, London, EC1V 1JT
INFO LEAD new: [Permitted] Hackney/2024/1250 — 3 Evering Road, Hackney, London, N16 7PX
INFO LEAD new: [Permitted] Hackney/2024/1262 — Flat 1, Canal Building, 135 Shepherdess Walk, Hackney, Londo
INFO LEAD new: [Permitted] Hackney/2024/1234 — Land At Wilmer Place , London , N16 0BJ
INFO LEAD new: [Permitted] Hackney/2024/1251 — 23 Narford Road, Hackney, London, E5 8RJ
INFO LEAD new: [Permitted] Hackney/2024/1240 — Flat 1, 9 Sanford Terrace, Hackney, London, N16 7LH
INFO LEAD new: [Permitted] Hackney/2024/1245 — Flat 1, 9 Sanford Terrace, Hackney, London, N16 7LH
INFO LEAD new: [Permitted] Hackney/2024/1223 — 136 - 146 Curtain Road, Hackney, London, EC2A 3AR
INFO LEAD new: [Permitted] Hackney/2024/1216 — 52 Leswin Road, Hackney, London, N16 7NH
INFO LEAD new: [Permitted] Hackney/2024/1221 — Ramue House Rossendale Street, Hackney, London, E5 8BX
INFO LEAD new: [Permitted] Hackney/2024/1224 — 108 Glyn Road, Hackney, London, E5 0JE
INFO LEAD new: [Permitted] Hackney/2024/1225 — 57 Winston Road, Hackney, London, N16 9LN
INFO LEAD new: [Permitted] Hackney/2024/1211 — 41 Newick Road, Hackney, London, E5 0RP
INFO LEAD new: [Permitted] Hackney/2024/1212 — 241 - 243 Stoke Newington Church Street, Hackney, London, N1
INFO LEAD new: [Permitted] Hackney/2024/1207 — 36 - 38 Heron Drive, Hackney, London, N4 2FY
INFO LEAD new: [Permitted] Hackney/2024/1214 — Flat 3, 23 - 25 Wilton Way, Hackney, London, E8 3EE
INFO LEAD new: [Permitted] Hackney/2024/1217 — 58 Forburg Road, Hackney, London, N16 6HT
INFO LEAD new: [Permitted] Hackney/2024/1219 — The Comet Nursery, Comet Nursery School & Children's Centre,
INFO LEAD new: [Permitted] Hackney/2024/1220 — 15 Penpoll Road, Hackney, London, E8 1EX
INFO LEAD new: [Permitted] Hackney/2024/1204 — 18 Lavers Road, Hackney, London, N16 0DT
INFO LEAD new: [Permitted] Hackney/2024/1218 — 47, 49 Mildenhall Road, Hackney, London, E5 0RT
INFO LEAD new: [Permitted] Hackney/2024/1206 — 51 Linthorpe Road, Hackney, London, N16 5QT
INFO [hackney/Permitted] page at offset 3100: 100 records
INFO LEAD new: [Permitted] Hackney/2024/1213 — 51 Linthorpe Road, Hackney, London, N16 5QT
INFO LEAD new: [Permitted] Hackney/2024/1193 — Stoke Newington Library, 184 Stoke Newington Church Street, 
INFO LEAD new: [Permitted] Hackney/2024/1182 — 205 Well Street, Hackney, London, E9 6QU
INFO LEAD new: [Permitted] Hackney/2024/1178 — 23 Wilderton Road, Hackney, London, N16 5QY
INFO LEAD new: [Permitted] Hackney/2024/1185 — 134-146 Curtain House, London, EC2A 3AR
INFO LEAD new: [Permitted] Hackney/2024/1179 — Land At Wilmer Place, Hackney, London, N16 0BJ
INFO LEAD new: [Permitted] Hackney/2024/1184 — 16 Belfast Road, Hackney, London, N16 6UH
INFO LEAD new: [Permitted] Hackney/2024/1176 — 93 Cranwich Road, London, N16 5JA
INFO LEAD new: [Permitted] Hackney/2024/1175 — 4, 4 Bath Place, Hackney, London, EC2A 3DR
INFO LEAD new: [Permitted] Hackney/2024/1173 — 53 Prince George Road, Hackney, London, N16 8DL
INFO LEAD new: [Permitted] Hackney/2024/1172 — The Glyn Arms, 1 Mandeville Street, Hackney, London, E5 0DH
INFO LEAD new: [Permitted] Hackney/2024/1169 — Woodberry Down - Phase 3 Site, London, N4 2RD
INFO LEAD new: [Permitted] Hackney/2024/1166 — 50 Lamb Lane, Hackney, London, E8 3PJ
INFO LEAD new: [Permitted] Hackney/2024/1165 — 78 Glyn Road, Hackney, London, E5 0JD
INFO LEAD new: [Permitted] Hackney/2024/1152 — Marten House, 39 - 47 East Road, Hackney, London, N1 6AH
INFO LEAD new: [Permitted] Hackney/2024/1154 — 2 Glaserton Road, Hackney, London, N16 5QX
INFO LEAD new: [Permitted] Hackney/2024/1157 — 2 Navarino Grove, Hackney, London, E8 1AJ
INFO LEAD new: [Permitted] Hackney/2024/1153 — Kenworthy Road, London,
INFO LEAD new: [Permitted] Hackney/2024/1155 — Flat A, 173 Richmond Road, Hackney, London, E8 3NJ
INFO LEAD new: [Permitted] Hackney/2024/1151 — The Prince Edward, 97 Wick Road, Hackney, London, E9 5AB
INFO LEAD new: [Permitted] Hackney/2024/1161 — 20 Harcombe Road, Hackney, London, N16 0SA
INFO LEAD new: [Permitted] Hackney/2024/1129 — Unit 102, Maun House, 21 - 31 Shacklewell Lane, Hackney, Lon
INFO LEAD new: [Permitted] Hackney/2024/1132 — Unit 101, Maun House, 21 - 31 Shacklewell Lane, Hackney, Lon
INFO LEAD new: [Permitted] Hackney/2024/1144 — Unit 109, Maun House, 21 - 31 Shacklewell Lane, Hackney, Lon
INFO LEAD new: [Permitted] Hackney/2024/1145 — Unit 112, Maun House, 21 - 31 Shacklewell Lane, Hackney, Lon
INFO LEAD new: [Permitted] Hackney/2024/1147 — Unit 105, Maun House, 21 - 31 Shacklewell Lane, Hackney, Lon
INFO LEAD new: [Permitted] Hackney/2024/1148 — Unit 104, Maun House, 21 - 31 Shacklewell Lane, Hackney, Lon
INFO LEAD new: [Permitted] Hackney/2024/1133 — Unit 108, Maun House, 21 - 31 Shacklewell Lane, Hackney, Lon
INFO LEAD new: [Permitted] Hackney/2024/1140 — Quick House, 65 Clifton Street, Hackney, London, EC2A 4JE
INFO LEAD new: [Permitted] Hackney/2024/1142 — Unit 110, Maun House, 21 - 31 Shacklewell Lane, Hackney, Lon
INFO LEAD new: [Permitted] Hackney/2024/1141 — Unit 111, Maun House, 21 - 31 Shacklewell Lane, Hackney, Lon
INFO LEAD new: [Permitted] Hackney/2024/1138 — Unit 113, Maun House, 21 - 31 Shacklewell Lane, Hackney, Lon
INFO LEAD new: [Permitted] Hackney/2024/1135 — Unit 106, Maun House, 21 - 31 Shacklewell Lane, Hackney, Lon
INFO LEAD new: [Permitted] Hackney/2024/1134 — Flat 6, Maun House, 21 - 31 Shacklewell Lane, Hackney, Londo
INFO LEAD new: [Permitted] Hackney/2024/1131 — 78 Kyverdale Road, Hackney, London, N16 6PL
INFO LEAD new: [Permitted] Hackney/2024/1146 — 11 Croston Street, Hackney, London, E8 4PQ
INFO LEAD new: [Permitted] Hackney/2024/1136 — 7 Roding Road, Hackney, London, E5 0DN
INFO LEAD new: [Permitted] Hackney/2024/1139 — 11 Croston Street, Hackney, London, E8 4PQ
INFO LEAD new: [Permitted] Hackney/2024/1128 — Unit 103, Maun House, 21 - 31 Shacklewell Lane, Hackney, Lon
INFO LEAD new: [Permitted] Hackney/2024/1122 — 141 Holmleigh Road, Hackney, London, N16 5QA
INFO LEAD new: [Permitted] Hackney/2024/1126 — 46 Harcombe Road, Hackney, London, N16 0SA
INFO LEAD new: [Permitted] Hackney/2024/1123 — 22 Northchurch Terrace, Hackney, London, N1 4EG
INFO LEAD new: [Permitted] Hackney/2024/1120 — 38 Andrews Road, Hackney, London, E8 4RL
INFO LEAD new: [Permitted] Hackney/2024/1115 — 79 Gore Road, Hackney, London, E9 7HN
INFO LEAD new: [Permitted] Hackney/2024/1109 — 16 Horton Road, Hackney, London, E8 1DP
INFO LEAD new: [Permitted] Hackney/2024/1116 — Garage Block Buckland Street, Hackney, N1 6TR
INFO LEAD new: [Permitted] Hackney/2024/1110 — 12 Forburg Road, Hackney, London, N16 6HS
INFO LEAD new: [Permitted] Hackney/2024/1186 — Gdc Group, 23 Charlotte Road, Hackney, London, EC2A 3SP
INFO LEAD new: [Permitted] Hackney/2024/1113 — 46 Lingwood Road, Hackney, London, E5 9BN
INFO LEAD new: [Permitted] Hackney/2024/1114 — 21 Lampard Grove, Hackney, London, N16 6XA
INFO LEAD new: [Permitted] Hackney/2024/1085 — Woodberry Down - Phase 3 Site Seven Sisters Road , London, N
INFO LEAD new: [Permitted] Hackney/2024/1086 — 25 Marsh Hill, Hackney, London, E9 5QA
INFO LEAD new: [Permitted] Hackney/2024/1087 — Stoke Newington Library, 184 Stoke Newington Church Street, 
INFO LEAD new: [Permitted] Hackney/2024/1088 — Stoke Newington Library, 184 Stoke Newington Church Street, 
INFO LEAD new: [Permitted] Hackney/2024/1102 — 101 Osbaldeston Road, Hackney, London, N16 6NP
INFO LEAD new: [Permitted] Hackney/2024/1072 — 22 Lampard Grove, Hackney, London, N16 6XB
INFO LEAD new: [Permitted] Hackney/2024/1081 — 108 Forburg Road, Hackney, London, N16 6HT
INFO LEAD new: [Permitted] Hackney/2024/1083 — 23 - 28 Penn Street, Hackney, London, N1 5DL
INFO LEAD new: [Permitted] Hackney/2024/1104 — 234 - 238 Mare Street, Hackney, London, E8 1HE
INFO LEAD new: [Permitted] Hackney/2024/1074 — 57 Finsbury Park Road, Hackney, London, N4 2JY
INFO LEAD new: [Permitted] Hackney/2024/1068 — Bishopsgate Goods Yard, 40 Shoreditch High Street, Hackney, 
INFO LEAD new: [Permitted] Hackney/2024/1079 — 27 Knightland Road, Hackney, London, E5 9HR
INFO LEAD new: [Permitted] Hackney/2024/1062 — 124 Clifden Road, Hackney, London, E5 0LN
INFO LEAD new: [Permitted] Hackney/2024/1059 — 128 Culford Road, Hackney, London, N1 4HU
INFO LEAD new: [Permitted] Hackney/2024/1073 — 27 Knightland Road, Hackney, London, E5 9HR
INFO LEAD new: [Permitted] Hackney/2024/1099 — Bishopsgate Goods Yard, 40 Shoreditch High Street, Hackney, 
INFO LEAD new: [Permitted] Hackney/2024/1067 — Post Office, 138 Stoke Newington High Street, Hackney, Londo
INFO LEAD new: [Permitted] Hackney/2024/1063 — Bishopsgate Goods Yard, 40 Shoreditch High Street, Hackney, 
INFO LEAD new: [Permitted] Hackney/2024/1064 — Bishopsgate Goods Yard, 40 Shoreditch High Street, Hackney, 
INFO LEAD new: [Permitted] Hackney/2024/1057 — 4 Graham Road, Hackney, London, E8 1BZ
INFO LEAD new: [Permitted] Hackney/2024/1054 — 2 Triangle Road, Hackney, London, E8 3RP
INFO LEAD new: [Permitted] Hackney/2024/1055 — Unit J1, 2 Leswin Place, Hackney, London, N16 7NJ
INFO LEAD new: [Permitted] Hackney/2024/1060 — 14 Brooke Road, Hackney, London, N16 7LS
INFO LEAD new: [Permitted] Hackney/2024/1056 — 63 Rushmore Road, Hackney, London, E5 0EX
INFO LEAD new: [Permitted] Hackney/2024/1052 — 8 Prince George Road, Hackney, London, N16 8BY
INFO LEAD new: [Permitted] Hackney/2024/1048 — 28 Bergholt Crescent, Hackney, London, N16 5JE
INFO LEAD new: [Permitted] Hackney/2024/1045 — 44 St Marks Rise, Hackney,
INFO LEAD new: [Permitted] Hackney/2024/1047 — The Mews House, London, N1 4DP
INFO LEAD new: [Permitted] Hackney/2024/1041 — Flat A, 48 - 50 Filey Avenue, Hackney, London, N16 6JJ
INFO LEAD new: [Permitted] Hackney/2024/1038 — Taverner House Stoke Newington Church Street, Hackney, Londo
INFO LEAD new: [Permitted] Hackney/2024/1034 — Frederick Building, 76 Tottenham Road, Hackney, London, N1 4
INFO LEAD new: [Permitted] Hackney/2024/1031 — Flat A, 106 Forest Road, Hackney, London, E8 3BH
INFO LEAD new: [Permitted] Hackney/2024/1027 — Flat D, 21 Brookfield Road, Hackney, London, E9 5AH
INFO [hackney/Permitted] page at offset 3200: 100 records
INFO LEAD new: [Permitted] Hackney/2024/1022 — 40 Heathland Road, Hackney, London, N16 5LZ
INFO LEAD new: [Permitted] Hackney/2024/1025 — 47 Sandringham Road, Hackney, London, E8 2LR
INFO LEAD new: [Permitted] Hackney/2024/1030 — 43 Northchurch Road, Hackney, London, N1 4EE
INFO LEAD new: [Permitted] Hackney/2024/1023 — Flat B, 94 Hawksley Road, Hackney, London, N16 0TJ
INFO LEAD new: [Permitted] Hackney/2024/1029 — 43 Northchurch Road, Hackney, London, N1 4EE
INFO LEAD new: [Permitted] Hackney/2024/1019 — 3 Bletchley Street, Hackney, London, N1 7QG
INFO LEAD new: [Permitted] Hackney/2024/1020 — 47 Charles Square, Hackney, London, N1 6HT
INFO LEAD new: [Permitted] Hackney/2024/1018 — Flat C, 27 Queensdown Road, Hackney, London, E5 8NN
INFO LEAD new: [Permitted] Hackney/2024/1014 — 10 Mildenhall Road, London, E5 0RU
INFO LEAD new: [Permitted] Hackney/2024/1015 — 33 Stevens Avenue, Hackney, London, E9 6RX
INFO LEAD new: [Permitted] Hackney/2024/1006 — 14 Leadale Road, Hackney, London, N16 6DA
INFO LEAD new: [Permitted] Hackney/2024/1005 — 61 Median Road, Hackney, London, E5 0PJ
INFO LEAD new: [Permitted] Hackney/2024/0993 — 66 Linthorpe Road, Hackney,
INFO LEAD new: [Permitted] Hackney/2024/0997 — 75 Roding Road, Hackney, London, E5 0DN
INFO LEAD new: [Permitted] Hackney/2024/0984 — Ashlyns Organics Ltd At Queensbridge Primary School, Queensb
INFO LEAD new: [Permitted] Hackney/2024/0985 — Sheraton House, 118 Curtain Road, Hackney, London, EC2A 3PJ
INFO LEAD new: [Permitted] Hackney/2024/0982 — Woodberry Down - Phase 3 Site , London, N4 2RD
INFO LEAD new: [Permitted] Hackney/2024/0988 — Woodberry Down - Phase 3 Site Seven Sisters Road , London, N
INFO LEAD new: [Permitted] Hackney/2024/0981 — Flat A, 13 Cazenove Road, Hackney, London, N16 6PA
INFO LEAD new: [Permitted] Hackney/2024/0995 — 18 Durley Road, Hackney, London, N16 5JS
INFO LEAD new: [Permitted] Hackney/2024/0998 — 75 Roding Road, Hackney, London, E5 0DN
INFO LEAD new: [Permitted] Hackney/2024/0987 — Unit 1, 70 - 78 Oldhill Street, Hackney, London, N16 6NA
INFO LEAD new: [Permitted] Hackney/2024/0989 — 8 Cowper Road, Hackney, London, N16 8PF
INFO LEAD new: [Permitted] Hackney/2024/0971 — Flat B3, Durigo House, 5 King Edwards Road, Hackney, London,
INFO LEAD new: [Permitted] Hackney/2024/0974 — Flat A, 17 Charlotte Road, Hackney, London, EC2A 3PB
INFO LEAD new: [Permitted] Hackney/2024/0969 — 51 - 57 Amhurst Park, Hackney, London, N16 5DL
INFO LEAD new: [Permitted] Hackney/2024/0979 — 91 Forest Road, Hackney, London, E8 3BL
INFO LEAD new: [Permitted] Hackney/2024/0980 — 51 Leswin Road, Hackney, London, N16 7NX
INFO LEAD new: [Permitted] Hackney/2024/0976 — Draughts Ltd, 41 Kingsland High Street, Hackney, London, E8 
INFO LEAD new: [Permitted] Hackney/2024/0970 — 198 Crondall Street, Hackney, London, N1 6JQ
INFO LEAD new: [Permitted] Hackney/2024/0961 — 40 Thistlewaite Road, Hackney, London, E5 0QQ
INFO LEAD new: [Permitted] Hackney/2024/0963 — 50 Lamb Lane, Hackney, London, E8 3PJ
INFO LEAD new: [Permitted] Hackney/2024/0966 — Tyme Food, 6a Scawfell Street, Hackney, London, E2 8NG
INFO LEAD new: [Permitted] Hackney/2024/0960 — 40 Thistlewaite Road, Hackney, London, E5 0QQ
INFO LEAD new: [Permitted] Hackney/2024/0959 — 165 Brooke Road, Hackney, London, E5 8AG
INFO LEAD new: [Permitted] Hackney/2024/0958 — 164 Elderfield Road, Hackney, London, E5 0AZ
INFO LEAD new: [Permitted] Hackney/2024/0965 — 4 Graham Road, Hackney, London, E8 1BZ
INFO LEAD new: [Permitted] Hackney/2024/0953 — Flat A, 106 Middleton Road, Hackney, London, E8 4LN
INFO LEAD new: [Permitted] Hackney/2024/0957 — Taverner House Stoke Newington Church Street, Hackney, Londo
INFO LEAD new: [Permitted] Hackney/2024/0990 — 27 Clonbrock Road, Hackney,
INFO LEAD new: [Permitted] Hackney/2024/0949 — Flats 1-14 Derbin Court, 68-70 Queens Drive, London, N4 2XR
INFO LEAD new: [Permitted] Hackney/2024/0954 — Derek Rothera And Co, Unit 15, 7 Wenlock Road, Hackney, Lond
INFO LEAD new: [Permitted] Hackney/2024/0948 — Flat 2, 49 Prince George Road, Hackney, London, N16 8DL
INFO LEAD new: [Permitted] Hackney/2024/0938 — First Floor, Former, 320 Old Street, Hackney, London, EC2A 3
INFO LEAD new: [Permitted] Hackney/2024/0936 — 144 Brooke Road, Hackney, London, N16 7RR
INFO LEAD new: [Permitted] Hackney/2024/0935 — J & J Confectionery Ltd, 140 Chatsworth Road, Hackney, Londo
INFO LEAD new: [Permitted] Hackney/2024/0942 — J & J Confectionery Ltd, 140 Chatsworth Road, Hackney, Londo
INFO LEAD new: [Permitted] Hackney/2024/0937 — Bishopsgate Goods Yard, 40 Shoreditch High Street, Hackney, 
INFO LEAD new: [Permitted] Hackney/2024/0933 — 170 Homerton High Street, Hackney, London, E9 6AG
INFO LEAD new: [Permitted] Hackney/2024/0930 — Chunky Chips Wicked Dips, 4 Hartwell Street, Hackney, London
INFO LEAD new: [Permitted] Hackney/2024/0934 — 170 Homerton High Street, Hackney, London, E9 6AG
INFO LEAD new: [Permitted] Hackney/2024/0926 — 38 Thornby Road, Hackney, London, E5 9QL
INFO LEAD new: [Permitted] Hackney/2024/0910 — 85 Navarino Road, Hackney, London, E8 1AG
INFO LEAD new: [Permitted] Hackney/2024/0911 — 74 Osbaldeston Road, Hackney, London, N16 7DR
INFO LEAD new: [Permitted] Hackney/2024/0920 — Flat A, 358 Queensbridge Road, Hackney, London, E8 3AR
INFO LEAD new: [Permitted] Hackney/2024/0905 — 1, Londesborough House Londesborough Road, Hackney, London, 
INFO LEAD new: [Permitted] Hackney/2024/0906 — Flat A, 59 Ickburgh Road, Hackney, London, E5 8AF
INFO LEAD new: [Permitted] Hackney/2024/0901 — 129 De Beauvoir Road, Hackney, London, N1 4DL
INFO LEAD new: [Permitted] Hackney/2024/0904 — First Floor Flat, 1 Bodney Road, Hackney, London, E8 1AY
INFO LEAD new: [Permitted] Hackney/2024/0897 — Unit 4 Trafalgar Mews, Hackney, London, E9 5JG
INFO LEAD new: [Permitted] Hackney/2024/0891 — Morpeth Road Garages Morpeth Road, Hackney, London, E9 7LD
INFO LEAD new: [Permitted] Hackney/2024/0889 — Units 5 And 6, 27 Downham Road, Hackney, London, N1 5AA
INFO LEAD new: [Permitted] Hackney/2024/0884 — 35 Dynevor Road, Hackney, London, N16 0DL
INFO LEAD new: [Permitted] Hackney/2024/0898 — 14 Appleby Road, Hackney, London, E8 3ET
INFO LEAD new: [Permitted] Hackney/2024/0880 — 57 Winston Road, Hackney, London, N16 9LN
INFO LEAD new: [Permitted] Hackney/2024/0886 — 33 Parkholme Road, Hackney, London, E8 3AG
INFO LEAD new: [Permitted] Hackney/2024/0873 — Cycloc, 6 Culford Mews, Hackney, London, N1 4DX
INFO LEAD new: [Permitted] Hackney/2024/0890 — The Gardens Clapton Common, Hackney, London, E5 9AZ
INFO LEAD new: [Permitted] Hackney/2024/0859 — 38 Thornby Road, Hackney, London, E5 9QL
INFO LEAD new: [Permitted] Hackney/2024/0867 — 43 Northchurch Road, Hackney, London, N1 4EE
INFO LEAD new: [Permitted] Hackney/2024/0858 — Taverner House Stoke Newington Church Street, Hackney, Londo
INFO LEAD new: [Permitted] Hackney/2024/0857 — Taverner House Stoke Newington Church Street, Hackney, Londo
INFO LEAD new: [Permitted] Hackney/2024/0865 — Kings Crescent Estate Queens Drive, Hackney, London, N4 2SY
INFO LEAD new: [Permitted] Hackney/2024/0851 — 165 Sandringham Road, Hackney, London, E8 2HS
INFO LEAD new: [Permitted] Hackney/2024/0864 — 12c Newnton Close, Hackney, London, N4 2RQ
INFO LEAD new: [Permitted] Hackney/2024/0872 — Kings Crescent Estate Queens Drive, Hackney, London, N4 2SY
INFO [hackney/Permitted] page at offset 3300: 100 records
INFO LEAD new: [Permitted] Hackney/2024/0855 — William Iv, The William Iv, 7 Shepherdess Walk, Hackney, Lon
INFO LEAD new: [Permitted] Hackney/2024/0847 — 18 Ellingfort Road, Hackney,
INFO LEAD new: [Permitted] Hackney/2024/0875 — 89 Osbaldeston Road, Hackney, London, N16 6NP
INFO LEAD new: [Permitted] Hackney/2024/0853 — 66 Clissold Crescent, Hackney, London, N16 9AT
INFO LEAD new: [Permitted] Hackney/2024/0852 — 1, Londesborough House Londesborough Road, Hackney, London, 
INFO LEAD new: [Permitted] Hackney/2024/0845 — Flank Wall, 85 Dalston Lane, Hackney, London, E8 2NG
INFO LEAD new: [Permitted] Hackney/2024/0870 — Flat C, 108 Forest Road, Hackney, London, E8 3BH
INFO LEAD new: [Permitted] Hackney/2024/0874 — Talmud Torah Education Ltd, Yetev Lev Boys School, 111 - 115
INFO LEAD new: [Permitted] Hackney/2024/0868 — Talmud Torah Education Ltd, Yetev Lev Boys School, 111 - 115
INFO LEAD new: [Permitted] Hackney/2024/0840 — 21 Newick Road, Hackney, London, E5 0RP
INFO LEAD new: [Permitted] Hackney/2024/0835 — 1, Londesborough House Londesborough Road, Hackney, London, 
INFO LEAD new: [Permitted] Hackney/2024/0841 — 275 Kingsland Road, Hackney, London, E2 8AS
INFO LEAD new: [Permitted] Hackney/2024/0848 — 21 Newick Road, Hackney, London, E5 0RP
INFO LEAD new: [Permitted] Hackney/2024/0836 — 1, Londesborough House Londesborough Road, Hackney, London, 
INFO LEAD new: [Permitted] Hackney/2024/0830 — Oz Burger, ., 495 Kingsland Road, Hackney, London, E8 4AU
INFO LEAD new: [Permitted] Hackney/2024/0834 — 22 - 24 Powell Road, Hackney, London, E5 8DJ
INFO LEAD new: [Permitted] Hackney/2024/0833 — 148 Stamford Hill, Hackney, London, N16 6QT
INFO LEAD new: [Permitted] Hackney/2024/0832 — 148 Stamford Hill, Hackney, London, N16 6QT
INFO LEAD new: [Permitted] Hackney/2024/0825 — Ground Floor Flat, 79 Brighton Road, Hackney, London, N16 8E
INFO LEAD new: [Permitted] Hackney/2024/0813 — 134 Brooke Road, Hackney, London, N16 7RS
INFO LEAD new: [Permitted] Hackney/2024/0811 — 82 Adley Street, Hackney, London, E5 0DZ
INFO LEAD new: [Permitted] Hackney/2024/0818 — 25 Balcorne Street, Hackney, London, E9 7AY
INFO LEAD new: [Permitted] Hackney/2024/0820 — 30 Roding Road, Hackney, London, E5 0DW
INFO LEAD new: [Permitted] Hackney/2024/0805 — Flat B, 62 Englefield Road, Hackney, London, N1 4HA
INFO LEAD new: [Permitted] Hackney/2024/0810 — 2-18 Warburton Road, London, E8 3FN
INFO LEAD new: [Permitted] Hackney/2024/0815 — 22 Cotesbach Road, Hackney, London, E5 9QJ
INFO LEAD new: [Permitted] Hackney/2024/0809 — 173b Stoke Newington Road, Hackney, London, N16 8BP
INFO LEAD new: [Permitted] Hackney/2024/0806 — 47 Trehurst Street, Hackney, London, E5 0EB
INFO LEAD new: [Permitted] Hackney/2024/0800 — Flat A, 205 Stoke Newington Church Street, Hackney, London, 
INFO LEAD new: [Permitted] Hackney/2024/0799 — 86, Gainsborough Studios South Poole Street, Hackney, London
INFO LEAD new: [Permitted] Hackney/2024/0803 — Lauriston Junior And Infant School Rutland Road, Hackney, Lo
INFO LEAD new: [Permitted] Hackney/2024/0797 — 45 Braydon Road, Hackney, London, N16 6QL
INFO LEAD new: [Permitted] Hackney/2024/0784 — 2-18 Warburton Road, London, E8 3FN
INFO LEAD new: [Permitted] Hackney/2024/0794 — Taverner House Stoke Newington Church Street, Hackney, Londo
INFO LEAD new: [Permitted] Hackney/2024/0788 — 16 Roding Road, Hackney, London, E5 0DW
INFO LEAD new: [Permitted] Hackney/2024/0782 — 78 - 80 Kingsland High Street, Hackney, London, E8 2NS
INFO LEAD new: [Permitted] Hackney/2024/0785 — 6 Durley Road, Hackney, London, N16 5JS
INFO LEAD new: [Permitted] Hackney/2024/0760 — Chapter Old Street, London, EC2A 4JH
INFO LEAD new: [Permitted] Hackney/2024/0777 — 52 Blurton Road, Hackney, London, E5 0NJ
INFO LEAD new: [Permitted] Hackney/2024/0764 — 30 Albion Drive, Hackney, London, E8 4ET
INFO LEAD new: [Permitted] Hackney/2024/0767 — Hackney Downs Studios, 17 Amhurst Terrace, Hackney, London, 
INFO LEAD new: [Permitted] Hackney/2024/0779 — Woodberry Down - Phase 3 Site Seven Sisters Road , London, N
INFO LEAD new: [Permitted] Hackney/2024/0761 — Shearsby Newsagents, 402 Kingsland Road, Hackney, London, E8
INFO LEAD new: [Permitted] Hackney/2024/0770 — 74 Osbaldeston Road, Hackney, London, N16 7DR
INFO LEAD new: [Permitted] Hackney/2024/0776 — 45 Braydon Road, Hackney, London, N16 6QL
INFO LEAD new: [Permitted] Hackney/2024/0765 — 84-86 Great Eastern Street And 1-3 Rivington Street, London,
INFO LEAD new: [Permitted] Hackney/2024/0763 — 25 Evering Road, Hackney, London, N16 7PX
INFO LEAD new: [Permitted] Hackney/2024/0771 — 64 Martello Street, Hackney, London, E8 3QP
INFO LEAD new: [Permitted] Hackney/2024/0745 — 58 Alkham Road, Hackney, London, N16 6XF
INFO LEAD new: [Permitted] Hackney/2024/0762 — 12 Gransden Avenue, Hackney, London, E8 3QA
INFO LEAD new: [Permitted] Hackney/2024/0772 — 43 Newick Road, Hackney, London, E5 0RP
INFO LEAD new: [Permitted] Hackney/2024/0759 — 25 Elsdale Street, Hackney, London, E9 6QY
INFO LEAD new: [Permitted] Hackney/2024/0732 — 81 Alkham Road, Hackney, London, N16 6XD
INFO LEAD new: [Permitted] Hackney/2024/0737 — 170 Lordship Road, Hackney, London, N16 5HB
INFO LEAD new: [Permitted] Hackney/2024/0723 — 36 Brownlow Road, Hackney, London, E8 4NR
INFO LEAD new: [Permitted] Hackney/2024/0733 — 21 Ashenden Road, Hackney, London, E5 0DP
INFO LEAD new: [Permitted] Hackney/2024/0728 — Flat A, 40 Farleigh Road, Hackney, London, N16 7TH
INFO LEAD new: [Permitted] Hackney/2024/0731 — 27 Moresby Road, Hackney, London, E5 9LE
INFO LEAD new: [Permitted] Hackney/2024/0716 — 36 Lidfield Road, Hackney, London, N16 9LX
INFO LEAD new: [Permitted] Hackney/2024/0718 — 1b Braydon Road, Hackney, London, N16 6QL
INFO LEAD new: [Permitted] Hackney/2024/0695 — 14 Sewdley Street, Hackney, London, E5 0AX
INFO LEAD new: [Permitted] Hackney/2024/0706 — Daubeney Childrens Centre Daubeney Road, Hackney, London, E5
INFO LEAD new: [Permitted] Hackney/2024/0715 — 63-67, 63 Dalston Lane, Hackney, London, E8 2AB
INFO LEAD new: [Permitted] Hackney/2024/0700 — Flat A, 72 Sydner Road, Hackney, London, N16 7UG
INFO LEAD new: [Permitted] Hackney/2024/0685 — 141 Holmleigh Road, Hackney, London, N16 5QA
INFO LEAD new: [Permitted] Hackney/2024/0688 — 90 Kyverdale Road, Hackney, London, N16 6PL
INFO LEAD new: [Permitted] Hackney/2024/0709 — 80 Forburg Road, Hackney, London, N16 6HT
INFO LEAD new: [Permitted] Hackney/2024/0690 — 21 Hillstowe Street, Hackney, London, E5 9QY
INFO LEAD new: [Permitted] Hackney/2024/0697 — 19 Newick Road, Hackney, London, E5 0RP
INFO LEAD new: [Permitted] Hackney/2024/0675 — 95 Lordship Park, Hackney, London, N16 5UP
INFO LEAD new: [Permitted] Hackney/2024/0689 — 90 Powerscroft Road, Hackney, London, E5 0PP
INFO LEAD new: [Permitted] Hackney/2024/0676 — St John's Hoxton Churchyard, St Johns Centre, 85 Pitfield St
INFO LEAD new: [Permitted] Hackney/2024/0664 — Department For Work And Pensions, Playle House, 6 - 22 Totte
INFO LEAD new: [Permitted] Hackney/2024/0668 — 87 - 95 Hertford Road, Hackney, London, N1 5AG
INFO LEAD new: [Permitted] Hackney/2024/0679 — 11 Bushberry Road, Hackney, London, E9 5SX
INFO LEAD new: [Permitted] Hackney/2024/0684 — 31 Lockhurst Street, Hackney, London, E5 0AP
INFO LEAD new: [Permitted] Hackney/2024/0659 — 52 Kingsland High Street, Hackney, London, E8 2JP
INFO LEAD new: [Permitted] Hackney/2024/0665 — 33 Parkholme Road, Hackney, London, E8 3AG
INFO LEAD new: [Permitted] Hackney/2024/0692 — Fanshaw House Fanshaw Street, Hackney, London, N1 6HX
INFO LEAD new: [Permitted] Hackney/2024/0655 — 61 Trehurst Street, Hackney, London, E5 0EB
INFO LEAD new: [Permitted] Hackney/2024/0638 — Ground Floor And First Floor, 1 - 5 Rosina Street, Hackney, 
INFO [hackney/Permitted] page at offset 3400: 100 records
INFO LEAD new: [Permitted] Hackney/2024/0639 — 49 - 51 Paul Street, Hackney, London, EC2A 4LJ
INFO LEAD new: [Permitted] Hackney/2024/0647 — Hutley Wharf, 29 Branch Place, Hackney, London, N1 5PW
INFO LEAD new: [Permitted] Hackney/2024/0642 — 3 Colberg Place, Hackney, London, N16 5RA
INFO LEAD new: [Permitted] Hackney/2024/0643 — 230 Mare Street, Hackney, London, E8 1HE
INFO LEAD new: [Permitted] Hackney/2024/0648 — Bohemia Restaurant, 2 Bohemia Place, Hackney, London, E8 1DU
INFO LEAD new: [Permitted] Hackney/2024/0628 — 33 Stamford Hill, Hackney, London, N16 5TU
INFO LEAD new: [Permitted] Hackney/2024/0634 — 2 Millers Terrace, Hackney, London, E8 2DP
INFO LEAD new: [Permitted] Hackney/2024/0622 — 33 Stamford Hill, Hackney, London, N16 5TU
INFO LEAD new: [Permitted] Hackney/2024/0630 — 9 Enfield Road, Hackney, London, N1 5EN
INFO LEAD new: [Permitted] Hackney/2024/0626 — 16 Reizel Close, Hackney, London, N16 5GY
INFO LEAD new: [Permitted] Hackney/2024/0609 — 100 Stellman Close, Hackney, London, E5 8QZ
INFO LEAD new: [Permitted] Hackney/2024/0596 — 9 Enfield Road, Hackney, London, N1 5EN
INFO LEAD new: [Permitted] Hackney/2024/0612 — Wimbourne Court Wimbourne Street, Hackney, London, N1 7HB
INFO LEAD new: [Permitted] Hackney/2024/0590 — 7 Lockhurst Street, Hackney, London, E5 0AP
INFO LEAD new: [Permitted] Hackney/2024/0585 — The Glory, 281 Kingsland Road, Hackney, London, E2 8AS
INFO LEAD new: [Permitted] Hackney/2024/0574 — 9 Lordship Park, Hackney, London, N16 5UN
INFO LEAD new: [Permitted] Hackney/2024/0572 — St John At Hackney Church Lower Clapton Road, Hackney, Londo
INFO LEAD new: [Permitted] Hackney/2024/0562 — London Grace, 47 Rivington Street, Hackney, London, EC2A 3QB
INFO LEAD new: [Permitted] Hackney/2024/0569 — St John At Hackney Church Lower Clapton Road, Hackney, Londo
INFO LEAD new: [Permitted] Hackney/2024/0567 — St John At Hackney Church Lower Clapton Road, Hackney, Londo
INFO LEAD new: [Permitted] Hackney/2024/0571 — First Floor And Second Floor Flat, 35 Stoke Newington Church
INFO LEAD new: [Permitted] Hackney/2024/0652 — St John At Hackney Church Lower Clapton Road, Hackney, Londo
INFO LEAD new: [Permitted] Hackney/2024/0566 — The Lodge, 138 Whiston Road, Hackney, London, E2 8RR
INFO LEAD new: [Permitted] Hackney/2024/0555 — 3 Penpoll Road, Hackney, London, E8 1EX
INFO LEAD new: [Permitted] Hackney/2024/0551 — 35 London Lane, Hackney, London, E8 3PR
INFO LEAD new: [Permitted] Hackney/2024/0549 — St Mary's School, St Marys Primary School Lordship Road, Hac
INFO LEAD new: [Permitted] Hackney/2024/0575 — 2-18 Warburton Road, London, E8 3FN
INFO LEAD new: [Permitted] Hackney/2024/0534 — Flats 9 & 10, 6-8, 10 Standard Place, Hackney, London, EC2A 
INFO LEAD new: [Permitted] Hackney/2024/0565 — 2 Clarke Path, Hackney, London, N16 6QE
INFO LEAD new: [Permitted] Hackney/2024/0528 — Opal 1, Will Wyatt Court, 168 Pitfield Street, Hackney, Lond
INFO LEAD new: [Permitted] Hackney/2024/0556 — 92 Queen Elizabeths Walk, Hackney, London, N16 5UQ
INFO LEAD new: [Permitted] Hackney/2024/0539 — 33 Stamford Hill, Hackney, London, N16 5TU
INFO LEAD new: [Permitted] Hackney/2024/0531 — Talmud Torah Education Ltd, Yetev Lev Boys School, 111 - 115
INFO LEAD new: [Permitted] Hackney/2024/0535 — 62 Hassett Road, Hackney, London, E9 5SN
INFO LEAD new: [Permitted] Hackney/2024/0538 — 8 Navarino Road, Hackney, London, E8 1AD
INFO LEAD new: [Permitted] Hackney/2024/0523 — 2-18 Warburton Road, London, E8 3FN
INFO LEAD new: [Permitted] Hackney/2024/0545 — 12 Glenarm Road, Hackney, London, E5 0LZ
INFO LEAD new: [Permitted] Hackney/2024/0525 — 26 Stamford Hill, Hackney, London, N16 6XZ
INFO LEAD new: [Permitted] Hackney/2024/0526 — 21 Navarino Road, Hackney, London, E8 1AD
INFO LEAD new: [Permitted] Hackney/2024/0518 — 111 Great Eastern Street, Hackney, London, EC2A 3JD
INFO LEAD new: [Permitted] Hackney/2024/0544 — Talmud Torah Education Ltd, Yetev Lev Boys School, 111 - 115
INFO LEAD new: [Permitted] Hackney/2024/0512 — 17 John Campbell Road, Hackney,
INFO LEAD new: [Permitted] Hackney/2024/0507 — Adeyfield House Cranwood Street, Hackney, London, EC1V 9PD
INFO LEAD new: [Permitted] Hackney/2024/0520 — 58 Forburg Road, Hackney, London, N16 6HT
INFO LEAD new: [Permitted] Hackney/2024/0506 — 26 Daubeney Road, Hackney, London, E5 0EF
INFO LEAD new: [Permitted] Hackney/2024/0495 — 26 Daubeney Road, Hackney, London, E5 0EF
INFO LEAD new: [Permitted] Hackney/2024/0498 — 2 Darville Road, Hackney,
INFO LEAD new: [Permitted] Hackney/2024/0493 — 19 Morpeth Road, Hackney, London, E9 7LD
INFO LEAD new: [Permitted] Hackney/2024/0487 — Sans Pere Cafe, 84 - 88 Great Eastern Street, Hackney, Londo
INFO LEAD new: [Permitted] Hackney/2024/0490 — 84-88 Great Eastern Street, Hackney, London, EC2A 3JL
INFO LEAD new: [Permitted] Hackney/2024/0491 — 28 Bergholt Crescent, Hackney, London, N16 5JE
INFO LEAD new: [Permitted] Hackney/2024/0502 — 1d Median Road, Hackney, London, E5 0PF
INFO LEAD new: [Permitted] Hackney/2024/0469 — Braydon Work, London N16,
INFO LEAD new: [Permitted] Hackney/2024/0477 — 13 Bouverie Road, Hackney, London, N16 0AH
INFO LEAD new: [Permitted] Hackney/2024/0465 — Queen Of Hoxton, Queen Of Hoxton, 1 - 5 Curtain Road, Hackne
INFO LEAD new: [Permitted] Hackney/2024/0466 — Maldron Hotel, 49-51 Paul Street, London, EC2A 4LJ
INFO LEAD new: [Permitted] Hackney/2024/0458 — 109 Albion Road, Hackney, London, N16 9PL
INFO LEAD new: [Permitted] Hackney/2024/0453 — 31 Durlston Road, Hackney, London, E5 8RP
INFO LEAD new: [Permitted] Hackney/2024/0452 — 109 Albion Road, Hackney, London, N16 9PL
INFO LEAD new: [Permitted] Hackney/2024/0451 — Taverner House Stoke Newington Church Street, Hackney, Londo
INFO LEAD new: [Permitted] Hackney/2024/0448 — 176 Richmond Road, Hackney, London, E8 3HN
INFO LEAD new: [Permitted] Hackney/2024/0447 — Shanraj Linmited, 314 Seven Sisters Road, Hackney, London, N
INFO LEAD new: [Permitted] Hackney/2024/0441 — 73 Clapton Common, Hackney, London, E5 9AA
INFO LEAD new: [Permitted] Hackney/2024/0446 — Rawduck, 197 Richmond Road, Hackney, London, E8 3NJ
INFO LEAD new: [Permitted] Hackney/2024/0444 — 18 Cadogan Terrace, Hackney, London, E9 5EG
INFO LEAD new: [Permitted] Hackney/2024/0439 — Rawduck, 197 Richmond Road, Hackney, London, E8 3NJ
INFO LEAD new: [Permitted] Hackney/2024/0445 — Morpeth Road Garages Morpeth Road, Hackney, London, E9 7LD
INFO LEAD new: [Permitted] Hackney/2024/0438 — 77 Palatine Road, Hackney, London, N16 8SY
INFO LEAD new: [Permitted] Hackney/2024/0433 — Flat C, 158 Chatsworth Road, Hackney, London, E5 0LT
INFO LEAD new: [Permitted] Hackney/2024/0436 — 408 Seven Sisters Road, Hackney, London, N4 2LX
INFO LEAD new: [Permitted] Hackney/2024/0435 — Taverner House Stoke Newington Church Street, Hackney, Londo
INFO LEAD new: [Permitted] Hackney/2024/0426 — Rear Of 2 To 28 Belfast Road, Hackney, London, N16 6UH
INFO LEAD new: [Permitted] Hackney/2024/0412 — Daubeney Primary School, Daubeney Primary School, 117 Dauben
INFO LEAD new: [Permitted] Hackney/2024/0424 — Flat A, 2 Martaban Road, Hackney, London, N16 5SJ
INFO LEAD new: [Permitted] Hackney/2024/0427 — 33 Stevens Avenue, Hackney, London, E9 6RX
INFO LEAD new: [Permitted] Hackney/2024/0411 — 12 - 14 Englefield Road, Hackney, London, N1 4LS
INFO LEAD new: [Permitted] Hackney/2024/0413 — 41 Rectory Road, Hackney, London, N16 7PP
INFO LEAD new: [Permitted] Hackney/2024/0403 — 17 West Bank, Hackney, London, N16 5DG
INFO LEAD new: [Permitted] Hackney/2024/0405 — 35 Dynevor Road, Hackney, London, N16 0DL
INFO LEAD new: [Permitted] Hackney/2024/0409 — Daubeney Primary School, Daubeney Primary School, 117 Dauben
INFO [hackney/Permitted] page at offset 3500: 100 records
INFO LEAD new: [Permitted] Hackney/2024/0410 — Flat B, 118 Shakspeare Walk, Hackney, London, N16 8TA
INFO LEAD new: [Permitted] Hackney/2024/0398 — 4a Bushberry Road, Hackney, London, E9 5SX
INFO LEAD new: [Permitted] Hackney/2024/0400 — 32 Lavender Grove, Hackney, London, E8 3LU
INFO LEAD new: [Permitted] Hackney/2024/0395 — 54 Paragon Road, Hackney, London, E9 6NN
INFO LEAD new: [Permitted] Hackney/2024/0393 — 18 Clarence Road, Hackney, London, E5 8HB
INFO LEAD new: [Permitted] Hackney/2024/0390 — 10 Manse Road, Hackney, London, N16 7QD
INFO LEAD new: [Permitted] Hackney/2024/0392 — Lower Clapton General Practice, The Portico, 34 Linscott Roa
INFO LEAD new: [Permitted] Hackney/2024/0378 — London Fields Primary School Westgate Street, Hackney, Londo
INFO LEAD new: [Permitted] Hackney/2024/0394 — 31 St Kildas Road, Hackney, London, N16 5BS
INFO LEAD new: [Permitted] Hackney/2024/0382 — 103 Osbaldeston Road, Hackney, London, N16 6NP
INFO LEAD new: [Permitted] Hackney/2024/0383 — 79 Kynaston Road, Hackney, London, N16 0EB
INFO LEAD new: [Permitted] Hackney/2024/0355 — 16 Bodney Road, Hackney,
INFO LEAD new: [Permitted] Hackney/2024/0368 — 64 Winston Road, Hackney, London, N16 9LT
INFO LEAD new: [Permitted] Hackney/2024/0357 — 120 Osbaldeston Road, Hackney, London, N16 6NJ
INFO LEAD new: [Permitted] Hackney/2024/0330 — Flat C, 76 Albion Road, Hackney, London, N16 9PD
INFO LEAD new: [Permitted] Hackney/2024/0335 — Kirkstead Court, 5 Mandeville Street, Hackney, London, E5 0D
INFO LEAD new: [Permitted] Hackney/2024/0329 — Flat C, 76 Albion Road, Hackney, London, N16 9PD
INFO LEAD new: [Permitted] Hackney/2024/0331 — Libanese Grill, St Michaels Church Mark Street, Hackney, Lon
INFO LEAD new: [Permitted] Hackney/2024/0370 — 2-18 Warburton Road, London, E8 3FN
INFO LEAD new: [Permitted] Hackney/2024/0356 — 69 - 71 Great Eastern Street, Hackney, London, EC2A 3HU
INFO LEAD new: [Permitted] Hackney/2024/0361 — 7 Spring Hill, Hackney, London, E5 9BE
INFO LEAD new: [Permitted] Hackney/2024/0365 — 1, Sovereign Mews Pearson Street, Hackney, London, E2 8ER
INFO LEAD new: [Permitted] Hackney/2024/0334 — 7 Alconbury Road, Hackney, London, E5 8RG
INFO LEAD new: [Permitted] Hackney/2024/0332 — 30 Denver Road, Hackney, London, N16 5JH
INFO LEAD new: [Permitted] Hackney/2024/0336 — Dalston Garage, 91 Barretts Grove, Hackney, London, N16 8AP
INFO LEAD new: [Permitted] Hackney/2024/0351 — Lower Clapton General Practice, The Portico, 34 Linscott Roa
INFO LEAD new: [Permitted] Hackney/2024/0354 — 1 Britannia Leisure Centre (including Car Park And Hard Cour
INFO LEAD new: [Permitted] Hackney/2024/0307 — 112 Mapledene Road, Hackney, London, E8 3LL
INFO LEAD new: [Permitted] Hackney/2024/0293 — Flat C, 4 Downs Park Road, Hackney, London, E8 2HD
INFO LEAD new: [Permitted] Hackney/2024/0366 — 35 West Bank, Hackney, London, N16 5DF
INFO LEAD new: [Permitted] Hackney/2024/0314 — 25 Marsh Hill, Hackney, London, E9 5QA
INFO LEAD new: [Permitted] Hackney/2024/0305 — 143 Evering Road, Hackney, London, N16 7BL
INFO LEAD new: [Permitted] Hackney/2024/0298 — 44 Finsbury Park Road, Hackney, London, N4 2JX
INFO LEAD new: [Permitted] Hackney/2024/0306 — Flat A, 106 Middleton Road, Hackney, London, E8 4LN
INFO LEAD new: [Permitted] Hackney/2024/0295 — 62 Pellerin Road, Hackney, London, N16 8AT
INFO LEAD new: [Permitted] Hackney/2024/0320 — 46 Harcombe Road, Hackney, London, N16 0SA
INFO LEAD new: [Permitted] Hackney/2024/0296 — Unit A, 2 Triangle Road, Hackney, London, E8 3RP
INFO LEAD new: [Permitted] Hackney/2024/0308 — Jacob House, 233a Amhurst Road, Hackney, London, E8 2BS
INFO LEAD new: [Permitted] Hackney/2024/0311 — 17 Powell Road, Hackney, London, E5 8DJ
INFO LEAD new: [Permitted] Hackney/2024/0287 — 139 Powerscroft Road, Hackney, London, E5 0PT
INFO LEAD new: [Permitted] Hackney/2024/0271 — 20 Blackwell Close, Hackney, London, E5 0TA
INFO LEAD new: [Permitted] Hackney/2024/0350 — Site Known As Hackney Wick Central Comprising Land To The, N
INFO LEAD new: [Permitted] Hackney/2024/0349 — Hackney Wick Masterplan Plot E/f, Plot J East And Plot K2 No
INFO LEAD new: [Permitted] Hackney/2024/0265 — 17 Kenmure Road, Hackney, London, E8 1JU
INFO LEAD new: [Permitted] Hackney/2024/0313 — 71 Kynaston Road, Hackney, London, N16 0EB
INFO LEAD new: [Permitted] Hackney/2024/0315 — Lower Clapton General Practice, The Portico, 34 Linscott Roa
INFO LEAD new: [Permitted] Hackney/2024/0181 — 30 Grayling Road, Hackney, London, N16 0BT
INFO LEAD new: [Permitted] Hackney/2024/0348 — Hackney Wick Masterplan Plot E/f, Plot J East And Plot K2 No
INFO LEAD new: [Permitted] Hackney/2024/0275 — Basement Flat, 7a Rectory Road, Hackney, London, N16 7QR
INFO LEAD new: [Permitted] Hackney/2024/0268 — 98 Rushmore Road, Hackney, London, E5 0EX
INFO LEAD new: [Permitted] Hackney/2024/0267 — Basement Rear Flat, 168 Graham Road, Hackney, London, E8 1BS
INFO LEAD new: [Permitted] Hackney/2024/0242 — Dalston Garage, 91 Barretts Grove, Hackney, London, N16 8AP
INFO LEAD new: [Permitted] Hackney/2024/0248 — Brenner Community Centre, 91 - 93 Stamford Hill, Hackney, Lo
INFO LEAD new: [Permitted] Hackney/2024/0252 — 214 Green Lanes, Hackney, London, N4 2HA
INFO LEAD new: [Permitted] Hackney/2024/0241 — 195 Mare Street, Hackney, London, E8 3QE
INFO LEAD new: [Permitted] Hackney/2024/0276 — 75 De Beauvoir Road, Hackney, London, N1 4EL
INFO LEAD new: [Permitted] Hackney/2024/0244 — 17 Chart Street, Hackney, London, N1 6DD
INFO LEAD new: [Permitted] Hackney/2024/0258 — Land Known As Bishopsgate Goods Yard Including Braithwaite S
INFO LEAD new: [Permitted] Hackney/2024/0260 — Quick House, 65 Clifton Street, Hackney, London, EC2A 4JE
INFO LEAD new: [Permitted] Hackney/2024/0240 — 14 Sanford Terrace, Hackney, London, N16 7LH
INFO LEAD new: [Permitted] Hackney/2024/0259 — 14 Sanford Terrace, Hackney, London, N16 7LH
INFO LEAD new: [Permitted] Hackney/2024/0182 — 27 Charlotte Road, Hackney, London, EC2A 3PB
INFO LEAD new: [Permitted] Hackney/2024/0211 — Dalston Garage, 91 Barretts Grove, Hackney, London, N16 8AP
INFO LEAD new: [Permitted] Hackney/2024/0219 — 35 Glyn Road, Hackney, London, E5 0JB
INFO LEAD new: [Permitted] Hackney/2024/0237 — Basement Rear Flat, 168 Graham Road, Hackney, London, E8 1BS
INFO LEAD new: [Permitted] Hackney/2024/0210 — 2-18 Warburton Road, Hackney, London, E8 3FN
INFO LEAD new: [Permitted] Hackney/2024/0226 — 20 St Philips Road, Hackney, London, E8 3BP
INFO LEAD new: [Permitted] Hackney/2024/0218 — Maldron Hotel, London, EC2A 4LJ
INFO LEAD new: [Permitted] Hackney/2024/0200 — 49 - 51 Paul Street, Hackney, London, EC2A 4LJ
INFO LEAD new: [Permitted] Hackney/2024/0217 — Ground Floor Flat, 16 Digby Crescent, Hackney, London, N4 2H
INFO LEAD new: [Permitted] Hackney/2024/0209 — 31 Firsby Road, Hackney, London, N16 6PX
INFO LEAD new: [Permitted] Hackney/2024/0230 — 50 Lamb Lane, Hackney, London, E8 3PJ
INFO LEAD new: [Permitted] Hackney/2024/0199 — 116 Mildenhall Road, Hackney, London, E5 0RZ
INFO LEAD new: [Permitted] Hackney/2024/0216 — The Stage Shoreditch Hackney London, London, EC2A 3LP
INFO LEAD new: [Permitted] Hackney/2024/0220 — 20 Bushberry Road, Hackney, London, E9 5SX
INFO LEAD new: [Permitted] Hackney/2024/0236 — 1 Digby Crescent, Hackney, London, N4 2HS
INFO LEAD new: [Permitted] Hackney/2024/0197 — 32 Groombridge Road, Hackney, London, E9 7DP
INFO LEAD new: [Permitted] Hackney/2024/0228 — Libanese Grill, St Michaels Church Mark Street, Hackney, Lon
WARNING Rate limited (429); waiting 290s before retry 1/6
INFO [hackney/Permitted] page at offset 3600: 100 records
INFO LEAD new: [Permitted] Hackney/2024/0198 — 73 Kyverdale Road, Hackney, London, N16 6PH
INFO LEAD new: [Permitted] Hackney/2024/0229 — Flat A, 106 Lauriston Road, Hackney, London, E9 7HA
INFO LEAD new: [Permitted] Hackney/2024/0163 — 14a Ardleigh Road, Hackney, London, N1 4HP
INFO LEAD new: [Permitted] Hackney/2024/0233 — 47-49 Wm Morrison Supermarkets Plc, 47-49, Stamford Hill, Mo
INFO LEAD new: [Permitted] Hackney/2024/0251 — 170 Homerton High Street, Hackney, London, E9 6AG
INFO LEAD new: [Permitted] Hackney/2024/0173 — J & J Confectionery Ltd, 140 Chatsworth Road, Hackney, Londo
INFO LEAD new: [Permitted] Hackney/2024/0165 — Wine Cellar, 536 Kingsland Road, Hackney, London, E8 4AH
INFO LEAD new: [Permitted] Hackney/2024/0174 — 23 Lampard Grove, Hackney, London, N16 6XA
INFO LEAD new: [Permitted] Hackney/2024/0187 — 67 Alkham Road, Hackney, London, N16 6XE
INFO LEAD new: [Permitted] Hackney/2024/0184 — 61 Sydner Road, Hackney, London, N16 7UF
INFO LEAD new: [Permitted] Hackney/2024/0172 — 61 Sydner Road, Hackney, London, N16 7UF
INFO LEAD new: [Permitted] Hackney/2024/0156 — 11 Chatsworth Road, Hackney, London, E5 0LH
INFO LEAD new: [Permitted] Hackney/2024/0168 — 70 Gloucester Drive, Hackney, London, N4 2LN
INFO LEAD new: [Permitted] Hackney/2024/0159 — Morpeth Road Garages Morpeth Road, Hackney, London, E9 7LD
INFO LEAD new: [Permitted] Hackney/2024/0160 — Bishopsgate Goodsyard Shoreditch, C/o Agent, London, E1 6PA
INFO LEAD new: [Permitted] Hackney/2024/0157 — Bishopsgate Goods Yard, 40 Shoreditch High Street, Hackney, 
INFO LEAD new: [Permitted] Hackney/2024/0141 — 165 Sandringham Road, Hackney, London, E8 2HS
INFO LEAD new: [Permitted] Hackney/2024/0155 — 106 Stellman Close, Hackney, London, E5 8QZ
INFO LEAD new: [Permitted] Hackney/2024/0125 — Woodberry Down - Phase 3 Site, London, N4 2RD
INFO LEAD new: [Permitted] Hackney/2024/0130 — 33 Beck Road, Hackney, London, E8 4RE
INFO LEAD new: [Permitted] Hackney/2024/0126 — 21 Brighton Road, Hackney, London, N16 8EQ
INFO LEAD new: [Permitted] Hackney/2024/0138 — Flat D, 33 Alexandra Grove, Hackney, London, N4 2LQ
INFO LEAD new: [Permitted] Hackney/2024/0139 — 29 Tudor Road, Hackney, London, E9 7SN
INFO LEAD new: [Permitted] Hackney/2024/0128 — 10 Albion Square, Hackney, London, E8 4ES
INFO LEAD new: [Permitted] Hackney/2024/0117 — Cotswold House Stamford Hill Estate, London, N16 6RU
INFO LEAD new: [Permitted] Hackney/2024/0152 — 157 Mildenhall Road, Hackney, London, E5 0RY
INFO LEAD new: [Permitted] Hackney/2024/0121 — 133 - 135 Holmleigh Road, Hackney, London, N16 5QG
INFO LEAD new: [Permitted] Hackney/2024/0133 — 23 Lampard Grove, Hackney, London, N16 6XA
INFO LEAD new: [Permitted] Hackney/2024/0116 — Pentland House Stamford Hill, Hackney, London, N16 6RP
INFO LEAD new: [Permitted] Hackney/2024/0120 — Aldi, 209 Hoxton Street, Hackney, London, N1 5LG
INFO LEAD new: [Permitted] Hackney/2024/0129 — 144 Powerscroft Road, Hackney, London, E5 0PR
INFO LEAD new: [Permitted] Hackney/2024/0102 — Grove House, 16 Tudor Grove, Hackney, London, E9 7QP
INFO LEAD new: [Permitted] Hackney/2024/0104 — Cheviot House Stamford Hill, Hackney, London, N16 6SA
INFO LEAD new: [Permitted] Hackney/2024/0113 — 21 Brighton Road, Hackney, London, N16 8EQ
INFO LEAD new: [Permitted] Hackney/2024/0111 — 15 Mildenhall Road, Hackney, London, E5 0RT
INFO LEAD new: [Permitted] Hackney/2024/0088 — 78 Lansdowne Drive, Hackney, London, E8 3ER
INFO LEAD new: [Permitted] Hackney/2024/0096 — 17 John Campbell Road, Hackney,
INFO LEAD new: [Permitted] Hackney/2024/0089 — Netil Corner Bocking Street, Hackney, London, E8 4RU
INFO LEAD new: [Permitted] Hackney/2024/0084 — 8 - 10 Westgate Street, Hackney, London, E8 3RN
INFO LEAD new: [Permitted] Hackney/2024/0081 — Quick House, 65 Clifton Street, Hackney, London, EC2A 4JE
INFO LEAD new: [Permitted] Hackney/2024/0086 — 8 - 10 Westgate Street, Hackney, London, E8 3RN
INFO LEAD new: [Permitted] Hackney/2024/0073 — Land Former 225, London, EC1V 1JT
INFO LEAD new: [Permitted] Hackney/2024/0080 — 28 Aden Grove, Hackney, London, N16 9NJ
INFO LEAD new: [Permitted] Hackney/2024/0082 — Jungle Fruits, 584 Kingsland Road, Hackney, London, E8 4AH
INFO LEAD new: [Permitted] Hackney/2024/0071 — 48 Grand Union Crescent, Hackney, London, E8 4TR
INFO LEAD new: [Permitted] Hackney/2024/0063 — First Floor And Second Floor Flat, 30 Castlewood Road, Hackn
INFO LEAD new: [Permitted] Hackney/2024/0075 — Stoke Newington Library, 184 Stoke Newington Church Street, 
INFO LEAD new: [Permitted] Hackney/2024/0072 — Libanese Grill, St Michaels Church Mark Street, Hackney, Lon
INFO LEAD new: [Permitted] Hackney/2024/0070 — 70 Ravensdale Road, Hackney, London, N16 6ST
INFO LEAD new: [Permitted] Hackney/2024/0064 — 22a Englefield Road, Hackney, London, N1 4ET
INFO LEAD new: [Permitted] Hackney/2024/0058 — 67 Ickburgh Road, Hackney, London, E5 8AF
INFO LEAD new: [Permitted] Hackney/2024/0050 — 2 Burnett Close, Hackney, London, E9 6ET
INFO LEAD new: [Permitted] Hackney/2024/0047 — 74 Winston Road, Hackney, London, N16 9LT
INFO LEAD new: [Permitted] Hackney/2024/0049 — Lower Clapton General Practice, The Portico, 34 Linscott Roa
INFO LEAD new: [Permitted] Hackney/2024/0048 — 18 Chesholm Road, Hackney, London, N16 0DR
INFO LEAD new: [Permitted] Hackney/2024/0052 — 123 Shepherdess Walk, Hackney, London, N1 7QA
INFO LEAD new: [Permitted] Hackney/2024/0035 — 8-10 Northfield Road, Hackney, London, N16 5RN
INFO LEAD new: [Permitted] Hackney/2024/0027 — 408 Seven Sisters Road, London, N4 2LX
INFO LEAD new: [Permitted] Hackney/2024/0023 — Quick House, 65 Clifton Street, Hackney, London, EC2A 4JE
INFO LEAD new: [Permitted] Hackney/2024/0025 — 13 Leadale Road, Hackney, London, N16 6BZ
INFO LEAD new: [Permitted] Hackney/2024/0030 — 9 Clifden Road, Hackney, London, E5 0LL
INFO LEAD new: [Permitted] Hackney/2024/0024 — 78 Brighton Road, Hackney, London, N16 8EG
INFO LEAD new: [Permitted] Hackney/2024/0007 — Flat 1, 33 Reighton Road, Hackney, London, E5 8SQ
INFO LEAD new: [Permitted] Hackney/2024/0006 — Flat A, 33 Farleigh Road, Hackney, London, N16 7TB
INFO LEAD new: [Permitted] Hackney/2024/0009 — 9 Navarino Grove, Hackney, London, E8 1AJ
INFO LEAD new: [Permitted] Hackney/2024/0015 — 11 St Kildas Road, Hackney, London, N16 5BP
INFO LEAD new: [Permitted] Hackney/2024/0010 — Flat B, 7 Killowen Road, Hackney, London, E9 7AG
INFO LEAD new: [Permitted] Hackney/2024/0004 — 133 - 135 Holmleigh Road, Hackney, London, N16 5QG
INFO LEAD new: [Permitted] Hackney/2024/0003 — 93 Kyverdale Road, Hackney, London, N16 6PP
INFO LEAD new: [Permitted] Hackney/2023/2945 — Libanese Grill, St Michaels Church Mark Street, Hackney, Lon
INFO LEAD new: [Permitted] Hackney/2023/2952 — 90 Kyverdale Road, Hackney, London, N16 6PL
INFO LEAD new: [Permitted] Hackney/2023/2943 — 22a Englefield Road, Hackney, London, N1 4ET
INFO LEAD new: [Permitted] Hackney/2023/2950 — Libanese Grill, St Michaels Church Mark Street, Hackney, Lon
INFO LEAD new: [Permitted] Hackney/2023/2947 — Netil Corner Bocking Street, Hackney, London, E8 4RU
INFO LEAD new: [Permitted] Hackney/2023/2951 — 39 Darenth Road, Hackney, London, N16 6ES
INFO [hackney/Permitted] page at offset 3700: 100 records
INFO LEAD new: [Permitted] Hackney/2023/2953 — Hoxton Works, 128 Hoxton Street, Hackney, London, N1 6SH
INFO LEAD new: [Permitted] Hackney/2023/2938 — Trinity Centre (dalston), Holy Trinity Church Institution Be
INFO LEAD new: [Permitted] Hackney/2023/2946 — 50 Chardmore Road, Hackney, London, N16 6JH
INFO LEAD new: [Permitted] Hackney/2023/2932 — Cardonet, 7 Stean Street, Hackney, London, E8 4ED
INFO LEAD new: [Permitted] Hackney/2023/2930 — 127a Glenarm Road, Hackney, London, E5 0NB
INFO LEAD new: [Permitted] Hackney/2023/2923 — London Metropolitan University, 35 Kingsland Road, Hackney, 
INFO LEAD new: [Permitted] Hackney/2023/2918 — 30 Harcombe Road, Hackney, London, N16 0SA
INFO LEAD new: [Permitted] Hackney/2023/2916 — 12 Trehurst Street, Hackney, London, E5 0EB
INFO LEAD new: [Permitted] Hackney/2023/2933 — Chicken Lickin London, 74 Chatsworth Road, Hackney, London, 
INFO LEAD new: [Permitted] Hackney/2023/2934 — 2-18 Warburton Road, Hackney, London, E8 3FN
INFO LEAD new: [Permitted] Hackney/2023/2905 — Chicken Lickin London, 74 Chatsworth Road, Hackney, London, 
INFO LEAD new: [Permitted] Hackney/2023/2899 — Flat B, 34 Alexandra Grove, Hackney, London, N4 2LF
INFO LEAD new: [Permitted] Hackney/2023/2896 — 21 - 27 Millers Terrace, Hackney, London, E8 2DP
INFO LEAD new: [Permitted] Hackney/2023/2897 — Flat A, 62 Thistlewaite Road, Hackney, London, E5 0QQ
INFO LEAD new: [Permitted] Hackney/2023/2891 — Block 96 To 112 Tudor Road, Hackney,
INFO LEAD new: [Permitted] Hackney/2023/2871 — 9 Muston Road, Hackney, London, E5 9LH
INFO LEAD new: [Permitted] Hackney/2023/2883 — 9 Muston Road, Hackney, London, E5 9LH
INFO LEAD new: [Permitted] Hackney/2023/2887 — 173b Stoke Newington Road, Hackney, London, N16 8BP
INFO LEAD new: [Permitted] Hackney/2023/2881 — Flat A, 61 Greenwood Road, Hackney, London, E8 1NT
INFO LEAD new: [Permitted] Hackney/2023/2873 — 30 Harcombe Road, Hackney, London, N16 0SA
INFO LEAD new: [Permitted] Hackney/2023/2854 — 52 Forburg Road, Hackney, London, N16 6HT
INFO LEAD new: [Permitted] Hackney/2023/2884 — 59 Cranwich Road, Hackney, London, N16 5JA
INFO LEAD new: [Permitted] Hackney/2023/2879 — 90 Leswin Road, Hackney, London, N16 7ND
INFO LEAD new: [Permitted] Hackney/2023/2861 — Woodberry Down - Phase 3 Site, London, N4 2RD
INFO LEAD new: [Permitted] Hackney/2023/2880 — 15 Lavers Road, Hackney, London, N16 0DU
INFO LEAD new: [Permitted] Hackney/2023/2867 — Woodberry Down - Phase 3 Site Seven Sisters Road , London, N
INFO LEAD new: [Permitted] Hackney/2023/2875 — 61 Cranwich Road, Hackney, London, N16 5JA
INFO LEAD new: [Permitted] Hackney/2023/2851 — Dan Tobin Smith Studio, 52c Whitmore Road, Hackney, London, 
INFO LEAD new: [Permitted] Hackney/2023/2866 — 145 Nevill Road, Hackney, London, N16 0SU
INFO LEAD new: [Permitted] Hackney/2023/2839 — 22 Elmcroft Street, Hackney, London, E5 0SQ
INFO LEAD new: [Permitted] Hackney/2023/2838 — 22 Elmcroft Street, Hackney, London, E5 0SQ
INFO LEAD new: [Permitted] Hackney/2023/2841 — Unit A, 2 Triangle Road, Hackney, London, E8 3RP
INFO LEAD new: [Permitted] Hackney/2023/2822 — Ritson Haven, Ritson Road, London, E8 1DE
INFO LEAD new: [Permitted] Hackney/2023/2824 — 2-18 Warburton Road, Hackney, E8 3FN
INFO LEAD new: [Permitted] Hackney/2023/2828 — Flat A, 65 Digby Crescent, Hackney, London, N4 2HS
INFO LEAD new: [Permitted] Hackney/2023/2829 — 14 Tower Mews, Hackney, London, E5 0ES
INFO LEAD new: [Permitted] Hackney/2023/2819 — 4 Penshurst Road, Hackney, London, E9 7DX
INFO LEAD new: [Permitted] Hackney/2023/2813 — 2 Wilderton Road, Hackney, London, N16 5QZ
INFO LEAD new: [Permitted] Hackney/2023/2818 — 8 Braydon Road, Hackney, London, N16 6QB
INFO LEAD new: [Permitted] Hackney/2023/2809 — 6 Leaside Road, Hackney, London, E5 9LU
INFO LEAD new: [Permitted] Hackney/2023/2788 — 73 Drysdale Street, Hackney, London, N1 6ND
INFO LEAD new: [Permitted] Hackney/2023/2795 — 492 - 494 Kingsland Road, Hackney,
INFO LEAD new: [Permitted] Hackney/2023/2777 — 6 Stevens Avenue, Hackney, London, E9 6RX
INFO LEAD new: [Permitted] Hackney/2023/2805 — 6 Leaside Road, Hackney, London, E5 9LU
INFO LEAD new: [Permitted] Hackney/2023/2796 — 42c Braydon Road, Hackney, London, N16 6QB
INFO LEAD new: [Permitted] Hackney/2023/2783 — 40 Thistlewaite Road, Hackney, London, E5 0QQ
INFO LEAD new: [Permitted] Hackney/2023/2791 — 43 Ickburgh Road, Hackney, London, E5 8AF
INFO LEAD new: [Permitted] Hackney/2023/2785 — Queen Of Hoxton, Queen Of Hoxton, 1 - 5 Curtain Road, Hackne
INFO LEAD new: [Permitted] Hackney/2023/2800 — 162 Safedale Green Lanes, London, N16 9DL
INFO LEAD new: [Permitted] Hackney/2023/2844 — Cycloc, 6 Culford Mews, Hackney, London, N1 4DX
INFO LEAD new: [Permitted] Hackney/2023/2786 — 14 Weymouth Terrace, Hackney, E2 8JP
INFO LEAD new: [Permitted] Hackney/2023/2775 — 100 Belgrade Road, Hackney, London, N16 8DJ
INFO LEAD new: [Permitted] Hackney/2023/2764 — 1a London Fields West Side, London, E8 3EU
INFO LEAD new: [Permitted] Hackney/2023/2770 — 2-18 Warburton Road, London, E8 3FN
INFO LEAD new: [Permitted] Hackney/2023/2768 — Synagogue, 69 Lordship Road, Hackney, London, N16 0QX
INFO LEAD new: [Permitted] Hackney/2023/2769 — Synagogue, 69 Lordship Road, Hackney, London, N16 0QX
INFO LEAD new: [Permitted] Hackney/2023/2776 — 17 Elrington Road, Hackney, London, E8 3BJ
INFO LEAD new: [Permitted] Hackney/2023/2757 — 98 Rushmore Road, Hackney, London, E5 0EX
INFO LEAD new: [Permitted] Hackney/2023/2760 — 43 Lingwood Road, Hackney, London, E5 9BN
INFO LEAD new: [Permitted] Hackney/2023/2787 — 52 Woodberry Grove, Hackney, London, N4 1SN
INFO LEAD new: [Permitted] Hackney/2023/2753 — Aldi, 209 Hoxton Street, Hackney, London, N1 5LG
INFO LEAD new: [Permitted] Hackney/2023/2782 — 16 Hurstdene Gardens, Hackney, London, N15 6NA
INFO LEAD new: [Permitted] Hackney/2023/2745 — 24 Alcester Crescent, Hackney, London, E5 9PX
INFO LEAD new: [Permitted] Hackney/2023/2742 — Rear Of 2 To 28 Belfast Road, Hackney, London, N16 6UH
INFO LEAD new: [Permitted] Hackney/2023/2741 — Lower Clapton General Practice, The Portico, 34 Linscott Roa
INFO LEAD new: [Permitted] Hackney/2023/2743 — Former, 260 Kingsland Road, Hackney, London, E8 4DG
INFO LEAD new: [Permitted] Hackney/2023/2737 — 126 Stamford Hill, Hackney, London, N16 6QT
INFO LEAD new: [Permitted] Hackney/2023/2734 — 47 Cranwich Road, Hackney, London, N16 5HZ
INFO LEAD new: [Permitted] Hackney/2023/2735 — 14a Ardleigh Road, Hackney, London, N1 4HP
INFO LEAD new: [Permitted] Hackney/2023/2732 — By The Bridge, 283a Kingsland Road, Hackney, London, E2 8AS
INFO LEAD new: [Permitted] Hackney/2023/2720 — Rawduck, 197 Richmond Road, Hackney, London, E8 3NJ
INFO LEAD new: [Permitted] Hackney/2023/2712 — 60 Rushmore Road, Hackney, London, E5 0EX
INFO LEAD new: [Permitted] Hackney/2023/2714 — 17 17-33 Westland Place London N1 7lp, 17-33 Westland Place,
INFO LEAD new: [Permitted] Hackney/2023/2694 — 44 Adley Street, Hackney, London, E5 0DY
INFO [hackney/Permitted] page at offset 3800: 100 records
INFO LEAD new: [Permitted] Hackney/2023/2702 — 10 Manse Road, Hackney, London, N16 7QD
INFO LEAD new: [Permitted] Hackney/2023/2698 — First Floor And Second Floor Flat, 34 Castlewood Road, Hackn
INFO LEAD new: [Permitted] Hackney/2023/2706 — Cake Box Hackney Ltd T/a Eggfree Cake Box, 99 & 101, 99 Lowe
INFO LEAD new: [Permitted] Hackney/2023/2696 — Flat A, 106 Middleton Road, Hackney, London, E8 4LN
INFO LEAD new: [Permitted] Hackney/2023/2675 — Libanese Grill, St Michaels Church Mark Street, Hackney, Lon
INFO LEAD new: [Permitted] Hackney/2023/2684 — 54 Clapton Common, Hackney, London, E5 9AL
INFO LEAD new: [Permitted] Hackney/2023/2701 — Ground Floor Flat, 81 Glyn Road, Hackney, London, E5 0JA
INFO LEAD new: [Permitted] Hackney/2023/2687 — 25 Meynell Crescent, Hackney, London, E9 7AS
INFO LEAD new: [Permitted] Hackney/2023/2682 — Kidzmania, Adjacent St James Church, 28 Powell Road, Hackney
INFO LEAD new: [Permitted] Hackney/2023/2683 — The West Reservoir Centre Green Lanes, Hackney, London, N4 2
INFO LEAD new: [Permitted] Hackney/2023/2689 — Libanese Grill, St Michaels Church Mark Street, Hackney, Lon
INFO LEAD new: [Permitted] Hackney/2023/2680 — 31 Chesholm Road, Hackney, London, N16 0DS
INFO LEAD new: [Permitted] Hackney/2023/2673 — 183 - 187 Shoreditch High Street, Hackney, London, E1 6HU
INFO LEAD new: [Permitted] Hackney/2023/2676 — Broadgate Estates, Part Ground Floor, 1 Snowden Street, Hack
INFO LEAD new: [Permitted] Hackney/2023/2817 — 49 Thistlewaite Road, Hackney, London, E5 0QG
INFO LEAD new: [Permitted] Hackney/2023/2679 — 106 Stellman Close, Hackney, London, E5 8QZ
INFO LEAD new: [Permitted] Hackney/2023/2666 — Flat A, 41 Coronet Street, Hackney, London, N1 6HD
INFO LEAD new: [Permitted] Hackney/2023/2642 — 33 - 34 Newington Green, Hackney, London, N16 9PR
INFO LEAD new: [Permitted] Hackney/2023/2655 — Rear Of 2 To 28 Belfast Road, Hackney, London, N16 6UH
INFO LEAD new: [Permitted] Hackney/2023/2663 — 128 Culford Road, Hackney, London, N1 4HU
INFO LEAD new: [Permitted] Hackney/2023/2650 — 149 Winston Road, Hackney, London, N16 9LL
INFO LEAD new: [Permitted] Hackney/2023/2641 — Lower Clapton General Practice, The Portico, 34 Linscott Roa
INFO LEAD new: [Permitted] Hackney/2023/2640 — 5 Godwin Close, Hackney, London, N1 7HY
INFO LEAD new: [Permitted] Hackney/2023/2636 — 14 Atherden Road, Hackney, London, E5 0QP
INFO LEAD new: [Permitted] Hackney/2023/2645 — Flat 4, Britannia Building, 12 Ebenezer Street, Hackney, Lon
INFO LEAD new: [Permitted] Hackney/2023/2646 — Lower Clapton General Practice, The Portico, 34 Linscott Roa
INFO LEAD new: [Permitted] Hackney/2023/2660 — Ground Floor And First Floor, 1 - 5 Rosina Street, Hackney, 
INFO LEAD new: [Permitted] Hackney/2023/2638 — 33 - 34 Newington Green, Hackney, London, N16 9PR
INFO LEAD new: [Permitted] Hackney/2023/2626 — 3 Sigdon Road, Hackney, London, E8 1AP
INFO LEAD new: [Permitted] Hackney/2023/2648 — 20 Harcombe Road, Hackney, London, N16 0SA
INFO LEAD new: [Permitted] Hackney/2023/2619 — Malvern House Stamford Hill, Hackney, London, N16 6RR
INFO LEAD new: [Permitted] Hackney/2023/2617 — Quantock House Lynmouth Road, Hackney, London, N16 6XN
INFO LEAD new: [Permitted] Hackney/2023/2621 — -, 14 - 16 Shore Road, Hackney, London, E9 7TA
INFO LEAD new: [Permitted] Hackney/2023/2616 — Taverner House Stoke Newington Church Street, Hackney, Londo
INFO LEAD new: [Permitted] Hackney/2023/2623 — 16 Stannard Road, Hackney, London, E8 1DB
INFO LEAD new: [Permitted] Hackney/2023/2624 — Abney Park Cemetery, Hackney, London, N16 0LH
INFO LEAD new: [Permitted] Hackney/2023/2620 — Ground Floor And First Floor, 1 - 5 Rosina Street, Hackney, 
INFO LEAD new: [Permitted] Hackney/2023/2613 — Ground Floor And First Floor, 1 - 5 Rosina Street, Hackney, 
INFO LEAD new: [Permitted] Hackney/2023/2601 — 402, Landmark Heights, 172 Daubeney Road, Hackney, London, E
INFO LEAD new: [Permitted] Hackney/2023/2614 — 74 - 80 Stamford Hill, Hackney, London, N16 6XS
INFO LEAD new: [Permitted] Hackney/2023/2591 — Unit D, Infinity Heights, 264 Kingsland Road, Hackney, Londo
INFO LEAD new: [Permitted] Hackney/2023/2604 — 133 - 135 Holmleigh Road, Hackney, London, N16 5QG
INFO LEAD new: [Permitted] Hackney/2023/2603 — Unit C, Infinity Heights, 264 Kingsland Road, Hackney, Londo
INFO LEAD new: [Permitted] Hackney/2023/2586 — Unit A, Infinity Heights, 264 Kingsland Road, Hackney, Londo
INFO LEAD new: [Permitted] Hackney/2023/2596 — Unit E, Infinity Heights, 264 Kingsland Road, Hackney, Londo
INFO LEAD new: [Permitted] Hackney/2023/2588 — Unit B, Infinity Heights, 264 Kingsland Road, Hackney, Londo
INFO LEAD new: [Permitted] Hackney/2023/2598 — 10 Albion Square, Hackney, London, E8 4ES
INFO LEAD new: [Permitted] Hackney/2023/2589 — 86 Mortimer Road, Hackney, London, N1 4LH
INFO LEAD new: [Permitted] Hackney/2023/2557 — Tramontana Brindisa, 152 Curtain Road, Hackney, London, EC2A
INFO LEAD new: [Permitted] Hackney/2023/2579 — 80 Gunton Road, London, London, Hackney, E5 9JS
INFO LEAD new: [Permitted] Hackney/2023/2566 — Bishopsgate Goods Yard, 40 Shoreditch High Street, Hackney, 
INFO LEAD new: [Permitted] Hackney/2023/2568 — 71 Northwold Road, Hackney, London, E5 8RN
INFO LEAD new: [Permitted] Hackney/2023/2572 — Flat A, 41 Coronet Street, Hackney, London, N1 6HD
INFO LEAD new: [Permitted] Hackney/2023/2569 — 18 Jessam Avenue, Hackney, London, E5 9DU
INFO LEAD new: [Permitted] Hackney/2023/2570 — 187 Lower Clapton Road, Hackney, London, E5 8EG
INFO LEAD new: [Permitted] Hackney/2023/2553 — 102 Colvestone Crescent, Hackney, London, E8 2LJ
INFO LEAD new: [Permitted] Hackney/2023/2555 — First Floor And Second Floor Flat, 30 Castlewood Road, Hackn
INFO LEAD new: [Permitted] Hackney/2023/2578 — 1 Ashenden Road, Hackney, London, E5 0DP
INFO LEAD new: [Permitted] Hackney/2023/2546 — 14 Heathland Road, Hackney, London, N16 5NH
INFO LEAD new: [Permitted] Hackney/2023/2534 — 8 Gilda Crescent, Hackney, London, N16 6JP
INFO LEAD new: [Permitted] Hackney/2023/2532 — 143 Evering Road, Hackney, London, N16 7BL
INFO LEAD new: [Permitted] Hackney/2023/2523 — 100 Belgrade Road, Hackney, London, N16 8DJ
INFO LEAD new: [Permitted] Hackney/2023/2528 — 13 Firsby Road, Hackney, London, N16 6PX
INFO LEAD new: [Permitted] Hackney/2023/2548 — 132 Bethune Road, Hackney, London, N16 5DS
INFO LEAD new: [Permitted] Hackney/2023/2521 — 74 Osbaldeston Road, Hackney, London, N16 7DR
INFO LEAD new: [Permitted] Hackney/2023/2514 — 2a Woodberry Grove, Hackney, London, N4 1SN
INFO LEAD new: [Permitted] Hackney/2023/2509 — 84-86 Great Eastern Street And , 1-3 Rivington Street Riving
INFO LEAD new: [Permitted] Hackney/2023/2518 — Flat A, 82 Kenworthy Road, Hackney, London, E9 5RA
INFO LEAD new: [Permitted] Hackney/2023/2511 — 116 Mildenhall Road, Hackney, London, E5 0RZ
INFO LEAD new: [Permitted] Hackney/2023/2516 — Basement And Ground Floor Flat, 68 Mortimer Road, Hackney, L
INFO LEAD new: [Permitted] Hackney/2023/2513 — 24 Sach Road, Hackney, London, E5 9LJ
INFO LEAD new: [Permitted] Hackney/2023/2502 — Flat A, 106 Middleton Road, Hackney, London, E8 4LN
INFO LEAD new: [Permitted] Hackney/2023/2501 — 60 Thistlewaite Road, Hackney, London, E5 0QQ
INFO LEAD new: [Permitted] Hackney/2023/2497 — 57 Cecilia Road, Hackney, London, E8 2ES
INFO LEAD new: [Permitted] Hackney/2023/2498 — Flat 5, 302 Seven Sisters Road, Hackney, London, N4 2AG
INFO LEAD new: [Permitted] Hackney/2023/2491 — 30 Meynell Road, Hackney, London, E9 7AP
INFO LEAD new: [Permitted] Hackney/2023/2490 — 74 Filey Avenue, Hackney, London, N16 6JJ
INFO [hackney/Permitted] page at offset 3900: 100 records
INFO LEAD new: [Permitted] Hackney/2023/2482 — 93 Kyverdale Road, Hackney, London, N16 6PP
INFO LEAD new: [Permitted] Hackney/2023/2493 — Kings Wharf, 301 Kingsland Road, Hackney, London, E8 4DS
INFO LEAD new: [Permitted] Hackney/2023/2473 — 84-86 Great Eastern Street And , 1-3 Rivington Street Riving
INFO LEAD new: [Permitted] Hackney/2023/2481 — 84-88 Great Eastern Street, Hackney, London, EC2A 3JL
INFO LEAD new: [Permitted] Hackney/2023/2484 — The Diner, 600 Kingsland Road, Hackney, London, E8 4AH
INFO LEAD new: [Permitted] Hackney/2023/2480 — Flank Wall, 28 Upper Clapton Road, Hackney, London, E5 8BQ
INFO LEAD new: [Permitted] Hackney/2023/2479 — Studio 104, 280 Mare Street, Hackney, London, E8 1HE
INFO LEAD new: [Permitted] Hackney/2023/2485 — 55 Lawford Road, Hackney, London, N1 5BJ
INFO LEAD new: [Permitted] Hackney/2023/2457 — Rear Of 30-36 Stamford Road, London, N1 4JL
INFO LEAD new: [Permitted] Hackney/2023/2486 — Quick House, 65 Clifton Street, Hackney, London, EC2A 4JE
INFO LEAD new: [Permitted] Hackney/2023/2464 — 30 - 32 Stamford Road, Hackney, London, N1 4JL
INFO LEAD new: [Permitted] Hackney/2023/2458 — Rear Of 30-36 Stamford Road, London, N1 4JL
INFO LEAD new: [Permitted] Hackney/2023/2477 — Rear Of 30-36 Stamford Road, London, N1 4JL
INFO LEAD new: [Permitted] Hackney/2023/2465 — 30 - 32 Stamford Road, Hackney, London, N1 4JL
INFO LEAD new: [Permitted] Hackney/2023/2463 — 47 Oldfield Road, Hackney, London, N16 0RR
INFO LEAD new: [Permitted] Hackney/2023/2455 — Department For Work And Pensions, Playle House, 6 - 22 Totte
INFO LEAD new: [Permitted] Hackney/2023/2448 — Atrium Apartments, 13 Felton Street, Hackney, London, N1 5NA
INFO LEAD new: [Permitted] Hackney/2023/2446 — 8 Northfield Road, Hackney, London, N16 5RN
INFO LEAD new: [Permitted] Hackney/2023/2445 — First Floor And Second Floor Flat, 32 Greenwood Road, Hackne
INFO LEAD new: [Permitted] Hackney/2023/2451 — Green Island, Basement To Ground Floors, 47 Broadway Market,
INFO LEAD new: [Permitted] Hackney/2023/2452 — Saint Angelas Nursery, 34 - 36 Adolphus Road, Hackney, Londo
INFO LEAD new: [Permitted] Hackney/2023/2440 — 107 Mayola Road, Hackney, London, E5 0RG
INFO LEAD new: [Permitted] Hackney/2023/2447 — 27 Gunton Road, Hackney, London, E5 9JT
INFO LEAD new: [Permitted] Hackney/2023/2466 — Libanese Grill, St Michaels Church Mark Street, Hackney, Lon
INFO LEAD new: [Permitted] Hackney/2023/2429 — House Excluding Basement, 34 Fountayne Road, Hackney, London
INFO LEAD new: [Permitted] Hackney/2023/2436 — Flat A, 25 Burma Road, Hackney, London, N16 9BH
INFO LEAD new: [Permitted] Hackney/2023/2419 — 84-88 Great Eastern Street, Hackney, London, EC2A 3JL
INFO LEAD new: [Permitted] Hackney/2023/2432 — 120 Osbaldeston Road, Hackney, London, N16 6NJ
INFO LEAD new: [Permitted] Hackney/2023/2430 — 159 Kyverdale Road, Hackney, London, N16 6PS
INFO LEAD new: [Permitted] Hackney/2023/2420 — 86 Leswin Road, Hackney, London, N16 7ND
INFO LEAD new: [Permitted] Hackney/2023/2409 — 9 Maple Close, Hackney, London, N16 6DF
INFO LEAD new: [Permitted] Hackney/2023/2406 — 117 Culford Road, Hackney, London, N1 4HT
INFO LEAD new: [Permitted] Hackney/2023/2391 — Flat B, 8 Rushmore Road, Hackney, London, E5 0ET
INFO LEAD new: [Permitted] Hackney/2023/2441 — Second Floor, 67 - 70 Charlotte Road, Hackney, London, EC2A 
INFO LEAD new: [Permitted] Hackney/2023/2411 — 27 Foulden Road, Hackney, London, N16 7UU
INFO LEAD new: [Permitted] Hackney/2023/2405 — 16 Beck Road, Hackney, London, E8 4RE
INFO LEAD new: [Permitted] Hackney/2023/2392 — Basement Flat, 3 Glenarm Road, Hackney, London, E5 0LY
INFO LEAD new: [Permitted] Hackney/2023/2402 — 10 Thornby Road, Hackney, London, E5 9QL
INFO LEAD new: [Permitted] Hackney/2023/2403 — St John At Hackney Church Lower Clapton Road, Hackney, Londo
INFO LEAD new: [Permitted] Hackney/2023/2404 — 146 Stamford Hill, Hackney, London, N16 6QT
INFO LEAD new: [Permitted] Hackney/2023/2383 — 92 Queen Elizabeths Walk, Hackney, London, N16 5UQ
INFO LEAD new: [Permitted] Hackney/2023/2380 — 21 Cassland Road, Hackney, London, E9 7AL
INFO LEAD new: [Permitted] Hackney/2023/2418 — Kricket Delivery, Railway Arch 369 To 370 Helmsley Place, Ha
INFO LEAD new: [Permitted] Hackney/2023/2389 — 35 London Lane, Hackney, London, E8 3PR
INFO LEAD new: [Permitted] Hackney/2023/2384 — The Old Forge, 79 Lauriston Road, Hackney, London, E9 7HJ
INFO LEAD new: [Permitted] Hackney/2023/2412 — Marten House, 39 - 47 East Road, Hackney, London, N1 6AH
INFO LEAD new: [Permitted] Hackney/2023/2437 — St John At Hackney Church Lower Clapton Road, Hackney, Londo
INFO LEAD new: [Permitted] Hackney/2023/2385 — 35 London Lane, Hackney, London, E8 3PR
INFO LEAD new: [Permitted] Hackney/2023/2375 — Flat 211, Olympic House, 12 Somerford Grove, Hackney, London
INFO LEAD new: [Permitted] Hackney/2023/2368 — 93 Kyverdale Road, Hackney, London, N16 6PP
INFO LEAD new: [Permitted] Hackney/2023/2382 — Greenfeld's, 10 - 20 Windus Road, Hackney, London, N16 6UP
INFO LEAD new: [Permitted] Hackney/2023/2381 — Greenfeld's, 10 - 20 Windus Road, Hackney, London, N16 6UP
INFO LEAD new: [Permitted] Hackney/2023/2386 — Woodberry Down - Phase 3 Site, London, N4 2RD
INFO LEAD new: [Permitted] Hackney/2023/2379 — Four Seasons Supermarket, 281 Green Lanes, Hackney, London, 
INFO LEAD new: [Permitted] Hackney/2023/2369 — Flat 209, Olympic House, 12 Somerford Grove, Hackney, London
INFO LEAD new: [Permitted] Hackney/2023/2367 — 26 Oldfield Road, Hackney, London, N16 0RS
INFO LEAD new: [Permitted] Hackney/2023/2374 — Flat 208, Olympic House, 12 Somerford Grove, Hackney, London
INFO LEAD new: [Permitted] Hackney/2023/2376 — 34 Colvestone Crescent, Hackney, London, E8 2LH
INFO LEAD new: [Permitted] Hackney/2023/2354 — 4 Green Lanes, Hackney, London, N16 9NB
INFO LEAD new: [Permitted] Hackney/2023/2366 — 41 Cecilia Road, Hackney, London, E8 2ER
INFO LEAD new: [Permitted] Hackney/2023/2359 — 2-18 Warburton Road, Hackney, London, E8 3FN
INFO LEAD new: [Permitted] Hackney/2023/2370 — Hackney Community College Falkirk Street, Hackney, London, N
INFO LEAD new: [Permitted] Hackney/2023/2373 — 41 Cecilia Road, Hackney, London, E8 2ER
INFO LEAD new: [Permitted] Hackney/2023/2356 — 37 Palatine Road, Hackney,
INFO LEAD new: [Permitted] Hackney/2023/2355 — 50 Lamb Lane, Hackney, London, E8 3PJ
INFO LEAD new: [Permitted] Hackney/2023/2353 — 32 Terrace Road, Hackney, London, E9 7ES
INFO LEAD new: [Permitted] Hackney/2023/2377 — 17 - 19 Shacklewell Lane, Hackney, London, E8 2BY
INFO LEAD new: [Permitted] Hackney/2023/2344 — 12 Narford Road, Hackney, London, E5 8RD
INFO LEAD new: [Permitted] Hackney/2023/2342 — 58 Ickburgh Road, Hackney, London, E5 8AD
INFO LEAD new: [Permitted] Hackney/2023/2340 — 130 Clapton Common, Hackney, London, E5 9AG
INFO LEAD new: [Permitted] Hackney/2023/2345 — A5, 1 - 3 Victorian Grove, Hackney, London, N16 8EN
INFO LEAD new: [Permitted] Hackney/2023/2338 — Flat 206, Olympic House, 12 Somerford Grove, Hackney, London
INFO LEAD new: [Permitted] Hackney/2023/2339 — Flat 207, Olympic House, 12 Somerford Grove, Hackney, London
INFO LEAD new: [Permitted] Hackney/2023/2337 — Byng Services, First Floor, 345 Old Street, Hackney, London,
INFO LEAD new: [Permitted] Hackney/2023/2335 — Flat 204, Olympic House, 12 Somerford Grove, Hackney, London
INFO LEAD new: [Permitted] Hackney/2023/2334 — Land To The Rear Of, 110-120 Lower Clapton Road, Hackney, Lo
INFO LEAD new: [Permitted] Hackney/2023/2595 — Kingsland Groceries Sea Food, 46 Kingsland High Street, Hack
INFO [hackney/Permitted] page at offset 4000: 25 records
INFO LEAD new: [Permitted] Hackney/2023/2329 — 2-18 Warburton Road, London, E8 3FN
INFO LEAD new: [Permitted] Hackney/2023/2330 — 73 Mildenhall Road, Hackney, London, E5 0RT
INFO LEAD new: [Permitted] Hackney/2023/2317 — 50 Lamb Lane, Hackney, London, E8 3PJ
INFO LEAD new: [Permitted] Hackney/2023/2323 — 2-18 Warburton Road, Hackney, London, E8 3FN
INFO LEAD new: [Permitted] Hackney/2023/2303 — Flat 205, Olympic House, 12 Somerford Grove, Hackney, London
INFO LEAD new: [Permitted] Hackney/2023/2306 — 39 Bouverie Road, Hackney, London, N16 0AH
INFO LEAD new: [Permitted] Hackney/2023/2327 — 2-18 Warburton Road, London, E8 3FN
INFO LEAD new: [Permitted] Hackney/2023/2302 — 5 Navarino Grove, Hackney, London, E8 1AJ
INFO LEAD new: [Permitted] Hackney/2023/2304 — 5 Navarino Grove, Hackney, London, E8 1AJ
INFO LEAD new: [Permitted] Hackney/2023/2305 — 5 Greenwood Road, Hackney, London, E8 1AB
INFO LEAD new: [Permitted] Hackney/2023/2296 — Ground Floor Flat, 74 Wilberforce Road, Hackney, London, N4 
INFO LEAD new: [Permitted] Hackney/2023/2300 — Flat 203, Olympic House, 12 Somerford Grove, Hackney, London
INFO LEAD new: [Permitted] Hackney/2023/2297 — Flat 202, Olympic House, 12 Somerford Grove, Hackney, London
INFO LEAD new: [Permitted] Hackney/2023/2350 — 382 Mare Street, Hackney, London, E8 1HR
INFO LEAD new: [Permitted] Hackney/2023/2308 — Unit 11 Trafalgar Mews, Hackney, London, E9 5JG
INFO LEAD new: [Permitted] Hackney/2023/2292 — Flat 201, Olympic House, 12 Somerford Grove, Hackney, London
INFO LEAD new: [Permitted] Hackney/2023/2298 — Church Street Motors, Workshop Part Rear Of 138, 138 Stoke N
INFO LEAD new: [Permitted] Hackney/2023/2301 — Telephone Kiosk Corner Of Churchwell Path Lower Clapton Road
INFO LEAD new: [Permitted] Hackney/2023/2291 — Equity House, 209 - 211 City Road, Hackney, London, EC1V 1JN
INFO [hackney/Conditions] page at offset 0: 100 records
INFO LEAD new: [Conditions] Hackney/2026/0846 — WIMBOURNE COURT Wimbourne Street, Hackney, London, N1 7HB
INFO LEAD new: [Conditions] Hackney/2026/0781 — 17 Powerscroft Road, Hackney, London, E5 0PU
INFO LEAD new: [Conditions] Hackney/2026/0786 — GARAGE BLOCK Buckland Street, Hackney, N1 6TR
INFO LEAD new: [Conditions] Hackney/2026/0753 — 122 Hertford Road, Hackney, London, N1 4LP
INFO LEAD new: [Conditions] Hackney/2026/0745 — 141 Rushmore Road, Hackney
INFO LEAD new: [Conditions] Hackney/2026/0713 — Flat A, 177 Stoke Newington Church Street, Hackney, London, 
INFO LEAD new: [Conditions] Hackney/2026/0719 — Flat A, 177 Stoke Newington Church Street, Hackney, London, 
INFO LEAD new: [Conditions] Hackney/2026/0668 — HOMERTON HOSPITAL Homerton Grove, Hackney, London, E9 6SR
INFO LEAD new: [Conditions] Hackney/2026/0649 — 15 Sewdley Street, Hackney, London, E5 0AX
INFO LEAD new: [Conditions] Hackney/2026/0659 — 133 Hassett Road, Hackney, London, E9 5SL
INFO LEAD new: [Conditions] Hackney/2026/0641 — 40 Graham Road, Hackney, London, E8 1BZ
INFO LEAD new: [Conditions] Hackney/2026/0626 — 16 Darenth Road, Hackney, London, N16 6EJ
INFO LEAD new: [Conditions] Hackney/2026/0630 — First Floor Flat, 21 Alconbury Road, Hackney, London, E5 8RG
INFO LEAD new: [Conditions] Hackney/2026/0605 — 65 Glenarm Road, Hackney, London, E5 0LY
INFO LEAD new: [Conditions] Hackney/2026/0610 — 19 Morpeth Road, Hackney, London, E9 7LD
INFO LEAD new: [Conditions] Hackney/2026/0611 — 42 Defoe Road, Hackney, London, N16 0EH
INFO LEAD new: [Conditions] Hackney/2026/0580 — 55 Linthorpe Road, Hackney, London, N16 5QT
INFO LEAD new: [Conditions] Hackney/2026/0542 — 27 Ufton Road, Hackney, London, N1 5BN
INFO LEAD new: [Conditions] Hackney/2026/0520 — STAPLETON HOUSE, 29 - 33 Scrutton Street, Hackney, London, E
INFO LEAD new: [Conditions] Hackney/2026/0500 — 122 Culford Road, Hackney, London, N1 4HU
INFO LEAD new: [Conditions] Hackney/2026/0465 — Flat A, 21 Adolphus Road, Hackney, London, N4 2AT
INFO LEAD new: [Conditions] Hackney/2026/0371 — Marian Court Link Street, London, E9 6DT
INFO LEAD new: [Conditions] Hackney/2026/0355 — Flat D, 48 Beatty Road, Hackney, London, N16 8EB
INFO LEAD new: [Conditions] Hackney/2026/0352 — Flat A, 9 Stamford Road, Hackney, London, N1 4JP
INFO LEAD new: [Conditions] Hackney/2026/0313 — Abney Park Trust, South Lodge, ABNEY PARK Stoke Newington Hi
INFO LEAD new: [Conditions] Hackney/2026/0297 — 40 Pellerin Road, Hackney, London, N16 8AT
INFO LEAD new: [Conditions] Hackney/2026/0279 — 106 Nevill Road, Hackney, London, N16 0SX
INFO LEAD new: [Conditions] Hackney/2026/0226 — 86 Median Road, Hackney, London, E5 0PN
INFO LEAD new: [Conditions] Hackney/2026/0227 — 146 De Beauvoir Road, Hackney, London, N1 4DJ
INFO LEAD new: [Conditions] Hackney/2026/0236 — 11 Trehurst Street, Hackney, London, E5 0EB
INFO LEAD new: [Conditions] Hackney/2026/0213 — Flat B, 3 Portland Avenue, Hackney, London, N16 6HA
INFO LEAD new: [Conditions] Hackney/2026/0195 — Flat C, 87 Lower Clapton Road, Hackney, London, E5 0NP
INFO LEAD new: [Conditions] Hackney/2026/0196 — 37 Belgrade Road, Hackney, London, N16 8DH
INFO LEAD new: [Conditions] Hackney/2026/0193 — Flat 5, 23 - 25 Wilton Way, Hackney, London, E8 3EE
INFO LEAD new: [Conditions] Hackney/2026/0186 — 86 Balcorne Street, Hackney, London, E9 7AU
INFO LEAD new: [Conditions] Hackney/2026/0188 — 113 Bouverie Road, Hackney, London, N16 0AD
INFO LEAD new: [Conditions] Hackney/2026/0162 — STOKE NEWINGTON LIBRARY, 184 Stoke Newington Church Street, 
INFO LEAD new: [Conditions] Hackney/2026/0153 — 12 Mehetabel Road, Hackney, London, E9 6DU
INFO LEAD new: [Conditions] Hackney/2026/0144 — 59 Lyme Grove, Hackney, London, E9 6PX
INFO LEAD new: [Conditions] Hackney/2026/0127 — 7 Leabourne Road, Hackney, London, N16 6SU
INFO LEAD new: [Conditions] Hackney/2026/0126 — 44 Median Road, Hackney, London, E5 0PL
INFO LEAD new: [Conditions] Hackney/2026/0125 — 71 Rivington Street, Hackney, London, EC2A 3AY
INFO LEAD new: [Conditions] Hackney/2026/0105 — 88 Kyverdale Road, Hackney, London, N16 6PL
INFO LEAD new: [Conditions] Hackney/2026/0101 — 5B Aden Grove, Hackney, London, N16 9NP
INFO LEAD new: [Conditions] Hackney/2026/0089 — Linden Children's Centre, 86 - 92 Rectory Road, Hackney, Lon
INFO LEAD new: [Conditions] Hackney/2026/0068 — 25 West Bank, Hackney, London, N16 5DF
INFO LEAD new: [Conditions] Hackney/2026/0057 — Flat A, 56 Southgate Road, Hackney, London, N1 3JF
INFO LEAD new: [Conditions] Hackney/2026/0053 — 15 Glaserton Road, Hackney, London, N16 5QU
INFO LEAD new: [Conditions] Hackney/2026/0030 — Flat B, 3 Portland Avenue, Hackney, London, N16 6HA
INFO LEAD new: [Conditions] Hackney/2026/0025 — 537 Kingsland Road, Hackney, London, E8 4AR
INFO LEAD new: [Conditions] Hackney/2026/0016 — 38 Forburg Road, Hackney, London, N16 6HS
INFO LEAD new: [Conditions] Hackney/2025/2858 — 1 Carysfort Road, Hackney, London, N16 9AA
INFO LEAD new: [Conditions] Hackney/2025/2854 — 42 Northfield Road, Hackney, London, N16 5RN
INFO LEAD new: [Conditions] Hackney/2025/2837 — BEIS ROCHEL YETEV LEV NURSERY, 79 - 83 Cazenove Road, Hackne
INFO LEAD new: [Conditions] Hackney/2025/2822 — 257 Glyn Road, Hackney, London, E5 0JP
INFO LEAD new: [Conditions] Hackney/2025/2805 — 28 Scrutton Street, Hackney, London, EC2A 4RP
INFO LEAD new: [Conditions] Hackney/2025/2807 — Site Known As Phase 4, Land Bounded By Seven Sisters Road, R
INFO LEAD new: [Conditions] Hackney/2025/2809 — 3 Yorkshire Close, Hackney, London, N16 8EU
INFO LEAD new: [Conditions] Hackney/2025/2762 — 101 Stamford Hill, Hackney, London, N16 5TR
INFO LEAD new: [Conditions] Hackney/2025/2769 — 29 St Johns Church Road, Hackney, London, E9 6EJ
INFO LEAD new: [Conditions] Hackney/2025/2771 — 85 Alkham Road, Hackney, London, N16 6XD
INFO LEAD new: [Conditions] Hackney/2025/2745 — Basement Flat, 100 Southgate Road, Hackney, London, N1 3JB
INFO LEAD new: [Conditions] Hackney/2025/2740 — Curtain House, 134-146 Curtain Road, Hackney, London, EC2A 3
INFO LEAD new: [Conditions] Hackney/2025/2693 — 7 Kynaston Road, Hackney, London, N16 0EA
INFO LEAD new: [Conditions] Hackney/2025/2681 — Church Street Food And Wine, 107 - 109 Stoke Newington Churc
INFO LEAD new: [Conditions] Hackney/2025/2666 — KINGS CRESCENT ESTATE Queens Drive, Hackney, London, N4 2SY
INFO LEAD new: [Conditions] Hackney/2025/2655 — 36-44 Primrose Square, London, E8 7TS
INFO LEAD new: [Conditions] Hackney/2025/2661 — 51 Northfield Road, Hackney, London, N16 5RL
INFO LEAD new: [Conditions] Hackney/2025/2629 — 13 Denver Road, Hackney, London, N16 5JL
INFO LEAD new: [Conditions] Hackney/2025/2613 — Land Adjoining BSix College Kenninghall Road, London , E5 8B
INFO LEAD new: [Conditions] Hackney/2025/2606 — The Nightingale Estate Downs Road, London, E5 8QH
INFO LEAD new: [Conditions] Hackney/2025/2595 — 10 Meynell Road, Hackney, London, E9 7AP
INFO LEAD new: [Conditions] Hackney/2025/2560 — 2A Beatty Road, Hackney, London, N16 8EB
INFO LEAD new: [Conditions] Hackney/2025/2566 — 77 Lavender Grove, Hackney, London, E8 3LR
INFO LEAD new: [Conditions] Hackney/2025/2559 — 58 Rushmore Road, Hackney, London, E5 0EX
INFO LEAD new: [Conditions] Hackney/2025/2563 — 137 Shepherdess Walk, Hackney, London, N1 7RQ
INFO LEAD new: [Conditions] Hackney/2025/2552 — Site Known As Phase 4, Land Bounded By Seven Sisters Road, R
INFO LEAD new: [Conditions] Hackney/2025/2514 — 82 Blurton Road, Hackney, London, E5 0NH
INFO LEAD new: [Conditions] Hackney/2025/2513 — London Borough Of Hackney, Side Of 12 To 22, GILLET STREET C
INFO LEAD new: [Conditions] Hackney/2025/2524 — Atrium Building, Frampton Park Estate Frampton Park Road, Lo
INFO LEAD new: [Conditions] Hackney/2025/2518 — Ground To Third Floors, 43 Charlotte Road, Hackney, London, 
INFO LEAD new: [Conditions] Hackney/2025/2491 — Ground To Third Floors, 43 Charlotte Road, Hackney, London, 
INFO LEAD new: [Conditions] Hackney/2025/2498 — 140 Winston Road, Hackney, London, N16 9LJ
INFO LEAD new: [Conditions] Hackney/2025/2493 — 140 Winston Road, Hackney, London, N16 9LJ
INFO LEAD new: [Conditions] Hackney/2025/2489 — Vape Underground, 61 Chatsworth Road, Hackney, London, E5 0L
INFO LEAD new: [Conditions] Hackney/2025/2473 — 113 Tottenham Road, Hackney, London, N1 4EA
INFO LEAD new: [Conditions] Hackney/2025/2461 — 39 Castlewood Road, Hackney, London, N16 6DL
INFO LEAD new: [Conditions] Hackney/2025/2428 — 74 - 76 Kingsland High Street, Hackney, London, E8 2NS
INFO LEAD new: [Conditions] Hackney/2025/2431 — 54 Montague Road, Hackney, London, E8 2HW
INFO LEAD new: [Conditions] Hackney/2025/2418 — 20 Navarino Road, Hackney, London, E8 1AD
INFO LEAD new: [Conditions] Hackney/2025/2401 — 43 Amhurst Park, Hackney, London, N16 5DL
INFO LEAD new: [Conditions] Hackney/2025/2402 — 36 Lavender Grove, Hackney, London, E8 3LS
INFO LEAD new: [Conditions] Hackney/2025/2399 — Tesco, 144 - 146 Lower Clapton Road, Hackney, London, E5 0QJ
INFO LEAD new: [Conditions] Hackney/2025/2396 — QUICK HOUSE, 65 Clifton Street, Hackney, London, EC2A 4JE
INFO LEAD new: [Conditions] Hackney/2025/2381 — 2 Phipp Street, Hackney, London, EC2A 4BP
INFO LEAD new: [Conditions] Hackney/2025/2373 — 596 - 598 Kingsland Road, Hackney, London, E8 4AH
INFO LEAD new: [Conditions] Hackney/2025/2371 — 22 Mount Pleasant Lane, Hackney, London, E5 9DN
INFO LEAD new: [Conditions] Hackney/2025/2361 — 44 Belgrade Road, Hackney, London, N16 8DJ
INFO LEAD new: [Conditions] Hackney/2025/2346 — Flat A, 1 Lavers Road, Hackney, London, N16 0DU
INFO LEAD new: [Conditions] Hackney/2025/2333 — 148 Richmond Road, Hackney, London, E8 3HN
INFO [hackney/Conditions] page at offset 100: 100 records
INFO LEAD new: [Conditions] Hackney/2025/2290 — 52 Lavender Grove, Hackney, London, E8 3LS
INFO LEAD new: [Conditions] Hackney/2025/2276 — Flat 2, 104 Chatsworth Road, Hackney, London, E5 0LS
INFO LEAD new: [Conditions] Hackney/2025/2274 — 151 Hackney Road, Hackney, London, E2 8JL
INFO LEAD new: [Conditions] Hackney/2025/2275 — 104 Chatsworth Road, Hackney, London, E5 0LS
INFO LEAD new: [Conditions] Hackney/2025/2256 — 12 Earlston Grove, Hackney, London, E9 7NE
INFO LEAD new: [Conditions] Hackney/2025/2230 — 63 Clarence Mews, Hackney, London, E5 8HL
INFO LEAD new: [Conditions] Hackney/2025/2234 — 81 Gore Road, London, E9 7HW
INFO LEAD new: [Conditions] Hackney/2025/2220 — -, 14 - 16 Shore Road, Hackney, London, E9 7TA
INFO LEAD new: [Conditions] Hackney/2025/2197 — 130A Lea Bridge Road, Hackney, London, E5 9RB
INFO LEAD new: [Conditions] Hackney/2025/2173 — 30 Gloucester Drive, Hackney, London, N4 2LN
INFO LEAD new: [Conditions] Hackney/2025/2194 — 41 Knightland Road, Hackney, London, E5 9HR
INFO LEAD new: [Conditions] Hackney/2025/2201 — 81 Durlston Road, Hackney, London, E5 8RP
INFO LEAD new: [Conditions] Hackney/2025/2196 — 35 Fountayne Road, Hackney, London, N16 7ED
INFO LEAD new: [Conditions] Hackney/2025/2202 — 60 Tottenham Road, Hackney, London, N1 4EW
INFO LEAD new: [Conditions] Hackney/2025/2149 — 40 Firsby Road, Hackney, London, N16 6QA
INFO LEAD new: [Conditions] Hackney/2025/2164 — 125 Tottenham Road, Hackney, London, N1 4EA
INFO LEAD new: [Conditions] Hackney/2025/2137 — 11 Balls Pond Road, London, N1 4AX
INFO LEAD new: [Conditions] Hackney/2025/2125 — 7 Pemberton Place, Hackney, London, E8 3RF
INFO LEAD new: [Conditions] Hackney/2025/2108 — 4 Shushan Close, Hackney, London, N16 5FB
INFO LEAD new: [Conditions] Hackney/2025/2077 — Garage Block Buckland Street, Hackney, N1 6TR
INFO LEAD new: [Conditions] Hackney/2025/2066 — 256 Albion Road, Hackney, London, N16 9JP
INFO LEAD new: [Conditions] Hackney/2025/2063 — HAMPTON BY HILTON, 17 - 33 Westland Place, Hackney, London, 
INFO LEAD new: [Conditions] Hackney/2025/2050 — 46 Lingwood Road, Hackney, London, E5 9BN
INFO LEAD new: [Conditions] Hackney/2025/2052 — 14 Firsby Road, Hackney, London, N16 6QA
INFO LEAD new: [Conditions] Hackney/2025/1995 — Vape Underground, 61 Chatsworth Road, Hackney, London, E5 0L
INFO LEAD new: [Conditions] Hackney/2025/1966 — 89 Rushmore Road, Hackney, London, E5 0EX
INFO LEAD new: [Conditions] Hackney/2025/1979 — Second Floor Flat, 259 Kingsland Road, Hackney, London, E2 8
INFO LEAD new: [Conditions] Hackney/2025/1976 — Land At Bishopsgate Goods Yard Bethnal Green Road, London, E
INFO LEAD new: [Conditions] Hackney/2025/1961 — 75 - 85 Lewis Place, London, E8 1PQ
INFO LEAD new: [Conditions] Hackney/2025/1954 — 51 Lewis Place, Hackney, London, E8 1PQ
INFO LEAD new: [Conditions] Hackney/2025/1958 — 67 Lewis Place, Hackney, London, E8 1PQ
INFO LEAD new: [Conditions] Hackney/2025/1935 — 191 Lower Clapton Road, Hackney, London, E5 8EG
INFO LEAD new: [Conditions] Hackney/2025/1894 — 155 - 157 Albion Road, Hackney, London, N16 9JU
INFO LEAD new: [Conditions] Hackney/2025/1867 — Lyle's, Unit G 04, THE TEA BUILDING, 56 Shoreditch High Stre
INFO LEAD new: [Conditions] Hackney/2025/1861 — 5 Stamford Road, Hackney, London, N1 4JP
INFO LEAD new: [Conditions] Hackney/2025/1858 — 5 Cranwich Road, Hackney, London, N16 5HZ
INFO LEAD new: [Conditions] Hackney/2025/1865 — 66-68 Paul Street, London, EC2A 4NA
INFO LEAD new: [Conditions] Hackney/2025/1836 — 1&3 Albert Close, London , E9 7EX
INFO LEAD new: [Conditions] Hackney/2025/1805 — Baden Powell School, BADEN POWELL PRIMARY SCHOOL Ferron Road
INFO LEAD new: [Conditions] Hackney/2025/1766 — 43 Pitfield Street, Hackney, London, N1 6DA
INFO LEAD new: [Conditions] Hackney/2025/1753 — 24 Lordship Road, Hackney, London, N16 0QT
INFO LEAD new: [Conditions] Hackney/2025/1751 — 61 Springdale Road, Hackney, London, N16 9NT
INFO LEAD new: [Conditions] Hackney/2025/1745 — 40B Oldhill Street, Hackney, London, N16 6NA
INFO LEAD new: [Conditions] Hackney/2025/1701 — 142 Southgate Road, Hackney, London, N1 3HX
INFO LEAD new: [Conditions] Hackney/2025/1687 — 7 Northfield Road, Hackney, London, N16 5RL
INFO LEAD new: [Conditions] Hackney/2025/1651 — 2 Ashtead Road, Hackney, London, E5 9BH
INFO LEAD new: [Conditions] Hackney/2025/1661 — 7 Northfield Road, Hackney, London, N16 5RL
INFO LEAD new: [Conditions] Hackney/2025/1647 — 31 Northchurch Road, Hackney, London, N1 4ED
INFO LEAD new: [Conditions] Hackney/2025/1648 — 31 Northchurch Road, Hackney, London, N1 4ED
INFO LEAD new: [Conditions] Hackney/2025/1644 — 48 Mayola Road, Hackney, London, E5 0RQ
INFO LEAD new: [Conditions] Hackney/2025/1622 — Teddy Bear School House Nursery, 51 Mayola Road, Hackney, Lo
INFO LEAD new: [Conditions] Hackney/2025/1613 — 53 Princess May Road, Hackney, London, N16 8DF
INFO LEAD new: [Conditions] Hackney/2025/1605 — Flat 1, 47 Rectory Road, Hackney, London, N16 7PP
INFO LEAD new: [Conditions] Hackney/2025/1584 — 4 Woodberry Down, Hackney, London, N4 2TG
INFO LEAD new: [Conditions] Hackney/2025/1564 — BELPER COURT, 1 Pedro Street, Hackney, London, E5 0BE
INFO LEAD new: [Conditions] Hackney/2025/1553 — 70 Nevill Road, Hackney, London, N16 0SX
INFO LEAD new: [Conditions] Hackney/2025/1533 — 250 Haggerston Road, Hackney, London, E8 4EP
INFO LEAD new: [Conditions] Hackney/2025/1537 — Here East, Queen Elizabeth Olympic Park, 14 Bay Lane, London
INFO LEAD new: [Conditions] Hackney/2025/1492 — 59 Lyme Grove, Hackney, London, E9 6PX
INFO LEAD new: [Conditions] Hackney/2025/1477 — 20 Meynell Road, Hackney, London, E9 7AP
INFO LEAD new: [Conditions] Hackney/2025/1460 — 3 Cobble Mews, Hackney, London, N5 2LN
INFO LEAD new: [Conditions] Hackney/2025/1451 — KLEINE WHARF, 14 Orsman Road, Hackney, London, N1 5QL
INFO LEAD new: [Conditions] Hackney/2025/1438 — 15 Triangle Road, Hackney, London, E8 3RP
INFO LEAD new: [Conditions] Hackney/2025/1423 — Flat 3, 57 - 59 Navarino Road, Hackney, London, E8 1AG
INFO LEAD new: [Conditions] Hackney/2025/1416 — 4 Alconbury Road, Hackney, London, E5 8RH
INFO LEAD new: [Conditions] Hackney/2025/1400 — 96 - 98 Leonard Street, Hackney, London, EC2A 4RH
INFO LEAD new: [Conditions] Hackney/2025/1397 — 37 Northchurch Road, Hackney, London, N1 4EE
INFO LEAD new: [Conditions] Hackney/2025/1391 — 37 Northchurch Road, Hackney, London, N1 4EE
INFO LEAD new: [Conditions] Hackney/2025/1407 — 13 Stanard Close, Hackney, London, N16 5EH
INFO LEAD new: [Conditions] Hackney/2025/1361 — 22 Mount Pleasant Lane, Hackney, London, E5 9DN
INFO LEAD new: [Conditions] Hackney/2025/1342 — 72 Median Road, Hackney, London, E5 0PN
INFO LEAD new: [Conditions] Hackney/2025/1335 — 1 Bethune Road, Hackney, London, N16 5BW
INFO LEAD new: [Conditions] Hackney/2025/1331 — FELLOWS COURT Weymouth Terrace, Hackney, London, E2 8LP
INFO LEAD new: [Conditions] Hackney/2025/1303 — Second Floor Flat, 57 Clissold Crescent, Hackney, London, N1
INFO LEAD new: [Conditions] Hackney/2025/1210 — 12 Clapton Square, Hackney, London, E5 8HP
INFO LEAD new: [Conditions] Hackney/2025/1187 — 8 Speldhurst Road, Hackney, London, E9 7EH
INFO LEAD new: [Conditions] Hackney/2025/1180 — 164 Elderfield Road, Hackney, London, E5 0AZ
INFO LEAD new: [Conditions] Hackney/2025/1159 — 64 Navarino Road, Hackney, London, E8 1AQ
INFO LEAD new: [Conditions] Hackney/2025/1094 — City Academy Homerton Row, , Homerton Row, , London, E9 6EA
INFO LEAD new: [Conditions] Hackney/2025/1036 — 131 Rendlesham Road, Hackney, London, E5 8PA
INFO LEAD new: [Conditions] Hackney/2025/1031 — 6, HALLEYS MEWS, 2B Anton Street, Hackney, London, E8 2AD
INFO LEAD new: [Conditions] Hackney/2025/1011 — 3, RUSTIC COURT Lower Clapton Road, Hackney, London, E5 8DZ
INFO LEAD new: [Conditions] Hackney/2025/1013 — 40 Graham Road, Hackney, London, E8 1BZ
INFO LEAD new: [Conditions] Hackney/2025/0999 — 4 - 6 Walford Road, Hackney, London, N16 8ED
INFO LEAD new: [Conditions] Hackney/2025/1004 — Flat A, 8 - 10 Walford Road, Hackney, London, N16 8ED
INFO LEAD new: [Conditions] Hackney/2025/0983 — 25 Northchurch Terrace, Hackney, London, N1 4EB
INFO LEAD new: [Conditions] Hackney/2025/1065 — 25 Northchurch Terrace, Hackney, London, N1 4EB
INFO LEAD new: [Conditions] Hackney/2025/0969 — Costcutter Express, 144 - 150 Stoke Newington Road, Hackney,
INFO LEAD new: [Conditions] Hackney/2025/0961 — Princess Of Wales, 146 Lea Bridge Road, Hackney, London, E5 
INFO LEAD new: [Conditions] Hackney/2025/0965 — WIMBOURNE COURT Wimbourne Street, Hackney, London, N1 7HB
INFO LEAD new: [Conditions] Hackney/2025/0960 — Princess Of Wales, 146 Lea Bridge Road, Hackney, London, E5 
INFO LEAD new: [Conditions] Hackney/2025/0953 — 22 Dumont Road, Hackney, London, N16 0NS
INFO LEAD new: [Conditions] Hackney/2025/0995 — 13B Sylvester Path, Hackney, London, E8 1EN
INFO LEAD new: [Conditions] Hackney/2025/0936 — Hospice, ST JOSEPHS HOSPICE Mare Street, Hackney, London, E8
INFO LEAD new: [Conditions] Hackney/2025/0931 — Ground To Third Floors, 43 Charlotte Road, Hackney, London, 
INFO LEAD new: [Conditions] Hackney/2025/0918 — Rose Hotel, Ground Floor Rear, 69 Stoke Newington Road, Hack
INFO LEAD new: [Conditions] Hackney/2025/0908 — Flat B, 78 Wilberforce Road, Hackney, London, N4 2SR
INFO LEAD new: [Conditions] Hackney/2025/0912 — Rose Hotel, Ground Floor Rear, 69 Stoke Newington Road, Hack
INFO LEAD new: [Conditions] Hackney/2025/0934 — 121B Church Walk, Hackney
INFO LEAD new: [Conditions] Hackney/2025/0925 — 4 Elderfield Road, Hackney, London, E5 0LG
INFO [hackney/Conditions] page at offset 200: 100 records
INFO LEAD new: [Conditions] Hackney/2025/0893 — 74 Lenthall Road, Hackney, London, E8 3JN
INFO LEAD new: [Conditions] Hackney/2025/0875 — NORTHSIDE STUDIOS, 16 - 29 Andrews Road, Hackney, London, E8
INFO LEAD new: [Conditions] Hackney/2025/0866 — 43 Parkholme Road, Hackney, London, E8 3AG
INFO LEAD new: [Conditions] Hackney/2025/0845 — 13 Stanard Close, Hackney, London, N16 5EH
INFO LEAD new: [Conditions] Hackney/2025/0833 — 51 Linthorpe Road, Hackney, London, N16 5QT
INFO LEAD new: [Conditions] Hackney/2025/0852 — 73 Rivington Street, Hackney, London, EC2A 3AY
INFO LEAD new: [Conditions] Hackney/2025/0788 — 11 Beanacre Close, Hackney, London, E9 5JY
INFO LEAD new: [Conditions] Hackney/2025/0763 — 21 Gateway Mews, Hackney, London, E8 2DF
INFO LEAD new: [Conditions] Hackney/2025/0757 — 140 Tabernacle Street, Hackney, London, EC2A 4SD
INFO LEAD new: [Conditions] Hackney/2025/0747 — 1F Mentmore Terrace, Hackney, London, E8 3DQ
INFO LEAD new: [Conditions] Hackney/2025/0958 — 140 Tabernacle Street, Hackney, London, EC2A 4SD
INFO LEAD new: [Conditions] Hackney/2025/0740 — 91 Forest Road, Hackney, London, E8 3BL
INFO LEAD new: [Conditions] Hackney/2025/0730 — 89 Finsbury Park Road, Hackney, London, N4 2JY
INFO LEAD new: [Conditions] Hackney/2025/0720 — 16 Palatine Avenue, Hackney, London, N16 8XH
INFO LEAD new: [Conditions] Hackney/2025/0718 — 38 Forburg Road, Hackney, London, N16 6HS
INFO LEAD new: [Conditions] Hackney/2025/0664 — Hackney Tap, 354 Mare Street, Hackney, London, E8 1HR
INFO LEAD new: [Conditions] Hackney/2025/0663 — Hackney Tap, 354 Mare Street, Hackney, London, E8 1HR
INFO LEAD new: [Conditions] Hackney/2025/0676 — Hackney Tap, 354 Mare Street, Hackney, London, E8 1HR
INFO LEAD new: [Conditions] Hackney/2025/0657 — 208 Evering Road, Hackney, London, E5 8AJ
INFO LEAD new: [Conditions] Hackney/2025/0649 — 174 Victoria Park Road, Hackney, London, E9 7HD
INFO LEAD new: [Conditions] Hackney/2025/0642 — 208 Evering Road, Hackney, London, E5 8AJ
INFO LEAD new: [Conditions] Hackney/2025/0604 — Natwest, 196 - 198 Stoke Newington High Street, Hackney, Lon
INFO LEAD new: [Conditions] Hackney/2025/0597 — 33 Knightland Road, Hackney, London, E5 9HR
INFO LEAD new: [Conditions] Hackney/2025/0556 — Ground To Third Floors, 43 Charlotte Road, Hackney, London, 
INFO LEAD new: [Conditions] Hackney/2025/0546 — 141 Rushmore Road, London , E5 0HA
INFO LEAD new: [Conditions] Hackney/2025/0549 — 85 Ravensdale Road, Hackney, London, N16 6TH
INFO LEAD new: [Conditions] Hackney/2025/0552 — 25 Valentine Road, Hackney, London, E9 7AD
INFO LEAD new: [Conditions] Hackney/2025/0543 — Abney Park Chapel, Abney Park, Hackney, London, N16 0LH
INFO LEAD new: [Conditions] Hackney/2025/0503 — 28 Stevens Avenue, Hackney, London, E9 6RX
INFO LEAD new: [Conditions] Hackney/2025/0494 — The Nightingale Estate Downs Road, Hackney, E5 8QH
INFO LEAD new: [Conditions] Hackney/2025/0618 — 185-186 Montacute Yards Shoreditch High Street, Hackney, E1 
INFO LEAD new: [Conditions] Hackney/2025/0499 — MONTACUTE YARDS, 185 - 186 Shoreditch High Street, Hackney, 
INFO LEAD new: [Conditions] Hackney/2025/0445 — 17 Kenmure Road, Hackney, London, E8 1JU
INFO LEAD new: [Conditions] Hackney/2025/0447 — 37 Hackney Road, Hackney, London, E2 7NX
INFO LEAD new: [Conditions] Hackney/2025/0427 — 3 Batley Road, Hackney, London, N16 7NP
INFO LEAD new: [Conditions] Hackney/2025/0414 — 76 Hoxton Street, Hackney, London, N1 6LP
INFO LEAD new: [Conditions] Hackney/2025/0399 — Unit 4, Dalston Junction Interchange Dalston Lane, Hackney, 
INFO LEAD new: [Conditions] Hackney/2025/0390 — SEYMOUR COURT Cazenove Road, Hackney, London, N16 6AU
INFO LEAD new: [Conditions] Hackney/2025/0382 — 104 Palatine Road, Hackney, London, N16 8ST
INFO LEAD new: [Conditions] Hackney/2025/0353 — 55 Newick Road, Hackney, London, E5 0RP
INFO LEAD new: [Conditions] Hackney/2025/0366 — Flat A, 8 Colberg Place, Hackney, London, N16 5RB
INFO LEAD new: [Conditions] Hackney/2025/0364 — 45 Oldfield Road, Hackney, London, N16 0RR
INFO LEAD new: [Conditions] Hackney/2025/0342 — Ground To Third Floors, 43 Charlotte Road, Hackney, London, 
INFO LEAD new: [Conditions] Hackney/2025/0311 — 87 - 95 Hertford Road, Hackney, London, N1 5AG
INFO LEAD new: [Conditions] Hackney/2025/0326 — 65-66 Shoreditch High Street, London, E1 6JL
INFO LEAD new: [Conditions] Hackney/2025/0318 — Libanese Grill, St Michaels Church Mark Street, Hackney, Lon
INFO LEAD new: [Conditions] Hackney/2025/0289 — De Beauvoir Place, 1 Tottenham Road, Hackney, London, N1 4EP
INFO LEAD new: [Conditions] Hackney/2025/0277 — 15 Batley Road, Hackney, London, N16 7NP
INFO LEAD new: [Conditions] Hackney/2025/0276 — Flat 1, 9 Sanford Terrace, Hackney, London, N16 7LH
INFO LEAD new: [Conditions] Hackney/2025/0284 — Here East Lesney Avenue, London, E15 2GW
INFO LEAD new: [Conditions] Hackney/2025/0265 — Flat 1, 9 Sanford Terrace, Hackney, London, N16 7LH
INFO LEAD new: [Conditions] Hackney/2025/0262 — 45 Oldfield Road, Hackney, London, N16 0RR
INFO LEAD new: [Conditions] Hackney/2025/0246 — 69 Digby Crescent, Hackney, London, N4 2HS
INFO LEAD new: [Conditions] Hackney/2025/0325 — 17 Clissold Road, Hackney, London, N16 9EX
INFO LEAD new: [Conditions] Hackney/2025/0239 — Flat A, 24 Bethune Road, Hackney, London, N16 5BD
INFO LEAD new: [Conditions] Hackney/2025/0221 — Ground Floor Flat, 56 Cleveleys Road, Hackney, London, E5 9J
INFO LEAD new: [Conditions] Hackney/2025/0222 — 42 Graham Road, Hackney, London, E8 1BZ
INFO LEAD new: [Conditions] Hackney/2025/0226 — Unit 1, BRIDGE MEWS, 122 Dalston Lane, Hackney, London, E8 1
INFO LEAD new: [Conditions] Hackney/2025/0208 — Bus Shelter, Pavement Outside 126 Lauriston Road , London, E
INFO LEAD new: [Conditions] Hackney/2025/0199 — The Hyelm Group, Hyelm Group Office, 43 - 51 New North Road,
INFO LEAD new: [Conditions] Hackney/2025/0192 — 85 Evering Road, Hackney, London, N16 7SJ
INFO LEAD new: [Conditions] Hackney/2025/0193 — 5 Leadale Road, Hackney, London, N16 6BZ
INFO LEAD new: [Conditions] Hackney/2025/0182 — 51 Digby Crescent, Hackney, London, N4 2HS
INFO LEAD new: [Conditions] Hackney/2025/0155 — 128 Stoke Newington Road, Hackney, London, N16 7XA
INFO LEAD new: [Conditions] Hackney/2025/0162 — 33 Cassland Road, Hackney, London, E9 7AL
INFO LEAD new: [Conditions] Hackney/2025/0141 — Production House Unit 18 Part Third Floor, PERSEVERANCE WORK
INFO LEAD new: [Conditions] Hackney/2025/0134 — Metropolitian Police, STOKE NEWINGTON POLICE STATION, 33 Sto
INFO LEAD new: [Conditions] Hackney/2025/0136 — 53 Ufton Road, Hackney, London, N1 4HE
INFO LEAD new: [Conditions] Hackney/2025/0126 — 23 Warneford Street, Hackney, London, E9 7NG
INFO LEAD new: [Conditions] Hackney/2025/0127 — 47 West Bank, Hackney, London, N16 5DF
INFO LEAD new: [Conditions] Hackney/2025/0123 — 164 Elderfield Road, Hackney, London, E5 0AZ
INFO LEAD new: [Conditions] Hackney/2025/0095 — 63 Median Road, Hackney, London, E5 0PJ
INFO LEAD new: [Conditions] Hackney/2025/0088 — Bishopsgate Goods Yard, 40 Shoreditch High Street, Hackney, 
INFO LEAD new: [Conditions] Hackney/2025/0072 — SYNAGOGUE, 69 Lordship Road, Hackney, London, N16 0QX
INFO LEAD new: [Conditions] Hackney/2025/0069 — 29 Ravensdale Road, Hackney, London, N16 6TJ
INFO LEAD new: [Conditions] Hackney/2025/0067 — 8 Bohemia Place, Hackney, London, E8 1DU
INFO LEAD new: [Conditions] Hackney/2025/0059 — 83 Queen Elizabeths Walk, Hackney, London, N16 5UG
INFO LEAD new: [Conditions] Hackney/2025/0012 — 41 Ardleigh Road, Hackney, London, N1 4HS
INFO LEAD new: [Conditions] Hackney/2025/0014 — 72 Roding Road, Hackney, London, E5 0DW
INFO LEAD new: [Conditions] Hackney/2024/2836 — 2-4 Hoxton Square Lux Building, London, N1 6PA
INFO LEAD new: [Conditions] Hackney/2024/2844 — 72 Roding Road, Hackney, London, E5 0DW
INFO LEAD new: [Conditions] Hackney/2024/2817 — Site known as Phases 5-8 (inclusive) at Woodberry Down withi
INFO LEAD new: [Conditions] Hackney/2024/2847 — 58 Wilberforce Road, Hackney, London, N4 2SR
INFO LEAD new: [Conditions] Hackney/2024/2822 — 52 Defoe Road, Hackney, London, N16 0EH
INFO LEAD new: [Conditions] Hackney/2024/2827 — 71 Rivington Street, Hackney, London, EC2A 3AY
INFO LEAD new: [Conditions] Hackney/2024/2812 — 131 Middleton Road, Hackney, London, E8 4LL
INFO LEAD new: [Conditions] Hackney/2024/2800 — 21 Harcombe Road, Hackney, London, N16 0RX
INFO LEAD new: [Conditions] Hackney/2024/2802 — 46 Allerton Road, Hackney, London, N16 5UF
INFO LEAD new: [Conditions] Hackney/2024/2793 — Flat A, 33 Alexandra Grove, Hackney, London, N4 2LQ
INFO LEAD new: [Conditions] Hackney/2024/2767 — Flat B, 55 Malvern Road, Hackney, London, E8 3LJ
INFO LEAD new: [Conditions] Hackney/2024/2760 — 105 Culford Road, Hackney, London, N1 4HL
INFO LEAD new: [Conditions] Hackney/2024/2746 — 58 Linthorpe Road, Hackney, London, N16 5RF
INFO LEAD new: [Conditions] Hackney/2024/2735 — Flat A, 8 Colberg Place, Hackney, London, N16 5RB
INFO LEAD new: [Conditions] Hackney/2024/2712 — 345A Victoria Park Road, Hackney, London, E9 5DX
INFO LEAD new: [Conditions] Hackney/2024/2723 — 48 Trehurst Street, Hackney, London, E5 0EB
INFO LEAD new: [Conditions] Hackney/2024/2707 — 34 Burma Road, Hackney, London, N16 9BJ
INFO LEAD new: [Conditions] Hackney/2024/2681 — Anglo Spice Grill, 60 - 62 Stoke Newington Church Street, Ha
INFO LEAD new: [Conditions] Hackney/2024/2852 — 60 Stoke Newington Church Street, Hackney, London, N16 0NB
INFO LEAD new: [Conditions] Hackney/2024/2683 — Ground Floor Flat, 8 Ayrsome Road, Hackney, London, N16 0RD
INFO LEAD new: [Conditions] Hackney/2024/2678 — 51 Linthorpe Road, Hackney, London, N16 5QT
INFO [hackney/Conditions] page at offset 300: 100 records
INFO LEAD new: [Conditions] Hackney/2024/2780 — LIPPA COURT, 29 Reizel Close, Hackney, London, N16 5GZ
INFO LEAD new: [Conditions] Hackney/2024/2664 — 15 Cranwich Road, Hackney, London, N16 5HZ
INFO LEAD new: [Conditions] Hackney/2024/2657 — Cremer Corner Newsagents, 4 Cremer Street, Hackney, London, 
INFO LEAD new: [Conditions] Hackney/2024/2649 — Flat A, 36 Dumont Road, Hackney, London, N16 0NS
INFO LEAD new: [Conditions] Hackney/2024/2636 — 137 Wilberforce Road, Hackney, London, N4 2SX
INFO LEAD new: [Conditions] Hackney/2024/2641 — Teddy Bear School House Nursery, 51 Mayola Road, Hackney, Lo
INFO LEAD new: [Conditions] Hackney/2024/2626 — 30 Moundfield Road, Hackney, London, N16 6DT
INFO LEAD new: [Conditions] Hackney/2024/2606 — Flat A, 123 Shakspeare Walk, Hackney, London, N16 8TB
INFO LEAD new: [Conditions] Hackney/2024/2602 — 74 Lenthall Road, Hackney, London, E8 3JN
INFO LEAD new: [Conditions] Hackney/2024/2544 — BENABO COURT Ferncliff Road, Hackney, London, E8 2JL
INFO LEAD new: [Conditions] Hackney/2024/2543 — 94A Lordship Park, Hackney, London, N16 5UA
INFO LEAD new: [Conditions] Hackney/2024/2518 — 3 Dynevor Road, Hackney, London, N16 0DL
INFO LEAD new: [Conditions] Hackney/2024/2511 — 82 Sandbrook Road, Hackney, London, N16 0SP
INFO LEAD new: [Conditions] Hackney/2024/2505 — 118 Nevill Road, Hackney, London, N16 0SX
INFO LEAD new: [Conditions] Hackney/2024/2541 — 118 Nevill Road, Hackney, London, N16 0SX
INFO LEAD new: [Conditions] Hackney/2024/2510 — 21 Speldhurst Road, Hackney, London, E9 7EH
INFO LEAD new: [Conditions] Hackney/2024/2489 — 45 Oriel Road, Hackney, London, E9 5SG
INFO LEAD new: [Conditions] Hackney/2024/2469 — 7 Northfield Road, Hackney, London, N16 5RL
INFO LEAD new: [Conditions] Hackney/2024/2481 — 58 Colvestone Crescent, Hackney, London, E8 2LH
INFO LEAD new: [Conditions] Hackney/2024/2445 — Basement And Ground Floor, 26 Stoke Newington Road, Hackney,
INFO LEAD new: [Conditions] Hackney/2024/2455 — 52 Mayola Road, Hackney, London, E5 0RQ
INFO LEAD new: [Conditions] Hackney/2024/2438 — LEASIDE YOUNG MARINERS YOUTH CENTRE, 34 Spring Lane, Hackney
INFO LEAD new: [Conditions] Hackney/2024/2414 — Flat C, 135 Middleton Road, Hackney, London, E8 4LL
INFO LEAD new: [Conditions] Hackney/2024/2412 — 67 Rectory Road, Hackney, London, N16 7PP
INFO LEAD new: [Conditions] Hackney/2024/2399 — 258 Haggerston Road, Hackney, London, E8 4EP
INFO LEAD new: [Conditions] Hackney/2024/2393 — 96 Blurton Road, Hackney, London, E5 0NH
INFO LEAD new: [Conditions] Hackney/2024/2385 — 11 Buckingham Road, Hackney, London, N1 4DG
INFO LEAD new: [Conditions] Hackney/2024/2375 — 28 Northwold Road, Hackney, London, N16 7EH
INFO LEAD new: [Conditions] Hackney/2024/2374 — Flat 41, BURTONWOOD HOUSE Woodberry Down Estate, Hackney, Lo
INFO LEAD new: [Conditions] Hackney/2024/2367 — Woodberry Down - Phase 3 Site Seven Sisters Road , London, N
INFO LEAD new: [Conditions] Hackney/2024/2337 — 125 Rushmore Road, Hackney, London, E5 0HA
INFO LEAD new: [Conditions] Hackney/2024/2293 — 100 Buckingham Road, Hackney, London, N1 4JE
INFO LEAD new: [Conditions] Hackney/2024/2307 — 73 Mortimer Road, Hackney, London, N1 5AR
INFO LEAD new: [Conditions] Hackney/2024/2287 — Kings Hall Leisure Centre, 39 Lower Clapton Road, Hackney, L
INFO LEAD new: [Conditions] Hackney/2024/2272 — 35 Lockhurst Street, Hackney, London, E5 0AP
INFO LEAD new: [Conditions] Hackney/2024/2297 — 359 Victoria Park Road, Hackney, London, E9 5DX
INFO LEAD new: [Conditions] Hackney/2024/2286 — Kings Hall Leisure Centre, 39 Lower Clapton Road, Hackney, L
INFO LEAD new: [Conditions] Hackney/2024/2288 — Flat B, 220 Dalston Lane, Hackney, London, E8 1LA
INFO LEAD new: [Conditions] Hackney/2024/2289 — Flat B, 220 Dalston Lane, Hackney, London, E8 1LA
INFO LEAD new: [Conditions] Hackney/2024/2255 — Glory Phone, 377 Mare Street, Hackney, London, E8 1HY
INFO LEAD new: [Conditions] Hackney/2024/2231 — 76 Tolsford Road, Hackney, London, E5 8HJ
INFO LEAD new: [Conditions] Hackney/2024/2267 — 16 St Johns Church Road, Hackney, London, E9 6EJ
INFO LEAD new: [Conditions] Hackney/2024/2279 — 45 - 55 Great Eastern Street, Hackney, London, EC2A 3ER
INFO LEAD new: [Conditions] Hackney/2024/2247 — Kings Crescent Estate Queens Drive, Hackney, London, N4 2SY
INFO LEAD new: [Conditions] Hackney/2024/2223 — 20 Bergholt Crescent, Hackney, London, N16 5JE
INFO LEAD new: [Conditions] Hackney/2024/2222 — KINGS CRESCENT ESTATE Queens Drive, Hackney, London, N4 2SY
INFO LEAD new: [Conditions] Hackney/2024/2203 — 14 To 40 Newnton Close, 456 To 484 Seven Sisters Road, Hackn
INFO LEAD new: [Conditions] Hackney/2024/2197 — 92 Castlewood Road, Hackney, London, N16 6DH
INFO LEAD new: [Conditions] Hackney/2024/2195 — Land At Wilmer Place , London , N16 0BJ
INFO LEAD new: [Conditions] Hackney/2024/2178 — 9 Rookwood Road, Hackney, London, N16 6SP
INFO LEAD new: [Conditions] Hackney/2024/2174 — 10 Marlborough Avenue, Hackney, London, E8 4JP
INFO LEAD new: [Conditions] Hackney/2024/2160 — 65 Lavender Grove, Hackney, London, E8 3LR
INFO LEAD new: [Conditions] Hackney/2024/2148 — 50 Holly Street, Hackney, London, E8 3HS
INFO LEAD new: [Conditions] Hackney/2024/2135 — Flat A, 67 Evering Road, Hackney, London, N16 7PR
INFO LEAD new: [Conditions] Hackney/2024/2147 — Minstrel House, 2 Chapel Place, Hackney, London, EC2A 3DQ
INFO LEAD new: [Conditions] Hackney/2024/2138 — Flat A, 55 Princess May Road, Hackney, London, N16 8DF
INFO LEAD new: [Conditions] Hackney/2024/2152 — BISHOPSGATE GOODS YARD, 40 Shoreditch High Street, Hackney, 
INFO LEAD new: [Conditions] Hackney/2024/2146 — 56 Alkham Road, Hackney, London, N16 6XF
INFO LEAD new: [Conditions] Hackney/2024/2102 — 101 Forburg Road, Hackney, London, N16 6HR
INFO LEAD new: [Conditions] Hackney/2024/2095 — 15 Montague Road, Hackney, London, E8 2HN
INFO LEAD new: [Conditions] Hackney/2024/2090 — 4 Olinda Road, Hackney, London, N16 6TL
INFO LEAD new: [Conditions] Hackney/2024/2073 — 30 Durlston Road, Hackney, London, E5 8RR
INFO LEAD new: [Conditions] Hackney/2024/2050 — 420-424 Seven Sisters Road, Hackney, London, N4 2LX
INFO LEAD new: [Conditions] Hackney/2024/2055 — 109 Stoke Newington Church Street, Hackney, London, N16 0UD
INFO LEAD new: [Conditions] Hackney/2024/2037 — 23 Cassland Road, Hackney, London, E9 7AL
INFO LEAD new: [Conditions] Hackney/2024/2000 — 79 Ravensdale Road, Hackney, London, N16 6TH
INFO LEAD new: [Conditions] Hackney/2024/1947 — 596 - 598 Kingsland Road, Hackney, London, E8 4AH
INFO LEAD new: [Conditions] Hackney/2024/1940 — 39 Riverside Close, Hackney, London, E5 9SP
INFO LEAD new: [Conditions] Hackney/2024/1918 — 9 Clapton Common, Hackney, London, E5 9AA
INFO LEAD new: [Conditions] Hackney/2024/1887 — The Bard , London , EC2A 3NG
INFO LEAD new: [Conditions] Hackney/2024/1875 — 27 Cassland Road, Hackney, London, E9 7AL
INFO LEAD new: [Conditions] Hackney/2024/1869 — 10 - 22 Lamb Lane, Hackney, London, E8 3PL
INFO LEAD new: [Conditions] Hackney/2024/1864 — Flat 1, 42 Wilton Way, Hackney, London, E8 1BG
INFO LEAD new: [Conditions] Hackney/2024/1858 — 23 Alvington Crescent, Hackney, London, E8 2NN
INFO LEAD new: [Conditions] Hackney/2024/1859 — 84-88 Great Eastern Street, Hackney, London, EC2A 3JL
INFO LEAD new: [Conditions] Hackney/2024/1905 — 10 Edwins Mead, Hackney, London, E9 5PY
INFO LEAD new: [Conditions] Hackney/2024/1853 — The Hewett , London, EC2A 3NP
INFO LEAD new: [Conditions] Hackney/2024/1820 — 5 Osbaldeston Road, Hackney, London, N16 7DJ
INFO LEAD new: [Conditions] Hackney/2024/1815 — 39 Cazenove Road, Hackney, London, N16 6PA
INFO LEAD new: [Conditions] Hackney/2024/1794 — 249 Glyn Road, Hackney, London, E5 0JP
INFO LEAD new: [Conditions] Hackney/2024/1791 — 247 Glyn Road, Hackney, London, E5 0JP
INFO LEAD new: [Conditions] Hackney/2024/1779 — 63 Lauriston Road, Hackney, London, E9 7HA
INFO LEAD new: [Conditions] Hackney/2024/1784 — 4 Olinda Road, Hackney, London, N16 6TL
INFO LEAD new: [Conditions] Hackney/2024/1780 — 54 Belgrade Road, Hackney, London, N16 8DJ
INFO LEAD new: [Conditions] Hackney/2024/1771 — Site At 19 Great Eastern Street And 9 Hewett Street, Hackney
INFO LEAD new: [Conditions] Hackney/2024/1773 — 116 Forest Road, Hackney, London, E8 3BH
INFO LEAD new: [Conditions] Hackney/2024/1755 — 5 Groombridge Road, Hackney, London, E9 7DP
INFO LEAD new: [Conditions] Hackney/2024/1752 — CHURCH OF THE GOOD SHEPHERD Rookwood Road, Hackney, London, 
INFO LEAD new: [Conditions] Hackney/2024/1733 — 115 Elderfield Road, Hackney, London, E5 0LE
INFO LEAD new: [Conditions] Hackney/2024/1704 — Basement And Ground Floor Flat, 209 Richmond Road, Hackney, 
INFO LEAD new: [Conditions] Hackney/2024/1705 — 125 Olinda Road, Hackney, London, N16 6TS
INFO LEAD new: [Conditions] Hackney/2024/1702 — MHCOP COMMUNITY SERVICES The Mothers Square, Hackney, London
INFO LEAD new: [Conditions] Hackney/2024/1684 — Flat A, 22 Durley Road, Hackney, London, N16 5JS
INFO LEAD new: [Conditions] Hackney/2024/1708 — 7 The Mothers Square, Hackney, London, E5 8TT
INFO LEAD new: [Conditions] Hackney/2024/1709 — 1 The Mothers Square, Hackney, London, E5 8TT
INFO LEAD new: [Conditions] Hackney/2024/1710 — 71-76 The Mothers Square, Hackney, London, E5 8TT
INFO LEAD new: [Conditions] Hackney/2024/1713 — 47 Durlston Road, Hackney, London, E5 8RP
INFO LEAD new: [Conditions] Hackney/2024/1685 — 30 Chailey Street, Hackney, London, E5 0RX
INFO LEAD new: [Conditions] Hackney/2024/1668 — Tramontana Brindisa, 152 Curtain Road, Hackney, London, EC2A
INFO LEAD new: [Conditions] Hackney/2024/1689 — 54 Lavender Grove, Hackney, London, E8 3LS
INFO [hackney/Conditions] page at offset 400: 100 records
INFO LEAD new: [Conditions] Hackney/2024/1677 — 65A Alvington Crescent, Hackney, London, E8 2NN
INFO LEAD new: [Conditions] Hackney/2024/1655 — Ground Floor Front Units 1 And 2, 19 - 19A Goulton Road, Hac
INFO LEAD new: [Conditions] Hackney/2024/1630 — 121a De Beauvoir Road, Hackney, London, N1 4DL
INFO LEAD new: [Conditions] Hackney/2024/1651 — 6, HALLEYS MEWS, 2B Anton Street, Hackney, London, E8 2AD
INFO LEAD new: [Conditions] Hackney/2024/1628 — 1-2 Bridge Gardens, Hackney, London, N16 9GN
INFO LEAD new: [Conditions] Hackney/2024/1629 — 76 Buckingham Road, Hackney, London, N1 4JA
INFO LEAD new: [Conditions] Hackney/2024/1624 — 59 Celandine Drive, Hackney, London, E8 3XF
INFO LEAD new: [Conditions] Hackney/2024/1636 — MEDCAR HOUSE, 149A Stamford Hill, Hackney, London, N16 5LL
INFO LEAD new: [Conditions] Hackney/2024/1646 — 116 Mapledene Road, Hackney, London, E8 3LL
INFO LEAD new: [Conditions] Hackney/2024/1609 — 71 Bayston Road, Hackney, London, N16 7NB
INFO LEAD new: [Conditions] Hackney/2024/1613 — 52 Milton Grove, Hackney, London, N16 8QY
INFO LEAD new: [Conditions] Hackney/2024/1607 — 85 Forburg Road, Hackney, London, N16 6HR
INFO LEAD new: [Conditions] Hackney/2024/1626 — 9 Chatsworth Road, Hackney, London, E5 0LH
INFO LEAD new: [Conditions] Hackney/2024/1576 — 169 Victorian Grove, Hackney, London, N16 8EH
INFO LEAD new: [Conditions] Hackney/2024/1579 — 51 Mayola Road, London, E5 0RE
INFO LEAD new: [Conditions] Hackney/2024/1539 — 12 Reighton Road, Hackney, E5 8SG
INFO LEAD new: [Conditions] Hackney/2024/1521 — 89 Millfields Road, Hackney, London, E5 0AB
INFO LEAD new: [Conditions] Hackney/2024/1528 — Flat C, 53 Nevill Road, Hackney, London, N16 8SW
INFO LEAD new: [Conditions] Hackney/2024/1523 — 77 Blurton Road, Hackney, London, E5 0NH
INFO LEAD new: [Conditions] Hackney/2024/1518 — 4 Osterley Road, Hackney, London, N16 8SN
INFO LEAD new: [Conditions] Hackney/2024/1494 — 1b, HAVEN EAST, 146 Dalston Lane, Hackney, London, E8 1NL
INFO LEAD new: [Conditions] Hackney/2024/1490 — Harvest House Leaside Road, Hackney, London, E5 9LU
INFO LEAD new: [Conditions] Hackney/2024/1488 — 38 Andrews Road, Hackney, London, E8 4RL
INFO LEAD new: [Conditions] Hackney/2024/1473 — 70 Powerscroft Road, Hackney, London, E5 0PP
INFO LEAD new: [Conditions] Hackney/2024/1460 — 9 Heyworth Road, Hackney, London, E5 8DR
INFO LEAD new: [Conditions] Hackney/2024/1465 — 350 Craven Park Road, Hackney, London, N15 6AN
INFO LEAD new: [Conditions] Hackney/2024/1452 — 33 Stamford Road, Hackney, London, N1 4JP
INFO LEAD new: [Conditions] Hackney/2024/1436 — ELECTRIC SUB STATION Old Street, Hackney
INFO LEAD new: [Conditions] Hackney/2024/1422 — Second Floor Flat, 58 Manor Road, Hackney, London, N16 5BN
INFO LEAD new: [Conditions] Hackney/2024/1429 — 10 Martello Street, Hackney, London, E8 3PE
INFO LEAD new: [Conditions] Hackney/2024/1400 — 1-7 & 9-15 Clissold Road, London, N16 9EX
INFO LEAD new: [Conditions] Hackney/2024/1464 — 1-7 & 9-15 Clissold Road, Hackney, London, N16 9EX
INFO LEAD new: [Conditions] Hackney/2024/1401 — 78 Dumont Road, Hackney, London, N16 0NJ
INFO LEAD new: [Conditions] Hackney/2024/1394 — Haggerston Secondary School Weymouth Terrace, Hackney, Londo
INFO LEAD new: [Conditions] Hackney/2024/1395 — Haggerston Secondary School Weymouth Terrace, Hackney, Londo
INFO LEAD new: [Conditions] Hackney/2024/1383 — Flat A, 37 Alexandra Grove, Hackney, London, N4 2LQ
INFO LEAD new: [Conditions] Hackney/2024/1337 — 100 Mortimer Road, Hackney, London, N1 4LA
INFO LEAD new: [Conditions] Hackney/2024/1303 — 10-32 Woodberry Down , London, N4 2TS
INFO LEAD new: [Conditions] Hackney/2024/1297 — 12c Newnton Close, Hackney, London, N4 2RQ
INFO LEAD new: [Conditions] Hackney/2024/1334 — Costcutter, 43 - 45 Broadway Market, Hackney, London, E8 4PH
INFO LEAD new: [Conditions] Hackney/2024/1272 — 85 Mortimer Road, Hackney, London, N1 5AR
INFO LEAD new: [Conditions] Hackney/2024/1328 — Costcutter, 43 - 45 Broadway Market, Hackney, London, E8 4PH
INFO LEAD new: [Conditions] Hackney/2024/1292 — 22 Elderfield Road, Hackney, London, E5 0LG
INFO LEAD new: [Conditions] Hackney/2024/1270 — Flat Ground Floor, 110 Green Lanes, Hackney, London, N16 9EH
INFO LEAD new: [Conditions] Hackney/2024/1254 — 30 Finsbury Park Road, Hackney, London, N4 2JX
INFO LEAD new: [Conditions] Hackney/2024/1226 — 79 Kynaston Road, Hackney, London, N16 0EB
INFO LEAD new: [Conditions] Hackney/2024/1227 — 42 Dunlace Road, Hackney, London, E5 0NE
INFO LEAD new: [Conditions] Hackney/2024/1232 — 63 Craven Walk, Hackney, London, N16 6BX
INFO LEAD new: [Conditions] Hackney/2024/1239 — 151 Balls Pond Road, Hackney, London, N1 4BG
INFO LEAD new: [Conditions] Hackney/2024/1238 — 18 Lavers Road, Hackney, London, N16 0DT
INFO LEAD new: [Conditions] Hackney/2024/1247 — Woodberry Grove And Kayani Avenue Woodberry Down , London, N
INFO LEAD new: [Conditions] Hackney/2024/1246 — 10-32 Woodberry Down , London, N4 2TS
INFO LEAD new: [Conditions] Hackney/2024/1228 — Communal Areas, 8 Woodberry Down, Hackney, London, N4 2TG
INFO LEAD new: [Conditions] Hackney/2024/1208 — 65 Lampard Grove, Hackney, London, N16 6XA
INFO LEAD new: [Conditions] Hackney/2024/1242 — Communal Areas, 8 Woodberry Down, Hackney, London, N4 2TG
INFO LEAD new: [Conditions] Hackney/2024/1197 — Unit J, 72 - 74 Albion Drive, Hackney, London, E8 4LY
INFO LEAD new: [Conditions] Hackney/2024/1192 — Flat B, 88 Milton Grove, Hackney, London, N16 8QY
INFO LEAD new: [Conditions] Hackney/2024/1191 — Ground Floor Flat, 73 Palatine Road, Hackney, London, N16 8S
INFO LEAD new: [Conditions] Hackney/2024/1209 — 2 Cranwich Road, Hackney, London, N16 5JX
INFO LEAD new: [Conditions] Hackney/2024/1195 — 7 Spring Hill, Hackney, London, E5 9BE
INFO LEAD new: [Conditions] Hackney/2024/1189 — 7 Spring Hill, Hackney, London, E5 9BE
INFO LEAD new: [Conditions] Hackney/2024/1190 — 16 Fleetwood Street, Hackney, London, N16 0ND
INFO LEAD new: [Conditions] Hackney/2024/1168 — Haggerston Secondary School Weymouth Terrace, Hackney, Londo
INFO LEAD new: [Conditions] Hackney/2024/1164 — 78 Glyn Road, Hackney, London, E5 0JD
INFO LEAD new: [Conditions] Hackney/2024/1149 — 47 Trehurst Street, Hackney, London, E5 0EB
INFO LEAD new: [Conditions] Hackney/2024/1150 — 6 Reedholm Villas, Hackney, London, N16 9LP
INFO LEAD new: [Conditions] Hackney/2024/1127 — The Nightingale Estate, London, E5 8QH
INFO LEAD new: [Conditions] Hackney/2024/1125 — Flat A, 34 Bodney Road, Hackney, London, E8 1AY
INFO LEAD new: [Conditions] Hackney/2024/1119 — 22 Thornby Road, Hackney, London, E5 9QL
INFO LEAD new: [Conditions] Hackney/2024/1108 — 12 Forburg Road, Hackney, London, N16 6HS
INFO LEAD new: [Conditions] Hackney/2024/1111 — Yad Voezer Day Centre, 9a Amhurst Park, Hackney, London, N16
INFO LEAD new: [Conditions] Hackney/2024/1106 — Flat B, 83 Albion Drive, Hackney, London, E8 4LT
INFO LEAD new: [Conditions] Hackney/2024/1101 — 15 Mildenhall Road, Hackney, London, E5 0RT
INFO LEAD new: [Conditions] Hackney/2024/1091 — 477 Kingsland Road, Hackney, London, E8 4AU
INFO LEAD new: [Conditions] Hackney/2024/1098 — 4 Meynell Crescent, Hackney, London, E9 7AS
INFO LEAD new: [Conditions] Hackney/2024/1070 — Shuttleworth Hotel, 23 - 25 Well Street, Hackney, London, E9
INFO LEAD new: [Conditions] Hackney/2024/1069 — Franks House, 38 - 56 Orsman Road, Hackney, London, N1 5QJ
INFO LEAD new: [Conditions] Hackney/2024/1053 — Flat C, 34 Manor Road, Hackney, London, N16 5BG
INFO LEAD new: [Conditions] Hackney/2024/1050 — Basement And Ground Floor, 169 Mare Street, Hackney, London,
INFO LEAD new: [Conditions] Hackney/2024/1036 — Flat A, 50 Forburg Road, Hackney, London, N16 6HS
INFO LEAD new: [Conditions] Hackney/2024/1040 — Flat B, 30 Lavender Grove, Hackney, London, E8 3LU
INFO LEAD new: [Conditions] Hackney/2024/1033 — 110 Dalston Lane, Hackney, London, E8 1NG
INFO LEAD new: [Conditions] Hackney/2024/1044 — Montefiore Court, 69 Stamford Hill, Hackney, London, N16 5TY
INFO LEAD new: [Conditions] Hackney/2024/1021 — 38 Mildenhall Road, Hackney, London, E5 0RU
INFO LEAD new: [Conditions] Hackney/2024/1011 — Flat 1, 57 - 59 Navarino Road, Hackney, London, E8 1AG
INFO LEAD new: [Conditions] Hackney/2024/1013 — 89 Mapledene Road, Hackney, London, E8 3LL
INFO LEAD new: [Conditions] Hackney/2024/1007 — Flat A, 3 Thistlewaite Road, Hackney, London, E5 0QG
INFO LEAD new: [Conditions] Hackney/2024/1009 — 1a Sewdley Street, Hackney, London, E5 0AX
INFO LEAD new: [Conditions] Hackney/2024/0994 — 4 Elderfield Road, Hackney, London, E5 0LG
INFO LEAD new: [Conditions] Hackney/2024/1003 — 29 Downham Road, Hackney, London, N1 5AA
INFO LEAD new: [Conditions] Hackney/2024/1000 — 23 London Lane, Hackney, London, E8 3PR
INFO LEAD new: [Conditions] Hackney/2024/0978 — Ethiopian Orthodox Church Of St Mary Zion, 229 Lower Clapton
INFO LEAD new: [Conditions] Hackney/2024/0983 — 234 - 238 Mare Street, Hackney, London, E8 1HE
INFO LEAD new: [Conditions] Hackney/2024/0973 — 84 Palatine Road, Hackney, London, N16 8ST
INFO LEAD new: [Conditions] Hackney/2024/0962 — 78 Pellerin Road, Hackney, London, N16 8AT
INFO LEAD new: [Conditions] Hackney/2024/0968 — 3, Whatcotts Yard Palatine Road, Hackney, London, N16 8ST
INFO LEAD new: [Conditions] Hackney/2024/0943 — House Excluding Basement, 11 Mildenhall Road, Hackney, Londo
INFO LEAD new: [Conditions] Hackney/2024/0945 — Flat A, 58 Walford Road, Hackney, London, N16 8ED
INFO LEAD new: [Conditions] Hackney/2024/0950 — 46 Bushberry Road, Hackney, London, E9 5SX
INFO LEAD new: [Conditions] Hackney/2024/0928 — Flat 2, 147 Queens Drive, Hackney, London, N4 2BB
INFO [hackney/Conditions] page at offset 500: 100 records
INFO LEAD new: [Conditions] Hackney/2024/0927 — 59 Walford Road, Hackney, London, N16 8EF
INFO LEAD new: [Conditions] Hackney/2024/0918 — Ancillary Building To North, The Castle Climbing Centre Gree
INFO LEAD new: [Conditions] Hackney/2024/0909 — Hackney Council For Voluntary Service, Ground And First Floo
INFO LEAD new: [Conditions] Hackney/2024/0917 — Ancillary Building To North, The Castle Climbing Centre Gree
INFO LEAD new: [Conditions] Hackney/2024/0923 — 36 Northchurch Road, Hackney, London, N1 4EJ
INFO LEAD new: [Conditions] Hackney/2024/0900 — A And G Metal Works, Ground Floor Rear Of 11 Powell Road, Ha
INFO LEAD new: [Conditions] Hackney/2024/0885 — 2 Triangle Road, Hackney, London, E8 3RP
INFO LEAD new: [Conditions] Hackney/2024/0860 — 99 Mayola Road, Hackney, London, E5 0RF
INFO LEAD new: [Conditions] Hackney/2024/0869 — 23 Hackney Grove, Hackney, London, E8 3NR
INFO LEAD new: [Conditions] Hackney/2024/0856 — Rear Of 2 To 28 Belfast Road, Hackney, London, N16 6UH
INFO LEAD new: [Conditions] Hackney/2024/0844 — 49 Leadale Road, Hackney, London, N16 6DG
INFO LEAD new: [Conditions] Hackney/2024/0850 — 2 Glaserton Road, Hackney, London, N16 5QX
INFO LEAD new: [Conditions] Hackney/2024/0839 — 9 Clapton Common, Hackney, London, E5 9AA
INFO LEAD new: [Conditions] Hackney/2024/0829 — 357 Victoria Park Road, Hackney, London, E9 5DX
INFO LEAD new: [Conditions] Hackney/2024/0823 — Flat A, 33 Queen Anne Road, Hackney, London, E9 7AH
INFO LEAD new: [Conditions] Hackney/2024/0822 — 13 - 21 Curtain Road, Hackney, London, EC2A 3LT
INFO LEAD new: [Conditions] Hackney/2024/0819 — 37 Albion Drive, Hackney, London, E8 4LT
INFO LEAD new: [Conditions] Hackney/2024/0812 — 38 Andrews Road, Hackney, London, E8 4RL
INFO LEAD new: [Conditions] Hackney/2024/0817 — Flat A, 13 Darville Road, Hackney, London, N16 7PT
INFO LEAD new: [Conditions] Hackney/2024/0808 — 82 Adley Street, Hackney, London, E5 0DZ
INFO LEAD new: [Conditions] Hackney/2024/0804 — Flat A, 20 Roding Road, Hackney, London, E5 0DW
INFO LEAD new: [Conditions] Hackney/2024/0816 — Ground Floor South, 40 Clifton Street, Hackney, London, EC2A
INFO LEAD new: [Conditions] Hackney/2024/0793 — 126 Blurton Road, Hackney, London, E5 0NH
INFO LEAD new: [Conditions] Hackney/2024/0801 — 76 Mortimer Road, Hackney, London, N1 5AP
INFO LEAD new: [Conditions] Hackney/2024/0796 — First Floor Flat, 30 Alconbury Road, Hackney, London, E5 8RH
INFO LEAD new: [Conditions] Hackney/2024/0790 — 123 Hassett Road, Hackney, London, E9 5SL
INFO LEAD new: [Conditions] Hackney/2024/0798 — Foxtons, 28 - 30 Stoke Newington Church Street, Hackney, Lon
INFO LEAD new: [Conditions] Hackney/2024/0758 — Lower Clapton General Practice, The Portico, 34 Linscott Roa
INFO LEAD new: [Conditions] Hackney/2024/0743 — 51 Lawford Road, Hackney, London, N1 5BJ
INFO LEAD new: [Conditions] Hackney/2024/0756 — 74 Osbaldeston Road, Hackney, London, N16 7DR
INFO LEAD new: [Conditions] Hackney/2024/0740 — First Floor Flat, 53 Evering Road, Hackney, London, N16 7PU
INFO LEAD new: [Conditions] Hackney/2024/0748 — Flat A, 21 Queensdown Road, Hackney, London, E5 8NN
INFO LEAD new: [Conditions] Hackney/2024/0729 — 20 Amhurst Road, Hackney, London, E8 1JW
INFO LEAD new: [Conditions] Hackney/2024/0726 — 21 Ashenden Road, Hackney, London, E5 0DP
INFO LEAD new: [Conditions] Hackney/2024/0725 — 27 Moresby Road, Hackney, London, E5 9LE
INFO LEAD new: [Conditions] Hackney/2024/0720 — 93 Chatsworth Road, Hackney, London, E5 0LH
INFO LEAD new: [Conditions] Hackney/2024/0707 — 76 Milton Grove, Hackney, London, N16 8QY
INFO LEAD new: [Conditions] Hackney/2024/0694 — 44 Sydner Road, Hackney, London, N16 7UG
INFO LEAD new: [Conditions] Hackney/2024/0708 — 13 - 15 Great Eastern Street, Hackney, London, EC2A 3EJ
INFO LEAD new: [Conditions] Hackney/2024/0686 — 13 - 15 Great Eastern Street, Hackney, London, EC2A 3EJ
INFO LEAD new: [Conditions] Hackney/2024/0677 — 6 Edenbridge Road, Hackney, London, E9 7DR
INFO LEAD new: [Conditions] Hackney/2024/0696 — 14 Sanford Terrace, Hackney, London, N16 7LH
INFO LEAD new: [Conditions] Hackney/2024/0711 — 13 - 15 Great Eastern Street, Hackney, London, EC2A 3EJ
INFO LEAD new: [Conditions] Hackney/2024/0678 — 125d Clapton Common, Hackney, London, E5 9AB
INFO LEAD new: [Conditions] Hackney/2024/0687 — Ground And First Floors, 54 Malvern Road, Hackney, London, E
INFO LEAD new: [Conditions] Hackney/2024/0673 — St Paul's Church, London, N16 7UY
INFO LEAD new: [Conditions] Hackney/2024/0674 — 94 Lauriston Road, Hackney, London, E9 7HA
INFO LEAD new: [Conditions] Hackney/2024/0658 — 11 Bushberry Road, Hackney, London, E9 5SX
INFO LEAD new: [Conditions] Hackney/2024/0656 — Huntswharf House Leaside Road, Hackney,
INFO LEAD new: [Conditions] Hackney/2024/0657 — Woodberry Down Early Years Centre Springpark Drive, Hackney,
INFO LEAD new: [Conditions] Hackney/2024/0650 — 15 Mildenhall Road, Hackney, London, E5 0RT
INFO LEAD new: [Conditions] Hackney/2024/0654 — 61 Trehurst Street, Hackney, London, E5 0EB
INFO LEAD new: [Conditions] Hackney/2024/0646 — Flat A, 13 Sandringham Road, Hackney, London, E8 2LR
INFO LEAD new: [Conditions] Hackney/2024/0641 — 2 Albion Square, Hackney, London, E8 4ES
INFO LEAD new: [Conditions] Hackney/2024/0631 — Roof Of, Pitcairn House St Thomass Square, Hackney, London, 
INFO LEAD new: [Conditions] Hackney/2024/0640 — 2 Albion Square, Hackney, London, E8 4ES
INFO LEAD new: [Conditions] Hackney/2024/0629 — 75-77 Paragon Road, Hackney, London, E9 6NN
INFO LEAD new: [Conditions] Hackney/2024/0623 — 82 Forest Road, Hackney, London, E8 3BH
INFO LEAD new: [Conditions] Hackney/2024/0624 — 75 Paragon Road, Hackney, London, E9 6NN
INFO LEAD new: [Conditions] Hackney/2024/0633 — 70 Cranwich Road, Hackney, London, N16 5JD
INFO LEAD new: [Conditions] Hackney/2024/0608 — 146 Stamford Hill, Hackney, London, N16 6QT
INFO LEAD new: [Conditions] Hackney/2024/0617 — Basement And Ground Floor, 113 Stoke Newington Road, Hackney
INFO LEAD new: [Conditions] Hackney/2024/0607 — Mark Square, London, EC2A 4EG
INFO LEAD new: [Conditions] Hackney/2024/0611 — 16 Wilton Way, Hackney, London, E8 3EE
INFO LEAD new: [Conditions] Hackney/2024/0618 — Basement Flat, 34 Ainsworth Road, Hackney, London, E9 7LP
INFO LEAD new: [Conditions] Hackney/2024/0601 — Ramue House Rossendale Street, Hackney, London, E5 8BX
INFO LEAD new: [Conditions] Hackney/2024/0589 — Millfields Community School, Millfields Community School Hil
INFO LEAD new: [Conditions] Hackney/2024/0599 — 37 Sutton Square, Hackney, London, E9 6EQ
INFO LEAD new: [Conditions] Hackney/2024/0594 — Basement And Ground Floor Flat, 3 Brownswood Road, Hackney, 
INFO LEAD new: [Conditions] Hackney/2024/0619 — 52 Forburg Road, Hackney, London, N16 6HT
INFO LEAD new: [Conditions] Hackney/2024/0593 — Flat C, 4 Aden Grove, Hackney, London, N16 9NJ
INFO LEAD new: [Conditions] Hackney/2024/0586 — Flat B, 55 Ufton Road, Hackney, London, N1 4HE
INFO LEAD new: [Conditions] Hackney/2024/0602 — 29 Cranwich Road, Hackney, London, N16 5HZ
INFO LEAD new: [Conditions] Hackney/2024/0568 — 58 Forest Road, Hackney,
INFO LEAD new: [Conditions] Hackney/2024/0597 — Flat B, 29 Cranwich Road, Hackney, London, N16 5HZ
INFO LEAD new: [Conditions] Hackney/2024/0598 — Brooke House Sixth Form College, Brooke House Sixth Form Col
INFO LEAD new: [Conditions] Hackney/2024/0587 — Sans Pere Cafe, 84 - 88 Great Eastern Street, Hackney, Londo
INFO LEAD new: [Conditions] Hackney/2024/0564 — 41 Chardmore Road, Hackney, London, N16 6JA
INFO LEAD new: [Conditions] Hackney/2024/0560 — 46 Alkham Road, Hackney, London, N16 7AA
INFO LEAD new: [Conditions] Hackney/2024/0561 — 246 Queensbridge Road, Hackney, London, E8 3NB
INFO LEAD new: [Conditions] Hackney/2024/0546 — Flat A, 7 Springdale Road, Hackney, London, N16 9NS
INFO LEAD new: [Conditions] Hackney/2024/0552 — 6 Powerscroft Road, Hackney, London, E5 0PU
INFO LEAD new: [Conditions] Hackney/2024/0543 — 121 Dalston Lane, Hackney, London, E8 1AL
INFO LEAD new: [Conditions] Hackney/2024/0536 — First Floor And Second Floor And Attic Floor Flat, 102 Crick
INFO LEAD new: [Conditions] Hackney/2024/0542 — 104 De Beauvoir Road, Hackney, London, N1 4DJ
INFO LEAD new: [Conditions] Hackney/2024/0504 — 59 Northchurch Road, Hackney, London, N1 4EE
INFO LEAD new: [Conditions] Hackney/2024/0508 — 53 Roding Road, Hackney, London, E5 0DN
INFO LEAD new: [Conditions] Hackney/2024/0500 — 5, Halleys Mews, 2b Anton Street, Hackney, London, E8 2AD
INFO LEAD new: [Conditions] Hackney/2024/0505 — 59 Northchurch Road, Hackney, London, N1 4EE
INFO LEAD new: [Conditions] Hackney/2024/0501 — 139 Balls Pond Road, Hackney, London, N1 4BG
INFO LEAD new: [Conditions] Hackney/2024/0481 — 46 Ufton Road, Hackney, London, N1 5BX
INFO LEAD new: [Conditions] Hackney/2024/0478 — 70 Maury Road, Hackney, London, N16 7BT
INFO LEAD new: [Conditions] Hackney/2024/0480 — 46 Ufton Road, Hackney, London, N1 5BX
INFO LEAD new: [Conditions] Hackney/2024/0489 — 7 Croston Street, Hackney, London, E8 4PQ
INFO LEAD new: [Conditions] Hackney/2024/0492 — 7 Croston Street, Hackney, London, E8 4PQ
INFO LEAD new: [Conditions] Hackney/2024/0475 — 10 Croston Street, Hackney, London, E8 4PQ
INFO LEAD new: [Conditions] Hackney/2024/0486 — Art'otel , London, EC2A 3JL
INFO LEAD new: [Conditions] Hackney/2024/0472 — 7 Spring Hill, Hackney, London, E5 9BE
INFO LEAD new: [Conditions] Hackney/2024/0468 — 12 Palatine Avenue, Hackney, London, N16 8XH
INFO LEAD new: [Conditions] Hackney/2024/0467 — 120 Stoke Newington High Street, Hackney, London, N16 7NY
INFO [hackney/Conditions] page at offset 600: 100 records
INFO LEAD new: [Conditions] Hackney/2024/0463 — Mossbourne Parkside Academy Sigdon Road, Hackney, London, E8
INFO LEAD new: [Conditions] Hackney/2024/0455 — 1 Fairholt Road, Hackney, London, N16 5EN
INFO LEAD new: [Conditions] Hackney/2024/0461 — Sapling House, 103 Worship Street, Hackney, London, EC2A 2DF
INFO LEAD new: [Conditions] Hackney/2024/0450 — 32 Wetherell Road, Hackney, London, E9 7DB
INFO LEAD new: [Conditions] Hackney/2024/0454 — 53 Egerton Road, Hackney, London, N16 6UE
INFO LEAD new: [Conditions] Hackney/2024/0442 — 52 Stoke Newington High Street, Hackney, London, N16 7PB
INFO LEAD new: [Conditions] Hackney/2024/0443 — The Good Egg, 93 Stoke Newington Church Street, Hackney, Lon
INFO LEAD new: [Conditions] Hackney/2024/0430 — 53 Egerton Road, Hackney, London, N16 6UE
INFO LEAD new: [Conditions] Hackney/2024/0432 — Unit 2, 2 - 18 Warburton Road, Hackney, London, E8 3FN
INFO LEAD new: [Conditions] Hackney/2024/0422 — Flat 1, 94 Lordship Park, Hackney, London, N16 5UA
INFO LEAD new: [Conditions] Hackney/2024/0425 — 33 Stevens Avenue, Hackney, London, E9 6RX
INFO LEAD new: [Conditions] Hackney/2024/0423 — 38 Andrews Road, Hackney, London, E8 4RL
INFO LEAD new: [Conditions] Hackney/2024/0421 — 53 Egerton Road, Hackney, London, N16 6UE
INFO LEAD new: [Conditions] Hackney/2024/0406 — Bristow Court, 14 Triangle Road, Hackney, London, E8 3RP
INFO LEAD new: [Conditions] Hackney/2024/0417 — City Seals, 5 Mentmore Terrace, Hackney, London, E8 3PN
INFO LEAD new: [Conditions] Hackney/2024/0416 — 53 Egerton Road, Hackney, London, N16 6UE
INFO LEAD new: [Conditions] Hackney/2024/0415 — 157 Middleton Road, Hackney, London, E8 4LL
INFO LEAD new: [Conditions] Hackney/2024/0404 — Former, 147 Woodberry Grove, Hackney, London, N4 2SB
INFO LEAD new: [Conditions] Hackney/2024/0375 — Units 21a And 21b, 44-48 Wharf Road, Hackney, London, N1 7UX
INFO LEAD new: [Conditions] Hackney/2024/0386 — 121 Olinda Road, Hackney, London, N16 6TS
INFO LEAD new: [Conditions] Hackney/2024/0364 — Kempton House Whitmore Estate, Hackney, London, N1 5PE
INFO LEAD new: [Conditions] Hackney/2024/0360 — 42 Chesholm Road, Hackney, London, N16 0DR
INFO LEAD new: [Conditions] Hackney/2024/0381 — 79 Kynaston Road, Hackney, London, N16 0EB
INFO LEAD new: [Conditions] Hackney/2024/0321 — 30 Denver Road, Hackney, London, N16 5JH
INFO LEAD new: [Conditions] Hackney/2024/0322 — 53 Cropley Street, Hackney, London, N1 7JB
INFO LEAD new: [Conditions] Hackney/2024/0323 — 22 Northchurch Terrace, Hackney, London, N1 4EG
INFO LEAD new: [Conditions] Hackney/2024/0326 — Flat B, 2 Glaserton Road, Hackney, London, N16 5QX
INFO LEAD new: [Conditions] Hackney/2024/0337 — 15 Mildenhall Road, Hackney, London, E5 0RT
INFO LEAD new: [Conditions] Hackney/2024/0324 — Kings Crescent Estate Queens Drive, Hackney, London, N4 2SY
INFO LEAD new: [Conditions] Hackney/2024/0325 — Flat A, 2 Glaserton Road, Hackney, London, N16 5QX
INFO LEAD new: [Conditions] Hackney/2024/0312 — 73 Kyverdale Road, Hackney, London, N16 6PH
INFO LEAD new: [Conditions] Hackney/2024/0302 — Frederick Building, 76 Tottenham Road, Hackney, London, N1 4
INFO LEAD new: [Conditions] Hackney/2024/0297 — 100 Albion Drive, Hackney, London, E8 4LY
INFO LEAD new: [Conditions] Hackney/2024/0346 — 7 Spring Hill, Hackney, London, E5 9BE
INFO LEAD new: [Conditions] Hackney/2024/0286 — Chiltern House, London, N16 6RT
INFO LEAD new: [Conditions] Hackney/2024/0294 — 1 Darnley Road, Hackney,
INFO LEAD new: [Conditions] Hackney/2024/0283 — Flats 2 And 3, 58 Gloucester Drive, London, N4 2LN
INFO LEAD new: [Conditions] Hackney/2024/0279 — 30 Grayling Road, Hackney, London, N16 0BT
INFO LEAD new: [Conditions] Hackney/2024/0282 — 56 Colvestone Crescent, Hackney, London, E8 2LH
INFO LEAD new: [Conditions] Hackney/2024/0280 — 75 Balls Pond Road, Hackney, London, N1 4BW
INFO LEAD new: [Conditions] Hackney/2024/0281 — 75 Balls Pond Road, Hackney, London, N1 4BW
INFO LEAD new: [Conditions] Hackney/2024/0249 — 93 Chatsworth Road, Hackney, London, E5 0LH
INFO LEAD new: [Conditions] Hackney/2024/0190 — 60 Durlston Road, Hackney, London, E5 8RR
INFO LEAD new: [Conditions] Hackney/2024/0213 — Junction East, 1 Kingsland Road, Hackney, London, E2 8AA
INFO LEAD new: [Conditions] Hackney/2024/0212 — Braydon Motors, 1a Downs Road, Hackney, London, E5 8QJ
INFO LEAD new: [Conditions] Hackney/2024/0206 — 66 Southgate Road, Hackney, London, N1 3JF
INFO LEAD new: [Conditions] Hackney/2024/0205 — Hackney Tap, 354 Mare Street, Hackney, London, E8 1HR
INFO LEAD new: [Conditions] Hackney/2024/0482 — 80 Sandbrook Road, Hackney, London, N16 0SP
INFO LEAD new: [Conditions] Hackney/2024/0194 — 43 Moundfield Road, Hackney, London, N16 6DT
INFO LEAD new: [Conditions] Hackney/2024/0208 — 151 Mount Pleasant Lane, Hackney, London, E5 9JG
INFO LEAD new: [Conditions] Hackney/2024/0195 — Flat B, 34 Mountgrove Road, Hackney, London, N5 2LS
INFO LEAD new: [Conditions] Hackney/2024/0201 — 27 Walsingham Road, Hackney, London, E5 8NE
INFO LEAD new: [Conditions] Hackney/2024/0191 — The Blue Studios, 160 Dalston Lane, Hackney, London, E8 1NG
INFO LEAD new: [Conditions] Hackney/2024/0554 — Millfields Coffee, 145 Chatsworth Road, Hackney, London, E5 
INFO LEAD new: [Conditions] Hackney/2024/0221 — 13 Kynaston Road, Hackney, London, N16 0EA
INFO LEAD new: [Conditions] Hackney/2024/0215 — Cordwainers Court, 10 St Thomass Square, Hackney, London, E9
INFO LEAD new: [Conditions] Hackney/2024/0189 — 16 Roding Road, Hackney, London, E5 0DW
INFO LEAD new: [Conditions] Hackney/2024/0164 — 12 Palatine Avenue, Hackney, London, N16 8XH
INFO LEAD new: [Conditions] Hackney/2024/0234 — 9 Ashtead Road, Hackney, London, E5 9BJ
INFO LEAD new: [Conditions] Hackney/2024/0161 — Flat 5, 34 Lordship Park, Hackney, London, N16 5UD
INFO LEAD new: [Conditions] Hackney/2024/0154 — The Skinners Academy Woodberry Grove, Hackney, London, N4 1S
INFO LEAD new: [Conditions] Hackney/2024/0158 — Hackney Public Mortuary, Rear Of 402 Mare Street, Hackney, L
INFO LEAD new: [Conditions] Hackney/2024/0145 — Quick House, 65 Clifton Street, Hackney, London, EC2A 4JE
INFO LEAD new: [Conditions] Hackney/2024/0148 — Ground Floor, 44 Charlotte Road, Hackney, London, EC2A 3PD
INFO LEAD new: [Conditions] Hackney/2024/0140 — 36 Lidfield Road, Hackney, London, N16 9LX
INFO LEAD new: [Conditions] Hackney/2024/0124 — 99 Tottenham Road, Hackney, London, N1 4EA
INFO LEAD new: [Conditions] Hackney/2024/0123 — Flat A, 57 Nevill Road, Hackney, London, N16 8SW
INFO LEAD new: [Conditions] Hackney/2024/0127 — Flat 6, Canal Building, 135 Shepherdess Walk, Hackney, Londo
INFO LEAD new: [Conditions] Hackney/2024/0115 — Clent House Stamford Hill, Hackney, London, N16 6RX
INFO LEAD new: [Conditions] Hackney/2024/0135 — Flat B, 16 Springdale Road, Hackney, London, N16 9NX
INFO LEAD new: [Conditions] Hackney/2024/0109 — Green Room Cafe, 113 Stoke Newington Church Street, Hackney,
INFO LEAD new: [Conditions] Hackney/2024/0122 — 1 King Edwards Road, Hackney, London, E9 7SF
INFO LEAD new: [Conditions] Hackney/2024/0110 — 33 Parkholme Road, Hackney, London, E8 3AG
INFO LEAD new: [Conditions] Hackney/2024/0136 — 145 Nevill Road, Hackney, London, N16 0SU
INFO LEAD new: [Conditions] Hackney/2024/0101 — Flat 6, 21 Hoxton Square, Hackney, London, N1 6NT
INFO LEAD new: [Conditions] Hackney/2024/0100 — 61 Springdale Road, Hackney, London, N16 9NT
INFO LEAD new: [Conditions] Hackney/2024/0119 — 168 Daubeney Road, Hackney, London, E5 0EQ
INFO LEAD new: [Conditions] Hackney/2024/0093 — Third Floor, Keltan House, 89 - 115 Mare Street, Hackney, Lo
INFO LEAD new: [Conditions] Hackney/2024/0094 — 2 Triangle Road, Hackney, London, E8 3RP
INFO LEAD new: [Conditions] Hackney/2024/0077 — 48-50 Filey Avenue , London, N16 6JJ
INFO LEAD new: [Conditions] Hackney/2024/0074 — Flat 2, 60 Gloucester Drive, Hackney, London, N4 2LN
INFO LEAD new: [Conditions] Hackney/2024/0097 — 170 Lordship Road, Hackney, London, N16 5HB
INFO LEAD new: [Conditions] Hackney/2024/0067 — 180 - 182 Shoreditch High Street, Hackney, London, E1 6HY
INFO LEAD new: [Conditions] Hackney/2024/0069 — 337 Amhurst Road, Hackney, London, N16 7UX
INFO LEAD new: [Conditions] Hackney/2024/0055 — 82 Buckingham Road, Hackney, London, N1 4JE
INFO LEAD new: [Conditions] Hackney/2024/0062 — 21 De Beauvoir Square, Hackney, London, N1 4LE
INFO LEAD new: [Conditions] Hackney/2024/0054 — 57 Buckingham Road, Hackney, London, N1 4JG
INFO LEAD new: [Conditions] Hackney/2024/0045 — Pizza Tribe, 5 Leonard Circus, Hackney, London, EC2A 4DQ
INFO LEAD new: [Conditions] Hackney/2024/0046 — Pizza Tribe, 5 Leonard Circus, Hackney, London, EC2A 4DQ
INFO LEAD new: [Conditions] Hackney/2024/0040 — 14 Pearson Street, Hackney, London, E2 8JD
INFO LEAD new: [Conditions] Hackney/2024/0041 — 111 Glyn Road, Hackney, London, E5 0JA
INFO LEAD new: [Conditions] Hackney/2024/0034 — 135 Clarence Road, Hackney, London, E5 8EE
INFO LEAD new: [Conditions] Hackney/2024/0038 — 145 Nevill Road, Hackney, London, N16 0SU
INFO LEAD new: [Conditions] Hackney/2024/0028 — 159 Kyverdale Road, Hackney, London, N16 6PS
INFO LEAD new: [Conditions] Hackney/2024/0022 — 68 Darnley Road, Hackney, London, E9 6QH
INFO LEAD new: [Conditions] Hackney/2024/0019 — Providence Close Wetherell Road, Hackney, London, E9 7DS
INFO LEAD new: [Conditions] Hackney/2024/0013 — Ace Hotel, Ace Hotel, 100 Shoreditch High Street, Hackney, L
INFO LEAD new: [Conditions] Hackney/2024/0021 — Flat A, 52 Albion Road, Hackney, London, N16 9PH
INFO LEAD new: [Conditions] Hackney/2024/0002 — 13 Durlston Road, Hackney, London, E5 8RP
INFO LEAD new: [Conditions] Hackney/2023/2957 — 16 Sutton Square, Hackney, London, E9 6EQ
WARNING Rate limited (429); waiting 273s before retry 1/6
WARNING Request failed (403 Client Error: Forbidden for url: https://www.planit.org.uk/api/applics/json?app_state=Conditions&start_date=2023-10-01&end_date=2026-10-01&pg_sz=100&auth=Hackney&offset=700); retry 2/6 in 10s
INFO [hackney/Conditions] page at offset 700: 100 records
INFO LEAD new: [Conditions] Hackney/2023/2948 — 117 - 121 Curtain Road, Hackney, London, EC2A 3AD
INFO LEAD new: [Conditions] Hackney/2023/2963 — First Second And Third Floor Flat, 97 Worship Street, Hackne
INFO LEAD new: [Conditions] Hackney/2023/2961 — 37 Penshurst Road, Hackney, London, E9 7DT
INFO LEAD new: [Conditions] Hackney/2023/2942 — Textile Building, 31a Chatham Place, Hackney, London, E9 6FJ
INFO LEAD new: [Conditions] Hackney/2023/2954 — 3 Penpoll Road, Hackney, London, E8 1EX
INFO LEAD new: [Conditions] Hackney/2023/2944 — 60 Victoria Park Road, Hackney, London, E9 7JJ
INFO LEAD new: [Conditions] Hackney/2023/2965 — 207-223 Stoke Newington Church Street, Hackney, London, N16 
INFO LEAD new: [Conditions] Hackney/2023/2964 — 207-223 Stoke Newington Church Street, Hackney, London, N16 
INFO LEAD new: [Conditions] Hackney/2023/2962 — First Second And Third Floor Flat, 97 Worship Street, Hackne
INFO LEAD new: [Conditions] Hackney/2023/2937 — 40 Thistlewaite Road, Hackney, London, E5 0QQ
INFO LEAD new: [Conditions] Hackney/2023/2936 — 37 Spring Hill, Hackney, London, E5 9BL
INFO LEAD new: [Conditions] Hackney/2023/2931 — 181 Homerton High Street, Hackney, London, E9 6BB
INFO LEAD new: [Conditions] Hackney/2023/2927 — Your Beautiful, 81b Stoke Newington High Street, Hackney, Lo
INFO LEAD new: [Conditions] Hackney/2023/2919 — Trade Price Catering, 325 Kingsland Road, Hackney, London, E
INFO LEAD new: [Conditions] Hackney/2023/2904 — 15 Orsman Road, Hackney, London, N1 5RA
INFO LEAD new: [Conditions] Hackney/2023/2898 — 27 Adley Street, Hackney, London, E5 0DY
INFO LEAD new: [Conditions] Hackney/2023/2882 — Flat C, 12 Thistlewaite Road, Hackney, London, E5 0QQ
INFO LEAD new: [Conditions] Hackney/2023/2878 — 59 Cranwich Road, Hackney, London, N16 5JA
INFO LEAD new: [Conditions] Hackney/2023/2870 — 45 Brooke Road, Hackney, London, N16 7RA
INFO LEAD new: [Conditions] Hackney/2023/2856 — 233 Hackney Road, Hackney, London, E2 8NA
INFO LEAD new: [Conditions] Hackney/2023/2853 — 233 Hackney Road, Hackney, London, E2 8NA
INFO LEAD new: [Conditions] Hackney/2023/2860 — 21 De Beauvoir Square, Hackney, London, N1 4LE
INFO LEAD new: [Conditions] Hackney/2023/2849 — Flat A, 67 Malvern Road, Hackney, London, E8 3LJ
INFO LEAD new: [Conditions] Hackney/2023/2848 — 97 Balls Pond Road, Hackney, London, N1 4BL
INFO LEAD new: [Conditions] Hackney/2023/2847 — 97 Balls Pond Road, Hackney, London, N1 4BL
INFO LEAD new: [Conditions] Hackney/2023/2837 — St. Mary's Secret Garden Ltd, 50 Appleby Street, Hackney, Lo
INFO LEAD new: [Conditions] Hackney/2023/2834 — 106 Chatsworth Road, Hackney, London, E5 0LS
INFO LEAD new: [Conditions] Hackney/2023/2804 — 10a Appleby Road, Hackney, London, E8 3ET
INFO LEAD new: [Conditions] Hackney/2023/2799 — 9 Tower Mews, Hackney, London, E5 0ES
INFO LEAD new: [Conditions] Hackney/2023/2814 — 40 Gunton Road, Hackney, London, E5 9JS
INFO LEAD new: [Conditions] Hackney/2023/2792 — 74 - 76 Kingsland High Street, Hackney, London, E8 2NS
INFO LEAD new: [Conditions] Hackney/2023/2778 — Flat A, 61 Downs Park Road, Hackney, London, E8 2HY
INFO LEAD new: [Conditions] Hackney/2023/2763 — 104 Culford Road, Hackney, London, N1 4HN
INFO LEAD new: [Conditions] Hackney/2023/2761 — Former, 14 - 16 Shore Road, Hackney, London, E9 7TA
INFO LEAD new: [Conditions] Hackney/2023/2765 — 9 Lingwood Road, Hackney, London, E5 9BN
INFO LEAD new: [Conditions] Hackney/2023/2762 — Basement And Ground Floor Front Flat, 264 Richmond Road, Hac
INFO LEAD new: [Conditions] Hackney/2023/2895 — Ground Floor Unit, 29 Downham Road, Hackney, London, N1 5AA
INFO LEAD new: [Conditions] Hackney/2023/2774 — 82 Bridport Place, Hackney, London, N1 5DS
INFO LEAD new: [Conditions] Hackney/2023/2773 — Flat 1, 180 Dalston Lane, Hackney, London, E8 1NG
INFO LEAD new: [Conditions] Hackney/2023/2752 — Flat D, 35 New North Road, Hackney, London, N1 6JB
INFO LEAD new: [Conditions] Hackney/2023/2738 — 1 Queensbridge Road, Hackney, London, E2 8NP
INFO LEAD new: [Conditions] Hackney/2023/2749 — 43 Chardmore Road, Hackney, London, N16 6JA
INFO LEAD new: [Conditions] Hackney/2023/2744 — 36 Brownlow Road, Hackney, London, E8 4NR
INFO LEAD new: [Conditions] Hackney/2023/2733 — 47 Cranwich Road, Hackney, London, N16 5HZ
INFO LEAD new: [Conditions] Hackney/2023/2736 — 1 Queensbridge Road, Hackney, London, E2 8NP
INFO LEAD new: [Conditions] Hackney/2023/2730 — 108 Glyn Road, Hackney, London, E5 0JE
INFO LEAD new: [Conditions] Hackney/2023/2729 — Neds Noodle Bar, 19 - 21 Pitfield Street, Hackney, London, N
INFO LEAD new: [Conditions] Hackney/2023/2713 — Gayhurst School, Gayhurst Primary School Gayhurst Road, Hack
INFO LEAD new: [Conditions] Hackney/2023/2719 — 19 Ritson Road, Hackney, London, E8 1DE
INFO LEAD new: [Conditions] Hackney/2023/2717 — Drury, 158 Stoke Newington Road, Hackney, London, N16 7UY
INFO LEAD new: [Conditions] Hackney/2023/2708 — 132 Bethune Road, Hackney, London, N16 5DS
INFO LEAD new: [Conditions] Hackney/2023/2710 — Gayhurst School, Gayhurst Primary School Gayhurst Road, Hack
INFO LEAD new: [Conditions] Hackney/2023/2715 — 5 Horton Road, Hackney, London, E8 1DP
INFO LEAD new: [Conditions] Hackney/2023/2692 — 31 Firsby Road, Hackney, London, N16 6PX
INFO LEAD new: [Conditions] Hackney/2023/2700 — Santander, 390 - 392 Mare Street, Hackney, London, E8 1HP
INFO LEAD new: [Conditions] Hackney/2023/2693 — 44 Adley Street, Hackney, London, E5 0DY
INFO LEAD new: [Conditions] Hackney/2023/2697 — 4A Powerscroft Road, Hackney, London, E5 0PU
INFO LEAD new: [Conditions] Hackney/2023/2688 — 43 Chardmore Road, Hackney, London, N16 6JA
INFO LEAD new: [Conditions] Hackney/2023/2686 — 5 Clapton Terrace, Hackney, London, E5 9BW
INFO LEAD new: [Conditions] Hackney/2023/2671 — 4 Woodberry Down, Hackney, London, N4 2TG
INFO LEAD new: [Conditions] Hackney/2023/2662 — 15 Aden Grove, Hackney, London, N16 9NP
INFO LEAD new: [Conditions] Hackney/2023/2651 — 57 Winston Road, Hackney, London, N16 9LN
INFO LEAD new: [Conditions] Hackney/2023/2843 — 195 Mare Street, Hackney, London, E8 3QE
INFO LEAD new: [Conditions] Hackney/2023/2665 — 195 Mare Street, Hackney, London, E8 3QE
INFO LEAD new: [Conditions] Hackney/2023/2668 — 16 Belfast Road, Hackney, London, N16 6UH
INFO LEAD new: [Conditions] Hackney/2023/2647 — Flat A, 85 Princess May Road, Hackney, London, N16 8DF
INFO LEAD new: [Conditions] Hackney/2023/2654 — Flat B, 46 Manse Road, Hackney, London, N16 7QD
INFO LEAD new: [Conditions] Hackney/2023/2639 — 38 Palatine Road, Hackney, London, N16 8SX
INFO LEAD new: [Conditions] Hackney/2023/2751 — 230 Mare Street, Hackney, London, E8 1HE
INFO LEAD new: [Conditions] Hackney/2023/2625 — 230 Mare Street, Hackney, London, E8 1HE
INFO LEAD new: [Conditions] Hackney/2023/2631 — 100 Darenth Road, Hackney, London, N16 6ED
INFO LEAD new: [Conditions] Hackney/2023/2633 — 3 Sigdon Road, Hackney, London, E8 1AP
INFO LEAD new: [Conditions] Hackney/2023/2630 — 9 De Beauvoir Square, Hackney, London, N1 4LG
INFO LEAD new: [Conditions] Hackney/2023/2628 — Wicklow House Stamford Hill, Hackney, London, N16 6RL
INFO LEAD new: [Conditions] Hackney/2023/2632 — Flat 2, 206 Lordship Road, Hackney, London, N16 5ES
INFO LEAD new: [Conditions] Hackney/2023/2629 — 92 Hillside Road, Hackney, London, N15 6NB
INFO LEAD new: [Conditions] Hackney/2023/2607 — 73 Kyverdale Road, Hackney, London, N16 6PH
INFO LEAD new: [Conditions] Hackney/2023/2610 — Flat B, 62 Englefield Road, Hackney, London, N1 4HA
INFO LEAD new: [Conditions] Hackney/2023/2580 — 73 Rivington Street, Hackney, London, EC2A 3AY
INFO LEAD new: [Conditions] Hackney/2023/2583 — 180 - 182 Shoreditch High Street, Hackney, London, E1 6HY
INFO LEAD new: [Conditions] Hackney/2023/2562 — 73 Rivington Street, Hackney, London, EC2A 3AY
INFO LEAD new: [Conditions] Hackney/2023/2574 — Aldi, 209 Hoxton Street, Hackney, London, N1 5LG
INFO LEAD new: [Conditions] Hackney/2023/2573 — 115 Shakspeare Walk, Hackney, London, N16 8TB
INFO LEAD new: [Conditions] Hackney/2023/2558 — 248 Queensbridge Road, Hackney, London, E8 3NB
INFO LEAD new: [Conditions] Hackney/2023/2563 — 9 Symington Mews, Hackney, London, E9 6BG
INFO LEAD new: [Conditions] Hackney/2023/2552 — Nationwide Bldg Soc, 374 Mare Street, Hackney, London, E8 1H
INFO LEAD new: [Conditions] Hackney/2023/2539 — Ground Floor, 5 Hoxton Market, Hackney, London, N1 6HG
INFO LEAD new: [Conditions] Hackney/2023/2541 — 7 Spring Hill, Hackney, London, E5 9BE
INFO LEAD new: [Conditions] Hackney/2023/2544 — 68 Filey Avenue, Hackney, London, N16 6JJ
INFO LEAD new: [Conditions] Hackney/2023/2547 — 7 Spring Hill, Hackney, London, E5 9BE
INFO LEAD new: [Conditions] Hackney/2023/2519 — Libanese Grill, St Michaels Church Mark Street, Hackney, Lon
INFO LEAD new: [Conditions] Hackney/2023/2520 — 28 Northwold Road, Hackney, London, N16 7EH
INFO LEAD new: [Conditions] Hackney/2023/2542 — Libanese Grill, St Michaels Church Mark Street, Hackney, Lon
INFO LEAD new: [Conditions] Hackney/2023/2512 — 116 Mildenhall Road, Hackney, London, E5 0RZ
INFO LEAD new: [Conditions] Hackney/2023/2510 — Lower Clapton General Practice, The Portico, 34 Linscott Roa
INFO LEAD new: [Conditions] Hackney/2023/2507 — 74 Winston Road, Hackney, London, N16 9LT
INFO LEAD new: [Conditions] Hackney/2023/2504 — 74 Winston Road, Hackney, London, N16 9LT
INFO LEAD new: [Conditions] Hackney/2023/2494 — 164 Elderfield Road, Hackney, London, E5 0AZ
INFO LEAD new: [Conditions] Hackney/2023/2499 — 60 Thistlewaite Road, Hackney, London, E5 0QQ
INFO LEAD new: [Conditions] Hackney/2023/2489 — 21 Gateway Mews, Hackney, London, E8 2DF
INFO [hackney/Conditions] page at offset 800: 25 records
INFO LEAD new: [Conditions] Hackney/2023/2496 — The Stage Land Bounded By Curtain Road / Hewett Street / Gre
INFO LEAD new: [Conditions] Hackney/2023/2500 — The Stage Development: Land Bounded By Curtain Road / Hewett
INFO LEAD new: [Conditions] Hackney/2023/2488 — 27 Ravensdale Road, Hackney, London, N16 6TJ
INFO LEAD new: [Conditions] Hackney/2023/2434 — The Laburnum Boat Club, Laburnum Boat Club Laburnum Street, 
INFO LEAD new: [Conditions] Hackney/2023/2442 — 66 Ufton Road, Hackney, London, N1 4HH
INFO LEAD new: [Conditions] Hackney/2023/2443 — 77 Roding Road, Hackney, London, E5 0DN
INFO LEAD new: [Conditions] Hackney/2023/2444 — 88 Lenthall Road, Hackney, London, E8 3JN
INFO LEAD new: [Conditions] Hackney/2023/2410 — Flat D, 35 New North Road, Hackney, London, N1 6JB
INFO LEAD new: [Conditions] Hackney/2023/2393 — Rear Of, 169 Homerton High Street, Hackney, London, E9 6BB
INFO LEAD new: [Conditions] Hackney/2023/2388 — 33 Evering Road, Hackney, London, N16 7PX
INFO LEAD new: [Conditions] Hackney/2023/2358 — 207 Graham Road, Hackney, London, E8 1PE
INFO LEAD new: [Conditions] Hackney/2023/2357 — 66 Clissold Crescent, Hackney, London, N16 9AT
INFO LEAD new: [Conditions] Hackney/2023/2371 — Site Known As Phase 4, Land Bounded By Seven Sisters Road, R
INFO LEAD new: [Conditions] Hackney/2023/2341 — 4, Canonbury Mews Petherton Road, Hackney, London, N5 2RT
INFO LEAD new: [Conditions] Hackney/2023/2332 — Quick House, 65 Clifton Street, Hackney, London, EC2A 4JE
INFO LEAD new: [Conditions] Hackney/2023/2347 — Essex Flour & Grain, Including Car Spaces, 28 Lee Conservanc
INFO LEAD new: [Conditions] Hackney/2023/2336 — Flat C, 48 Gloucester Drive, Hackney, London, N4 2LN
INFO LEAD new: [Conditions] Hackney/2023/2346 — Leaside Young Mariners Youth Centre, 34 Spring Lane, Hackney
INFO LEAD new: [Conditions] Hackney/2023/2348 — 1 Digby Crescent, Hackney, London, N4 2HS
INFO LEAD new: [Conditions] Hackney/2023/2324 — Texryte House / 10 Balmes Road, London, N1 5BZ
INFO LEAD new: [Conditions] Hackney/2023/2320 — 34 Fairholt Road, Hackney, London, N16 5HW
INFO LEAD new: [Conditions] Hackney/2023/2314 — Flat 2, 78 Lordship Park, Hackney, London, N16 5UA
INFO LEAD new: [Conditions] Hackney/2023/2299 — Linguascope, Unit F, 10 Printing House Yard, Hackney, London
INFO LEAD new: [Conditions] Hackney/2023/2294 — Sinthu News, 271 Kingsland Road, Hackney, London, E2 8AS
INFO LEAD new: [Conditions] Hackney/2023/2295 — 9 Navarino Grove, Hackney, London, E8 1AJ
INFO [hackney/Undecided] page at offset 0: 0 records
INFO Done. fetched=3911 newly_tracked=0 leads_added=3892 leads_updated=0
