2026-10-01 10:42:51 INFO Window: 2023-10-01 -> 2026-10-01 | areas: camden
2026-10-01 10:42:58 INFO [camden/Permitted] page at offset 0: 100 records
2026-10-01 10:42:58 INFO LEAD new: [Permitted] Camden/2026/3994/P — Euston Tower 286 Euston Road London NW1 3DP
2026-10-01 10:42:58 INFO LEAD new: [Permitted] Camden/2026/3993/P — Euston Tower 286 Euston Road London NW1 3DP
2026-10-01 10:42:58 INFO LEAD new: [Permitted] Camden/2026/3921/L — 6 Holly Place London NW3 6QU
2026-10-01 10:42:58 INFO LEAD new: [Permitted] Camden/2026/3904/P — 14 Templewood Avenue London NW3 7XA
2026-10-01 10:42:58 INFO LEAD new: [Permitted] Camden/2026/3903/P — 2 Fellows Road London NW3 3LP
2026-10-01 10:42:58 INFO LEAD new: [Permitted] Camden/2026/3509/P — Flat A 55 Leverton Street London NW5 2NX
2026-10-01 10:42:58 INFO LEAD new: [Permitted] Camden/2026/3097/P — 7 Belsize Park Gardens London NW3 4LB
2026-10-01 10:42:58 INFO LEAD new: [Permitted] Camden/2026/3787/P — 31 Elsworthy Road London Camden NW3 3BT
2026-10-01 10:42:58 INFO LEAD new: [Permitted] Camden/2026/3808/P — Chester Road Hostel 2 Chester Road London N19 5BP
2026-10-01 10:42:58 INFO LEAD new: [Permitted] Camden/2026/3807/P — 248-250 Camden Road Hostel Camden Road London NW1 9HE
2026-10-01 10:42:58 INFO LEAD new: [Permitted] Camden/2026/3759/P — 14 Templewood Avenue London NW3 7XA
2026-10-01 10:42:58 INFO LEAD new: [Permitted] Camden/2026/3763/P — Flat A 29 Fitzjohn's Avenue London NW3 5JY
2026-10-01 10:42:58 INFO LEAD new: [Permitted] Camden/2026/3827/P — 36 Leighton Grove London NW5 2QP
2026-10-01 10:42:58 INFO LEAD new: [Permitted] Camden/2026/3831/P — 40 Leighton Grove London NW5 2QP
2026-10-01 10:42:58 INFO LEAD new: [Permitted] Camden/2026/3720/A — Peer House, 8-14 Verulam Street London WC1X 8LZ
2026-10-01 10:42:58 INFO LEAD new: [Permitted] Camden/2026/3189/P — 31A Camden Mews London NW1 9BY
2026-10-01 10:42:58 INFO LEAD new: [Permitted] Camden/2026/3695/P — 33-39 Flat E Holmdale Road London NW6 1BJ
2026-10-01 10:42:58 INFO LEAD new: [Permitted] Camden/2026/3694/P — 19 Charterhouse Street London EC1N 6RA
2026-10-01 10:42:58 INFO LEAD new: [Permitted] Camden/2026/3669/P — 64 Westcroft Close London NW2 2RR
2026-10-01 10:42:58 INFO LEAD new: [Permitted] Camden/2026/3691/P — Times House and Laundry Buildings (4-6 Bravingtons Walk, 8 C
2026-10-01 10:42:58 INFO LEAD new: [Permitted] Camden/2026/3628/A — 112-116 New Oxford Street London WC1A 1HH
2026-10-01 10:42:58 INFO LEAD new: [Permitted] Camden/2026/3641/P — Fusion House 28 Rochester Place London NW1 9DF
2026-10-01 10:42:58 INFO LEAD new: [Permitted] Camden/2026/3640/A — 63-69 New Oxford Street London WC1A 1DG
2026-10-01 10:42:58 INFO LEAD new: [Permitted] Camden/2026/3623/A — 73-73a Clerkenwell Road London EC1R 5BU
2026-10-01 10:42:58 INFO LEAD new: [Permitted] Camden/2026/3599/P — Belgrove House Belgrove Street London WC1H 8AA
2026-10-01 10:42:58 INFO LEAD new: [Permitted] Camden/2026/3598/L — 10-11 Doughty Street London WC1N 2PL
2026-10-01 10:42:58 INFO LEAD new: [Permitted] Camden/2026/3608/P — 8 Gordon House Road London NW5 1LN
2026-10-01 10:42:58 INFO LEAD new: [Permitted] Camden/2026/3614/L — 3-5 Bedford Row London WC1R 4BU
2026-10-01 10:42:58 INFO LEAD new: [Permitted] Camden/2026/3551/P — 19 Charterhouse Street London EC1N 6RA
2026-10-01 10:42:58 INFO LEAD new: [Permitted] Camden/2026/3557/L — Town Hall Judd Street London WC1H 9JE
2026-10-01 10:42:58 INFO LEAD new: [Permitted] Camden/2026/3536/P — Travelodge Hotel 10 Drury Lane London WC2B 5RE
2026-10-01 10:42:58 INFO LEAD new: [Permitted] Camden/2026/2802/P — 37 Ornan Road London NW3 4QD
2026-10-01 10:42:58 INFO LEAD new: [Permitted] Camden/2026/3546/P — Town Hall Judd Street London WC1H 9JE
2026-10-01 10:42:58 INFO LEAD new: [Permitted] Camden/2026/3584/L — Town Hall Judd Street London WC1H 9JE
2026-10-01 10:42:58 INFO LEAD new: [Permitted] Camden/2026/3521/P — 31 Daleham Gardens London NW3 5BU
2026-10-01 10:42:58 INFO LEAD new: [Permitted] Camden/2026/3507/P — 319-325 High Holborn (Heron House), 326-332 High Holborn And
2026-10-01 10:42:58 INFO LEAD new: [Permitted] Camden/2026/3504/P — Travelodge Hotel 10 Drury Lane London WC2B 5RE
2026-10-01 10:42:58 INFO LEAD new: [Permitted] Camden/2026/3684/06BGP — Calthorpe Community Garden 258-274 Gray's Inn Road London WC
2026-10-01 10:42:58 INFO LEAD new: [Permitted] Camden/2026/3500/P — Travelodge Hotel 10 Drury Lane London WC2B 5RE
2026-10-01 10:42:58 INFO LEAD new: [Permitted] Camden/2026/3404/P — Flat 5, Pied Bull Court Galen Place London WC1A 2JR
2026-10-01 10:42:58 INFO LEAD new: [Permitted] Camden/2026/3489/P — 19 North End London NW3 7HR
2026-10-01 10:42:58 INFO LEAD new: [Permitted] Camden/2026/3506/P — 33 Holborn London EC1N 2HT
2026-10-01 10:42:58 INFO LEAD new: [Permitted] Camden/2026/3471/L — 80 Neal Street London WC2H 9PA
2026-10-01 10:42:58 INFO LEAD new: [Permitted] Camden/2026/3444/P — 21 Fitzroy Road London NW1 8TP
2026-10-01 10:42:58 INFO LEAD new: [Permitted] Camden/2026/3473/L — Corams Fields 93 Guilford Street London WC1N 1DN
2026-10-01 10:42:58 INFO LEAD new: [Permitted] Camden/2026/3469/P — 1st Floor Flat 126 Cleveland Street London W1T 6PQ
2026-10-01 10:42:58 INFO LEAD new: [Permitted] Camden/2026/3442/L — The Shaftesbury Theatre 210 Shaftesbury Avenue London WC2H 8
2026-10-01 10:42:58 INFO LEAD new: [Permitted] Camden/2026/3289/P — 1 Elliott Square London NW3 3SU
2026-10-01 10:43:04 INFO [camden/Permitted] page at offset 100: 100 records
2026-10-01 10:43:04 INFO LEAD new: [Permitted] Camden/2026/3397/L — 14 Cannon Place London Camden NW3 1EJ
2026-10-01 10:43:04 INFO LEAD new: [Permitted] Camden/2026/3417/P — 39 Fitzjohn's Avenue London NW3 5JY
2026-10-01 10:43:04 INFO LEAD new: [Permitted] Camden/2026/3394/P — 29 South Villas London NW1 9BT
2026-10-01 10:43:04 INFO LEAD new: [Permitted] Camden/2026/3369/P — Flat 2, 2nd Floor 245 Royal College Street London NW1 9LT
2026-10-01 10:43:04 INFO LEAD new: [Permitted] Camden/2026/3390/P — The British Museum Great Russell Street London WC1B 3DG
2026-10-01 10:43:04 INFO LEAD new: [Permitted] Camden/2026/3373/P — 1-11 Grafton Place NW1 1DJ
2026-10-01 10:43:04 INFO LEAD new: [Permitted] Camden/2026/3383/P — 28 Avenue Road London NW8 6BU
2026-10-01 10:43:04 INFO LEAD new: [Permitted] Camden/2026/3378/A — 22 Vine Hill London EC1R 5LJ
2026-10-01 10:43:04 INFO LEAD new: [Permitted] Camden/2026/3357/P — Basement Flat, 191 Belsize Road London NW6 4AB
2026-10-01 10:43:04 INFO LEAD new: [Permitted] Camden/2026/3343/L — 39-47 Gordon Square London Camden WC1H 0PD
2026-10-01 10:43:04 INFO LEAD new: [Permitted] Camden/2026/3349/P — Fusion House 28 Rochester Place London NW1 9DF
2026-10-01 10:43:04 INFO LEAD new: [Permitted] Camden/2026/3341/P — Flat A 71 Fitzjohn's Avenue London NW3 6PD
2026-10-01 10:43:04 INFO LEAD new: [Permitted] Camden/2026/3332/L — 82 Hampstead High Street London Camden NW3 1RE
2026-10-01 10:43:04 INFO LEAD new: [Permitted] Camden/2026/3340/P — 22 Sumatra Road London NW6 1PU
2026-10-01 10:43:04 INFO LEAD new: [Permitted] Camden/2026/3334/P — 1 Raglan Street London NW5 3DB
2026-10-01 10:43:04 INFO LEAD new: [Permitted] Camden/2026/3323/A — 131-143 Belsize Road London NW6 4BR
2026-10-01 10:43:04 INFO LEAD new: [Permitted] Camden/2026/2756/P — Flat B 6 Priory Terrace London NW6 4DH
2026-10-01 10:43:04 INFO LEAD new: [Permitted] Camden/2026/3318/P — Flat 60, Park View House Goldington Street London NW1 1UG
2026-10-01 10:43:04 INFO LEAD new: [Permitted] Camden/2026/3305/P — Flat C 108 Priory Road London NW6 3NS
2026-10-01 10:43:04 INFO LEAD new: [Permitted] Camden/2026/3306/P — 101 Camden Mews London NW1 9BU
2026-10-01 10:43:04 INFO LEAD new: [Permitted] Camden/2026/3285/P — 51 Croftdown Road London NW5 1EL
2026-10-01 10:43:04 INFO LEAD new: [Permitted] Camden/2026/3287/P — Flat Basement And Ground Floor 7 Acton Street London WC1X 9L
2026-10-01 10:43:04 INFO LEAD new: [Permitted] Camden/2026/3405/P — Flat A and Flat B 23 Ravenshaw Street London NW6 1NP
2026-10-01 10:43:04 INFO LEAD new: [Permitted] Camden/2026/3286/A — 237 Camden High Street London NW1 7BU
2026-10-01 10:43:04 INFO LEAD new: [Permitted] Camden/2026/3136/L — Flat 3 4 Hampstead Hill Gardens London NW3 2PL
2026-10-01 10:43:04 INFO LEAD new: [Permitted] Camden/2026/3017/P — 13 Well Walk London Camden NW3 1BY
2026-10-01 10:43:04 INFO LEAD new: [Permitted] Camden/2026/3265/P — Land adjacent to 63 Netherhall Gardens London NW3 5RE
2026-10-01 10:43:04 INFO LEAD new: [Permitted] Camden/2026/3282/P — 5 Berkley Road London NW1 8XX
2026-10-01 10:43:04 INFO LEAD new: [Permitted] Camden/2026/3255/P — Flat 18 Hillfield Mansions Haverstock Hill London NW3 4QR
2026-10-01 10:43:04 INFO LEAD new: [Permitted] Camden/2026/3233/P — 38 Brassey Road London NW6 2BD
2026-10-01 10:43:04 INFO LEAD new: [Permitted] Camden/2026/3203/P — 13 Loveridge Mews London NW6 2DP
2026-10-01 10:43:04 INFO LEAD new: [Permitted] Camden/2026/3257/A — 52 Neal Street London WC2H 9PA
2026-10-01 10:43:04 INFO LEAD new: [Permitted] Camden/2026/3229/P — 52 Neal Street London WC2H 9PA
2026-10-01 10:43:04 INFO LEAD new: [Permitted] Camden/2026/3230/P — 6 Lyndhurst Road London NW3 5PX
2026-10-01 10:43:04 INFO LEAD new: [Permitted] Camden/2026/3179/P — The Courtyard Building 1 Alfred Place London WC1E 7EB
2026-10-01 10:43:04 INFO LEAD new: [Permitted] Camden/2026/3187/P — 23 Hornby Close London NW3 3JL
2026-10-01 10:43:04 INFO LEAD new: [Permitted] Camden/2026/3161/A — 48 Monmouth Street London WC2H 9EP
2026-10-01 10:43:04 INFO LEAD new: [Permitted] Camden/2026/3146/P — Flat A, 1 Evangelist Road London NW5 1UA
2026-10-01 10:43:04 INFO LEAD new: [Permitted] Camden/2026/2672/P — Flat 1st And 2nd Floor 7 Dartmouth Park Avenue London NW5 1J
2026-10-01 10:43:11 INFO [camden/Permitted] page at offset 200: 100 records
2026-10-01 10:43:11 INFO LEAD new: [Permitted] Camden/2026/2459/L — Flat 30 Woodfield Parkhill Road London NW3 2YA
2026-10-01 10:43:11 INFO LEAD new: [Permitted] Camden/2026/3162/L — 48 Monmouth Street London WC2H 9EP
2026-10-01 10:43:11 INFO LEAD new: [Permitted] Camden/2026/3141/L — 34 Chester Terrace London NW1 4ND
2026-10-01 10:43:11 INFO LEAD new: [Permitted] Camden/2026/3142/L — The British Museum Great Russell Street London WC1B 3DG
2026-10-01 10:43:11 INFO LEAD new: [Permitted] Camden/2026/3138/P — 17 Lady Margaret Road London NW5 2NG
2026-10-01 10:43:11 INFO LEAD new: [Permitted] Camden/2026/3125/P — 80 and 82 West End Lane London NW6 2LX
2026-10-01 10:43:11 INFO LEAD new: [Permitted] Camden/2026/3128/P — 29 Boscastle Road London NW5 1EE
2026-10-01 10:43:11 INFO LEAD new: [Permitted] Camden/2026/2710/L — 23 Delancey Street London NW1 7NP
2026-10-01 10:43:11 INFO LEAD new: [Permitted] Camden/2026/3098/P — Restaurant And Premises At Basement And Ground Floor 190 Sha
2026-10-01 10:43:11 INFO LEAD new: [Permitted] Camden/2026/3100/P — 22 New End London NW3 1JA
2026-10-01 10:43:11 INFO LEAD new: [Permitted] Camden/2026/3077/P — Eastman Dental Hospital Site and Buildings 256 Gray's Inn Ro
2026-10-01 10:43:11 INFO LEAD new: [Permitted] Camden/2026/3091/P — Peninsular House 30 - 36 Monument Street London EC3R 8LJ
2026-10-01 10:43:11 INFO LEAD new: [Permitted] Camden/2026/3081/P — The British Museum Great Russell Street London WC1B 3DG
2026-10-01 10:43:11 INFO LEAD new: [Permitted] Camden/2026/3058/P — The British Museum Great Russell Street London WC1B 3DG
2026-10-01 10:43:11 INFO LEAD new: [Permitted] Camden/2026/3087/L — 205 Albany Street London NW1 4AB
2026-10-01 10:43:11 INFO LEAD new: [Permitted] Camden/2026/3064/P — 205 Albany Street London NW1 4AB
2026-10-01 10:43:11 INFO LEAD new: [Permitted] Camden/2026/3039/P — 229 Royal College Street London NW1 9LT
2026-10-01 10:43:11 INFO LEAD new: [Permitted] Camden/2026/3053/P — 18 Courthope Road London NW3 2LB
2026-10-01 10:43:11 INFO LEAD new: [Permitted] Camden/2026/3047/P — 35 Meadowbank London NW3 3AY
2026-10-01 10:43:11 INFO LEAD new: [Permitted] Camden/2026/3026/L — Shop And Premises At Ground Floor 5 Pond Street London NW3 2
2026-10-01 10:43:11 INFO LEAD new: [Permitted] Camden/2026/3032/P — Corams Fields 93 Guilford Street London WC1N 1DN
2026-10-01 10:43:11 INFO LEAD new: [Permitted] Camden/2026/2975/P — Flat Ground Floor 93 Gloucester Avenue London NW1 8LB
2026-10-01 10:43:11 INFO LEAD new: [Permitted] Camden/2026/2113/P — 151 A King Henry's Road London NW3 3RD
2026-10-01 10:43:11 INFO LEAD new: [Permitted] Camden/2026/3002/P — 34 Lancaster Grove London NW3 4PB
2026-10-01 10:43:11 INFO LEAD new: [Permitted] Camden/2026/0369/P — Railway embankment and land west of 49 Adelaide Road London 
2026-10-01 10:43:11 INFO LEAD new: [Permitted] Camden/2026/3008/P — 1 B Spencer Rise London NW5 1AR
2026-10-01 10:43:11 INFO LEAD new: [Permitted] Camden/2026/3005/P — 5 Dartmouth Park Road London NW5 1SU
2026-10-01 10:43:11 INFO LEAD new: [Permitted] Camden/2026/2983/L — 40 Well Walk London NW3 1BX
2026-10-01 10:43:11 INFO LEAD new: [Permitted] Camden/2026/2988/L — Flat A 50 Mornington Terrace London NW1 7RT
2026-10-01 10:43:11 INFO LEAD new: [Permitted] Camden/2026/2972/P — 15 Highfields Grove London N6 6HN
2026-10-01 10:43:11 INFO LEAD new: [Permitted] Camden/2026/2583/P — Peer House, 8-14 Verulam Street London WC1X 8LZ
2026-10-01 10:43:11 INFO LEAD new: [Permitted] Camden/2026/2963/P — Greater London House Hampstead Road London NW1 7QX
2026-10-01 10:43:17 INFO [camden/Permitted] page at offset 300: 100 records
2026-10-01 10:43:17 INFO LEAD new: [Permitted] Camden/2026/2957/P — Land to the North of the British Library 96 Euston Road Lond
2026-10-01 10:43:17 INFO LEAD new: [Permitted] Camden/2026/2550/P — 12 Argyle Walk London WC1H 8HA
2026-10-01 10:43:17 INFO LEAD new: [Permitted] Camden/2026/2958/P — Land to the North of the British Library 96 Euston Road Lond
2026-10-01 10:43:17 INFO LEAD new: [Permitted] Camden/2026/2945/P — British Museum Great Russell Street London WC1E 7JW
2026-10-01 10:43:17 INFO LEAD new: [Permitted] Camden/2026/2954/P — 65 Clerkenwell Road London EC1R 5BL
2026-10-01 10:43:17 INFO LEAD new: [Permitted] Camden/2026/2926/A — 1 Euston Road London NW1 2SA
2026-10-01 10:43:17 INFO LEAD new: [Permitted] Camden/2026/2933/L — 7 Flat Ground Floor St George's Terrace London Camden NW1 8X
2026-10-01 10:43:17 INFO LEAD new: [Permitted] Camden/2026/2943/P — UCL Slade School Of Art Building Gower Street London WC1E 6B
2026-10-01 10:43:17 INFO LEAD new: [Permitted] Camden/2026/2929/P — 30 Grove Place London NW3 1JR
2026-10-01 10:43:17 INFO LEAD new: [Permitted] Camden/2026/2944/P — 103 Camley Street London N1C 4PF
2026-10-01 10:43:17 INFO LEAD new: [Permitted] Camden/2026/2927/P — 31 Willoughby Road London NW3 1RT
2026-10-01 10:43:17 INFO LEAD new: [Permitted] Camden/2026/2914/P — 89 Holmes Road London NW5 3AU
2026-10-01 10:43:17 INFO LEAD new: [Permitted] Camden/2026/2738/A — Unit 6A 6-17 Tottenham Court Road London W1T 1AZ
2026-10-01 10:43:17 INFO LEAD new: [Permitted] Camden/2026/2764/P — Shropshire House 2-10 Capper Street London WC1E 6JA
2026-10-01 10:43:17 INFO LEAD new: [Permitted] Camden/2026/2907/L — UCL Slade School Of Art Building Gower Street London WC1E 6B
2026-10-01 10:43:17 INFO LEAD new: [Permitted] Camden/2026/2880/P — Flat A 22 Greville Road London NW6 5JA
2026-10-01 10:43:17 INFO LEAD new: [Permitted] Camden/2026/2898/P — 29 Gayton Road London NW3 1TY
2026-10-01 10:43:17 INFO LEAD new: [Permitted] Camden/2026/2890/L — 12 Park Village West London Camden NW1 4AE
2026-10-01 10:43:17 INFO LEAD new: [Permitted] Camden/2026/2889/P — 26 Red Lion Square London WC1R 4HQ
2026-10-01 10:43:17 INFO LEAD new: [Permitted] Camden/2026/2881/P — The British Museum Great Russell Street London WC1B 3DG
2026-10-01 10:43:17 INFO LEAD new: [Permitted] Camden/2026/2858/P — 90 Flat B Caversham Road London Camden NW5 2DN
2026-10-01 10:43:17 INFO LEAD new: [Permitted] Camden/2026/2867/P — Sunbury Fitzroy Park London N6 6HX
2026-10-01 10:43:17 INFO LEAD new: [Permitted] Camden/2026/2871/A — Development Zone A King's Cross Central York Way London
2026-10-01 10:43:17 INFO LEAD new: [Permitted] Camden/2026/2873/P — 45 Heath Hurst Road London NW3 2RU
2026-10-01 10:43:17 INFO LEAD new: [Permitted] Camden/2026/2826/P — Flat 3 27 Lyndhurst Road London NW3 5PB
2026-10-01 10:43:17 INFO LEAD new: [Permitted] Camden/2026/2850/P — Fitzroy House 355 Euston Road London NW1 3AL
2026-10-01 10:43:17 INFO LEAD new: [Permitted] Camden/2026/2670/P — Flat 1, 2 Holford Road London NW3 1AD
2026-10-01 10:43:17 INFO LEAD new: [Permitted] Camden/2026/2809/A — Whittington House 19-30 Alfred Place London WC1E 7EA
2026-10-01 10:43:17 INFO LEAD new: [Permitted] Camden/2026/2823/P — 14 A to 14H Avenue Road London NW8 6BP
2026-10-01 10:43:17 INFO LEAD new: [Permitted] Camden/2026/2091/P — 316 & 318 Finchley Road London NW3 7AG
2026-10-01 10:43:17 INFO LEAD new: [Permitted] Camden/2026/2824/P — 5 Meadowbank London Camden NW3 3AY
2026-10-01 10:43:17 INFO LEAD new: [Permitted] Camden/2026/2683/A — Shops And Premises Ground Floor 60 Hampstead High Street Lon
2026-10-01 10:43:17 INFO LEAD new: [Permitted] Camden/2026/2825/L — St Stephen's Church Pond Street London NW3 2PP
2026-10-01 10:43:17 INFO LEAD new: [Permitted] Camden/2026/2807/P — 13 Menelik Road London NW2 3RR
2026-10-01 10:43:17 INFO LEAD new: [Permitted] Camden/2026/2747/A — 16A Neal's Yard London WC2H 9DP
2026-10-01 10:43:17 INFO LEAD new: [Permitted] Camden/2026/2220/L — Flat 7 10 Cambridge Gate London NW1 4JX
2026-10-01 10:43:17 INFO LEAD new: [Permitted] Camden/2026/2804/P — UCL Cruciform Building Gower Street London WC1E 6BT
2026-10-01 10:43:17 INFO LEAD new: [Permitted] Camden/2026/2437/P — Flat A 37 Grafton Terrace London NW5 4JD
2026-10-01 10:43:17 INFO LEAD new: [Permitted] Camden/2026/2767/P — 57 Broomsleigh Street London NW6 1QQ
2026-10-01 10:43:17 INFO LEAD new: [Permitted] Camden/2026/2863/L — UCL Cruciform Building Gower Street London WC1E 6BT
2026-10-01 10:43:17 INFO LEAD new: [Permitted] Camden/2026/2562/L — 31 Pond Street London NW3 2PN
2026-10-01 10:43:17 INFO LEAD new: [Permitted] Camden/2026/2798/A — Shropshire House, Shop And Premises At Ground Floor 179 Tott
2026-10-01 10:43:17 INFO LEAD new: [Permitted] Camden/2026/2530/P — 31 Pond Street London NW3 2PN
2026-10-01 10:43:17 INFO LEAD new: [Permitted] Camden/2026/2791/P — 2-7 St Chad's Street London WC1H 8BD
2026-10-01 10:43:17 INFO LEAD new: [Permitted] Camden/2026/2394/L — 104 Great Russell Street London Camden WC1B 3LA
2026-10-01 10:43:17 INFO LEAD new: [Permitted] Camden/2026/2793/L — 32 Bloomsbury Street London WC1B 3QJ
2026-10-01 10:43:17 INFO LEAD new: [Permitted] Camden/2026/2777/P — 41 Rudall Crescent London NW3 1RR
2026-10-01 10:43:17 INFO LEAD new: [Permitted] Camden/2026/0599/P — 1 Handel Street London WC1N 1PD
2026-10-01 10:43:17 INFO LEAD new: [Permitted] Camden/2026/2745/P — 5 Keats Close London NW3 2RP
2026-10-01 10:43:17 INFO LEAD new: [Permitted] Camden/2026/2770/P — 17 Colville Place London W1T 2BN
2026-10-01 10:43:17 INFO LEAD new: [Permitted] Camden/2026/2771/P — Land to the North of the British Library 96 Euston Road Lond
2026-10-01 10:43:24 INFO [camden/Permitted] page at offset 400: 100 records
2026-10-01 10:43:24 INFO LEAD new: [Permitted] Camden/2026/2614/P — Telephone Exchange 30-40 Harrison Street London WC1H 8JF
2026-10-01 10:43:24 INFO LEAD new: [Permitted] Camden/2026/2787/P — The British Museum Great Russell Street London WC1B 3DG
2026-10-01 10:43:24 INFO LEAD new: [Permitted] Camden/2026/2788/P — The British Museum Great Russell Street London WC1B 3DG
2026-10-01 10:43:24 INFO LEAD new: [Permitted] Camden/26-00280-LDCP — 22 Glenhurst Aveune London NW5 1PS
2026-10-01 10:43:24 INFO LEAD new: [Permitted] Camden/2026/2762/P — 4 Regent's Park Road London NW1 7TX
2026-10-01 10:43:24 INFO LEAD new: [Permitted] Camden/2026/2760/P — 16 Alvanley Gardens London NW6 1JD
2026-10-01 10:43:24 INFO LEAD new: [Permitted] Camden/2026/2615/P — 100 Avenue Road London NW3 3HF
2026-10-01 10:43:24 INFO LEAD new: [Permitted] Camden/2026/2765/L — 25 Chester Terrace London Camden NW1 4ND
2026-10-01 10:43:24 INFO LEAD new: [Permitted] Camden/2026/1182/P — Rowley Way and Ainsworth Way Alexandra Road Estate London NW
2026-10-01 10:43:24 INFO LEAD new: [Permitted] Camden/2026/1313/L — Rowley Way and Ainsworth Way Alexandra Road Estate London NW
2026-10-01 10:43:24 INFO LEAD new: [Permitted] Camden/2026/2268/P — 154 & 156 Camden Street London NW1 9PA
2026-10-01 10:43:24 INFO LEAD new: [Permitted] Camden/2026/2761/P — 17-33 William Road London NW1 3ER
2026-10-01 10:43:24 INFO LEAD new: [Permitted] Camden/2026/2732/L — 5 Great James Street London WC1N 3DB
2026-10-01 10:43:24 INFO LEAD new: [Permitted] Camden/2026/2739/P — Euston Tower 286 Euston Road London NW1 3DP
2026-10-01 10:43:24 INFO LEAD new: [Permitted] Camden/2026/2734/P — 40 South Hill Park London NW3 2SJ
2026-10-01 10:43:24 INFO LEAD new: [Permitted] Camden/2026/0767/L — 11 Downshire Hill London NW3 1NR
2026-10-01 10:43:24 INFO LEAD new: [Permitted] Camden/2026/2585/P — 60 Harmood Street London NW1 8DP
2026-10-01 10:43:24 INFO LEAD new: [Permitted] Camden/2026/2676/L — Kentish Town Sports Centre Grafton Road London NW5 3DU
2026-10-01 10:43:24 INFO LEAD new: [Permitted] Camden/2026/2413/P — 32 Gaisford Street London NW5 2ED
2026-10-01 10:43:24 INFO LEAD new: [Permitted] Camden/2026/2707/P — 11 Pratt Mews London NW1 0AD
2026-10-01 10:43:24 INFO LEAD new: [Permitted] Camden/2026/2717/A — 48 Grafton Way London W1T 5DZ
2026-10-01 10:43:24 INFO LEAD new: [Permitted] Camden/2026/2727/P — 26 Winchester Road London NW3 3NT
2026-10-01 10:43:24 INFO LEAD new: [Permitted] Camden/2026/2414/L — Flat 21 Gilbey House 38 Jamestown Road London Camden NW1 7BY
2026-10-01 10:43:24 INFO LEAD new: [Permitted] Camden/2026/2712/P — Top Front Flat 93 Regent's Park Road London NW1 8UR
2026-10-01 10:43:24 INFO LEAD new: [Permitted] Camden/2026/2714/L — 4 Basement Flat Lyme Street London Camden NW1 0EH
2026-10-01 10:43:24 INFO LEAD new: [Permitted] Camden/2026/2711/P — 1 Belmont Court Loudoun Road London NW8 0AN
2026-10-01 10:43:24 INFO LEAD new: [Permitted] Camden/2026/2703/P — 22B Ellerdale Road London NW3 6BB
2026-10-01 10:43:24 INFO LEAD new: [Permitted] Camden/2026/2691/P — 300 Kentish Town Road London NW5 2TG
2026-10-01 10:43:24 INFO LEAD new: [Permitted] Camden/2026/2698/P — 32 Ryland Road London NW5 3EH
2026-10-01 10:43:24 INFO LEAD new: [Permitted] Camden/2026/2575/L — 29 Chester Terrace London NW1 4ND
2026-10-01 10:43:24 INFO LEAD new: [Permitted] Camden/2026/2706/L — 7 Flat Basement And Ground Floor Acton Street London Camden 
2026-10-01 10:43:24 INFO LEAD new: [Permitted] Camden/2026/2692/P — 248 - 250 Camden Road Hostel Camden Road London NW1 9HE
2026-10-01 10:43:24 INFO LEAD new: [Permitted] Camden/2026/2723/A — 300 Kentish Town Road London NW5 2TG
2026-10-01 10:43:24 INFO LEAD new: [Permitted] Camden/2026/2702/P — 42 Crediton Hill London NW6 1HR
2026-10-01 10:43:24 INFO LEAD new: [Permitted] Camden/2026/2684/P — Mid City Place 71 High Holborn London WC1V 6EA
2026-10-01 10:43:24 INFO LEAD new: [Permitted] Camden/2026/2526/P — 157 Gloucester Avenue London Camden NW1 8LA
2026-10-01 10:43:24 INFO LEAD new: [Permitted] Camden/2026/2675/P — Banyan House Lithos Road London NW3 6ES
2026-10-01 10:43:24 INFO LEAD new: [Permitted] Camden/2026/2678/P — Flat 2nd And 3rd Floor 15 Denning Road London NW3 1ST
2026-10-01 10:43:24 INFO LEAD new: [Permitted] Camden/2026/2688/L — UCL Main Building Portico Gower Street London WC1E 6BT
2026-10-01 10:43:24 INFO LEAD new: [Permitted] Camden/2026/2586/P — Flat Ground Floor 96 Agar Grove London NW1 9TL
2026-10-01 10:43:24 INFO LEAD new: [Permitted] Camden/2026/2411/P — Sherrifs House 14 Long Yard London WC1N 3LU
2026-10-01 10:43:24 INFO LEAD new: [Permitted] Camden/2026/2658/P — 69 Gower Street London Camden WC1E 6HJ
2026-10-01 10:43:24 INFO LEAD new: [Permitted] Camden/2026/2649/L — 69 Gower Street London Camden WC1E 6HJ
2026-10-01 10:43:24 INFO LEAD new: [Permitted] Camden/2026/2667/P — Flat A 67 Leverton Street London NW5 2NX
2026-10-01 10:43:24 INFO LEAD new: [Permitted] Camden/2026/2660/P — 17-33 William Road London NW1 3ER
2026-10-01 10:43:24 INFO LEAD new: [Permitted] Camden/2026/2668/L — 26 Leighton Road London Camden NW5 2QE
2026-10-01 10:43:24 INFO LEAD new: [Permitted] Camden/2026/2663/P — St Pancras Hospital 4 St Pancras Way London NW1 0PE
2026-10-01 10:43:24 INFO LEAD new: [Permitted] Camden/2026/2632/L — 29 Montague Street (Flat B) London WC1B 5BH
2026-10-01 10:43:24 INFO LEAD new: [Permitted] Camden/2026/2630/P — University College School Frognal London NW3 6XH
2026-10-01 10:43:24 INFO LEAD new: [Permitted] Camden/2026/2609/P — 52 Avenue Road London NW8 6HS
2026-10-01 10:43:24 INFO LEAD new: [Permitted] Camden/2026/2631/P — 28 Avenue Road London NW8 6BU
2026-10-01 10:43:24 INFO LEAD new: [Permitted] Camden/2026/2610/P — 16 Endell Street London WC2H 9BD
2026-10-01 10:43:24 INFO LEAD new: [Permitted] Camden/2026/2625/P — 28 Avenue Road London NW8 6BU
2026-10-01 10:43:24 INFO LEAD new: [Permitted] Camden/2026/2548/P — 6-7 Stone Buildings London WC2A 3SZ
2026-10-01 10:43:24 INFO LEAD new: [Permitted] Camden/2026/2600/L — 6-7 Stone Buildings London WC2A 3SZ
2026-10-01 10:43:24 INFO LEAD new: [Permitted] Camden/2026/2627/P — 52 Brunswick Centre London WC1N 1AE
2026-10-01 10:43:24 INFO LEAD new: [Permitted] Camden/2026/2624/L — 28 Flat C Montague Street London WC1B 5BH
2026-10-01 10:43:24 INFO LEAD new: [Permitted] Camden/2026/2603/P — Beaumont Court 1-45 College Grove London NW1 0RW
2026-10-01 10:43:24 INFO LEAD new: [Permitted] Camden/2026/2595/P — Garden Flat 109 King Henry's Road London NW3 3QX
2026-10-01 10:43:24 INFO LEAD new: [Permitted] Camden/2026/2590/P — Kentish Town Sports Centre Grafton Road London NW5 3DU
2026-10-01 10:43:31 INFO [camden/Permitted] page at offset 500: 100 records
2026-10-01 10:43:31 INFO LEAD new: [Permitted] Camden/2026/2582/L — 13 Woburn Square London WC1H 0NS
2026-10-01 10:43:31 INFO LEAD new: [Permitted] Camden/2026/2496/P — 42-43 Bedford Row London WC1R 4LL
2026-10-01 10:43:31 INFO LEAD new: [Permitted] Camden/2026/2608/P — 19 North End London Camden NW3 7HR
2026-10-01 10:43:31 INFO LEAD new: [Permitted] Camden/2026/2587/P — Flat 1 Martlett Lodge Oak Hill Park London NW3 7LE
2026-10-01 10:43:31 INFO LEAD new: [Permitted] Camden/2026/2580/A — Basement and Ground Floor 18 Earlham Street London WC2H 9LG
2026-10-01 10:43:31 INFO LEAD new: [Permitted] Camden/2026/2605/P — 19 North End London Camden NW3 7HR
2026-10-01 10:43:31 INFO LEAD new: [Permitted] Camden/2026/2588/P — 14 Well Road London Camden NW3 1LH
2026-10-01 10:43:31 INFO LEAD new: [Permitted] Camden/2026/2606/P — Chester Road Hostel 2 Chester Road London N19 5BP
2026-10-01 10:43:31 INFO LEAD new: [Permitted] Camden/2026/2602/P — 5 Brookfield Park London NW5 1ES
2026-10-01 10:43:31 INFO LEAD new: [Permitted] Camden/2026/2569/P — 16 Gladys Road London NW6 2PX
2026-10-01 10:43:31 INFO LEAD new: [Permitted] Camden/2026/2551/P — 60 Albert Street London NW1 7NR
2026-10-01 10:43:31 INFO LEAD new: [Permitted] Camden/2026/2552/L — 60 Albert Street London NW1 7NR
2026-10-01 10:43:31 INFO LEAD new: [Permitted] Camden/2026/2564/L — Bma House 13 Tavistock Square London Camden WC1H 9JP
2026-10-01 10:43:31 INFO LEAD new: [Permitted] Camden/2026/2571/P — Flat A 47 King Henry's Road London NW3 3QR
2026-10-01 10:43:31 INFO LEAD new: [Permitted] Camden/2026/2557/P — 4 Connaught Mews London NW3 2NW
2026-10-01 10:43:31 INFO LEAD new: [Permitted] Camden/2026/2529/P — 3 Flat 1 Westbere Road London Camden NW2 3SP
2026-10-01 10:43:31 INFO LEAD new: [Permitted] Camden/2026/2577/P — 34 Avenue Road London NW8 6BU
2026-10-01 10:43:31 INFO LEAD new: [Permitted] Camden/2026/2578/P — 34 Avenue Road London NW8 6BU
2026-10-01 10:43:31 INFO LEAD new: [Permitted] Camden/2026/2549/P — 16 Brocas Close London NW3 3LD
2026-10-01 10:43:31 INFO LEAD new: [Permitted] Camden/2026/2576/P — 89 Hillway London N6 6AB
2026-10-01 10:43:31 INFO LEAD new: [Permitted] Camden/2026/2555/P — 96 Land to the North of the British Library 96 Euston Road L
2026-10-01 10:43:31 INFO LEAD new: [Permitted] Camden/2026/2211/P — Mayford Estate Oakley Square London NW1 1NX
2026-10-01 10:43:31 INFO LEAD new: [Permitted] Camden/2026/1715/P — Flat 1 53 Parliament Hill London NW3 2TB
2026-10-01 10:43:31 INFO LEAD new: [Permitted] Camden/2026/2343/A — 10 Leather Lane London EC1N 7SS
2026-10-01 10:43:31 INFO LEAD new: [Permitted] Camden/2026/2542/P — 3 Solent Road London NW6 1TP
2026-10-01 10:43:31 INFO LEAD new: [Permitted] Camden/2026/2547/P — 20 Murray Mews London Camden NW1 9RJ
2026-10-01 10:43:31 INFO LEAD new: [Permitted] Camden/2026/2439/P — 12 New End London NW3 1JA
2026-10-01 10:43:31 INFO LEAD new: [Permitted] Camden/2026/2540/P — 50-51 Russell Square London WC1B 4JP
2026-10-01 10:43:31 INFO LEAD new: [Permitted] Camden/2026/2538/L — 12 New End London NW3 1JA
2026-10-01 10:43:31 INFO LEAD new: [Permitted] Camden/2026/2543/A — Shop And Premises At Ground Floor 5 Pond Street London NW3 2
2026-10-01 10:43:31 INFO LEAD new: [Permitted] Camden/2026/2410/P — Flat Upper 87 Burghley Road London NW5 1UH
2026-10-01 10:43:31 INFO LEAD new: [Permitted] Camden/2026/2524/P — 487B Finchley Road London NW3 6HS
2026-10-01 10:43:31 INFO LEAD new: [Permitted] Camden/2026/2536/P — 40 Leighton Road London NW5 2QE
2026-10-01 10:43:31 INFO LEAD new: [Permitted] Camden/2026/2528/L — Shop And Premises At Ground Floor 5 Pond Street London NW3 2
2026-10-01 10:43:31 INFO LEAD new: [Permitted] Camden/2026/2497/P — 4 Connaught Mews London NW3 2NW
2026-10-01 10:43:31 INFO LEAD new: [Permitted] Camden/2026/2512/P — St Pancras Church House 1 Lancing Street London NW1 1NA
2026-10-01 10:43:31 INFO LEAD new: [Permitted] Camden/2026/2494/P — 31 Torriano Cottages Torriano Avenue London NW5 2TA
2026-10-01 10:43:31 INFO LEAD new: [Permitted] Camden/2026/2480/L — Euston Fire Station 172 Euston Road London NW1 2DH
2026-10-01 10:43:31 INFO LEAD new: [Permitted] Camden/2026/2286/A — 46 Goodge Street London W1T 4LU
2026-10-01 10:43:31 INFO LEAD new: [Permitted] Camden/2026/2517/P — 31 Willoughby Road London NW3 1RT
2026-10-01 10:43:31 INFO LEAD new: [Permitted] Camden/2026/2487/L — Flat C 18 Rowley Way London NW8 0SF
2026-10-01 10:43:31 INFO LEAD new: [Permitted] Camden/2026/2485/P — 24 Charlton King's Road London NW5 2SA
2026-10-01 10:43:31 INFO LEAD new: [Permitted] Camden/2026/2510/L — Flat A 26 Eton Avenue London NW3 3HL
2026-10-01 10:43:31 INFO LEAD new: [Permitted] Camden/2026/2486/P — 125 Parkway London NW1 7PS
2026-10-01 10:43:31 INFO LEAD new: [Permitted] Camden/2026/2481/P — Flats C and D 26 Daleham Gardens London NW3 5DA
2026-10-01 10:43:31 INFO LEAD new: [Permitted] Camden/2026/2388/P — 219-229 Shaftesbury Avenue London WC2H 8EJ
2026-10-01 10:43:31 INFO LEAD new: [Permitted] Camden/2026/2454/A — 219-229 Shaftesbury Avenue London WC2H 8EJ
2026-10-01 10:43:31 INFO LEAD new: [Permitted] Camden/2026/2471/P — Flat A 26 Eton Avenue London NW3 3HL
2026-10-01 10:43:31 INFO LEAD new: [Permitted] Camden/2026/2470/P — Heal's Building 196 Tottenham Court Road London W1T 7LQ
2026-10-01 10:43:31 INFO LEAD new: [Permitted] Camden/2026/2274/P — Flat A 29 Lady Margaret Road London NW5 2NG
2026-10-01 10:43:31 INFO LEAD new: [Permitted] Camden/2026/2546/L — Heal's Building 196 Tottenham Court Road London W1T 7LQ
2026-10-01 10:43:31 INFO LEAD new: [Permitted] Camden/2026/2490/L — 29 Kelly Street London NW1 8PG
2026-10-01 10:43:31 INFO LEAD new: [Permitted] Camden/2026/2491/P — Mid City Place 71 High Holborn London WC1V 6EA
2026-10-01 10:43:31 INFO LEAD new: [Permitted] Camden/2026/2169/P — Flat 2 44 Elsworthy Road London NW3 3BU
2026-10-01 10:43:31 INFO LEAD new: [Permitted] Camden/2026/2369/A — 219-229 Shaftesbury Avenue London WC2H 8EL
2026-10-01 10:43:31 INFO LEAD new: [Permitted] Camden/2026/2452/P — 3 Gray's Inn Road London WC1X 8PH
2026-10-01 10:43:31 INFO LEAD new: [Permitted] Camden/2026/2458/P — 6 Greenland Street London NW1 0ND
2026-10-01 10:43:31 INFO LEAD new: [Permitted] Camden/2026/2341/P — 219-229 Shaftesbury Avenue London WC2H 8EL
2026-10-01 10:43:31 INFO LEAD new: [Permitted] Camden/2026/2467/P — 42 Mornington Terrace London Camden NW1 7RT
2026-10-01 10:43:31 INFO LEAD new: [Permitted] Camden/2026/2468/L — 42 Mornington Terrace London NW1 7RT
2026-10-01 10:43:31 INFO LEAD new: [Permitted] Camden/2026/2891/L — 42 Mornington Terrace London Camden NW1 7RT
2026-10-01 10:43:31 INFO LEAD new: [Permitted] Camden/2026/2448/P — 33-35 Jamestown Road London NW1 7DB
2026-10-01 10:43:31 INFO LEAD new: [Permitted] Camden/2026/2244/P — 158-162 Kilburn High Road London NW6 4JD
2026-10-01 10:43:31 INFO LEAD new: [Permitted] Camden/2026/2460/L — 1st Floor flat 22 Conway Street London Camden W1T 6BF
2026-10-01 10:43:31 INFO LEAD new: [Permitted] Camden/2026/2469/L — 69 Gower Street London WC1E 6HJ
2026-10-01 10:43:31 INFO LEAD new: [Permitted] Camden/2026/2441/P — 5 - 17 Haverstock Hill London NW3 2BP
2026-10-01 10:43:37 INFO [camden/Permitted] page at offset 600: 100 records
2026-10-01 10:43:37 INFO LEAD new: [Permitted] Camden/2026/2424/P — British Museum Great Russell Street London WC1B 3DG
2026-10-01 10:43:37 INFO LEAD new: [Permitted] Camden/2026/2422/P — The British Museum Great Russell Street London WC1B 3DG
2026-10-01 10:43:37 INFO LEAD new: [Permitted] Camden/2026/2423/P — British Museum Great Russell Street London WC1B 3DG
2026-10-01 10:43:37 INFO LEAD new: [Permitted] Camden/2026/2396/A — 154-156 Shaftesbury Avenue London WC2H 8JT
2026-10-01 10:43:37 INFO LEAD new: [Permitted] Camden/2026/2384/P — 8 Solent Road London NW6 1TU
2026-10-01 10:43:37 INFO LEAD new: [Permitted] Camden/2026/1845/L — 82 South Hill Park London NW3 2SN
2026-10-01 10:43:37 INFO LEAD new: [Permitted] Camden/2026/2406/P — 23 Dartmouth Park Hill London NW5 1HP
2026-10-01 10:43:37 INFO LEAD new: [Permitted] Camden/2026/2397/L — 2 & 3 Charrington Street London NW1 1RS
2026-10-01 10:43:37 INFO LEAD new: [Permitted] Camden/2026/2525/L — 25 Fitzroy Street London W1T 6DR
2026-10-01 10:43:37 INFO LEAD new: [Permitted] Camden/2026/2382/P — 25 Fitzroy Street London W1T 6DR
2026-10-01 10:43:37 INFO LEAD new: [Permitted] Camden/2026/2398/L — 1 Charrington Street London NW1 1RS
2026-10-01 10:43:37 INFO LEAD new: [Permitted] Camden/2026/2368/L — 34 Mornington Crescent London NW1 7RE
2026-10-01 10:43:37 INFO LEAD new: [Permitted] Camden/2026/2362/L — 34 Kelly Street London NW1 8PH
2026-10-01 10:43:37 INFO LEAD new: [Permitted] Camden/2026/2315/P — 14 Templewood Avenue London NW3 7XA
2026-10-01 10:43:37 INFO LEAD new: [Permitted] Camden/2026/2350/P — Flat 1 35 Netherhall Gardens London NW3 5RL
2026-10-01 10:43:37 INFO LEAD new: [Permitted] Camden/2026/2370/L — Kings Cross Station Kings Cross London N1C 4AP
2026-10-01 10:43:37 INFO LEAD new: [Permitted] Camden/2026/2379/P — 26 Redington Road London NW3 7RB
2026-10-01 10:43:37 INFO LEAD new: [Permitted] Camden/2026/2235/P — 15 Ryland Road London NW5 3EA
2026-10-01 10:43:37 INFO LEAD new: [Permitted] Camden/2026/2358/L — 14 Templewood Avenue London NW3 7XA
2026-10-01 10:43:37 INFO LEAD new: [Permitted] Camden/2026/2359/P — 17-33 William Road London NW1 3ER
2026-10-01 10:43:37 INFO LEAD new: [Permitted] Camden/2026/2333/L — Flat A 26 Eton Avenue London NW3 3HL
2026-10-01 10:43:37 INFO LEAD new: [Permitted] Camden/2026/2329/P — Middlesex Hospital Annexe 44 Cleveland Street London W1T 4JT
2026-10-01 10:43:37 INFO LEAD new: [Permitted] Camden/2026/2340/P — 248-250 Camden Road Hostel Camden Road London Camden NW1 9HE
2026-10-01 10:43:38 INFO LEAD new: [Permitted] Camden/2026/2314/P — Flat A 26 Eton Avenue London NW3 3HL
2026-10-01 10:43:38 INFO LEAD new: [Permitted] Camden/2026/2339/P — Flat D and E 2nd Floor 7 Belsize Park Gardens London NW3 4LB
2026-10-01 10:43:38 INFO LEAD new: [Permitted] Camden/2026/2328/P — 193 Camden High Street London NW1 7PJ
2026-10-01 10:43:38 INFO LEAD new: [Permitted] Camden/2026/2465/A — 193 Camden High Street London NW1 7PJ
2026-10-01 10:43:38 INFO LEAD new: [Permitted] Camden/2026/2304/P — 117 Constantine Road London NW3 2LR
2026-10-01 10:43:38 INFO LEAD new: [Permitted] Camden/2026/2338/P — 43 Whitfield Street London W1T 4HD
2026-10-01 10:43:38 INFO LEAD new: [Permitted] Camden/2026/2159/P — Flat 20 Wentworth Mansions Keats Grove London NW3 2RL
2026-10-01 10:43:38 INFO LEAD new: [Permitted] Camden/2026/1986/L — 25 Grove Terrace London NW5 1PL
2026-10-01 10:43:38 INFO LEAD new: [Permitted] Camden/2026/2245/P — Flat Ground Floor 10 Ingham Road London NW6 1DE
2026-10-01 10:43:38 INFO LEAD new: [Permitted] Camden/2026/1846/P — 23 Delancey Street London NW1 7NP
2026-10-01 10:43:38 INFO LEAD new: [Permitted] Camden/2026/2079/P — 61 Compayne Gardens London NW6 3DB
2026-10-01 10:43:38 INFO LEAD new: [Permitted] Camden/2026/2307/P — Flat 1 and Flat 2 25 Belsize Park London NW3 4DU
2026-10-01 10:43:38 INFO LEAD new: [Permitted] Camden/2026/2318/L — 90 Frognal London NW3 6XB
2026-10-01 10:43:38 INFO LEAD new: [Permitted] Camden/2026/2317/P — Basement Flat 145 Abbey Road London NW6 4SS
2026-10-01 10:43:38 INFO LEAD new: [Permitted] Camden/2026/2298/L — 15 Chalcot Square London NW1 8YA
2026-10-01 10:43:38 INFO LEAD new: [Permitted] Camden/2026/2308/P — 125 Camden High Street London NW1 7JR
2026-10-01 10:43:38 INFO LEAD new: [Permitted] Camden/2026/2295/P — Flat 3 62 Hampstead High Street London NW3 1QH
2026-10-01 10:43:38 INFO LEAD new: [Permitted] Camden/2026/2313/P — 50-51 Russell Square London WC1B 4JP
2026-10-01 10:43:38 INFO LEAD new: [Permitted] Camden/2026/2316/P — 15a Shorts Gardens London WC2H 9AT
2026-10-01 10:43:38 INFO LEAD new: [Permitted] Camden/2026/2293/P — Land adjacent to 101 Camley Street London N1C 4DU
2026-10-01 10:43:38 INFO LEAD new: [Permitted] Camden/2026/2285/L — 31 Pond Street London NW3 2PN
2026-10-01 10:43:38 INFO LEAD new: [Permitted] Camden/2026/2278/P — 20-23 Lincoln's Inn Fields London Camden WC2A 3ED
2026-10-01 10:43:38 INFO LEAD new: [Permitted] Camden/2026/2279/P — 14 Greenaway Gardens London NW3 7DH
2026-10-01 10:43:38 INFO LEAD new: [Permitted] Camden/2026/2275/P — Flat 2nd And 3rd Floor 30 Kemplay Road London NW3 1SY
2026-10-01 10:43:38 INFO LEAD new: [Permitted] Camden/2026/2292/L — 80 South Hill Park London NW3 2SN
2026-10-01 10:43:38 INFO LEAD new: [Permitted] Camden/2026/2276/P — 12 Rondu Road London NW2 3HA
2026-10-01 10:43:38 INFO LEAD new: [Permitted] Camden/2026/2269/P — 579 Finchley Road London NW3 7BS
2026-10-01 10:43:44 INFO [camden/Permitted] page at offset 700: 100 records
2026-10-01 10:43:44 INFO LEAD new: [Permitted] Camden/2026/2270/P — 18 Bloomsbury Square London WC1A 2NS
2026-10-01 10:43:44 INFO LEAD new: [Permitted] Camden/2026/2255/P — 88 & 100 Gray's Inn Road 127 Clerkenwell Road London
2026-10-01 10:43:44 INFO LEAD new: [Permitted] Camden/2026/2254/P — 88 & 100 Gray's Inn Road 127 Clerkenwell Road London
2026-10-01 10:43:44 INFO LEAD new: [Permitted] Camden/2026/1291/P — 9-10 Harben Parade Finchley Road London NW3 6JP
2026-10-01 10:43:44 INFO LEAD new: [Permitted] Camden/2026/2271/P — 3 Wilkin Street London NW5 3NL
2026-10-01 10:43:44 INFO LEAD new: [Permitted] Camden/2026/2261/L — 22 Church Row London NW3 6UP
2026-10-01 10:43:44 INFO LEAD new: [Permitted] Camden/2026/2260/L — 5 Provost Road London NW3 4ST
2026-10-01 10:43:44 INFO LEAD new: [Permitted] Camden/2026/1482/P — Flat A 80 Caversham Road London NW5 2DN
2026-10-01 10:43:44 INFO LEAD new: [Permitted] Camden/2026/2272/P — University of London Birkbeck College Malet Street London EC
2026-10-01 10:43:44 INFO LEAD new: [Permitted] Camden/2026/2247/P — 52 Minster Road London NW2 3RE
2026-10-01 10:43:44 INFO LEAD new: [Permitted] Camden/2026/2203/P — 73 Bayham Street London NW1 0AA
2026-10-01 10:43:44 INFO LEAD new: [Permitted] Camden/2026/2246/P — 27 Belsize Square London Camden NW3 4HU
2026-10-01 10:43:44 INFO LEAD new: [Permitted] Camden/2026/2250/P — 17A & 17B Roderick Road London NW3 2NN
2026-10-01 10:43:44 INFO LEAD new: [Permitted] Camden/2026/2249/A — 30 Heath Street London NW3 6TE
2026-10-01 10:43:44 INFO LEAD new: [Permitted] Camden/2026/2095/P — 6 Flitcroft Street London WC2H 8DJ
2026-10-01 10:43:44 INFO LEAD new: [Permitted] Camden/2026/2248/P — The Unicorn 227 Camden Road London NW1 9AA
2026-10-01 10:43:44 INFO LEAD new: [Permitted] Camden/2026/2207/P — Flat 1st Floor 14 Buckland Crescent London NW3 5DX
2026-10-01 10:43:44 INFO LEAD new: [Permitted] Camden/2026/2223/L — 47 Crowndale Road London Camden NW1 1TN
2026-10-01 10:43:44 INFO LEAD new: [Permitted] Camden/2026/2228/L — Flat 7 10 Cambridge Gate London NW1 4JX
2026-10-01 10:43:44 INFO LEAD new: [Permitted] Camden/2026/2229/P — Godwin and Crowndale Estate London NW1 1PA
2026-10-01 10:43:44 INFO LEAD new: [Permitted] Camden/2026/2227/P — Belgrove House Belgrove Street London WC1H 8AA
2026-10-01 10:43:44 INFO LEAD new: [Permitted] Camden/2026/2214/P — Unit 7 44 St Paul's Crescent London NW1 9TN
2026-10-01 10:43:44 INFO LEAD new: [Permitted] Camden/2026/2213/P — 124 Theobald's Road London WC1X 8RX
2026-10-01 10:43:44 INFO LEAD new: [Permitted] Camden/2026/1493/P — 8 Gordon House Road London NW5 1LN
2026-10-01 10:43:44 INFO LEAD new: [Permitted] Camden/2026/2188/P — 33-35 Jamestown Road London Camden NW1 7DB
2026-10-01 10:43:44 INFO LEAD new: [Permitted] Camden/2026/2018/L — St Martin's Theatre 10-18 West Street London WC2H 9NZ
2026-10-01 10:43:44 INFO LEAD new: [Permitted] Camden/2026/2201/P — 71 Frognal London NW3 6XY
2026-10-01 10:43:44 INFO LEAD new: [Permitted] Camden/2026/2198/P — Flat 5 The Pryors East Heath Road London NW3 1BS
2026-10-01 10:43:44 INFO LEAD new: [Permitted] Camden/2026/2187/P — 15 Wedderburn Road London NW3 5QS
2026-10-01 10:43:44 INFO LEAD new: [Permitted] Camden/2026/2165/P — 57 Mornington Terrace London NW1 7RU
2026-10-01 10:43:44 INFO LEAD new: [Permitted] Camden/2026/2162/P — Agar Grove Estate Wrotham Road London NW1 9SS
2026-10-01 10:43:44 INFO LEAD new: [Permitted] Camden/2026/2176/P — 10 Park Village West London NW1 4AE
2026-10-01 10:43:44 INFO LEAD new: [Permitted] Camden/2026/2216/L — 10 Park Village West London NW1 4AE
2026-10-01 10:43:45 INFO LEAD new: [Permitted] Camden/2026/2160/P — 120 College Place London NW1 0DJ
2026-10-01 10:43:45 INFO LEAD new: [Permitted] Camden/2026/2182/P — 2 St Paul's Crescent London NW1 9XS
2026-10-01 10:43:45 INFO LEAD new: [Permitted] Camden/2026/1801/P — Flat 12 Netherhall Mansions 32 Netherhall Gardens London NW3
2026-10-01 10:43:45 INFO LEAD new: [Permitted] Camden/2026/2156/L — Flat 7 10 Cambridge Gate London NW1 4JX
2026-10-01 10:43:45 INFO LEAD new: [Permitted] Camden/2026/2005/P — 59 Chalk Farm Road London NW1 8AN
2026-10-01 10:43:45 INFO LEAD new: [Permitted] Camden/2026/1903/P — 29-31 Saffron Hill London EC1N 8FH
2026-10-01 10:43:45 INFO LEAD new: [Permitted] Camden/2026/2150/P — Heathfield Park Merton Lane London N6 6NA
2026-10-01 10:43:45 INFO LEAD new: [Permitted] Camden/2026/2152/P — The Unicorn 227 Camden Road London NW1 9AA
2026-10-01 10:43:45 INFO LEAD new: [Permitted] Camden/2026/2143/L — 125 Parkway London NW1 7PS
2026-10-01 10:43:45 INFO LEAD new: [Permitted] Camden/2026/2155/L — 82 Leather Lane London EC1N 7TR
2026-10-01 10:43:45 INFO LEAD new: [Permitted] Camden/2026/2130/P — Abbey Estate 3 Abbey Road London NW6 4DX
2026-10-01 10:43:45 INFO LEAD new: [Permitted] Camden/2026/2135/L — Institute Of Education 55-59 Gordon Square London WC1H 0NT
2026-10-01 10:43:45 INFO LEAD new: [Permitted] Camden/2026/2117/P — Godwin and Crowndale Estate London NW1 1PA
2026-10-01 10:43:45 INFO LEAD new: [Permitted] Camden/2026/2123/P — 2 Fellows Road London NW3 3LP
2026-10-01 10:43:45 INFO LEAD new: [Permitted] Camden/2026/2124/P — 2 St Pancras Way London Camden NW1 0QG
2026-10-01 10:43:45 INFO LEAD new: [Permitted] Camden/2026/2129/P — 114 Boundary Road London NW8 0RH
2026-10-01 10:43:45 INFO LEAD new: [Permitted] Camden/2026/2116/P — 12 Park Village West London Camden NW1 4AE
2026-10-01 10:43:45 INFO LEAD new: [Permitted] Camden/2026/1915/P — Flats H & J-K 146 Fellows Road London NW3 3JH
2026-10-01 10:43:45 INFO LEAD new: [Permitted] Camden/2026/1789/P — Maisonette Lower Ground Rear Ground 1st Floor 38 Primrose Ga
2026-10-01 10:43:45 INFO LEAD new: [Permitted] Camden/2026/2122/L — 6 Royal College Street London NW1 0TH
2026-10-01 10:43:45 INFO LEAD new: [Permitted] Camden/2026/2136/L — 45 Downshire Hill London NW3 1NU
2026-10-01 10:43:45 INFO LEAD new: [Permitted] Camden/2026/2332/L — 12 Park Village West London Camden NW1 4AE
2026-10-01 10:43:45 INFO LEAD new: [Permitted] Camden/2026/2010/P — 18 Denning Road London NW3 1SU
2026-10-01 10:43:45 INFO LEAD new: [Permitted] Camden/2026/2114/L — Flat 1st Floor 22 Conway Street London Camden W1T 6BF
2026-10-01 10:43:45 INFO LEAD new: [Permitted] Camden/2026/2104/P — Former Maria Fidelis School 2-10 North Gower Street London N
2026-10-01 10:43:45 INFO LEAD new: [Permitted] Camden/2026/2089/P — St Pancras Hospital 4 St Pancras Way London NW1 0PE
2026-10-01 10:43:45 INFO LEAD new: [Permitted] Camden/2026/2243/L — 6 Flitcroft Street London WC2H 8DJ
2026-10-01 10:43:45 INFO LEAD new: [Permitted] Camden/2026/2273/L — 27 Jeffrey's Street London NW1 9PS
2026-10-01 10:43:45 INFO LEAD new: [Permitted] Camden/2026/2103/P — 17-33 William Road London NW1 3ER
2026-10-01 10:43:45 INFO LEAD new: [Permitted] Camden/2026/2099/P — Flat 2nd Floor 27 Birchington Road London Camden NW6 4LL
2026-10-01 10:43:45 INFO LEAD new: [Permitted] Camden/2026/2105/L — 83 Endell Street London WC2H 9DN
2026-10-01 10:43:45 INFO LEAD new: [Permitted] Camden/2026/2108/P — Frognal House 99 Frognal London NW3 6XR
2026-10-01 10:43:51 INFO [camden/Permitted] page at offset 800: 100 records
2026-10-01 10:43:51 INFO LEAD new: [Permitted] Camden/2026/2230/L — 49 King's Cross Road London Camden WC1X 9LN
2026-10-01 10:43:51 INFO LEAD new: [Permitted] Camden/2026/2082/P — Flat 21 Gilbey House 38 Jamestown Road London NW1 7BY
2026-10-01 10:43:51 INFO LEAD new: [Permitted] Camden/2026/2083/P — 17 Ryland Road London NW5 3EA
2026-10-01 10:43:51 INFO LEAD new: [Permitted] Camden/2026/2065/P — 100 Chalk Farm Road London NW1 8EH
2026-10-01 10:43:51 INFO LEAD new: [Permitted] Camden/2026/2081/P — Land adjacent to 63 Netherhall Gardens London NW3 5RE
2026-10-01 10:43:51 INFO LEAD new: [Permitted] Camden/2026/2086/P — St Pancras Hospital 4 St Pancras Way London NW1 0PE
2026-10-01 10:43:51 INFO LEAD new: [Permitted] Camden/2026/2064/L — 25-26 Woburn Square London WC1H 0AA
2026-10-01 10:43:51 INFO LEAD new: [Permitted] Camden/2026/2062/P — 49 King's Cross Road London Camden WC1X 9LN
2026-10-01 10:43:51 INFO LEAD new: [Permitted] Camden/2026/2071/L — Basement Flat 18 Chalcot Square London NW1 8YA
2026-10-01 10:43:51 INFO LEAD new: [Permitted] Camden/2026/2067/P — 105-121 Judd Street London WC1H 9NE
2026-10-01 10:43:51 INFO LEAD new: [Permitted] Camden/2026/2068/P — 105-121 Judd Street London WC1H 9NE
2026-10-01 10:43:51 INFO LEAD new: [Permitted] Camden/2026/2088/P — 5 Denmark Street London WC2H 8LP
2026-10-01 10:43:51 INFO LEAD new: [Permitted] Camden/2026/2048/P — 34A Compayne Gardens London NW6 3DP
2026-10-01 10:43:51 INFO LEAD new: [Permitted] Camden/2026/2051/P — Flat 1 86 Greencroft Gardens London NW6 3JQ
2026-10-01 10:43:51 INFO LEAD new: [Permitted] Camden/2026/2061/P — Flat A 35 Burrard Road London NW6 1DA
2026-10-01 10:43:51 INFO LEAD new: [Permitted] Camden/2026/2059/L — 6 Royal College Street London NW1 0TH
2026-10-01 10:43:51 INFO LEAD new: [Permitted] Camden/2026/2019/P — 9 Somers Close London NW1 1RT
2026-10-01 10:43:51 INFO LEAD new: [Permitted] Camden/2024/4727/P — 11 Albert Terrace Mews London NW1 7TA
2026-10-01 10:43:51 INFO LEAD new: [Permitted] Camden/2026/1908/P — 22 Ulysses Road London NW6 1EE
2026-10-01 10:43:51 INFO LEAD new: [Permitted] Camden/2026/2055/P — 36 Hollycroft Avenue London NW3 7QN
2026-10-01 10:43:51 INFO LEAD new: [Permitted] Camden/2026/2041/P — 88 & 100 Gray's Inn Road 127 Clerkenwell Road London WC1X 8A
2026-10-01 10:43:51 INFO LEAD new: [Permitted] Camden/2026/2060/P — North Bridge House Nursery School 33 Fitzjohn's Avenue Londo
2026-10-01 10:43:51 INFO LEAD new: [Permitted] Camden/2026/2009/P — 3 Princess Mews London NW3 5AP
2026-10-01 10:43:51 INFO LEAD new: [Permitted] Camden/2026/2015/P — 1 Baynes Mews London NW3 5BH
2026-10-01 10:43:51 INFO LEAD new: [Permitted] Camden/2026/2036/P — Whittington House 19-30 Alfred Place London WC1E 7EA
2026-10-01 10:43:51 INFO LEAD new: [Permitted] Camden/2026/2033/P — 15 Chalcot Square London NW1 8YA
2026-10-01 10:43:51 INFO LEAD new: [Permitted] Camden/2026/2034/L — 15 Chalcot Square London NW1 8YA
2026-10-01 10:43:51 INFO LEAD new: [Permitted] Camden/2026/2032/P — Flat A 39 Courthope Road London NW3 2LE
2026-10-01 10:43:51 INFO LEAD new: [Permitted] Camden/2026/2020/P — Regent's Place Plaza Brock Street London NW1 3DP
2026-10-01 10:43:51 INFO LEAD new: [Permitted] Camden/2026/2063/A — Regent's Place Plaza Brock Street London NW1 3DP
2026-10-01 10:43:51 INFO LEAD new: [Permitted] Camden/2026/2038/L — 88 Frognal London NW3 6XB
2026-10-01 10:43:51 INFO LEAD new: [Permitted] Camden/2026/2024/P — Acland Burghley School 93 Burghley Road London NW5 1UJ
2026-10-01 10:43:52 INFO LEAD new: [Permitted] Camden/2026/2028/P — Flat 76 Lissenden Mansions Lissenden Gardens London NW5 1PR
2026-10-01 10:43:52 INFO LEAD new: [Permitted] Camden/2026/1988/P — 30 Millfield Lane London N6 6JD
2026-10-01 10:43:52 INFO LEAD new: [Permitted] Camden/2026/2008/L — 10 Chalcot Crescent London NW1 8YD
2026-10-01 10:43:52 INFO LEAD new: [Permitted] Camden/2026/0951/L — Shakespeare's Head 64-68 Kingsway London WC2B 6BG
2026-10-01 10:43:52 INFO LEAD new: [Permitted] Camden/2026/1982/P — 29 Healey Street London NW1 8SR
2026-10-01 10:43:52 INFO LEAD new: [Permitted] Camden/2026/1782/L — 23 Delancey Street London NW1 7NP
2026-10-01 10:43:52 INFO LEAD new: [Permitted] Camden/26-00256-LDCP — 3 Ajax Road London NW6 1EF
2026-10-01 10:43:52 INFO LEAD new: [Permitted] Camden/2026/2029/L — 38 Great James Street London Camden WC1N 3HB
2026-10-01 10:43:52 INFO LEAD new: [Permitted] Camden/2026/1919/A — 29 Shorts Gardens London WC2H 9AP
2026-10-01 10:43:52 INFO LEAD new: [Permitted] Camden/2026/1872/P — The Old Hall Cottage 4 B Kidderpore Avenue London NW3 7SP
2026-10-01 10:43:52 INFO LEAD new: [Permitted] Camden/2026/1920/L — 45 Downshire Hill London NW3 1NU
2026-10-01 10:43:52 INFO LEAD new: [Permitted] Camden/2026/1937/P — 38 Great James Street London Camden WC1N 3HB
2026-10-01 10:43:52 INFO LEAD new: [Permitted] Camden/2026/1917/A — Bracton House 35 High Holborn London WC1V 6AE
2026-10-01 10:43:52 INFO LEAD new: [Permitted] Camden/2026/1938/P — 18 Acton Street London WC1X 9ND
2026-10-01 10:43:52 INFO LEAD new: [Permitted] Camden/2026/1933/P — 47-51 Chalton Street London NW1 1HY
2026-10-01 10:43:52 INFO LEAD new: [Permitted] Camden/2026/1935/P — 107-109 Hampstead Road London NW1 3EE
2026-10-01 10:43:52 INFO LEAD new: [Permitted] Camden/2026/1931/L — 52 Brunswick Centre London WC1N 1AE
2026-10-01 10:43:52 INFO LEAD new: [Permitted] Camden/2026/1896/P — Flat A 4 Manley Street London NW1 8LT
2026-10-01 10:43:52 INFO LEAD new: [Permitted] Camden/2026/1925/P — 17 Kidderpore Gardens London NW3 7SS
2026-10-01 10:43:52 INFO LEAD new: [Permitted] Camden/2026/1932/L — 32 Well Walk London NW3 1BX
2026-10-01 10:43:52 INFO LEAD new: [Permitted] Camden/2026/1785/P — 32 Charlotte Street London W1T 2NQ
2026-10-01 10:43:52 INFO LEAD new: [Permitted] Camden/2026/1934/L — 25 John's Mews London WC1N 2NS
2026-10-01 10:43:52 INFO LEAD new: [Permitted] Camden/2026/1916/P — 13 A South Grove London N6 6BJ
2026-10-01 10:43:52 INFO LEAD new: [Permitted] Camden/2026/1905/P — 25 John's Mews London WC1N 2NS
2026-10-01 10:43:52 INFO LEAD new: [Permitted] Camden/2026/1914/L — 20 Church Row London NW3 6UP
2026-10-01 10:43:52 INFO LEAD new: [Permitted] Camden/2026/1910/P — Flat A Ground Floor 9 Ainger Road London NW3 3AR
2026-10-01 10:43:52 INFO LEAD new: [Permitted] Camden/2026/1911/L — 39-47 Gordon Square London Camden WC1H 0PD
2026-10-01 10:43:52 INFO LEAD new: [Permitted] Camden/2026/1899/P — Kilburn Arches 366 - 366A Kilburn High Road Kilburn London N
2026-10-01 10:43:52 INFO LEAD new: [Permitted] Camden/2026/1871/P — 17 Glenhurst Avenue London NW5 1PT
2026-10-01 10:43:52 INFO LEAD new: [Permitted] Camden/2026/1875/P — Mahogany House 51 Lithos Road London NW3 6EY
2026-10-01 10:43:52 INFO LEAD new: [Permitted] Camden/2026/1876/P — Iroko House Lithos Road London NW3 6ER
2026-10-01 10:43:52 INFO LEAD new: [Permitted] Camden/2026/1889/P — Ground Floor Flat 95 Savernake Road London NW3 2LG
2026-10-01 10:43:52 INFO LEAD new: [Permitted] Camden/2026/1877/P — 72-73 Lithos Road London NW3 6EY
2026-10-01 10:43:52 INFO LEAD new: [Permitted] Camden/2026/1878/P — 67-71 Lithos Road London NW3 6EY
2026-10-01 10:43:52 INFO LEAD new: [Permitted] Camden/2026/1352/P — Basement Flat 4 Southampton Road London NW5 4HX
2026-10-01 10:43:52 INFO LEAD new: [Permitted] Camden/2026/1898/L — 10 New Square London WC2A 3QG
2026-10-01 10:43:52 INFO LEAD new: [Permitted] Camden/2026/1191/P — Flat 2 47 Compayne Gardens London NW6 3DB
2026-10-01 10:43:52 INFO LEAD new: [Permitted] Camden/2026/1881/L — 10 Chalcot Crescent London NW1 8YD
2026-10-01 10:43:58 INFO [camden/Permitted] page at offset 900: 100 records
2026-10-01 10:43:58 INFO LEAD new: [Permitted] Camden/2026/1735/P — 14 Templewood Avenue London NW3 7XA
2026-10-01 10:43:58 INFO LEAD new: [Permitted] Camden/2026/1897/P — Basement Flat 18 Chalcot Square London NW1 8YA
2026-10-01 10:43:58 INFO LEAD new: [Permitted] Camden/2026/1189/P — Flat 2 47 Compayne Gardens London NW6 3DB
2026-10-01 10:43:58 INFO LEAD new: [Permitted] Camden/2026/1865/P — 37 Broadhurst Gardens London NW6 3QT
2026-10-01 10:43:58 INFO LEAD new: [Permitted] Camden/2026/1874/P — Flat A 22 Greville Road London NW6 5JA
2026-10-01 10:43:58 INFO LEAD new: [Permitted] Camden/2026/1190/P — Flat 2 47 Compayne Gardens London NW6 3DB
2026-10-01 10:43:58 INFO LEAD new: [Permitted] Camden/2026/1888/P — Flat 1 29 Broadhurst Gardens London NW6 3QT
2026-10-01 10:43:58 INFO LEAD new: [Permitted] Camden/2026/1858/P — Euston Tower 286 Euston Road London NW1 3DP
2026-10-01 10:43:58 INFO LEAD new: [Permitted] Camden/2026/1841/P — Land to the North of the British Library 96 Euston Road Lond
2026-10-01 10:43:58 INFO LEAD new: [Permitted] Camden/2026/1868/L — Land to the North of the British Library 96 Euston Road Lond
2026-10-01 10:43:58 INFO LEAD new: [Permitted] Camden/2026/1828/P — 15 Crediton Hill London NW6 1HS
2026-10-01 10:43:58 INFO LEAD new: [Permitted] Camden/2026/1830/P — 33 Ferncroft Avenue London NW3 7PG
2026-10-01 10:43:58 INFO LEAD new: [Permitted] Camden/2026/1901/L — 33 Ferncroft Avenue London NW3 7PG
2026-10-01 10:43:58 INFO LEAD new: [Permitted] Camden/2026/1837/P — Jessel House Judd Street London WC1H 9NX
2026-10-01 10:43:58 INFO LEAD new: [Permitted] Camden/2026/1826/P — 66 Rochester Place London NW1 9JX
2026-10-01 10:43:58 INFO LEAD new: [Permitted] Camden/2026/1739/P — 13 Belsize Mews London Camden NW3 5AT
2026-10-01 10:43:58 INFO LEAD new: [Permitted] Camden/2026/1814/P — 22 Torrington Place London WC1E 7HJ
2026-10-01 10:43:58 INFO LEAD new: [Permitted] Camden/2026/1825/P — 107 Goldhurst Terrace London NW6 3HA
2026-10-01 10:43:58 INFO LEAD new: [Permitted] Camden/2026/1820/P — 369B Kilburn High Road London NW6 7QB
2026-10-01 10:43:58 INFO LEAD new: [Permitted] Camden/2026/1792/P — Flat Ground Floor 25 Dennington Park Road London NW6 1BB
2026-10-01 10:43:58 INFO LEAD new: [Permitted] Camden/2026/1824/P — 31 Willoughby Road London NW3 1RT
2026-10-01 10:43:58 INFO LEAD new: [Permitted] Camden/2026/1810/P — 114-116 Flitcroft House Charing Cross Road London WC2H 0JR
2026-10-01 10:43:58 INFO LEAD new: [Permitted] Camden/2026/1809/L — 22 Torrington Place London WC1E 7HJ
2026-10-01 10:43:58 INFO LEAD new: [Permitted] Camden/2026/1802/P — Land to the North of the British Library 96 Euston Road Lond
2026-10-01 10:43:58 INFO LEAD new: [Permitted] Camden/2026/1740/P — Flats 16 & 17 1 Prince Of Wales Road London NW5 3LW
2026-10-01 10:43:58 INFO LEAD new: [Permitted] Camden/2026/1797/P — Flat A 8 Gardnor Road London NW3 1HA
2026-10-01 10:43:58 INFO LEAD new: [Permitted] Camden/2026/1813/P — Flat 3 Apollo Studios Charlton King's Road London NW5 2SB
2026-10-01 10:43:58 INFO LEAD new: [Permitted] Camden/2026/1798/P — 23 Arkwright Road London NW3 6AA
2026-10-01 10:43:58 INFO LEAD new: [Permitted] Camden/2026/1786/P — 19-30 Whittington House Alfred Place London WC1E 7EA
2026-10-01 10:43:58 INFO LEAD new: [Permitted] Camden/2026/1794/L — 39-47 Gordon Square London Camden WC1H 0PD
2026-10-01 10:43:58 INFO LEAD new: [Permitted] Camden/2026/1788/P — 94 Camden Mews London NW1 9AG
2026-10-01 10:43:58 INFO LEAD new: [Permitted] Camden/2026/1795/P — 139 Gray's Inn Road London WC1X 8UB
2026-10-01 10:43:58 INFO LEAD new: [Permitted] Camden/2026/1834/L — 139 Gray's Inn Road London WC1X 8UB
2026-10-01 10:43:58 INFO LEAD new: [Permitted] Camden/2026/1106/P — 131-143 Belsize Road London NW6 4BR
2026-10-01 10:43:58 INFO LEAD new: [Permitted] Camden/2026/1781/P — 30 Hillway London N6 6HH
2026-10-01 10:43:58 INFO LEAD new: [Permitted] Camden/2026/1783/P — 18 Berridge Mews London NW6 1RF
2026-10-01 10:43:58 INFO LEAD new: [Permitted] Camden/2026/1784/P — 40A Shoot-Up Hill London NW2 3QB
2026-10-01 10:43:58 INFO LEAD new: [Permitted] Camden/2026/1277/HS2 — Alexandra Centre (Former Jack Taylor School) Ainsworth Way L
2026-10-01 10:43:58 INFO LEAD new: [Permitted] Camden/2026/1762/P — 171 West End Lane London NW6 2LH
2026-10-01 10:43:58 INFO LEAD new: [Permitted] Camden/2026/1774/L — 125 Parkway London NW1 7PS
2026-10-01 10:43:58 INFO LEAD new: [Permitted] Camden/2026/1778/P — George IV 89 Holmes Road London NW5 3AU
2026-10-01 10:43:58 INFO LEAD new: [Permitted] Camden/2026/1777/P — Geroge IV 89 Holmes Road London NW5 3AU
2026-10-01 10:43:58 INFO LEAD new: [Permitted] Camden/2026/1764/L — Flat 3rd Floor East 10 Old Square London Camden WC2A 3SU
2026-10-01 10:43:58 INFO LEAD new: [Permitted] Camden/2026/1772/P — 14 Ainger Road London NW3 3AR
2026-10-01 10:43:58 INFO LEAD new: [Permitted] Camden/2026/1750/A — Faircourt 113-115 Haverstock Hill London NW3 4RY
2026-10-01 10:43:58 INFO LEAD new: [Permitted] Camden/2026/1746/P — 18 Twisden Road London NW5 1DN
2026-10-01 10:43:58 INFO LEAD new: [Permitted] Camden/2026/1736/P — 94 Camden Mews London NW1 9AG
2026-10-01 10:43:58 INFO LEAD new: [Permitted] Camden/2026/1754/P — Chester Road Hostel 2 Chester Road London N19 5BP
2026-10-01 10:43:58 INFO LEAD new: [Permitted] Camden/2026/1744/P — 25 Bury Place London WC1A 2JH
2026-10-01 10:43:58 INFO LEAD new: [Permitted] Camden/2026/2479/L — 14 Templewood Avenue London NW3 7XA
2026-10-01 10:43:58 INFO LEAD new: [Permitted] Camden/2026/1639/P — 182 Regent's Park Road London NW1 8XP
2026-10-01 10:43:58 INFO LEAD new: [Permitted] Camden/2026/1867/A — 25 Bury Place London WC1A 2JH
2026-10-01 10:43:58 INFO LEAD new: [Permitted] Camden/2026/1751/P — 26 Red Lion Square London WC1R 4HQ
2026-10-01 10:43:58 INFO LEAD new: [Permitted] Camden/2026/1741/P — 28 Ornan Road London NW3 4QB
2026-10-01 10:43:58 INFO LEAD new: [Permitted] Camden/2026/1722/P — Fielding Court 28 Earlham Street London WC2H 9LN
2026-10-01 10:43:58 INFO LEAD new: [Permitted] Camden/2026/1729/P — 125 Shaftesbury Avenue London WC2H 8AD
2026-10-01 10:43:58 INFO LEAD new: [Permitted] Camden/2026/1734/P — St Dominic's Priory Church Southampton Road London NW5 4LB
2026-10-01 10:44:05 INFO [camden/Permitted] page at offset 1000: 100 records
2026-10-01 10:44:05 INFO LEAD new: [Permitted] Camden/2026/1721/P — Flat Basement And Ground Floor 41 Hollycroft Avenue London N
2026-10-01 10:44:05 INFO LEAD new: [Permitted] Camden/2026/1610/P — 35 Heath Hurst Road London NW3 2RU
2026-10-01 10:44:05 INFO LEAD new: [Permitted] Camden/2026/0979/P — 15 Chester Road London N19 5DE
2026-10-01 10:44:05 INFO LEAD new: [Permitted] Camden/2026/1711/P — 9 Prince Arthur Mews London NW3 1RD
2026-10-01 10:44:05 INFO LEAD new: [Permitted] Camden/2026/1660/P — 30 St Crispin's Close London NW3 2QF
2026-10-01 10:44:05 INFO LEAD new: [Permitted] Camden/2026/1706/A — Temporary access walkway between Cobourg Street, Euston Stre
2026-10-01 10:44:05 INFO LEAD new: [Permitted] Camden/2026/1709/P — Tavis House 1-6 Tavistock Square London WC1H 9NA
2026-10-01 10:44:05 INFO LEAD new: [Permitted] Camden/2026/1692/P — Flats B & C 139 Camden High Street London NW1 7JR
2026-10-01 10:44:05 INFO LEAD new: [Permitted] Camden/2026/1694/P — Flat 1st And 2nd Floor 529b Finchley Road London NW3 7BG
2026-10-01 10:44:05 INFO LEAD new: [Permitted] Camden/2026/1687/P — 80-85 Tottenham Court Road London W1T 4TE
2026-10-01 10:44:05 INFO LEAD new: [Permitted] Camden/2026/1707/P — The Cottage 10 Lyndhurst Road London NW3 5PX
2026-10-01 10:44:05 INFO LEAD new: [Permitted] Camden/2026/1603/P — 53 Lithos Road London NW3 6EY
2026-10-01 10:44:05 INFO LEAD new: [Permitted] Camden/2026/1683/P — 50 Maresfield Gardens London NW3 5RX
2026-10-01 10:44:05 INFO LEAD new: [Permitted] Camden/2026/1674/P — 14 Bedford Row 12-13 and 14 Jockey's Fields London WC1R 4ED
2026-10-01 10:44:05 INFO LEAD new: [Permitted] Camden/2026/1684/L — Friends House 173-177 Euston Road London NW1 2BJ
2026-10-01 10:44:05 INFO LEAD new: [Permitted] Camden/2026/1485/A — Francis Crick Institute 1 Midland Road London NW1 1AT
2026-10-01 10:44:05 INFO LEAD new: [Permitted] Camden/2026/1671/P — 29 Boscastle Road London NW5 1EE
2026-10-01 10:44:05 INFO LEAD new: [Permitted] Camden/2026/0902/P — Flat A 90 Belsize Road London NW6 4TG
2026-10-01 10:44:05 INFO LEAD new: [Permitted] Camden/26-00297-HAPP — 55 PATSHULL ROAD LONDON NW5 2LE
2026-10-01 10:44:05 INFO LEAD new: [Permitted] Camden/2026/1576/L — 7 Pilgrim's Lane London NW3 1SJ
2026-10-01 10:44:05 INFO LEAD new: [Permitted] Camden/2026/1673/P — 128 King Henry's Road London NW3 3ST
2026-10-01 10:44:05 INFO LEAD new: [Permitted] Camden/2026/1518/P — 7 Pilgrim's Lane London NW3 1SJ
2026-10-01 10:44:05 INFO LEAD new: [Permitted] Camden/2026/1643/P — Frognal House 99 Frognal London NW3 6XR
2026-10-01 10:44:05 INFO LEAD new: [Permitted] Camden/2026/1652/P — 1 Eton Road London NW3 4SP
2026-10-01 10:44:05 INFO LEAD new: [Permitted] Camden/2026/1644/P — 8 Frognal Lane London NW3 7DU
2026-10-01 10:44:05 INFO LEAD new: [Permitted] Camden/2026/1140/P — Flat 1 131 King Henry's Road London NW3 3RB
2026-10-01 10:44:05 INFO LEAD new: [Permitted] Camden/2026/1645/L — Flat 10 Giles Building Upper Hampstead Walk London NW3 1DE
2026-10-01 10:44:05 INFO LEAD new: [Permitted] Camden/2026/1657/P — 7 Parsifal Road London NW6 1UG
2026-10-01 10:44:05 INFO LEAD new: [Permitted] Camden/2026/1811/A — 15-17 Tottenham Court Road London W1T 1BJ
2026-10-01 10:44:05 INFO LEAD new: [Permitted] Camden/2026/1658/P — 15-17 Tottenham Court Road London W1T 1BJ
2026-10-01 10:44:05 INFO LEAD new: [Permitted] Camden/2026/1632/P — 125 Shaftesbury Avenue London WC2H 8AD
2026-10-01 10:44:05 INFO LEAD new: [Permitted] Camden/2026/1508/P — Flat Basement And Ground Floor 7 Acton Street London WC1X 9L
2026-10-01 10:44:05 INFO LEAD new: [Permitted] Camden/2026/1634/P — 18 Hornby Close London NW3 3JL
2026-10-01 10:44:05 INFO LEAD new: [Permitted] Camden/2026/1636/L — 51-52 Carey Street London WC2A 2JB
2026-10-01 10:44:05 INFO LEAD new: [Permitted] Camden/2026/1573/L — Flat Basement And Ground Floor 7 Acton Street London WC1X 9L
2026-10-01 10:44:05 INFO LEAD new: [Permitted] Camden/2026/1640/P — Tavis House 1-6 Tavistock Square London WC1H 9NA
2026-10-01 10:44:05 INFO LEAD new: [Permitted] Camden/2026/1642/P — Hampstead Heath Men's Pond Hampstead Heath London N6 6JH
2026-10-01 10:44:05 INFO LEAD new: [Permitted] Camden/2026/1629/P — 14 Bedford Row 12-13 and 14 Jockey's Fields London WC1R 4ED
2026-10-01 10:44:05 INFO LEAD new: [Permitted] Camden/2026/1641/P — Hampstead Heath Mixed Pond Hampstead Heath London N6 6JH
2026-10-01 10:44:05 INFO LEAD new: [Permitted] Camden/2026/1613/P — 105-121 Judd Street London WC1H 9NE
2026-10-01 10:44:05 INFO LEAD new: [Permitted] Camden/2026/1612/P — Iq Haywood House Blackburn Road London NW6 1RZ
2026-10-01 10:44:05 INFO LEAD new: [Permitted] Camden/2026/1600/P — 31 Bracknell Gardens London NW3 7EG
2026-10-01 10:44:05 INFO LEAD new: [Permitted] Camden/2026/1608/P — Lower Ground Floor Flat 48 Willoughby Road London NW3 1RU
2026-10-01 10:44:05 INFO LEAD new: [Permitted] Camden/26-00252-LDCP — Ground and 1st floor maisonette 27 Parliament Hill London NW
2026-10-01 10:44:05 INFO LEAD new: [Permitted] Camden/2026/1607/P — 43 Croftdown Road London NW5 1EL
2026-10-01 10:44:05 INFO LEAD new: [Permitted] Camden/2026/1599/P — 61, 63 and 65 Spencer Rise London NW5 1AR
2026-10-01 10:44:05 INFO LEAD new: [Permitted] Camden/2026/1550/P — Flat B 3 Healey Street London NW1 8SR
2026-10-01 10:44:05 INFO LEAD new: [Permitted] Camden/2026/1582/L — 20 Church Row London NW3 6UP
2026-10-01 10:44:05 INFO LEAD new: [Permitted] Camden/2026/1588/P — 50-51 Russell Square London WC1B 4JP
2026-10-01 10:44:05 INFO LEAD new: [Permitted] Camden/2026/1056/P — Somers Town Community Association 150 Ossulston Street Londo
2026-10-01 10:44:05 INFO LEAD new: [Permitted] Camden/2026/1585/P — Euston Tower 286 Euston Road London NW1 3DP
2026-10-01 10:44:05 INFO LEAD new: [Permitted] Camden/2026/1580/P — 20 20A, 22, 22A, 22B & 22C Castlehaven Road London NW1 8RA
2026-10-01 10:44:05 INFO LEAD new: [Permitted] Camden/2026/1591/P — 42-43 Queen Square London WC1N 3AQ
2026-10-01 10:44:05 INFO LEAD new: [Permitted] Camden/2026/1593/P — 22 Bramshill Gardens London NW5 1JH
2026-10-01 10:44:05 INFO LEAD new: [Permitted] Camden/2026/1559/P — 1 Neal's Yard London WC2H 9DP
2026-10-01 10:44:05 INFO LEAD new: [Permitted] Camden/2026/1560/P — 8-10 Neal's Yard London WC2H 9DP
2026-10-01 10:44:05 INFO LEAD new: [Permitted] Camden/2026/1562/P — 17 Neal's Yard London WC2H 9DP
2026-10-01 10:44:05 INFO LEAD new: [Permitted] Camden/2026/1575/P — 20 Brocas Close London NW3 3LD
2026-10-01 10:44:05 INFO LEAD new: [Permitted] Camden/2026/1561/P — 16 Neal's Yard London WC2H 9DP
2026-10-01 10:44:05 INFO LEAD new: [Permitted] Camden/2026/1075/P — 198 Kilburn High Road London NW6 4JD
2026-10-01 10:44:05 INFO LEAD new: [Permitted] Camden/2026/1548/P — Fusion House 28 Rochester Place London NW1 9DF
2026-10-01 10:44:05 INFO LEAD new: [Permitted] Camden/2026/1557/P — 30 Priory Road London NW6 4SJ
2026-10-01 10:44:05 INFO LEAD new: [Permitted] Camden/2026/1570/P — 139 Gray's Inn Road London WC1X 8UB
2026-10-01 10:44:05 INFO LEAD new: [Permitted] Camden/2026/1238/P — 105-121 Judd Street London WC1H 9NE
2026-10-01 10:44:11 INFO [camden/Permitted] page at offset 1100: 100 records
2026-10-01 10:44:11 INFO LEAD new: [Permitted] Camden/2026/1538/P — 27 Willes Road London NW5 3DT
2026-10-01 10:44:11 INFO LEAD new: [Permitted] Camden/2026/1545/P — 22 Glenhurst Avenue London NW5 1PS
2026-10-01 10:44:11 INFO LEAD new: [Permitted] Camden/2026/1314/L — 16 Leigh Street London WC1H 9EW
2026-10-01 10:44:12 INFO LEAD new: [Permitted] Camden/2026/1546/L — London School Of Hygiene And Tropical Medicine Keppel Street
2026-10-01 10:44:12 INFO LEAD new: [Permitted] Camden/2026/1543/P — Phoenix Court Purchese Street London NW1 1EL
2026-10-01 10:44:12 INFO LEAD new: [Permitted] Camden/26-00290-LDCP — Kodak House 65 Kingsway London WC2B 6TD
2026-10-01 10:44:12 INFO LEAD new: [Permitted] Camden/2026/1542/P — Flat 1 10 Rugby Street London WC1N 3QZ
2026-10-01 10:44:12 INFO LEAD new: [Permitted] Camden/2026/1537/L — Kodak House 65 Kingsway London WC2B 6TD
2026-10-01 10:44:12 INFO LEAD new: [Permitted] Camden/2026/1541/L — Flat F 1 Hampstead Hill Gardens London NW3 2PH
2026-10-01 10:44:12 INFO LEAD new: [Permitted] Camden/2026/1702/L — Flat 1 10 Rugby Street London WC1N 3QZ
2026-10-01 10:44:12 INFO LEAD new: [Permitted] Camden/2026/1534/P — 25 South Hill Park London NW3 2ST
2026-10-01 10:44:12 INFO LEAD new: [Permitted] Camden/2026/1531/P — 49 Dartmouth Park Hill London NW5 1JD
2026-10-01 10:44:12 INFO LEAD new: [Permitted] Camden/2026/1393/P — The Pryors East Heath Road London NW3 1BS
2026-10-01 10:44:12 INFO LEAD new: [Permitted] Camden/2026/1547/P — Frognal House 99 Frognal London NW3 6XR
2026-10-01 10:44:12 INFO LEAD new: [Permitted] Camden/2026/1349/P — Flat 3 2 Gardnor Road London NW3 1HA
2026-10-01 10:44:12 INFO LEAD new: [Permitted] Camden/2026/1529/P — 35 Gloucester Crescent London NW1 7DL
2026-10-01 10:44:12 INFO LEAD new: [Permitted] Camden/2026/1519/L — Space House 1 Kemble Street London WC2B 4AN
2026-10-01 10:44:12 INFO LEAD new: [Permitted] Camden/2026/1530/L — 35 Gloucester Crescent London NW1 7DL
2026-10-01 10:44:12 INFO LEAD new: [Permitted] Camden/2026/1526/P — Flat A 83 Jamestown Road London NW1 7DB
2026-10-01 10:44:12 INFO LEAD new: [Permitted] Camden/2026/1527/L — 3-5 Whidborne Street London Camden WC1H 8ET
2026-10-01 10:44:12 INFO LEAD new: [Permitted] Camden/2026/1520/P — Greater London House Hampstead Road London NW1 7QX
2026-10-01 10:44:12 INFO LEAD new: [Permitted] Camden/2026/1523/A — 187 Camden High Street London NW1 7JY
2026-10-01 10:44:12 INFO LEAD new: [Permitted] Camden/2026/1524/P — 1 King's Boulevard London N1C 4BU
2026-10-01 10:44:12 INFO LEAD new: [Permitted] Camden/2026/1487/A — 199 Camden High Street London NW1 7BT
2026-10-01 10:44:12 INFO LEAD new: [Permitted] Camden/2026/1513/P — 90 Frognal London NW3 6XB
2026-10-01 10:44:12 INFO LEAD new: [Permitted] Camden/2026/1312/L — 29 Chester Terrace London NW1 4ND
2026-10-01 10:44:12 INFO LEAD new: [Permitted] Camden/26-00289-LDCP — 71 Redington Road London NW3 7RP
2026-10-01 10:44:12 INFO LEAD new: [Permitted] Camden/2026/1494/P — 248 & 250 West End Lane London Camden NW6 1LG
2026-10-01 10:44:12 INFO LEAD new: [Permitted] Camden/2026/1503/P — Frognal House 99 Frognal London NW3 6XR
2026-10-01 10:44:12 INFO LEAD new: [Permitted] Camden/2026/1497/P — 527 Finchley Road NW3 7BG
2026-10-01 10:44:12 INFO LEAD new: [Permitted] Camden/2026/1501/P — Carlton Court 120 Maida Vale London W9 1QA
2026-10-01 10:44:12 INFO LEAD new: [Permitted] Camden/2026/1512/L — 90 Frognal London Camden NW3 6XB
2026-10-01 10:44:12 INFO LEAD new: [Permitted] Camden/2026/1510/P — 2 St Pancras Way London Camden NW1 0QG
2026-10-01 10:44:12 INFO LEAD new: [Permitted] Camden/2026/1502/HS2 — 65 Gloucester Avenue London NW1 8JH
2026-10-01 10:44:12 INFO LEAD new: [Permitted] Camden/2026/1511/L — 118-132 New Oxford Street London Camden WC1A 1HL
2026-10-01 10:44:12 INFO LEAD new: [Permitted] Camden/2026/0941/P — Shell Camden 109-113 York Way London N7 9QE
2026-10-01 10:44:12 INFO LEAD new: [Permitted] Camden/2026/1469/P — Flat A 2 Fordwych Road London NW2 3TP
2026-10-01 10:44:12 INFO LEAD new: [Permitted] Camden/2026/1483/L — Flat 24 Skipwith House Portpool Lane London EC1N 7UH
2026-10-01 10:44:12 INFO LEAD new: [Permitted] Camden/2026/1507/P — 39 Fortune Green Road London NW6 1DR
2026-10-01 10:44:12 INFO LEAD new: [Permitted] Camden/2026/1468/A — 66 Hampstead High Street London NW3 1QP
2026-10-01 10:44:12 INFO LEAD new: [Permitted] Camden/2026/1467/P — Ground Floor Flat 8 Frognal Lane London NW3 7DU
2026-10-01 10:44:12 INFO LEAD new: [Permitted] Camden/2026/1450/P — 40 Leighton Road London NW5 2QE
2026-10-01 10:44:12 INFO LEAD new: [Permitted] Camden/2026/1476/P — 31 Elsworthy Road London NW3 3BT
2026-10-01 10:44:12 INFO LEAD new: [Permitted] Camden/2026/1460/P — Abbey Estate 3 Abbey Road London NW6 4DX
2026-10-01 10:44:12 INFO LEAD new: [Permitted] Camden/2026/1085/A — 198 Kilburn High Road London NW6 4JD
2026-10-01 10:44:12 INFO LEAD new: [Permitted] Camden/2026/1457/A — 39 Fortune Green Road London NW6 1DR
2026-10-01 10:44:12 INFO LEAD new: [Permitted] Camden/2026/1479/A — 55 Monmouth Street London WC2H 9DG
2026-10-01 10:44:12 INFO LEAD new: [Permitted] Camden/2026/1480/L — 55 Monmouth Street London WC2H 9DG
2026-10-01 10:44:12 INFO LEAD new: [Permitted] Camden/2026/1478/P — 4 Ariel Road London NW6 2DY
2026-10-01 10:44:12 INFO LEAD new: [Permitted] Camden/2026/1481/P — 194 Kentish Town Road London Camden NW5 2AE
2026-10-01 10:44:12 INFO LEAD new: [Permitted] Camden/2026/1442/P — 13 Hampstead Hill Gardens London NW3 2PH
2026-10-01 10:44:12 INFO LEAD new: [Permitted] Camden/2026/1333/L — 53 Sidmouth Street London WC1H 8JX
2026-10-01 10:44:12 INFO LEAD new: [Permitted] Camden/2026/1435/P — 13 Kemplay Road London NW3 1TA
2026-10-01 10:44:12 INFO LEAD new: [Permitted] Camden/2026/1430/L — 5 Jeffrey's Street London NW1 9PS
2026-10-01 10:44:12 INFO LEAD new: [Permitted] Camden/2026/1443/P — 13 Hampstead Hill Gardens London NW3 2PH
2026-10-01 10:44:12 INFO LEAD new: [Permitted] Camden/2026/1438/P — 37 Denning Road London NW3 1ST
2026-10-01 10:44:12 INFO LEAD new: [Permitted] Camden/2026/1432/P — 12 Holmdale Road London NW6 1BS
2026-10-01 10:44:12 INFO LEAD new: [Permitted] Camden/2026/1444/P — 40 Achilles Road London NW6 1EA
2026-10-01 10:44:12 INFO LEAD new: [Permitted] Camden/2026/1439/A — Frontage Building Great Ormond Street Childrens Hospital Gre
2026-10-01 10:44:12 INFO LEAD new: [Permitted] Camden/2026/1436/P — 47 St Augustine's Road London NW1 9RL
2026-10-01 10:44:12 INFO LEAD new: [Permitted] Camden/2026/1446/P — 50 Barlow Road London NW6 2BJ
2026-10-01 10:44:12 INFO LEAD new: [Permitted] Camden/2026/1434/L — UCL Slade School of Art Building Gower Street London WC1E 6B
2026-10-01 10:44:12 INFO LEAD new: [Permitted] Camden/2026/1245/P — 23 Monmouth Street London WC2H 9DD
2026-10-01 10:44:12 INFO LEAD new: [Permitted] Camden/2026/1431/P — 18 Courthope Road London NW3 2LB
2026-10-01 10:44:12 INFO LEAD new: [Permitted] Camden/2026/1447/P — 30 Priory Road London NW6 4SJ
2026-10-01 10:44:12 INFO LEAD new: [Permitted] Camden/2026/1398/P — 84 Hawtrey Road London NW3 3SS
2026-10-01 10:44:12 INFO LEAD new: [Permitted] Camden/2026/1415/P — 33 Chancery Lane London WC2A 1EN
2026-10-01 10:44:12 INFO LEAD new: [Permitted] Camden/2026/1406/P — Land South of CATS Building Freight Lane London N1C 4BE
2026-10-01 10:44:12 INFO LEAD new: [Permitted] Camden/2026/1203/P — 56 Coity Road London NW5 4RY
2026-10-01 10:44:12 INFO LEAD new: [Permitted] Camden/2026/1407/L — 1 Cannon Lane London NW3 1EL
2026-10-01 10:44:12 INFO LEAD new: [Permitted] Camden/2026/1408/P — Flat Basement And Ground Floor 13 Belsize Road London NW6 4R
2026-10-01 10:44:12 INFO LEAD new: [Permitted] Camden/2026/1417/P — 37 Dartmouth Park Avenue London NW5 1JL
2026-10-01 10:44:12 INFO LEAD new: [Permitted] Camden/2026/1401/P — Flat B 29 Caversham Road London NW5 2DR
2026-10-01 10:44:17 WARNING Rate limited (429); waiting 418s before retry 1/6
2026-10-01 10:51:16 WARNING Request failed (403 Client Error: Forbidden for url: https://www.planit.org.uk/api/applics/json?app_state=Permitted&start_date=2023-10-01&end_date=2026-10-01&pg_sz=100&auth=Camden&offset=1200); retry 2/6 in 10s
2026-10-01 10:51:28 INFO [camden/Permitted] page at offset 1200: 100 records
2026-10-01 10:51:28 INFO LEAD new: [Permitted] Camden/2026/1421/P — Top Flat 17 Lambolle Road London NW3 4HS
2026-10-01 10:51:28 INFO LEAD new: [Permitted] Camden/2026/1418/P — Land on Frognal Rise Hampstead NW3 6SZ
2026-10-01 10:51:28 INFO LEAD new: [Permitted] Camden/2026/1385/L — 46 Tottenham Court Road London W1T 2ED
2026-10-01 10:51:28 INFO LEAD new: [Permitted] Camden/2026/1391/P — 100 Avenue Road London NW3 3HF
2026-10-01 10:51:28 INFO LEAD new: [Permitted] Camden/2026/1388/P — 93 Hillway London N6 6AB
2026-10-01 10:51:28 INFO LEAD new: [Permitted] Camden/2026/1336/P — 2 Chalcot Gardens London NW3 4YB
2026-10-01 10:51:28 INFO LEAD new: [Permitted] Camden/2026/1392/P — 84 Hawtrey Road London NW3 3SS
2026-10-01 10:51:28 INFO LEAD new: [Permitted] Camden/2026/1246/P — Holy Trinity And St Silas Primary School Hartland Road Londo
2026-10-01 10:51:28 INFO LEAD new: [Permitted] Camden/2026/1378/L — 3-5 Whidborne Street London WC1H 8ET
2026-10-01 10:51:28 INFO LEAD new: [Permitted] Camden/2026/1383/P — 33-35 Jamestown Road London NW1 7HD
2026-10-01 10:51:28 INFO LEAD new: [Permitted] Camden/2026/1371/P — 7 Flat Ground Floor St George's Terrace London Camden NW1 8X
2026-10-01 10:51:28 INFO LEAD new: [Permitted] Camden/2026/1366/P — McDonald's 293-299 Kentish Town Road London NW5 2AB
2026-10-01 10:51:28 INFO LEAD new: [Permitted] Camden/2026/1628/L — 7 Flat Ground Floor St George's Terrace London Camden NW1 8X
2026-10-01 10:51:28 INFO LEAD new: [Permitted] Camden/2026/0488/P — South Hampstead Junior School 12 Netherhall Gardens London N
2026-10-01 10:51:28 INFO LEAD new: [Permitted] Camden/2026/1159/P — 165 King's Cross Road London WC1X 9BN
2026-10-01 10:51:28 INFO LEAD new: [Permitted] Camden/2026/1345/P — 15 Wedderburn Road London NW3 5QS
2026-10-01 10:51:28 INFO LEAD new: [Permitted] Camden/2026/1350/P — 219-229 Shaftesbury Avenue London WC2H 8EJ
2026-10-01 10:51:28 INFO LEAD new: [Permitted] Camden/2026/0949/P — Flat 2nd Floor 64 St Augustine's Road London NW1 9RP
2026-10-01 10:51:28 INFO LEAD new: [Permitted] Camden/2026/1279/P — Flat 1 26 Kingdon Road London NW6 1PH
2026-10-01 10:51:28 INFO LEAD new: [Permitted] Camden/2026/1354/P — 87-89 Marchmont Street London WC1N 1AL
2026-10-01 10:51:28 INFO LEAD new: [Permitted] Camden/2026/1355/L — 49 Arlington Road London Camden NW1 7ES
2026-10-01 10:51:28 INFO LEAD new: [Permitted] Camden/2026/1264/P — Flat A 30 Glenloch Road London NW3 4DN
2026-10-01 10:51:28 INFO LEAD new: [Permitted] Camden/2026/0114/P — Ground Floor Flat 17 Rona Road London NW3 2HY
2026-10-01 10:51:28 INFO LEAD new: [Permitted] Camden/2026/1318/P — 19 Croftdown Road London NW5 1EL
2026-10-01 10:51:28 INFO LEAD new: [Permitted] Camden/2026/1321/P — 120 College Place London NW1 0DJ
2026-10-01 10:51:28 INFO LEAD new: [Permitted] Camden/2026/1299/P — 52 Elsworthy Road London NW3 3BU
2026-10-01 10:51:28 INFO LEAD new: [Permitted] Camden/2026/1323/P — Former 271 Bus Stand Highgate High Street N6 5JX
2026-10-01 10:51:28 INFO LEAD new: [Permitted] Camden/2026/0185/P — 18 Keats Grove London NW3 2RS
2026-10-01 10:51:28 INFO LEAD new: [Permitted] Camden/2026/1319/P — 9 Wadham Gardens London Camden NW3 3DN
2026-10-01 10:51:28 INFO LEAD new: [Permitted] Camden/2026/0221/L — 18 Keats Grove London NW3 2RS
2026-10-01 10:51:28 INFO LEAD new: [Permitted] Camden/2026/1332/L — Sir John Soanes Museum 13 Lincoln's Inn Fields London Camden
2026-10-01 10:51:28 INFO LEAD new: [Permitted] Camden/2026/1322/L — University Of London Connaught Hall 36-45 Tavistock Square L
2026-10-01 10:51:28 INFO LEAD new: [Permitted] Camden/2026/1410/L — Flat D 5 Leigh Street London WC1H 9EW
2026-10-01 10:51:28 INFO LEAD new: [Permitted] Camden/2026/1329/P — Flat D 5 Leigh Street London WC1H 9EW
2026-10-01 10:51:28 INFO LEAD new: [Permitted] Camden/2026/1324/P — Euston Tower 286 Euston Road London NW1 3DP
2026-10-01 10:51:28 INFO LEAD new: [Permitted] Camden/2026/1327/P — County House 14-15 Hatton Garden London EC1N 8AT
2026-10-01 10:51:28 INFO LEAD new: [Permitted] Camden/2026/0691/P — 18 Keats Grove London Camden NW3 2RS
2026-10-01 10:51:28 INFO LEAD new: [Permitted] Camden/2026/0711/L — 18 Keats Grove London Camden NW3 2RS
2026-10-01 10:51:28 INFO LEAD new: [Permitted] Camden/2026/1326/P — 33-34 Belsize Square London NW3 4HL
2026-10-01 10:51:28 INFO LEAD new: [Permitted] Camden/2026/1300/P — Land to the south of Murphy's Yard Highgate Road NW5 1TN
2026-10-01 10:51:28 INFO LEAD new: [Permitted] Camden/2026/1309/P — Regents Place Campus Regents Place London NW1 3BG
2026-10-01 10:51:28 INFO LEAD new: [Permitted] Camden/2026/1209/P — 25 Elsworthy Road London NW3 3BT
2026-10-01 10:51:28 INFO LEAD new: [Permitted] Camden/2026/1301/P — Land to the south of Murphy's Yard Highgate Road NW5 1TN
2026-10-01 10:51:28 INFO LEAD new: [Permitted] Camden/2026/1298/P — The Lincoln's Inn Chapel Lincoln's Inn Fields London WC2A 3T
2026-10-01 10:51:28 INFO LEAD new: [Permitted] Camden/2026/2755/L — The Lincoln's Inn Chapel Lincoln's Inn Fields London WC2A 3T
2026-10-01 10:51:28 INFO LEAD new: [Permitted] Camden/2026/1305/P — The Unicorn 227 Camden Road London NW1 9AA
2026-10-01 10:51:28 INFO LEAD new: [Permitted] Camden/2026/1343/P — 1 Marylebone Road London NW1 4AQ
2026-10-01 10:51:28 INFO LEAD new: [Permitted] Camden/2026/0667/A — The British Museum Great Russell Street London WC1B 3DG
2026-10-01 10:51:28 INFO LEAD new: [Permitted] Camden/2026/1310/P — Mulberry House 12 A Church Row London Camden NW3 6UU
2026-10-01 10:51:28 INFO LEAD new: [Permitted] Camden/2026/1265/P — Belsize Square Synagogue 51 Belsize Square London NW3 4HX
2026-10-01 10:51:28 INFO LEAD new: [Permitted] Camden/2026/0668/L — The British Museum Great Russell Street London WC1B 3DG
2026-10-01 10:51:28 INFO LEAD new: [Permitted] Camden/2026/1127/P — 114 Highgate Road London NW5 1PB
2026-10-01 10:51:28 INFO LEAD new: [Permitted] Camden/26-00276-LDCP — Garden Flat & Flat Ground Floor 34 Belsize Park London NW3 4
2026-10-01 10:51:28 INFO LEAD new: [Permitted] Camden/2026/1297/P — 72-78 Lamb's Conduit Street London Camden WC1N 3LP
2026-10-01 10:51:28 INFO LEAD new: [Permitted] Camden/2026/1292/P — 2 Early Mews London NW1 7HG
2026-10-01 10:51:28 INFO LEAD new: [Permitted] Camden/2026/1290/P — 9-10 Harben Parade Finchley Road London NW3 6JP
2026-10-01 10:51:28 INFO LEAD new: [Permitted] Camden/2026/1294/HS2 — Swiss Cottage Library 88 Avenue Road London NW3 3HA
2026-10-01 10:51:28 INFO LEAD new: [Permitted] Camden/2026/1281/HS2 — Alexandra Road Estate Ainsworth Way London NW8
2026-10-01 10:51:28 INFO LEAD new: [Permitted] Camden/26-00275-HAPP — 5 Gayton Road London NW3 1TX
2026-10-01 10:51:28 INFO LEAD new: [Permitted] Camden/2026/0649/P — Flat 3, 2nd And 3rd Floor 55 Parliament Hill London NW3 2TB
2026-10-01 10:51:28 INFO LEAD new: [Permitted] Camden/2026/1293/P — 2 Early Mews London NW1 7HG
2026-10-01 10:51:35 INFO [camden/Permitted] page at offset 1300: 100 records
2026-10-01 10:51:35 INFO LEAD new: [Permitted] Camden/2026/1263/P — Spencer House 9-11 Belsize Park Gardens London NW3 4JR
2026-10-01 10:51:35 INFO LEAD new: [Permitted] Camden/2026/0919/P — North Bridge House Senior School 65 Rosslyn Hill London NW3 
2026-10-01 10:51:35 INFO LEAD new: [Permitted] Camden/2026/1252/P — 31 Gondar Gardens London NW6 1EP
2026-10-01 10:51:35 INFO LEAD new: [Permitted] Camden/2026/1250/P — 45 Rudall Crescent London NW3 1RR
2026-10-01 10:51:35 INFO LEAD new: [Permitted] Camden/2026/1249/P — 45 Flat C Adelaide Road London Camden NW3 3QB
2026-10-01 10:51:35 INFO LEAD new: [Permitted] Camden/2026/0344/P — Friends House Euston Road London NW1 2BJ
2026-10-01 10:51:35 INFO LEAD new: [Permitted] Camden/2026/1262/P — 105-121 Judd Street London WC1H 9NE
2026-10-01 10:51:35 INFO LEAD new: [Permitted] Camden/2026/0428/L — Friends House Euston Road London NW1 2BJ
2026-10-01 10:51:35 INFO LEAD new: [Permitted] Camden/2026/1259/P — Spencer House 9-11 Belsize Park Gardens London NW3 4JR
2026-10-01 10:51:35 INFO LEAD new: [Permitted] Camden/2026/1134/P — Flat A 5 Minster Road London NW2 3SD
2026-10-01 10:51:35 INFO LEAD new: [Permitted] Camden/2026/1257/L — School Of Hygiene And Tropical Medicine Keppel Street London
2026-10-01 10:51:35 INFO LEAD new: [Permitted] Camden/2026/1232/P — William Ellis School Highgate Road London Camden NW5 1RN
2026-10-01 10:51:35 INFO LEAD new: [Permitted] Camden/2026/1235/L — 114 High Holborn London WC1V 6JQ
2026-10-01 10:51:35 INFO LEAD new: [Permitted] Camden/2026/1234/A — 114 High Holborn London WC1V 6JQ
2026-10-01 10:51:35 INFO LEAD new: [Permitted] Camden/2026/0592/L — Isokon Lawn Road London NW3 2XD
2026-10-01 10:51:35 INFO LEAD new: [Permitted] Camden/2026/1244/L — Offices And Premises At 1st And Mezzanine Floor Western Tran
2026-10-01 10:51:35 INFO LEAD new: [Permitted] Camden/2026/1247/L — 19 Kelly Street London NW1 8PG
2026-10-01 10:51:35 INFO LEAD new: [Permitted] Camden/2026/0838/L — 88 South Hill Park London NW3 2SN
2026-10-01 10:51:35 INFO LEAD new: [Permitted] Camden/2026/1230/A — 124 Theobald's Road London WC1X 8RX
2026-10-01 10:51:35 INFO LEAD new: [Permitted] Camden/2026/1206/P — Flat 2nd, 3rd, and 4th Floor 48 Falkland Road London NW5 2XA
2026-10-01 10:51:35 INFO LEAD new: [Permitted] Camden/2026/1224/L — 10 Park Village West London NW1 4AE
2026-10-01 10:51:35 INFO LEAD new: [Permitted] Camden/2026/1198/P — 95 Belsize Lane London NW3 5AU
2026-10-01 10:51:35 INFO LEAD new: [Permitted] Camden/2026/1161/P — 110 High Holborn London WC1V 6JS
2026-10-01 10:51:35 INFO LEAD new: [Permitted] Camden/2026/1255/A — 63 Tottenham Court Road London W1T 2ES
2026-10-01 10:51:35 INFO LEAD new: [Permitted] Camden/2026/0989/P — Flat A 11 Gladys Road London NW6 2PU
2026-10-01 10:51:35 INFO LEAD new: [Permitted] Camden/2026/1365/L — Central St Martins College Of Arts And Design 1 Granary Buil
2026-10-01 10:51:35 INFO LEAD new: [Permitted] Camden/2026/1222/P — Central St Martins College Of Arts And Design 1 Granary Buil
2026-10-01 10:51:35 INFO LEAD new: [Permitted] Camden/2026/1205/P — 8 Conybeare London NW3 3SD
2026-10-01 10:51:35 INFO LEAD new: [Permitted] Camden/2026/1219/P — 14 Templewood Avenue London NW3 7XA
2026-10-01 10:51:35 INFO LEAD new: [Permitted] Camden/2026/1220/P — 14 Templewood Avenue London NW3 7XA
2026-10-01 10:51:35 INFO LEAD new: [Permitted] Camden/2026/0766/P — 91 Royal College Street London NW1 0SE
2026-10-01 10:51:35 INFO LEAD new: [Permitted] Camden/2026/1218/P — 14 Templewood Avenue London NW3 7XA
2026-10-01 10:51:35 INFO LEAD new: [Permitted] Camden/2026/0965/L — 50 A Netherhall Gardens London Camden NW3 5RG
2026-10-01 10:51:35 INFO LEAD new: [Permitted] Camden/2026/1193/P — Flat 6 Heath Mansions Hampstead Grove London NW3 6SL
2026-10-01 10:51:35 INFO LEAD new: [Permitted] Camden/2026/1200/P — Maisonette Basement And Ground Floor Front 29 Gladys Road Lo
2026-10-01 10:51:35 INFO LEAD new: [Permitted] Camden/2026/0693/L — 39 Flat C Frognal London Camden NW3 6YD
2026-10-01 10:51:35 INFO LEAD new: [Permitted] Camden/2026/1192/P — 44 Cleveland Street London W1T 4JT
2026-10-01 10:51:35 INFO LEAD new: [Permitted] Camden/2026/1197/P — Medway Court Judd Street London WC1H 9QZ
2026-10-01 10:51:35 INFO LEAD new: [Permitted] Camden/2026/1202/P — 151-153 Camden High Street London NW1 7JY
2026-10-01 10:51:35 INFO LEAD new: [Permitted] Camden/2026/1179/P — Flat 1st, 2nd and 3rd Floor 168 Regent's Park Road London NW
2026-10-01 10:51:35 INFO LEAD new: [Permitted] Camden/2026/1167/L — British Museum Great Russell Street London Camden WC1E 7JW
2026-10-01 10:51:35 INFO LEAD new: [Permitted] Camden/2026/0828/P — 11 Pratt Mews London NW1 0AD
2026-10-01 10:51:35 INFO LEAD new: [Permitted] Camden/2026/1185/L — 32 Gloucester Crescent London NW1 7DL
2026-10-01 10:51:35 INFO LEAD new: [Permitted] Camden/2026/1186/P — 24 Endell Street London WC2H 9HQ
2026-10-01 10:51:35 INFO LEAD new: [Permitted] Camden/2026/0005/P — 19 Well Road London NW3 1LH
2026-10-01 10:51:35 INFO LEAD new: [Permitted] Camden/2026/1170/A — 4 Chalk Farm Road London NW1 8AA
2026-10-01 10:51:35 INFO LEAD new: [Permitted] Camden/2026/1142/P — Flat A 3 Jeffrey's Place London NW1 9PP
2026-10-01 10:51:35 INFO LEAD new: [Permitted] Camden/2026/1180/L — Space House 1 Kemble Street London WC2B 4AN
2026-10-01 10:51:35 INFO LEAD new: [Permitted] Camden/2026/1184/L — 19 Well Road London NW3 1LH
2026-10-01 10:51:35 INFO LEAD new: [Permitted] Camden/2026/1165/P — Flat 3, 179 Gloucester Avenue London NW1 8LA
2026-10-01 10:51:35 INFO LEAD new: [Permitted] Camden/2026/1153/P — Euston Tower 286 Euston Road London NW1 3DP
2026-10-01 10:51:35 INFO LEAD new: [Permitted] Camden/2026/0827/P — 15-17 Tottenham Court Road London W1T 1BJ
2026-10-01 10:51:35 INFO LEAD new: [Permitted] Camden/2026/0794/P — Basement Flat 25 Kingsgate Road London NW6 4TD
2026-10-01 10:51:35 INFO LEAD new: [Permitted] Camden/2026/0973/P — 25 Chester Terrace London Camden NW1 4ND
2026-10-01 10:51:35 INFO LEAD new: [Permitted] Camden/26-00269-HAPP — 31 Spencer Rise London NW5 1AR
2026-10-01 10:51:35 INFO LEAD new: [Permitted] Camden/2026/1160/P — 7 Holly Village Swain's Lane London Camden N6 6QJ
2026-10-01 10:51:35 INFO LEAD new: [Permitted] Camden/2026/1163/P — 9 Penryn Street London NW1 1RL
2026-10-01 10:51:35 INFO LEAD new: [Permitted] Camden/2026/1166/P — Utopia Village 7 Chalcot Road London NW1 8LH
2026-10-01 10:51:35 INFO LEAD new: [Permitted] Camden/2026/1389/L — 7 Holly Village Swain's Lane London Camden N6 6QJ
2026-10-01 10:51:35 INFO LEAD new: [Permitted] Camden/2026/1115/P — 84 Hawtrey Road London NW3 3SS
2026-10-01 10:51:35 INFO LEAD new: [Permitted] Camden/2026/1117/P — 16 Ellerdale Road London NW3 6BB
2026-10-01 10:51:35 INFO LEAD new: [Permitted] Camden/2026/1131/P — 56 Lady Somerset Road London NW5 1TU
2026-10-01 10:51:35 INFO LEAD new: [Permitted] Camden/2026/1145/P — 30 Flat 1 Redington Road London NW3 7RB
2026-10-01 10:51:35 INFO LEAD new: [Permitted] Camden/2026/1129/P — First Avenue House 42-49 High Holborn London WC1V 6NP
2026-10-01 10:51:35 INFO LEAD new: [Permitted] Camden/2026/1133/P — 155 Drummond Street London NW1 2PB
2026-10-01 10:51:35 INFO LEAD new: [Permitted] Camden/2026/1114/P — 3-4 South Square London WC1R 5HP
2026-10-01 10:51:35 INFO LEAD new: [Permitted] Camden/2026/0460/P — 43 Croftdown Road London NW5 1EL
2026-10-01 10:51:35 INFO LEAD new: [Permitted] Camden/2026/1126/A — 52 Brunswick Centre London WC1N 1AE
2026-10-01 10:51:35 INFO LEAD new: [Permitted] Camden/2026/1121/P — Camden Goods Yard Chalk Farm Road London NW1 8EH
2026-10-01 10:51:35 INFO LEAD new: [Permitted] Camden/26-00268-LDCP — 30 Oakeshott Avenue London N6 6NS
2026-10-01 10:51:35 INFO LEAD new: [Permitted] Camden/2026/1120/P — 14 Montpelier Grove London NW5 2XD
2026-10-01 10:51:35 INFO LEAD new: [Permitted] Camden/2026/1110/P — 34 Meadowbank London NW3 3AY
2026-10-01 10:51:35 INFO LEAD new: [Permitted] Camden/2026/1099/P — 248-250 Camden Road Hostel Camden Road London Camden NW1 9HE
2026-10-01 10:51:35 INFO LEAD new: [Permitted] Camden/2026/1113/P — 95 Castlehaven Road London NW1 8SJ
2026-10-01 10:51:35 INFO LEAD new: [Permitted] Camden/2026/1108/P — Lower Ground Floor 13 Chalcot Square London NW1 8YA
2026-10-01 10:51:41 INFO [camden/Permitted] page at offset 1400: 100 records
2026-10-01 10:51:41 INFO LEAD new: [Permitted] Camden/2026/1199/L — Lower Ground Floor 13 Chalcot Square London NW1 8YA
2026-10-01 10:51:42 INFO LEAD new: [Permitted] Camden/2026/0928/L — The British Library 96 Euston Road London NW1 2DB
2026-10-01 10:51:42 INFO LEAD new: [Permitted] Camden/2026/1080/P — Land to the North of the British Library 96 Euston Road Lond
2026-10-01 10:51:42 INFO LEAD new: [Permitted] Camden/2026/1083/P — Land to the North of the British Library 96 Euston Road Lond
2026-10-01 10:51:42 INFO LEAD new: [Permitted] Camden/2026/1092/L — 12 Park Village West London NW1 4AE
2026-10-01 10:51:42 INFO LEAD new: [Permitted] Camden/2026/1079/P — Abacus Belsize Primary School Jubilee Waterside Centre 105 C
2026-10-01 10:51:42 INFO LEAD new: [Permitted] Camden/2026/0474/P — Queensmead Estate Mancroft, Sheringham, Walsingham and Wymon
2026-10-01 10:51:42 INFO LEAD new: [Permitted] Camden/2026/1084/P — 13 Hampstead Hill Gardens London NW3 2PH
2026-10-01 10:51:42 INFO LEAD new: [Permitted] Camden/2026/1091/L — 15 Eton Villas London NW3 4SG
2026-10-01 10:51:42 INFO LEAD new: [Permitted] Camden/2026/1015/P — 7 Makepeace Avenue London N6 6EL
2026-10-01 10:51:42 INFO LEAD new: [Permitted] Camden/2026/1095/L — University College School Frognal London Camden NW3 6XH
2026-10-01 10:51:42 INFO LEAD new: [Permitted] Camden/26-00264-LDCP — 13 St Mark's Crescent London NW1 7TS
2026-10-01 10:51:42 INFO LEAD new: [Permitted] Camden/2026/1067/P — 26 Leverton Street London NW5 2PJ
2026-10-01 10:51:42 INFO LEAD new: [Permitted] Camden/2026/1050/P — 43 Croftdown Road London NW5 1EL
2026-10-01 10:51:42 INFO LEAD new: [Permitted] Camden/2026/1061/P — Holiday Inn Bloomsbury Coram Street London WC1N 1HT
2026-10-01 10:51:42 INFO LEAD new: [Permitted] Camden/2026/0640/P — 69 Belsize Park London NW3 4EH
2026-10-01 10:51:42 INFO LEAD new: [Permitted] Camden/2026/0778/A — 2 South Grove London N6 6BS
2026-10-01 10:51:42 INFO LEAD new: [Permitted] Camden/2026/0992/P — 35 Meadowbank London NW3 3AY
2026-10-01 10:51:42 INFO LEAD new: [Permitted] Camden/2026/1037/L — 2 South Grove London N6 6BS
2026-10-01 10:51:42 INFO LEAD new: [Permitted] Camden/2026/1062/P — 13 Glenbrook Road London NW6 1TN
2026-10-01 10:51:42 INFO LEAD new: [Permitted] Camden/2026/0959/A — 140-142 Camden High Street London NW1 0NG
2026-10-01 10:51:42 INFO LEAD new: [Permitted] Camden/2026/1051/P — 1A Earlham Street London WC2H 9LL
2026-10-01 10:51:42 INFO LEAD new: [Permitted] Camden/2026/1054/L — 49 Arlington Road London Camden NW1 7ES
2026-10-01 10:51:42 INFO LEAD new: [Permitted] Camden/2026/0736/P — 9 Stone Buildings London WC2A 3NN
2026-10-01 10:51:42 INFO LEAD new: [Permitted] Camden/2026/1070/P — 19-30 Whittington House Alfred Place London WC1E 7EA
2026-10-01 10:51:42 INFO LEAD new: [Permitted] Camden/2026/1074/L — 83 Highgate West Hill London Camden N6 6LU
2026-10-01 10:51:42 INFO LEAD new: [Permitted] Camden/2026/0757/L — 9 Stone Buildings London WC2A 3NN
2026-10-01 10:51:42 INFO LEAD new: [Permitted] Camden/2026/0805/P — 52-65 Chalcot Road London NW1 8LY
2026-10-01 10:51:42 INFO LEAD new: [Permitted] Camden/2026/1024/L — 82 South Hill Park London NW3 2SN
2026-10-01 10:51:42 INFO LEAD new: [Permitted] Camden/2026/1031/P — Land to the North of the British Library 96 Euston Road Lond
2026-10-01 10:51:42 INFO LEAD new: [Permitted] Camden/2026/1042/L — 10A Ainsworth Way London NW8 0SR
2026-10-01 10:51:42 INFO LEAD new: [Permitted] Camden/2026/1032/P — Land to the North of the British Library 96 Euston Road Lond
2026-10-01 10:51:42 INFO LEAD new: [Permitted] Camden/2026/1040/L — 19B Rowley Way London NW8 0SQ
2026-10-01 10:51:42 INFO LEAD new: [Permitted] Camden/2026/1021/P — 14 Burgess Hill London NW2 2DA
2026-10-01 10:51:42 INFO LEAD new: [Permitted] Camden/2026/1044/A — 189-191 Camden High Street London NW1 7BP
2026-10-01 10:51:42 INFO LEAD new: [Permitted] Camden/2026/0809/P — 47 Shirlock Road London NW3 2HR
2026-10-01 10:51:42 INFO LEAD new: [Permitted] Camden/2026/0739/P — 49 Arlington Road London Camden NW1 7ES
2026-10-01 10:51:42 INFO LEAD new: [Permitted] Camden/2026/1043/P — University College School Frognal London NW3 6XH
2026-10-01 10:51:42 INFO LEAD new: [Permitted] Camden/2026/1039/P — 126 Albert Street London Camden NW1 7NE
2026-10-01 10:51:42 INFO LEAD new: [Permitted] Camden/2026/1034/P — Land to the North of the British Library 96 Euston Road Lond
2026-10-01 10:51:42 INFO LEAD new: [Permitted] Camden/2026/1033/P — Land to the North of the British Library 96 Euston Road Lond
2026-10-01 10:51:42 INFO LEAD new: [Permitted] Camden/2026/1035/P — Land to the North of the British Library 96 Euston Road Lond
2026-10-01 10:51:42 INFO LEAD new: [Permitted] Camden/2026/1005/P — Development Site At 14 To 19 Tottenham Mews London W1T 4AA
2026-10-01 10:51:42 INFO LEAD new: [Permitted] Camden/2026/0994/P — Camden Goods Yard Chalk Farm Road London NW1 8EH
2026-10-01 10:51:42 INFO LEAD new: [Permitted] Camden/2026/0808/L — 8 Lincoln's Inn Fields London Camden WC2A 3BP
2026-10-01 10:51:42 INFO LEAD new: [Permitted] Camden/2026/1006/P — Camden Goods Yard Chalk Farm Road London NW1 8EH
2026-10-01 10:51:42 INFO LEAD new: [Permitted] Camden/2026/1010/P — Flat 1 57 Hemstal Road London NW6 2AD
2026-10-01 10:51:42 INFO LEAD new: [Permitted] Camden/2026/1016/P — 28 Park Village East London NW1 7PZ
2026-10-01 10:51:42 INFO LEAD new: [Permitted] Camden/2026/1942/L — 28 Park Village East London NW1 7PZ
2026-10-01 10:51:42 INFO LEAD new: [Permitted] Camden/2026/1008/L — The British Museum Great Russell Street London WC1E 7JW
2026-10-01 10:51:42 INFO LEAD new: [Permitted] Camden/2026/0991/P — 19 Bassett Street London NW5 4PG
2026-10-01 10:51:42 INFO LEAD new: [Permitted] Camden/2026/1007/P — Camden Goods Yard Chalk Farm Road London NW1 8EH
2026-10-01 10:51:42 INFO LEAD new: [Permitted] Camden/2026/0382/P — Flat 4 27 Willow Road London NW3 1TL
2026-10-01 10:51:42 INFO LEAD new: [Permitted] Camden/2026/0993/P — 15 Eton Villas London NW3 4SG
2026-10-01 10:51:42 INFO LEAD new: [Permitted] Camden/2026/0999/A — 30 Jamestown Road London NW1 7BY
2026-10-01 10:51:42 INFO LEAD new: [Permitted] Camden/2026/0983/P — 32 Gloucester Crescent London NW1 7DL
2026-10-01 10:51:42 INFO LEAD new: [Permitted] Camden/2026/0980/L — The British Museum Great Russell Street London WC1B 8DG
2026-10-01 10:51:42 INFO LEAD new: [Permitted] Camden/2026/0975/P — 21 Chalcot Crescent London NW1 8YE
2026-10-01 10:51:42 INFO LEAD new: [Permitted] Camden/2026/0981/P — St Johns Lodge, The Studio Harley Road London NW3 3BY
2026-10-01 10:51:48 INFO [camden/Permitted] page at offset 1500: 100 records
2026-10-01 10:51:48 INFO LEAD new: [Permitted] Camden/2026/1162/L — 25 Chester Terrace London Camden NW1 4ND
2026-10-01 10:51:48 INFO LEAD new: [Permitted] Camden/2026/1289/A — Barclays Bank Plc 28 Hampstead High Street London Camden NW3
2026-10-01 10:51:48 INFO LEAD new: [Permitted] Camden/2026/1086/L — Maisonette Ground 1st 2nd And 3rd Floor 13 Chalcot Square Lo
2026-10-01 10:51:48 INFO LEAD new: [Permitted] Camden/2026/0967/P — 3 Roderick Road London NW3 2NN
2026-10-01 10:51:48 INFO LEAD new: [Permitted] Camden/2026/0972/P — 28 Barclays Bank Plc Hampstead High Street London Camden NW3
2026-10-01 10:51:48 INFO LEAD new: [Permitted] Camden/2026/0958/P — 11 Cannon Lane London NW3 1EL
2026-10-01 10:51:48 INFO LEAD new: [Permitted] Camden/2026/0939/A — Ground Floor 2 Premier House 150 Southampton Row London WC1B
2026-10-01 10:51:48 INFO LEAD new: [Permitted] Camden/2026/0946/A — Central St Giles Piazza St Giles High Street London WC2H 8AG
2026-10-01 10:51:48 INFO LEAD new: [Permitted] Camden/2026/0960/P — Flat 2 75 Parliament Hill London NW3 2TH
2026-10-01 10:51:48 INFO LEAD new: [Permitted] Camden/2026/0947/P — Central St Giles Piazza St Giles High Street London WC2H 8AG
2026-10-01 10:51:48 INFO LEAD new: [Permitted] Camden/2026/0950/P — Land Adjacent to 63 Netherhall Gardens London NW3 5RE
2026-10-01 10:51:48 INFO LEAD new: [Permitted] Camden/2026/0956/P — 19 St Paul's Crescent London NW1 9XN
2026-10-01 10:51:48 INFO LEAD new: [Permitted] Camden/2026/0954/P — Flat 1 54 Lamb's Conduit Street London WC1N 3LW
2026-10-01 10:51:49 INFO LEAD new: [Permitted] Camden/2026/0952/L — Barclays Bank Plc 28 Hampstead High Street London Camden NW3
2026-10-01 10:51:49 INFO LEAD new: [Permitted] Camden/2026/0940/P — 34 Avenue Road London NW8 6BU
2026-10-01 10:51:49 INFO LEAD new: [Permitted] Camden/2026/0955/P — Sherrifs House 14 Long Yard London WC1N 3LU
2026-10-01 10:51:49 INFO LEAD new: [Permitted] Camden/2026/0936/P — 44 Constantine Road London NW3 2NE
2026-10-01 10:51:49 INFO LEAD new: [Permitted] Camden/2026/0938/P — Ambassadors Theatre West Street London WC2H 9ND
2026-10-01 10:51:49 INFO LEAD new: [Permitted] Camden/2026/0948/L — Ambassadors Theatre West Street London WC2H 9ND
2026-10-01 10:51:49 INFO LEAD new: [Permitted] Camden/2026/0929/P — Flat A 22 Greville Road London NW6 5JA
2026-10-01 10:51:49 INFO LEAD new: [Permitted] Camden/2026/0926/P — Basement Flat 30 Inkerman Road London NW5 3BT
2026-10-01 10:51:49 INFO LEAD new: [Permitted] Camden/2026/0922/P — Florida State University 103-104 Great Russell Street London
2026-10-01 10:51:49 INFO LEAD new: [Permitted] Camden/2026/0857/P — 21 Fitzroy Road London NW1 8TP
2026-10-01 10:51:49 INFO LEAD new: [Permitted] Camden/2026/0903/L — 61-63 Cartwright Gardens London Camden WC1H 9EL
2026-10-01 10:51:49 INFO LEAD new: [Permitted] Camden/2026/0912/L — 3-5 Whidborne Street London Camden WC1H 8ET
2026-10-01 10:51:49 INFO LEAD new: [Permitted] Camden/2026/0918/P — 248-250 Camden Road Hostel Camden Road London Camden NW1 9HE
2026-10-01 10:51:49 INFO LEAD new: [Permitted] Camden/2026/0917/P — Chester Road Hostel 2 Chester Road London N19 5BP
2026-10-01 10:51:49 INFO LEAD new: [Permitted] Camden/2026/0962/L — Florida State University 103-104 Great Russell Street London
2026-10-01 10:51:49 INFO LEAD new: [Permitted] Camden/2026/0841/A — 29 Greville Street London EC1N 8AF
2026-10-01 10:51:49 INFO LEAD new: [Permitted] Camden/2026/0904/P — Flat C 6 Manstone Road London NW2 3XG
2026-10-01 10:51:49 INFO LEAD new: [Permitted] Camden/2026/0930/P — 1 Marylebone Road London NW1 4AQ
2026-10-01 10:51:49 INFO LEAD new: [Permitted] Camden/2026/0899/P — North Bridge House Senior School 65 Rosslyn Hill London NW3 
2026-10-01 10:51:49 INFO LEAD new: [Permitted] Camden/2026/0837/P — 80B Camden Mews London NW1 9BX
2026-10-01 10:51:49 INFO LEAD new: [Permitted] Camden/2026/0701/P — Flat A 7 Belsize Park Gardens London NW3 4LB
2026-10-01 10:51:49 INFO LEAD new: [Permitted] Camden/2026/0890/P — Flat Basement And Ground Floor 41 Hollycroft Avenue London N
2026-10-01 10:51:49 INFO LEAD new: [Permitted] Camden/2026/0894/P — 39 Gayton Road London Camden NW3 1TU
2026-10-01 10:51:49 INFO LEAD new: [Permitted] Camden/26-00257-LDCP — REGENTS PARK BARRACKS, ALBANY STREET, LONDON
2026-10-01 10:51:49 INFO LEAD new: [Permitted] Camden/26-00248-LDCLB — Flat A 79 Belsize Lane London NW3 5AU
2026-10-01 10:51:49 INFO LEAD new: [Permitted] Camden/2026/0876/P — First Avenue House 42-49 High Holborn London Camden WC1V 6NP
2026-10-01 10:51:49 INFO LEAD new: [Permitted] Camden/2026/0878/P — 7 Fitzroy Road London Camden NW1 8TU
2026-10-01 10:51:49 INFO LEAD new: [Permitted] Camden/2026/0882/P — Flat 1 47 Netherhall Gardens London NW3 5RJ
2026-10-01 10:51:49 INFO LEAD new: [Permitted] Camden/2026/0866/P — 173-175 Goldhurst Terrace, London NW6 3ES
2026-10-01 10:51:49 INFO LEAD new: [Permitted] Camden/2026/0879/P — Basement Flat 171A Goldhurst Terrace London NW6 3ES
2026-10-01 10:51:49 INFO LEAD new: [Permitted] Camden/2026/0881/P — 4 Murray Terrace London NW3 1EX
2026-10-01 10:51:49 INFO LEAD new: [Permitted] Camden/2026/0868/P — 50-51 Russell Square London WC1B 4JP
2026-10-01 10:51:49 INFO LEAD new: [Permitted] Camden/2026/0883/P — Site at Hawley Wharf Land bounded by Chalk Farm Road, Castle
2026-10-01 10:51:49 INFO LEAD new: [Permitted] Camden/2026/0870/P — 50-51 Russell Square London WC1B 4JP
2026-10-01 10:51:49 INFO LEAD new: [Permitted] Camden/2026/0884/P — Calthorpe Community Garden 258-274 Gray's Inn Road London WC
2026-10-01 10:51:49 INFO LEAD new: [Permitted] Camden/2026/0869/P — 50-51 Russell Square London WC1B 4JP
2026-10-01 10:51:49 INFO LEAD new: [Permitted] Camden/2026/0861/L — 28 Church Row London Camden NW3 6UP
2026-10-01 10:51:49 INFO LEAD new: [Permitted] Camden/2026/0858/L — 28 Church Row London Camden NW3 6UP
2026-10-01 10:51:49 INFO LEAD new: [Permitted] Camden/2026/0859/L — 28 Church Row London Camden NW3 6UP
2026-10-01 10:51:49 INFO LEAD new: [Permitted] Camden/2026/0862/L — 28 Church Row London Camden NW3 6UP
2026-10-01 10:51:49 INFO LEAD new: [Permitted] Camden/2026/0783/P — 22 Denning Road London NW3 1SU
2026-10-01 10:51:49 INFO LEAD new: [Permitted] Camden/2026/0860/L — 28 Church Row London Camden NW3 6UP
2026-10-01 10:51:49 INFO LEAD new: [Permitted] Camden/2026/0793/P — Garden Flat Flat Basement 103 Gloucester Avenue London NW1 8
2026-10-01 10:51:49 INFO LEAD new: [Permitted] Camden/2025/4606/P — 13 Kemplay Road London NW3 1TA
2026-10-01 10:51:49 INFO LEAD new: [Permitted] Camden/2026/0832/P — 15 Eton Avenue London NW3 3EL
2026-10-01 10:51:49 INFO LEAD new: [Permitted] Camden/2026/0847/P — 2 Lyndhurst Road London Camden NW3 5PX
2026-10-01 10:51:49 INFO LEAD new: [Permitted] Camden/2026/0819/P — 37 Dartmouth Park Avenue London NW5 1JL
2026-10-01 10:51:49 INFO LEAD new: [Permitted] Camden/2026/0830/L — UCL The Quadrangle Gower Street London WC1E 6BT
2026-10-01 10:51:49 INFO LEAD new: [Permitted] Camden/2026/0834/P — 231-233 Camden High Street London NW1 7BU
2026-10-01 10:51:49 INFO LEAD new: [Permitted] Camden/2026/0849/P — 13 Well Walk London NW3 1BY
2026-10-01 10:51:49 INFO LEAD new: [Permitted] Camden/2026/0751/P — Hornbeam House 47 Lithos Road London NW3 6EY
2026-10-01 10:51:49 INFO LEAD new: [Permitted] Camden/2026/0818/P — The Courtyard Building 1 Alfred Place London WC1E 7EB
2026-10-01 10:51:55 INFO [camden/Permitted] page at offset 1600: 100 records
2026-10-01 10:51:55 INFO LEAD new: [Permitted] Camden/2026/0826/P — 88 Frognal London NW3 6XB
2026-10-01 10:51:56 INFO LEAD new: [Permitted] Camden/2026/0654/P — Flat 6 30 Bracknell Gardens London NW3 7ED
2026-10-01 10:51:56 INFO LEAD new: [Permitted] Camden/2026/0825/L — 88 Frognal London NW3 6XB
2026-10-01 10:51:56 INFO LEAD new: [Permitted] Camden/2025/2105/A — Unit A 187 Kentish Town Road London NW1 8PD
2026-10-01 10:51:56 INFO LEAD new: [Permitted] Camden/2026/0817/P — Church Studios Camden Park Road London NW1 9AY
2026-10-01 10:51:56 INFO LEAD new: [Permitted] Camden/2026/0672/P — 14 Lawford Road London NW5 2LN
2026-10-01 10:51:56 INFO LEAD new: [Permitted] Camden/2026/0800/P — 126 Charing Cross Road London WC2H 0LA
2026-10-01 10:51:56 INFO LEAD new: [Permitted] Camden/2026/0797/P — 234 - 240 Grafton Road London NW5 4UA
2026-10-01 10:51:56 INFO LEAD new: [Permitted] Camden/2026/0796/P — 2 Baynes Mews London NW3 5BH
2026-10-01 10:51:56 INFO LEAD new: [Permitted] Camden/2026/0799/P — Holly Court Lodge Merton Lane London N6 6NA
2026-10-01 10:51:56 INFO LEAD new: [Permitted] Camden/2026/0509/P — 8 Gayton Crescent London NW3 1TT
2026-10-01 10:51:56 INFO LEAD new: [Permitted] Camden/2026/0789/P — 17-33 William Road London NW1 3ER
2026-10-01 10:51:56 INFO LEAD new: [Permitted] Camden/2026/0564/P — 2 Warren Mews London W1T 6AL
2026-10-01 10:51:56 INFO LEAD new: [Permitted] Camden/2026/0735/P — Calthorpe Community Garden 258-274 Gray's Inn Road London WC
2026-10-01 10:51:56 INFO LEAD new: [Permitted] Camden/2026/0795/P — 61 - 65 Holborn Viaduct London EC1A 2FD
2026-10-01 10:51:56 INFO LEAD new: [Permitted] Camden/2026/0791/P — 7 A Netherhall Gardens London Camden NW3 5RN
2026-10-01 10:51:56 INFO LEAD new: [Permitted] Camden/2026/0790/P — Euston Fire Station 172 Euston Road London NW1 2DH
2026-10-01 10:51:56 INFO LEAD new: [Permitted] Camden/2026/0816/L — Euston Fire Station 172 Euston Road London NW1 2DH
2026-10-01 10:51:56 INFO LEAD new: [Permitted] Camden/2026/0763/P — 21 Bloomsbury Street London Camden WC1B 3HF
2026-10-01 10:51:56 INFO LEAD new: [Permitted] Camden/2026/0776/P — 15 Torriano Cottages Torriano Avenue London NW5 2TA
2026-10-01 10:51:56 INFO LEAD new: [Permitted] Camden/2026/0648/P — 32 Roderick Road London Camden NW3 2NL
2026-10-01 10:51:56 INFO LEAD new: [Permitted] Camden/2026/0775/P — 248-250 Camden Road Hostel Camden Road London Camden NW1 9HE
2026-10-01 10:51:56 INFO LEAD new: [Permitted] Camden/2026/0781/P — 33 Theobald's Road London WC1X 8SP
2026-10-01 10:51:56 INFO LEAD new: [Permitted] Camden/2026/0706/A — 14 Endell Street London WC2H 9BB
2026-10-01 10:51:56 INFO LEAD new: [Permitted] Camden/2026/0728/P — 2 And A Half Rudall Crescent London NW3 1RS
2026-10-01 10:51:56 INFO LEAD new: [Permitted] Camden/2026/0871/L — 15 Torriano Cottages Torriano Avenue London NW5 2TA
2026-10-01 10:51:56 INFO LEAD new: [Permitted] Camden/2026/0777/P — Chester Road Hostel 2 Chester Road London N19 5BP
2026-10-01 10:51:56 INFO LEAD new: [Permitted] Camden/2026/0752/A — Network Building 95-100 Tottenham Court Road London
2026-10-01 10:51:56 INFO LEAD new: [Permitted] Camden/2026/0743/P — 34-42 Middlesex House Cleveland Street London W1T 4JE
2026-10-01 10:51:56 INFO LEAD new: [Permitted] Camden/2026/0746/P — Unit 3 10 Jamestown Road London NW1 7BY
2026-10-01 10:51:56 INFO LEAD new: [Permitted] Camden/2026/0747/P — Flat 31 The Pryors East Heath Road London NW3 1BS
2026-10-01 10:51:56 INFO LEAD new: [Permitted] Camden/2026/0492/P — Flat A 23 Hampstead Lane London N6 4RT
2026-10-01 10:51:56 INFO LEAD new: [Permitted] Camden/2026/0744/P — 34-42 Middlesex House Cleveland Street London W1T 4JE
2026-10-01 10:51:56 INFO LEAD new: [Permitted] Camden/2026/0756/L — Flat B 50 Mornington Terrace London NW1 7RT
2026-10-01 10:51:56 INFO LEAD new: [Permitted] Camden/2026/0755/P — Embassy Theatre, The Royal Central School Of Speech And Dram
2026-10-01 10:51:56 INFO LEAD new: [Permitted] Camden/2026/0700/P — Flat 1st 2nd and 3rd Floor 26 Lady Margaret Road London NW5 
2026-10-01 10:51:56 INFO LEAD new: [Permitted] Camden/2026/0738/P — Birkbeck Central University of London Malet Street London WC
2026-10-01 10:51:56 INFO LEAD new: [Permitted] Camden/2026/0745/P — 18 Flat 1 Platt's Lane London NW3 7NS
2026-10-01 10:51:56 INFO LEAD new: [Permitted] Camden/2026/0606/P — 37 Rosslyn Hill London NW3 5UJ
2026-10-01 10:51:56 INFO LEAD new: [Permitted] Camden/2026/0729/P — 21 Gascony Avenue London Camden NW6 4NB
2026-10-01 10:51:56 INFO LEAD new: [Permitted] Camden/2026/0732/P — Godwin and Crowndale Estate London NW1 1PA
2026-10-01 10:51:56 INFO LEAD new: [Permitted] Camden/2026/0581/P — Foxfield Arlington Road London NW1 7LD
2026-10-01 10:51:56 INFO LEAD new: [Permitted] Camden/2026/0726/P — Flat Ground Floor 27 Nassington Road London NW3 2TX
2026-10-01 10:51:56 INFO LEAD new: [Permitted] Camden/2026/0580/P — Fairfield Arlington Road London NW1 7LE
2026-10-01 10:51:56 INFO LEAD new: [Permitted] Camden/2026/0780/L — 33 Mornington Terrace London NW1 7RS
2026-10-01 10:51:56 INFO LEAD new: [Permitted] Camden/26-00251-HAPP — 16, SOLENT ROAD, LONDON, NW6 1TU
2026-10-01 10:51:56 INFO LEAD new: [Permitted] Camden/2026/0695/P — 8 Village Close Belsize Lane London NW3 5AH
2026-10-01 10:51:56 INFO LEAD new: [Permitted] Camden/2026/0719/P — 1-19 Torrington Place London WC1E 7HB
2026-10-01 10:51:56 INFO LEAD new: [Permitted] Camden/2026/0715/P — 77 - 78 Chancery Lane WC2A 1AE
2026-10-01 10:51:56 INFO LEAD new: [Permitted] Camden/2026/0717/P — 69 Flat A Regent's Park Road London Camden NW1 8UY
2026-10-01 10:51:56 INFO LEAD new: [Permitted] Camden/2026/0692/P — 24 Belsize Lane London NW3 5AB
2026-10-01 10:51:56 INFO LEAD new: [Permitted] Camden/2026/0718/P — UCL New Chemistry Building 20 Gordon Street London WC1H 0AJ
2026-10-01 10:51:56 INFO LEAD new: [Permitted] Camden/2026/0712/P — 95-100 Network Building Tottenham Court Road London W1T 4TP
2026-10-01 10:51:56 INFO LEAD new: [Permitted] Camden/2026/0696/P — Flat 1st And 2nd Floor 82 Malden Road London NW5 4DA
2026-10-01 10:51:56 INFO LEAD new: [Permitted] Camden/2026/0244/P — 100-110 Euston Road London Camden NW1 2AJ
2026-10-01 10:51:56 INFO LEAD new: [Permitted] Camden/2026/0699/P — 31A Daleham Gardens London NW3 5BU
2026-10-01 10:51:56 INFO LEAD new: [Permitted] Camden/2026/0710/P — 44 Platt's Lane London NW3 7NT
2026-10-01 10:51:56 INFO LEAD new: [Permitted] Camden/2025/5803/P — 31 Southampton Row London WC1B 5HJ
2026-10-01 10:51:56 INFO LEAD new: [Permitted] Camden/2026/0702/P — Utopia Village 7 Chalcot Road London NW1 8LH
2026-10-01 10:51:57 INFO LEAD new: [Permitted] Camden/2026/0614/P — Garden Flat, 103 Gloucester Avenue London NW1 8LB
2026-10-01 10:51:57 INFO LEAD new: [Permitted] Camden/2026/0674/P — 1 Templewood Avenue London NW3 7UY
2026-10-01 10:51:57 INFO LEAD new: [Permitted] Camden/2026/0685/P — Kingsgate 33 Red Lion Square London WC1R 4RB
2026-10-01 10:51:57 INFO LEAD new: [Permitted] Camden/2026/0675/P — Woodhall Robert Street London NW1 3JP
2026-10-01 10:51:57 INFO LEAD new: [Permitted] Camden/26-00249-LDCP — 49 Lamble Street London NW5 4AS
2026-10-01 10:51:57 INFO LEAD new: [Permitted] Camden/26-00247-HAPP — 57 Leverton Street London NW5 2NX
2026-10-01 10:51:57 INFO LEAD new: [Permitted] Camden/2026/0682/L — 16th and 17th Floors Space House 1 Kemble Street London WC2B
2026-10-01 10:51:57 INFO LEAD new: [Permitted] Camden/2026/0666/P — 38 Heath Hurst Road London NW3 2RX
2026-10-01 10:51:57 INFO LEAD new: [Permitted] Camden/2026/0662/P — Flat A 78 Caversham Road London NW5 2DN
2026-10-01 10:51:57 INFO LEAD new: [Permitted] Camden/2026/0678/L — Corinthian House 279 Tottenham Court Road London W1T 7RJ
2026-10-01 10:52:03 INFO [camden/Permitted] page at offset 1700: 100 records
2026-10-01 10:52:03 INFO LEAD new: [Permitted] Camden/2026/0663/P — Hawley Wharf Camden Market Market Square 1-7 Dockray Place L
2026-10-01 10:52:03 INFO LEAD new: [Permitted] Camden/2026/0656/P — Corinthian House 279 Tottenham Court Road London W1T 7RJ
2026-10-01 10:52:03 INFO LEAD new: [Permitted] Camden/2026/0135/L — 27 Chalcot Crescent London NW1 8YE
2026-10-01 10:52:03 INFO LEAD new: [Permitted] Camden/2026/0753/A — 22 Goodge Street London Camden W1T 2QE
2026-10-01 10:52:03 INFO LEAD new: [Permitted] Camden/2026/0647/P — 9 Wadham Gardens London NW3 3DN
2026-10-01 10:52:03 INFO LEAD new: [Permitted] Camden/2026/0655/P — 27 Belsize Road London NW6 4RX
2026-10-01 10:52:03 INFO LEAD new: [Permitted] Camden/2026/0499/P — 12 Rondu Road London NW2 3HA
2026-10-01 10:52:03 INFO LEAD new: [Permitted] Camden/2026/0651/A — 182 Kentish Town Road London NW5 2AE
2026-10-01 10:52:03 INFO LEAD new: [Permitted] Camden/2026/0645/L — 3 Sicilian Avenue London WC1A 2QH
2026-10-01 10:52:03 INFO LEAD new: [Permitted] Camden/2026/0634/A — 70 Hampstead High Street London NW3 1QP
2026-10-01 10:52:03 INFO LEAD new: [Permitted] Camden/2026/0267/P — Mount Pleasant Royal Mail Staff Car Park Mount Pleasant Lond
2026-10-01 10:52:03 INFO LEAD new: [Permitted] Camden/2026/0635/P — Chester Road Hostel 2 Chester Road London N19 5BP
2026-10-01 10:52:03 INFO LEAD new: [Permitted] Camden/2026/0623/P — 248-250 Camden Road Hostel Camden Road London Camden NW1 9HE
2026-10-01 10:52:03 INFO LEAD new: [Permitted] Camden/2026/0626/P — 1st And 2nd Floor Flat 68 Parliament Hill London NW3 2TJ
2026-10-01 10:52:03 INFO LEAD new: [Permitted] Camden/2026/0620/P — 19 Cannon Place London NW3 1EH
2026-10-01 10:52:03 INFO LEAD new: [Permitted] Camden/2026/0622/P — 39 Fitzjohn's Avenue London NW3 5JY
2026-10-01 10:52:03 INFO LEAD new: [Permitted] Camden/2026/0658/L — 15 Torriano Cottages Torriano Avenue London NW5 2TA
2026-10-01 10:52:03 INFO LEAD new: [Permitted] Camden/2026/0617/P — Flat 1 36 Netherhall Gardens London NW3 5TP
2026-10-01 10:52:03 INFO LEAD new: [Permitted] Camden/2026/0628/P — 15 Torriano Cottages Torriano Avenue London NW5 2TA
2026-10-01 10:52:03 INFO LEAD new: [Permitted] Camden/2026/0627/P — 14B Elizabeth Mews London NW3 4TL
2026-10-01 10:52:03 INFO LEAD new: [Permitted] Camden/2026/0558/P — Flat 4, Northcote Mansions 122 Heath Street London NW3 1DT
2026-10-01 10:52:03 INFO LEAD new: [Permitted] Camden/2026/0559/P — Flat 4, Northcote Mansions 122 Heath Street London NW3 1DT
2026-10-01 10:52:03 INFO LEAD new: [Permitted] Camden/2026/0605/P — Flat 1 23 Dartmouth Park Hill London Camden NW5 1HP
2026-10-01 10:52:03 INFO LEAD new: [Permitted] Camden/2026/0603/L — Freemasons Hall 60 Great Queen Street London WC2B 5AZ
2026-10-01 10:52:03 INFO LEAD new: [Permitted] Camden/2026/0602/P — 17 Hornby Close London NW3 3JL
2026-10-01 10:52:03 INFO LEAD new: [Permitted] Camden/2026/1233/P — 17 Hornby Close London NW3 3JL
2026-10-01 10:52:03 INFO LEAD new: [Permitted] Camden/2026/0486/P — Flat C 5 Cubitt Street London WC1X 0LJ
2026-10-01 10:52:03 INFO LEAD new: [Permitted] Camden/2026/0512/P — 32 Roderick Road London NW3 2NL
2026-10-01 10:52:03 INFO LEAD new: [Permitted] Camden/2026/0563/P — Unit 1 38 Hampstead High Street London Camden NW3 1QE
2026-10-01 10:52:03 INFO LEAD new: [Permitted] Camden/2026/0570/P — 31A Daleham Gardens London NW3 5BU
2026-10-01 10:52:03 INFO LEAD new: [Permitted] Camden/2026/0665/A — Unit 1 38 Hampstead High Street London Camden NW3 1QE
2026-10-01 10:52:03 INFO LEAD new: [Permitted] Camden/2026/0588/P — 3 Lyttelton Close London NW3 3SR
2026-10-01 10:52:03 INFO LEAD new: [Permitted] Camden/2026/0576/L — 31 Southampton Row London WC1B 5HJ
2026-10-01 10:52:03 INFO LEAD new: [Permitted] Camden/2026/0314/L — Flat A 34 Warren Street London W1T 5NH
2026-10-01 10:52:03 INFO LEAD new: [Permitted] Camden/2026/0764/L — 207 High Holborn London WC1V 7BW
2026-10-01 10:52:03 INFO LEAD new: [Permitted] Camden/2026/0575/P — Godwin and Crowndale Estate London NW1 1PA
2026-10-01 10:52:03 INFO LEAD new: [Permitted] Camden/2026/0584/P — 207 High Holborn London WC1V 7BW
2026-10-01 10:52:03 INFO LEAD new: [Permitted] Camden/2026/0572/P — McGlynn's Free House 1-5 Whidborne Street London WC1H 8ET
2026-10-01 10:52:03 INFO LEAD new: [Permitted] Camden/2026/0587/P — 2nd Floor Flat 144 Abbey Road London NW6 4SR
2026-10-01 10:52:03 INFO LEAD new: [Permitted] Camden/2026/0574/L — Space House 1 Kemble Street London WC2B 4AN
2026-10-01 10:52:03 INFO LEAD new: [Permitted] Camden/2026/0561/P — 11-15 King's Terrace London NW1 0JP
2026-10-01 10:52:03 INFO LEAD new: [Permitted] Camden/2026/0345/A — Shop And Premises at Basement and Ground Floor 3 Tottenham S
2026-10-01 10:52:03 INFO LEAD new: [Permitted] Camden/26-00246-HAPP — Highfield Antrim Road London NW3 4XN
2026-10-01 10:52:03 INFO LEAD new: [Permitted] Camden/2026/0546/P — 23 Shirlock Road London NW3 2HR
2026-10-01 10:52:03 INFO LEAD new: [Permitted] Camden/2026/0260/P — Flat A 34 Warren Street London W1T 5NH
2026-10-01 10:52:03 INFO LEAD new: [Permitted] Camden/2026/0681/L — McGlynn's Free House 1-5 Whidborne Street London WC1H 8ET
2026-10-01 10:52:04 INFO LEAD new: [Permitted] Camden/2026/0571/L — 3-5 Whidborne Street London Camden WC1H 8ET
2026-10-01 10:52:04 INFO LEAD new: [Permitted] Camden/2026/0164/P — Flat B 98 Gaisford Street London NW5 2EH
2026-10-01 10:52:04 INFO LEAD new: [Permitted] Camden/2026/0585/P — 27 Lyncroft Gardens London NW6 1LB
2026-10-01 10:52:04 INFO LEAD new: [Permitted] Camden/2026/0218/P — 31 Southampton Row London WC1B 5HJ
2026-10-01 10:52:04 INFO LEAD new: [Permitted] Camden/2025/5702/L — 31 Southampton Row London WC1B 5HJ
2026-10-01 10:52:04 INFO LEAD new: [Permitted] Camden/2026/0554/P — 15 Chalcot Square London NW1 8YA
2026-10-01 10:52:04 INFO LEAD new: [Permitted] Camden/2026/0540/P — 157 Gloucester Avenue London Camden NW1 8LA
2026-10-01 10:52:04 INFO LEAD new: [Permitted] Camden/2026/0555/L — 40 Delancey Street London Camden NW1 7RY
2026-10-01 10:52:04 INFO LEAD new: [Permitted] Camden/2026/0541/P — 112 Camden High Street London NW1 0LU
2026-10-01 10:52:04 INFO LEAD new: [Permitted] Camden/2026/0544/A — 112 Camden High Street London NW1 0LU
2026-10-01 10:52:04 INFO LEAD new: [Permitted] Camden/2026/0543/P — 73 Parkhill Road London NW3 2XY
2026-10-01 10:52:04 INFO LEAD new: [Permitted] Camden/26-00243-LDCP — Railway Arches Dunboyne Road London NW3 2YY
2026-10-01 10:52:04 INFO LEAD new: [Permitted] Camden/2026/0549/L — 14 Templewood Avenue London NW3 7XA
2026-10-01 10:52:04 INFO LEAD new: [Permitted] Camden/2026/0550/P — Land at Rear of 17 North End London NW3 7HR
2026-10-01 10:52:04 INFO LEAD new: [Permitted] Camden/2026/0291/P — 40 Delancey Street London NW1 7RY
2026-10-01 10:52:04 INFO LEAD new: [Permitted] Camden/2026/0343/P — St Pancras International Station Euston Road London N1C 4QL
2026-10-01 10:52:04 INFO LEAD new: [Permitted] Camden/2026/0532/P — Embassy Theatre, The Royal Central School Of Speech And Dram
2026-10-01 10:52:04 INFO LEAD new: [Permitted] Camden/2026/0538/P — Public Toilets Pond Square South Grove London N6 6BJ
2026-10-01 10:52:04 INFO LEAD new: [Permitted] Camden/2026/0516/P — 69 Caversham Road London NW5 2DR
2026-10-01 10:52:04 INFO LEAD new: [Permitted] Camden/2026/0535/P — 40 Leighton Road London NW5 2QE
2026-10-01 10:52:10 INFO [camden/Permitted] page at offset 1800: 100 records
2026-10-01 10:52:10 INFO LEAD new: [Permitted] Camden/2026/0420/L — 100 Highgate Road London Camden NW5 1PB
2026-10-01 10:52:10 INFO LEAD new: [Permitted] Camden/2026/0514/P — Flat 1st And 2nd Floor 98 Fleet Road London NW3 2QX
2026-10-01 10:52:10 INFO LEAD new: [Permitted] Camden/2026/0487/P — Flat 1 149 Broadhurst Gardens London NW6 3BE
2026-10-01 10:52:10 INFO LEAD new: [Permitted] Camden/2026/0489/P — 248-250 Camden Road Hostel Camden Road London NW1 9HE
2026-10-01 10:52:10 INFO LEAD new: [Permitted] Camden/2026/0475/P — Fleetfield Birkenhead Street London WC1H 8BP
2026-10-01 10:52:10 INFO LEAD new: [Permitted] Camden/2026/0478/P — 1 St Giles High Street London WC2H 8AG
2026-10-01 10:52:10 INFO LEAD new: [Permitted] Camden/2026/0485/P — 82 West End Lane London NW6 2LX
2026-10-01 10:52:10 INFO LEAD new: [Permitted] Camden/2026/0490/P — Flat 1 73 South End Road London NW3 2RJ
2026-10-01 10:52:10 INFO LEAD new: [Permitted] Camden/2026/0505/P — 168 West End Lane London NW6 1SD
2026-10-01 10:52:10 INFO LEAD new: [Permitted] Camden/2026/0482/P — 100 Avenue Road London NW3 3HF
2026-10-01 10:52:10 INFO LEAD new: [Permitted] Camden/2026/0480/P — 100 Avenue Road London NW3 3HF
2026-10-01 10:52:10 INFO LEAD new: [Permitted] Camden/2026/0479/P — Euston Tower 286 Euston Road London NW1 3DP
2026-10-01 10:52:10 INFO LEAD new: [Permitted] Camden/2026/0510/P — 101 South Hill Park London NW3 2SP
2026-10-01 10:52:10 INFO LEAD new: [Permitted] Camden/2026/0483/P — 100 Avenue Road London NW3 3HF
2026-10-01 10:52:10 INFO LEAD new: [Permitted] Camden/2026/0493/L — Brunswick Centre Estate Brunswick Centre London Camden WC1N 
2026-10-01 10:52:10 INFO LEAD new: [Permitted] Camden/2026/0484/P — 80 West End Lane London NW6 2LX
2026-10-01 10:52:10 INFO LEAD new: [Permitted] Camden/2026/0477/A — The Orangery 81-91 New Oxford Street London WC1A 1DG
2026-10-01 10:52:10 INFO LEAD new: [Permitted] Camden/2026/0501/P — 1 Queensmead St John's Wood Park London NW8 6RE
2026-10-01 10:52:10 INFO LEAD new: [Permitted] Camden/2026/0491/L — 21 Spedan Close London NW3 7XF
2026-10-01 10:52:10 INFO LEAD new: [Permitted] Camden/2026/0523/L — Heal's Building 196 Tottenham Court Road London W1T 7LQ
2026-10-01 10:52:10 INFO LEAD new: [Permitted] Camden/2026/0286/P — 5 Windmill Hill London NW3 6RU
2026-10-01 10:52:10 INFO LEAD new: [Permitted] Camden/2026/0506/P — 95-100 Network Building Tottenham Court Road London Camden W
2026-10-01 10:52:10 INFO LEAD new: [Permitted] Camden/2026/0496/P — Flat A 89 Fitzjohn's Avenue London Camden NW3 6NX
2026-10-01 10:52:10 INFO LEAD new: [Permitted] Camden/2026/0502/P — Brunswick Centre Estate Brunswick Centre London WC1N 1AE
2026-10-01 10:52:10 INFO LEAD new: [Permitted] Camden/2026/0476/P — Heal's Building 196 Tottenham Court Road London W1T 7LQ
2026-10-01 10:52:10 INFO LEAD new: [Permitted] Camden/2026/0183/P — Flat A 25 Carlingford Road London NW3 1RY
2026-10-01 10:52:10 INFO LEAD new: [Permitted] Camden/2026/0534/A — 20 Triton Street London NW1 3BF
2026-10-01 10:52:10 INFO LEAD new: [Permitted] Camden/2026/0462/L — 38 Great James Street London WC1N 3HB
2026-10-01 10:52:10 INFO LEAD new: [Permitted] Camden/2026/0466/P — 50 Coity Road London NW5 4RY
2026-10-01 10:52:11 INFO LEAD new: [Permitted] Camden/2026/0463/P — 20 Triton Street London NW1 3BF
2026-10-01 10:52:11 INFO LEAD new: [Permitted] Camden/2026/0447/P — Flat 3 Village Mount Perrin's Court London NW3 1QU
2026-10-01 10:52:11 INFO LEAD new: [Permitted] Camden/2026/0457/L — 16 Monmouth Street London Camden WC2H 9HB
2026-10-01 10:52:11 INFO LEAD new: [Permitted] Camden/2026/0449/P — 20 Redington Road London NW3 7RG
2026-10-01 10:52:11 INFO LEAD new: [Permitted] Camden/2026/0451/P — 19 Glenhurst Avenue London NW5 1PT
2026-10-01 10:52:11 INFO LEAD new: [Permitted] Camden/2026/0304/P — 7 Huson Close London NW3 3JW
2026-10-01 10:52:11 INFO LEAD new: [Permitted] Camden/2026/0434/P — 81 B Belsize Park Gardens London NW3 4NJ
2026-10-01 10:52:11 INFO LEAD new: [Permitted] Camden/2026/0444/L — 70 Hampstead High Street London NW3 1QP
2026-10-01 10:52:11 INFO LEAD new: [Permitted] Camden/2026/0456/P — 135-149 Shaftesbury Avenue London WC2H 8AH
2026-10-01 10:52:11 INFO LEAD new: [Permitted] Camden/2026/0376/P — Flat 3 47 Netherhall Gardens London NW3 5RJ
2026-10-01 10:52:11 INFO LEAD new: [Permitted] Camden/26-00242-LDCE — 7 Eton Garages London NW3 4PE
2026-10-01 10:52:11 INFO LEAD new: [Permitted] Camden/2026/0427/P — Godwin and Crowndale Estate Crowndale Road London NW1 1PA
2026-10-01 10:52:11 INFO LEAD new: [Permitted] Camden/2026/0432/P — 9 Bayham Street London Camden NW1 0EY
2026-10-01 10:52:11 INFO LEAD new: [Permitted] Camden/2026/0418/P — Estate At 77-105 Solent Road London NW6 1TY
2026-10-01 10:52:11 INFO LEAD new: [Permitted] Camden/2026/0429/P — 16 Holly Lodge Gardens London N6 6AA
2026-10-01 10:52:11 INFO LEAD new: [Permitted] Camden/2026/0403/L — 14 Templewood Avenue London NW3 7XA
2026-10-01 10:52:11 INFO LEAD new: [Permitted] Camden/2026/0412/P — 1 To 3 Ferdinand Place London NW1 8EE
2026-10-01 10:52:11 INFO LEAD new: [Permitted] Camden/2026/0413/P — Flat A 55 Leverton Street London NW5 2NX
2026-10-01 10:52:11 INFO LEAD new: [Permitted] Camden/2026/0414/L — 5 Denmark Street London WC2H 8LP
2026-10-01 10:52:11 INFO LEAD new: [Permitted] Camden/2026/0409/P — 3 Solent Road London Camden NW6 1TP
2026-10-01 10:52:11 INFO LEAD new: [Permitted] Camden/2026/0269/A — Regents Place Campus London NW1 3BT
2026-10-01 10:52:11 INFO LEAD new: [Permitted] Camden/2026/0408/P — 45 Ornan Road London NW3 4QD
2026-10-01 10:52:11 INFO LEAD new: [Permitted] Camden/2026/0396/P — Belsize Park Firehouse, Flat 5 36 Lancaster Grove London NW3
2026-10-01 10:52:11 INFO LEAD new: [Permitted] Camden/2026/0370/P — 151 A King Henry's Road London Camden NW3 3RD
2026-10-01 10:52:11 INFO LEAD new: [Permitted] Camden/2026/0379/P — 2 Tobin Close London NW3 3DY
2026-10-01 10:52:11 INFO LEAD new: [Permitted] Camden/2026/0386/P — 12 Highgate West Hill London N6 6JR
2026-10-01 10:52:11 INFO LEAD new: [Permitted] Camden/2026/0385/P — Upper Park Lodge 10 A Upper Park Road London NW3 2UP
2026-10-01 10:52:11 INFO LEAD new: [Permitted] Camden/2026/0371/P — 9 Wadham Gardens London NW3 3DN
2026-10-01 10:52:11 INFO LEAD new: [Permitted] Camden/2026/0282/P — Flat 2 75 Parliament Hill London Camden NW3 2TH
2026-10-01 10:52:11 INFO LEAD new: [Permitted] Camden/2026/0375/P — Garage 8 Hermit Place London NW6 4BZ
2026-10-01 10:52:11 INFO LEAD new: [Permitted] Camden/2026/0107/P — 11 Keats Grove London NW3 2RN
2026-10-01 10:52:11 INFO LEAD new: [Permitted] Camden/2026/0364/P — Flat A 10 Sandall Road London NW5 2AP
2026-10-01 10:52:11 INFO LEAD new: [Permitted] Camden/2026/0220/P — 77 Avenue Road London Camden NW8 6JD
2026-10-01 10:52:11 INFO LEAD new: [Permitted] Camden/2026/0365/P — 9 Penryn Street London Camden NW1 1RL
2026-10-01 10:52:17 INFO [camden/Permitted] page at offset 1900: 100 records
2026-10-01 10:52:17 INFO LEAD new: [Permitted] Camden/2026/0354/P — 135-149 Shaftesbury Avenue London WC2H 8AH
2026-10-01 10:52:17 INFO LEAD new: [Permitted] Camden/2026/0359/L — 3-5 Whidborne Street London WC1H 8ET
2026-10-01 10:52:17 INFO LEAD new: [Permitted] Camden/2026/0360/L — 3-5 Whidborne Street London WC1H 8ET
2026-10-01 10:52:17 INFO LEAD new: [Permitted] Camden/2026/0337/P — Flat 2nd Floor 18 Denning Road London NW3 1SU
2026-10-01 10:52:17 INFO LEAD new: [Permitted] Camden/2026/0348/L — 12 Jeffrey's Street London NW1 9PR
2026-10-01 10:52:17 INFO LEAD new: [Permitted] Camden/2026/0340/P — Footway adjacent to 24-32 Grays Inn Road London WC1X 8HR
2026-10-01 10:52:17 INFO LEAD new: [Permitted] Camden/2026/0342/A — 9 Parkway London NW1 7PG
2026-10-01 10:52:17 INFO LEAD new: [Permitted] Camden/2026/0339/P — Land adjacent to 63 Netherhall Gardens London NW3 5RE
2026-10-01 10:52:17 INFO LEAD new: [Permitted] Camden/26-00236-LDCP — Gray's Inn Buildings Rosebery Avenue EC1R 4PJ
2026-10-01 10:52:17 INFO LEAD new: [Permitted] Camden/2026/0317/A — Specsavers Opticians 6-17 Tottenham Court Road London W1T 1B
2026-10-01 10:52:17 INFO LEAD new: [Permitted] Camden/2026/0235/P — 73 Farringdon Road London EC1M 3JQ
2026-10-01 10:52:17 INFO LEAD new: [Permitted] Camden/2026/0315/L — Belsize Park Underground Station 190 Haverstock Hill London 
2026-10-01 10:52:17 INFO LEAD new: [Permitted] Camden/2026/0325/P — Flat 2, Elim Mansions 15 Lyndhurst Gardens London NW3 5NT
2026-10-01 10:52:17 INFO LEAD new: [Permitted] Camden/2026/0318/P — Flat 2 33 Leverton Street London NW5 2PE
2026-10-01 10:52:17 INFO LEAD new: [Permitted] Camden/2026/0309/P — Agar Grove Estate Wrotham Road London NW1 9SS
2026-10-01 10:52:17 INFO LEAD new: [Permitted] Camden/2026/0308/P — 3 Meadowbank London NW3 3AY
2026-10-01 10:52:18 INFO LEAD new: [Permitted] Camden/2025/4406/P — 24-28 Bloomsbury Way London WC1A 2SN
2026-10-01 10:52:18 INFO LEAD new: [Permitted] Camden/2026/0312/P — 100 Avenue Road London NW3 3HF
2026-10-01 10:52:18 INFO LEAD new: [Permitted] Camden/2025/5859/P — 24 Burghley Road London NW5 1UE
2026-10-01 10:52:18 INFO LEAD new: [Permitted] Camden/2026/0078/P — Flat 2 20 Bartholomew Villas London NW5 2LL
2026-10-01 10:52:18 INFO LEAD new: [Permitted] Camden/2026/0289/P — 51 Woodsome Road London NW5 1SA
2026-10-01 10:52:18 INFO LEAD new: [Permitted] Camden/2025/5611/P — Maple House 149 Tottenham Court Road London W1T 7NF
2026-10-01 10:52:18 INFO LEAD new: [Permitted] Camden/2026/0015/P — Flat 57, Kingsland Broxwood Way London NW8 7QJ
2026-10-01 10:52:18 INFO LEAD new: [Permitted] Camden/2026/0292/P — Street Record Delancey Passage London NW1 7NN
2026-10-01 10:52:18 INFO LEAD new: [Permitted] Camden/2026/0290/P — 527 Finchley Road London Camden NW3 7BG
2026-10-01 10:52:18 INFO LEAD new: [Permitted] Camden/2026/0293/A — 130 Regent's Park Road London NW1 8XL
2026-10-01 10:52:18 INFO LEAD new: [Permitted] Camden/2026/0299/L — 3 Holly Mount London Camden NW3 6SG
2026-10-01 10:52:18 INFO LEAD new: [Permitted] Camden/2026/0305/P — Regent's Park Outer Circle London NW1 4NR
2026-10-01 10:52:18 INFO LEAD new: [Permitted] Camden/2026/0301/P — The Courtyard Building 1 Alfred Place London WC1E 7EB
2026-10-01 10:52:18 INFO LEAD new: [Permitted] Camden/2025/5816/P — 17 Achilles Road London NW6 1DZ
2026-10-01 10:52:18 INFO LEAD new: [Permitted] Camden/2025/5815/P — 17 Achilles Road London NW6 1DZ
2026-10-01 10:52:18 INFO LEAD new: [Permitted] Camden/2026/0275/P — 82 South Hill Park London NW3 2SN
2026-10-01 10:52:18 INFO LEAD new: [Permitted] Camden/2026/0266/P — Selkirk House 166 High Holborn 1 Museum Street 10-12 Museum 
2026-10-01 10:52:18 INFO LEAD new: [Permitted] Camden/2026/0265/P — Selkirk House 166 High Holborn 1 Museum Street 10-12 Museum 
2026-10-01 10:52:18 INFO LEAD new: [Permitted] Camden/2026/0268/P — Regents Place Campus London NW1 3BT
2026-10-01 10:52:18 INFO LEAD new: [Permitted] Camden/2026/0272/P — 21 Bloomsbury Street London WC1B 3HF
2026-10-01 10:52:18 INFO LEAD new: [Permitted] Camden/2026/0053/L — 84 South Hill Park London NW3 2SN
2026-10-01 10:52:18 INFO LEAD new: [Permitted] Camden/2026/0332/A — 7 Northways Parade Finchley Road London NW3 5EN
2026-10-01 10:52:18 INFO LEAD new: [Permitted] Camden/2026/0283/P — 9 Prince Arthur Mews London Camden NW3 1RD
2026-10-01 10:52:18 INFO LEAD new: [Permitted] Camden/2026/0277/P — Monkton House 130 A Haverstock Hill London NW3 2AY
2026-10-01 10:52:18 INFO LEAD new: [Permitted] Camden/2026/0273/P — Middlesex House 34-42 Cleveland Street London W1T 4JE
2026-10-01 10:52:18 INFO LEAD new: [Permitted] Camden/2026/0270/P — 7 Northways Parade Finchley Road London NW3 5EN
2026-10-01 10:52:18 INFO LEAD new: [Permitted] Camden/2026/0274/P — Middlesex House 34-42 Cleveland Street London W1T 4JE
2026-10-01 10:52:18 INFO LEAD new: [Permitted] Camden/2026/0083/P — 84 South Hill Park London NW3 2SN
2026-10-01 10:52:18 INFO LEAD new: [Permitted] Camden/2026/0279/P — 105 Messina Avenue London NW6 4LG
2026-10-01 10:52:18 INFO LEAD new: [Permitted] Camden/2026/0264/P — Camden Gardens Camden Street London NW1 0JR
2026-10-01 10:52:18 INFO LEAD new: [Permitted] Camden/2026/0245/P — 1 Glenhurst Avenue London NW5 1PT
2026-10-01 10:52:18 INFO LEAD new: [Permitted] Camden/2026/0179/L — Heal's Building 196 Tottenham Court Road London W1T 7LQ
2026-10-01 10:52:18 INFO LEAD new: [Permitted] Camden/2026/0246/A — 110 High Holborn London WC1V 6EU
2026-10-01 10:52:18 INFO LEAD new: [Permitted] Camden/2026/0261/P — Spencer House 9-11 Belsize Park Gardens London NW3 4JR
2026-10-01 10:52:18 INFO LEAD new: [Permitted] Camden/2026/0234/P — St Johns Lodge, The Studio Harley Road London Camden NW3 3BY
2026-10-01 10:52:18 INFO LEAD new: [Permitted] Camden/2026/0240/L — 87 Holmes Road London NW5 3AX
2026-10-01 10:52:18 INFO LEAD new: [Permitted] Camden/2026/0247/P — 10 Godliman Street London EC4V 5AJ
2026-10-01 10:52:18 INFO LEAD new: [Permitted] Camden/2026/0239/A — Bray, Burnam, Dorney and Taplow Tower Blocks Site bounded by
2026-10-01 10:52:18 INFO LEAD new: [Permitted] Camden/2026/0170/L — 7 & 8 Gray's Inn Square London WC1R 5AZ
2026-10-01 10:52:18 INFO LEAD new: [Permitted] Camden/2026/0223/L — 59 St Giles High Street London WC2H 8LH
2026-10-01 10:52:18 INFO LEAD new: [Permitted] Camden/2025/3006/P — Ground Floor Flat 101 Broadhurst Gardens London NW6 3BJ
2026-10-01 10:52:18 INFO LEAD new: [Permitted] Camden/2026/0233/P — 17-33 William Road London NW1 3ER
2026-10-01 10:52:18 INFO LEAD new: [Permitted] Camden/2026/0209/P — 3 Ardwick Road London NW2 2BX
2026-10-01 10:52:18 INFO LEAD new: [Permitted] Camden/2026/0210/P — 17 Colville Place London W1T 2BN
2026-10-01 10:52:18 INFO LEAD new: [Permitted] Camden/2025/5518/A — 59 St Giles High Street London WC2H 8LH
2026-10-01 10:52:18 INFO LEAD new: [Permitted] Camden/2026/0217/P — 108 Swain's Lane London N6 6PH
2026-10-01 10:52:18 INFO LEAD new: [Permitted] Camden/2026/0212/P — Cleveland Court 86-90 Cleveland Street London W1T 6NH
2026-10-01 10:52:18 INFO LEAD new: [Permitted] Camden/2026/0173/P — 34 Meadowbank London NW3 3AY
2026-10-01 10:52:25 INFO [camden/Permitted] page at offset 2000: 100 records
2026-10-01 10:52:25 INFO LEAD new: [Permitted] Camden/2025/5891/P — 32 Ryland Road London NW5 3EH
2026-10-01 10:52:25 INFO LEAD new: [Permitted] Camden/2026/0202/P — Flat 3 8 Templewood Avenue London NW3 7XA
2026-10-01 10:52:25 INFO LEAD new: [Permitted] Camden/2026/0186/P — 31 Daleham Gardens London NW3 5BU
2026-10-01 10:52:25 INFO LEAD new: [Permitted] Camden/2026/0191/P — 64 Rochester Place London NW1 9JX
2026-10-01 10:52:25 INFO LEAD new: [Permitted] Camden/2026/0188/P — 76 Lissenden Gardens London NW5 1PR
2026-10-01 10:52:25 INFO LEAD new: [Permitted] Camden/2026/0197/L — 12 New End London NW3 1JA
2026-10-01 10:52:25 INFO LEAD new: [Permitted] Camden/2025/5489/P — Flat 7 123 Canfield Gardens London Camden NW6 3DY
2026-10-01 10:52:25 INFO LEAD new: [Permitted] Camden/2025/5835/P — 37 Rosslyn Hill London NW3 5UJ
2026-10-01 10:52:25 INFO LEAD new: [Permitted] Camden/2026/0161/P — Euston Tower 286 Euston Road London NW1 3DP
2026-10-01 10:52:25 INFO LEAD new: [Permitted] Camden/2026/0162/P — 33 Farringdon Road London EC1M 3JF
2026-10-01 10:52:25 INFO LEAD new: [Permitted] Camden/2026/0124/P — 1 To 3 Ferdinand Place London NW1 8EE
2026-10-01 10:52:25 INFO LEAD new: [Permitted] Camden/2026/0160/P — 13 Daleham Gardens London Camden NW3 5BY
2026-10-01 10:52:25 INFO LEAD new: [Permitted] Camden/2026/0145/P — 200 Gray's Inn Road London Camden WC1X 8XZ
2026-10-01 10:52:25 INFO LEAD new: [Permitted] Camden/2026/0150/P — Flat A 26 Priory Terrace London NW6 4DH
2026-10-01 10:52:25 INFO LEAD new: [Permitted] Camden/2026/0142/P — Ucl Eastman Dental Hospital And Institute 256 Gray's Inn Roa
2026-10-01 10:52:25 INFO LEAD new: [Permitted] Camden/2026/0065/A — The Plough PH 27 Museum Street London WC1A 1LH
2026-10-01 10:52:25 INFO LEAD new: [Permitted] Camden/2026/0154/L — The Plough PH 27 Museum Street London WC1A 1LH
2026-10-01 10:52:25 INFO LEAD new: [Permitted] Camden/2026/0141/A — 138 Regent's Park Road London Camden NW1 8XL
2026-10-01 10:52:25 INFO LEAD new: [Permitted] Camden/2026/0152/P — Offices And Premises At Ground Floor 200 Euston Road London 
2026-10-01 10:52:25 INFO LEAD new: [Permitted] Camden/2026/0153/P — Flat D 8 Hilltop Road London NW6 2PY
2026-10-01 10:52:25 INFO LEAD new: [Permitted] Camden/2026/0147/P — 12 Eldon Grove London Camden NW3 5PT
2026-10-01 10:52:25 INFO LEAD new: [Permitted] Camden/2026/0151/P — 7 Makepeace Avenue London N6 6EL
2026-10-01 10:52:25 INFO LEAD new: [Permitted] Camden/2026/0155/P — Flat A 36 Gaisford Street London Camden NW5 2ED
2026-10-01 10:52:25 INFO LEAD new: [Permitted] Camden/2026/0133/A — Marquis Cornwallis 31 Marchmont Street London WC1N 1AP
2026-10-01 10:52:25 INFO LEAD new: [Permitted] Camden/2026/0121/P — St Pancras Hospital 4 St Pancras Way London NW1 0PE
2026-10-01 10:52:25 INFO LEAD new: [Permitted] Camden/2026/0138/P — Flat 1st And 2nd Floor 5 Bramshill Gardens London NW5 1JJ
2026-10-01 10:52:25 INFO LEAD new: [Permitted] Camden/2026/0127/A — 253 Camden High Street London Camden NW1 7BU
2026-10-01 10:52:25 INFO LEAD new: [Permitted] Camden/2026/0132/L — British Museum Great Russell Street London WC1E 7JW
2026-10-01 10:52:25 INFO LEAD new: [Permitted] Camden/2026/0123/P — 18 Elizabeth Mews London NW3 4UH
2026-10-01 10:52:25 INFO LEAD new: [Permitted] Camden/2026/0108/P — 92 Gloucester Avenue London NW1 8HX
2026-10-01 10:52:25 INFO LEAD new: [Permitted] Camden/2025/5779/L — The Foundling Museum 40 Brunswick Square London WC1N 1AZ
2026-10-01 10:52:25 INFO LEAD new: [Permitted] Camden/2026/0113/P — 15 Tanza Road London Camden NW3 2UA
2026-10-01 10:52:25 INFO LEAD new: [Permitted] Camden/2025/5840/L — 90 Frognal London NW3 6XB
2026-10-01 10:52:25 INFO LEAD new: [Permitted] Camden/26-00223-LDCP — Unit D 81 Maygrove Road LONDON NW6 2EG
2026-10-01 10:52:25 INFO LEAD new: [Permitted] Camden/2025/5880/P — Ground Floor Flat 18 Aberdare Gardens London NW6 3PY
2026-10-01 10:52:25 INFO LEAD new: [Permitted] Camden/2025/5793/P — Torriano Junior & Infant School Torriano Avenue London NW5 2
2026-10-01 10:52:25 INFO LEAD new: [Permitted] Camden/2026/0100/L — 14 Woburn Square London WC1H 0NS
2026-10-01 10:52:25 INFO LEAD new: [Permitted] Camden/2026/0105/P — 105-121 Judd Street London WC1H 9NE
2026-10-01 10:52:25 INFO LEAD new: [Permitted] Camden/2026/0106/P — 3 Belsize Mews London NW3 5AT
2026-10-01 10:52:25 INFO LEAD new: [Permitted] Camden/2025/5792/P — Agar Childrens Centre Wrotham Road London NW1 9SU
2026-10-01 10:52:25 INFO LEAD new: [Permitted] Camden/2025/5861/P — Flat 1 191 Belsize Road London NW6 4AB
2026-10-01 10:52:25 INFO LEAD new: [Permitted] Camden/2026/0095/P — 9 Gilbert Place London Camden WC1A 2JD
2026-10-01 10:52:25 INFO LEAD new: [Permitted] Camden/2025/5191/P — 139 Fordwych Road London NW2 3NG
2026-10-01 10:52:25 INFO LEAD new: [Permitted] Camden/2026/0077/P — 125 Shaftesbury Avenue London WC2H 8AD
2026-10-01 10:52:25 INFO LEAD new: [Permitted] Camden/2026/0085/P — 6 Lyndhurst Road London NW3 5PX
2026-10-01 10:52:25 INFO LEAD new: [Permitted] Camden/2025/5694/P — Flat A 7 Hollycroft Avenue London NW3 7QG
2026-10-01 10:52:25 INFO LEAD new: [Permitted] Camden/2026/0066/L — BMA House 13 Tavistock Square London WC1H 9JP
2026-10-01 10:52:25 INFO LEAD new: [Permitted] Camden/2026/0057/P — 13 Modbury Gardens London NW5 3QE
2026-10-01 10:52:25 INFO LEAD new: [Permitted] Camden/2026/0067/P — 17-33 William Road London NW1 3ER
2026-10-01 10:52:25 INFO LEAD new: [Permitted] Camden/2026/0056/P — 5 Belsize Lane London NW3 5AD
2026-10-01 10:52:25 INFO LEAD new: [Permitted] Camden/2026/0050/P — 103 Parkway London NW1 7PP
2026-10-01 10:52:32 INFO [camden/Permitted] page at offset 2100: 100 records
2026-10-01 10:52:32 INFO LEAD new: [Permitted] Camden/2026/0032/P — Flat A 6 Tanza Road London NW3 2UB
2026-10-01 10:52:32 INFO LEAD new: [Permitted] Camden/2026/0051/P — 12 Flat 1 Kidderpore Gardens London Camden NW3 7SR
2026-10-01 10:52:32 INFO LEAD new: [Permitted] Camden/26-00224-LDCP — 11, BARTHOLOMEW VILLAS, LONDON, NW5 2LJ
2026-10-01 10:52:32 INFO LEAD new: [Permitted] Camden/2026/0028/P — 68 Leighton Road London NW5 2QE
2026-10-01 10:52:32 INFO LEAD new: [Permitted] Camden/2026/0072/L — 68 Leighton Road London NW5 2QE
2026-10-01 10:52:32 INFO LEAD new: [Permitted] Camden/2026/0018/P — Land adjacent to 63 Netherhall Gardens London NW3 5RE
2026-10-01 10:52:32 INFO LEAD new: [Permitted] Camden/2025/2838/P — Flat 7 49 Belsize Avenue London Camden NW3 4BN
2026-10-01 10:52:32 INFO LEAD new: [Permitted] Camden/2026/0019/P — 4 Cantelowes Road London NW1 9XJ
2026-10-01 10:52:32 INFO LEAD new: [Permitted] Camden/2026/0006/P — 74 Shoot-up Hill London NW2 3XJ
2026-10-01 10:52:32 INFO LEAD new: [Permitted] Camden/2025/5045/P — 7 Belsize Park Gardens London Camden NW3 4LB
2026-10-01 10:52:32 INFO LEAD new: [Permitted] Camden/2026/0012/P — Flat A, 39 Courthope Road London NW3 2LE
2026-10-01 10:52:32 INFO LEAD new: [Permitted] Camden/2025/4061/A — Queens Crescent Community Centre 45 Ashdown Crescent London 
2026-10-01 10:52:32 INFO LEAD new: [Permitted] Camden/2026/0008/P — Land to the North of the British Library 96 Euston Road Lond
2026-10-01 10:52:32 INFO LEAD new: [Permitted] Camden/2026/0001/P — 126 Fordwych Road London NW2 3PB
2026-10-01 10:52:32 INFO LEAD new: [Permitted] Camden/2025/5656/P — Flat A 27 Cotleigh Road London NW6 2NL
2026-10-01 10:52:32 INFO LEAD new: [Permitted] Camden/2025/5896/P — 34 Belsize Lane London NW3 5AE
2026-10-01 10:52:32 INFO LEAD new: [Permitted] Camden/2025/5718/L — 34 Belsize Lane London NW3 5AE
2026-10-01 10:52:32 INFO LEAD new: [Permitted] Camden/2025/5889/P — 61 Lincoln's Inn Fields London WC2A 3JW
2026-10-01 10:52:32 INFO LEAD new: [Permitted] Camden/2025/5892/P — Flat A 60 Belsize Road London NW6 4TG
2026-10-01 10:52:32 INFO LEAD new: [Permitted] Camden/2025/5890/P — 14 Northington Street London WC1N 2NW
2026-10-01 10:52:32 INFO LEAD new: [Permitted] Camden/2025/5887/P — Former Service Station, 617 Finchley Road, London, NW3 7BS
2026-10-01 10:52:32 INFO LEAD new: [Permitted] Camden/2025/5657/P — 12 Rondu Road London NW2 3HA
2026-10-01 10:52:32 INFO LEAD new: [Permitted] Camden/2025/5223/P — Flat A 9 Kingsgate Road London Camden NW6 4TD
2026-10-01 10:52:32 INFO LEAD new: [Permitted] Camden/2025/5867/P — 24 Burghley Road London NW5 1UE
2026-10-01 10:52:32 INFO LEAD new: [Permitted] Camden/2025/5862/L — Flat 1 73 South End Road London NW3 2RJ
2026-10-01 10:52:32 INFO LEAD new: [Permitted] Camden/2025/5866/P — 3 Flat Basement And Ground Floor Arkwright Road London Camde
2026-10-01 10:52:32 INFO LEAD new: [Permitted] Camden/2025/5874/P — Garden Flat 44 Belsize Square London NW3 4HN
2026-10-01 10:52:32 INFO LEAD new: [Permitted] Camden/2025/5857/P — 14 Greenaway Gardens London NW3 7DH
2026-10-01 10:52:32 INFO LEAD new: [Permitted] Camden/2025/5863/P — 16 Avenue Road London NW8 6BP
2026-10-01 10:52:32 INFO LEAD new: [Permitted] Camden/2025/5878/P — Flat 2 44 Parliament Hill London NW3 2TN
2026-10-01 10:52:32 INFO LEAD new: [Permitted] Camden/2025/5870/P — 33 Greencroft Gardens London NW6 3LN
2026-10-01 10:52:32 INFO LEAD new: [Permitted] Camden/2025/5869/P — 73 South End Road London NW3 2RJ
2026-10-01 10:52:32 INFO LEAD new: [Permitted] Camden/2025/5860/P — 88 & 100 Gray’s Inn Road 127 Clerkenwell Road London WC1X 8A
2026-10-01 10:52:32 INFO LEAD new: [Permitted] Camden/2025/5764/P — Flat B 59 Oseney Crescent London NW5 2BE
2026-10-01 10:52:32 INFO LEAD new: [Permitted] Camden/2025/5858/P — 29 Saffron Hill London EC1N 8SW
2026-10-01 10:52:32 INFO LEAD new: [Permitted] Camden/2025/5821/P — Land to Western End of Freight Lane Freight Lane London N1C 
2026-10-01 10:52:32 INFO LEAD new: [Permitted] Camden/2025/5743/P — The Lodge St Pancras Gardens Pancras Road London NW1 1UL
2026-10-01 10:52:32 INFO LEAD new: [Permitted] Camden/2025/5826/L — 13 Bonny Street London NW1 9PE
2026-10-01 10:52:32 INFO LEAD new: [Permitted] Camden/2026/0002/A — 15-17 Tottenham Court Road London W1T 1BJ
2026-10-01 10:52:32 INFO LEAD new: [Permitted] Camden/2025/5834/P — 15-17 Tottenham Court Road London W1T 1BJ
2026-10-01 10:52:32 INFO LEAD new: [Permitted] Camden/2025/5831/P — Ucl Eastman Dental Hospital And Institute 256 Gray's Inn Roa
2026-10-01 10:52:32 INFO LEAD new: [Permitted] Camden/2025/4815/P — White Hall Hotel 2-7 Montague Street London WC1B 5BP
2026-10-01 10:52:32 INFO LEAD new: [Permitted] Camden/25-00220-LDCP — 22 Frognal London NW3 6AG
2026-10-01 10:52:32 INFO LEAD new: [Permitted] Camden/25-00219-HAPP — 3 Wavel Mews London NW6 3AB
2026-10-01 10:52:32 INFO LEAD new: [Permitted] Camden/2025/5774/P — Flat 1 and Flat 2, 30 Old Gloucester Street London WC1N 3AS
2026-10-01 10:52:32 INFO LEAD new: [Permitted] Camden/2025/5789/P — Basement Flat, Flat Ground Floor and Flat 1st Floor, 25 Denn
2026-10-01 10:52:32 INFO LEAD new: [Permitted] Camden/2025/5594/P — Hatstone Court 335 Finchley Road London NW3 6EN
2026-10-01 10:52:32 INFO LEAD new: [Permitted] Camden/2025/5796/A — 226 High Holborn London WC1V 7DZ
2026-10-01 10:52:32 INFO LEAD new: [Permitted] Camden/2025/5799/P — 155 Regent's Park Road London NW1 8BB
2026-10-01 10:52:32 INFO LEAD new: [Permitted] Camden/2025/5787/L — 80 South Hill Park London NW3 2SN
2026-10-01 10:52:32 INFO LEAD new: [Permitted] Camden/2025/5785/P — St Pancras Hospital 4 St Pancras Way London NW1 0PE
2026-10-01 10:52:32 INFO LEAD new: [Permitted] Camden/2025/5814/P — 17-33 William Road London NW1 3ER
2026-10-01 10:52:32 INFO LEAD new: [Permitted] Camden/2025/4633/P — Flat A and 1 Bartholomew Road London NW5 2AH
2026-10-01 10:52:32 INFO LEAD new: [Permitted] Camden/2025/5798/P — Flat Ground Floor 18 Murray Mews London NW1 9RJ
2026-10-01 10:52:32 INFO LEAD new: [Permitted] Camden/2025/5765/P — 1 Well Road London NW3 1LJ
2026-10-01 10:52:32 INFO LEAD new: [Permitted] Camden/2025/5363/L — Woodbine Cottage Vale of Health London NW3 1AX
2026-10-01 10:52:32 INFO LEAD new: [Permitted] Camden/2025/5768/P — Campden House Harben Road London NW6 4RN
2026-10-01 10:52:32 INFO LEAD new: [Permitted] Camden/2025/5782/L — 80-90 South Hill Park London NW3 2SN
2026-10-01 10:52:32 INFO LEAD new: [Permitted] Camden/2025/5756/P — 29 Oak Village London NW5 4QN
2026-10-01 10:52:32 INFO LEAD new: [Permitted] Camden/2025/5775/L — The British Library 96 Euston Road London NW1 2DB
2026-10-01 10:52:32 INFO LEAD new: [Permitted] Camden/2025/5400/L — 77 Highgate West Hill London Camden N6 6BU
2026-10-01 10:52:32 INFO LEAD new: [Permitted] Camden/2025/5737/P — 160-161 Drury Lane & 4-6 Parker Street London WC2B 5PN
2026-10-01 10:52:32 INFO LEAD new: [Permitted] Camden/2025/5778/P — 222-236 Grays Inn Road London WC1X 8HB
2026-10-01 10:52:32 INFO LEAD new: [Permitted] Camden/2025/5754/P — Land to Western End of Freight Lane Freight Lane London N1C 
2026-10-01 10:52:32 INFO LEAD new: [Permitted] Camden/2025/5755/P — Land to Western End of Freight Lane Freight Lane London N1C 
2026-10-01 10:52:32 INFO LEAD new: [Permitted] Camden/2025/5772/P — 15 Wedderburn Road London NW3 5QS
2026-10-01 10:52:32 INFO LEAD new: [Permitted] Camden/2025/5752/P — 7 Inverforth Close London NW3 7EX
2026-10-01 10:52:32 INFO LEAD new: [Permitted] Camden/2025/5714/P — 37 Rosslyn Hill London NW3 5UJ
2026-10-01 10:52:32 INFO LEAD new: [Permitted] Camden/2025/5771/P — 15 Wedderburn Road London NW3 5QS
2026-10-01 10:52:32 INFO LEAD new: [Permitted] Camden/2025/5598/P — Flat 3 39 Belsize Park London NW3 4EE
2026-10-01 10:52:32 INFO LEAD new: [Permitted] Camden/2025/5758/L — 31 Gloucester Crescent London NW1 7DL
2026-10-01 10:52:32 INFO LEAD new: [Permitted] Camden/2025/5751/P — 43 Croftdown Road London NW5 1EL
2026-10-01 10:52:32 INFO LEAD new: [Permitted] Camden/2025/5845/L — Seven Dials Warehouse 42 Earlham Street London WC2H 9LA
2026-10-01 10:52:32 INFO LEAD new: [Permitted] Camden/2025/5738/P — Flat A 125 Greencroft Gardens London NW6 3PE
2026-10-01 10:52:32 INFO LEAD new: [Permitted] Camden/2025/5742/P — Frognal House 99 Frognal London NW3 6XR
2026-10-01 10:52:32 INFO LEAD new: [Permitted] Camden/2025/5724/P — 247 Tottenham Court Road W1T 7HH
2026-10-01 10:52:32 INFO LEAD new: [Permitted] Camden/2026/0111/P — 97 Fellows Road London NW3 3JS
2026-10-01 10:52:32 INFO LEAD new: [Permitted] Camden/2025/5731/P — 34 Lancaster Grove London NW3 4PB
2026-10-01 10:52:39 INFO [camden/Permitted] page at offset 2200: 100 records
2026-10-01 10:52:39 INFO LEAD new: [Permitted] Camden/2025/5739/P — The Cottage 10 Lyndhurst Road London NW3 5PX
2026-10-01 10:52:39 INFO LEAD new: [Permitted] Camden/2025/5734/P — Land to the North of the British Library 96 Euston Road Lond
2026-10-01 10:52:39 INFO LEAD new: [Permitted] Camden/2025/5744/P — 18 Vane Close London Camden NW3 5UN
2026-10-01 10:52:39 INFO LEAD new: [Permitted] Camden/2025/5747/L — 7 John Street London WC1N 2ES
2026-10-01 10:52:39 INFO LEAD new: [Permitted] Camden/2025/5730/P — Development Site At 14 To 19 Tottenham Mews London W1T 4AA
2026-10-01 10:52:39 INFO LEAD new: [Permitted] Camden/2025/5735/L — 2 The Grove London N6 6JU
2026-10-01 10:52:39 INFO LEAD new: [Permitted] Camden/2025/5813/A — Restaurant And Premises At Basement And Ground Floor 190 Sha
2026-10-01 10:52:39 INFO LEAD new: [Permitted] Camden/2025/5741/P — Restaurant And Premises At Basement And Ground Floor 190 Sha
2026-10-01 10:52:39 INFO LEAD new: [Permitted] Camden/2025/5722/P — Seven Dials Warehouse 42 Earlham Street London WC2H 9LA
2026-10-01 10:52:39 INFO LEAD new: [Permitted] Camden/2025/5712/P — 17-33 William Road London NW1 3ER
2026-10-01 10:52:39 INFO LEAD new: [Permitted] Camden/2025/5704/P — Ground Floor Flat 97 Priory Road London NW6 3NL
2026-10-01 10:52:39 INFO LEAD new: [Permitted] Camden/2025/5607/P — 263 Eversholt Street London Camden NW1 1BA
2026-10-01 10:52:39 INFO LEAD new: [Permitted] Camden/2025/5705/P — 26 & 26A Netherhall Gardens London NW3 5TL
2026-10-01 10:52:39 INFO LEAD new: [Permitted] Camden/2025/5713/P — Car Park adjacent to Harrington Square London NW1 2JL
2026-10-01 10:52:39 INFO LEAD new: [Permitted] Camden/2025/5710/P — 189 Brecknock Road London N19 5AB
2026-10-01 10:52:39 INFO LEAD new: [Permitted] Camden/2025/5719/P — 29 Narcissus Road London NW6 1TL
2026-10-01 10:52:39 INFO LEAD new: [Permitted] Camden/2025/5721/P — Wildwood Cottage 17 North End London NW3 7HR
2026-10-01 10:52:39 INFO LEAD new: [Permitted] Camden/2025/5708/P — 19 Glenilla Road London NW3 4AL
2026-10-01 10:52:39 INFO LEAD new: [Permitted] Camden/2025/5680/P — 79 Burghley Road London NW5 1UH
2026-10-01 10:52:39 INFO LEAD new: [Permitted] Camden/2025/5687/P — 21 Gascony Avenue London Camden NW6 4NB
2026-10-01 10:52:39 INFO LEAD new: [Permitted] Camden/2025/5540/P — Flat 1 27 Compayne Gardens London NW6 3DD
2026-10-01 10:52:39 INFO LEAD new: [Permitted] Camden/2025/5686/P — Land to the rear of 12 Sarre Road London NW2 3SL
2026-10-01 10:52:39 INFO LEAD new: [Permitted] Camden/2025/5701/L — 5 Raymond Buildings Gray's Inn London Camden WC1R 5BP
2026-10-01 10:52:39 INFO LEAD new: [Permitted] Camden/2025/5684/P — British Museum Great Russell Street London WC1B 3DG
2026-10-01 10:52:39 INFO LEAD new: [Permitted] Camden/2025/5700/P — Hampstead Heath Hampstead Heath Mixed Pond Camden N6 6JH
2026-10-01 10:52:39 INFO LEAD new: [Permitted] Camden/2025/5703/P — Hampstead Heath Hampstead Heath Men's Pond Camden N6 6JH
2026-10-01 10:52:39 INFO LEAD new: [Permitted] Camden/2025/5691/L — Rosslyn Hill Unitarian Chapel 3 Pilgrim's Place London NW3 1
2026-10-01 10:52:39 INFO LEAD new: [Permitted] Camden/2025/5678/P — Highfield Mews, 10 Compayne Gardens London Camden NW6 3GB
2026-10-01 10:52:39 INFO LEAD new: [Permitted] Camden/2025/5566/P — Talacre Community Sports Centre Prince Of Wales Road London 
2026-10-01 10:52:39 INFO LEAD new: [Permitted] Camden/2025/5696/P — 49 Willes Road London Camden NW5 3DN
2026-10-01 10:52:39 INFO LEAD new: [Permitted] Camden/2025/5681/P — Frontage Building Great Ormond Street Childrens Hospital Gre
2026-10-01 10:52:39 INFO LEAD new: [Permitted] Camden/2025/5612/P — Talacre Community Sports Centre Prince Of Wales Road London 
2026-10-01 10:52:39 INFO LEAD new: [Permitted] Camden/2025/5784/L — British Museum Great Russell Street London WC1B 3DG
2026-10-01 10:52:39 INFO LEAD new: [Permitted] Camden/2025/5672/P — 16 Provost Road London NW3 4ST
2026-10-01 10:52:39 INFO LEAD new: [Permitted] Camden/2025/5664/P — 2 Rona Road London NW3 2JA
2026-10-01 10:52:39 INFO LEAD new: [Permitted] Camden/2025/0934/P — 14 - 19 Tottenham Mews London W1T 4AA
2026-10-01 10:52:39 INFO LEAD new: [Permitted] Camden/2025/5676/L — Parliament Hill Lido Gordon House Road London NW5 1LT
2026-10-01 10:52:39 INFO LEAD new: [Permitted] Camden/2025/5668/L — 3 Holly Mount London NW3 6SG
2026-10-01 10:52:39 INFO LEAD new: [Permitted] Camden/2025/5663/P — Brunswick Centre Estate Brunswick Centre London WC1N 1AE
2026-10-01 10:52:39 INFO LEAD new: [Permitted] Camden/2025/5665/P — Brunswick Centre Estate Brunswick Centre London WC1N 1AE
2026-10-01 10:52:39 INFO LEAD new: [Permitted] Camden/2025/5645/P — 57 Lancaster Grove London NW3 4HD
2026-10-01 10:52:39 INFO LEAD new: [Permitted] Camden/2025/5666/P — Brunswick Centre Estate Brunswick Centre London WC1N 1AE
2026-10-01 10:52:39 INFO LEAD new: [Permitted] Camden/2025/5614/P — 17-33 William Road London NW1 3ER
2026-10-01 10:52:39 INFO LEAD new: [Permitted] Camden/2025/5615/P — Ground Floor and First Floor Flat 41 Aberdare Gardens London
2026-10-01 10:52:39 INFO LEAD new: [Permitted] Camden/2025/5595/P — 7 Frognal Gardens London NW3 6UY
2026-10-01 10:52:39 INFO LEAD new: [Permitted] Camden/2025/5610/L — University Of London Senate House Malet Street London WC1E 7
2026-10-01 10:52:39 INFO LEAD new: [Permitted] Camden/2025/5650/P — 125 Shaftesbury Avenue London WC2H 8AD
2026-10-01 10:52:39 INFO LEAD new: [Permitted] Camden/2025/5649/P — Neasden Goods Deport Neasden Lane London NW10 2UG
2026-10-01 10:52:39 INFO LEAD new: [Permitted] Camden/2025/5602/P — 15 Belsize Avenue London NW3 4BL
2026-10-01 10:52:39 INFO LEAD new: [Permitted] Camden/2025/5646/A — 14-16 Betterton Street London WC2H 9BU
2026-10-01 10:52:39 INFO LEAD new: [Permitted] Camden/2025/5635/HS2 — Park Village East NW1 2DU
2026-10-01 10:52:39 INFO LEAD new: [Permitted] Camden/2025/5605/L — 29-30 Fitzroy Square London Camden W1T 6LQ
2026-10-01 10:52:39 INFO LEAD new: [Permitted] Camden/2025/5709/L — 18 Keats Grove London NW3 2RS
2026-10-01 10:52:39 INFO LEAD new: [Permitted] Camden/2025/5604/P — Embassy Theatre The Royal Central School Of Speech And Drama
2026-10-01 10:52:39 INFO LEAD new: [Permitted] Camden/2025/5651/P — 56 Belsize Park Gardens London NW3 4ND
2026-10-01 10:52:39 INFO LEAD new: [Permitted] Camden/2025/5600/P — 36 Hollycroft Avenue London Camden NW3 7QN
2026-10-01 10:52:39 INFO LEAD new: [Permitted] Camden/2025/5590/P — 7 Belsize Square London NW3 4HT
2026-10-01 10:52:46 INFO [camden/Permitted] page at offset 2300: 100 records
2026-10-01 10:52:46 INFO LEAD new: [Permitted] Camden/2025/5609/P — 2 The Grove London N6 6JU
2026-10-01 10:52:46 INFO LEAD new: [Permitted] Camden/2025/5534/P — Basement Flat and Flat A, 30 Inkerman Road London NW5 3BT
2026-10-01 10:52:46 INFO LEAD new: [Permitted] Camden/2025/5396/P — Flat A 11 Gladys Road London NW6 2PU
2026-10-01 10:52:46 INFO LEAD new: [Permitted] Camden/2025/5588/P — Senator House 85 Queen Victoria Street London EC4V 4AB
2026-10-01 10:52:46 INFO LEAD new: [Permitted] Camden/2025/5581/L — Telephone Kiosk outside Haverstock Hotel, 154 Haverstock Hil
2026-10-01 10:52:46 INFO LEAD new: [Permitted] Camden/2025/5578/P — Telephone Kiosk outside Haverstock Hotel, 154 Haverstock Hil
2026-10-01 10:52:46 INFO LEAD new: [Permitted] Camden/2025/5571/P — 20 Busby Place London NW5 2SR
2026-10-01 10:52:46 INFO LEAD new: [Permitted] Camden/2025/5569/P — Land adjacent to 63 Netherhall Gardens London NW3 5RE
2026-10-01 10:52:46 INFO LEAD new: [Permitted] Camden/2025/5573/P — 13 Belsize Road London NW6 4RX
2026-10-01 10:52:46 INFO LEAD new: [Permitted] Camden/2025/5541/P — Land to the Western End of Freight Lane Freight Lane London 
2026-10-01 10:52:46 INFO LEAD new: [Permitted] Camden/2025/5570/P — The British Museum Great Russell Street London WC1B 3DG
2026-10-01 10:52:46 INFO LEAD new: [Permitted] Camden/2025/5080/P — 50 Willoughby Road London NW3 1RU
2026-10-01 10:52:46 INFO LEAD new: [Permitted] Camden/2025/5181/A — 155 Camden High Street London Camden NW1 7JY
2026-10-01 10:52:46 INFO LEAD new: [Permitted] Camden/2025/5577/P — Flat 2nd Floor 12 Hemstal Road London Camden NW6 2AN
2026-10-01 10:52:46 INFO LEAD new: [Permitted] Camden/2025/5576/A — 246 Camden High Street London Camden NW1 8QS
2026-10-01 10:52:46 INFO LEAD new: [Permitted] Camden/25-00158-LDCP — 31 Chetwynd Road LONDON NW5 1BX
2026-10-01 10:52:46 INFO LEAD new: [Permitted] Camden/2025/5547/P — 88 & 100 Gray's Inn Road 127 Clerkenwell Road London WC1X 8A
2026-10-01 10:52:46 INFO LEAD new: [Permitted] Camden/2025/5561/P — Brunswick Centre Estate Brunswick Centre London WC1N 1AE
2026-10-01 10:52:46 INFO LEAD new: [Permitted] Camden/2025/5563/L — Flat 53 Chamberlain House Phoenix Road London NW1 1EU
2026-10-01 10:52:46 INFO LEAD new: [Permitted] Camden/2025/5583/P — Liverpool Street Station, Liverpool Street, EC2M 7PY; Andaz 
2026-10-01 10:52:46 INFO LEAD new: [Permitted] Camden/2025/4951/06BGP — Greater London House Hampstead Road London NW1 7QX
2026-10-01 10:52:46 INFO LEAD new: [Permitted] Camden/2025/5562/A — Great Northern Hotel Pancras Road London Camden N1C 4TB
2026-10-01 10:52:46 INFO LEAD new: [Permitted] Camden/2025/5560/P — 19 St Paul's Crescent London Camden NW1 9XN
2026-10-01 10:52:46 INFO LEAD new: [Permitted] Camden/2025/5492/P — Garden Flat 28 Hemstal Road London NW6 2AL
2026-10-01 10:52:46 INFO LEAD new: [Permitted] Camden/25-00192-HAPP — 19 Tanza Road London, NW3 2UA
2026-10-01 10:52:46 INFO LEAD new: [Permitted] Camden/2025/5535/L — Great Northern Hotel Pancras Road London N1C 4TB
2026-10-01 10:52:46 INFO LEAD new: [Permitted] Camden/2025/5533/P — Primrose Hill Studios 12.13 Fitzroy Road London NW1 8TR
2026-10-01 10:52:46 INFO LEAD new: [Permitted] Camden/2025/5538/P — 90 Bartholomew Close London EC1A 7BN
2026-10-01 10:52:46 INFO LEAD new: [Permitted] Camden/2025/5015/P — 376 Finchley Road London Camden NW3 7AJ
2026-10-01 10:52:46 INFO LEAD new: [Permitted] Camden/2025/5532/L — University Of London Senate House Malet Street London WC1E 7
2026-10-01 10:52:46 INFO LEAD new: [Permitted] Camden/2025/5520/P — Flat 4 7 Cambridge Gate London NW1 4JX
2026-10-01 10:52:46 INFO LEAD new: [Permitted] Camden/2025/5762/L — Flat 4 7 Cambridge Gate London NW1 4JX
2026-10-01 10:52:46 INFO LEAD new: [Permitted] Camden/2025/5539/P — 18 Denmark Street London WC2H 8NE
2026-10-01 10:52:46 INFO LEAD new: [Permitted] Camden/2025/5554/A — 18 Denmark Street London WC2H 8NE
2026-10-01 10:52:46 INFO LEAD new: [Permitted] Camden/2025/5362/P — 25 South Hill Park London NW3 2ST
2026-10-01 10:52:46 INFO LEAD new: [Permitted] Camden/2025/5537/L — The Shaftesbury Theatre 210 Shaftesbury Avenue London WC2H 8
2026-10-01 10:52:46 INFO LEAD new: [Permitted] Camden/2025/5536/P — Flat B 8 Cotleigh Road London NW6 2NP
2026-10-01 10:52:46 INFO LEAD new: [Permitted] Camden/2025/5521/HS2 — 30 Euston Square London NW1 2FB
2026-10-01 10:52:46 INFO LEAD new: [Permitted] Camden/2025/5402/P — Flat A 26 Wedderburn Road London NW3 5QG
2026-10-01 10:52:46 INFO LEAD new: [Permitted] Camden/2025/5522/P — 124 Theobald's Road London WC1X 8RX
2026-10-01 10:52:46 INFO LEAD new: [Permitted] Camden/2025/5523/A — 124 Albany Street London Camden NW1 4EL
2026-10-01 10:52:46 INFO LEAD new: [Permitted] Camden/2025/5509/L — 32 Bloomsbury Street London WC1B 3QJ
2026-10-01 10:52:46 INFO LEAD new: [Permitted] Camden/2025/5499/P — 32 Bloomsbury Street London WC1B 3QJ
2026-10-01 10:52:46 INFO LEAD new: [Permitted] Camden/2025/5354/P — 31 Pond Street London NW3 2PN
2026-10-01 10:52:46 INFO LEAD new: [Permitted] Camden/2025/5501/P — Flat 1 12 Redington Road London NW3 7RG
2026-10-01 10:52:46 INFO LEAD new: [Permitted] Camden/2025/5309/P — Seven Dials Court 3 Shorts Gardens London WC2H 9AT
2026-10-01 10:52:46 INFO LEAD new: [Permitted] Camden/2025/5356/P — Flat A 83 Jamestown Road London NW1 7DB
2026-10-01 10:52:46 INFO LEAD new: [Permitted] Camden/2025/5511/L — The British Museum Great Russell Street London WC1B 8DG
2026-10-01 10:52:46 INFO LEAD new: [Permitted] Camden/2025/5500/P — 16 Woodyard Close London NW5 4BX
2026-10-01 10:52:46 INFO LEAD new: [Permitted] Camden/2025/5414/L — 31 Pond Street London NW3 2PN
2026-10-01 10:52:46 INFO LEAD new: [Permitted] Camden/2025/5308/P — Seven Dials Court 3 Shorts Gardens London WC2H 9AT
2026-10-01 10:52:46 INFO LEAD new: [Permitted] Camden/2025/5502/P — 44 Glenilla Road London NW3 4AN
2026-10-01 10:52:46 INFO LEAD new: [Permitted] Camden/2025/5480/P — 17 Oakeshott Avenue London Camden N6 6NT
2026-10-01 10:52:46 INFO LEAD new: [Permitted] Camden/2025/5494/P — Flat 1 67 Aberdare Gardens London NW6 3AN
2026-10-01 10:52:46 INFO LEAD new: [Permitted] Camden/2025/5484/P — 45 Burghley Road London NW5 1UH
2026-10-01 10:52:46 INFO LEAD new: [Permitted] Camden/2025/5497/P — 17-33 William Road London NW1 3ER
2026-10-01 10:52:47 INFO LEAD new: [Permitted] Camden/2025/5483/L — 82 Leather Lane London EC1N 7TR
2026-10-01 10:52:47 INFO LEAD new: [Permitted] Camden/2025/5491/P — 19 North End London NW3 7HR
2026-10-01 10:52:47 INFO LEAD new: [Permitted] Camden/2025/5401/P — Flat G 32 Belsize Park London NW3 4DX
2026-10-01 10:52:47 INFO LEAD new: [Permitted] Camden/2025/5488/P — Davina House 59 A Fordwych Road London Camden NW2 3TW
2026-10-01 10:52:47 INFO LEAD new: [Permitted] Camden/2025/5251/P — Flat 27 Hillfield Court Belsize Avenue London NW3 4BJ
2026-10-01 10:52:47 INFO LEAD new: [Permitted] Camden/2025/5450/P — Flat A 149 St Pancras Way London NW1 0SY
2026-10-01 10:52:47 INFO LEAD new: [Permitted] Camden/2025/5470/P — 34 Avenue Road London NW8 6BU
2026-10-01 10:52:47 INFO LEAD new: [Permitted] Camden/2025/5457/A — 59-61 Camden High Street London NW1 7JL
2026-10-01 10:52:47 INFO LEAD new: [Permitted] Camden/2025/5456/P — Belgrove House Belgrove Street London WC1H 8AA
2026-10-01 10:52:47 INFO LEAD new: [Permitted] Camden/2025/5311/P — 2 Early Mews London NW1 7HG
2026-10-01 10:52:52 WARNING Rate limited (429); waiting 504s before retry 1/6
2026-10-01 11:01:18 INFO [camden/Permitted] page at offset 2400: 100 records
2026-10-01 11:01:18 INFO LEAD new: [Permitted] Camden/2025/5453/L — 18 Woburn Square London WC1H 0NS
2026-10-01 11:01:18 INFO LEAD new: [Permitted] Camden/2025/5474/HS2 — Centre for the Magic Arts 12 Stephenson Way London NW1 2HD
2026-10-01 11:01:18 INFO LEAD new: [Permitted] Camden/2025/5463/L — 27 Great Queen Street London WC2B 5BB
2026-10-01 11:01:18 INFO LEAD new: [Permitted] Camden/2025/5050/P — Flat 3 17 Ferncroft Avenue London NW3 7PG
2026-10-01 11:01:18 INFO LEAD new: [Permitted] Camden/2025/5460/A — Great Northern Hotel Pancras Road London Camden N1C 4TB
2026-10-01 11:01:18 INFO LEAD new: [Permitted] Camden/2025/5388/P — Pavement outside Holborn Station, 94 Kingsway, London, WC2B 
2026-10-01 11:01:18 INFO LEAD new: [Permitted] Camden/2025/5475/A — Unit 3, 10 Jamestown Road London NW1 7BY
2026-10-01 11:01:18 INFO LEAD new: [Permitted] Camden/2025/3998/P — 14 Cannon Place London NW3 1EJ
2026-10-01 11:01:18 INFO LEAD new: [Permitted] Camden/2025/4734/L — 57 Mornington Terrace London Camden NW1 7RU
2026-10-01 11:01:18 INFO LEAD new: [Permitted] Camden/2025/4733/A — 57 Mornington Terrace London Camden NW1 7RU
2026-10-01 11:01:18 INFO LEAD new: [Permitted] Camden/2025/5477/P — Garden Flat 25 Lancaster Grove London NW3 4EX
2026-10-01 11:01:18 INFO LEAD new: [Permitted] Camden/2025/5468/L — No.80 to 90 South Hill Park London NW3 2SN
2026-10-01 11:01:18 INFO LEAD new: [Permitted] Camden/2025/5471/L — 80 South Hill Park London NW3 2SN
2026-10-01 11:01:18 INFO LEAD new: [Permitted] Camden/2025/5469/P — Garden Flat 121 King Henry's Road London NW3 3RB
2026-10-01 11:01:18 INFO LEAD new: [Permitted] Camden/2025/5424/P — Flat A 7 Belsize Park Gardens London NW3 4LB
2026-10-01 11:01:18 INFO LEAD new: [Permitted] Camden/2025/5415/P — 298 Finchley Road London NW3 7AG
2026-10-01 11:01:18 INFO LEAD new: [Permitted] Camden/2025/5444/P — Frognal Mansions 97 Frognal London NW3 6XT
2026-10-01 11:01:18 INFO LEAD new: [Permitted] Camden/2025/5423/P — Maple House 149 Tottenham Court Road London W1T 7NF
2026-10-01 11:01:18 INFO LEAD new: [Permitted] Camden/2025/5446/P — St Pancras Hospital, South Wing 4 St Pancras Way London NW1 
2026-10-01 11:01:18 INFO LEAD new: [Permitted] Camden/2025/5439/P — 17 Woburn Square London WC1H 0NS
2026-10-01 11:01:18 INFO LEAD new: [Permitted] Camden/2025/5449/L — 17 Woburn Square London WC1H 0NS
2026-10-01 11:01:18 INFO LEAD new: [Permitted] Camden/2025/5448/P — Development Site At 14 To 19 Tottenham Mews London Camden W1
2026-10-01 11:01:18 INFO LEAD new: [Permitted] Camden/2025/5146/L — Land to the North of the British Library 96 Euston Road Lond
2026-10-01 11:01:18 INFO LEAD new: [Permitted] Camden/2025/5406/P — Flats 1, 2, 3, 4, 5 and 6 22 Denning Road London NW3 1SU
2026-10-01 11:01:18 INFO LEAD new: [Permitted] Camden/2025/5408/P — 39 Marchmont Street London WC1N 1AP
2026-10-01 11:01:18 INFO LEAD new: [Permitted] Camden/2025/5399/P — Flat A, 200a West End Lane London NW6 1SG
2026-10-01 11:01:18 INFO LEAD new: [Permitted] Camden/2025/5409/A — The Royal George PH 8-14 Eversholt Street London NW1 1DG
2026-10-01 11:01:18 INFO LEAD new: [Permitted] Camden/2025/5410/L — The Royal George PH 8-14 Eversholt Street London NW1 1DG
2026-10-01 11:01:18 INFO LEAD new: [Permitted] Camden/2025/5398/P — 5 Bacon's Lane London N6 6BL
2026-10-01 11:01:18 INFO LEAD new: [Permitted] Camden/2025/5395/P — Flat A and Flat Ground Floor 18 Kemplay Road London NW3 1SY
2026-10-01 11:01:18 INFO LEAD new: [Permitted] Camden/2025/5391/P — Flat 4 23 King Henry's Road London NW3 3QP
2026-10-01 11:01:18 INFO LEAD new: [Permitted] Camden/2025/5392/P — Offices And Premises At Ground Floor 100a Chalk Farm Road Lo
2026-10-01 11:01:18 INFO LEAD new: [Permitted] Camden/2025/4921/06BGP — Model Boating Pond Hampstead Heath London N6 6HT
2026-10-01 11:01:18 INFO LEAD new: [Permitted] Camden/2025/4927/P — The Sir John Oldcastle 29-35 Farringdon Road London EC1M 3JF
2026-10-01 11:01:18 INFO LEAD new: [Permitted] Camden/2025/5378/L — 89 Belsize Lane London NW3 5AU
2026-10-01 11:01:18 INFO LEAD new: [Permitted] Camden/2025/5384/P — Fitzroy House 355 Euston Road London NW1 3AL
2026-10-01 11:01:18 INFO LEAD new: [Permitted] Camden/2025/5377/P — 89 Belsize Lane London NW3 5AU
2026-10-01 11:01:18 INFO LEAD new: [Permitted] Camden/2025/5383/P — Fitzroy House 355 Euston Road London NW1 3AL
2026-10-01 11:01:18 INFO LEAD new: [Permitted] Camden/2025/5385/P — 109 Canfield Gardens London NW6 3DY
2026-10-01 11:01:18 INFO LEAD new: [Permitted] Camden/2025/5369/P — The Courtyard Building 1 Alfred Place London WC1E 7EB
2026-10-01 11:01:18 INFO LEAD new: [Permitted] Camden/2025/5387/P — 3 Talacre Road London NW5 3PH
2026-10-01 11:01:18 INFO LEAD new: [Permitted] Camden/2025/5370/P — The Courtyard Building 1 Alfred Place London WC1E 7EB
2026-10-01 11:01:18 INFO LEAD new: [Permitted] Camden/2025/5364/P — 16 Avenue Road London NW8 6BP
2026-10-01 11:01:18 INFO LEAD new: [Permitted] Camden/2025/5374/P — 74 King's Cross Road London WC1X 9QG
2026-10-01 11:01:18 INFO LEAD new: [Permitted] Camden/2025/5351/P — 4 Edis Street London NW1 8LG
2026-10-01 11:01:18 INFO LEAD new: [Permitted] Camden/2025/5417/L — 31 Pond Street London NW3 2PN
2026-10-01 11:01:18 INFO LEAD new: [Permitted] Camden/2025/5343/P — 7 Ivor Street London NW1 9PL
2026-10-01 11:01:18 INFO LEAD new: [Permitted] Camden/2026/0117/L — Africa House 70 Kingsway London WC2B 6AH
2026-10-01 11:01:18 INFO LEAD new: [Permitted] Camden/2025/5359/L — Former Hampstead Police Station 26 Rosslyn Hill London NW3 1
2026-10-01 11:01:18 INFO LEAD new: [Permitted] Camden/2025/5337/P — Africa House 70 Kingsway London Camden WC2B 6AH
2026-10-01 11:01:18 INFO LEAD new: [Permitted] Camden/2025/5336/P — 5 Gayton Crescent London NW3 1TT
2026-10-01 11:01:18 INFO LEAD new: [Permitted] Camden/2025/5357/P — 19 Flat 2nd And 3rd Floor Shirlock Road London Camden NW3 2H
2026-10-01 11:01:18 INFO LEAD new: [Permitted] Camden/2025/5344/P — Flat A 7 Baptist Gardens London NW5 4ET
2026-10-01 11:01:19 INFO LEAD new: [Permitted] Camden/2025/5358/P — Mullen Tower Mount Pleasant Camden WC1X 0AG
2026-10-01 11:01:19 INFO LEAD new: [Permitted] Camden/2025/5355/P — 31 Pond Street London NW3 2PN
2026-10-01 11:01:19 INFO LEAD new: [Permitted] Camden/2025/5322/P — 18 Courthope Road London NW3 2LB
2026-10-01 11:01:19 INFO LEAD new: [Permitted] Camden/2025/4702/P — 164 Shaftesbury Avenue London WC2H 8HL
2026-10-01 11:01:19 INFO LEAD new: [Permitted] Camden/2025/5353/P — 35 Willes Road London NW5 3DN
2026-10-01 11:01:19 INFO LEAD new: [Permitted] Camden/2025/5338/P — Bonham Carter House and Warwickshire House 52-60 Gower Stree
2026-10-01 11:01:19 INFO LEAD new: [Permitted] Camden/2025/5333/P — 49 Lancaster Grove London NW3 4HB
2026-10-01 11:01:25 INFO [camden/Permitted] page at offset 2500: 100 records
2026-10-01 11:01:25 INFO LEAD new: [Permitted] Camden/2025/5318/P — 4 Cantelowes Road London NW1 9XJ
2026-10-01 11:01:25 INFO LEAD new: [Permitted] Camden/2025/5324/P — British Museum Great Russell Street London WC1E 7JW
2026-10-01 11:01:25 INFO LEAD new: [Permitted] Camden/2025/5194/P — 9 St Cuthbert's Road London NW2 3QJ
2026-10-01 11:01:25 INFO LEAD new: [Permitted] Camden/2025/5325/P — 13 Ebbsfleet Road London NW2 3NB
2026-10-01 11:01:25 INFO LEAD new: [Permitted] Camden/2025/5332/P — 19 Cannon Place London Camden NW3 1EH
2026-10-01 11:01:25 INFO LEAD new: [Permitted] Camden/2025/4549/P — 1 Wavel Mews London NW6 3AB
2026-10-01 11:01:25 INFO LEAD new: [Permitted] Camden/2025/5310/P — 82 Leather Lane London EC1N 7TR
2026-10-01 11:01:25 INFO LEAD new: [Permitted] Camden/2025/5315/P — Lief House 3 Sumpter Close London NW3 5HR
2026-10-01 11:01:25 INFO LEAD new: [Permitted] Camden/2025/5299/P — 14 Naseby Close London NW6 4EY
2026-10-01 11:01:25 INFO LEAD new: [Permitted] Camden/2025/5307/P — 39 Holmdale Road London NW6 1BJ
2026-10-01 11:01:25 INFO LEAD new: [Permitted] Camden/2025/5306/P — Land to the North of the British Library 96 Euston Road Lond
2026-10-01 11:01:25 INFO LEAD new: [Permitted] Camden/2025/5296/P — 30 Jamestown Road London NW1 7BY
2026-10-01 11:01:25 INFO LEAD new: [Permitted] Camden/2025/5305/P — Land to the North of the British Library 96 Euston Road Lond
2026-10-01 11:01:25 INFO LEAD new: [Permitted] Camden/2025/5301/P — Flat A 28 St Augustine's Road London NW1 9RN
2026-10-01 11:01:25 INFO LEAD new: [Permitted] Camden/2025/5287/P — 14 Naseby Close London NW6 4EY
2026-10-01 11:01:25 INFO LEAD new: [Permitted] Camden/2025/5004/L — 22 Park Village East London NW1 7PZ
2026-10-01 11:01:25 INFO LEAD new: [Permitted] Camden/2025/5121/P — Basement Flat 60 Pilgrim's Lane London NW3 1SN
2026-10-01 11:01:25 INFO LEAD new: [Permitted] Camden/2025/4946/P — Flat 16 Imperial Towers 17 Netherhall Gardens London NW3 5RT
2026-10-01 11:01:25 INFO LEAD new: [Permitted] Camden/2025/5136/P — 89 Flat A Fitzjohn's Avenue London Camden NW3 6NX
2026-10-01 11:01:25 INFO LEAD new: [Permitted] Camden/2025/5285/P — Ames House 26 Netherhall Gardens London NW3 5TL
2026-10-01 11:01:25 INFO LEAD new: [Permitted] Camden/2025/5297/P — 10-11 Great Turnstile London WC1V 7JU
2026-10-01 11:01:25 INFO LEAD new: [Permitted] Camden/2025/5075/L — 28 Chester Terrace London NW1 4ND
2026-10-01 11:01:25 INFO LEAD new: [Permitted] Camden/2025/5275/P — 19 Cannon Place London Camden NW3 1EH
2026-10-01 11:01:25 INFO LEAD new: [Permitted] Camden/2025/5006/P — 28 Chester Terrace London Camden NW1 4ND
2026-10-01 11:01:25 INFO LEAD new: [Permitted] Camden/2025/5178/P — Land to the rear of 12 Sarre Road London NW2 3SL
2026-10-01 11:01:25 INFO LEAD new: [Permitted] Camden/2025/4569/P — McGlynn's Free House 1-5 Whidborne Street London WC1H 8ET
2026-10-01 11:01:25 INFO LEAD new: [Permitted] Camden/2025/5218/P — 157 Gloucester Avenue London Camden NW1 8LA
2026-10-01 11:01:25 INFO LEAD new: [Permitted] Camden/2025/5282/P — 14 - 15 Neal's Yard London WC2H 9DP
2026-10-01 11:01:25 INFO LEAD new: [Permitted] Camden/2025/5102/L — British Museum Great Russell Street London WC1B 3DG
2026-10-01 11:01:25 INFO LEAD new: [Permitted] Camden/2025/5278/P — 8 Solent Road London NW6 1TU
2026-10-01 11:01:25 INFO LEAD new: [Permitted] Camden/2025/5265/P — Centre Point House (includes Centre Point Tower, Centre Poin
2026-10-01 11:01:25 INFO LEAD new: [Permitted] Camden/2025/5266/P — Centre Point House (includes Centre Point Tower, Centre Poin
2026-10-01 11:01:25 INFO LEAD new: [Permitted] Camden/2025/5246/P — 34A Goldhurst Terrace London NW6 3HU
2026-10-01 11:01:25 INFO LEAD new: [Permitted] Camden/2025/5253/P — 36 Avenue Road London NW8 6HS
2026-10-01 11:01:25 INFO LEAD new: [Permitted] Camden/2025/5257/L — Centre Point House (includes Centre Point Tower, Centre Poin
2026-10-01 11:01:25 INFO LEAD new: [Permitted] Camden/2025/5258/L — Centre Point House (includes Centre Point Tower, Centre Poin
2026-10-01 11:01:25 INFO LEAD new: [Permitted] Camden/2025/5263/P — Flat 30B Cartmel Hampstead Road London NW1 3SH
2026-10-01 11:01:25 INFO LEAD new: [Permitted] Camden/2025/5262/P — 45 Elsworthy Road London NW3 3BS
2026-10-01 11:01:25 INFO LEAD new: [Permitted] Camden/2025/5269/L — Flat C 35 Mornington Terrace London NW1 7RS
2026-10-01 11:01:25 INFO LEAD new: [Permitted] Camden/2025/5272/P — 19 North End London NW3 7HR
2026-10-01 11:01:25 INFO LEAD new: [Permitted] Camden/2025/5254/P — Abbey Estate 3 Abbey Road London NW6 4DX
2026-10-01 11:01:25 INFO LEAD new: [Permitted] Camden/2025/5235/P — 14 Greenaway Gardens London NW3 7DH
2026-10-01 11:01:25 INFO LEAD new: [Permitted] Camden/2025/5312/L — 41 Russell Square London WC1E 5DA
2026-10-01 11:01:25 INFO LEAD new: [Permitted] Camden/2025/4975/L — 1 Sicilian Avenue London WC1A 2QH
2026-10-01 11:01:25 INFO LEAD new: [Permitted] Camden/2025/5232/L — The British Museum Great Russell Street London WC1B 3DG
2026-10-01 11:01:25 INFO LEAD new: [Permitted] Camden/2025/5243/P — 41 Russell Square London WC1E 5DA
2026-10-01 11:01:25 INFO LEAD new: [Permitted] Camden/2025/5242/L — 1A Montague Street London WC1B 5BP
2026-10-01 11:01:25 INFO LEAD new: [Permitted] Camden/2025/5230/P — 50-60 Southampton Row London WC1B 4AR
2026-10-01 11:01:25 INFO LEAD new: [Permitted] Camden/2025/5244/P — Keats House 10 Keats Grove London NW3 2RR
2026-10-01 11:01:25 INFO LEAD new: [Permitted] Camden/2025/5222/P — Land adjacent to 101 Camley Street London N1C 4DU
2026-10-01 11:01:25 INFO LEAD new: [Permitted] Camden/2025/5403/L — Keats House 10 Keats Grove London NW3 2RR
2026-10-01 11:01:25 INFO LEAD new: [Permitted] Camden/2025/5233/P — 15A Short's Gardens & 2-3 Neal's Yard London WC2H 9DP
2026-10-01 11:01:25 INFO LEAD new: [Permitted] Camden/2025/5794/A — 50-60 Southampton Row London WC1B 4AR
2026-10-01 11:01:25 INFO LEAD new: [Permitted] Camden/2025/5427/A — 15A Short's Gardens & 2-3 Neal's Yard London WC2H 9DP
2026-10-01 11:01:25 INFO LEAD new: [Permitted] Camden/2025/5240/P — Flat A 126 Mill Lane London NW6 1NE
2026-10-01 11:01:25 INFO LEAD new: [Permitted] Camden/25-00204-HAPP — 74 Fairhazel Gardens London NW6 3SR
2026-10-01 11:01:25 INFO LEAD new: [Permitted] Camden/2025/5219/P — 4 King's Mews London WC1N 2HY
2026-10-01 11:01:25 INFO LEAD new: [Permitted] Camden/2025/5211/P — British Museum Great Russell Street London WC1B 3DG
2026-10-01 11:01:25 INFO LEAD new: [Permitted] Camden/2025/5283/L — British Museum Great Russell Street London WC1B 3DG
2026-10-01 11:01:25 INFO LEAD new: [Permitted] Camden/2025/4912/P — 56 Howitt Road London NW3 4LJ
2026-10-01 11:01:25 INFO LEAD new: [Permitted] Camden/2025/5215/A — Ground Floor 33 Charlotte Street London W1T 1RR
2026-10-01 11:01:25 INFO LEAD new: [Permitted] Camden/2025/5210/L — Offices And Premises At 1st And Mezzanine Floor Western Tran
2026-10-01 11:01:25 INFO LEAD new: [Permitted] Camden/2025/5182/P — 110-113 Tottenham Court Road London W1T 5AF
2026-10-01 11:01:25 INFO LEAD new: [Permitted] Camden/2025/5202/P — Campden House, Hickes House & Noel House Harben Road London 
2026-10-01 11:01:25 INFO LEAD new: [Permitted] Camden/2025/5135/L — 16 Cleveland Street London W1T 4HX
2026-10-01 11:01:25 INFO LEAD new: [Permitted] Camden/2025/5190/P — 6 Holly Place London NW3 6QU
2026-10-01 11:01:25 INFO LEAD new: [Permitted] Camden/2025/5207/P — Main Quadrangle and Wilkins Building Gower Street London WC1
2026-10-01 11:01:32 INFO [camden/Permitted] page at offset 2600: 100 records
2026-10-01 11:01:32 INFO LEAD new: [Permitted] Camden/2025/5203/P — 33-35 Jamestown Road London Camden NW1 7DB
2026-10-01 11:01:32 INFO LEAD new: [Permitted] Camden/2025/5193/P — 3 - 5 Kingsgate Place London NW6 4TA
2026-10-01 11:01:32 INFO LEAD new: [Permitted] Camden/2025/5173/P — 12 Akenside Road London NW3 5BT
2026-10-01 11:01:32 INFO LEAD new: [Permitted] Camden/2025/5013/P — 40 Denning Road London NW3 1SU
2026-10-01 11:01:32 INFO LEAD new: [Permitted] Camden/2025/5172/P — 49 Lady Somerset Road London NW5 1TY
2026-10-01 11:01:32 INFO LEAD new: [Permitted] Camden/2025/5087/A — St Peters Vicarage 53 Belsize Square London NW3 4HY
2026-10-01 11:01:32 INFO LEAD new: [Permitted] Camden/2025/5168/P — 63-66 Hatton Garden London EC1N 8LE
2026-10-01 11:01:32 INFO LEAD new: [Permitted] Camden/2025/5169/P — 63-66 Hatton Garden London EC1N 8LE
2026-10-01 11:01:32 INFO LEAD new: [Permitted] Camden/2025/5170/P — 63-66 Hatton Garden London EC1N 8LE
2026-10-01 11:01:32 INFO LEAD new: [Permitted] Camden/2025/5159/P — 38 St Alban's Road London Camden NW5 1RD
2026-10-01 11:01:32 INFO LEAD new: [Permitted] Camden/2025/4892/P — 52 New Oxford Street London WC1A 1ES
2026-10-01 11:01:32 INFO LEAD new: [Permitted] Camden/2025/5165/P — Flat A 41 Greenland Road London NW1 0AX
2026-10-01 11:01:32 INFO LEAD new: [Permitted] Camden/2025/4441/P — 68 Belsize Road London NW6 4TG
2026-10-01 11:01:32 INFO LEAD new: [Permitted] Camden/2025/5132/L — Wiener Library Institute Of Contemporary History 29 Russell 
2026-10-01 11:01:32 INFO LEAD new: [Permitted] Camden/2025/5149/P — Arch 8, Stables Market Paddock Lane Chalk Farm Road London N
2026-10-01 11:01:32 INFO LEAD new: [Permitted] Camden/2025/5156/P — 15 Chalcot Square London NW1 8YA
2026-10-01 11:01:32 INFO LEAD new: [Permitted] Camden/2025/5001/P — Wiener Library Institute Of Contemporary History 29 Russell 
2026-10-01 11:01:32 INFO LEAD new: [Permitted] Camden/2025/5150/P — 14 Marston Close London NW6 4EU
2026-10-01 11:01:32 INFO LEAD new: [Permitted] Camden/2025/4943/P — Flat 1 175 Malden Road London NW5 4HT
2026-10-01 11:01:32 INFO LEAD new: [Permitted] Camden/2025/5067/P — 23 Willes Road London NW5 3DT
2026-10-01 11:01:32 INFO LEAD new: [Permitted] Camden/2025/5141/P — 125 Shaftesbury Avenue London WC2H 8AD
2026-10-01 11:01:32 INFO LEAD new: [Permitted] Camden/2025/5155/P — 37 and Flat B 37 Fairhazel Gardens London NW6 3QN
2026-10-01 11:01:32 INFO LEAD new: [Permitted] Camden/2025/5157/P — 38 Great James Street London Camden WC1N 3HB
2026-10-01 11:01:32 INFO LEAD new: [Permitted] Camden/2025/5212/L — 38 Great James Street London Camden WC1N 3HB
2026-10-01 11:01:32 INFO LEAD new: [Permitted] Camden/2025/4884/P — 140 A Camden High Street London NW1 0NG
2026-10-01 11:01:32 INFO LEAD new: [Permitted] Camden/2025/4917/P — 42 & Flat 42A Mornington Terrace London NW1 7RT
2026-10-01 11:01:32 INFO LEAD new: [Permitted] Camden/2025/5122/A — 4 Harben Parade Finchley Road London NW3 6JP
2026-10-01 11:01:32 INFO LEAD new: [Permitted] Camden/2025/5111/P — 28 Parliament Hill London NW3 2TN
2026-10-01 11:01:32 INFO LEAD new: [Permitted] Camden/2025/5108/P — 50 Barlow Road London NW6 2BJ
2026-10-01 11:01:32 INFO LEAD new: [Permitted] Camden/2025/5123/P — Spencer House 9 - 11 Belsize Park Gardens London NW3 4JR
2026-10-01 11:01:32 INFO LEAD new: [Permitted] Camden/2025/5119/P — 1st And 2nd Floor Flat 68 Parliament Hill London NW3 2TJ
2026-10-01 11:01:32 INFO LEAD new: [Permitted] Camden/2025/4666/P — 22-24 St Pancras Way London NW1 0NT
2026-10-01 11:01:32 INFO LEAD new: [Permitted] Camden/2025/4966/P — Imperial Hotel 61-66 Russell Square London WC1B 5BB
2026-10-01 11:01:32 INFO LEAD new: [Permitted] Camden/2025/5125/P — 29 Boscastle Road London NW5 1EE
2026-10-01 11:01:32 INFO LEAD new: [Permitted] Camden/2025/5068/P — Flat 6 58 Eton Avenue London Camden NW3 3HN
2026-10-01 11:01:32 INFO LEAD new: [Permitted] Camden/2025/3703/P — Flat 2 45 Lady Somerset Road London Camden NW5 1TY
2026-10-01 11:01:32 INFO LEAD new: [Permitted] Camden/2025/5112/P — 13 Daleham Gardens London Camden NW3 5BY
2026-10-01 11:01:32 INFO LEAD new: [Permitted] Camden/2025/5117/L — 42 & Flat 42A Mornington Terrace London NW1 7RT
2026-10-01 11:01:32 INFO LEAD new: [Permitted] Camden/2025/5129/P — 47 Queen's Grove London NW8 6HH
2026-10-01 11:01:32 INFO LEAD new: [Permitted] Camden/2025/5131/P — Blocks 1-5, 16-19 & 28-30 Azania Mews London NW5 3BW
2026-10-01 11:01:32 INFO LEAD new: [Permitted] Camden/2025/4962/P — Imperial Hotel 61-66 Russell Square London WC1B 5BB
2026-10-01 11:01:32 INFO LEAD new: [Permitted] Camden/2025/5103/P — 43 Whitfield Street London W1T 4HD
2026-10-01 11:01:32 INFO LEAD new: [Permitted] Camden/2025/5106/P — 15 Chalcot Square London NW1 8YA
2026-10-01 11:01:32 INFO LEAD new: [Permitted] Camden/2025/5093/P — 79 Greencroft Gardens London NW6 3LJ
2026-10-01 11:01:32 INFO LEAD new: [Permitted] Camden/2025/5091/P — 16 Ingham Road London Camden NW6 1DE
2026-10-01 11:01:32 INFO LEAD new: [Permitted] Camden/2025/5065/P — 137 Albert Street London Camden NW1 7NB
2026-10-01 11:01:32 INFO LEAD new: [Permitted] Camden/2025/5090/L — 137 Albert Street London NW1 7NB
2026-10-01 11:01:32 INFO LEAD new: [Permitted] Camden/2025/5096/P — 46 Fairfax Road London NW6 4HA
2026-10-01 11:01:32 INFO LEAD new: [Permitted] Camden/2025/5099/A — Land below rail bridge adjacent to 200A-200B Chalk Farm Road
2026-10-01 11:01:32 INFO LEAD new: [Permitted] Camden/2025/4573/A — 8 Bloomsbury Way London WC1A 2SL
2026-10-01 11:01:32 INFO LEAD new: [Permitted] Camden/2025/5022/P — Flats 2 and 3 2 Gardnor Road London NW3 1HA
2026-10-01 11:01:32 INFO LEAD new: [Permitted] Camden/2025/4974/P — 52 Coity Road London NW5 4RY
2026-10-01 11:01:32 INFO LEAD new: [Permitted] Camden/2025/5064/P — UCL New Chemistry Building 20 Gordon Street London WC1H 0AJ
2026-10-01 11:01:32 INFO LEAD new: [Permitted] Camden/2025/4894/P — Basement Flat 31 Priory Terrace London NW6 4DG
2026-10-01 11:01:32 INFO LEAD new: [Permitted] Camden/2025/5076/P — Land Adjacent to 1 Regency Lawn, Croftdown Road London NW5 1
2026-10-01 11:01:32 INFO LEAD new: [Permitted] Camden/2025/4555/P — 14A to 14H Avenue Road London NW8 6BP
2026-10-01 11:01:32 INFO LEAD new: [Permitted] Camden/2025/5078/L — 60 Warren Street London W1T 5NU
2026-10-01 11:01:32 INFO LEAD new: [Permitted] Camden/2025/5083/A — Tribec Apex Development Site St Pancras Way London NW1 0QG
2026-10-01 11:01:32 INFO LEAD new: [Permitted] Camden/2025/4047/P — 7 Gardnor Road London Camden NW3 1HA
2026-10-01 11:01:32 INFO LEAD new: [Permitted] Camden/2025/0647/P — 1st Floor Flat 33 South End Road London Camden NW3 2PY
2026-10-01 11:01:32 INFO LEAD new: [Permitted] Camden/2025/4678/P — 10 Fortess Road London NW5 2ES
2026-10-01 11:01:32 INFO LEAD new: [Permitted] Camden/2025/5074/P — 340 Grays Inn Road London WC1X 8BG
2026-10-01 11:01:32 INFO LEAD new: [Permitted] Camden/2025/5176/P — Flat Basement 27 College Crescent London NW3 5LH
2026-10-01 11:01:39 INFO [camden/Permitted] page at offset 2700: 100 records
2026-10-01 11:01:39 INFO LEAD new: [Permitted] Camden/2025/4961/P — Flat A 7 Belsize Park Gardens London NW3 4LB
2026-10-01 11:01:39 INFO LEAD new: [Permitted] Camden/2025/5062/P — 20 Howitt Road London NW3 4LL
2026-10-01 11:01:39 INFO LEAD new: [Permitted] Camden/2025/5058/P — 17-33 William Road London NW1 3ER
2026-10-01 11:01:39 INFO LEAD new: [Permitted] Camden/2025/5043/P — Flat A 3 Fawley Road London NW6 1SL
2026-10-01 11:01:39 INFO LEAD new: [Permitted] Camden/2025/5051/P — 100 Avenue Road London NW3 3HF
2026-10-01 11:01:39 INFO LEAD new: [Permitted] Camden/2025/5037/P — Land Adjacent to 49 Lamble Street London NW5 4AS
2026-10-01 11:01:39 INFO LEAD new: [Permitted] Camden/2025/4764/P — 340 Grays Inn Road London WC1X 8BG
2026-10-01 11:01:39 INFO LEAD new: [Permitted] Camden/2025/4901/P — Flat 7 Hillier House 46 Camden Square London NW1 9XA
2026-10-01 11:01:39 INFO LEAD new: [Permitted] Camden/2025/5021/P — 376 Finchley Road London NW3 7AJ
2026-10-01 11:01:39 INFO LEAD new: [Permitted] Camden/2024/4051/L — South Hampstead High School 1 Fitzjohn's Avenue London NW3 5
2026-10-01 11:01:39 INFO LEAD new: [Permitted] Camden/2025/2218/P — Flat Ground Floor 7 Ellerdale Road London NW3 6BA
2026-10-01 11:01:39 INFO LEAD new: [Permitted] Camden/2025/5035/P — Seven Dials Court 3 Shorts Gardens London WC2H 9AT
2026-10-01 11:01:39 INFO LEAD new: [Permitted] Camden/2025/5023/L — 38 Belsize Grove London NW3 4TR
2026-10-01 11:01:39 INFO LEAD new: [Permitted] Camden/2025/5020/P — Seven Dials Court 3 Shorts Gardens London WC2H 9AT
2026-10-01 11:01:39 INFO LEAD new: [Permitted] Camden/25-00195-HAPP — The Water House Millfield Lane London N6 6HQ
2026-10-01 11:01:39 INFO LEAD new: [Permitted] Camden/2025/4854/P — 54 Fairhazel Gardens London NW6 3SL
2026-10-01 11:01:39 INFO LEAD new: [Permitted] Camden/2025/4992/P — Abbey Estate 3 Abbey Road London Camden NW6 4DX
2026-10-01 11:01:39 INFO LEAD new: [Permitted] Camden/2025/5032/L — 41-64 Brunswick Centre London WC1N 1AF
2026-10-01 11:01:39 INFO LEAD new: [Permitted] Camden/2025/4994/A — 1 Triton Square London NW1 3AN
2026-10-01 11:01:39 INFO LEAD new: [Permitted] Camden/2025/5011/L — 32 Belsize Grove London NW3 4TR
2026-10-01 11:01:39 INFO LEAD new: [Permitted] Camden/2025/4991/P — Abbey Estate 3 Abbey Road London NW6 4DX
2026-10-01 11:01:39 INFO LEAD new: [Permitted] Camden/2025/5007/P — Development Zone A King's Cross Central York Way London
2026-10-01 11:01:39 INFO LEAD new: [Permitted] Camden/2025/4995/P — Triton Square 1 Triton Square London NW1 3AN
2026-10-01 11:01:39 INFO LEAD new: [Permitted] Camden/2025/4996/P — 41-64 Brunswick Centre London WC1N 1AF
2026-10-01 11:01:39 INFO LEAD new: [Permitted] Camden/2025/5003/P — The Fitzrovia PH 18 Goodge Street London W1T 2QD
2026-10-01 11:01:39 INFO LEAD new: [Permitted] Camden/2025/4989/L — 7 Greenland Road London Camden NW1 0AX
2026-10-01 11:01:39 INFO LEAD new: [Permitted] Camden/2025/4740/P — 87 Fortess Road London NW5 1AG
2026-10-01 11:01:39 INFO LEAD new: [Permitted] Camden/2025/5016/P — Land bounded by Grafton Terrace, Maitland Park Villas and Ma
2026-10-01 11:01:39 INFO LEAD new: [Permitted] Camden/2025/4993/A — Sourdough Sophia 14 Perrin's Court London NW3 1QS
2026-10-01 11:01:39 INFO LEAD new: [Permitted] Camden/2025/4915/P — Model Boating Pond Hampstead Heath London N6 6HT
2026-10-01 11:01:39 INFO LEAD new: [Permitted] Camden/2025/4978/A — 2 Unit 1 Pancras Square London Camden N1C 4AG
2026-10-01 11:01:39 INFO LEAD new: [Permitted] Camden/2025/4986/A — UCL Wilkins Building Gower Street London WC1E 6BT
2026-10-01 11:01:39 INFO LEAD new: [Permitted] Camden/2025/4980/P — 12 and 13 Primrose Hill Studios Fitzroy Road London NW1 8TR
2026-10-01 11:01:39 INFO LEAD new: [Permitted] Camden/2025/4770/P — Flat 3 9 Glenmore Road London NW3 4BY
2026-10-01 11:01:39 INFO LEAD new: [Permitted] Camden/2025/4973/P — 8 North Mews London Camden WC1N 2JP
2026-10-01 11:01:39 INFO LEAD new: [Permitted] Camden/2025/4972/P — Flat A 47 Broadhurst Gardens London NW6 3QT
2026-10-01 11:01:39 INFO LEAD new: [Permitted] Camden/2025/4982/P — 33-35 Jamestown Road London Camden NW1 7DB
2026-10-01 11:01:39 INFO LEAD new: [Permitted] Camden/2025/4983/P — 33-35 Jamestown Road London NW1 7DB
2026-10-01 11:01:39 INFO LEAD new: [Permitted] Camden/2025/4984/P — 33-35 Jamestown Road London NW1 7DB
2026-10-01 11:01:39 INFO LEAD new: [Permitted] Camden/2025/4949/P — Greater London House Hampstead Road London NW1 7QX
2026-10-01 11:01:39 INFO LEAD new: [Permitted] Camden/2025/4967/L — 82 South Hill Park London NW3 2SN
2026-10-01 11:01:39 INFO LEAD new: [Permitted] Camden/2025/4960/L — 94-96 The Lamb Lamb's Conduit Street London Camden WC1N 3LZ
2026-10-01 11:01:39 INFO LEAD new: [Permitted] Camden/2025/4941/A — Shop And Premises at Unit 2 Victoria House 37-63 Southampton
2026-10-01 11:01:39 INFO LEAD new: [Permitted] Camden/2025/4950/P — Greater London House Hampstead Road London NW1 7QX
2026-10-01 11:01:39 INFO LEAD new: [Permitted] Camden/2025/4942/L — Shop And Premises at Unit 2 Victoria House 37-63 Southampton
2026-10-01 11:01:39 INFO LEAD new: [Permitted] Camden/2025/4987/L — 14 Woburn Square London WC1H 0NS
2026-10-01 11:01:39 INFO LEAD new: [Permitted] Camden/2025/4938/P — 50 Ravenshaw Street London NW6 1NW
2026-10-01 11:01:39 INFO LEAD new: [Permitted] Camden/2025/4958/P — 14 Woburn Square London WC1H 0NS
2026-10-01 11:01:39 INFO LEAD new: [Permitted] Camden/2025/4718/P — Stirling Mansions 12 Canfield Gardens London NW6 3JT
2026-10-01 11:01:39 INFO LEAD new: [Permitted] Camden/2025/4304/P — 1 Elm Row London Camden NW3 1AA
2026-10-01 11:01:39 INFO LEAD new: [Permitted] Camden/2025/5017/L — 1 Elm Row London NW3 1AA
2026-10-01 11:01:39 INFO LEAD new: [Permitted] Camden/2025/4924/P — Flat 1st 2nd And 3rd Floor 168 Regent's Park Road London Cam
2026-10-01 11:01:39 INFO LEAD new: [Permitted] Camden/2025/4909/P — 48 Sumatra Road London NW6 1PR
2026-10-01 11:01:39 INFO LEAD new: [Permitted] Camden/2025/4932/P — 13 Belsize Crescent London NW3 5QY
2026-10-01 11:01:39 INFO LEAD new: [Permitted] Camden/2025/4934/P — Tybalds Estate New North Street London WC1N 3JT
2026-10-01 11:01:39 INFO LEAD new: [Permitted] Camden/2025/4923/P — 8 Gayton Crescent London Camden NW3 1TT
2026-10-01 11:01:39 INFO LEAD new: [Permitted] Camden/2025/4913/L — London House Mecklenburgh Square London WC1N 2AB
2026-10-01 11:01:39 INFO LEAD new: [Permitted] Camden/2025/4933/P — 2 Glenloch Road London NW3 4BU
2026-10-01 11:01:39 INFO LEAD new: [Permitted] Camden/2025/4916/P — 83-95 Southampton Row London Camden WC1B 4HD
2026-10-01 11:01:39 INFO LEAD new: [Permitted] Camden/2025/4948/L — 32 Warren Street London W1T 5PG
2026-10-01 11:01:39 INFO LEAD new: [Permitted] Camden/2025/4931/P — 21 Bloomsbury Street London Camden WC1B 3HF
2026-10-01 11:01:39 INFO LEAD new: [Permitted] Camden/2025/4930/L — UCL Wilkins Building Gower Street London WC1E 6BT
2026-10-01 11:01:39 INFO LEAD new: [Permitted] Camden/2025/3984/P — Basement and Ground Floor Flats Bloomsbury House 9 Guilford 
2026-10-01 11:01:39 INFO LEAD new: [Permitted] Camden/2025/4435/L — Basement and Ground Floor Flats Bloomsbury House 9 Guilford 
2026-10-01 11:01:39 INFO LEAD new: [Permitted] Camden/2025/4762/P — 340 Grays Inn Road London WC1X 8BG
2026-10-01 11:01:39 INFO LEAD new: [Permitted] Camden/2025/4906/P — Telecommunications Site at New Penderel House 283 High Holbo
2026-10-01 11:01:39 INFO LEAD new: [Permitted] Camden/2025/4907/P — Cheriton, Unit 27-30 Queen's Crescent London NW5 4EZ
2026-10-01 11:01:39 INFO LEAD new: [Permitted] Camden/2025/4883/P — 124 Theobald's Road London WC1X 8RX
2026-10-01 11:01:39 INFO LEAD new: [Permitted] Camden/2025/4647/P — Langdon House Leather Lane Holborn London EC1N 7TN
2026-10-01 11:01:39 INFO LEAD new: [Permitted] Camden/2025/4969/L — 15 Arlington Road London NW1 7ER
2026-10-01 11:01:39 INFO LEAD new: [Permitted] Camden/2025/4895/P — 15 Arlington Road London NW1 7ER
2026-10-01 11:01:39 INFO LEAD new: [Permitted] Camden/2025/4908/P — 195-197 Sumatra Road London NW6 1PF
2026-10-01 11:01:39 INFO LEAD new: [Permitted] Camden/2025/4890/P — 1st Floor Flat 41 Belsize Park Gardens London Camden NW3 4JJ
2026-10-01 11:01:39 INFO LEAD new: [Permitted] Camden/2025/4898/P — 1 Mansion Gardens London NW3 7NG
2026-10-01 11:01:39 INFO LEAD new: [Permitted] Camden/2025/4876/P — Maisonette Ground And 1st Floor 39 Belsize Park Gardens Lond
2026-10-01 11:01:39 INFO LEAD new: [Permitted] Camden/2025/4881/P — 41 Rudall Crescent London NW3 1RR
2026-10-01 11:01:46 INFO [camden/Permitted] page at offset 2800: 100 records
2026-10-01 11:01:46 INFO LEAD new: [Permitted] Camden/2025/4236/P — 339 Finchley Road London NW3 6EP
2026-10-01 11:01:46 INFO LEAD new: [Permitted] Camden/2025/4871/P — 13 Woburn Square London WC1E 0NS
2026-10-01 11:01:46 INFO LEAD new: [Permitted] Camden/2025/4492/P — 88 Belsize Road London NW6 4TG
2026-10-01 11:01:46 INFO LEAD new: [Permitted] Camden/2025/4846/L — 11 Regent Square London WC1H 8HZ
2026-10-01 11:01:46 INFO LEAD new: [Permitted] Camden/2025/4839/P — 11 Regent Square London WC1H 8HZ
2026-10-01 11:01:46 INFO LEAD new: [Permitted] Camden/2025/4873/L — 13 Woburn Square London WC1E 0NS
2026-10-01 11:01:46 INFO LEAD new: [Permitted] Camden/2025/4038/A — The Heals Building 22 Torrington Place London WC1E 7HJ
2026-10-01 11:01:46 INFO LEAD new: [Permitted] Camden/2025/4875/L — The Heals Building 22 Torrington Place London WC1E 7HJ
2026-10-01 11:01:46 INFO LEAD new: [Permitted] Camden/2025/4868/P — South Hampstead High School 1-3 Maresfield Gardens London NW
2026-10-01 11:01:46 INFO LEAD new: [Permitted] Camden/2025/4863/P — Flat 1st And 2nd Floor 39 Lowfield Road London NW6 2PP
2026-10-01 11:01:46 INFO LEAD new: [Permitted] Camden/2025/4869/L — Space House 1 Kemble Street London WC2B 4AN
2026-10-01 11:01:46 INFO LEAD new: [Permitted] Camden/2025/4021/P — The Heals Building 22 Torrington Place London WC1E 7HJ
2026-10-01 11:01:46 INFO LEAD new: [Permitted] Camden/2025/4874/P — Selkirk House 166 High Holborn 1 Museum Street 10-12 Museum 
2026-10-01 11:01:46 INFO LEAD new: [Permitted] Camden/2025/4841/P — 37 Dartmouth Park Avenue London NW5 1JL
2026-10-01 11:01:46 INFO LEAD new: [Permitted] Camden/2025/4845/A — 218-219 Tottenham Court Road London W1T 7PT
2026-10-01 11:01:46 INFO LEAD new: [Permitted] Camden/2025/4827/P — Basement Flat, Flat Ground Floor and Flat 1st Floor 25 Denni
2026-10-01 11:01:46 INFO LEAD new: [Permitted] Camden/2025/4695/P — 4 Carleton Gardens Brecknock Road London N19 5AQ
2026-10-01 11:01:46 INFO LEAD new: [Permitted] Camden/2025/4859/P — Brunswick Centre Estate Brunswick Centre London WC1N 1AE
2026-10-01 11:01:46 INFO LEAD new: [Permitted] Camden/2025/4848/P — 302-302A West End Lane London NW6 1LN
2026-10-01 11:01:46 INFO LEAD new: [Permitted] Camden/2025/4853/P — 44 Willoughby Road London Camden NW3 1RU
2026-10-01 11:01:46 INFO LEAD new: [Permitted] Camden/2025/4862/P — 29 Solent Road London NW6 1TP
2026-10-01 11:01:46 INFO LEAD new: [Permitted] Camden/2025/4840/P — Flat 5, Summit Lodge 9 Lower Terrace London NW3 6RF
2026-10-01 11:01:46 INFO LEAD new: [Permitted] Camden/2025/4791/P — 37 Broadhurst Gardens London NW6 3QT
2026-10-01 11:01:46 INFO LEAD new: [Permitted] Camden/2025/4850/P — 15 Rona Road London NW3 2HY
2026-10-01 11:01:46 INFO LEAD new: [Permitted] Camden/2025/4833/P — 33-35 Jamestown Road London NW1 7DB
2026-10-01 11:01:46 INFO LEAD new: [Permitted] Camden/2025/4952/L — 10 Chalcot Crescent London NW1 8YD
2026-10-01 11:01:46 INFO LEAD new: [Permitted] Camden/2025/4826/P — Selkirk House 166 High Holborn 1 Museum Street 10-12 Museum 
2026-10-01 11:01:46 INFO LEAD new: [Permitted] Camden/2025/4800/P — 69 Gower Street London Camden WC1E 6HJ
2026-10-01 11:01:46 INFO LEAD new: [Permitted] Camden/2025/4796/P — 65 Hillfield Road London NW6 1QB
2026-10-01 11:01:46 INFO LEAD new: [Permitted] Camden/2025/4825/P — Former Midlands Goods Shed Handyside Street London N1C 4BZ
2026-10-01 11:01:46 INFO LEAD new: [Permitted] Camden/2025/4464/P — 7 Makepeace Avenue London N6 6EL
2026-10-01 11:01:46 INFO LEAD new: [Permitted] Camden/2025/4832/P — 33-35 Jamestown Road London Camden NW1 7DB
2026-10-01 11:01:46 INFO LEAD new: [Permitted] Camden/2025/4793/P — 10 Chalcot Crescent London NW1 8YD
2026-10-01 11:01:46 INFO LEAD new: [Permitted] Camden/2025/4450/P — Flat 1 26 College Crescent London NW3 5LH
2026-10-01 11:01:46 INFO LEAD new: [Permitted] Camden/2025/4831/P — 33-35 Jamestown Road London Camden NW1 7DB
2026-10-01 11:01:46 INFO LEAD new: [Permitted] Camden/2025/4970/L — Former Midlands Goods Shed Handyside Street London N1C 4BZ
2026-10-01 11:01:46 INFO LEAD new: [Permitted] Camden/2025/4787/P — 1A Asmara Road London NW2 3SS
2026-10-01 11:01:46 INFO LEAD new: [Permitted] Camden/2025/4779/L — 69 Gower Street London Camden WC1E 6HJ
2026-10-01 11:01:46 INFO LEAD new: [Permitted] Camden/2025/4774/L — 60 Delancey Street London Camden NW1 7RY
2026-10-01 11:01:46 INFO LEAD new: [Permitted] Camden/2025/4778/P — 32 Belsize Grove London NW3 4TR
2026-10-01 11:01:46 INFO LEAD new: [Permitted] Camden/2025/4790/L — White Hall Hotel 2-7 Montague Street London WC1B 5BP
2026-10-01 11:01:46 INFO LEAD new: [Permitted] Camden/2025/4788/P — 14 Templewood Avenue London NW3 7XA
2026-10-01 11:01:46 INFO LEAD new: [Permitted] Camden/2025/4775/P — 55 Queen's Crescent London NW5 3QG
2026-10-01 11:01:46 INFO LEAD new: [Permitted] Camden/2025/4785/L — South Villa Vale Of Health London NW3 1AX
2026-10-01 11:01:46 INFO LEAD new: [Permitted] Camden/2025/4769/L — 82A Heath Street London NW3 1DN
2026-10-01 11:01:46 INFO LEAD new: [Permitted] Camden/2025/4767/L — 2-7 St Chad's Street London WC1H 8BD
2026-10-01 11:01:46 INFO LEAD new: [Permitted] Camden/2025/4765/P — 77-78 CHANCERY LANE LONDON WC2A 1AE
2026-10-01 11:01:46 INFO LEAD new: [Permitted] Camden/2025/3076/P — 82A Heath Street London NW3 1DN
2026-10-01 11:01:46 INFO LEAD new: [Permitted] Camden/2025/4759/P — Selkirk House 166 High Holborn 1 Museum Street 10-12 Museum 
2026-10-01 11:01:46 INFO LEAD new: [Permitted] Camden/2025/4771/P — 17-33 William Road London NW1 3ER
2026-10-01 11:01:46 INFO LEAD new: [Permitted] Camden/2025/4557/P — 41 Beaumont Walk London NW3 4SW
2026-10-01 11:01:46 INFO LEAD new: [Permitted] Camden/2025/2976/P — 61 Chalk Farm Road London NW1 8AN
2026-10-01 11:01:46 INFO LEAD new: [Permitted] Camden/2025/4773/P — 32 Crediton Hill London NW6 1HP
2026-10-01 11:01:46 INFO LEAD new: [Permitted] Camden/2025/4763/P — 340 Grays Inn Road London WC1X 8BG
2026-10-01 11:01:46 INFO LEAD new: [Permitted] Camden/2025/3355/P — 20 Swain's Lane London N6 6QS
2026-10-01 11:01:46 INFO LEAD new: [Permitted] Camden/2025/4731/P — 45 Howitt Road London NW3 4LU
2026-10-01 11:01:46 INFO LEAD new: [Permitted] Camden/2025/4188/P — 36 West End Lane London NW6 4PA
2026-10-01 11:01:46 INFO LEAD new: [Permitted] Camden/2025/4743/P — 19 South Hill Park Gardens London NW3 2TD
2026-10-01 11:01:46 INFO LEAD new: [Permitted] Camden/2025/4755/P — Flat 3 12 Leighton Grove London NW5 2QT
2026-10-01 11:01:46 INFO LEAD new: [Permitted] Camden/2025/4741/P — 19 South Hill Park Gardens London NW3 2TD
2026-10-01 11:01:46 INFO LEAD new: [Permitted] Camden/2025/4754/L — Wilkins Building Gower Street London WC1E 6HJ
2026-10-01 11:01:53 INFO [camden/Permitted] page at offset 2900: 100 records
2026-10-01 11:01:53 INFO LEAD new: [Permitted] Camden/2025/4721/P — Linear Land North of Freight Lane Freight Lane London
2026-10-01 11:01:53 INFO LEAD new: [Permitted] Camden/2025/4696/P — Flat 1 44 England's Lane London NW3 4UE
2026-10-01 11:01:53 INFO LEAD new: [Permitted] Camden/2025/4753/L — 4-6 Bedford Place London WC1B 5JD
2026-10-01 11:01:53 INFO LEAD new: [Permitted] Camden/2025/4238/P — St Giles Square London WC2H 8AP
2026-10-01 11:01:53 INFO LEAD new: [Permitted] Camden/2025/4522/P — Flat 71 Bedford Court Mansions Bedford Avenue London WC1B 3A
2026-10-01 11:01:53 INFO LEAD new: [Permitted] Camden/2025/4714/L — Wilkins Building Gower Street London WC1E 6HJ
2026-10-01 11:01:53 INFO LEAD new: [Permitted] Camden/2025/4717/P — 67 Whitfield Street London W1T 4DE
2026-10-01 11:01:53 INFO LEAD new: [Permitted] Camden/2025/4715/L — St Pancras Renaissance Hotel Euston Road London Camden NW1 2
2026-10-01 11:01:53 INFO LEAD new: [Permitted] Camden/2025/4302/P — Antrim Road Allottments Antrim Grove London NW3 4XP
2026-10-01 11:01:53 INFO LEAD new: [Permitted] Camden/2025/4716/P — 4-6 Bedford Place London WC1B 5JD
2026-10-01 11:01:53 INFO LEAD new: [Permitted] Camden/2025/4690/P — 18 Courthope Road London NW3 2LB
2026-10-01 11:01:53 INFO LEAD new: [Permitted] Camden/2025/4720/P — Unlimited House 10 Great Pulteney Street London W1F 9NB
2026-10-01 11:01:53 INFO LEAD new: [Permitted] Camden/2025/4689/P — Flat C 33 Downside Crescent London NW3 2AN
2026-10-01 11:01:53 INFO LEAD new: [Permitted] Camden/2025/4658/L — UCL The Quadrangle Gower Street London WC1E 6BT
2026-10-01 11:01:53 INFO LEAD new: [Permitted] Camden/2025/4626/P — 23 Lawford Road London NW5 2LH
2026-10-01 11:01:53 INFO LEAD new: [Permitted] Camden/2025/3638/P — Mulberry House 12 A Church Row London Camden NW3 6UU
2026-10-01 11:01:53 INFO LEAD new: [Permitted] Camden/2025/4682/P — 77-78 CHANCERY LANE LONDON WC2A 1AE
2026-10-01 11:01:53 INFO LEAD new: [Permitted] Camden/2025/4266/P — 14 Heath Street London NW3 6TE
2026-10-01 11:01:53 INFO LEAD new: [Permitted] Camden/2025/4677/P — Beaumont Court 1-45 College Grove NW London NW1 0RW
2026-10-01 11:01:53 INFO LEAD new: [Permitted] Camden/2025/4676/A — UCL Front Lodge Gower Street London WC1E 6BT
2026-10-01 11:01:53 INFO LEAD new: [Permitted] Camden/2025/4681/P — Ucl Eastman Dental Hospital And Institute 256 Gray's Inn Roa
2026-10-01 11:01:53 INFO LEAD new: [Permitted] Camden/2025/4680/A — UCL The Quadrangle Gower Street London WC1E 6BT
2026-10-01 11:01:53 INFO LEAD new: [Permitted] Camden/2025/4665/P — 13 Hampstead Hill Gardens London NW3 2PH
2026-10-01 11:01:53 INFO LEAD new: [Permitted] Camden/2025/4671/P — 340 Grays Inn Road London WC1X 8BG
2026-10-01 11:01:53 INFO LEAD new: [Permitted] Camden/2025/4493/A — 320 Kentish Town Road London NW5 2TH
2026-10-01 11:01:53 INFO LEAD new: [Permitted] Camden/2025/4394/P — 320 Kentish Town Road London NW5 2TH
2026-10-01 11:01:53 INFO LEAD new: [Permitted] Camden/2025/4646/P — 17-33 William Road London NW1 3ER
2026-10-01 11:01:53 INFO LEAD new: [Permitted] Camden/2025/4636/L — UCL Front Lodge Gower Street London WC1E 6BT
2026-10-01 11:01:53 INFO LEAD new: [Permitted] Camden/2025/4645/P — 17-33 William Road London NW1 3ER
2026-10-01 11:01:53 INFO LEAD new: [Permitted] Camden/2025/4640/P — 46 Hollycroft Avenue London Camden NW3 7QN
2026-10-01 11:01:53 INFO LEAD new: [Permitted] Camden/2025/4629/P — 14 Solent Road London NW6 1TU
2026-10-01 11:01:53 INFO LEAD new: [Permitted] Camden/2025/4644/P — 17-33 William Road London NW1 3ER
2026-10-01 11:01:53 INFO LEAD new: [Permitted] Camden/2025/4628/P — 172 Kilburn High Road London NW6 4JD
2026-10-01 11:01:53 INFO LEAD new: [Permitted] Camden/2025/4627/P — 40 Kilburn High Road London NW6 5UA
2026-10-01 11:01:53 INFO LEAD new: [Permitted] Camden/2025/4641/A — 40 Kilburn High Road London Camden NW6 5UA
2026-10-01 11:01:53 INFO LEAD new: [Permitted] Camden/2025/4611/P — 18 Parkhill Road London NW3 2YN
2026-10-01 11:01:53 INFO LEAD new: [Permitted] Camden/2025/4478/P — Flat Ground Floor 97 Priory Road London NW6 3NL
2026-10-01 11:01:53 INFO LEAD new: [Permitted] Camden/2025/4546/P — 32 Glenilla Road London NW3 4AN
2026-10-01 11:01:53 INFO LEAD new: [Permitted] Camden/2025/4540/P — Unit 2 Novella 180B York Way London N1 0FT
2026-10-01 11:01:53 INFO LEAD new: [Permitted] Camden/2025/4623/P — Ground Floor Unit 16 Rochester Mews London NW1 9JB
2026-10-01 11:01:53 INFO LEAD new: [Permitted] Camden/2025/4207/L — Flats 23 25 26 Tamar House 12 Tavistock Place London WC1H 9R
2026-10-01 11:01:53 INFO LEAD new: [Permitted] Camden/2025/4580/A — 60-70 Shorts Gardens London Camden WC2H 9AH
2026-10-01 11:01:53 INFO LEAD new: [Permitted] Camden/2025/4619/P — 72-73 Lithos Road London NW3 6EY
2026-10-01 11:01:53 INFO LEAD new: [Permitted] Camden/2025/4624/P — 44-46 Caversham Road London Camden NW5 2DS
2026-10-01 11:01:53 INFO LEAD new: [Permitted] Camden/2025/4603/P — 17 Templewood Avenue London Camden NW3 7UY
2026-10-01 11:01:53 INFO LEAD new: [Permitted] Camden/2025/4577/P — 3 Jeffrey's Place London NW1 9PP
2026-10-01 11:01:53 INFO LEAD new: [Permitted] Camden/2025/4593/P — Lumen United Reformed Church And Community Centre 88 Tavisto
2026-10-01 11:01:53 INFO LEAD new: [Permitted] Camden/2025/4598/L — The Assembly House 292-294 Kentish Town Road London NW5 2TG
2026-10-01 11:01:53 INFO LEAD new: [Permitted] Camden/2025/4602/P — Shop And Premises At Basement And Ground Floor 38 Monmouth S
2026-10-01 11:01:53 INFO LEAD new: [Permitted] Camden/2025/4604/P — 13 A South Grove London Camden N6 6BJ
2026-10-01 11:01:53 INFO LEAD new: [Permitted] Camden/2025/4574/P — 54 Fairhazel Gardens London NW6 3SL
2026-10-01 11:01:53 INFO LEAD new: [Permitted] Camden/2025/4570/A — Various Sites Gordon Street London WC1H 0PP
2026-10-01 11:01:53 INFO LEAD new: [Permitted] Camden/2025/4568/L — Squires Mount House Squire's Mount London NW3 1EG
2026-10-01 11:02:00 INFO [camden/Permitted] page at offset 3000: 100 records
2026-10-01 11:02:00 INFO LEAD new: [Permitted] Camden/2025/4543/P — Acorn House 314-320 Gray's Inn Road London WC1X 8DP
2026-10-01 11:02:00 INFO LEAD new: [Permitted] Camden/2025/4536/P — 81 Newgate Street London EC1A 7AJ
2026-10-01 11:02:00 INFO LEAD new: [Permitted] Camden/2025/3259/P — 18 Studholme Court Finchley Road London NW3 7AE
2026-10-01 11:02:00 INFO LEAD new: [Permitted] Camden/2025/4531/P — Dulverton Mansions 170 Gray's Inn Road London WC1X 8EL
2026-10-01 11:02:00 INFO LEAD new: [Permitted] Camden/2025/4576/L — 42-43 Bedford Row London WC1R 4LL
2026-10-01 11:02:00 INFO LEAD new: [Permitted] Camden/2025/4530/L — 1 Gower Street London WC1E 6HD
2026-10-01 11:02:00 INFO LEAD new: [Permitted] Camden/2025/4548/P — Maiden Lane Estate St Paul's Crescent London NW1 9XZ
2026-10-01 11:02:00 INFO LEAD new: [Permitted] Camden/2025/4460/P — 31 Tottenham Street London Camden W1T 4RR
2026-10-01 11:02:00 INFO LEAD new: [Permitted] Camden/2025/4526/L — UCL South Wing Building Gower Street London WC1E 6BT
2026-10-01 11:02:00 INFO LEAD new: [Permitted] Camden/2025/4528/P — 42-43 Bedford Row London WC1R 4LL
2026-10-01 11:02:00 INFO LEAD new: [Permitted] Camden/2025/4532/P — Tiverton Mansions & Dawlish Mansions 140 & 154 Gray's Inn Ro
2026-10-01 11:02:00 INFO LEAD new: [Permitted] Camden/2025/4524/P — North Bridge House Nursery School 33 Fitzjohn's Avenue Londo
2026-10-01 11:02:00 INFO LEAD new: [Permitted] Camden/2025/4168/P — 27 Great Queen Street London WC2B 5BB
2026-10-01 11:02:00 INFO LEAD new: [Permitted] Camden/2025/4525/P — 12 Stukeley Street London WC2B 5LQ
2026-10-01 11:02:00 INFO LEAD new: [Permitted] Camden/2025/4506/P — 3 Connaught Mews London NW3 2PN
2026-10-01 11:02:00 INFO LEAD new: [Permitted] Camden/2025/4105/P — Unit 3 10 Jamestown Road London NW1 7BY
2026-10-01 11:02:00 INFO LEAD new: [Permitted] Camden/2025/4324/P — Flats 7 and 9 22 Denning Road London NW3 1SU
2026-10-01 11:02:00 INFO LEAD new: [Permitted] Camden/25-00190-HAPP — 1 Frognal Gardens London NW3 6UY
2026-10-01 11:02:00 INFO LEAD new: [Permitted] Camden/2025/4518/P — Snow Hill Police Station 5 Snow Hill London EC1A 2DP
2026-10-01 11:02:00 INFO LEAD new: [Permitted] Camden/2025/4491/P — 26 Westbere Road London NW2 3SR
2026-10-01 11:02:00 INFO LEAD new: [Permitted] Camden/2025/4370/P — 104 Belsize Lane London NW3 5BB
2026-10-01 11:02:00 INFO LEAD new: [Permitted] Camden/2025/4330/P — 70 Fortess Road London NW5 2HG
2026-10-01 11:02:00 INFO LEAD new: [Permitted] Camden/2025/4367/P — 74 Shoot-up Hill London NW2 3XJ
2026-10-01 11:02:00 INFO LEAD new: [Permitted] Camden/2025/4475/P — 20 Howitt Road London NW3 4LL
2026-10-01 11:02:00 INFO LEAD new: [Permitted] Camden/2025/4039/P — 45 Aspern Grove London NW3 2AU
2026-10-01 11:02:00 INFO LEAD new: [Permitted] Camden/2025/1058/P — Flat 1 53 Iverson Road London NW6 2QT
2026-10-01 11:02:00 INFO LEAD new: [Permitted] Camden/2025/4468/L — Offices And Premises Ground Floor 9 Stone Buildings London W
2026-10-01 11:02:00 INFO LEAD new: [Permitted] Camden/2025/4471/P — Development Zone A King's Cross Central York Way London
2026-10-01 11:02:00 INFO LEAD new: [Permitted] Camden/2025/4425/L — 70 Fortess Road London Camden NW5 2HG
2026-10-01 11:02:00 INFO LEAD new: [Permitted] Camden/2025/4059/A — 41-64 Brunswick Centre London WC1N 1AF
2026-10-01 11:02:00 INFO LEAD new: [Permitted] Camden/2025/4470/A — Unit 1 2 Pancras Square London N1C 4AG
2026-10-01 11:02:00 INFO LEAD new: [Permitted] Camden/2025/4437/P — 57A Torriano Avenue London NW5 2SJ
2026-10-01 11:02:00 INFO LEAD new: [Permitted] Camden/2025/4431/P — Flat 2nd And 3rd Floor 15 Denning Road London NW3 1ST
2026-10-01 11:02:00 INFO LEAD new: [Permitted] Camden/2025/4447/P — Flat B 6 Priory Terrace London NW6 4DH
2026-10-01 11:02:00 INFO LEAD new: [Permitted] Camden/2025/4459/P — Royal Free Hospital Pond Street London NW3 2QG
2026-10-01 11:02:00 INFO LEAD new: [Permitted] Camden/2025/4446/P — Flat 1, 86 Greencroft Gardens London NW6 3JQ
2026-10-01 11:02:00 INFO LEAD new: [Permitted] Camden/2025/3952/P — 16 Acol Road London NW6 3AG
2026-10-01 11:02:00 INFO LEAD new: [Permitted] Camden/2025/4432/L — 31 Southampton Row London Camden WC1B 5HJ
2026-10-01 11:02:00 INFO LEAD new: [Permitted] Camden/2025/4419/L — 64-68 Shakespeares Head Kingsway London Camden WC2B 6AH
2026-10-01 11:02:00 INFO LEAD new: [Permitted] Camden/2025/4401/P — 31 Quickswood London NW3 3SG
2026-10-01 11:02:00 INFO LEAD new: [Permitted] Camden/2025/4411/P — 88 Agar Grove London NW1 9TL
2026-10-01 11:02:00 INFO LEAD new: [Permitted] Camden/2025/4421/P — 125 Shaftesbury Avenue London WC2H 8AD
2026-10-01 11:02:00 INFO LEAD new: [Permitted] Camden/25-00132-HAPP — 24 Savernake Road London NW3 2JP
2026-10-01 11:02:00 INFO LEAD new: [Permitted] Camden/2025/4409/L — 125 Parkway London NW1 7PS
2026-10-01 11:02:00 INFO LEAD new: [Permitted] Camden/2025/4399/P — Offices And Premises Ground Floor 9 Stone Buildings London W
2026-10-01 11:02:00 INFO LEAD new: [Permitted] Camden/2025/4384/L — British Museum Great Russell Street London WC1E 7JW
2026-10-01 11:02:00 INFO LEAD new: [Permitted] Camden/2025/4385/P — 117 Finchley Road London Camden NW3 6HY
2026-10-01 11:02:00 INFO LEAD new: [Permitted] Camden/2025/4383/P — Former Maria Fidelis School 2-10 North Gower Street London N
2026-10-01 11:02:00 INFO LEAD new: [Permitted] Camden/2025/4209/P — The Cottage 1 Netherhall Gardens London NW3 5RN
2026-10-01 11:02:06 INFO [camden/Permitted] page at offset 3100: 100 records
2026-10-01 11:02:06 INFO LEAD new: [Permitted] Camden/2025/4393/P — 49 Lancaster Grove London NW3 4HB
2026-10-01 11:02:06 INFO LEAD new: [Permitted] Camden/2025/4392/A — Ground Floor 67 Kingsway London WC2B 6TD
2026-10-01 11:02:06 INFO LEAD new: [Permitted] Camden/2025/4395/L — Bma House 13 Tavistock Square London Camden WC1H 9JP
2026-10-01 11:02:06 INFO LEAD new: [Permitted] Camden/2025/4234/P — 8A Brownlow Mews London Camden WC1N 2LD
2026-10-01 11:02:06 INFO LEAD new: [Permitted] Camden/2025/4380/P — Flats 86 & 87 Visage Apartments Winchester Road London NW3 3
2026-10-01 11:02:06 INFO LEAD new: [Permitted] Camden/2025/4057/P — 50 Coity Road London NW5 4RY
2026-10-01 11:02:06 INFO LEAD new: [Permitted] Camden/2025/4358/P — 13 Kemplay Road London NW3 1TA
2026-10-01 11:02:06 INFO LEAD new: [Permitted] Camden/2025/4361/P — 9 Wadham Gardens London Camden NW3 3DN
2026-10-01 11:02:06 INFO LEAD new: [Permitted] Camden/2025/4180/P — 1-2 Little Green Street London NW5 1BL
2026-10-01 11:02:06 INFO LEAD new: [Permitted] Camden/2025/4352/P — Flat A 90 Savernake Road London NW3 2JR
2026-10-01 11:02:06 INFO LEAD new: [Permitted] Camden/2025/4287/L — 1-2 Little Green Street London NW5 1BL
2026-10-01 11:02:06 INFO LEAD new: [Permitted] Camden/2025/4357/P — 369-377 Kentish Town Road London NW5 2TJ
2026-10-01 11:02:07 INFO LEAD new: [Permitted] Camden/2025/4365/P — 6 Coram Street London WC1N 1HA
2026-10-01 11:02:07 INFO LEAD new: [Permitted] Camden/2025/4326/P — Corinthian House 279 Tottenham Court Road London Camden W1T 
2026-10-01 11:02:07 INFO LEAD new: [Permitted] Camden/2025/4836/L — Corinthian House 279 Tottenham Court Road London Camden W1T 
2026-10-01 11:02:07 INFO LEAD new: [Permitted] Camden/2025/4331/A — 39-41 Shelton Street London WC2H 9HJ
2026-10-01 11:02:07 INFO LEAD new: [Permitted] Camden/2025/4328/P — 28 Upper Park Road London NW3 2UT
2026-10-01 11:02:07 INFO LEAD new: [Permitted] Camden/2025/4322/P — 7 Lyme Terrace London NW1 0SN
2026-10-01 11:02:07 INFO LEAD new: [Permitted] Camden/2025/4327/L — British Museum Great Russell Street London WC1E 7JW
2026-10-01 11:02:07 INFO LEAD new: [Permitted] Camden/2025/4335/P — 155 Regent's Park Road London NW1 8BB
2026-10-01 11:02:07 INFO LEAD new: [Permitted] Camden/2025/4252/P — 120-136 Camley Street and 3-30 Cedar Way Camden London N1C 4
2026-10-01 11:02:07 INFO LEAD new: [Permitted] Camden/2025/3411/P — Chester Court Lissenden Gardens London NW5 1LY
2026-10-01 11:02:07 INFO LEAD new: [Permitted] Camden/2025/4310/P — 25 Berridge Mews London Camden NW6 1RF
2026-10-01 11:02:07 INFO LEAD new: [Permitted] Camden/2025/4319/L — 101-105 Mansion Bloomsbury House Gower Street London Camden 
2026-10-01 11:02:07 INFO LEAD new: [Permitted] Camden/2025/4303/P — 154-156 Fleet Road London NW3 2QX
2026-10-01 11:02:07 INFO LEAD new: [Permitted] Camden/2025/3749/P — 41 Hampstead High Street London NW3 1QE
2026-10-01 11:02:07 INFO LEAD new: [Permitted] Camden/2025/4333/A — 154-156 Fleet Road London NW3 2QX
2026-10-01 11:02:07 INFO LEAD new: [Permitted] Camden/2025/4050/P — Flat D 17 Caversham Road London NW5 2DT
2026-10-01 11:02:07 INFO LEAD new: [Permitted] Camden/2025/4122/P — 124 Flat A Camden Street London Camden NW1 0HY
2026-10-01 11:02:07 INFO LEAD new: [Permitted] Camden/2025/4308/P — 155 Regent's Park Road London NW1 8BB
2026-10-01 11:02:07 INFO LEAD new: [Permitted] Camden/2025/4189/P — 8 Gayton Crescent London NW3 1TT
2026-10-01 11:02:07 INFO LEAD new: [Permitted] Camden/2025/3942/P — Flat 2nd Floor Right 67 Belsize Park London NW3 4EH
2026-10-01 11:02:07 INFO LEAD new: [Permitted] Camden/2025/4280/06BGP — 33-35 Jamestown Road London NW1 7DB
2026-10-01 11:02:07 INFO LEAD new: [Permitted] Camden/2025/4172/P — 12 Stukeley Street London WC2B 5LQ
2026-10-01 11:02:07 INFO LEAD new: [Permitted] Camden/2025/4284/P — Flat Ground Floor 145 Brecknock Road London N19 5AD
2026-10-01 11:02:07 INFO LEAD new: [Permitted] Camden/2025/4265/A — 119 Shaftesbury Avenue London Camden WC2H 8AD
2026-10-01 11:02:07 INFO LEAD new: [Permitted] Camden/2025/4032/P — 107 Great Russell Street London WC1B 3NA
2026-10-01 11:02:07 INFO LEAD new: [Permitted] Camden/2025/4092/L — 107 Great Russell Street London WC1B 3NA
2026-10-01 11:02:07 INFO LEAD new: [Permitted] Camden/2025/4276/L — 52 Gloucester Crescent London Camden NW1 7EG
2026-10-01 11:02:07 INFO LEAD new: [Permitted] Camden/2025/4275/P — Development Site At 14 To 19 Tottenham Mews London W1T 4AA
2026-10-01 11:02:07 INFO LEAD new: [Permitted] Camden/2025/4257/L — 8 Lincoln's Inn Fields London WC2A 3BP
2026-10-01 11:02:07 INFO LEAD new: [Permitted] Camden/2025/4149/P — Flat 58 Marlborough Mansions Cannon Hill London Camden NW6 1
2026-10-01 11:02:07 INFO LEAD new: [Permitted] Camden/2025/4261/P — 13C Gardnor Road London NW3 1HA
2026-10-01 11:02:07 INFO LEAD new: [Permitted] Camden/2025/3421/L — 61 Warren Street London W1T 5NX
2026-10-01 11:02:07 INFO LEAD new: [Permitted] Camden/2025/3419/L — 60 Warren Street London W1T 5NU
2026-10-01 11:02:07 INFO LEAD new: [Permitted] Camden/2025/4241/P — 65 - 69 Holmes Road London NW5 3AN
2026-10-01 11:02:07 INFO LEAD new: [Permitted] Camden/2025/4259/A — 56 Belsize Lane London Camden NW3 5AR
2026-10-01 11:02:07 INFO LEAD new: [Permitted] Camden/2025/4243/P — 1 Triton Square London NW1 3AN
2026-10-01 11:02:07 INFO LEAD new: [Permitted] Camden/2025/4029/P — Unit 5a 44 St Paul's Crescent London NW1 9TN
2026-10-01 11:02:07 INFO LEAD new: [Permitted] Camden/2025/4245/P — 248-250 Camden Road Hostel Camden Road London NW1 9HE
2026-10-01 11:02:07 INFO LEAD new: [Permitted] Camden/2025/3544/P — 93 Agar Grove London NW1 9UE
2026-10-01 11:02:07 INFO LEAD new: [Permitted] Camden/2025/2962/P — Flat 6 Atlantic House 128 Albert Street London NW1 7NE
2026-10-01 11:02:07 INFO LEAD new: [Permitted] Camden/2025/2960/P — Flat 5 Atlantic House 128 Albert Street London NW1 7NE
2026-10-01 11:02:07 INFO LEAD new: [Permitted] Camden/2025/4237/A — 2-4 Highgate Road London NW5 1NR
2026-10-01 11:02:07 INFO LEAD new: [Permitted] Camden/2025/4223/A — 40 Monmouth Street London Camden WC2H 9EP
2026-10-01 11:02:07 INFO LEAD new: [Permitted] Camden/2025/3898/L — Mansion Bloomsbury House 101-105 Gower Street London WC1E 6A
2026-10-01 11:02:07 INFO LEAD new: [Permitted] Camden/2025/4222/P — 1st And 2nd Floor Flat 5 Bramshill Gardens London NW5 1JJ
2026-10-01 11:02:07 INFO LEAD new: [Permitted] Camden/2025/4449/P — 2-4 Highgate Road London NW5 1NR
2026-10-01 11:02:07 INFO LEAD new: [Permitted] Camden/2025/2832/L — The Manse 4 Pilgrim's Place London NW3 1NG
2026-10-01 11:02:13 INFO [camden/Permitted] page at offset 3200: 100 records
2026-10-01 11:02:13 INFO LEAD new: [Permitted] Camden/2025/4202/P — 20 Redington Road London NW3 7RG
2026-10-01 11:02:13 INFO LEAD new: [Permitted] Camden/2025/4192/P — St Pancras Hospital, Moorfields Eye Hospital 4 St Pancras Wa
2026-10-01 11:02:13 INFO LEAD new: [Permitted] Camden/2025/4193/P — 10 Sandwell Crescent London Camden NW6 1PB
2026-10-01 11:02:13 INFO LEAD new: [Permitted] Camden/2025/4208/P — 4 Lyndhurst Road London NW3 5PX
2026-10-01 11:02:13 INFO LEAD new: [Permitted] Camden/25-00188-HAPP — 4 Connaught Mews London NW3 2NW
2026-10-01 11:02:13 INFO LEAD new: [Permitted] Camden/2025/4176/P — 82 Harmood Street London NW1 8DS
2026-10-01 11:02:13 INFO LEAD new: [Permitted] Camden/2025/4173/L — Goodenough Hotel 21-25 Mecklenburgh Square London WC1N 2AF
2026-10-01 11:02:13 INFO LEAD new: [Permitted] Camden/2025/4190/P — 95-100 Network Building Tottenham Court Road London W1T 4TP
2026-10-01 11:02:13 INFO LEAD new: [Permitted] Camden/2025/4170/L — University Of London Senate House Malet Street London WC1E 7
2026-10-01 11:02:13 INFO LEAD new: [Permitted] Camden/2025/4178/P — Flat A 21 Richborough Road London NW2 3LX
2026-10-01 11:02:13 INFO LEAD new: [Permitted] Camden/2025/4177/P — Flat B 21 Richborough Road London NW2 3LX
2026-10-01 11:02:13 INFO LEAD new: [Permitted] Camden/2025/4186/P — 32 Willoughby Road London NW3 1RU
2026-10-01 11:02:13 INFO LEAD new: [Permitted] Camden/2025/4074/P — Flat B 28 Sumatra Road London NW6 1PU
2026-10-01 11:02:13 INFO LEAD new: [Permitted] Camden/2025/4169/P — 3 Crediton Hill London NW6 1HT
2026-10-01 11:02:13 INFO LEAD new: [Permitted] Camden/2025/4076/A — Darley 180 C York Way London N1 0FS
2026-10-01 11:02:13 INFO LEAD new: [Permitted] Camden/2025/4152/L — The Shaftesbury Theatre 210 Shaftesbury Avenue London WC2H 8
2026-10-01 11:02:13 INFO LEAD new: [Permitted] Camden/2025/4162/A — 28-29 Tottenham Court Road London W1T 1BL
2026-10-01 11:02:13 INFO LEAD new: [Permitted] Camden/2025/4130/P — 100 Hatton Garden London EC1N 8NX
2026-10-01 11:02:13 INFO LEAD new: [Permitted] Camden/2025/4147/A — St Pancras Renaissance Hotel Euston Road London NW1 2AR
2026-10-01 11:02:13 INFO LEAD new: [Permitted] Camden/2025/4140/P — 61 Ornan Road London NW3 4QD
2026-10-01 11:02:13 INFO LEAD new: [Permitted] Camden/2025/4132/P — Flat A 6 Well Road London NW3 1LH
2026-10-01 11:02:13 INFO LEAD new: [Permitted] Camden/2025/4148/P — Camden Goods Yard Chalk Farm Road London NW1 8EH
2026-10-01 11:02:13 INFO LEAD new: [Permitted] Camden/2025/4139/P — Flats 3 & 4 Avenue Lodge Avenue Road London NW8 6JA
2026-10-01 11:02:13 INFO LEAD new: [Permitted] Camden/2025/4046/P — Flat 1 26 Kingdon Road London NW6 1PH
2026-10-01 11:02:13 INFO LEAD new: [Permitted] Camden/25-00185-HAPP — 2 Frognal Gardens London NW3 6UX
2026-10-01 11:02:13 INFO LEAD new: [Permitted] Camden/2025/4125/A — The Lucas Arms PH 245 A Gray's Inn Road London WC1X 8QY
2026-10-01 11:02:13 INFO LEAD new: [Permitted] Camden/2025/4073/P — Flat 1 30 Bracknell Gardens London NW3 7ED
2026-10-01 11:02:13 INFO LEAD new: [Permitted] Camden/2025/3341/P — 246 Camden High Street London Camden NW1 8QS
2026-10-01 11:02:13 INFO LEAD new: [Permitted] Camden/2025/4256/L — Melia White House Hotel Albany Street London NW1 3UP
2026-10-01 11:02:13 INFO LEAD new: [Permitted] Camden/2025/4121/P — Melia White House Hotel Albany Street London NW1 3UP
2026-10-01 11:02:13 INFO LEAD new: [Permitted] Camden/2025/4120/P — UCL Physics Building Gordon Street London WC1E 6BT
2026-10-01 11:02:13 INFO LEAD new: [Permitted] Camden/2025/4118/P — 4-5 North Mews London WC1N 2JP
2026-10-01 11:02:13 INFO LEAD new: [Permitted] Camden/2025/4112/P — McGlynn's Free House 3 - 5 Whidborne Street London WC1H 8ET
2026-10-01 11:02:13 INFO LEAD new: [Permitted] Camden/2025/4116/P — Flat D 29 Pilgrim's Lane London NW3 1SX
2026-10-01 11:02:14 INFO LEAD new: [Permitted] Camden/2025/4054/L — 1 New Square London WC2A 3SA
2026-10-01 11:02:14 INFO LEAD new: [Permitted] Camden/2025/3484/P — Former Hampstead Police Station 26 Rosslyn Hill London NW3 1
2026-10-01 11:02:14 INFO LEAD new: [Permitted] Camden/2025/4115/L — Unit K4 Brunswick Centre London WC1N 1AE
2026-10-01 11:02:14 INFO LEAD new: [Permitted] Camden/2025/3918/A — 41 Hampstead High Street London NW3 1QE
2026-10-01 11:02:14 INFO LEAD new: [Permitted] Camden/2025/4083/P — 15 Fitzroy Street London W1T 4BQ
2026-10-01 11:02:14 INFO LEAD new: [Permitted] Camden/2025/4093/P — Arch 8, Stables Market Chalk Farm Road London NW1 8AH
2026-10-01 11:02:14 INFO LEAD new: [Permitted] Camden/2025/4094/L — St Pancras Renaissance Hotel Euston Road London NW1 2AR
2026-10-01 11:02:14 INFO LEAD new: [Permitted] Camden/2025/4086/HS2 — 119, 121, 123 & 125 Parkway London NW1 7PS
2026-10-01 11:02:14 INFO LEAD new: [Permitted] Camden/2025/4075/P — Flat A 26 Eton Avenue London NW3 3HL
2026-10-01 11:02:14 INFO LEAD new: [Permitted] Camden/2025/4089/A — Bus shelter outside 141 Haverstock Hill London NW3 4RU
2026-10-01 11:02:14 INFO LEAD new: [Permitted] Camden/2025/4081/P — 19 Crediton Hill London Camden NW6 1HS
2026-10-01 11:02:14 INFO LEAD new: [Permitted] Camden/2025/4088/L — 21 Well Walk London Camden NW3 1BY
2026-10-01 11:02:14 INFO LEAD new: [Permitted] Camden/2025/4102/L — 4B Oak Court St Albans Villas London NW5 1QU
2026-10-01 11:02:20 INFO [camden/Permitted] page at offset 3300: 100 records
2026-10-01 11:02:20 INFO LEAD new: [Permitted] Camden/2025/3724/L — Flat D 89 Rowley Way London NW8 0SN
2026-10-01 11:02:20 INFO LEAD new: [Permitted] Camden/2025/4101/L — Flat A 26 Eton Avenue London NW3 3HL
2026-10-01 11:02:20 INFO LEAD new: [Permitted] Camden/2025/3900/P — Imperial Hotel 61-66 Russell Square London WC1B 5BB
2026-10-01 11:02:20 INFO LEAD new: [Permitted] Camden/2025/3790/P — Flat Hall Floor 21 Lancaster Grove London NW3 4EX
2026-10-01 11:02:20 INFO LEAD new: [Permitted] Camden/25-00186-HAPP — 76 Agamemnon Road London NW6 1EH
2026-10-01 11:02:20 INFO LEAD new: [Permitted] Camden/25-00187-LDCP — Flat Ground Floor and Flat 1st Floor 186 Fordwych Road LONDO
2026-10-01 11:02:20 INFO LEAD new: [Permitted] Camden/2025/4063/P — 284 Pentonville Road ISLINGTON London N1 9NR
2026-10-01 11:02:20 INFO LEAD new: [Permitted] Camden/2025/4049/P — 81 Camden Mews London NW1 9BU
2026-10-01 11:02:20 INFO LEAD new: [Permitted] Camden/2025/4048/P — Ground And 1st Floor Rear Flat 106 Savernake Road London NW3
2026-10-01 11:02:20 INFO LEAD new: [Permitted] Camden/2025/4062/L — Kings Cross Railway Station Euston Road London Camden N1C 4A
2026-10-01 11:02:20 INFO LEAD new: [Permitted] Camden/2025/4005/P — Mullen Tower 85 Mount Pleasant London WC1X 0AG
2026-10-01 11:02:20 INFO LEAD new: [Permitted] Camden/2025/3616/A — 67 Fleet Road London Camden NW3 2QU
2026-10-01 11:02:20 INFO LEAD new: [Permitted] Camden/2025/3227/L — 26 Leverton Street London NW5 2PJ
2026-10-01 11:02:20 INFO LEAD new: [Permitted] Camden/2025/2910/P — 26 Leverton Street London NW5 2PJ
2026-10-01 11:02:20 INFO LEAD new: [Permitted] Camden/2025/4035/P — 65 Highgate West Hill London N6 6BU
2026-10-01 11:02:20 INFO LEAD new: [Permitted] Camden/2025/4240/L — Space House 1 Kemble Street London Camden WC2B 4AN
2026-10-01 11:02:20 INFO LEAD new: [Permitted] Camden/2025/3776/A — 27 Shorts Gardens London WC2H 9AP
2026-10-01 11:02:20 INFO LEAD new: [Permitted] Camden/2025/4028/P — Flat 1 164 Regent's Park Road London NW1 8XN
2026-10-01 11:02:20 INFO LEAD new: [Permitted] Camden/2025/4027/P — Space House 1 Kemble Street London WC2B 4AN
2026-10-01 11:02:20 INFO LEAD new: [Permitted] Camden/2025/4037/P — 18 Parker Street London WC2B 5PH
2026-10-01 11:02:20 INFO LEAD new: [Permitted] Camden/2025/3879/P — 118-120 High Holborn London WC1V 6RD
2026-10-01 11:02:20 INFO LEAD new: [Permitted] Camden/2025/4036/P — The Courtyard Building 1 Alfred Place London WC1E 7EB
2026-10-01 11:02:20 INFO LEAD new: [Permitted] Camden/2025/4004/P — 155 Regent's Park Road London NW1 8BB
2026-10-01 11:02:20 INFO LEAD new: [Permitted] Camden/2025/4079/L — Arches 2 & 3 17-19 Bonny Street London Camden NW1 9PE
2026-10-01 11:02:20 INFO LEAD new: [Permitted] Camden/2025/4001/P — 22 Bramshill Gardens London NW5 1JH
2026-10-01 11:02:20 INFO LEAD new: [Permitted] Camden/2025/4002/P — 22 Bramshill Gardens London NW5 1JH
2026-10-01 11:02:20 INFO LEAD new: [Permitted] Camden/2025/4019/P — Basement Flat 51 Lowfield Road London NW6 2PP
2026-10-01 11:02:20 INFO LEAD new: [Permitted] Camden/2025/3945/P — Flat 2b 105 Canfield Gardens London NW6 3DY
2026-10-01 11:02:20 INFO LEAD new: [Permitted] Camden/2025/3415/P — Development Site At Former 152 To 156 Kentish Town Road Lond
2026-10-01 11:02:20 INFO LEAD new: [Permitted] Camden/2025/4022/P — Arches 2 & 3 17-19 Bonny Street London Camden NW1 9PE
2026-10-01 11:02:20 INFO LEAD new: [Permitted] Camden/2025/4015/P — 12B Keats Grove London NW3 2RN
2026-10-01 11:02:20 INFO LEAD new: [Permitted] Camden/2025/4003/P — 34 Avenue Road London NW8 6BU
2026-10-01 11:02:20 INFO LEAD new: [Permitted] Camden/2025/4017/L — Public Conveniences South End Green London NW3 2LL
2026-10-01 11:02:20 INFO LEAD new: [Permitted] Camden/2025/4012/L — Public Conveniences West End Lane London NW6 1RR
2026-10-01 11:02:20 INFO LEAD new: [Permitted] Camden/2025/3882/P — Flat 4 18 Chesterford Gardens London NW3 7DE
2026-10-01 11:02:20 INFO LEAD new: [Permitted] Camden/2025/3985/P — Greater London House Hampstead Road London NW1 7QX
2026-10-01 11:02:20 INFO LEAD new: [Permitted] Camden/2025/3982/P — 7 John Street London WC1N 2ES
2026-10-01 11:02:20 INFO LEAD new: [Permitted] Camden/2025/3992/P — Atrium Building Stables Market London NW1 8AH
2026-10-01 11:02:20 INFO LEAD new: [Permitted] Camden/2025/3425/P — Flat A 5 Montpelier Grove London NW5 2XD
2026-10-01 11:02:20 INFO LEAD new: [Permitted] Camden/2025/3975/P — 2 Daleham Gardens London NW3 5DA
2026-10-01 11:02:20 INFO LEAD new: [Permitted] Camden/2025/3993/P — Alpha House Regis Road London NW5 3EW
2026-10-01 11:02:20 INFO LEAD new: [Permitted] Camden/2025/3926/P — South Crescent London WC1E 7EU
2026-10-01 11:02:20 INFO LEAD new: [Permitted] Camden/2025/3906/A — The Assembly House 292-294 Kentish Town Road London NW5 2TG
2026-10-01 11:02:20 INFO LEAD new: [Permitted] Camden/2025/3976/P — 1st Floor Flat 41 Belsize Park Gardens London NW3 4JJ
2026-10-01 11:02:20 INFO LEAD new: [Permitted] Camden/2025/3951/P — Belsize Community Library Antrim Road London NW3 4XN
2026-10-01 11:02:20 INFO LEAD new: [Permitted] Camden/2025/3965/P — 1 Wicklow Street London WC1X 9JX
2026-10-01 11:02:20 INFO LEAD new: [Permitted] Camden/2025/3963/P — 34 Primrose Gardens London NW3 4TN
2026-10-01 11:02:20 INFO LEAD new: [Permitted] Camden/2025/3971/L — Acland Burghley School 93 Burghley Road Tufnell Park London 
2026-10-01 11:02:20 INFO LEAD new: [Permitted] Camden/2025/3893/P — Cartmel, Hampstead Road London NW1 3SH Coniston, Harrington 
2026-10-01 11:02:20 INFO LEAD new: [Permitted] Camden/2025/3967/P — Flat A, 19 Belsize Park Gardens London NW3 4JG
2026-10-01 11:02:20 INFO LEAD new: [Permitted] Camden/2025/3981/A — Unit 1 10 Jamestown Road London NW1 7BY
2026-10-01 11:02:20 INFO LEAD new: [Permitted] Camden/2025/3968/P — Unit 1, 10 Jamestown Road London NW1 7BY
2026-10-01 11:02:20 INFO LEAD new: [Permitted] Camden/2025/3792/P — Ingestre Road Estate Children's Play Area Ingestre Road Lond
2026-10-01 11:02:20 INFO LEAD new: [Permitted] Camden/2025/3629/P — Basement and Ground Floor 13 Theobald's Road London WC1X 8SL
2026-10-01 11:02:20 INFO LEAD new: [Permitted] Camden/2025/3449/L — 27 Museum Street London WC1A 1LH
2026-10-01 11:02:20 INFO LEAD new: [Permitted] Camden/2025/3948/P — 17 Greville Place London NW6 5JE
2026-10-01 11:02:20 INFO LEAD new: [Permitted] Camden/2025/3929/L — 9 The Mount London NW3 6SZ
2026-10-01 11:02:20 INFO LEAD new: [Permitted] Camden/2025/3934/P — Jarvis House 12 Smithfield Street London EC1A 9LA
2026-10-01 11:02:20 INFO LEAD new: [Permitted] Camden/2025/3950/P — Flat A 167A York Way London N7 9LN
2026-10-01 11:02:20 INFO LEAD new: [Permitted] Camden/2025/3955/L — Belsize Community Library Antrim Road London NW3 4XN
2026-10-01 11:02:20 INFO LEAD new: [Permitted] Camden/2025/3930/L — The Assembly House 292-294 Kentish Town Road London NW5 2TG
2026-10-01 11:02:20 INFO LEAD new: [Permitted] Camden/2025/3779/L — The Assembly House 292-294 Kentish Town Road London NW5 2TG
2026-10-01 11:02:21 INFO LEAD new: [Permitted] Camden/2025/3935/P — 7 Meadowbank London NW3 3AY
2026-10-01 11:02:21 INFO LEAD new: [Permitted] Camden/2025/3936/P — 11 Dartmouth Park Road London NW5 1SU
2026-10-01 11:02:21 INFO LEAD new: [Permitted] Camden/2025/3928/L — McGlynn's Free House 1-5 Whidborne Street London WC1H 8ET
2026-10-01 11:02:21 INFO LEAD new: [Permitted] Camden/2025/3911/P — The Courtyard Building 1 Alfred Place London WC1E 7EB
2026-10-01 11:02:21 INFO LEAD new: [Permitted] Camden/2025/3910/P — The Courtyard Building 1 Alfred Place London WC1E 7EB
2026-10-01 11:02:21 INFO LEAD new: [Permitted] Camden/2025/3905/P — The Courtyard Building 1 Alfred Place London WC1E 7EB
2026-10-01 11:02:21 INFO LEAD new: [Permitted] Camden/2025/3904/P — The Courtyard Building 1 Alfred Place London WC1E 7EB
2026-10-01 11:02:21 INFO LEAD new: [Permitted] Camden/2025/3903/P — The Courtyard Building 1 Alfred Place London WC1E 7EB
2026-10-01 11:02:21 INFO LEAD new: [Permitted] Camden/2025/3921/P — 5 Bacon's Lane London N6 6BL
2026-10-01 11:02:27 INFO [camden/Permitted] page at offset 3400: 100 records
2026-10-01 11:02:27 INFO LEAD new: [Permitted] Camden/2025/3927/P — Flat 3 5 Roderick Road London NW3 2NN
2026-10-01 11:02:27 INFO LEAD new: [Permitted] Camden/2025/3923/P — Imperial Hotel 61-66 Russell Square London WC1B 5BB
2026-10-01 11:02:27 INFO LEAD new: [Permitted] Camden/2025/3922/P — Imperial Hotel 61-66 Russell Square London WC1B 5BB
2026-10-01 11:02:27 INFO LEAD new: [Permitted] Camden/2025/3892/P — Flat F 45 Maresfield Gardens London Camden NW3 5TE
2026-10-01 11:02:27 INFO LEAD new: [Permitted] Camden/2025/3902/P — 107 Goldhurst Terrace London NW6 3HA
2026-10-01 11:02:27 INFO LEAD new: [Permitted] Camden/2025/3881/P — Chester Road Hostel 2 Chester Road London N19 5BP
2026-10-01 11:02:27 INFO LEAD new: [Permitted] Camden/2025/3845/L — 57 Brunswick Centre London WC1N 1BS
2026-10-01 11:02:27 INFO LEAD new: [Permitted] Camden/2025/3789/L — 18 Grove Terrace London NW5 1PH
2026-10-01 11:02:27 INFO LEAD new: [Permitted] Camden/2025/3833/P — Flat 5 269 Goldhurst Terrace London Camden NW6 3EP
2026-10-01 11:02:27 INFO LEAD new: [Permitted] Camden/2025/3878/P — Flat A 20 Harley Road London NW3 3BN
2026-10-01 11:02:27 INFO LEAD new: [Permitted] Camden/2025/3407/P — 33 Aberdare Gardens London NW6 3AJ
2026-10-01 11:02:27 INFO LEAD new: [Permitted] Camden/2025/3869/L — 12 and 13 Primrose Hill Studios Fitzroy Road London NW1 8TR
2026-10-01 11:02:27 INFO LEAD new: [Permitted] Camden/2025/3850/P — Camden Road Hostel 248-250 Camden Road London NW1 9HE
2026-10-01 11:02:27 INFO LEAD new: [Permitted] Camden/2025/3787/P — Flat A, Flat B & Flat C 29 Fitzjohn's Avenue London NW3 5JY
2026-10-01 11:02:27 INFO LEAD new: [Permitted] Camden/2025/3924/L — 118-120 High Holborn London WC1V 6RD
2026-10-01 11:02:27 INFO LEAD new: [Permitted] Camden/2025/3884/P — 14-21 Holborn Viaduct 32-33 & 34-35 Farringdon Street London
2026-10-01 11:02:27 INFO LEAD new: [Permitted] Camden/2025/3865/A — The Village School 2 Parkhill Road London NW3 2YN
2026-10-01 11:02:27 INFO LEAD new: [Permitted] Camden/2025/3853/P — Ground Floor Flat 8 Frognal Lane London NW3 7DU
2026-10-01 11:02:27 INFO LEAD new: [Permitted] Camden/2025/1799/L — Flat Ground and First Floor 14 Downshire Hill London NW3 1NR
2026-10-01 11:02:27 INFO LEAD new: [Permitted] Camden/2025/1742/P — Flat Ground and First Floor 14 Downshire Hill London NW3 1NR
2026-10-01 11:02:27 INFO LEAD new: [Permitted] Camden/2025/3831/P — Acland Burghley School 93 Burghley Road Tufnell Park London 
2026-10-01 11:02:27 INFO LEAD new: [Permitted] Camden/2025/3839/L — 47 Georgiana Street London NW1 0EB
2026-10-01 11:02:27 INFO LEAD new: [Permitted] Camden/2025/3843/P — New House 67-68 Hatton Garden London EC1N 8JY
2026-10-01 11:02:27 INFO LEAD new: [Permitted] Camden/2025/3848/L — Former Hampstead Police Station 26 Rosslyn Hill London NW3 1
2026-10-01 11:02:27 INFO LEAD new: [Permitted] Camden/2025/3486/P — Former Hampstead Police Station 26 Rosslyn Hill London NW3 1
2026-10-01 11:02:27 INFO LEAD new: [Permitted] Camden/2025/3448/A — 31 Grove Terrace London NW5 1PL
2026-10-01 11:02:27 INFO LEAD new: [Permitted] Camden/2025/3824/P — 8 Provost Road London NW3 4ST
2026-10-01 11:02:27 INFO LEAD new: [Permitted] Camden/2025/3818/L — 25-26 Woburn Square London WC1H 0AA
2026-10-01 11:02:27 INFO LEAD new: [Permitted] Camden/2025/3812/P — 25-26 Woburn Square London WC1H 0AA
2026-10-01 11:02:27 INFO LEAD new: [Permitted] Camden/2025/3041/L — 23 Chester Terrace London NW1 4ND
2026-10-01 11:02:27 INFO LEAD new: [Permitted] Camden/2025/3830/L — 8 Provost Road London NW3 4ST
2026-10-01 11:02:27 INFO LEAD new: [Permitted] Camden/2025/3811/P — St Johns Lodge, The Studio Harley Road London NW3 3BY
2026-10-01 11:02:27 INFO LEAD new: [Permitted] Camden/2025/3805/P — Flat 2nd Floor 15 Mill Lane London NW6 1NT
2026-10-01 11:02:27 INFO LEAD new: [Permitted] Camden/2025/3664/L — 5 The Mount Square London NW3 6SY
2026-10-01 11:02:27 INFO LEAD new: [Permitted] Camden/2025/3803/P — 2 Lyme Street London NW1 0EH
2026-10-01 11:02:27 INFO LEAD new: [Permitted] Camden/2025/3799/P — 84 New Oxford Street London WC1A 1HB
2026-10-01 11:02:27 INFO LEAD new: [Permitted] Camden/2025/3802/P — Flat C, 19 Belsize Park London NW3 4DU
2026-10-01 11:02:27 INFO LEAD new: [Permitted] Camden/2025/3801/P — Lower Basement and Upper Basement of the Atrium Building Sta
2026-10-01 11:02:27 INFO LEAD new: [Permitted] Camden/2025/3809/L — Former Hampstead Police Station 26 Rosslyn Hill London NW3 1
2026-10-01 11:02:27 INFO LEAD new: [Permitted] Camden/2025/3800/L — 1-5 Flitcroft Street London Camden WC2H 8DH
2026-10-01 11:02:27 INFO LEAD new: [Permitted] Camden/2025/3808/P — 64 Heath Street London Camden NW3 1DN
2026-10-01 11:02:27 INFO LEAD new: [Permitted] Camden/2025/3807/P — 19 Alma Street London NW5 3DJ
2026-10-01 11:02:27 INFO LEAD new: [Permitted] Camden/2025/3654/P — 57 Hemstal Road London NW6 2AD
2026-10-01 11:02:27 INFO LEAD new: [Permitted] Camden/2025/3742/P — 37 Princess Road London NW1 8JS
2026-10-01 11:02:27 INFO LEAD new: [Permitted] Camden/2025/3764/P — Mclaren Construction (London) Ltd. Site Office 22 - 23 Tiley
2026-10-01 11:02:27 INFO LEAD new: [Permitted] Camden/2025/3761/P — 124 Theobald's Road London WC1X 8RX
2026-10-01 11:02:27 INFO LEAD new: [Permitted] Camden/2025/3538/P — Endeavour House 179-199 Shaftesbury Avenue London WC2H 8JR
2026-10-01 11:02:27 INFO LEAD new: [Permitted] Camden/2025/3777/L — 10 and 11 New Square London WC2A 3QG
2026-10-01 11:02:27 INFO LEAD new: [Permitted] Camden/2025/3765/P — 146 Fellows Road London NW3 3JH
2026-10-01 11:02:27 INFO LEAD new: [Permitted] Camden/2025/3711/HS2 — 22 Park Village East London NW1 7PZ
2026-10-01 11:02:27 INFO LEAD new: [Permitted] Camden/2025/3743/P — British Museum Great Russell Street London WC1E 7JW
2026-10-01 11:02:27 INFO LEAD new: [Permitted] Camden/2025/3756/P — 2 St Pancras Way London Camden NW1 0QG
2026-10-01 11:02:27 INFO LEAD new: [Permitted] Camden/2025/3797/P — 24 - 58 Royal College Street London NW1 0QA
2026-10-01 11:02:27 INFO LEAD new: [Permitted] Camden/2025/3747/P — Mulberry House 12 A Church Row London NW3 6UU
2026-10-01 11:02:27 INFO LEAD new: [Permitted] Camden/2025/3757/L — Kings Cross Railway Station Euston Road London N1C 4AP
2026-10-01 11:02:27 INFO LEAD new: [Permitted] Camden/2025/3759/L — Cambridge Theatre Earlham Street London WC2H 9HU
2026-10-01 11:02:27 INFO LEAD new: [Permitted] Camden/2025/1120/P — Flat A 178 Camden Road London NW1 9HG
2026-10-01 11:02:34 INFO [camden/Permitted] page at offset 3500: 100 records
2026-10-01 11:02:34 INFO LEAD new: [Permitted] Camden/2025/3750/P — 14 Templewood Avenue London NW3 7XA
2026-10-01 11:02:34 INFO LEAD new: [Permitted] Camden/2025/3748/P — 14 Templewood Avenue London NW3 7XA
2026-10-01 11:02:34 INFO LEAD new: [Permitted] Camden/2025/3675/A — Unit 6A 6-17 Tottenham Court Road London W1T 1BG
2026-10-01 11:02:34 INFO LEAD new: [Permitted] Camden/2025/3613/P — Flat 10 Fairhazel Mansions 14 Fairhazel Gardens London NW6 3
2026-10-01 11:02:34 INFO LEAD new: [Permitted] Camden/2025/3728/P — Flat A 6 Willow Road London NW3 1TH
2026-10-01 11:02:34 INFO LEAD new: [Permitted] Camden/2025/3751/P — 12 Patshull Road London NW5 2LB
2026-10-01 11:02:34 INFO LEAD new: [Permitted] Camden/2025/3345/P — 14 Greenaway Gardens London NW3 7DH
2026-10-01 11:02:34 INFO LEAD new: [Permitted] Camden/2025/3732/P — Block B Agar Grove Estate Agar Grove London NW1 9SS
2026-10-01 11:02:34 INFO LEAD new: [Permitted] Camden/2025/3731/L — Russell Square Underground Station Bernard Street London Cam
2026-10-01 11:02:34 INFO LEAD new: [Permitted] Camden/2025/3736/P — 125 Shaftesbury Avenue London WC2H 8AD
2026-10-01 11:02:34 INFO LEAD new: [Permitted] Camden/2025/3738/P — 12 Whidborne Street London WC1H 8EU
2026-10-01 11:02:34 INFO LEAD new: [Permitted] Camden/2025/3473/P — Flat B 5 Somali Road London NW2 3RN
2026-10-01 11:02:34 INFO LEAD new: [Permitted] Camden/2025/3734/P — Block B Agar Grove Estate Agar Grove London NW1 9SS
2026-10-01 11:02:34 INFO LEAD new: [Permitted] Camden/2025/3730/P — Flat 1 68 Goldhurst Terrace London Camden NW6 3HT
2026-10-01 11:02:34 INFO LEAD new: [Permitted] Camden/2025/3727/P — 20 England's Lane London NW3 4TG
2026-10-01 11:02:34 INFO LEAD new: [Permitted] Camden/2025/3725/L — Kings Cross Railway Station, The Parcel Yard Euston Road Lon
2026-10-01 11:02:34 INFO LEAD new: [Permitted] Camden/25-00178-LDCP — The Coach House 2A Belsize Park Gardens London NW3 4LA
2026-10-01 11:02:34 INFO LEAD new: [Permitted] Camden/2025/3709/P — 58 Malden Road London NW5 3HG
2026-10-01 11:02:34 INFO LEAD new: [Permitted] Camden/2025/3707/P — 113 Regent's Park Road London NW1 8UR
2026-10-01 11:02:34 INFO LEAD new: [Permitted] Camden/2025/3712/P — 42 Crediton Hill London NW6 1HR
2026-10-01 11:02:34 INFO LEAD new: [Permitted] Camden/2025/3710/P — 124 Theobald's Road London WC1X 8RX
2026-10-01 11:02:34 INFO LEAD new: [Permitted] Camden/2025/3690/P — Boncara 35 Templewood Avenue London NW3 7UY
2026-10-01 11:02:34 INFO LEAD new: [Permitted] Camden/2025/3686/L — 90 Frognal London NW3 6XB
2026-10-01 11:02:34 INFO LEAD new: [Permitted] Camden/2025/3685/P — 90 Frognal London NW3 6XB
2026-10-01 11:02:34 INFO LEAD new: [Permitted] Camden/2025/3340/P — Flat A 69 Regent's Park Road London NW1 8UY
2026-10-01 11:02:34 INFO LEAD new: [Permitted] Camden/2025/2515/P — Flat B 15 Hampstead Hill Gardens London NW3 2PH
2026-10-01 11:02:34 INFO LEAD new: [Permitted] Camden/2025/3687/P — 21 Bloomsbury Street London WC1B 3HF
2026-10-01 11:02:34 INFO LEAD new: [Permitted] Camden/2025/3699/P — 15 York Way London N7 9QG
2026-10-01 11:02:34 INFO LEAD new: [Permitted] Camden/2025/3683/P — Flat A 23 Hampstead Lane London N6 4RT
2026-10-01 11:02:34 INFO LEAD new: [Permitted] Camden/2025/3682/HS2 — 125 Parkway London NW1 7PS
2026-10-01 11:02:34 INFO LEAD new: [Permitted] Camden/2025/3681/A — 187 Camden High Street London NW1 7JY
2026-10-01 11:02:34 INFO LEAD new: [Permitted] Camden/2025/3661/L — 101 Leather Lane London EC1N 7TS
2026-10-01 11:02:34 INFO LEAD new: [Permitted] Camden/2025/3659/L — Officer's Mess Regent's Park Barracks Albany Street London N
2026-10-01 11:02:34 INFO LEAD new: [Permitted] Camden/2025/3657/L — 12 Chester Place London NW1 4NB
2026-10-01 11:02:34 INFO LEAD new: [Permitted] Camden/2025/3656/P — 124 Theobald's Road London WC1X 8RX
2026-10-01 11:02:34 INFO LEAD new: [Permitted] Camden/2025/3672/L — 18 Keats Grove London NW3 2RS
2026-10-01 11:02:34 INFO LEAD new: [Permitted] Camden/2025/3670/A — Somers Town Community Association 150 Ossulston Street Londo
2026-10-01 11:02:34 INFO LEAD new: [Permitted] Camden/2025/3676/P — The Rex Building 62 Queen Street London EC4R 1EB
2026-10-01 11:02:34 INFO LEAD new: [Permitted] Camden/2025/3539/P — 29 - 31 Parkway London NW1 7PN
2026-10-01 11:02:34 INFO LEAD new: [Permitted] Camden/2025/3633/P — 81A Bartholomew Road London NW5 2AH
2026-10-01 11:02:34 INFO LEAD new: [Permitted] Camden/2025/3653/P — Garden Flat 145 Abbey Road London NW6 4SS
2026-10-01 11:02:34 INFO LEAD new: [Permitted] Camden/2025/3648/P — Flat D 17 Langland Gardens London NW3 6QE
2026-10-01 11:02:34 INFO LEAD new: [Permitted] Camden/2025/3639/P — Morley House 26 - 30 Holborn Viaduct London EC1A 2AT
2026-10-01 11:02:34 INFO LEAD new: [Permitted] Camden/2025/3602/P — 2-4 Monmouth Street London WC2H 9HB
2026-10-01 11:02:34 INFO LEAD new: [Permitted] Camden/2025/2707/P — 261 Camden High Street London Camden NW1 7BU
2026-10-01 11:02:34 INFO LEAD new: [Permitted] Camden/2025/1992/P — Flat 3 and 4, Rosslyn Heights, 2 Belsize Lane London NW3 5AB
2026-10-01 11:02:34 INFO LEAD new: [Permitted] Camden/2025/3621/L — 14 Chamberlain Street London Camden NW1 8XB
2026-10-01 11:02:34 INFO LEAD new: [Permitted] Camden/2025/3618/P — 16 Bartholomew Villas London Camden NW5 2LL
2026-10-01 11:02:34 INFO LEAD new: [Permitted] Camden/2025/3617/P — 16 Bartholomew Villas London Camden NW5 2LL
2026-10-01 11:02:34 INFO LEAD new: [Permitted] Camden/2025/3614/P — Bma House 13 Tavistock Square London WC1H 9JP
2026-10-01 11:02:34 INFO LEAD new: [Permitted] Camden/2025/3611/P — 1 St Mark's Crescent London NW1 7TS
2026-10-01 11:02:34 INFO LEAD new: [Permitted] Camden/2025/3560/P — Flat 39, Avenue Mansions Finchley Road London NW3 7BA
2026-10-01 11:02:34 INFO LEAD new: [Permitted] Camden/2025/3612/P — 89 Leighton Road London NW5 2QJ
2026-10-01 11:02:34 INFO LEAD new: [Permitted] Camden/2025/3505/P — 94 Highgate West Hill London N6 6NR
2026-10-01 11:02:34 INFO LEAD new: [Permitted] Camden/2025/2567/P — 135-149 Shaftesbury Avenue London WC2H 8AH
2026-10-01 11:02:34 INFO LEAD new: [Permitted] Camden/2025/3397/P — 112 Savernake Road London NW3 2JR
2026-10-01 11:02:34 INFO LEAD new: [Permitted] Camden/2025/3619/P — 2 St Pancras Way London Camden NW1 0QG
2026-10-01 11:02:34 INFO LEAD new: [Permitted] Camden/2025/3584/L — Selkirk House 166 High Holborn 1 Museum Street 10-12 Museum 
2026-10-01 11:02:34 INFO LEAD new: [Permitted] Camden/2025/3604/P — 18 Naseby Close London NW6 4EY
2026-10-01 11:02:34 INFO LEAD new: [Permitted] Camden/2025/3595/06BGP — The British Museum Great Russell Street London WC1B 3DG
2026-10-01 11:02:34 INFO LEAD new: [Permitted] Camden/2025/3605/P — Embassy Theatre The Royal Central School Of Speech And Drama
2026-10-01 11:02:34 INFO LEAD new: [Permitted] Camden/25-00175-LDCP — 64 Belsize Park London NW3 4EH
2026-10-01 11:02:34 INFO LEAD new: [Permitted] Camden/2025/3588/P — Heathwood House 28 Netherhall Gardens London NW3 5TH
2026-10-01 11:02:34 INFO LEAD new: [Permitted] Camden/2025/3585/P — Royal Free Hospital Pond Street London NW3 2QG
2026-10-01 11:02:34 INFO LEAD new: [Permitted] Camden/2025/3591/P — 3-3a Wychcombe Studios England's Lane London Camden NW3 4XY
2026-10-01 11:02:34 INFO LEAD new: [Permitted] Camden/2025/3593/P — Cleveland Court 86-90 Cleveland Street London W1T 6NH
2026-10-01 11:02:34 INFO LEAD new: [Permitted] Camden/2025/3438/P — Ground Floor Flat 12 Sarre Road London NW2 3SL
2026-10-01 11:02:34 INFO LEAD new: [Permitted] Camden/2025/3589/P — 44 Belsize Square London NW3 4HN
2026-10-01 11:02:35 INFO LEAD new: [Permitted] Camden/2025/3559/L — 17 Lyndhurst Gardens London NW3 5NU
2026-10-01 11:02:35 INFO LEAD new: [Permitted] Camden/2025/3558/L — 17 Lyndhurst Gardens London NW3 5NU
2026-10-01 11:02:35 INFO LEAD new: [Permitted] Camden/2025/3557/L — 17 Lyndhurst Gardens London NW3 5NU
2026-10-01 11:02:35 INFO LEAD new: [Permitted] Camden/2025/3567/P — 17 Lyndhurst Gardens London NW3 5NU
2026-10-01 11:02:35 INFO LEAD new: [Permitted] Camden/2025/3566/P — Flat 32 Romney Court Haverstock Hill London NW3 4RX
2026-10-01 11:02:35 INFO LEAD new: [Permitted] Camden/2025/3563/L — BMA House 13 Tavistock Square London WC1H 9JP
2026-10-01 11:02:35 INFO LEAD new: [Permitted] Camden/2025/3531/L — Kings Cross Railway Station, Unit 3 Western Concourse Euston
2026-10-01 11:02:40 WARNING Rate limited (429); waiting 516s before retry 1/6
2026-10-01 11:11:18 INFO [camden/Permitted] page at offset 3600: 100 records
2026-10-01 11:11:18 INFO LEAD new: [Permitted] Camden/2025/3546/L — Regents Park Barracks Albany Street London NW1 4AN
2026-10-01 11:11:18 INFO LEAD new: [Permitted] Camden/2025/3547/L — The Hill Park And Gardens Inverforth Close London NW3 7EX
2026-10-01 11:11:18 INFO LEAD new: [Permitted] Camden/2025/3507/P — Basement Flat 53 Belsize Park London NW3 4EE
2026-10-01 11:11:18 INFO LEAD new: [Permitted] Camden/2025/3301/P — Flat A 62 Caversham Road London NW5 2DS
2026-10-01 11:11:18 INFO LEAD new: [Permitted] Camden/2025/3526/L — 21-23 Bedford Place London WC1B 5JJ
2026-10-01 11:11:18 INFO LEAD new: [Permitted] Camden/2025/3786/L — Working Mens College 44-46 Crowndale Road London NW1 1TR
2026-10-01 11:11:18 INFO LEAD new: [Permitted] Camden/2025/3524/P — Working Mens College 44-46 Crowndale Road London NW1 1TR
2026-10-01 11:11:18 INFO LEAD new: [Permitted] Camden/2025/3515/P — 40 South Hill Park London NW3 2SJ
2026-10-01 11:11:18 INFO LEAD new: [Permitted] Camden/2025/2732/A — 11 Goodge Street London Camden W1T 2PF
2026-10-01 11:11:18 INFO LEAD new: [Permitted] Camden/2025/3513/P — 94-97 Great Russell Street London WC1B 3LB
2026-10-01 11:11:18 INFO LEAD new: [Permitted] Camden/2025/3517/L — The Connection 198 High Holborn London WC1V 7BD
2026-10-01 11:11:18 INFO LEAD new: [Permitted] Camden/2025/3504/P — The Connection 198 High Holborn London WC1V 7BD
2026-10-01 11:11:18 INFO LEAD new: [Permitted] Camden/2025/3509/P — St Pancras Hospital, Moorfields Eye Hospital 4 St Pancras Wa
2026-10-01 11:11:18 INFO LEAD new: [Permitted] Camden/2025/3508/P — 69 Priory Road London NW6 3NH
2026-10-01 11:11:18 INFO LEAD new: [Permitted] Camden/2025/3511/L — The Assembly House 292-294 Kentish Town Road London NW5 2TG
2026-10-01 11:11:18 INFO LEAD new: [Permitted] Camden/2025/3493/P — 115 King's Cross Road London WC1X 9NH
2026-10-01 11:11:18 INFO LEAD new: [Permitted] Camden/2025/3500/P — 6 Keats Grove London NW3 2RT
2026-10-01 11:11:18 INFO LEAD new: [Permitted] Camden/2025/3497/P — 1-5 Flitcroft Street London Camden WC2H 8DH
2026-10-01 11:11:18 INFO LEAD new: [Permitted] Camden/2025/3495/P — 6 Thurlow Road London NW3 5PJ
2026-10-01 11:11:18 INFO LEAD new: [Permitted] Camden/2025/3491/P — 47 Heath Hurst Road London NW3 2RU
2026-10-01 11:11:18 INFO LEAD new: [Permitted] Camden/2025/3501/P — 50 Maresfield Gardens London NW3 5RX
2026-10-01 11:11:18 INFO LEAD new: [Permitted] Camden/2025/3498/P — 7 Ploughmans Close London Camden NW1 0XH
2026-10-01 11:11:18 INFO LEAD new: [Permitted] Camden/2025/3065/P — Flat Basement 27 College Crescent London NW3 5LH
2026-10-01 11:11:18 INFO LEAD new: [Permitted] Camden/2025/2998/P — 7 A Netherhall Gardens London NW3 5RN
2026-10-01 11:11:18 INFO LEAD new: [Permitted] Camden/2025/3322/P — 171 Gray's Inn Road London WC1X 8UE
2026-10-01 11:11:18 INFO LEAD new: [Permitted] Camden/2025/3477/P — 94 Garden Flat Fellows Road London Camden NW3 3JG
2026-10-01 11:11:18 INFO LEAD new: [Permitted] Camden/2025/3478/P — Camden Goods Yard Chalk Farm Road London NW1 8EH
2026-10-01 11:11:18 INFO LEAD new: [Permitted] Camden/2025/3474/P — Granary Square & Canal Square King's Cross Central London N1
2026-10-01 11:11:18 INFO LEAD new: [Permitted] Camden/2025/3466/P — 50 Maresfield Gardens London NW3 5RX
2026-10-01 11:11:18 INFO LEAD new: [Permitted] Camden/2025/3325/A — 329-331 Gray's Inn Road London WC1X 8PX
2026-10-01 11:11:18 INFO LEAD new: [Permitted] Camden/2025/3418/P — Flat 1 67 Aberdare Gardens London NW6 3AN
2026-10-01 11:11:18 INFO LEAD new: [Permitted] Camden/2025/3392/P — Flat 2 28 Belsize Park Gardens London NW3 4LH
2026-10-01 11:11:18 INFO LEAD new: [Permitted] Camden/2025/2830/P — Templar House Flats 1-112 Shoot-up Hill London NW2 3TD
2026-10-01 11:11:18 INFO LEAD new: [Permitted] Camden/2025/3453/P — 33 - 35 Jamestown Road London NW1 7DB
2026-10-01 11:11:18 INFO LEAD new: [Permitted] Camden/2025/3452/P — 33 - 35 Jamestown Road London NW1 7DB
2026-10-01 11:11:18 INFO LEAD new: [Permitted] Camden/2025/3451/P — 33 - 35 Jamestown Road London NW1 7DB
2026-10-01 11:11:18 INFO LEAD new: [Permitted] Camden/2025/3468/P — 8 Glenhurst Avenue London NW5 1PS
2026-10-01 11:11:18 INFO LEAD new: [Permitted] Camden/2025/3440/P — 51 Greencroft Gardens London NW6 3LL
2026-10-01 11:11:18 INFO LEAD new: [Permitted] Camden/2025/3445/P — Christ Church C E Primary School Redhill Street London NW1 4
2026-10-01 11:11:18 INFO LEAD new: [Permitted] Camden/2025/3439/P — 123 Constantine Road London NW3 2LR
2026-10-01 11:11:18 INFO LEAD new: [Permitted] Camden/2025/3116/A — 259 Camden High Street London NW1 7BU
2026-10-01 11:11:18 INFO LEAD new: [Permitted] Camden/2025/2840/L — German Historical Institute 17 Bloomsbury Square London WC1A
2026-10-01 11:11:18 INFO LEAD new: [Permitted] Camden/2025/3426/P — Arch 44-46, Castle Mews, London NW1 8SX
2026-10-01 11:11:18 INFO LEAD new: [Permitted] Camden/2025/3351/P — Flat G 32 Belsize Park London NW3 4DX
2026-10-01 11:11:18 INFO LEAD new: [Permitted] Camden/2025/3410/P — Flat 1a & 1b 59 Greencroft Gardens London NW6 3LL
2026-10-01 11:11:19 INFO LEAD new: [Permitted] Camden/2025/3255/P — 7 Roderick Road London Camden NW3 2NN
2026-10-01 11:11:19 INFO LEAD new: [Permitted] Camden/2025/3423/L — Flat B 167 Royal College Street London NW1 0SG
2026-10-01 11:11:19 INFO LEAD new: [Permitted] Camden/2025/3128/L — 14 Cannon Place London NW3 1EJ
2026-10-01 11:11:19 INFO LEAD new: [Permitted] Camden/2025/2648/P — 18-18A Acton Street London WC1X 9ND
2026-10-01 11:11:19 INFO LEAD new: [Permitted] Camden/2025/3412/P — Flat 1 58A Rosslyn Hill London NW3 1ND
2026-10-01 11:11:19 INFO LEAD new: [Permitted] Camden/2025/3408/P — 20 Redington Road London NW3 7RG
2026-10-01 11:11:19 INFO LEAD new: [Permitted] Camden/2025/3405/A — 59 St Giles High Street London Camden WC2H 8LH
2026-10-01 11:11:19 INFO LEAD new: [Permitted] Camden/2025/3225/P — 4-10 Tower Street London WC2H 9NP
2026-10-01 11:11:19 INFO LEAD new: [Permitted] Camden/2025/3464/L — Senate House University Of London Malet Street London WC1E 7
2026-10-01 11:11:19 INFO LEAD new: [Permitted] Camden/2025/3399/P — Senate House University Of London Malet Street London WC1E 7
2026-10-01 11:11:19 INFO LEAD new: [Permitted] Camden/2025/3413/P — 116 Regent's Park Road London NW1 8UG
2026-10-01 11:11:19 INFO LEAD new: [Permitted] Camden/2025/3416/P — 21 Gascony Avenue London Camden NW6 4NB
2026-10-01 11:11:19 INFO LEAD new: [Permitted] Camden/2025/3266/P — 170 Camden Road London NW1 9HJ
2026-10-01 11:11:19 INFO LEAD new: [Permitted] Camden/2025/3379/P — Ground Floor Flat 95 Savernake Road London NW3 2LG
2026-10-01 11:11:19 INFO LEAD new: [Permitted] Camden/2025/3382/L — 85 Albany Street London NW1 4BT
2026-10-01 11:11:19 INFO LEAD new: [Permitted] Camden/2025/3377/P — 49 Belsize Park London NW3 4EE
2026-10-01 11:11:19 INFO LEAD new: [Permitted] Camden/2025/3375/P — BMA House 13 Tavistock Square London WC1H 9JP
2026-10-01 11:11:19 INFO LEAD new: [Permitted] Camden/25-00172-HAPP — 3 Crediton Hill London NW6 1 HT
2026-10-01 11:11:19 INFO LEAD new: [Permitted] Camden/2025/3626/L — Acland Burghley School 93 Burghley Road London NW5 1UJ
2026-10-01 11:11:25 INFO [camden/Permitted] page at offset 3700: 100 records
2026-10-01 11:11:25 INFO LEAD new: [Permitted] Camden/2025/3364/P — 3-11 Eyre Street Hill London EC1R 5ET
2026-10-01 11:11:25 INFO LEAD new: [Permitted] Camden/2025/3373/P — 88 Frognal London NW3 6XB
2026-10-01 11:11:25 INFO LEAD new: [Permitted] Camden/2025/3363/P — 29 Leverton Street London NW5 2PH
2026-10-01 11:11:25 INFO LEAD new: [Permitted] Camden/2025/3354/P — Flat D and Flat E 2nd Floor and 3rd Floor 7 Belsize Park Gar
2026-10-01 11:11:26 INFO LEAD new: [Permitted] Camden/2025/3357/L — UCL South Wing Building Gower Street London WC1E 6BT
2026-10-01 11:11:26 INFO LEAD new: [Permitted] Camden/2025/3361/A — 84 New Oxford Street London Camden WC1A 1HB
2026-10-01 11:11:26 INFO LEAD new: [Permitted] Camden/2025/3436/L — 88 Frognal London NW3 6XB
2026-10-01 11:11:26 INFO LEAD new: [Permitted] Camden/2025/3183/P — Avenue Lodge & Park Lodge Avenue Road & St John's Wood Park 
2026-10-01 11:11:26 INFO LEAD new: [Permitted] Camden/2025/3331/P — Flat 2 27-29 Endell Street London WC2H 9BA
2026-10-01 11:11:26 INFO LEAD new: [Permitted] Camden/2025/3336/L — 8 Duke's Road London WC1H 9AD
2026-10-01 11:11:26 INFO LEAD new: [Permitted] Camden/2025/3337/P — UCL Medawar Building Gower Street London WC1E 6BT
2026-10-01 11:11:26 INFO LEAD new: [Permitted] Camden/2025/3339/P — Flat 1 9 Bracknell Gardens London NW3 7EE
2026-10-01 11:11:26 INFO LEAD new: [Permitted] Camden/2025/3326/P — 43 Highgate High Street London N6 5JX
2026-10-01 11:11:26 INFO LEAD new: [Permitted] Camden/2025/3327/P — 39 Fitzjohn's Avenue London NW3 5JY
2026-10-01 11:11:26 INFO LEAD new: [Permitted] Camden/2025/3316/P — UCL New Chemistry Building 20 Gordon Street London WC1H 0AJ
2026-10-01 11:11:26 INFO LEAD new: [Permitted] Camden/2025/3317/06BGP — UCL Main Quadrangle Gower Street London WC1E 6BT
2026-10-01 11:11:26 INFO LEAD new: [Permitted] Camden/2025/3320/P — 105 South Hill Park London NW3 2SP
2026-10-01 11:11:26 INFO LEAD new: [Permitted] Camden/2025/2795/L — 12B Ainsworth Way London NW8 0SR
2026-10-01 11:11:26 INFO LEAD new: [Permitted] Camden/2025/3328/A — 131-143 Belsize Road London NW6 4BR
2026-10-01 11:11:26 INFO LEAD new: [Permitted] Camden/2025/3329/L — Flat B 52 Mornington Terrace London NW1 7RT
2026-10-01 11:11:26 INFO LEAD new: [Permitted] Camden/2025/3260/A — 4-10 Tower Street London WC2H 9NP
2026-10-01 11:11:26 INFO LEAD new: [Permitted] Camden/2025/3384/L — Flat 2 16 Lyndhurst Gardens London NW3 5NR
2026-10-01 11:11:26 INFO LEAD new: [Permitted] Camden/2025/3299/P — 12 Rondu Road London NW2 3HA
2026-10-01 11:11:26 INFO LEAD new: [Permitted] Camden/2025/3298/P — Flat 2 16 Lyndhurst Gardens London NW3 5NR
2026-10-01 11:11:26 INFO LEAD new: [Permitted] Camden/2025/3136/P — 53 Warren Street and 337 Euston Road London W1T 5NL
2026-10-01 11:11:26 INFO LEAD new: [Permitted] Camden/2025/3265/P — Flat A 186 Goldhurst Terrace London NW6 3HN
2026-10-01 11:11:26 INFO LEAD new: [Permitted] Camden/2025/3244/P — 25 Westbere Road London Camden NW2 3SP
2026-10-01 11:11:26 INFO LEAD new: [Permitted] Camden/2025/3268/P — 35 Elsworthy Road London NW3 3BT
2026-10-01 11:11:26 INFO LEAD new: [Permitted] Camden/2025/3267/P — 35 Elsworthy Road London NW3 3BT
2026-10-01 11:11:26 INFO LEAD new: [Permitted] Camden/2025/3281/P — Shropshire House 2-10 Capper Street London WC1E 6JA
2026-10-01 11:11:26 INFO LEAD new: [Permitted] Camden/2025/3280/P — 2-10 Shropshire House Capper Street London WC1E 6JA
2026-10-01 11:11:26 INFO LEAD new: [Permitted] Camden/2025/3467/L — Kings Cross Railway Station Euston Road London Camden N1C 4A
2026-10-01 11:11:26 INFO LEAD new: [Permitted] Camden/2025/3269/L — 16 Woburn Square London WC1H 0NS
2026-10-01 11:11:26 INFO LEAD new: [Permitted] Camden/2025/3283/P — 7A Netherhall Gardens London NW3 5RN
2026-10-01 11:11:26 INFO LEAD new: [Permitted] Camden/2025/3293/A — Kings Cross Railway Station Euston Road London Camden N1C 4A
2026-10-01 11:11:26 INFO LEAD new: [Permitted] Camden/2025/3292/P — Kings Cross Railway Station Euston Road London Camden N1C 4A
2026-10-01 11:11:26 INFO LEAD new: [Permitted] Camden/25-00171-HAPP — Pembroke Antrim Road London NW3 4XN
2026-10-01 11:11:26 INFO LEAD new: [Permitted] Camden/2025/3282/L — 7 Rothwell Street London NW1 8YH
2026-10-01 11:11:26 INFO LEAD new: [Permitted] Camden/2025/3262/P — 89 Leighton Road London NW5 2QJ
2026-10-01 11:11:26 INFO LEAD new: [Permitted] Camden/2025/3258/P — 1 Stephen Street London Camden W1T 1AT
2026-10-01 11:11:26 INFO LEAD new: [Permitted] Camden/2025/3256/P — Beaufort Court 65 Maygrove Road London Camden NW6 2DA
2026-10-01 11:11:26 INFO LEAD new: [Permitted] Camden/2025/3263/P — Land adjacent to 101 Camley Street London N1C 4DU
2026-10-01 11:11:26 INFO LEAD new: [Permitted] Camden/2025/3246/A — 75 High Holborn London Camden WC1V 6LS
2026-10-01 11:11:26 INFO LEAD new: [Permitted] Camden/2025/2715/P — Flat A 225 Goldhurst Terrace London NW6 3EP
2026-10-01 11:11:26 INFO LEAD new: [Permitted] Camden/2025/3257/P — Flat A 51 Broadhurst Gardens London NW6 3QT
2026-10-01 11:11:26 INFO LEAD new: [Permitted] Camden/2025/3264/L — UCL Main Building Portico Gower Street London WC1E 6BT
2026-10-01 11:11:26 INFO LEAD new: [Permitted] Camden/2025/3230/P — 74 Albert Street London NW1 7NR
2026-10-01 11:11:26 INFO LEAD new: [Permitted] Camden/2025/1482/A — 154 Clerkenwell Road London Camden EC1R 5AB
2026-10-01 11:11:26 INFO LEAD new: [Permitted] Camden/2025/3242/L — 74 Albert Street London NW1 7NR
2026-10-01 11:11:26 INFO LEAD new: [Permitted] Camden/2025/3205/P — Flat 3 37 Platt's Lane London Camden NW3 7NN
2026-10-01 11:11:26 INFO LEAD new: [Permitted] Camden/2025/3243/L — Senate House University Of London Malet Street London WC1E 7
2026-10-01 11:11:26 INFO LEAD new: [Permitted] Camden/2025/3236/P — Garden Flat 141 Goldhurst Terrace London NW6 3EU
2026-10-01 11:11:26 INFO LEAD new: [Permitted] Camden/2025/3231/L — 19 Bedford Square London WC1B 3HH
2026-10-01 11:11:26 INFO LEAD new: [Permitted] Camden/2025/3226/P — Flat A 76 Belsize Park Gardens London NW3 4NG
2026-10-01 11:11:26 INFO LEAD new: [Permitted] Camden/2025/2766/P — Flat Ground Floor, 108 Fleet Road London NW3 2QX
2026-10-01 11:11:26 INFO LEAD new: [Permitted] Camden/2025/3219/P — 2 College Lane London NW5 1BJ
2026-10-01 11:11:26 INFO LEAD new: [Permitted] Camden/2025/3228/L — Offices And Premises At 2nd Floor 45 Fitzroy Street London W
2026-10-01 11:11:26 INFO LEAD new: [Permitted] Camden/2025/3216/L — University Church Of Christ The King Gordon Square London Ca
2026-10-01 11:11:26 INFO LEAD new: [Permitted] Camden/2025/3214/P — 14 Templewood Avenue London NW3 7XA
2026-10-01 11:11:26 INFO LEAD new: [Permitted] Camden/2025/3204/L — 7 Pilgrim's Lane London NW3 1SJ
2026-10-01 11:11:26 INFO LEAD new: [Permitted] Camden/2025/2750/P — British Museum Great Russell Street London WC1E 7JW
2026-10-01 11:11:26 INFO LEAD new: [Permitted] Camden/2025/3213/P — 14 Burgess Hill London NW2 2DA
2026-10-01 11:11:26 INFO LEAD new: [Permitted] Camden/2025/3203/P — 50-51 Russell Square London WC1B 4JP
2026-10-01 11:11:32 INFO [camden/Permitted] page at offset 3800: 100 records
2026-10-01 11:11:32 INFO LEAD new: [Permitted] Camden/2025/3199/L — British Museum Great Russell Street London WC1B 3DG
2026-10-01 11:11:32 INFO LEAD new: [Permitted] Camden/2025/2527/L — BMA House 13 Tavistock Square London WC1H 9JP
2026-10-01 11:11:33 INFO LEAD new: [Permitted] Camden/2025/3191/P — 7 Pilgrim's Lane London NW3 1SJ
2026-10-01 11:11:33 INFO LEAD new: [Permitted] Camden/2025/3181/P — 4 Millfield Lane London Camden N6 6JD
2026-10-01 11:11:33 INFO LEAD new: [Permitted] Camden/2025/2713/P — 11 Goodge Street London Camden W1T 2PF
2026-10-01 11:11:33 INFO LEAD new: [Permitted] Camden/2025/3193/P — Chester Terrace Gardens Chester Terrace London NW1 4ND
2026-10-01 11:11:33 INFO LEAD new: [Permitted] Camden/2025/3194/P — Chester Terrace Gardens Chester Terrace London NW1 4ND
2026-10-01 11:11:33 INFO LEAD new: [Permitted] Camden/2025/3192/P — 30 Calthorpe Street London Camden WC1X 0JZ
2026-10-01 11:11:33 INFO LEAD new: [Permitted] Camden/2025/3387/P — 180 Arlington Road London NW1 7HL
2026-10-01 11:11:33 INFO LEAD new: [Permitted] Camden/2025/3210/L — 59 St Giles High Street London WC2H 8LH
2026-10-01 11:11:33 INFO LEAD new: [Permitted] Camden/2025/3180/P — 30 Calthorpe Street London WC1X 0JZ
2026-10-01 11:11:33 INFO LEAD new: [Permitted] Camden/2025/3184/L — Vernon House 23 Sicilian Avenue London Camden WC1A 2QS
2026-10-01 11:11:33 INFO LEAD new: [Permitted] Camden/2025/3178/P — 59 St Giles High Street London Camden WC2H 8LH
2026-10-01 11:11:33 INFO LEAD new: [Permitted] Camden/2025/3179/P — 44 Cleveland Street London W1T 4JT
2026-10-01 11:11:33 INFO LEAD new: [Permitted] Camden/2025/0453/P — 60 Carey Street London WC2A 2JB
2026-10-01 11:11:33 INFO LEAD new: [Permitted] Camden/2025/3164/P — The Central 163-165 Iverson Road London NW6 2RB
2026-10-01 11:11:33 INFO LEAD new: [Permitted] Camden/2025/3177/P — Great Northern Hotel Pancras Road London N1C 4TB
2026-10-01 11:11:33 INFO LEAD new: [Permitted] Camden/2025/3169/L — 18 Flat 4 Monmouth Street London Camden WC2H 9HB
2026-10-01 11:11:33 INFO LEAD new: [Permitted] Camden/2025/3175/L — UCL Slade School Of Art Building Gower Street London WC1E 6B
2026-10-01 11:11:33 INFO LEAD new: [Permitted] Camden/2025/2295/P — Napier House, 24 High Holborn London WC1V 6AZ
2026-10-01 11:11:33 INFO LEAD new: [Permitted] Camden/2025/3176/L — Flat B 26 Eton Avenue London NW3 3HL
2026-10-01 11:11:33 INFO LEAD new: [Permitted] Camden/2025/2970/P — Flat B 26 Eton Avenue London NW3 3HL
2026-10-01 11:11:33 INFO LEAD new: [Permitted] Camden/2025/3165/P — 29 Barker Drive London NW1 0JG
2026-10-01 11:11:33 INFO LEAD new: [Permitted] Camden/2025/3157/L — 25 Old Gloucester Street London WC1N 3AF
2026-10-01 11:11:33 INFO LEAD new: [Permitted] Camden/2025/3417/L — Great Northern Hotel Pancras Road London Camden N1C 4TB
2026-10-01 11:11:33 INFO LEAD new: [Permitted] Camden/2025/3156/P — 116 Regent's Park Road London NW1 8UG
2026-10-01 11:11:33 INFO LEAD new: [Permitted] Camden/2025/3167/P — 27 Marsden Street London NW5 3HE
2026-10-01 11:11:33 INFO LEAD new: [Permitted] Camden/2025/3166/P — 5 Bacon's Lane London N6 6BL
2026-10-01 11:11:33 INFO LEAD new: [Permitted] Camden/2025/3146/L — The Interchange Building Oval Road London NW1 7DE
2026-10-01 11:11:33 INFO LEAD new: [Permitted] Camden/2025/3137/P — Flat A 111 Chetwynd Road London Camden NW5 1DA
2026-10-01 11:11:33 INFO LEAD new: [Permitted] Camden/2025/3149/L — 2-7 St Chad's Street London WC1H 8BD
2026-10-01 11:11:33 INFO LEAD new: [Permitted] Camden/2025/3140/P — The Old Hall Cottage 4B Kidderpore Avenue London Camden NW3 
2026-10-01 11:11:33 INFO LEAD new: [Permitted] Camden/2025/3138/L — 25-26 Woburn Square Bloomsbury London WC1H 0AA
2026-10-01 11:11:33 INFO LEAD new: [Permitted] Camden/2025/3144/P — 51 Willow Road London NW3 1TP
2026-10-01 11:11:33 INFO LEAD new: [Permitted] Camden/2025/3143/P — 155 Drummond Street London NW1 2PB
2026-10-01 11:11:33 INFO LEAD new: [Permitted] Camden/2025/3186/L — 14 John Street London WC1N 2EB
2026-10-01 11:11:33 INFO LEAD new: [Permitted] Camden/2025/3139/P — 14 John Street London WC1N 2EB
2026-10-01 11:11:33 INFO LEAD new: [Permitted] Camden/2025/3152/P — The Pryors East Heath Road London NW3 1BS
2026-10-01 11:11:33 INFO LEAD new: [Permitted] Camden/2025/2978/P — Flat 1 - 1A 22 Netherhall Gardens London Camden NW3 5TH
2026-10-01 11:11:33 INFO LEAD new: [Permitted] Camden/2025/3030/P — 11 Greenaway Gardens London Camden NW3 7DH
2026-10-01 11:11:33 INFO LEAD new: [Permitted] Camden/2025/3125/A — 217-223 Kentish Town Road London NW5 2JU
2026-10-01 11:11:33 INFO LEAD new: [Permitted] Camden/2025/3124/P — 11 Ebbsfleet Road London Camden NW2 3NB
2026-10-01 11:11:33 INFO LEAD new: [Permitted] Camden/2025/3129/P — 1 Eversholt Street London NW1 2ND
2026-10-01 11:11:33 INFO LEAD new: [Permitted] Camden/2025/3024/P — 69 Patshull Road London NW5 2LE
2026-10-01 11:11:33 INFO LEAD new: [Permitted] Camden/2025/3098/P — Railway House 1 Whittlebury Mews East London NW1 8EQ
2026-10-01 11:11:33 INFO LEAD new: [Permitted] Camden/2025/2510/P — 25 Chester Terrace London Camden NW1 4ND
2026-10-01 11:11:33 INFO LEAD new: [Permitted] Camden/2025/3114/P — 36-37 Great Russell Street London WC1B 3PP
2026-10-01 11:11:33 INFO LEAD new: [Permitted] Camden/2025/3102/A — 54 Neal Street London Camden WC2H 9PA
2026-10-01 11:11:33 INFO LEAD new: [Permitted] Camden/2025/2985/P — 49 Meadowbank London NW3 3AY
2026-10-01 11:11:33 INFO LEAD new: [Permitted] Camden/2025/3107/P — 8 Duke's Road London WC1H 9AD
2026-10-01 11:11:33 INFO LEAD new: [Permitted] Camden/2025/2661/P — 1st Floor Flat 22 Sumatra Road London NW6 1PU
2026-10-01 11:11:33 INFO LEAD new: [Permitted] Camden/2025/3069/P — 1 Belsize Avenue London Camden NW3 4BL
2026-10-01 11:11:33 INFO LEAD new: [Permitted] Camden/2025/2940/P — 250-254 Kentish Town Road London NW5 2AB
2026-10-01 11:11:33 INFO LEAD new: [Permitted] Camden/2025/2711/P — 178 Royal College Street London NW1 0SP
2026-10-01 11:11:33 INFO LEAD new: [Permitted] Camden/25-00151-LDCE — Flat 5 238 Royal College Street London NW1 9QR
2026-10-01 11:11:33 INFO LEAD new: [Permitted] Camden/2025/2934/P — Flat 1 71 Priory Road London NW6 3NH
2026-10-01 11:11:33 INFO LEAD new: [Permitted] Camden/2025/3087/P — 31 Elsworthy Road London Camden NW3 3BT
2026-10-01 11:11:33 INFO LEAD new: [Permitted] Camden/2025/3097/P — Former Maria Fidelis School 2-10 North Gower Street London N
2026-10-01 11:11:33 INFO LEAD new: [Permitted] Camden/2025/3096/L — 246 Gray's Inn Road London WC1X 8JR
2026-10-01 11:11:33 INFO LEAD new: [Permitted] Camden/2025/3100/P — 106 Finchley Road London NW3 5JJ
2026-10-01 11:11:33 INFO LEAD new: [Permitted] Camden/2025/3031/L — 34 Chester Terrace London NW1 4ND
2026-10-01 11:11:33 INFO LEAD new: [Permitted] Camden/2025/3163/L — 2-7 St Chad's Street London WC1H 8BD
2026-10-01 11:11:39 INFO [camden/Permitted] page at offset 3900: 100 records
2026-10-01 11:11:39 INFO LEAD new: [Permitted] Camden/2025/3067/P — Flat 1-2 34 Fitzjohns Avenue London NW3 5NB
2026-10-01 11:11:40 INFO LEAD new: [Permitted] Camden/2025/3084/L — 1 Holly Mount London NW3 6SG
2026-10-01 11:11:40 INFO LEAD new: [Permitted] Camden/2025/3066/P — 1 Holly Mount London Camden NW3 6SG
2026-10-01 11:11:40 INFO LEAD new: [Permitted] Camden/2025/3070/L — 12 and 13 Primrose Hill Studios Fitzroy Road London NW1 8TR
2026-10-01 11:11:40 INFO LEAD new: [Permitted] Camden/2025/0515/L — 60 Carey Street London WC2A 2JB
2026-10-01 11:11:40 INFO LEAD new: [Permitted] Camden/2025/3319/P — Main Quadrangle and Wilkins Building Gower Street London WC1
2026-10-01 11:11:40 INFO LEAD new: [Permitted] Camden/2025/2496/P — 49 Dartmouth Park Hill London NW5 1JD
2026-10-01 11:11:40 INFO LEAD new: [Permitted] Camden/2025/3044/L — 15 Arlington Road London NW1 7ER
2026-10-01 11:11:40 INFO LEAD new: [Permitted] Camden/2025/3048/P — Camden Goods Yard Chalk Farm Road London NW1 8EH
2026-10-01 11:11:40 INFO LEAD new: [Permitted] Camden/2025/3054/L — UCL Main Quadrangle and Wilkins Building Gower Street London
2026-10-01 11:11:40 INFO LEAD new: [Permitted] Camden/2025/3055/P — Main Quadrangle and Wilkins Building Gower Street London WC1
2026-10-01 11:11:40 INFO LEAD new: [Permitted] Camden/2025/3059/P — 13-15 Bonny Street London NW1 9PE
2026-10-01 11:11:40 INFO LEAD new: [Permitted] Camden/2025/3043/P — 4 Harben Parade Finchley Road London Camden NW3 6JP
2026-10-01 11:11:40 INFO LEAD new: [Permitted] Camden/2025/3053/P — 16 Lyndhurst Gardens London NW3 5NR
2026-10-01 11:11:40 INFO LEAD new: [Permitted] Camden/2025/3247/L — 16 Lyndhurst Gardens London NW3 5NR
2026-10-01 11:11:40 INFO LEAD new: [Permitted] Camden/2025/3058/P — Bevan John House 9 Harpur Street London Camden WC1N 3PA
2026-10-01 11:11:40 INFO LEAD new: [Permitted] Camden/2025/3034/P — Flat A 71 Fitzjohn's Avenue London NW3 6PD
2026-10-01 11:11:40 INFO LEAD new: [Permitted] Camden/2025/3021/L — UCL Main Quadrangle and Wilkins Building Gower Street London
2026-10-01 11:11:40 INFO LEAD new: [Permitted] Camden/2025/2918/P — 100 Chalk Farm Road London Camden NW1 8EH
2026-10-01 11:11:40 INFO LEAD new: [Permitted] Camden/2025/3033/A — Unit 4, Ground Floor 272 High Holborn London WC1V 7EY
2026-10-01 11:11:40 INFO LEAD new: [Permitted] Camden/2025/3039/P — 55 Tottenham Court Road & 16-24 Whitfield Street London W1T 
2026-10-01 11:11:40 INFO LEAD new: [Permitted] Camden/2025/2076/A — 36 - 37 Great Russell Street London WC1B 3PP
2026-10-01 11:11:40 INFO LEAD new: [Permitted] Camden/2025/3022/L — 34 Belsize Lane London NW3 5AE
2026-10-01 11:11:40 INFO LEAD new: [Permitted] Camden/2025/1600/P — 87 Arlington Road London NW1 7ES
2026-10-01 11:11:40 INFO LEAD new: [Permitted] Camden/2025/2753/P — Site At 6 Streatley Place London NW3 1HP
2026-10-01 11:11:40 INFO LEAD new: [Permitted] Camden/2025/2710/P — Flat A 33 Falkland Road London NW5 2PU
2026-10-01 11:11:40 INFO LEAD new: [Permitted] Camden/2025/3007/L — 5 Stone Buildings London Camden WC2A 3XT
2026-10-01 11:11:40 INFO LEAD new: [Permitted] Camden/2025/3014/P — St Pancras Hospital, Moorfields Eye Hospital 4 St Pancras Wa
2026-10-01 11:11:40 INFO LEAD new: [Permitted] Camden/2025/3013/P — St Pancras Hospital, Moorfields Eye Hospital 4 St Pancras Wa
2026-10-01 11:11:40 INFO LEAD new: [Permitted] Camden/2025/3004/L — Philips Building Thornhaugh Street London WC1H 0XG
2026-10-01 11:11:40 INFO LEAD new: [Permitted] Camden/2025/2914/P — 66 Parkhill Road London NW3 2YT
2026-10-01 11:11:40 INFO LEAD new: [Permitted] Camden/2025/2950/P — Flat 1st And 2nd Floor 28 Oakford Road London NW5 1AH
2026-10-01 11:11:40 INFO LEAD new: [Permitted] Camden/25-00164-LDCE — 22B Harley Road London NW3 3BN
2026-10-01 11:11:40 INFO LEAD new: [Permitted] Camden/2025/3012/P — 124 Regent's Park Road London NW1 8XL
2026-10-01 11:11:40 INFO LEAD new: [Permitted] Camden/2025/3011/P — 20 Howitt Road London Camden NW3 4LL
2026-10-01 11:11:40 INFO LEAD new: [Permitted] Camden/2025/3019/P — 9 Frognal Gardens London Camden NW3 6UY
2026-10-01 11:11:40 INFO LEAD new: [Permitted] Camden/2025/3008/P — Flat 3 179 Gloucester Avenue London Camden NW1 8LA
2026-10-01 11:11:40 INFO LEAD new: [Permitted] Camden/2025/3003/P — Flat A 23 North Villas London NW1 9BL
2026-10-01 11:11:40 INFO LEAD new: [Permitted] Camden/2025/3002/P — Bonham Carter House and Warwickshire House 52-60 Gower Stree
2026-10-01 11:11:40 INFO LEAD new: [Permitted] Camden/2025/2896/L — Cafe And Premises At Ground Floor North 20 Cleveland Street 
2026-10-01 11:11:40 INFO LEAD new: [Permitted] Camden/2024/5480/P — 16 Chalcot Gardens London Camden NW3 4YB
2026-10-01 11:11:40 INFO LEAD new: [Permitted] Camden/2025/2897/A — Cafe And Premises At Ground Floor North 20 Cleveland Street 
2026-10-01 11:11:40 INFO LEAD new: [Permitted] Camden/2025/2983/P — Unit 6 6-17 Tottenham Court Road London W1T 1BG
2026-10-01 11:11:40 INFO LEAD new: [Permitted] Camden/2025/2997/P — Development Zone A King's Cross Central York Way London
2026-10-01 11:11:40 INFO LEAD new: [Permitted] Camden/2025/2990/P — 29 Conway Street London W1T 6BW
2026-10-01 11:11:40 INFO LEAD new: [Permitted] Camden/2025/2671/P — 30 Queen's Grove London NW8 6HJ
2026-10-01 11:11:40 INFO LEAD new: [Permitted] Camden/2025/1648/P — Phillips House 52 Goodge Street London W1T 4LZ
2026-10-01 11:11:40 INFO LEAD new: [Permitted] Camden/2025/2969/L — Squires Mount Cottage Squire's Mount London NW3 1EG
2026-10-01 11:11:40 INFO LEAD new: [Permitted] Camden/2025/2973/L — 87 Holmes Road London NW5 3AX
2026-10-01 11:11:40 INFO LEAD new: [Permitted] Camden/2025/2968/P — 9 Wadham Gardens London NW3 3DN
2026-10-01 11:11:40 INFO LEAD new: [Permitted] Camden/2025/2975/P — St Pancras Hospital, Moorfields Eye Hospital 4 St Pancras Wa
2026-10-01 11:11:40 INFO LEAD new: [Permitted] Camden/2025/2966/P — 19 North End London NW3 7HR
2026-10-01 11:11:40 INFO LEAD new: [Permitted] Camden/2025/2957/P — 20 Redington Road London NW3 7RG
2026-10-01 11:11:40 INFO LEAD new: [Permitted] Camden/2025/2946/A — The Fitzrovia, Unit 3 237-247 Tottenham Court Road London W1
2026-10-01 11:11:40 INFO LEAD new: [Permitted] Camden/2025/2982/P — Vorley Road Bus Stand & 4 Vorley Road London N19 5JH
2026-10-01 11:11:40 INFO LEAD new: [Permitted] Camden/2025/2959/P — 34 Chester Terrace London NW1 4ND
2026-10-01 11:11:40 INFO LEAD new: [Permitted] Camden/2025/2938/A — 33 Farringdon Road London Camden EC1M 3JF
2026-10-01 11:11:40 INFO LEAD new: [Permitted] Camden/25-00146-LDCP — 1 Balmore Street London N19 5DA
2026-10-01 11:11:40 INFO LEAD new: [Permitted] Camden/2025/2956/P — UCL New Chemistry Building 20 Gordon Street London WC1H 0AJ
2026-10-01 11:11:40 INFO LEAD new: [Permitted] Camden/2025/2943/L — 25-26 Woburn Square Bloomsbury London WC1H 0AA
2026-10-01 11:11:40 INFO LEAD new: [Permitted] Camden/2025/2955/P — UCL New Chemistry Building 20 Gordon Street London WC1H 0AJ
2026-10-01 11:11:40 INFO LEAD new: [Permitted] Camden/2025/2939/P — 33 Farringdon Road London Camden EC1M 3JF
2026-10-01 11:11:40 INFO LEAD new: [Permitted] Camden/2025/2792/P — 19 Crediton Hill London NW6 1HS
2026-10-01 11:11:47 INFO [camden/Permitted] page at offset 4000: 100 records
2026-10-01 11:11:47 INFO LEAD new: [Permitted] Camden/2025/2821/P — 4 Cantelowes Road London NW1 9XJ
2026-10-01 11:11:47 INFO LEAD new: [Permitted] Camden/2025/1390/P — 58 Cricklewood Broadway London NW2 3ET
2026-10-01 11:11:47 INFO LEAD new: [Permitted] Camden/2025/2560/L — 19 Bedford Square London WC1B 3HH
2026-10-01 11:11:47 INFO LEAD new: [Permitted] Camden/2025/2923/P — Basement And Ground Floor 63 Endell Street London WC2H 9AJ
2026-10-01 11:11:47 INFO LEAD new: [Permitted] Camden/2025/2996/L — 2 Chalcot Square London NW1 8YB
2026-10-01 11:11:47 INFO LEAD new: [Permitted] Camden/2025/2928/P — 2 Chalcot Square London NW1 8YB
2026-10-01 11:11:47 INFO LEAD new: [Permitted] Camden/2025/2933/P — Beaufort Court 65 Maygrove Road London NW6 2DA
2026-10-01 11:11:47 INFO LEAD new: [Permitted] Camden/2025/2929/L — BMA House 13 Tavistock Square London WC1H 9JP
2026-10-01 11:11:47 INFO LEAD new: [Permitted] Camden/2025/2812/P — 64A Hampstead High Street London NW3 1QH
2026-10-01 11:11:47 INFO LEAD new: [Permitted] Camden/2025/2919/L — Chalk Farm Underground Station Haverstock Hill London NW3 2B
2026-10-01 11:11:47 INFO LEAD new: [Permitted] Camden/2025/2920/L — 19 Bedford Square London WC1B 3HH
2026-10-01 11:11:47 INFO LEAD new: [Permitted] Camden/2025/2927/P — King's Cross Central York Way London N1C
2026-10-01 11:11:47 INFO LEAD new: [Permitted] Camden/2025/2915/A — 64A Hampstead High Street London NW3 1QH
2026-10-01 11:11:47 INFO LEAD new: [Permitted] Camden/2025/2924/P — 91 Castlehaven Road London Camden NW1 8SJ
2026-10-01 11:11:47 INFO LEAD new: [Permitted] Camden/2025/2142/P — Flat B 31 Cantelowes Road London NW1 9XR
2026-10-01 11:11:47 INFO LEAD new: [Permitted] Camden/2025/1809/P — 9 Hawtrey Road London NW3 3SS
2026-10-01 11:11:47 INFO LEAD new: [Permitted] Camden/2025/2305/P — 25 Berridge Mews London NW6 1RF
2026-10-01 11:11:47 INFO LEAD new: [Permitted] Camden/2025/2908/P — Coffee Kiosk Adjacent to 42-43 Queen's Square London WC1N 3A
2026-10-01 11:11:47 INFO LEAD new: [Permitted] Camden/2025/2874/P — 19 South Hill Park Gardens London NW3 2TD
2026-10-01 11:11:47 INFO LEAD new: [Permitted] Camden/2025/2925/L — 3 Sandwich Street London WC1H 9PL
2026-10-01 11:11:47 INFO LEAD new: [Permitted] Camden/2025/2875/P — 3 Sandwich Street London WC1H 9PL
2026-10-01 11:11:47 INFO LEAD new: [Permitted] Camden/2025/2906/P — 43 Carol Street London NW1 0HT
2026-10-01 11:11:47 INFO LEAD new: [Permitted] Camden/2025/2909/L — Great Northern Hotel Pancras Road London N1C 4TB
2026-10-01 11:11:47 INFO LEAD new: [Permitted] Camden/2025/2905/P — British Museum Great Russell Street London WC1E 7JW
2026-10-01 11:11:47 INFO LEAD new: [Permitted] Camden/2025/2907/P — 2 Fellows Road London NW3 3LP
2026-10-01 11:11:47 INFO LEAD new: [Permitted] Camden/2025/2885/P — 29 Healey Street London NW1 8SR
2026-10-01 11:11:47 INFO LEAD new: [Permitted] Camden/2025/2904/L — Antrim Road Allottments Antrim Grove London NW3 4XP
2026-10-01 11:11:47 INFO LEAD new: [Permitted] Camden/2025/2902/P — Antrim Road Allottments Antrim Grove London NW3 4XP
2026-10-01 11:11:47 INFO LEAD new: [Permitted] Camden/2025/2913/L — The British Library 96 Euston Road London NW1 2DB
2026-10-01 11:11:47 INFO LEAD new: [Permitted] Camden/2025/2691/P — Garden Flat 47 Dartmouth Park Road London NW5 1SU
2026-10-01 11:11:47 INFO LEAD new: [Permitted] Camden/2025/2177/P — Eton Rise, Eton Hall and Eton Place Eton College Road London
2026-10-01 11:11:47 INFO LEAD new: [Permitted] Camden/2025/2887/L — 12 and 13 Primrose Hill Studios Fitzroy Road London NW1 8TR
2026-10-01 11:11:47 INFO LEAD new: [Permitted] Camden/2025/2842/P — 12 and 13 Primrose Hill Studios Fitzroy Road London NW1 8TR
2026-10-01 11:11:47 INFO LEAD new: [Permitted] Camden/2025/2835/P — Craven House 121 Kingsway London WC2B 6PA
2026-10-01 11:11:47 INFO LEAD new: [Permitted] Camden/2025/2774/P — Colonial Buildings 59-61 Hatton Garden London EC1N 8LS
2026-10-01 11:11:47 INFO LEAD new: [Permitted] Camden/25-00140-LDCE — Epworth Antrim Road London NW3 4XN
2026-10-01 11:11:47 INFO LEAD new: [Permitted] Camden/2025/2856/P — 9 Brookfield Park London Camden NW5 1ES
2026-10-01 11:11:47 INFO LEAD new: [Permitted] Camden/2025/2872/P — Kingsbourne House 229-231 High Holborn London WC1V 7DA
2026-10-01 11:11:47 INFO LEAD new: [Permitted] Camden/2025/2871/P — 66 Castle Road London NW1 8SN
2026-10-01 11:11:47 INFO LEAD new: [Permitted] Camden/2025/2866/A — The Clay Yard Light Industrial Estate Redevelopment Site Lid
2026-10-01 11:11:47 INFO LEAD new: [Permitted] Camden/2025/2865/P — 39 Fitzjohn's Avenue London NW3 5JY
2026-10-01 11:11:47 INFO LEAD new: [Permitted] Camden/2025/2756/P — 44 Cricklewood Broadway London NW2 3ET
2026-10-01 11:11:47 INFO LEAD new: [Permitted] Camden/2025/2640/P — 29 Christchurch Hill London NW3 1LA
2026-10-01 11:11:47 INFO LEAD new: [Permitted] Camden/2025/2833/P — 10 Pond Street London Camden NW3 2PS
2026-10-01 11:11:47 INFO LEAD new: [Permitted] Camden/2025/2831/P — 12 Whidborne Street London WC1H 8EU
2026-10-01 11:11:47 INFO LEAD new: [Permitted] Camden/2025/2824/P — 20 Redington Road London NW3 7RG
2026-10-01 11:11:47 INFO LEAD new: [Permitted] Camden/2025/2834/P — Marks and Spencer 10 Pond Street London NW3 2PS
2026-10-01 11:11:47 INFO LEAD new: [Permitted] Camden/2025/2820/L — 1-49 Cumberland Terrace London NW1 4HS
2026-10-01 11:11:47 INFO LEAD new: [Permitted] Camden/2025/2826/L — 14 Templewood Avenue London NW3 7XA
2026-10-01 11:11:47 INFO LEAD new: [Permitted] Camden/2025/2822/P — Mulberry House 12 A Church Row London NW3 6UU
2026-10-01 11:11:47 INFO LEAD new: [Permitted] Camden/2025/2789/L — Flat 1-2 Fitzroy Lodge The Grove London N6 6LH
2026-10-01 11:11:47 INFO LEAD new: [Permitted] Camden/2025/2987/A — 10 Pond Street London Camden NW3 2PS
2026-10-01 11:11:47 INFO LEAD new: [Permitted] Camden/2025/2778/P — 6 Courthope Road London NW3 2LB
2026-10-01 11:11:47 INFO LEAD new: [Permitted] Camden/2025/2514/P — 15 Flat B Hampstead Hill Gardens London Camden NW3 2PH
2026-10-01 11:11:47 INFO LEAD new: [Permitted] Camden/2025/2805/P — White Hall Hotel 2-7 Montague Street London WC1B 5BP
2026-10-01 11:11:47 INFO LEAD new: [Permitted] Camden/2025/2814/P — 40 Highgate West Hill London Camden N6 6LS
2026-10-01 11:11:47 INFO LEAD new: [Permitted] Camden/2025/2811/P — 1 Granary Street London NW1 0NF
2026-10-01 11:11:47 INFO LEAD new: [Permitted] Camden/2025/2809/A — Unit 4 The Earnshaw Building 77-91 New Oxford Street London 
2026-10-01 11:11:47 INFO LEAD new: [Permitted] Camden/2025/2808/P — 39 Fitzjohn's Avenue London NW3 5JY
2026-10-01 11:11:47 INFO LEAD new: [Permitted] Camden/2025/2806/P — 29-31 Parkway London NW1 7PN
2026-10-01 11:11:47 INFO LEAD new: [Permitted] Camden/2025/2802/P — London College Of Printing And Graphic Art Elephant And Cast
2026-10-01 11:11:47 INFO LEAD new: [Permitted] Camden/2025/2807/P — Flat 2 21 Rosslyn Hill London NW3 5UJ
2026-10-01 11:11:47 INFO LEAD new: [Permitted] Camden/2025/2799/P — 31 Patshull Road London NW5 2JX
2026-10-01 11:11:47 INFO LEAD new: [Permitted] Camden/2025/2784/P — 15 Wedderburn Road London NW3 5QS
2026-10-01 11:11:47 INFO LEAD new: [Permitted] Camden/2025/2797/P — 28-32 shelton street London WC2H 9JE
2026-10-01 11:11:47 INFO LEAD new: [Permitted] Camden/2025/2779/P — Flat 5 111 Broadhurst Gardens London NW6 3BJ
2026-10-01 11:11:47 INFO LEAD new: [Permitted] Camden/25-00144-LDCP — 165 ARLINGTON ROAD LONDON, NW1 7EX
2026-10-01 11:11:47 INFO LEAD new: [Permitted] Camden/2025/2773/P — Atrium Building Stables Market London NW1 8AH
2026-10-01 11:11:47 INFO LEAD new: [Permitted] Camden/2025/2768/L — British Museum Great Russell Street London WC1E 7JW
2026-10-01 11:11:47 INFO LEAD new: [Permitted] Camden/2025/2760/P — Flat 10 170 Highcroft, Highgate Road London NW5 1EJ
2026-10-01 11:11:47 INFO LEAD new: [Permitted] Camden/2025/2761/P — Squires Mount Cottage Squire's Mount London NW3 1EG
2026-10-01 11:11:54 INFO [camden/Permitted] page at offset 4100: 100 records
2026-10-01 11:11:54 INFO LEAD new: [Permitted] Camden/2025/2699/P — Flat 14 Seven Dials Court 3 Shorts Gardens London WC2H 9AT
2026-10-01 11:11:54 INFO LEAD new: [Permitted] Camden/2025/2767/P — 9 Parkway London Camden NW1 7PG
2026-10-01 11:11:54 INFO LEAD new: [Permitted] Camden/25-00162-HAPP — 49 Lamble Street London NW5 4AS
2026-10-01 11:11:54 INFO LEAD new: [Permitted] Camden/25-00160-HAPP — Flat 3 42 Belsize Park Gardens London NW3 4LY
2026-10-01 11:11:54 INFO LEAD new: [Permitted] Camden/2025/2776/P — 5-6 Underhill Street London NW1 7HS
2026-10-01 11:11:54 INFO LEAD new: [Permitted] Camden/2025/2775/P — 16 Swain's Lane London N6 6QS
2026-10-01 11:11:54 INFO LEAD new: [Permitted] Camden/2025/2777/A — Shop And Premises At Basement And Ground Floor 38 Monmouth S
2026-10-01 11:11:54 INFO LEAD new: [Permitted] Camden/2025/2680/P — 12 Stephen Mews London W1T 1AH
2026-10-01 11:11:54 INFO LEAD new: [Permitted] Camden/2025/2455/L — 47 Dunboyne Road London NW3 2YY
2026-10-01 11:11:54 INFO LEAD new: [Permitted] Camden/2025/2755/L — 1 Gower Street London WC1E 6HD
2026-10-01 11:11:54 INFO LEAD new: [Permitted] Camden/2025/2770/L — Midland Goods Shed Wharf Road London N1C 4BZ
2026-10-01 11:11:54 INFO LEAD new: [Permitted] Camden/2025/2747/P — Midland Goods Shed Wharf Road London N1C 4BZ
2026-10-01 11:11:54 INFO LEAD new: [Permitted] Camden/2025/2744/P — 16 Nassington Road London NW3 2UD
2026-10-01 11:11:54 INFO LEAD new: [Permitted] Camden/2025/2757/P — 83 - 87 Gracechurch Street London EC3V 0AA
2026-10-01 11:11:54 INFO LEAD new: [Permitted] Camden/2025/2754/P — 63 St Mary Axe London EC3A 8AA
2026-10-01 11:11:54 INFO LEAD new: [Permitted] Camden/2025/2742/P — 95-100 Network Building Tottenham Court Road London W1T 4TP
2026-10-01 11:11:54 INFO LEAD new: [Permitted] Camden/2025/2741/P — 46 Ingham Road London NW6 1DE
2026-10-01 11:11:54 INFO LEAD new: [Permitted] Camden/2025/2738/L — 14 Great James Street London Camden WC1N 3DP
2026-10-01 11:11:54 INFO LEAD new: [Permitted] Camden/2025/2132/P — Flat 2, 142 Goldhurst Terrace London NW6 3HP
2026-10-01 11:11:54 INFO LEAD new: [Permitted] Camden/2025/1287/P — Flat B 6 Garlinge Road London NW2 3TR
2026-10-01 11:11:54 INFO LEAD new: [Permitted] Camden/2025/2726/P — Flat 1 2 St George's Terrace London NW1 8XH
2026-10-01 11:11:54 INFO LEAD new: [Permitted] Camden/2025/2734/P — 5 Inverforth Close London NW3 7EX
2026-10-01 11:11:54 INFO LEAD new: [Permitted] Camden/2025/2730/P — 61 Lincoln's Inn Fields London WC2A 3JW
2026-10-01 11:11:54 INFO LEAD new: [Permitted] Camden/2025/2724/P — 11 Steele's Road London NW3 4SE
2026-10-01 11:11:54 INFO LEAD new: [Permitted] Camden/2025/2709/P — 17 Kidderpore Gardens London NW3 7SS
2026-10-01 11:11:54 INFO LEAD new: [Permitted] Camden/2025/2712/L — Flat 1 2 St George's Terrace London NW1 8XH
2026-10-01 11:11:54 INFO LEAD new: [Permitted] Camden/2025/2706/P — Holme Vale House Branch Hill London NW3 7NA
2026-10-01 11:11:54 INFO LEAD new: [Permitted] Camden/2025/2731/P — 43 Ainger Road London NW3 3AT
2026-10-01 11:11:54 INFO LEAD new: [Permitted] Camden/2025/2735/P — Flat 1-3, 19 Wadham Gardens London NW3 3DN
2026-10-01 11:11:54 INFO LEAD new: [Permitted] Camden/2025/2721/P — 16 Avenue Road London NW8 6BP
2026-10-01 11:11:54 INFO LEAD new: [Permitted] Camden/2025/2729/P — Flat 1 34 Hill Court Highgate West Hill London N6 6NJ
2026-10-01 11:11:54 INFO LEAD new: [Permitted] Camden/2025/2722/P — Atrium Building Stables Market London NW1 8AH
2026-10-01 11:11:54 INFO LEAD new: [Permitted] Camden/2025/2733/P — 48 West Yard Camden Lock Place London NW1 8AF
2026-10-01 11:11:54 INFO LEAD new: [Permitted] Camden/2025/2705/P — 88 Belsize Road London NW6 4TG
2026-10-01 11:11:54 INFO LEAD new: [Permitted] Camden/2025/2708/P — 46 Sarre Road London NW2 3SL
2026-10-01 11:11:54 INFO LEAD new: [Permitted] Camden/2025/2353/P — 363-365 Euston Road London NW1 3AR
2026-10-01 11:11:54 INFO LEAD new: [Permitted] Camden/2025/1700/P — 165-167 Euston Road London NW1 2BH
2026-10-01 11:11:54 INFO LEAD new: [Permitted] Camden/2025/2659/P — 75 Hillway London N6 6AB
2026-10-01 11:11:54 INFO LEAD new: [Permitted] Camden/2025/2704/L — Flat 1st And 2nd Floor 76 Heath Street London Camden NW3 1DN
2026-10-01 11:11:54 INFO LEAD new: [Permitted] Camden/2025/2698/P — High Holborn House 52-54 High Holborn London WC1V 6RL
2026-10-01 11:11:54 INFO LEAD new: [Permitted] Camden/2025/2700/P — 19 Tanza Road London NW3 2UA
2026-10-01 11:11:54 INFO LEAD new: [Permitted] Camden/2025/2673/P — 3 Parkhill Road London NW3 2YH
2026-10-01 11:11:54 INFO LEAD new: [Permitted] Camden/2025/1396/P — Flat B 111 Chetwynd Road London NW5 1DA
2026-10-01 11:11:54 INFO LEAD new: [Permitted] Camden/2025/2693/P — 10 Patshull Road London NW5 2LB
2026-10-01 11:11:54 INFO LEAD new: [Permitted] Camden/2025/1061/P — 11 John's Mews London WC1N 2PA
2026-10-01 11:11:54 INFO LEAD new: [Permitted] Camden/2025/2676/A — 201 King's Cross Road London WC1X 9DB
2026-10-01 11:11:54 INFO LEAD new: [Permitted] Camden/2025/2687/P — 1 Hampshire Street London NW5 2TE
2026-10-01 11:11:54 INFO LEAD new: [Permitted] Camden/2025/2675/P — BMA House 13 Tavistock Square London WC1H 9JP
2026-10-01 11:11:54 INFO LEAD new: [Permitted] Camden/2025/2674/A — 5 Gray's Inn Road London WC1X 8PH
2026-10-01 11:11:54 INFO LEAD new: [Permitted] Camden/2025/2679/P — 100 and 100a Chalk Farm Road London NW1 8EH
2026-10-01 11:11:54 INFO LEAD new: [Permitted] Camden/2025/2689/P — 59 St Giles High Street London WC2H 8LH
2026-10-01 11:11:54 INFO LEAD new: [Permitted] Camden/2025/2430/P — 252 A Gray's Inn Road London WC1X 8JT
2026-10-01 11:11:54 INFO LEAD new: [Permitted] Camden/2025/2665/P — Flat 1-2 Fitzroy Lodge The Grove London N6 6LH
2026-10-01 11:11:54 INFO LEAD new: [Permitted] Camden/2025/2664/P — Maple House 149 Tottenham Court Road London W1T 7NF
2026-10-01 11:11:54 INFO LEAD new: [Permitted] Camden/2025/2654/P — Shop And Premises At Ground Floor 35 Great Russell Street Lo
2026-10-01 11:11:54 INFO LEAD new: [Permitted] Camden/2025/2663/P — 44 Cleveland Street London W1T 4JT
2026-10-01 11:11:54 INFO LEAD new: [Permitted] Camden/2025/1995/P — Flat 2 77 Greencroft Gardens London NW6 3LJ
2026-10-01 11:11:54 INFO LEAD new: [Permitted] Camden/2025/2624/P — 2-4 Monmouth Street London WC2H 9HB & 188 Shaftesbury Ave Lo
2026-10-01 11:11:54 INFO LEAD new: [Permitted] Camden/2025/2620/P — 12 B Keats Grove London Camden NW3 2RN
2026-10-01 11:11:54 INFO LEAD new: [Permitted] Camden/2023/3777/P — 24-28 Bloomsbury Way London WC1A 2SN
2026-10-01 11:11:54 INFO LEAD new: [Permitted] Camden/2025/2626/P — Land adjacent to ODEON Cinema Finchley Road London NW3 5EL
2026-10-01 11:11:54 INFO LEAD new: [Permitted] Camden/2025/2617/P — 38 Frognal Lane London Camden NW3 6PP
2026-10-01 11:11:54 INFO LEAD new: [Permitted] Camden/25-00152-LDCP — FLAT 5 16 WEDDERBURN ROAD LONDON NW3 5QG
2026-10-01 11:11:54 INFO LEAD new: [Permitted] Camden/2025/2592/P — Flat D 70 Highgate West Hill London Camden N6 6BU
2026-10-01 11:11:54 INFO LEAD new: [Permitted] Camden/2025/2598/P — 62 Basement Flat Regent's Park Road London Camden NW1 7SX
2026-10-01 11:11:54 INFO LEAD new: [Permitted] Camden/2025/2517/L — The Drill Hall 16 Chenies Street London WC1E 7EX
2026-10-01 11:11:54 INFO LEAD new: [Permitted] Camden/2025/2480/P — 60 Theobald's Road London WC1X 8SF
2026-10-01 11:11:54 INFO LEAD new: [Permitted] Camden/2025/2536/A — 39 Parkway London NW1 7PN
2026-10-01 11:11:54 INFO LEAD new: [Permitted] Camden/2025/2525/P — 39 Parkway London NW1 7PN
2026-10-01 11:12:01 INFO [camden/Permitted] page at offset 4200: 100 records
2026-10-01 11:12:01 INFO LEAD new: [Permitted] Camden/2025/2601/A — Tattu The Now Building Rooftop St Giles Square Denmark Stree
2026-10-01 11:12:01 INFO LEAD new: [Permitted] Camden/2025/2605/P — 61 Redington Road London NW3 7RP
2026-10-01 11:12:01 INFO LEAD new: [Permitted] Camden/2025/2611/P — 5 Edis Street London NW1 8LG
2026-10-01 11:12:01 INFO LEAD new: [Permitted] Camden/25-00155-HAPP — 4 Fitzroy Close London N6 6JT
2026-10-01 11:12:01 INFO LEAD new: [Permitted] Camden/2025/2591/P — Powis House Macklin Street London WC2B 5NB
2026-10-01 11:12:01 INFO LEAD new: [Permitted] Camden/2025/2407/P — 22 Winscombe Street London N19 5DG
2026-10-01 11:12:01 INFO LEAD new: [Permitted] Camden/2025/2399/L — 22 Winscombe Street London N19 5DG
2026-10-01 11:12:01 INFO LEAD new: [Permitted] Camden/2025/2594/P — 8 A Hampstead Hill Gardens London NW3 2PL
2026-10-01 11:12:01 INFO LEAD new: [Permitted] Camden/2025/2590/P — 104 Belsize Lane London NW3 5BB
2026-10-01 11:12:01 INFO LEAD new: [Permitted] Camden/2025/2586/P — St Pancras Bridge 2-6 St Pancras Way London NW1 0PB
2026-10-01 11:12:01 INFO LEAD new: [Permitted] Camden/2025/2593/P — 55 Tottenham Court Road and 16 - 24 Whitfield Street London 
2026-10-01 11:12:01 INFO LEAD new: [Permitted] Camden/2025/1316/P — 173 Weedington Road London NW5 4PQ
2026-10-01 11:12:01 INFO LEAD new: [Permitted] Camden/2025/2494/P — 21 St Mark's Crescent London NW1 7TU
2026-10-01 11:12:01 INFO LEAD new: [Permitted] Camden/2025/2476/P — 82 Euston Street London Camden NW1 2HA
2026-10-01 11:12:01 INFO LEAD new: [Permitted] Camden/2025/2452/P — 38 Great James Street London WC1N 3HB
2026-10-01 11:12:01 INFO LEAD new: [Permitted] Camden/2025/2555/P — 53-79 Highgate Studios Highgate Road London NW5 1TL
2026-10-01 11:12:01 INFO LEAD new: [Permitted] Camden/2025/2563/P — 47 Shirlock Road London NW3 2HR
2026-10-01 11:12:01 INFO LEAD new: [Permitted] Camden/2025/2562/A — Holiday Inn Bloomsbury Coram Street London Camden WC1N 1HT
2026-10-01 11:12:01 INFO LEAD new: [Permitted] Camden/2025/2094/L — 19 Bedford Square London WC1B 3HH
2026-10-01 11:12:01 INFO LEAD new: [Permitted] Camden/2025/2550/L — 40 Well Walk London NW3 1BX
2026-10-01 11:12:01 INFO LEAD new: [Permitted] Camden/2025/2559/L — McGlynn's Free House 1-5 Whidborne Street Camden London WC1H
2026-10-01 11:12:01 INFO LEAD new: [Permitted] Camden/2025/2351/P — Flat A 71 Fitzjohn's Avenue London NW3 6PD
2026-10-01 11:12:01 INFO LEAD new: [Permitted] Camden/2025/2502/L — 38 Great James Street London Camden WC1N 3HB
2026-10-01 11:12:01 INFO LEAD new: [Permitted] Camden/2025/2561/P — 23 Hornby Close London NW3 3JL
2026-10-01 11:12:01 INFO LEAD new: [Permitted] Camden/2025/2531/P — 40 Bramshill Gardens London NW5 1JH
2026-10-01 11:12:01 INFO LEAD new: [Permitted] Camden/2025/2540/P — Mission Hall 7 Wakefield Street London Camden WC1N 1PG
2026-10-01 11:12:01 INFO LEAD new: [Permitted] Camden/2025/2541/L — Flat 1 5 Cambridge Gate London NW1 4JX
2026-10-01 11:12:01 INFO LEAD new: [Permitted] Camden/2025/2539/P — Ground Floor Flat 4 West Hampstead Mews London NW6 3BB
2026-10-01 11:12:01 INFO LEAD new: [Permitted] Camden/2025/2542/P — Flat 1 5 Cambridge Gate London NW1 4JX
2026-10-01 11:12:01 INFO LEAD new: [Permitted] Camden/2025/1081/P — 76 Tottenham Court Road London Camden W1T 2HG
2026-10-01 11:12:01 INFO LEAD new: [Permitted] Camden/25-00154-LDCP — 4 Conybeare London NW3 3SD
2026-10-01 11:12:01 INFO LEAD new: [Permitted] Camden/2025/2528/L — BMA House 13 Tavistock Square London WC1H 9JP
2026-10-01 11:12:01 INFO LEAD new: [Permitted] Camden/2025/2513/P — 160-161 Drury Lane & 4-6 Parker Street London WC2B 5PN
2026-10-01 11:12:01 INFO LEAD new: [Permitted] Camden/2025/2522/P — 49 Downshire Hill London NW3 1NX
2026-10-01 11:12:01 INFO LEAD new: [Permitted] Camden/2025/2501/P — 14 Greenaway Gardens London NW3 7DH
2026-10-01 11:12:01 INFO LEAD new: [Permitted] Camden/2025/2509/L — 14 Templewood Avenue London Camden NW3 7XA
2026-10-01 11:12:01 INFO LEAD new: [Permitted] Camden/2025/2519/P — Land on West Heath Road Hampstead Heath London NW3 7XD
2026-10-01 11:12:01 INFO LEAD new: [Permitted] Camden/2025/2507/P — 102 Haverstock Hill London NW3 2BD
2026-10-01 11:12:01 INFO LEAD new: [Permitted] Camden/2025/2518/L — 82 Hampstead High Street London NW3 1RE
2026-10-01 11:12:01 INFO LEAD new: [Permitted] Camden/2025/2520/P — Land at Platt's Corner West Heath Road London Hampstead Heat
2026-10-01 11:12:01 INFO LEAD new: [Permitted] Camden/2025/2516/P — 7 Mansfield Road London NW3 2JD
2026-10-01 11:12:01 INFO LEAD new: [Permitted] Camden/2025/2500/P — School of Hygiene and Tropical Medicine 1 Keppel Street Lond
2026-10-01 11:12:01 INFO LEAD new: [Permitted] Camden/2025/2506/P — Middlesex Hospital Annexe 44 Cleveland Street London W1T 4JT
2026-10-01 11:12:01 INFO LEAD new: [Permitted] Camden/2025/3109/L — 25 Chester Terrace London Camden NW1 4ND
2026-10-01 11:12:01 INFO LEAD new: [Permitted] Camden/2025/2492/L — 2 Willow Road London NW3 1TH
2026-10-01 11:12:01 INFO LEAD new: [Permitted] Camden/2025/2588/L — The British Library 96 Euston Road, London, NW1 2DB
2026-10-01 11:12:01 INFO LEAD new: [Permitted] Camden/2025/2340/P — Plouviez House 19-20 Hatton Place London EC1N 8RU
2026-10-01 11:12:01 INFO LEAD new: [Permitted] Camden/2025/2495/P — The British Library 96 Euston Road, London, NW1 2DB
2026-10-01 11:12:01 INFO LEAD new: [Permitted] Camden/2025/2491/P — 16 Swain's Lane London N6 6QS
2026-10-01 11:12:01 INFO LEAD new: [Permitted] Camden/2025/2487/A — 186-188 Shaftesbury Avenue London WC2H 8JB
2026-10-01 11:12:01 INFO LEAD new: [Permitted] Camden/2025/2474/P — 1 Regency Lawn Croftdown Road London NW5 1HF
2026-10-01 11:12:01 INFO LEAD new: [Permitted] Camden/2025/2471/P — 80B Camden Mews London NW1 9BX
2026-10-01 11:12:01 INFO LEAD new: [Permitted] Camden/2025/2460/P — 14 Bedford Row 12-13 and 14 Jockey's Fields London WC1R 4ED
2026-10-01 11:12:01 INFO LEAD new: [Permitted] Camden/2025/2470/P — 182 Finchley Road London NW3 6BP
2026-10-01 11:12:01 INFO LEAD new: [Permitted] Camden/2025/2453/P — Rotunda Studios Land to Rear of Barkat House 116-118 Finchle
2026-10-01 11:12:01 INFO LEAD new: [Permitted] Camden/2025/2456/P — 44 Downshire Hill London NW3 1NU
2026-10-01 11:12:01 INFO LEAD new: [Permitted] Camden/2025/2298/P — 2 Akenside Road London NW3 5BS
2026-10-01 11:12:01 INFO LEAD new: [Permitted] Camden/2025/2079/P — Highcroft 170 Highgate Road London NW5 1EJ
2026-10-01 11:12:01 INFO LEAD new: [Permitted] Camden/2025/2457/P — 14 Templewood Avenue London Camden NW3 7XA
2026-10-01 11:12:01 INFO LEAD new: [Permitted] Camden/2025/2475/P — 4 The Hexagon Fitzroy Park London N6 6HR
2026-10-01 11:12:01 INFO LEAD new: [Permitted] Camden/2025/2459/P — 3 Harben Parade Finchley Road London NW3 6JP
2026-10-01 11:12:01 INFO LEAD new: [Permitted] Camden/2025/2462/P — 50-51 Russell Square London WC1B 4JP
2026-10-01 11:12:01 INFO LEAD new: [Permitted] Camden/2025/2451/P — 164 Shaftesbury Avenue London WC2H 8HL
2026-10-01 11:12:01 INFO LEAD new: [Permitted] Camden/2025/2444/A — 197 Camden High Street London NW1 7BT
2026-10-01 11:12:01 INFO LEAD new: [Permitted] Camden/2025/2447/L — Cecil Sharp House 2 Regent's Park Road London NW1 7AY
2026-10-01 11:12:01 INFO LEAD new: [Permitted] Camden/2025/2439/P — 82 Fitzjohn's Avenue London NW3 6NP
2026-10-01 11:12:08 INFO [camden/Permitted] page at offset 4300: 100 records
2026-10-01 11:12:08 INFO LEAD new: [Permitted] Camden/2025/2404/P — Flat Ground Floor 39 Highgate West Hill London N6 6LS
2026-10-01 11:12:08 INFO LEAD new: [Permitted] Camden/2025/2206/P — Gospel Oak Primary School, Schoolkeepers Cottage Mansfield R
2026-10-01 11:12:08 INFO LEAD new: [Permitted] Camden/2025/2411/P — 7 Aldred Road London NW6 1AN
2026-10-01 11:12:08 INFO LEAD new: [Permitted] Camden/2025/2316/P — 43A Lancaster Grove London NW3 4HB
2026-10-01 11:12:08 INFO LEAD new: [Permitted] Camden/2025/2416/P — Garden Flat 26 Frognal Lane London NW3 7DT
2026-10-01 11:12:08 INFO LEAD new: [Permitted] Camden/2025/2397/P — Dudley Court 36 Endell Street London WC2H 9RF
2026-10-01 11:12:08 INFO LEAD new: [Permitted] Camden/2025/2419/P — Liverpool Street Station, Liverpool Street, EC2M 7PY; Andaz 
2026-10-01 11:12:08 INFO LEAD new: [Permitted] Camden/2025/2414/P — Abbey Estate 3 Abbey Road London NW6 4DX
2026-10-01 11:12:08 INFO LEAD new: [Permitted] Camden/2025/2408/P — 50 Willoughby Road London NW3 1RU
2026-10-01 11:12:08 INFO LEAD new: [Permitted] Camden/2025/2242/P — 20 Prince Albert Road London NW1 7ST
2026-10-01 11:12:08 INFO LEAD new: [Permitted] Camden/2025/2387/L — 20 Prince Albert Road London NW1 7ST
2026-10-01 11:12:08 INFO LEAD new: [Permitted] Camden/25-00150-HAPP — 15 Chalcot Square London NW1 8YA
2026-10-01 11:12:08 INFO LEAD new: [Permitted] Camden/25-00135-HAPP — Maisonette Lower Ground And Ground Floor Flat 32 North Villa
2026-10-01 11:12:08 INFO LEAD new: [Permitted] Camden/2025/1553/P — Flat A 16 Stratford Villas Camden London NW1 9SG
2026-10-01 11:12:08 INFO LEAD new: [Permitted] Camden/2025/2392/P — 43 Avenue Road London NW8 6BS
2026-10-01 11:12:08 INFO LEAD new: [Permitted] Camden/2025/2403/P — 49 Lancaster Grove London NW3 4HB
2026-10-01 11:12:08 INFO LEAD new: [Permitted] Camden/2025/2394/P — Eldon Court Eldon Grove London NW3 5PU
2026-10-01 11:12:08 INFO LEAD new: [Permitted] Camden/2025/2390/P — Land At 152 Royal College Street London NW1 0TA
2026-10-01 11:12:08 INFO LEAD new: [Permitted] Camden/2025/2389/P — Land At 152 Royal College Street London NW1 0TA
2026-10-01 11:12:08 INFO LEAD new: [Permitted] Camden/2025/1939/P — Flat C 62-64 West End Lane London Camden NW6 2NE
2026-10-01 11:12:08 INFO LEAD new: [Permitted] Camden/2025/2385/L — 15-16 Bedford Square London WC1B 3JA
2026-10-01 11:12:08 INFO LEAD new: [Permitted] Camden/2025/2386/L — 15 Chalcot Square London NW1 8YA
2026-10-01 11:12:08 INFO LEAD new: [Permitted] Camden/2025/2388/P — Land At 152 Royal College Street London NW1 0TA
2026-10-01 11:12:08 INFO LEAD new: [Permitted] Camden/2025/2381/P — Mulberry House 12 A Church Row London NW3 6UU
2026-10-01 11:12:08 INFO LEAD new: [Permitted] Camden/2025/2358/P — Flat 1 102 Chetwynd Road London NW5 1DH
2026-10-01 11:12:08 INFO LEAD new: [Permitted] Camden/2025/2378/P — 3 Frognal Lane London NW3 7DY
2026-10-01 11:12:08 INFO LEAD new: [Permitted] Camden/2025/2367/P — 12B Keats Grove London NW3 2RN
2026-10-01 11:12:08 INFO LEAD new: [Permitted] Camden/2025/2380/P — 27 Islip Street London Camden NW5 2DJ
2026-10-01 11:12:08 INFO LEAD new: [Permitted] Camden/2025/2372/L — 15 Chalcot Square London NW1 8YA
2026-10-01 11:12:08 INFO LEAD new: [Permitted] Camden/2025/2011/P — 2 Wellmount Studio Well Road London NW3 1LL
2026-10-01 11:12:08 INFO LEAD new: [Permitted] Camden/2025/2379/L — 27 Great Queen Street London WC2B 5BB
2026-10-01 11:12:08 INFO LEAD new: [Permitted] Camden/2025/2335/L — Flat 4A King Edward Mansions 8 Grape Street London WC2H 8DY
2026-10-01 11:12:08 INFO LEAD new: [Permitted] Camden/2025/2318/L — Town Hall Judd Street London WC1H 9JE
2026-10-01 11:12:08 INFO LEAD new: [Permitted] Camden/2025/2284/P — Flat 12 50 Britannia Street London WC1X 9JH
2026-10-01 11:12:08 INFO LEAD new: [Permitted] Camden/2025/2355/P — 126 Albert Street London NW1 7NE
2026-10-01 11:12:09 INFO LEAD new: [Permitted] Camden/2025/2347/P — 126 Albert Street London NW1 7NE
2026-10-01 11:12:09 INFO LEAD new: [Permitted] Camden/2025/2346/P — 126 Albert Street London Camden NW1 7NE
2026-10-01 11:12:09 INFO LEAD new: [Permitted] Camden/2025/2345/P — 126 Albert Street London NW1 7NE
2026-10-01 11:12:09 INFO LEAD new: [Permitted] Camden/2025/2342/P — 126 Albert Street London Camden NW1 7NE
2026-10-01 11:12:09 INFO LEAD new: [Permitted] Camden/2025/2322/P — 100 and 100a Chalk Farm Road London NW1 8EH
2026-10-01 11:12:09 INFO LEAD new: [Permitted] Camden/2025/2321/P — 100 and 100A Chalk Farm Road London NW1 8EH
2026-10-01 11:12:09 INFO LEAD new: [Permitted] Camden/2025/2317/P — 8 Mutrix Road London NW6 4QG
2026-10-01 11:12:09 INFO LEAD new: [Permitted] Camden/2025/2344/P — Greater London House Hampstead Road London NW1 7QX
2026-10-01 11:12:09 INFO LEAD new: [Permitted] Camden/2025/2258/P — 50 Lamb's Conduit Street London WC1N 3LH
2026-10-01 11:12:09 INFO LEAD new: [Permitted] Camden/2025/2127/P — Vernon House, 23 Sicilian Avenue and and 31 Southampton Row 
2026-10-01 11:12:09 INFO LEAD new: [Permitted] Camden/2025/2309/P — Action for Children 3 Cubitt Street London WC1X 0LJ
2026-10-01 11:12:09 INFO LEAD new: [Permitted] Camden/2025/2304/P — 12 Stephen Mews London W1T 1AH
2026-10-01 11:12:09 INFO LEAD new: [Permitted] Camden/2025/2307/P — 1 Hampshire Street London NW5 2TE
2026-10-01 11:12:09 INFO LEAD new: [Permitted] Camden/2025/2082/P — 1-3 Alexander House Netherwood Street London NW6 2QS
2026-10-01 11:12:09 INFO LEAD new: [Permitted] Camden/2025/2301/P — 72 Lawn Road London NW3 2XB
2026-10-01 11:12:09 INFO LEAD new: [Permitted] Camden/2025/2282/P — 27 Belsize Road London NW6 4RX
2026-10-01 11:12:09 INFO LEAD new: [Permitted] Camden/2025/2200/L — Vernon House, 23 Sicilian Avenue and and 31 Southampton Row 
2026-10-01 11:12:09 INFO LEAD new: [Permitted] Camden/2025/2281/P — 27 Belsize Road London NW6 4RX
2026-10-01 11:12:09 INFO LEAD new: [Permitted] Camden/2025/2299/P — 2 Rona Road London NW3 2JA
2026-10-01 11:12:09 INFO LEAD new: [Permitted] Camden/25-00145-LDCP — 43, Hadley Street London NW1 8TA
2026-10-01 11:12:09 INFO LEAD new: [Permitted] Camden/2025/2296/A — 2 Pancras Square London N1C 4AG
2026-10-01 11:12:09 INFO LEAD new: [Permitted] Camden/2025/1025/P — Linear Land North of Freight Lane Freight Lane London
2026-10-01 11:12:09 INFO LEAD new: [Permitted] Camden/2025/2293/P — UCL South Wing Building Gower Street London WC1E 6BT
2026-10-01 11:12:09 INFO LEAD new: [Permitted] Camden/2025/2294/P — UCL DMS Watson Building Malet Place London WC1E 6BT
2026-10-01 11:12:09 INFO LEAD new: [Permitted] Camden/2025/1870/P — Flat 1, 47 Fitzroy Street London W1T 6LA
2026-10-01 11:12:09 INFO LEAD new: [Permitted] Camden/2025/1905/P — 67 Fleet Road London NW3 2QU
2026-10-01 11:12:09 INFO LEAD new: [Permitted] Camden/2025/1053/L — Da Mario Restaurant Ground and Basement Floor 63 Endell Stre
2026-10-01 11:12:09 INFO LEAD new: [Permitted] Camden/2025/2377/L — UCL South Wing Building Gower Street London WC1E 6BT
2026-10-01 11:12:15 INFO [camden/Permitted] page at offset 4400: 100 records
2026-10-01 11:12:15 INFO LEAD new: [Permitted] Camden/2025/2292/P — 248-250 Camden Road Hostel Camden Road London Camden NW1 9HE
2026-10-01 11:12:15 INFO LEAD new: [Permitted] Camden/2025/2283/P — 27 Belsize Road London NW6 4RX
2026-10-01 11:12:15 INFO LEAD new: [Permitted] Camden/2025/2178/P — NCP Car Park Drury Lane London WC2B 5PW
2026-10-01 11:12:15 INFO LEAD new: [Permitted] Camden/2025/2031/L — 46 Hampstead High Street London NW3 1QG
2026-10-01 11:12:15 INFO LEAD new: [Permitted] Camden/2025/2273/P — 27 Goodge Street London W1T 2LD
2026-10-01 11:12:15 INFO LEAD new: [Permitted] Camden/2025/2145/L — 5 Jeffrey's Street London NW1 9PS
2026-10-01 11:12:15 INFO LEAD new: [Permitted] Camden/2025/2268/L — 83 Endell Street London WC2H 9DN
2026-10-01 11:12:15 INFO LEAD new: [Permitted] Camden/2025/2272/P — 85-87 Fordwych Road London NW2 3TL
2026-10-01 11:12:15 INFO LEAD new: [Permitted] Camden/2025/2277/P — Holborn Tower 137-144 High Holborn London WC1A 2BA
2026-10-01 11:12:15 INFO LEAD new: [Permitted] Camden/2025/2269/P — 45 Elsworthy Road London NW3 3BS
2026-10-01 11:12:15 INFO LEAD new: [Permitted] Camden/2025/2256/P — Alpha House Regis Road London Camden NW5 3EW
2026-10-01 11:12:15 INFO LEAD new: [Permitted] Camden/2025/2221/P — 33 Charterhouse Street London EC1M 6HA
2026-10-01 11:12:15 INFO LEAD new: [Permitted] Camden/2025/2109/L — 21-23 Bedford Place London WC1B 5JJ
2026-10-01 11:12:15 INFO LEAD new: [Permitted] Camden/2025/2248/P — 16 Swain's Lane London N6 6QS
2026-10-01 11:12:15 INFO LEAD new: [Permitted] Camden/2025/2251/P — 60 Avenue Close Avenue Road London NW8 6DA
2026-10-01 11:12:15 INFO LEAD new: [Permitted] Camden/2025/2250/P — 47 HEATH STREET, LONDON, NW3 6UA
2026-10-01 11:12:15 INFO LEAD new: [Permitted] Camden/2025/2232/P — Chester Road Hostel 2 Chester Road London N19 5BP
2026-10-01 11:12:15 INFO LEAD new: [Permitted] Camden/2025/2241/L — 25 Chester Terrace London NW1 4ND
2026-10-01 11:12:15 INFO LEAD new: [Permitted] Camden/2025/2080/P — Flat B 71 Kentish Town Road London NW1 8NY
2026-10-01 11:12:15 INFO LEAD new: [Permitted] Camden/2025/2229/P — 30 Denning Road London NW3 1SU
2026-10-01 11:12:15 INFO LEAD new: [Permitted] Camden/2025/2072/P — 31 Inverness Street London NW1 7HB
2026-10-01 11:12:15 INFO LEAD new: [Permitted] Camden/2025/2233/P — 369-377 Kentish Town Road London NW5 2TJ
2026-10-01 11:12:15 INFO LEAD new: [Permitted] Camden/2025/2121/L — 19 Bedford Square London WC1B 3HH
2026-10-01 11:12:16 INFO LEAD new: [Permitted] Camden/2025/2230/P — 35 Gray's Inn Road London WC1X 8PG
2026-10-01 11:12:16 INFO LEAD new: [Permitted] Camden/2025/2227/P — 34 Belsize Lane London NW3 5AE
2026-10-01 11:12:16 INFO LEAD new: [Permitted] Camden/2025/2225/P — 15 Chalcot Square London NW1 8YA
2026-10-01 11:12:16 INFO LEAD new: [Permitted] Camden/2025/2148/P — 10 Regent's Park Terrace London NW1 7EE
2026-10-01 11:12:16 INFO LEAD new: [Permitted] Camden/2025/1991/P — Flat Ground Floor 32 Shirlock Road London NW3 2HS
2026-10-01 11:12:16 INFO LEAD new: [Permitted] Camden/2025/2216/HS2 — 119-121 (odd) Parkway London NW1 7PS
2026-10-01 11:12:16 INFO LEAD new: [Permitted] Camden/2025/2215/HS2 — 123 Parkway London NW1 7PS
2026-10-01 11:12:16 INFO LEAD new: [Permitted] Camden/2025/2222/P — Flat A 56 Loveridge Road London NW6 2DT
2026-10-01 11:12:16 INFO LEAD new: [Permitted] Camden/2025/2220/A — The Fitzrovia, Unit 5 237-247 Tottenham Court Road London W1
2026-10-01 11:12:16 INFO LEAD new: [Permitted] Camden/2025/2210/P — 100 and 100a Chalk Farm Road London NW1 8EH
2026-10-01 11:12:16 INFO LEAD new: [Permitted] Camden/2025/2201/L — 10 Regent's Park Terrace London NW1 7EE
2026-10-01 11:12:16 INFO LEAD new: [Permitted] Camden/2025/2214/A — 15-17 Earlham Street London WC2H 9LL
2026-10-01 11:12:16 INFO LEAD new: [Permitted] Camden/2025/1811/P — Parliament Hill School Highgate Road London NW5 1RL
2026-10-01 11:12:16 INFO LEAD new: [Permitted] Camden/2025/1778/P — 7 Dartmouth Park Road London NW5 1SU
2026-10-01 11:12:16 INFO LEAD new: [Permitted] Camden/2025/2102/A — Holiday Inn Bloomsbury Coram Street London Camden WC1N 1HT
2026-10-01 11:12:16 INFO LEAD new: [Permitted] Camden/2025/1988/P — 18 Ivor Street London Camden NW1 9PJ
2026-10-01 11:12:16 INFO LEAD new: [Permitted] Camden/2025/2188/A — University Of London Birkbeck College Malet Street London WC
2026-10-01 11:12:16 INFO LEAD new: [Permitted] Camden/2025/2194/P — 51 Greencroft Gardens London NW6 3LL
2026-10-01 11:12:16 INFO LEAD new: [Permitted] Camden/2025/2190/L — 11 Cannon Lane London NW3 1EL
2026-10-01 11:12:16 INFO LEAD new: [Permitted] Camden/2025/2199/P — Queens House 180-182 Tottenham Court Road London W1T 7PD
2026-10-01 11:12:16 INFO LEAD new: [Permitted] Camden/2025/0544/P — Flat Basement And Ground Floor 41 Hollycroft Avenue London N
2026-10-01 11:12:16 INFO LEAD new: [Permitted] Camden/2025/2175/L — Space House 1 Kemble Street London WC2B 4AN
2026-10-01 11:12:16 INFO LEAD new: [Permitted] Camden/2025/2169/P — 48 A Wicklow Street London WC1X 9LJ
2026-10-01 11:12:16 INFO LEAD new: [Permitted] Camden/2025/2161/P — Flat 4 40 Canfield Gardens London NW6 3EB
2026-10-01 11:12:16 INFO LEAD new: [Permitted] Camden/2025/2162/P — 65 Hillfield Road London NW6 1QB
2026-10-01 11:12:16 INFO LEAD new: [Permitted] Camden/2025/2101/P — 25 St Alban's Road London Camden NW5 1RG
2026-10-01 11:12:16 INFO LEAD new: [Permitted] Camden/2025/2180/P — Flat 1-2 36 Elsworthy Road London Camden NW3 3DL
2026-10-01 11:12:16 INFO LEAD new: [Permitted] Camden/2025/2181/P — Various sites on Chalton Street and Phoenix Road London NW1 
2026-10-01 11:12:16 INFO LEAD new: [Permitted] Camden/2025/2152/P — Maple House 149 Tottenham Court Road London W1T 7NF
2026-10-01 11:12:16 INFO LEAD new: [Permitted] Camden/2025/2159/A — 181 Drury Lane London WC2B 5QF
2026-10-01 11:12:16 INFO LEAD new: [Permitted] Camden/2025/2223/A — 5 Hampstead High Street London NW3 1PR
2026-10-01 11:12:16 INFO LEAD new: [Permitted] Camden/2025/2158/L — 3 Holly Mount London NW3 6SG
2026-10-01 11:12:16 INFO LEAD new: [Permitted] Camden/2025/1917/L — 18 Eton Villas London NW3 4SG
2026-10-01 11:12:22 INFO [camden/Permitted] page at offset 4500: 100 records
2026-10-01 11:12:22 INFO LEAD new: [Permitted] Camden/2025/2165/L — Working Mens College 44-46 Crowndale Road London NW1 1TR
2026-10-01 11:12:22 INFO LEAD new: [Permitted] Camden/2025/2153/P — Working Mens College 44-46 Crowndale Road London NW1 1TR
2026-10-01 11:12:23 INFO LEAD new: [Permitted] Camden/2025/2155/P — Bloomsbury Theatre 15 Gordon Street London WC1H 0AH
2026-10-01 11:12:23 INFO LEAD new: [Permitted] Camden/2025/2149/A — Sourdough Sophia 14 Perrin's Court London NW3 1QS
2026-10-01 11:12:23 INFO LEAD new: [Permitted] Camden/2025/1467/P — 144 Fortess Road London NW5 2HP
2026-10-01 11:12:23 INFO LEAD new: [Permitted] Camden/2025/2135/P — Flat A, 3 Somali Road London NW2 3RN
2026-10-01 11:12:23 INFO LEAD new: [Permitted] Camden/2025/2133/L — 100 Chalk Farm Road London NW1 8EH
2026-10-01 11:12:23 INFO LEAD new: [Permitted] Camden/2025/2032/A — 81 Charlotte Street London Camden W1T 4PP
2026-10-01 11:12:23 INFO LEAD new: [Permitted] Camden/2025/2141/P — 100 and 100A Chalk Farm Road London NW1 8EH
2026-10-01 11:12:23 INFO LEAD new: [Permitted] Camden/2025/2137/P — Burghley Yard 106 Burghley Road London NW5 1AL
2026-10-01 11:12:23 INFO LEAD new: [Permitted] Camden/2025/2139/A — 49 Willow Road London NW3 1TS
2026-10-01 11:12:23 INFO LEAD new: [Permitted] Camden/2025/2123/P — 3 Holly Mount London NW3 6SG
2026-10-01 11:12:23 INFO LEAD new: [Permitted] Camden/2025/2124/P — 6 Thurlow Road London NW3 5PJ
2026-10-01 11:12:23 INFO LEAD new: [Permitted] Camden/2025/2129/P — Flat 2, 1st Floor 15 Greenaway Gardens London Camden NW3 7DH
2026-10-01 11:12:23 INFO LEAD new: [Permitted] Camden/2025/2038/P — 39 Gayton Road London NW3 1TU
2026-10-01 11:12:23 INFO LEAD new: [Permitted] Camden/2025/2112/P — 121 Iverson Road London NW6 2RA
2026-10-01 11:12:23 INFO LEAD new: [Permitted] Camden/2025/1668/P — 24-28 Bloomsbury Way London WC1A 2SN
2026-10-01 11:12:23 INFO LEAD new: [Permitted] Camden/2025/2097/L — The Interchange Building Oval Road London NW1 7DE
2026-10-01 11:12:23 INFO LEAD new: [Permitted] Camden/2025/2103/P — St Pancras Hospital, Moorfields Eye Hospital 4 St Pancras Wa
2026-10-01 11:12:23 INFO LEAD new: [Permitted] Camden/2025/2015/P — 47 Prince Of Wales Road London Camden NW5 3LJ
2026-10-01 11:12:23 INFO LEAD new: [Permitted] Camden/2025/2084/L — Eastern Horse Tunnel Stables Market Chalk Farm Road NW1 8AH
2026-10-01 11:12:23 INFO LEAD new: [Permitted] Camden/2025/2087/A — 171 Gray's Inn Road London WC1X 8UE
2026-10-01 11:12:23 INFO LEAD new: [Permitted] Camden/2025/2092/L — La Sainte Union Convent School Highgate Road London NW5 1RP
2026-10-01 11:12:23 INFO LEAD new: [Permitted] Camden/2025/2089/P — Flat 1 58 Aberdare Gardens London NW6 3QD
2026-10-01 11:12:23 INFO LEAD new: [Permitted] Camden/2025/2096/HS2 — Camden Incline Winding House Gloucester Avenue London NW1 8J
2026-10-01 11:12:23 INFO LEAD new: [Permitted] Camden/2025/1914/P — 8 Brownlow Mews London WC1N 2LD
2026-10-01 11:12:23 INFO LEAD new: [Permitted] Camden/2025/1731/P — Eastman Dental Hospital 256 Gray's Inn Road London WC1X 8LD
2026-10-01 11:12:23 INFO LEAD new: [Permitted] Camden/2025/1969/P — 27 Fitzroy Road London NW1 8TP
2026-10-01 11:12:23 INFO LEAD new: [Permitted] Camden/2025/2066/P — 45 Courthope Road Hampstead Heath London NW3 2LE
2026-10-01 11:12:23 INFO LEAD new: [Permitted] Camden/2025/2059/P — 59 Burghley Road London Camden NW5 1UH
2026-10-01 11:12:23 INFO LEAD new: [Permitted] Camden/2025/2078/L — The Rotunda 42-43 Gloucester Crescent London NW1 7PE
2026-10-01 11:12:23 INFO LEAD new: [Permitted] Camden/2025/1868/P — 11 Grange Gardens London NW3 7XG
2026-10-01 11:12:23 INFO LEAD new: [Permitted] Camden/2025/2081/P — Bracton House 35 High Holborn London WC1V 6AE
2026-10-01 11:12:23 INFO LEAD new: [Permitted] Camden/2025/2071/A — 27 Neal Street London Camden WC2H 9PR
2026-10-01 11:12:23 INFO LEAD new: [Permitted] Camden/2025/2077/P — University Of London Union Building Malet Street London WC1E
2026-10-01 11:12:23 INFO LEAD new: [Permitted] Camden/2025/2067/L — Town Hall Judd Street London WC1H 9JE
2026-10-01 11:12:23 INFO LEAD new: [Permitted] Camden/2025/1681/P — 8 Oval Road London NW1 7EB
2026-10-01 11:12:23 INFO LEAD new: [Permitted] Camden/2025/2040/L — 8 Oval Road London NW1 7EB
2026-10-01 11:12:23 INFO LEAD new: [Permitted] Camden/2025/2035/P — 84 Fitzjohn's Avenue London NW3 6NP
2026-10-01 11:12:23 INFO LEAD new: [Permitted] Camden/2025/1890/P — 33 Aberdare Gardens London NW6 3AJ
2026-10-01 11:12:23 INFO LEAD new: [Permitted] Camden/2025/2051/P — 7 Frognal Gardens London NW3 6UY
2026-10-01 11:12:23 INFO LEAD new: [Permitted] Camden/2025/2050/P — Model Boating Pond Hampstead Heath London N6 6HT
2026-10-01 11:12:23 INFO LEAD new: [Permitted] Camden/25-00148-HAPP — 16 Bartholomew Villas London NW5 2LL
2026-10-01 11:12:23 INFO LEAD new: [Permitted] Camden/25-00133-LDCE — 12 and 14 Cromwell House, Fulwood Place London EC1V 6HZ
2026-10-01 11:12:23 INFO LEAD new: [Permitted] Camden/2025/2054/P — Camden Goods Yard Chalk Farm Road London NW1 8EH
2026-10-01 11:12:23 INFO LEAD new: [Permitted] Camden/2025/2046/L — 27 Neal Street London WC2H 9PR
2026-10-01 11:12:23 INFO LEAD new: [Permitted] Camden/2025/2044/L — 11 Doughty Street London WC1N 2PL
2026-10-01 11:12:23 INFO LEAD new: [Permitted] Camden/2025/1994/P — Lower Ground Floor Flat 15 Carlingford Road London NW3 1RY
2026-10-01 11:12:23 INFO LEAD new: [Permitted] Camden/2024/5272/A — 66 Cleveland Street London W1T 6LU
2026-10-01 11:12:23 INFO LEAD new: [Permitted] Camden/2025/1402/P — 109 Canfield Gardens London NW6 3DY
2026-10-01 11:12:23 INFO LEAD new: [Permitted] Camden/2024/4958/P — 66 Cleveland Street London W1T 6LU
2026-10-01 11:12:23 INFO LEAD new: [Permitted] Camden/2025/2033/L — Vernon House 23 Sicilian Avenue London WC1A 2QS
2026-10-01 11:12:23 INFO LEAD new: [Permitted] Camden/2025/2034/P — 15 York Way London N7 9QG
2026-10-01 11:12:23 INFO LEAD new: [Permitted] Camden/2025/2013/P — 41-43 Belsize Avenue London Camden NW3 4BN
2026-10-01 11:12:23 INFO LEAD new: [Permitted] Camden/2025/2016/L — Flat C 69 Albany Street London NW1 4BT
2026-10-01 11:12:23 INFO LEAD new: [Permitted] Camden/2025/1800/P — 35 Flat B Woodsome Road London Camden NW5 1SA
2026-10-01 11:12:23 INFO LEAD new: [Permitted] Camden/2025/2023/P — Site at Hawley Wharf Land bounded by Chalk Farm Road, Castle
2026-10-01 11:12:23 INFO LEAD new: [Permitted] Camden/2025/1305/P — Ground Floor Flat 18 Aberdare Gardens London NW6 3PY
2026-10-01 11:12:23 INFO LEAD new: [Permitted] Camden/2025/1990/P — 258-274 Gray's Inn Road London Camden WC1X 8LH
2026-10-01 11:12:23 INFO LEAD new: [Permitted] Camden/2025/1904/P — Flat Ground Floor 27 Nassington Road London NW3 2TX
2026-10-01 11:12:23 INFO LEAD new: [Permitted] Camden/2025/2009/L — 21-23 Bedford Place London WC1B 5JJ
2026-10-01 11:12:23 INFO LEAD new: [Permitted] Camden/2025/2008/P — Flat 3 26 Belsize Lane London NW3 5AB
2026-10-01 11:12:23 INFO LEAD new: [Permitted] Camden/2025/2003/P — 105 Messina Avenue London NW6 4LG
2026-10-01 11:12:23 INFO LEAD new: [Permitted] Camden/2025/1707/A — 36 Charlotte Street London W1T 2NJ
2026-10-01 11:12:23 INFO LEAD new: [Permitted] Camden/2025/1697/P — 36 Charlotte Street London W1T 2NJ
2026-10-01 11:12:23 INFO LEAD new: [Permitted] Camden/2025/2004/L — Mansion Bloomsbury House 101-105 Gower Street London WC1E 6A
2026-10-01 11:12:30 INFO [camden/Permitted] page at offset 4600: 100 records
2026-10-01 11:12:30 INFO LEAD new: [Permitted] Camden/2025/1783/L — Ambassadors Theatre West Street London WC2H 9ND
2026-10-01 11:12:30 INFO LEAD new: [Permitted] Camden/2025/1623/P — Flat A 79 Goldhurst Terrace London NW6 3HA
2026-10-01 11:12:30 INFO LEAD new: [Permitted] Camden/2025/1910/P — West Hampstead Library Dennington Park Road London NW6 1AU
2026-10-01 11:12:30 INFO LEAD new: [Permitted] Camden/2025/1989/P — 47 Shirlock Road London NW3 2HR
2026-10-01 11:12:30 INFO LEAD new: [Permitted] Camden/2025/1987/P — 7 Redington Gardens London NW3 7RU
2026-10-01 11:12:30 INFO LEAD new: [Permitted] Camden/2025/1814/A — 58 Kingsway London WC2B 6DX
2026-10-01 11:12:30 INFO LEAD new: [Permitted] Camden/2025/1466/P — Ambassadors Theatre West Street London WC2H 9ND
2026-10-01 11:12:30 INFO LEAD new: [Permitted] Camden/2025/1973/P — 138 Bayham Street London NW1 0BA
2026-10-01 11:12:30 INFO LEAD new: [Permitted] Camden/2025/1949/P — 14 Bedford Row & 12 - 13 and 14 Jockey's Fields London WC1R 
2026-10-01 11:12:30 INFO LEAD new: [Permitted] Camden/2025/1956/P — Flat A 16 Kingsgate Road London NW6 4TB
2026-10-01 11:12:30 INFO LEAD new: [Permitted] Camden/2025/1944/L — 19 Bedford Square London WC1B 3HH
2026-10-01 11:12:30 INFO LEAD new: [Permitted] Camden/2025/1964/P — Flat A, 73 Redington Road Camden London NW3 7RP
2026-10-01 11:12:30 INFO LEAD new: [Permitted] Camden/2025/1948/P — Flat 1, 4 Sherriff Road London NW6 2AP
2026-10-01 11:12:30 INFO LEAD new: [Permitted] Camden/2025/1959/A — College Building & Senate House 10 Thornhaugh Street WC1H 0X
2026-10-01 11:12:30 INFO LEAD new: [Permitted] Camden/2025/1950/P — 14 Bedford Row & 12 - 13 and 14 Jockey's Fields London WC1R 
2026-10-01 11:12:30 INFO LEAD new: [Permitted] Camden/2025/1960/P — Hogarth House 6 & 6A North End London NW3 7HL
2026-10-01 11:12:30 INFO LEAD new: [Permitted] Camden/2025/1961/P — Bracton House 35 High Holborn London WC1V 6AE
2026-10-01 11:12:30 INFO LEAD new: [Permitted] Camden/2025/1954/P — Footway adjacent to 155 High Holborn London WC1V 7BN
2026-10-01 11:12:30 INFO LEAD new: [Permitted] Camden/2025/1936/L — 5 Leverton Street London NW5 2PH
2026-10-01 11:12:30 INFO LEAD new: [Permitted] Camden/2025/1931/L — 14 Templewood Avenue London NW3 7XA
2026-10-01 11:12:30 INFO LEAD new: [Permitted] Camden/2025/1878/L — 21 Leverton Street London NW5 2PH
2026-10-01 11:12:30 INFO LEAD new: [Permitted] Camden/2025/1920/P — Flat B 26 Southampton Road London NW5 4JR
2026-10-01 11:12:30 INFO LEAD new: [Permitted] Camden/2025/1941/A — Development Site At Former 152 To 156 Kentish Town Road Lond
2026-10-01 11:12:30 INFO LEAD new: [Permitted] Camden/2025/1916/L — Derby Lodge Britannia Street London WC1X 9BP
2026-10-01 11:12:30 INFO LEAD new: [Permitted] Camden/2025/1044/P — Flat A 16 Gordon House Road London NW5 1LN
2026-10-01 11:12:30 INFO LEAD new: [Permitted] Camden/2025/1011/P — 40 Arkwright Road London NW3 6BH
2026-10-01 11:12:30 INFO LEAD new: [Permitted] Camden/25-00131-HAPP — 5 Talacre Road London NW5 3PH
2026-10-01 11:12:30 INFO LEAD new: [Permitted] Camden/2025/1897/P — 75 Hillway London N6 6AB
2026-10-01 11:12:30 INFO LEAD new: [Permitted] Camden/2025/1915/P — 41 Croftdown Road London NW5 1EL
2026-10-01 11:12:30 INFO LEAD new: [Permitted] Camden/2025/1895/P — Imperial Hotel 61-66 Russell Square London WC1B 5BB
2026-10-01 11:12:30 INFO LEAD new: [Permitted] Camden/2025/1894/P — Imperial Hotel 61-66 Russell Square London WC1B 5BB
2026-10-01 11:12:30 INFO LEAD new: [Permitted] Camden/2025/1903/P — 1 Raglan Street London NW5 3DB
2026-10-01 11:12:30 INFO LEAD new: [Permitted] Camden/2025/1909/L — College Building & Senate House 10 Thornhaugh Street WC1H 0X
2026-10-01 11:12:30 INFO LEAD new: [Permitted] Camden/2025/1913/A — 6 Bucknall Street London WC2H 8LA
2026-10-01 11:12:30 INFO LEAD new: [Permitted] Camden/2025/1899/P — 130 Fenchurch Street London EC3M 5DJ
2026-10-01 11:12:30 INFO LEAD new: [Permitted] Camden/2025/0887/P — 8 Akenside Road London Camden NW3 5RA
2026-10-01 11:12:30 INFO LEAD new: [Permitted] Camden/2025/1884/P — 75 Broomsleigh Street London Camden NW6 1QQ
2026-10-01 11:12:30 INFO LEAD new: [Permitted] Camden/2025/1881/P — 24 King Henry's Road London Camden NW3 3RP
2026-10-01 11:12:30 INFO LEAD new: [Permitted] Camden/2025/1880/A — Development Site At Former Belgrove House Belgrove Street Lo
2026-10-01 11:12:30 INFO LEAD new: [Permitted] Camden/2025/1852/L — 14 Templewood Avenue London NW3 7XA
2026-10-01 11:12:30 INFO LEAD new: [Permitted] Camden/2025/1875/P — 32 Camden Square London NW1 9XA
2026-10-01 11:12:30 INFO LEAD new: [Permitted] Camden/2025/1882/A — Napier House 24 High Holborn London WC1V 6AZ
2026-10-01 11:12:30 INFO LEAD new: [Permitted] Camden/2025/1876/P — 18 Parker Street London Camden WC2B 5PH
2026-10-01 11:12:30 INFO LEAD new: [Permitted] Camden/2025/1867/P — 5 Leverton Street London NW5 2PH
2026-10-01 11:12:30 INFO LEAD new: [Permitted] Camden/2025/1887/P — 36-37 Great Russell Street London WC1B 3PP
2026-10-01 11:12:30 INFO LEAD new: [Permitted] Camden/2025/1835/P — 21 Leverton Street London NW5 2PH
2026-10-01 11:12:30 INFO LEAD new: [Permitted] Camden/2025/1601/P — Top Flat 1 Rona Road London NW3 2HY
2026-10-01 11:12:30 INFO LEAD new: [Permitted] Camden/2025/1888/L — 161 Arlington Road London NW1 7ET
2026-10-01 11:12:30 INFO LEAD new: [Permitted] Camden/2025/1869/P — 161 Arlington Road London NW1 7ET
2026-10-01 11:12:30 INFO LEAD new: [Permitted] Camden/2025/1756/P — 46 Oak Village London NW5 4QL
2026-10-01 11:12:30 INFO LEAD new: [Permitted] Camden/2025/1861/P — 41 Croftdown Road London NW5 1EL
2026-10-01 11:12:30 INFO LEAD new: [Permitted] Camden/2025/2118/L — 14 Templewood Avenue London NW3 7XA
2026-10-01 11:12:30 INFO LEAD new: [Permitted] Camden/2025/1866/P — Regents Place Plaza London NW1 3BT
2026-10-01 11:12:30 INFO LEAD new: [Permitted] Camden/2025/1865/P — Seymour House Tavistock Place London WC1H 9RL
2026-10-01 11:12:30 INFO LEAD new: [Permitted] Camden/2025/1844/P — 14 Templewood Avenue Camden London NW3 7XA
2026-10-01 11:12:30 INFO LEAD new: [Permitted] Camden/2025/1789/P — 104 Highgate West Hill London N6 6AP
2026-10-01 11:12:30 INFO LEAD new: [Permitted] Camden/2025/1788/L — Arlington House 220 Arlington Road London NW1 7HE
2026-10-01 11:12:30 INFO LEAD new: [Permitted] Camden/2025/2026/A — Regents Place Plaza London NW13BT
2026-10-01 11:12:30 INFO LEAD new: [Permitted] Camden/2025/1837/P — 53 Mill Lane London NW6 1NB
2026-10-01 11:12:30 INFO LEAD new: [Permitted] Camden/2025/1320/P — 1-9 Albany Street London NW1 4DF
2026-10-01 11:12:30 INFO LEAD new: [Permitted] Camden/2025/1838/P — 1 Well Road London NW3 1LJ
2026-10-01 11:12:30 INFO LEAD new: [Permitted] Camden/2025/1650/P — 63 Endell Street London WC2H 9AJ
2026-10-01 11:12:30 INFO LEAD new: [Permitted] Camden/2025/1821/L — Victoria House 37-63 Southampton Row London WC1B 4DA
2026-10-01 11:12:30 INFO LEAD new: [Permitted] Camden/2025/1833/P — Central St Giles Piazza St Giles High Street London WC2H 8AG
2026-10-01 11:12:30 INFO LEAD new: [Permitted] Camden/2025/1825/L — 70 Great Russell Street London WC1B 3BN
2026-10-01 11:12:37 INFO [camden/Permitted] page at offset 4700: 100 records
2026-10-01 11:12:37 INFO LEAD new: [Permitted] Camden/2025/1834/A — Central St Giles Piazza St Giles High Street London WC2H 8AG
2026-10-01 11:12:37 INFO LEAD new: [Permitted] Camden/2025/1605/P — 1 Stephen Street London W1T 1AL
2026-10-01 11:12:37 INFO LEAD new: [Permitted] Camden/2025/1289/P — Barrie House 29 St Edmund's Terrace London NW8 7QH
2026-10-01 11:12:37 INFO LEAD new: [Permitted] Camden/2025/1376/P — 53 Gordon Square London WC1H 0PD
2026-10-01 11:12:37 INFO LEAD new: [Permitted] Camden/2025/1796/L — 53 Gordon Square London WC1H 0PD
2026-10-01 11:12:37 INFO LEAD new: [Permitted] Camden/2025/1808/P — 9 Hawtrey Road London NW3 3SS
2026-10-01 11:12:37 INFO LEAD new: [Permitted] Camden/2025/1780/P — 1st Floor Flat 22 Sumatra Road London NW6 1PU
2026-10-01 11:12:37 INFO LEAD new: [Permitted] Camden/2025/1980/P — 9 Hawtrey Road London NW3 3SS
2026-10-01 11:12:37 INFO LEAD new: [Permitted] Camden/2025/1794/L — 17A Highgate High Street London N6 5JT
2026-10-01 11:12:37 INFO LEAD new: [Permitted] Camden/2025/1792/L — 11 South Grove London N6 6BS
2026-10-01 11:12:37 INFO LEAD new: [Permitted] Camden/2025/1464/P — 29 Store Street London Camden WC1E 7QB
2026-10-01 11:12:37 INFO LEAD new: [Permitted] Camden/2025/1631/P — (Known as 85 Gracechurch Street) 83 - 87 Gracechurch Street 
2026-10-01 11:12:37 INFO LEAD new: [Permitted] Camden/2025/1805/P — Flat A & Flat B 34 Lowfield Road London NW6 2PR
2026-10-01 11:12:37 INFO LEAD new: [Permitted] Camden/2025/1746/P — British Museum Great Russell Street London WC1B 3DG
2026-10-01 11:12:37 INFO LEAD new: [Permitted] Camden/2025/1766/P — 2 Weavers Way London NW1 0XE
2026-10-01 11:12:37 INFO LEAD new: [Permitted] Camden/2025/1784/L — 37 Flask Walk London NW3 1HH
2026-10-01 11:12:37 INFO LEAD new: [Permitted] Camden/2025/1785/P — 13 Eton Garages London NW3 4PE
2026-10-01 11:12:37 INFO LEAD new: [Permitted] Camden/2025/2368/L — 48 Mornington Terrace London NW1 7RT
2026-10-01 11:12:37 INFO LEAD new: [Permitted] Camden/2025/1772/P — 48 Mornington Terrace London NW1 7RT
2026-10-01 11:12:37 INFO LEAD new: [Permitted] Camden/2025/1777/L — British Museum Great Russell Street London WC1B 3DG
2026-10-01 11:12:37 INFO LEAD new: [Permitted] Camden/2025/1266/P — Basement Unit 5 Goodge Place London Camden W1T 4SD
2026-10-01 11:12:37 INFO LEAD new: [Permitted] Camden/2025/1452/L — 32 Well Walk London NW3 1BX
2026-10-01 11:12:37 INFO LEAD new: [Permitted] Camden/2025/1776/L — Flat 2 12 Lyndhurst Gardens London NW3 5NR
2026-10-01 11:12:37 INFO LEAD new: [Permitted] Camden/2025/1786/P — 51 Argyle Street London WC1H 8EF
2026-10-01 11:12:37 INFO LEAD new: [Permitted] Camden/2025/1767/P — 7 Elsworthy Road London NW3 3DS
2026-10-01 11:12:37 INFO LEAD new: [Permitted] Camden/2025/1365/P — 56 Shorts Gardens London Camden WC2H 9AN
2026-10-01 11:12:37 INFO LEAD new: [Permitted] Camden/2025/0784/P — 18 Bloomsbury Square London WC1A 2NS
2026-10-01 11:12:37 INFO LEAD new: [Permitted] Camden/2025/1198/P — 19 Crediton Hill London NW6 1HS
2026-10-01 11:12:37 INFO LEAD new: [Permitted] Camden/2025/0967/P — 17 Northington Street London WC1N 2NR
2026-10-01 11:12:37 INFO LEAD new: [Permitted] Camden/2025/0973/P — 23 Talacre Road London NW5 3PH
2026-10-01 11:12:37 INFO LEAD new: [Permitted] Camden/2025/1745/P — 147 Highgate Road London NW5 1LJ
2026-10-01 11:12:37 INFO LEAD new: [Permitted] Camden/2025/1757/P — Flat A 16 Gordon House Road London Camden NW5 1LN
2026-10-01 11:12:37 INFO LEAD new: [Permitted] Camden/2025/1755/P — Maple House 149 Tottenham Court Road London W1T 7NF
2026-10-01 11:12:37 INFO LEAD new: [Permitted] Camden/2025/1758/L — 1 Peto Place London NW1 4DT
2026-10-01 11:12:37 INFO LEAD new: [Permitted] Camden/2025/1380/P — Flat 1, 3-5 South End Road London NW3 2PT
2026-10-01 11:12:37 INFO LEAD new: [Permitted] Camden/2025/1743/P — Mid City Place 71 High Holborn London WC1V 6EA
2026-10-01 11:12:37 INFO LEAD new: [Permitted] Camden/2025/1480/P — Flat A 3 Lindfield Gardens London Camden NW3 6PX
2026-10-01 11:12:37 INFO LEAD new: [Permitted] Camden/2025/1490/P — 24 Flask Walk London NW3 1HE
2026-10-01 11:12:37 INFO LEAD new: [Permitted] Camden/2025/0972/P — 21 Northington Street London WC1N 2NR
2026-10-01 11:12:37 INFO LEAD new: [Permitted] Camden/2025/1763/L — 18 Bloomsbury Square London WC1A 2NS
2026-10-01 11:12:37 INFO LEAD new: [Permitted] Camden/2025/1706/P — 154 West End Lane London Camden NW6 1SD
2026-10-01 11:12:37 INFO LEAD new: [Permitted] Camden/2025/1764/P — Flat 10 29-31 John's Mews London WC1N 2NS
2026-10-01 11:12:37 INFO LEAD new: [Permitted] Camden/2025/1694/L — Flat D 38 Delancey Street London NW1 7NH
2026-10-01 11:12:37 INFO LEAD new: [Permitted] Camden/2025/1654/P — Flat D 38 Delancey Street London NW1 7NH
2026-10-01 11:12:37 INFO LEAD new: [Permitted] Camden/2025/0977/P — Flat A and B 37 Oseney Crescent London NW5 2BE
2026-10-01 11:12:37 INFO LEAD new: [Permitted] Camden/2025/0975/P — Flat A and B 31 Oseney Crescent London NW5 2AT
2026-10-01 11:12:37 INFO LEAD new: [Permitted] Camden/2025/0974/P — Flat A and B 25 Oseney Crescent London NW5 2AT
2026-10-01 11:12:37 INFO LEAD new: [Permitted] Camden/2025/0976/P — 29 Bartholomew Road London NW5 2AH
2026-10-01 11:12:37 INFO LEAD new: [Permitted] Camden/2025/0980/P — Flat A 107 Leighton Road London NW5 2RB
2026-10-01 11:12:37 INFO LEAD new: [Permitted] Camden/2025/0979/P — 168 Grafton Road London NW5 4BA
2026-10-01 11:12:37 INFO LEAD new: [Permitted] Camden/2025/1736/P — Public Telephone Kiosk Laurier Road Laurier Road London NW5 
2026-10-01 11:12:37 INFO LEAD new: [Permitted] Camden/2025/1727/P — Flat 2 Salmon Mews West End Lane London NW6 1RH
2026-10-01 11:12:37 INFO LEAD new: [Permitted] Camden/2025/1740/P — 25 King's Mews London WC1N 2JB
2026-10-01 11:12:37 INFO LEAD new: [Permitted] Camden/2025/1733/P — 8 Frognal Lane London NW3 7DU
2026-10-01 11:12:37 INFO LEAD new: [Permitted] Camden/2025/1728/P — Flat 2 49 Minster Road London NW2 3SH
2026-10-01 11:12:37 INFO LEAD new: [Permitted] Camden/2025/1729/A — 5 High Holborn London WC1V 6DR
2026-10-01 11:12:37 INFO LEAD new: [Permitted] Camden/2025/1739/P — 12 New End London NW3 1JA
2026-10-01 11:12:37 INFO LEAD new: [Permitted] Camden/2025/0963/P — 6 Thurlow Terrace London NW5 4JB
2026-10-01 11:12:37 INFO LEAD new: [Permitted] Camden/2025/0964/P — 12 Pakenham Street London Camden WC1X 0LG
2026-10-01 11:12:37 INFO LEAD new: [Permitted] Camden/2025/0965/P — 13 Pakenham Street London WC1X 0LG
2026-10-01 11:12:37 INFO LEAD new: [Permitted] Camden/25-00139-HAPP — FLAT 13 HIGHCROFT 170 HIGHGATE ROAD LONDON NW5 1EJ
2026-10-01 11:12:37 INFO LEAD new: [Permitted] Camden/2025/1725/L — Freemasons Hall, United Grand Lodge Of England 60 Great Quee
2026-10-01 11:12:37 INFO LEAD new: [Permitted] Camden/2025/1703/P — 46 Ingham Road London Camden NW6 1DE
2026-10-01 11:12:37 INFO LEAD new: [Permitted] Camden/2025/1724/L — Cecil Sharp House 2 Regent's Park Road London NW1 7AY
2026-10-01 11:12:37 INFO LEAD new: [Permitted] Camden/2025/0966/P — 17 Grafton Terrace London NW5 4JE
2026-10-01 11:12:37 INFO LEAD new: [Permitted] Camden/2025/1709/P — 43A Lancaster Grove London NW3 4HB
2026-10-01 11:12:37 INFO LEAD new: [Permitted] Camden/2025/1708/P — 3 Harben Parade Finchley Road London NW3 6JP
2026-10-01 11:12:37 INFO LEAD new: [Permitted] Camden/2025/1719/P — Main Quadrangle and Wilkins Building Gower Street London WC1
2026-10-01 11:12:37 INFO LEAD new: [Permitted] Camden/2025/1701/P — 100 and 100a Chalk Farm Road London NW1 8EH
2026-10-01 11:12:37 INFO LEAD new: [Permitted] Camden/2025/1702/P — 161 Arlington Road London NW1 7ET
2026-10-01 11:12:37 INFO LEAD new: [Permitted] Camden/2025/1704/P — 46 Ingham Road London NW6 1DE
2026-10-01 11:12:37 INFO LEAD new: [Permitted] Camden/2025/1696/P — 2-6 Leeke Street London WC1X 9HS
2026-10-01 11:12:43 WARNING Rate limited (429); waiting 513s before retry 1/6
2026-10-01 11:21:18 INFO [camden/Permitted] page at offset 4800: 100 records
2026-10-01 11:21:18 INFO LEAD new: [Permitted] Camden/2025/1603/P — Flat 1 39 Primrose Gardens London NW3 4UL
2026-10-01 11:21:18 INFO LEAD new: [Permitted] Camden/2025/1673/P — 5 Gray's Inn Road London WC1X 8PH
2026-10-01 11:21:18 INFO LEAD new: [Permitted] Camden/2025/1536/L — Basement and ground floor unit 3 Bloomsbury Street London WC
2026-10-01 11:21:18 INFO LEAD new: [Permitted] Camden/2025/1674/L — 8 Holly Terrace London Camden N6 6LX
2026-10-01 11:21:18 INFO LEAD new: [Permitted] Camden/2025/1503/P — 40 King Henry's Road London Camden NW3 3RP
2026-10-01 11:21:18 INFO LEAD new: [Permitted] Camden/2025/1672/P — Frontage Building Great Ormond Street Childrens Hospital Gre
2026-10-01 11:21:18 INFO LEAD new: [Permitted] Camden/2025/1619/P — Flat A and B 27 Grafton Road London NW5 3DX
2026-10-01 11:21:18 INFO LEAD new: [Permitted] Camden/2025/1689/L — Flat 3rd Floor South 3 Verulam Buildings London WC1R 5LQ
2026-10-01 11:21:18 INFO LEAD new: [Permitted] Camden/2025/1676/L — South Hampstead High School 1-3 Maresfield Gardens London NW
2026-10-01 11:21:18 INFO LEAD new: [Permitted] Camden/2025/1678/L — College Building 10 Thornhaugh Street Russell Square London 
2026-10-01 11:21:18 INFO LEAD new: [Permitted] Camden/2025/1981/P — 35 Meadowbank London NW3 3AY
2026-10-01 11:21:18 INFO LEAD new: [Permitted] Camden/2025/1079/L — Friends House, Religious Society of Friends 173-177 Euston R
2026-10-01 11:21:18 INFO LEAD new: [Permitted] Camden/2025/1680/P — 63 Netherhall Gardens London NW3 5RE
2026-10-01 11:21:18 INFO LEAD new: [Permitted] Camden/2025/1669/P — 57 Elsworthy Road London Camden NW3 3BS
2026-10-01 11:21:18 INFO LEAD new: [Permitted] Camden/2025/1679/P — 1 Peto Place London NW1 4DT
2026-10-01 11:21:18 INFO LEAD new: [Permitted] Camden/2025/0780/P — 173-177 Friends House, Religious Society Of Friends Euston R
2026-10-01 11:21:18 INFO LEAD new: [Permitted] Camden/2025/1639/A — Francis Crick Institute 1 Midland Road London NW1 1AT
2026-10-01 11:21:18 INFO LEAD new: [Permitted] Camden/2025/1658/P — Flat B 29 Ospringe Road London NW5 2JD
2026-10-01 11:21:18 INFO LEAD new: [Permitted] Camden/2025/1644/P — Royal Free Hospital Pond Street London Camden NW3 2QG
2026-10-01 11:21:18 INFO LEAD new: [Permitted] Camden/2025/1667/P — Space House 1 Kemble Street and 43-59 Kingsway London WC2B 4
2026-10-01 11:21:18 INFO LEAD new: [Permitted] Camden/2025/1647/P — Bank And Premises At Basement Ground And 1st Floor 106 Finch
2026-10-01 11:21:18 INFO LEAD new: [Permitted] Camden/2025/1661/P — 55 Tottenham Court Road and 16-24 Whitfield Street London W1
2026-10-01 11:21:18 INFO LEAD new: [Permitted] Camden/2025/1655/P — 14 Blackburn Road London NW6 1RZ
2026-10-01 11:21:18 INFO LEAD new: [Permitted] Camden/2025/0978/P — 49 Bartholomew Road London NW5 2AH
2026-10-01 11:21:18 INFO LEAD new: [Permitted] Camden/2025/1651/P — 46 Holmdale Road London NW6 1BL
2026-10-01 11:21:18 INFO LEAD new: [Permitted] Camden/2025/1660/P — 1A Hawley Road London NW1 8RP
2026-10-01 11:21:18 INFO LEAD new: [Permitted] Camden/2025/1646/L — Main Quadrangle and Wilkins Building Gower Street London WC1
2026-10-01 11:21:18 INFO LEAD new: [Permitted] Camden/2025/1653/P — Frontage Building Great Ormond Street Childrens Hospital Gre
2026-10-01 11:21:18 INFO LEAD new: [Permitted] Camden/2025/1652/P — Frontage Building Great Ormond Street Childrens Hospital Gre
2026-10-01 11:21:18 INFO LEAD new: [Permitted] Camden/2025/1421/P — Flat C 36 Savernake Road London NW3 2JP
2026-10-01 11:21:18 INFO LEAD new: [Permitted] Camden/2025/1665/L — 10 Fitzroy Park London N6 6HU
2026-10-01 11:21:18 INFO LEAD new: [Permitted] Camden/2025/1645/L — Connaught Hall University Of London 36-45 Tavistock Square L
2026-10-01 11:21:18 INFO LEAD new: [Permitted] Camden/25-00130-HAPP — 32 Well Walk London NW3 1BX
2026-10-01 11:21:18 INFO LEAD new: [Permitted] Camden/2025/1570/L — The Parcel Yard Kings Cross Railway Station Euston Road Lond
2026-10-01 11:21:18 INFO LEAD new: [Permitted] Camden/2025/1687/L — Space House 1 Kemble Street and 43-59 Kingsway London WC2B 4
2026-10-01 11:21:18 INFO LEAD new: [Permitted] Camden/2025/1649/P — 105 - 121 Judd Street London WC1H 9NE
2026-10-01 11:21:18 INFO LEAD new: [Permitted] Camden/2025/1584/P — Pembroke Castle 150 Gloucester Avenue London NW1 8JA
2026-10-01 11:21:18 INFO LEAD new: [Permitted] Camden/2025/1643/L — Flat 3 39 Eton Avenue London NW3 3EP
2026-10-01 11:21:18 INFO LEAD new: [Permitted] Camden/2025/0223/P — 17 Colville Place London W1T 2BN
2026-10-01 11:21:18 INFO LEAD new: [Permitted] Camden/2025/1398/P — 243 Royal College Street London NW1 9LT
2026-10-01 11:21:18 INFO LEAD new: [Permitted] Camden/2025/1636/P — 34-42 Middlesex House Cleveland Street London Camden W1T 4JE
2026-10-01 11:21:18 INFO LEAD new: [Permitted] Camden/2025/1228/P — 12 Stephen Mews London W1T 1AH
2026-10-01 11:21:18 INFO LEAD new: [Permitted] Camden/2025/1634/P — Bank And Premises At Basement Ground And 1st Floor 106 Finch
2026-10-01 11:21:18 INFO LEAD new: [Permitted] Camden/2025/1612/P — Flat A 2 Crossfield Road London NW3 4NS
2026-10-01 11:21:18 INFO LEAD new: [Permitted] Camden/2025/1625/A — Page House 39-41 Parker Street London WC2B 5PQ
2026-10-01 11:21:18 INFO LEAD new: [Permitted] Camden/2025/1627/HS2 — 24 Park Village East London NW1 7PZ
2026-10-01 11:21:18 INFO LEAD new: [Permitted] Camden/2025/1620/P — 110-113 Tottenham Court Road London W1T 5AF
2026-10-01 11:21:18 INFO LEAD new: [Permitted] Camden/25-00137-HAPP — 2 Frognal Gardens London NW3 6UX
2026-10-01 11:21:18 INFO LEAD new: [Permitted] Camden/2025/1604/P — Flat A, 6 Well Road London NW3 1LH
2026-10-01 11:21:18 INFO LEAD new: [Permitted] Camden/2025/1626/L — UCL Wilkins Building Gower Street London WC1E 6BT
2026-10-01 11:21:18 INFO LEAD new: [Permitted] Camden/25-00134-HAPP — 2 Frognal Gardens London NW3 6UX
2026-10-01 11:21:18 INFO LEAD new: [Permitted] Camden/2025/1664/L — 61 Gloucester Crescent London NW1 7EG
2026-10-01 11:21:18 INFO LEAD new: [Permitted] Camden/2025/1615/P — 61 Gloucester Crescent London NW1 7EG
2026-10-01 11:21:18 INFO LEAD new: [Permitted] Camden/2025/1617/P — Embassy Theatre The Royal Central School Of Speech And Drama
2026-10-01 11:21:18 INFO LEAD new: [Permitted] Camden/2025/1622/P — 4-6 Bedford Place London Camden WC1B 5JD
2026-10-01 11:21:18 INFO LEAD new: [Permitted] Camden/2025/1621/P — The Ice Works, Flat 1-14, 34-36 Jamestown Road Camden London
2026-10-01 11:21:18 INFO LEAD new: [Permitted] Camden/2025/2090/L — 4-6 Bedford Place London Camden WC1B 5JD
2026-10-01 11:21:18 INFO LEAD new: [Permitted] Camden/2025/1624/HS2 — 28 Park Village East London NW1 7PZ
2026-10-01 11:21:18 INFO LEAD new: [Permitted] Camden/2025/1595/P — Royal Free Hospital Pond Street London NW3 2QG
2026-10-01 11:21:18 INFO LEAD new: [Permitted] Camden/2025/1093/P — 10 Chester Terrace London NW1 4ND
2026-10-01 11:21:18 INFO LEAD new: [Permitted] Camden/2025/1171/L — 10 Chester Terrace London NW1 4ND
2026-10-01 11:21:18 INFO LEAD new: [Permitted] Camden/2025/1592/P — 81b Belsize Park Gardens & 24 Lambolle Place London NW3
2026-10-01 11:21:18 INFO LEAD new: [Permitted] Camden/2025/1587/L — UCL South Wing Building Gower Street London WC1E 6BT
2026-10-01 11:21:18 INFO LEAD new: [Permitted] Camden/2025/1581/L — Bourne Estate Portpool Lane London EC1N 7UP
2026-10-01 11:21:18 INFO LEAD new: [Permitted] Camden/2025/1569/L — Great Northern Hotel Pancras Road London N1C 4TB
2026-10-01 11:21:18 INFO LEAD new: [Permitted] Camden/2025/1578/P — 38 Belsize Avenue London NW3 4AH
2026-10-01 11:21:18 INFO LEAD new: [Permitted] Camden/2025/1551/P — Melia White House Hotel Albany Street London NW1 3UP
2026-10-01 11:21:18 INFO LEAD new: [Permitted] Camden/2025/1577/P — 527 Finchley Road London NW3 7BG
2026-10-01 11:21:18 INFO LEAD new: [Permitted] Camden/2025/1554/P — Ames House 26 Netherhall Gardens London NW3 5TL
2026-10-01 11:21:18 INFO LEAD new: [Permitted] Camden/2025/1447/P — 16 Bellina Mews London NW5 1BD
2026-10-01 11:21:18 INFO LEAD new: [Permitted] Camden/2025/1343/P — 10 Fitzroy Park London N6 6HU
2026-10-01 11:21:18 INFO LEAD new: [Permitted] Camden/2025/1540/P — 1 Stephen Street London W1T 1AL
2026-10-01 11:21:18 INFO LEAD new: [Permitted] Camden/2025/1546/A — Unit C 18-28 Tottenham Walk, Tottenham Court Road London W1T
2026-10-01 11:21:18 INFO LEAD new: [Permitted] Camden/2025/1552/P — 16 Parkway London Camden NW1 7AA
2026-10-01 11:21:19 INFO LEAD new: [Permitted] Camden/2025/1550/A — 60-70 Shorts Gardens London WC2H 9AH
2026-10-01 11:21:19 INFO LEAD new: [Permitted] Camden/2025/1542/P — Centre Point Tower, Centre Point Link and Centre Point House
2026-10-01 11:21:19 INFO LEAD new: [Permitted] Camden/2025/1575/L — Melia White House Hotel Albany Street London NW1 3UP
2026-10-01 11:21:25 INFO [camden/Permitted] page at offset 4900: 100 records
2026-10-01 11:21:25 INFO LEAD new: [Permitted] Camden/2025/1547/A — 54-56 Kilburn High Road London NW6 4HJ
2026-10-01 11:21:25 INFO LEAD new: [Permitted] Camden/2025/1562/L — Brunswick Centre Estate Brunswick Centre London WC1N 1AE
2026-10-01 11:21:25 INFO LEAD new: [Permitted] Camden/2025/1522/P — 8-9 Murray Street London NW1 9RE
2026-10-01 11:21:25 INFO LEAD new: [Permitted] Camden/2025/1368/P — 14 Briardale Gardens London NW3 7PP
2026-10-01 11:21:25 INFO LEAD new: [Permitted] Camden/2025/1531/P — Brunswick Centre Estate Brunswick Centre London WC1N 1AE
2026-10-01 11:21:25 INFO LEAD new: [Permitted] Camden/2025/1533/P — Brunswick Centre Estate Brunswick Centre London WC1N 1AE
2026-10-01 11:21:25 INFO LEAD new: [Permitted] Camden/2025/1535/P — Crowne Plaza 1 King's Cross Road London WC1X 9HX
2026-10-01 11:21:25 INFO LEAD new: [Permitted] Camden/2025/1519/P — 7 Hilltop Road London NW6 2QA
2026-10-01 11:21:25 INFO LEAD new: [Permitted] Camden/2025/1527/P — 29 Solent Road London NW6 1TP
2026-10-01 11:21:25 INFO LEAD new: [Permitted] Camden/2025/1564/L — Brunswick Centre Estate Brunswick Centre London WC1N 1AE
2026-10-01 11:21:25 INFO LEAD new: [Permitted] Camden/2025/1506/P — 32 Percy Street London W1T 2DE
2026-10-01 11:21:25 INFO LEAD new: [Permitted] Camden/2025/1502/P — 100 Chalk Farm Road London Camden NW1 8EH
2026-10-01 11:21:25 INFO LEAD new: [Permitted] Camden/2025/1512/P — 4 Oak Hill Park London NW3 7LG
2026-10-01 11:21:25 INFO LEAD new: [Permitted] Camden/2025/1509/P — 21 Brookfield Park London Camden NW5 1ES
2026-10-01 11:21:25 INFO LEAD new: [Permitted] Camden/2025/1507/P — 21 Brookfield Park London NW5 1ES
2026-10-01 11:21:25 INFO LEAD new: [Permitted] Camden/2025/1492/P — 14 Bedford Row 12-13 and 14 Jockey's Fields London WC1R 4ED
2026-10-01 11:21:25 INFO LEAD new: [Permitted] Camden/2025/1539/L — 32 Percy Street London W1T 2DE
2026-10-01 11:21:25 INFO LEAD new: [Permitted] Camden/2025/1511/L — British Museum Great Russell Street London WC1E 7JW
2026-10-01 11:21:25 INFO LEAD new: [Permitted] Camden/2025/0220/P — Flat 19 Brookes Court Baldwins Gardens London EC1N 7RR
2026-10-01 11:21:25 INFO LEAD new: [Permitted] Camden/2025/1016/P — Flat 2 23 Maresfield Gardens London NW3 5SD
2026-10-01 11:21:25 INFO LEAD new: [Permitted] Camden/2025/1505/P — Great Northern Hotel Pancras Road London N1C 4TB
2026-10-01 11:21:25 INFO LEAD new: [Permitted] Camden/2025/1113/L — 47 Georgiana Street London NW1 0EB
2026-10-01 11:21:25 INFO LEAD new: [Permitted] Camden/2025/1434/P — Flat 2 23 Dartmouth Park Hill London NW5 1HP
2026-10-01 11:21:25 INFO LEAD new: [Permitted] Camden/2025/1513/P — 4 The Hexagon Fitzroy Park London Camden N6 6HR
2026-10-01 11:21:25 INFO LEAD new: [Permitted] Camden/2025/1486/P — 44 Cleveland Street London W1T 4JT
2026-10-01 11:21:25 INFO LEAD new: [Permitted] Camden/2025/1285/P — 61 Sumatra Road London NW6 1PT
2026-10-01 11:21:25 INFO LEAD new: [Permitted] Camden/2025/1377/P — Flat B 2nd Floor Rear and 3rd Floor 4 Belsize Grove London N
2026-10-01 11:21:25 INFO LEAD new: [Permitted] Camden/2025/1473/A — 221 Camden High Street London Camden NW1 7BU
2026-10-01 11:21:25 INFO LEAD new: [Permitted] Camden/2025/1413/P — Flat A 62 Caversham Road London NW5 2DS
2026-10-01 11:21:25 INFO LEAD new: [Permitted] Camden/2025/1463/P — Ground Floor Flat 37 Chetwynd Road London NW5 1BX
2026-10-01 11:21:25 INFO LEAD new: [Permitted] Camden/2025/1465/L — Vernon House 23 Sicilian Avenue London Camden WC1A 2QS
2026-10-01 11:21:25 INFO LEAD new: [Permitted] Camden/2025/1027/L — The Drill Hall 16 Chenies Street London WC1E 7EX
2026-10-01 11:21:25 INFO LEAD new: [Permitted] Camden/2025/1468/P — 9 Parsifal Road London NW6 1UG
2026-10-01 11:21:25 INFO LEAD new: [Permitted] Camden/2025/1448/P — 75 Minster Road London NW2 3SJ
2026-10-01 11:21:25 INFO LEAD new: [Permitted] Camden/2025/1162/P — Flat 2 1 Acol Road London NW6 3AA
2026-10-01 11:21:25 INFO LEAD new: [Permitted] Camden/2025/1446/A — 55 Monmouth Street London WC2H 9DG
2026-10-01 11:21:25 INFO LEAD new: [Permitted] Camden/2025/1237/P — Royal Free Hospital Pond Street London NW3 2QG
2026-10-01 11:21:25 INFO LEAD new: [Permitted] Camden/2025/1445/L — 55 Monmouth Street London WC2H 9DG
2026-10-01 11:21:25 INFO LEAD new: [Permitted] Camden/2025/1429/P — 15 Priory Road London NW6 4NN
2026-10-01 11:21:25 INFO LEAD new: [Permitted] Camden/2025/0902/P — 29 Leverton Street London NW5 2PH
2026-10-01 11:21:25 INFO LEAD new: [Permitted] Camden/2025/1460/P — Orwell Building Heritage Lane London NW6 2AZ
2026-10-01 11:21:25 INFO LEAD new: [Permitted] Camden/25-00126-HAPP — 38 St Paul's Crescent London NW1 9TN
2026-10-01 11:21:25 INFO LEAD new: [Permitted] Camden/2025/0375/P — 61 Rosslyn Hill London NW3 5UQ
2026-10-01 11:21:25 INFO LEAD new: [Permitted] Camden/2025/0611/P — Flat 6 27 Langland Gardens London NW3 6QE
2026-10-01 11:21:25 INFO LEAD new: [Permitted] Camden/2025/0970/P — 6a Oak Court St Albans Villas London Camden NW5 1QU
2026-10-01 11:21:25 INFO LEAD new: [Permitted] Camden/2025/1441/L — The Royal George 8-14 Eversholt Street London NW1 1DG
2026-10-01 11:21:25 INFO LEAD new: [Permitted] Camden/2025/1422/P — 11 Primrose Hill Road London NW3 3DG
2026-10-01 11:21:25 INFO LEAD new: [Permitted] Camden/2025/1431/P — 50-51 Russell Square London WC1B 4JP
2026-10-01 11:21:25 INFO LEAD new: [Permitted] Camden/2025/1442/P — 38 Frognal Lane London NW3 6PP
2026-10-01 11:21:25 INFO LEAD new: [Permitted] Camden/2025/1391/P — 29 Crossfield Road London NW3 4NT
2026-10-01 11:21:25 INFO LEAD new: [Permitted] Camden/2025/1393/A — Francis Crick Institute 1 Midland Road London NW1 1AT
2026-10-01 11:21:25 INFO LEAD new: [Permitted] Camden/2025/1450/L — Bedford Row Chambers 29-31 Bedford Row London WC1R 4HE
2026-10-01 11:21:25 INFO LEAD new: [Permitted] Camden/2025/1401/P — 29-31 Bedford Row Chambers Bedford Row London WC1R 4HE
2026-10-01 11:21:25 INFO LEAD new: [Permitted] Camden/2025/1405/P — 2 Daleham Gardens London NW3 5DA
2026-10-01 11:21:25 INFO LEAD new: [Permitted] Camden/2025/1400/P — Ground Floor and Basement Levels Linton House 39-51 Highgate
2026-10-01 11:21:25 INFO LEAD new: [Permitted] Camden/2025/0577/P — 551 Finchley Road London NW3 7BJ
2026-10-01 11:21:26 INFO LEAD new: [Permitted] Camden/2025/1387/P — 4 The Hexagon Fitzroy Park London N6 6HR
2026-10-01 11:21:26 INFO LEAD new: [Permitted] Camden/2025/1394/A — 100-110 High Holborn London WC1V 6QL
2026-10-01 11:21:26 INFO LEAD new: [Permitted] Camden/2025/1414/P — Development Site At Former Belgrove House Belgrove Street Lo
2026-10-01 11:21:26 INFO LEAD new: [Permitted] Camden/2025/1388/L — 87 Holmes Road London NW5 3AX
2026-10-01 11:21:32 INFO [camden/Permitted] page at offset 5000: 100 records
2026-10-01 11:21:32 INFO LEAD new: [Permitted] Camden/2025/1412/L — 11 Gloucester Crescent London NW1 7DS
2026-10-01 11:21:32 INFO LEAD new: [Permitted] Camden/2025/1366/P — 5 Alvanley Gardens London NW6 1JD
2026-10-01 11:21:32 INFO LEAD new: [Permitted] Camden/2024/5296/P — 6 Byron Mews London NW3 2NQ
2026-10-01 11:21:32 INFO LEAD new: [Permitted] Camden/2025/1386/P — 27 Belsize Square London Camden NW3 4HU
2026-10-01 11:21:32 INFO LEAD new: [Permitted] Camden/2025/1399/L — 202 North Gower Street London NW1 2LY
2026-10-01 11:21:32 INFO LEAD new: [Permitted] Camden/2025/1384/P — 202 North Gower Street London NW1 2LY
2026-10-01 11:21:32 INFO LEAD new: [Permitted] Camden/2025/1115/P — 12 and 13 Primrose Hill Studios Fitzroy Road London NW1 8TR
2026-10-01 11:21:32 INFO LEAD new: [Permitted] Camden/2025/1260/P — 14-18 Springfield Lane London NW6 5UB
2026-10-01 11:21:32 INFO LEAD new: [Permitted] Camden/2025/1267/P — Flats 1st Floor and 2nd floor, 6 South Hill Park London NW3 
2026-10-01 11:21:32 INFO LEAD new: [Permitted] Camden/2025/1633/L — 1A Montague Street London WC1B 5BP
2026-10-01 11:21:32 INFO LEAD new: [Permitted] Camden/2025/1370/P — Flat C 186 Grafton Road London NW5 4AX
2026-10-01 11:21:32 INFO LEAD new: [Permitted] Camden/2025/1360/P — Land South of CATS Building Freight Lane London N1C 4BE
2026-10-01 11:21:32 INFO LEAD new: [Permitted] Camden/2025/1361/P — Land to Western End of Freight Lane Freight Lane London N1C 
2026-10-01 11:21:32 INFO LEAD new: [Permitted] Camden/2025/1028/L — 81 Swain's Lane London N6 6PJ
2026-10-01 11:21:32 INFO LEAD new: [Permitted] Camden/2025/1382/P — 1A Montague Street London WC1B 5BP
2026-10-01 11:21:32 INFO LEAD new: [Permitted] Camden/2025/0946/P — 4 Prince Arthur Road London NW3 6AU
2026-10-01 11:21:32 INFO LEAD new: [Permitted] Camden/2025/1383/P — 2 Eglon Mews London NW1 8YS
2026-10-01 11:21:32 INFO LEAD new: [Permitted] Camden/2025/1347/P — 77 Avenue Road London NW8 6JD
2026-10-01 11:21:32 INFO LEAD new: [Permitted] Camden/2025/0945/L — 84 South Hill Park London Camden NW3 2SN
2026-10-01 11:21:32 INFO LEAD new: [Permitted] Camden/2025/1350/P — Basement And Ground Floor Flat 35 Hollycroft Avenue London N
2026-10-01 11:21:32 INFO LEAD new: [Permitted] Camden/2025/1311/P — 38 - 40 Windmill Street London W1T 2BE
2026-10-01 11:21:32 INFO LEAD new: [Permitted] Camden/2025/0905/P — 84 South Hill Park London Camden NW3 2SN
2026-10-01 11:21:32 INFO LEAD new: [Permitted] Camden/2025/1353/P — Coach House 4B Parkhill Road London NW3 2YN
2026-10-01 11:21:33 INFO LEAD new: [Permitted] Camden/2025/1357/P — Flat 1st And 2nd Floor 114 Heath Street London NW3 1DR
2026-10-01 11:21:33 INFO LEAD new: [Permitted] Camden/2025/1354/L — The Assembly House 292-294 Kentish Town Road London NW5 2TG
2026-10-01 11:21:33 INFO LEAD new: [Permitted] Camden/2025/1443/L — Flat 1st And 2nd Floor 114 Heath Street London NW3 1DR
2026-10-01 11:21:33 INFO LEAD new: [Permitted] Camden/2025/1345/P — Quality Hotel Hampstead 5-7 Frognal London NW3 6AL
2026-10-01 11:21:33 INFO LEAD new: [Permitted] Camden/2025/1336/P — 2 Fellows Road London NW3 3LP
2026-10-01 11:21:33 INFO LEAD new: [Permitted] Camden/2025/0747/L — 24-28 Woburn Square London Camden WC1H 0AA
2026-10-01 11:21:33 INFO LEAD new: [Permitted] Camden/2025/1321/A — 2 St Pancras Way London NW1 0QG
2026-10-01 11:21:33 INFO LEAD new: [Permitted] Camden/2025/1218/P — 15 Shorts Gardens London WC2H 9AT
2026-10-01 11:21:33 INFO LEAD new: [Permitted] Camden/2025/1340/P — Beaufort Court 65 Maygrove Road London NW6 2DA
2026-10-01 11:21:33 INFO LEAD new: [Permitted] Camden/2025/1337/P — 314-320 Acorn House Gray's Inn Road London WC1X 8DP
2026-10-01 11:21:33 INFO LEAD new: [Permitted] Camden/2025/0677/P — 24-28 Woburn Square London Camden WC1H 0AA
2026-10-01 11:21:33 INFO LEAD new: [Permitted] Camden/2025/1292/P — 31 Ferncroft Avenue London NW3 7PG
2026-10-01 11:21:33 INFO LEAD new: [Permitted] Camden/2025/1057/P — 9 Summit Lodge, Flat 5 Lower Terrace London Camden NW3 6RF
2026-10-01 11:21:33 INFO LEAD new: [Permitted] Camden/2025/1314/P — 2 St Paul's Crescent London NW1 9XS
2026-10-01 11:21:33 INFO LEAD new: [Permitted] Camden/2025/1313/P — Basement Flat 11 Greville Road London NW6 5HY
2026-10-01 11:21:33 INFO LEAD new: [Permitted] Camden/2025/1315/P — 14 Bedford Row 12-13 and 14 Jockey's Fields Holborn London W
2026-10-01 11:21:33 INFO LEAD new: [Permitted] Camden/2025/1137/P — 41 Ornan Road London NW3 4QD
2026-10-01 11:21:33 INFO LEAD new: [Permitted] Camden/2025/0552/P — 25 Rathbone Place London W1T 1JB
2026-10-01 11:21:33 INFO LEAD new: [Permitted] Camden/2025/0770/P — 31-46 & 48 Stoneleigh Terrace London N19 5TZ
2026-10-01 11:21:33 INFO LEAD new: [Permitted] Camden/2025/1282/A — 72 Neal Street London WC2H 9PR
2026-10-01 11:21:33 INFO LEAD new: [Permitted] Camden/2025/1110/P — Side House 18 Parkhill Road London NW3 2YN
2026-10-01 11:21:33 INFO LEAD new: [Permitted] Camden/2025/1290/P — 39 Estelle Road London NW3 2JX
2026-10-01 11:21:33 INFO LEAD new: [Permitted] Camden/2025/1284/P — 24 Agamemnon Road London Camden NW6 1DY
2026-10-01 11:21:33 INFO LEAD new: [Permitted] Camden/2025/1269/P — Kingswood Court 48 West End Lane London NW6 4SU
2026-10-01 11:21:33 INFO LEAD new: [Permitted] Camden/2025/1271/P — 82 Harmood Street London NW1 8DS
2026-10-01 11:21:33 INFO LEAD new: [Permitted] Camden/2025/1246/P — 47 King's Cross Road London WC1X 9LN
2026-10-01 11:21:33 INFO LEAD new: [Permitted] Camden/2025/1262/L — 47 King's Cross Road London WC1X 9LN
2026-10-01 11:21:33 INFO LEAD new: [Permitted] Camden/2025/1240/P — 5 Edis Street London NW1 8LG
2026-10-01 11:21:33 INFO LEAD new: [Permitted] Camden/2025/1241/P — Princes Park Apartments South 52 Prince Of Wales Road London
2026-10-01 11:21:33 INFO LEAD new: [Permitted] Camden/2025/1256/A — 155-157 Highgate Road London Camden NW5 1LJ
2026-10-01 11:21:33 INFO LEAD new: [Permitted] Camden/2025/1250/P — 29 Healey Street London NW1 8SR
2026-10-01 11:21:33 INFO LEAD new: [Permitted] Camden/2025/1259/P — Camden Goods Yard Chalk Farm Road London NW1 8EH
2026-10-01 11:21:33 INFO LEAD new: [Permitted] Camden/2025/1258/L — 20 Church Row London NW3 6UP
2026-10-01 11:21:33 INFO LEAD new: [Permitted] Camden/2025/1263/P — 59 Constantine Road London NW3 2LP
2026-10-01 11:21:33 INFO LEAD new: [Permitted] Camden/2025/1252/P — 22C Lady Margaret Road London NW5 2XS
2026-10-01 11:21:33 INFO LEAD new: [Permitted] Camden/2025/1254/L — Parliament Hill Lido Gordon House Road London NW5 1LT
2026-10-01 11:21:33 INFO LEAD new: [Permitted] Camden/2025/1251/P — Parliament Hill Lido Gordon House Road London NW5 1LT
2026-10-01 11:21:33 INFO LEAD new: [Permitted] Camden/2025/1234/P — Met Building 22 Percy Street London W1T 2BU
2026-10-01 11:21:33 INFO LEAD new: [Permitted] Camden/2025/1236/P — Belgrove House Belgrove Street London WC1H 8AA
2026-10-01 11:21:33 INFO LEAD new: [Permitted] Camden/25-00128-HAPP — 38 Lisburne Road London NW3 2NR
2026-10-01 11:21:33 INFO LEAD new: [Permitted] Camden/2025/1223/P — Vernon House 23 Sicilian Avenue WC1A 2QS
2026-10-01 11:21:33 INFO LEAD new: [Permitted] Camden/2025/1206/P — Flat 1 52 Shirlock Road London NW3 2HS
2026-10-01 11:21:33 INFO LEAD new: [Permitted] Camden/2025/1233/P — UCL Anatomy Building Gower Street London WC1E 6BT
2026-10-01 11:21:39 INFO [camden/Permitted] page at offset 5100: 100 records
2026-10-01 11:21:39 INFO LEAD new: [Permitted] Camden/2025/1235/A — Met Building 22 Percy Street London W1T 2BU
2026-10-01 11:21:39 INFO LEAD new: [Permitted] Camden/2025/1212/L — 89 Great Russell Street London WC1B 3PS
2026-10-01 11:21:39 INFO LEAD new: [Permitted] Camden/2025/1304/L — UCL Slade School Of Art Building Gower Street London WC1E 6B
2026-10-01 11:21:39 INFO LEAD new: [Permitted] Camden/2025/0640/L — Vernon House 23 Sicilian Avenue London WC1A 2QS
2026-10-01 11:21:39 INFO LEAD new: [Permitted] Camden/2025/0676/P — Vernon House 23 Sicilian Avenue London WC1A 2QS
2026-10-01 11:21:39 INFO LEAD new: [Permitted] Camden/2025/0519/P — 115 Priory Road London NW6 3NN
2026-10-01 11:21:39 INFO LEAD new: [Permitted] Camden/2025/1199/P — 159 Malden Road London NW5 4HT
2026-10-01 11:21:39 INFO LEAD new: [Permitted] Camden/2025/1209/P — Dutch House 307 High Holborn Holborn London WC1V 7LL
2026-10-01 11:21:39 INFO LEAD new: [Permitted] Camden/2025/1204/P — Flat Ground And Basement Floor Rear 62 Regent's Park Road Lo
2026-10-01 11:21:39 INFO LEAD new: [Permitted] Camden/2025/1213/P — Flat A 12 Sherriff Road London NW6 2AU
2026-10-01 11:21:39 INFO LEAD new: [Permitted] Camden/2025/1211/P — UCL Slade School Of Art Building Gower Street London WC1E 6B
2026-10-01 11:21:39 INFO LEAD new: [Permitted] Camden/2025/1196/L — 50 Doughty Street London WC1N 2JS
2026-10-01 11:21:39 INFO LEAD new: [Permitted] Camden/2025/1195/P — 20 Church Row London NW3 6UP
2026-10-01 11:21:39 INFO LEAD new: [Permitted] Camden/2025/1190/P — Sunbury Fitzroy Park London N6 6HX
2026-10-01 11:21:39 INFO LEAD new: [Permitted] Camden/2025/0450/P — Flat B 34 Parkhill Road London NW3 2YP
2026-10-01 11:21:39 INFO LEAD new: [Permitted] Camden/2025/1178/P — 53-79 Highgate Studios Highgate Road London Camden NW5 1TL
2026-10-01 11:21:39 INFO LEAD new: [Permitted] Camden/2025/1193/P — 181 Ground Floor Drury Lane London Camden WC2B 5QF
2026-10-01 11:21:39 INFO LEAD new: [Permitted] Camden/2025/1182/P — 28 Chalcot Square London NW1 8YA
2026-10-01 11:21:39 INFO LEAD new: [Permitted] Camden/2025/0764/P — 23 St Paul's Mews London Camden NW1 9TZ
2026-10-01 11:21:39 INFO LEAD new: [Permitted] Camden/2025/1188/P — 50 Doughty Street London WC1N 2JS
2026-10-01 11:21:39 INFO LEAD new: [Permitted] Camden/2025/0855/P — Garden Flat 96 Haverstock Hill London Camden NW3 2BD
2026-10-01 11:21:39 INFO LEAD new: [Permitted] Camden/2025/1049/P — 4 Pilgrim's Lane London Camden NW3 1SL
2026-10-01 11:21:39 INFO LEAD new: [Permitted] Camden/2025/0843/P — 181 Drury Lane London Camden WC2B 5QF
2026-10-01 11:21:40 INFO LEAD new: [Permitted] Camden/2025/1161/L — Flat B 1 Hampstead Hill Gardens London NW3 2PH
2026-10-01 11:21:40 INFO LEAD new: [Permitted] Camden/2025/1167/L — British Museum Great Russell Street London WC1B 3DG
2026-10-01 11:21:40 INFO LEAD new: [Permitted] Camden/2025/1117/P — 12 Old Brewery Mews London NW3 1PZ
2026-10-01 11:21:40 INFO LEAD new: [Permitted] Camden/2025/0782/P — 19 Alma Street London NW5 3DJ
2026-10-01 11:21:40 INFO LEAD new: [Permitted] Camden/2025/1172/P — 89 Great Russell Street London WC1B 3PS
2026-10-01 11:21:40 INFO LEAD new: [Permitted] Camden/2025/0456/P — Garden Flat 65 Belsize Park London Camden NW3 4EH
2026-10-01 11:21:40 INFO LEAD new: [Permitted] Camden/2025/1035/P — 17 Ivor Street London NW1 9PJ
2026-10-01 11:21:40 INFO LEAD new: [Permitted] Camden/2025/1151/P — 10 Park Village West London NW1 4AE
2026-10-01 11:21:40 INFO LEAD new: [Permitted] Camden/2025/1138/L — 53 Gordon Square London Camden WC1H 0PD
2026-10-01 11:21:40 INFO LEAD new: [Permitted] Camden/2025/1158/P — 100 and 100a Chalk Farm Road London Camden NW1 8EH
2026-10-01 11:21:40 INFO LEAD new: [Permitted] Camden/2025/1156/L — 53 Gordon Square London WC1H 0PD
2026-10-01 11:21:40 INFO LEAD new: [Permitted] Camden/2025/1159/P — 100 and 100a Chalk Farm Road London NW1 8EH
2026-10-01 11:21:40 INFO LEAD new: [Permitted] Camden/2025/1141/P — Chester Road Hostel 2 Chester Road London N19 5BP
2026-10-01 11:21:40 INFO LEAD new: [Permitted] Camden/2025/1144/P — 8 Eglon Mews London NW1 8YS
2026-10-01 11:21:40 INFO LEAD new: [Permitted] Camden/2025/1173/L — 1 Wharf Road London N1C 4BZ
2026-10-01 11:21:40 INFO LEAD new: [Permitted] Camden/2025/1145/P — 1 Wharf Road London N1C 4BZ
2026-10-01 11:21:40 INFO LEAD new: [Permitted] Camden/2025/1134/P — 57A Torriano Avenue London NW5 2SJ
2026-10-01 11:21:40 INFO LEAD new: [Permitted] Camden/2025/1133/P — Flat A 142 Fellows Road London NW3 3JH
2026-10-01 11:21:40 INFO LEAD new: [Permitted] Camden/2025/1140/P — 248-250 Camden Road Hostel Camden Road London Camden NW1 9HE
2026-10-01 11:21:40 INFO LEAD new: [Permitted] Camden/2025/1089/P — Flat Lower Ground Floor Front 42 Malden Road London NW5 3HG
2026-10-01 11:21:40 INFO LEAD new: [Permitted] Camden/2025/1132/P — 15 Lyndhurst Terrace London NW3 5QA
2026-10-01 11:21:40 INFO LEAD new: [Permitted] Camden/2025/1125/P — Flat B 24 Ebbsfleet Road London NW2 3NA
2026-10-01 11:21:40 INFO LEAD new: [Permitted] Camden/2025/1130/P — 51-53 Hatton Garden London Camden EC1N 8HN
2026-10-01 11:21:40 INFO LEAD new: [Permitted] Camden/2025/1118/P — Flat 2 16 Lymington Road London NW6 1HY
2026-10-01 11:21:40 INFO LEAD new: [Permitted] Camden/2025/1123/P — 56 Belsize Lane London NW3 5AR
2026-10-01 11:21:40 INFO LEAD new: [Permitted] Camden/2025/1116/P — 52 Avenue Road London NW8 6HS
2026-10-01 11:21:40 INFO LEAD new: [Permitted] Camden/2025/0178/P — Regent's Park Outer Circle London NW1 4NR
2026-10-01 11:21:40 INFO LEAD new: [Permitted] Camden/2025/1372/L — 12 and 13 Primrose Hill Studios Fitzroy Road London NW1 8TR
2026-10-01 11:21:40 INFO LEAD new: [Permitted] Camden/2025/1131/A — 31 Tottenham Street London Camden W1T 4RR
2026-10-01 11:21:40 INFO LEAD new: [Permitted] Camden/2025/1099/P — Flat 2 14 Chesterford Gardens London NW3 7DE
2026-10-01 11:21:40 INFO LEAD new: [Permitted] Camden/2025/1104/L — 28 Chalcot Square London NW1 8YA
2026-10-01 11:21:40 INFO LEAD new: [Permitted] Camden/2025/1098/L — 7 The Grove London N6 6JU
2026-10-01 11:21:40 INFO LEAD new: [Permitted] Camden/2025/1114/L — 45 Flask Walk London NW3 1HH
2026-10-01 11:21:40 INFO LEAD new: [Permitted] Camden/2024/4237/P — Arches 43-46 Castle Mews London NW1 8SX
2026-10-01 11:21:40 INFO LEAD new: [Permitted] Camden/2025/1112/L — Town Hall Judd Street London WC1H 9JE
2026-10-01 11:21:40 INFO LEAD new: [Permitted] Camden/2025/1109/P — O2 Masterplan Site Finchley Road London NW3 6LU
2026-10-01 11:21:40 INFO LEAD new: [Permitted] Camden/2025/0342/P — Flat 5 Fairhazel Mansions 14 Fairhazel Gardens London NW6 3S
2026-10-01 11:21:40 INFO LEAD new: [Permitted] Camden/2025/0763/L — Flat 3 7 Wedderburn Road London NW3 5QS
2026-10-01 11:21:40 INFO LEAD new: [Permitted] Camden/2025/1075/P — 12 South Villas London NW1 9BS
2026-10-01 11:21:40 INFO LEAD new: [Permitted] Camden/2025/1085/L — 25 Old Gloucester Street London WC1N 3AF
2026-10-01 11:21:40 INFO LEAD new: [Permitted] Camden/2025/1071/L — Flat 2 12 Lyndhurst Gardens London NW3 5NR
2026-10-01 11:21:46 INFO [camden/Permitted] page at offset 5200: 100 records
2026-10-01 11:21:46 INFO LEAD new: [Permitted] Camden/2025/1074/L — 11 Cannon Lane London Camden NW3 1EL
2026-10-01 11:21:46 INFO LEAD new: [Permitted] Camden/2025/1083/P — 39 Russell Square London WC1B 5DA
2026-10-01 11:21:46 INFO LEAD new: [Permitted] Camden/2025/1060/P — 4 Charlotte Mews London Camden W1T 4EA
2026-10-01 11:21:46 INFO LEAD new: [Permitted] Camden/2025/1062/L — Flat 35 Barnfield Upper Park Road London NW3 2UU
2026-10-01 11:21:46 INFO LEAD new: [Permitted] Camden/2025/1033/P — 133 King Henry's Road London NW3 3RD
2026-10-01 11:21:46 INFO LEAD new: [Permitted] Camden/2025/1032/P — Lower Ground Floor Flat 133 King Henry's Road London NW3 3RD
2026-10-01 11:21:46 INFO LEAD new: [Permitted] Camden/2025/1048/P — 14 Burgess Hill London NW2 2DA
2026-10-01 11:21:46 INFO LEAD new: [Permitted] Camden/2025/1054/P — Flat A 42 Denning Road London NW3 1SU
2026-10-01 11:21:46 INFO LEAD new: [Permitted] Camden/2025/1045/P — 8 Reed's Place London NW1 9NA
2026-10-01 11:21:47 INFO LEAD new: [Permitted] Camden/2025/1051/P — NCP Car Park Drury Lane London WC2B 5PW
2026-10-01 11:21:47 INFO LEAD new: [Permitted] Camden/2025/0925/P — Flat 1 33 Roderick Road London NW3 2NN
2026-10-01 11:21:47 INFO LEAD new: [Permitted] Camden/2025/1052/P — St Pancras Hospital, Moorfields Eye Hospital 4 St Pancras Wa
2026-10-01 11:21:47 INFO LEAD new: [Permitted] Camden/2025/1019/P — Regent's Park Estate (various locations), Esther Randall Cou
2026-10-01 11:21:47 INFO LEAD new: [Permitted] Camden/2025/1017/P — 116 Regent's Park Road London NW1 8UG
2026-10-01 11:21:47 INFO LEAD new: [Permitted] Camden/2025/1073/L — 90 Frognal London NW3 6XB
2026-10-01 11:21:47 INFO LEAD new: [Permitted] Camden/2025/1020/P — 90 Frognal London NW3 6XB
2026-10-01 11:21:47 INFO LEAD new: [Permitted] Camden/2025/1012/P — 527 Finchley Road London Camden NW3 7BG
2026-10-01 11:21:47 INFO LEAD new: [Permitted] Camden/2025/0861/P — Flat A 111 Chetwynd Road London NW5 1DA
2026-10-01 11:21:47 INFO LEAD new: [Permitted] Camden/2025/1021/P — 91 Castlehaven Road London Camden NW1 8SJ
2026-10-01 11:21:47 INFO LEAD new: [Permitted] Camden/2025/1024/P — 1F Maisonette 322 Kentish Town Road London NW5 2TH
2026-10-01 11:21:47 INFO LEAD new: [Permitted] Camden/2025/1009/P — Flat Ground Floor 109 Greencroft Gardens London NW6 3PE
2026-10-01 11:21:47 INFO LEAD new: [Permitted] Camden/2025/0956/L — 1 Chester Place London NW1 4NB
2026-10-01 11:21:47 INFO LEAD new: [Permitted] Camden/2025/1147/L — School of Hygiene and Tropical Medicine 1 Keppel Street Lond
2026-10-01 11:21:47 INFO LEAD new: [Permitted] Camden/25-00120-HRET — 14 Swain's Lane London N6 6QS
2026-10-01 11:21:47 INFO LEAD new: [Permitted] Camden/2024/2127/P — 9 Blackburn Road London NW6 1RZ
2026-10-01 11:21:47 INFO LEAD new: [Permitted] Camden/2025/1005/P — 75 Broomsleigh Street London NW6 1QQ
2026-10-01 11:21:47 INFO LEAD new: [Permitted] Camden/2025/0997/P — 154-156 Shaftesbury Avenue London WC2H 8JT
2026-10-01 11:21:47 INFO LEAD new: [Permitted] Camden/2025/0438/P — School of Hygiene and Tropical Medicine 1 Keppel Street Lond
2026-10-01 11:21:47 INFO LEAD new: [Permitted] Camden/2025/1007/P — 31 Dartmouth Park Avenue London Camden NW5 1JL
2026-10-01 11:21:47 INFO LEAD new: [Permitted] Camden/2025/0990/L — 123 Clerkenwell Road London EC1R 5DB
2026-10-01 11:21:47 INFO LEAD new: [Permitted] Camden/2025/0986/P — Flat Top Front & Top Rear 93 Regent's Park Road London NW1 8
2026-10-01 11:21:47 INFO LEAD new: [Permitted] Camden/2025/0416/P — 123 Clerkenwell Road London EC1R 5DB
2026-10-01 11:21:47 INFO LEAD new: [Permitted] Camden/2025/0710/P — 4-10 Tower Street London WC2H 9NP
2026-10-01 11:21:47 INFO LEAD new: [Permitted] Camden/2025/0944/P — 26 Hillfield Court Belsize Avenue London NW3 4BJ
2026-10-01 11:21:47 INFO LEAD new: [Permitted] Camden/2025/0814/P — 36 Grafton Terrace London NW5 4HY
2026-10-01 11:21:47 INFO LEAD new: [Permitted] Camden/2025/0960/P — Main Quadrangle and Wilkins Building Gower Street London WC1
2026-10-01 11:21:47 INFO LEAD new: [Permitted] Camden/2025/0982/P — Rosslyn Mansions 21 Goldhurst Terrace London NW6 3HD
2026-10-01 11:21:47 INFO LEAD new: [Permitted] Camden/2025/0962/P — Main Quadrangle and Wilkins Building Gower Street London WC1
2026-10-01 11:21:47 INFO LEAD new: [Permitted] Camden/2025/0871/P — 76 Shelton Street London WC2H 9FD
2026-10-01 11:21:47 INFO LEAD new: [Permitted] Camden/2025/0947/A — 227 Finchley Road London Camden NW3 6LP
2026-10-01 11:21:47 INFO LEAD new: [Permitted] Camden/2025/0948/P — Flat 2 102 Chetwynd Road London NW5 1DH
2026-10-01 11:21:47 INFO LEAD new: [Permitted] Camden/2025/0981/P — Basement Flat 6 South Hill Park London NW3 2SB
2026-10-01 11:21:47 INFO LEAD new: [Permitted] Camden/2025/0954/P — 6 Farringdon Road London EC1M 6AL
2026-10-01 11:21:47 INFO LEAD new: [Permitted] Camden/25-00124-HAPP — Garden House 1E Ellerdale Road London NW3 6BA
2026-10-01 11:21:47 INFO LEAD new: [Permitted] Camden/2025/0959/P — 15 Tanza Road London NW3 2UA
2026-10-01 11:21:47 INFO LEAD new: [Permitted] Camden/2025/0943/L — Flat 3 68 Oakley Square London NW1 1NJ
2026-10-01 11:21:47 INFO LEAD new: [Permitted] Camden/2025/0985/P — 187 Fordwych Road London NW2 3NH
2026-10-01 11:21:47 INFO LEAD new: [Permitted] Camden/2025/0958/P — Main Quadrangle and Wilkins Building Gower Street London WC1
2026-10-01 11:21:47 INFO LEAD new: [Permitted] Camden/2025/0923/P — 1 Chester Place London NW1 4NB
2026-10-01 11:21:47 INFO LEAD new: [Permitted] Camden/2025/0933/P — 2-6 Hampstead High Street Camden London NW3 1PR
2026-10-01 11:21:47 INFO LEAD new: [Permitted] Camden/2025/0936/P — 32 Glenhurst Avenue London NW5 1PS
2026-10-01 11:21:47 INFO LEAD new: [Permitted] Camden/2025/0932/P — 20 Redington Road London NW3 7RG
2026-10-01 11:21:47 INFO LEAD new: [Permitted] Camden/2025/0935/L — 16 Woburn Square London WC1H 0NS
2026-10-01 11:21:47 INFO LEAD new: [Permitted] Camden/2025/0924/P — 16 Woburn Square London WC1H 0NS
2026-10-01 11:21:47 INFO LEAD new: [Permitted] Camden/2025/0810/P — 5 The Grove London N6 6JU
2026-10-01 11:21:47 INFO LEAD new: [Permitted] Camden/2025/0859/P — Flat A 11 Lymington Road London NW6 1HX
2026-10-01 11:21:47 INFO LEAD new: [Permitted] Camden/2025/0920/P — 184-192 Drummond Street London NW1 3HP
2026-10-01 11:21:47 INFO LEAD new: [Permitted] Camden/2025/0931/P — 12 Steele's Road London NW3 4SE
2026-10-01 11:21:47 INFO LEAD new: [Permitted] Camden/2025/0589/P — 3 Mortimer Terrace London NW5 1LH
2026-10-01 11:21:47 INFO LEAD new: [Permitted] Camden/2025/0888/P — Flat 3 34 Museum Street London WC1A 1LH
2026-10-01 11:21:47 INFO LEAD new: [Permitted] Camden/2025/0898/P — 188 Kilburn High Road London Camden NW6 4JD
2026-10-01 11:21:47 INFO LEAD new: [Permitted] Camden/2025/0894/P — 41 Ornan Road London Camden NW3 4QD
2026-10-01 11:21:47 INFO LEAD new: [Permitted] Camden/2025/0339/P — Flat A 146 Fellows Road London NW3 3JH
2026-10-01 11:21:47 INFO LEAD new: [Permitted] Camden/2025/0882/P — 16 Lyndhurst Gardens London NW3 5NR
2026-10-01 11:21:47 INFO LEAD new: [Permitted] Camden/2025/0913/P — 4-6 Bedford Place London WC1B 5JD
2026-10-01 11:21:47 INFO LEAD new: [Permitted] Camden/2025/0914/P — 70 Churchway London NW1 1LT
2026-10-01 11:21:47 INFO LEAD new: [Permitted] Camden/2025/0660/L — Town Hall Judd Street London WC1H 9JE
2026-10-01 11:21:47 INFO LEAD new: [Permitted] Camden/2024/5776/P — Flat 2 2 Hermit Place London NW6 4BZ
2026-10-01 11:21:47 INFO LEAD new: [Permitted] Camden/2024/3303/L — 42 Museum Street London WC1A 1LY
2026-10-01 11:21:54 INFO [camden/Permitted] page at offset 5300: 100 records
2026-10-01 11:21:54 INFO LEAD new: [Permitted] Camden/2025/0912/P — Greater London House Hampstead Road London NW1 7QX
2026-10-01 11:21:54 INFO LEAD new: [Permitted] Camden/2025/0899/P — Flat 1 68 Goldhurst Terrace London Camden NW6 3HT
2026-10-01 11:21:54 INFO LEAD new: [Permitted] Camden/2025/0927/L — Flat 3 34 Museum Street London WC1A 1LH
2026-10-01 11:21:54 INFO LEAD new: [Permitted] Camden/2025/0874/L — Main Quadrangle and Wilkins Building Gower Street London WC1
2026-10-01 11:21:54 INFO LEAD new: [Permitted] Camden/2025/1160/L — 65 Gloucester Crescent London NW1 7EG
2026-10-01 11:21:54 INFO LEAD new: [Permitted] Camden/2025/0873/P — Central Somers Town Covering Land At Polygon Road Open Space
2026-10-01 11:21:54 INFO LEAD new: [Permitted] Camden/2025/0908/L — 16 Lyndhurst Gardens London NW3 5NR
2026-10-01 11:21:54 INFO LEAD new: [Permitted] Camden/2025/0885/L — De Vere Grand Connaught Rooms 61-65 Great Queen Street Camde
2026-10-01 11:21:54 INFO LEAD new: [Permitted] Camden/2025/0867/P — 65 Gloucester Crescent London NW1 7EG
2026-10-01 11:21:54 INFO LEAD new: [Permitted] Camden/2025/0875/L — 32 Steele's Road London NW3 4RE
2026-10-01 11:21:54 INFO LEAD new: [Permitted] Camden/2025/0881/P — 20 Triton Street London Camden NW1 3BF
2026-10-01 11:21:54 INFO LEAD new: [Permitted] Camden/2025/0808/P — Flat A 26 Leighton Road London Camden NW5 2QE
2026-10-01 11:21:54 INFO LEAD new: [Permitted] Camden/2025/0818/L — Flat A 26 Leighton Road London Camden NW5 2QE
2026-10-01 11:21:54 INFO LEAD new: [Permitted] Camden/2025/0820/HS2 — 26 Park Village East London NW1 7PZ
2026-10-01 11:21:54 INFO LEAD new: [Permitted] Camden/2025/0883/P — 16 Twisden Road London NW5 1DN
2026-10-01 11:21:54 INFO LEAD new: [Permitted] Camden/2025/0886/P — County Hotel Upper Woburn Place London WC1H 0JW
2026-10-01 11:21:54 INFO LEAD new: [Permitted] Camden/2025/0876/L — Main Quadrangle and Wilkins Building Gower Street London WC1
2026-10-01 11:21:54 INFO LEAD new: [Permitted] Camden/2025/0872/P — Central Somers Town Covering Land At Polygon Road Open Space
2026-10-01 11:21:54 INFO LEAD new: [Permitted] Camden/2025/1976/P — 80 Hawtrey Road London NW3 3SS
2026-10-01 11:21:54 INFO LEAD new: [Permitted] Camden/2025/0854/P — 31 Ferncroft Avenue London NW3 7PG
2026-10-01 11:21:54 INFO LEAD new: [Permitted] Camden/2025/0656/P — 5a Belsize Square London NW3 4HT
2026-10-01 11:21:54 INFO LEAD new: [Permitted] Camden/2025/0643/L — 9 Northington Street WC1N 2ES
2026-10-01 11:21:54 INFO LEAD new: [Permitted] Camden/2025/0865/P — Flat 1-3 19 Wadham Gardens London NW3 3DN
2026-10-01 11:21:54 INFO LEAD new: [Permitted] Camden/2025/0446/P — Francis Crick Institute 1 Midland Road London NW1 1AT
2026-10-01 11:21:54 INFO LEAD new: [Permitted] Camden/2024/5067/A — 121 Finchley Road London NW3 6HY
2026-10-01 11:21:54 INFO LEAD new: [Permitted] Camden/2025/0842/P — 52 Ainger Road London Camden NW3 3AH
2026-10-01 11:21:54 INFO LEAD new: [Permitted] Camden/2025/0815/L — Flat 1a King Edward Mansions 8 Grape Street London WC2H 8DY
2026-10-01 11:21:54 INFO LEAD new: [Permitted] Camden/2025/0821/P — 80 Highgate Road London NW5 1PB
2026-10-01 11:21:54 INFO LEAD new: [Permitted] Camden/2025/0833/P — 25-26 Woburn Square Bloomsbury London WC1H 0AA
2026-10-01 11:21:54 INFO LEAD new: [Permitted] Camden/2025/0832/06BGP — 25-26 Woburn Square London WC1H 0AA
2026-10-01 11:21:54 INFO LEAD new: [Permitted] Camden/2024/5053/P — 161 Arlington Road London NW1 7ET
2026-10-01 11:21:54 INFO LEAD new: [Permitted] Camden/2024/5217/L — 161 Arlington Road London NW1 7ET
2026-10-01 11:21:54 INFO LEAD new: [Permitted] Camden/2025/0826/P — Camden Lock Market Camden Lock Place London NW1 8AF
2026-10-01 11:21:54 INFO LEAD new: [Permitted] Camden/2025/0828/P — 26 Berridge Mews London NW6 1RF
2026-10-01 11:21:54 INFO LEAD new: [Permitted] Camden/2025/0693/P — Flat A 190 Camden Road London NW1 9HG
2026-10-01 11:21:54 INFO LEAD new: [Permitted] Camden/2025/0690/P — Bank And Premises At Basement Ground And 1st Floor 106 Finch
2026-10-01 11:21:54 INFO LEAD new: [Permitted] Camden/2025/0793/L — Melia White House Hotel Albany Street London NW1 3UP
2026-10-01 11:21:54 INFO LEAD new: [Permitted] Camden/2025/0795/P — Flat 1 30 Redington Road London NW3 7RB
2026-10-01 11:21:54 INFO LEAD new: [Permitted] Camden/2025/0812/L — Vernon House 23 Sicilian Avenue WC1A 2QS
2026-10-01 11:21:54 INFO LEAD new: [Permitted] Camden/2025/0807/P — St Pancras International Youth Hostel 79-81 Euston Road Lond
2026-10-01 11:21:54 INFO LEAD new: [Permitted] Camden/25-00123-HAPP — 15 Ryland Road London NW5 3EA
2026-10-01 11:21:54 INFO LEAD new: [Permitted] Camden/2025/0806/P — 8 Heath Villas Vale Of Health London NW3 1AW
2026-10-01 11:21:54 INFO LEAD new: [Permitted] Camden/2025/0435/P — 24 Winscombe Street London N19 5DG
2026-10-01 11:21:54 INFO LEAD new: [Permitted] Camden/2025/0436/L — 24 Winscombe Street London N19 5DG
2026-10-01 11:21:54 INFO LEAD new: [Permitted] Camden/2025/0783/P — Albion House 55-59 New Oxford Street London WC1A 1BS
2026-10-01 11:21:54 INFO LEAD new: [Permitted] Camden/2025/0768/P — 100 and 100a Chalk Farm Road London NW1 8EH
2026-10-01 11:21:54 INFO LEAD new: [Permitted] Camden/2025/0773/L — 77 Highgate West Hill London N6 6BU
2026-10-01 11:21:54 INFO LEAD new: [Permitted] Camden/2025/0790/P — 14 John Street London WC1N 2EB
2026-10-01 11:21:54 INFO LEAD new: [Permitted] Camden/2025/0813/L — 14 John Street London WC1N 2EB
2026-10-01 11:21:54 INFO LEAD new: [Permitted] Camden/2025/0769/P — 11A Lyndhurst Road London NW3 5PX
2026-10-01 11:21:54 INFO LEAD new: [Permitted] Camden/2025/0786/P — 34 Marquis Road London NW1 9UB
2026-10-01 11:21:54 INFO LEAD new: [Permitted] Camden/25-00122-LDCE — 58 South Hill Park London NW3 2SJ
2026-10-01 11:21:54 INFO LEAD new: [Permitted] Camden/2025/0663/L — Flat D and C 26 Montague Street London WC1B 5BH
2026-10-01 11:21:54 INFO LEAD new: [Permitted] Camden/2025/0518/A — 40 Well Walk London NW3 1BX
2026-10-01 11:21:54 INFO LEAD new: [Permitted] Camden/2025/0549/P — Flat 1, 1 Caulfield House, Penrose Gardens London NW3 7BF
2026-10-01 11:21:54 INFO LEAD new: [Permitted] Camden/2025/0753/P — Central Somers Town Covering Land At Polygon Road Open Space
2026-10-01 11:21:54 INFO LEAD new: [Permitted] Camden/2025/0743/P — 100 Gloucester Avenue London NW1 8HX
2026-10-01 11:21:54 INFO LEAD new: [Permitted] Camden/2025/0746/P — 31 Elsworthy Road London Camden NW3 3BT
2026-10-01 11:21:54 INFO LEAD new: [Permitted] Camden/2025/0754/L — 2 Stone Buildings, Third Floor West 2 2 Stone Buildings Thir
2026-10-01 11:21:54 INFO LEAD new: [Permitted] Camden/2025/0761/L — 7 Rothwell Street London NW1 8YH
2026-10-01 11:21:54 INFO LEAD new: [Permitted] Camden/2024/4334/P — School Of Hygiene And Tropical Medicine Keppel Street London
2026-10-01 11:21:54 INFO LEAD new: [Permitted] Camden/2025/0760/L — Town Hall Judd Street London WC1H 9JE
2026-10-01 11:21:54 INFO LEAD new: [Permitted] Camden/2025/0744/P — 17 Frognal London NW3 6AR
2026-10-01 11:21:54 INFO LEAD new: [Permitted] Camden/2025/0758/P — Flat 1st And 2nd Floor 12A South Hill Park London NW3 2SB
2026-10-01 11:21:54 INFO LEAD new: [Permitted] Camden/2025/0742/P — 89 Arlington Road London NW1 7ES
2026-10-01 11:21:54 INFO LEAD new: [Permitted] Camden/2025/0723/P — 40 & 40a King Henry's Road London NW3 3RP
2026-10-01 11:21:54 INFO LEAD new: [Permitted] Camden/2025/0733/P — 7 Provost Road London NW3 4ST
2026-10-01 11:21:54 INFO LEAD new: [Permitted] Camden/2025/0722/P — 12A Elizabeth Mews London NW3 4TL
2026-10-01 11:21:54 INFO LEAD new: [Permitted] Camden/2025/0732/P — Garden Flat, 99 King Henry's Road London NW3 3QX
2026-10-01 11:22:01 INFO [camden/Permitted] page at offset 5400: 100 records
2026-10-01 11:22:01 INFO LEAD new: [Permitted] Camden/2025/0726/P — 48 Achilles Road London NW6 1EA
2026-10-01 11:22:01 INFO LEAD new: [Permitted] Camden/2025/0724/L — British Museum Great Russell Street London WC1E 7JW
2026-10-01 11:22:01 INFO LEAD new: [Permitted] Camden/2025/0731/P — 67 Minster Road London Camden NW2 3SJ
2026-10-01 11:22:01 INFO LEAD new: [Permitted] Camden/2025/0741/P — Flat A 11 Chesterford Gardens London Camden NW3 7DD
2026-10-01 11:22:01 INFO LEAD new: [Permitted] Camden/2025/0771/L — 7 Provost Road London NW3 4ST
2026-10-01 11:22:01 INFO LEAD new: [Permitted] Camden/2025/0737/P — Land Adjacent To 49 Lamble Street London NW5 4AS
2026-10-01 11:22:01 INFO LEAD new: [Permitted] Camden/2025/0725/HS2 — Site of the Replacement London Underground Traction Substati
2026-10-01 11:22:01 INFO LEAD new: [Permitted] Camden/2025/0219/A — 183 Camden High Street London NW1 7JY
2026-10-01 11:22:01 INFO LEAD new: [Permitted] Camden/2025/0400/P — 183 Camden High Street London NW1 7JY
2026-10-01 11:22:01 INFO LEAD new: [Permitted] Camden/2025/0717/P — 30 Mazenod Avenue London NW6 4LR
2026-10-01 11:22:01 INFO LEAD new: [Permitted] Camden/2025/0583/P — Flat B 11 Bramshill Gardens London NW5 1JJ
2026-10-01 11:22:01 INFO LEAD new: [Permitted] Camden/2025/0719/P — 53 Burghley Road London NW5 1UH
2026-10-01 11:22:01 INFO LEAD new: [Permitted] Camden/2025/0675/P — 38-40 Windmill Street London W1T 2BE
2026-10-01 11:22:01 INFO LEAD new: [Permitted] Camden/2025/0721/L — 53 Gordon Square London WC1H 0PD
2026-10-01 11:22:01 INFO LEAD new: [Permitted] Camden/2025/0718/P — 15-17 Earlham Street London WC2H 9LL
2026-10-01 11:22:01 INFO LEAD new: [Permitted] Camden/2025/0695/L — The 99s The Stables Market Chalk Farm Road London NW1 8AH
2026-10-01 11:22:01 INFO LEAD new: [Permitted] Camden/2025/0631/L — 52 Charrington Street London NW1 1RD
2026-10-01 11:22:01 INFO LEAD new: [Permitted] Camden/2024/5331/P — Christ Church C E Primary School Redhill Street London NW1 4
2026-10-01 11:22:01 INFO LEAD new: [Permitted] Camden/2025/0469/P — 11 Camden High Street London NW1 7JE
2026-10-01 11:22:01 INFO LEAD new: [Permitted] Camden/2025/0699/P — 8 Village Close Belsize Lane London NW3 5AH
2026-10-01 11:22:01 INFO LEAD new: [Permitted] Camden/2025/0694/P — British Museum Great Russell Street London WC1B 3DG
2026-10-01 11:22:01 INFO LEAD new: [Permitted] Camden/2025/0714/L — 106 Great Russell Street London Camden WC1B 3NA
2026-10-01 11:22:01 INFO LEAD new: [Permitted] Camden/2025/0680/P — 106 Great Russell Street London Camden WC1B 3NA
2026-10-01 11:22:01 INFO LEAD new: [Permitted] Camden/2025/0700/P — 237 - 247 Tottenham Court Road 1 - 3 Bayley Street 1 - 4 Mor
2026-10-01 11:22:01 INFO LEAD new: [Permitted] Camden/2025/0294/P — 36 Cressfield Close London NW5 4BW
2026-10-01 11:22:01 INFO LEAD new: [Permitted] Camden/2025/0686/P — 84 Fitzjohn's Avenue London NW3 6NP
2026-10-01 11:22:01 INFO LEAD new: [Permitted] Camden/2025/0222/P — 80 Hillfield Court Belsize Avenue London NW3 4BE
2026-10-01 11:22:01 INFO LEAD new: [Permitted] Camden/2025/0679/P — 15 Rona Road London NW3 2HY
2026-10-01 11:22:01 INFO LEAD new: [Permitted] Camden/2025/0664/P — 13 Lambolle Road London NW3 4HS
2026-10-01 11:22:01 INFO LEAD new: [Permitted] Camden/2025/0669/P — Acorn House 314-320 Gray's Inn Road London WC1X 8DP
2026-10-01 11:22:01 INFO LEAD new: [Permitted] Camden/2025/0661/L — Acland Burghley School 93 Burghley road London NW5 1UJ
2026-10-01 11:22:01 INFO LEAD new: [Permitted] Camden/2025/0662/P — Ground Floor Flat 31 Achilles Road London NW6 1DZ
2026-10-01 11:22:01 INFO LEAD new: [Permitted] Camden/2025/0668/P — 4 The Hexagon Fitzroy Park London N6 6HR
2026-10-01 11:22:01 INFO LEAD new: [Permitted] Camden/2025/0620/P — Garden Flat 6 Belsize Grove London NW3 4UN
2026-10-01 11:22:01 INFO LEAD new: [Permitted] Camden/2024/4962/P — 7 John Street London Camden WC1N 2ES
2026-10-01 11:22:01 INFO LEAD new: [Permitted] Camden/2025/0648/P — 23 Fordwych Road London NW2 3TN
2026-10-01 11:22:01 INFO LEAD new: [Permitted] Camden/2025/0281/P — Flat 20, Thirlmere Cumberland Market London NW1 4EN
2026-10-01 11:22:01 INFO LEAD new: [Permitted] Camden/2025/0691/L — 7 Rothwell Street London NW1 8YH
2026-10-01 11:22:01 INFO LEAD new: [Permitted] Camden/2025/0642/P — Flat 1 53 Iverson Road London NW6 2QT
2026-10-01 11:22:01 INFO LEAD new: [Permitted] Camden/2024/5685/P — 127-128 High Holborn London WC1V 6PQ
2026-10-01 11:22:01 INFO LEAD new: [Permitted] Camden/2025/0634/P — 4 Oak Hill Park London NW3 7LG
2026-10-01 11:22:01 INFO LEAD new: [Permitted] Camden/2025/0641/P — 7 Rothwell Street London NW1 8YH
2026-10-01 11:22:01 INFO LEAD new: [Permitted] Camden/2025/0650/P — 100 and 100a Chalk Farm Road London NW1 8EH
2026-10-01 11:22:01 INFO LEAD new: [Permitted] Camden/2025/0639/L — University College School Frognal London Camden NW3 6XH
2026-10-01 11:22:01 INFO LEAD new: [Permitted] Camden/2025/0192/P — 38 Leverton Street London NW5 2PG
2026-10-01 11:22:01 INFO LEAD new: [Permitted] Camden/2025/0632/A — 128 Albert Street London NW1 7NE
2026-10-01 11:22:01 INFO LEAD new: [Permitted] Camden/2025/0705/A — 339 Finchley Road London NW3 6EP
2026-10-01 11:22:01 INFO LEAD new: [Permitted] Camden/2025/0617/P — 339 Finchley Road London NW3 6EP
2026-10-01 11:22:01 INFO LEAD new: [Permitted] Camden/2025/0628/P — 41 Meadowbank London NW3 3AY
2026-10-01 11:22:01 INFO LEAD new: [Permitted] Camden/2025/0612/HS2 — Statue of Robert Stephenson Euston Railway Station Euston Sq
2026-10-01 11:22:01 INFO LEAD new: [Permitted] Camden/2025/0623/P — Flat 2 3-5 South End Road London Camden NW3 2PT
2026-10-01 11:22:01 INFO LEAD new: [Permitted] Camden/2025/0337/P — Cottage 5 Hay Mews 94 Haverstock Hill London Camden NW3 2BG
2026-10-01 11:22:01 INFO LEAD new: [Permitted] Camden/2025/0616/P — 90 Bartholomew Road London Camden NW5 2AS
2026-10-01 11:22:01 INFO LEAD new: [Permitted] Camden/2025/0619/P — 95 Leverton Street London NW5 2NX
2026-10-01 11:22:01 INFO LEAD new: [Permitted] Camden/2025/0799/P — 104 Belsize Lane London NW3 5BB
2026-10-01 11:22:02 INFO LEAD new: [Permitted] Camden/2025/0603/P — 27 Belsize Square London Camden NW3 4HU
2026-10-01 11:22:02 INFO LEAD new: [Permitted] Camden/2025/0461/P — Garden Flat, 21 Lancaster Grove London NW3 4EX
2026-10-01 11:22:02 INFO LEAD new: [Permitted] Camden/2025/0408/P — 3 Crediton Hill London NW6 1HT
2026-10-01 11:22:02 INFO LEAD new: [Permitted] Camden/2025/0591/L — The Shaftesbury Theatre 210 Shaftesbury Avenue London Camden
2026-10-01 11:22:02 INFO LEAD new: [Permitted] Camden/2025/0606/P — 13 King's Mews London Camden WC1N 2HZ
2026-10-01 11:22:08 INFO [camden/Permitted] page at offset 5500: 100 records
2026-10-01 11:22:08 INFO LEAD new: [Permitted] Camden/2025/0422/P — 120 Kentish Town Road London Camden NW1 9PY
2026-10-01 11:22:08 INFO LEAD new: [Permitted] Camden/2025/0592/P — 42 Bartholomew Villas London Camden NW5 2LL
2026-10-01 11:22:08 INFO LEAD new: [Permitted] Camden/2025/0338/A — 202 Haverstock Hill London NW3 2AG
2026-10-01 11:22:08 INFO LEAD new: [Permitted] Camden/2025/0590/P — 11 Steele's Road London NW3 4SE
2026-10-01 11:22:08 INFO LEAD new: [Permitted] Camden/2025/0599/P — 104-110 Phoenix House Charing Cross Road London WC2H 0JN
2026-10-01 11:22:08 INFO LEAD new: [Permitted] Camden/25-00116-HAPP — 51 Willow Road, London, NW3 1TP
2026-10-01 11:22:08 INFO LEAD new: [Permitted] Camden/2025/0520/P — Flat 2 27 Lyndhurst Road Camden NW3 5PB
2026-10-01 11:22:08 INFO LEAD new: [Permitted] Camden/2025/0595/P — 13-15 John's Mews London Camden WC1N 2PA
2026-10-01 11:22:08 INFO LEAD new: [Permitted] Camden/2025/0587/L — Town Hall Judd Street London WC1H 9JE
2026-10-01 11:22:08 INFO LEAD new: [Permitted] Camden/2025/0564/P — 20 Church Row London NW3 6UP
2026-10-01 11:22:08 INFO LEAD new: [Permitted] Camden/2025/0567/P — 34 Meadowbank London NW3 3AY
2026-10-01 11:22:08 INFO LEAD new: [Permitted] Camden/2025/0594/P — 120 - 136 Camley Street & 3 - 30 Cedar Way London N1C 4PG & 
2026-10-01 11:22:08 INFO LEAD new: [Permitted] Camden/2025/0588/A — The Shaftesbury Theatre 210 Shaftesbury Avenue London Camden
2026-10-01 11:22:08 INFO LEAD new: [Permitted] Camden/2025/0512/P — 27 Shorts Gardens London WC2H 9AP
2026-10-01 11:22:08 INFO LEAD new: [Permitted] Camden/2025/0576/P — 181 Ground Floor Drury Lane London Camden WC2B 5QF
2026-10-01 11:22:08 INFO LEAD new: [Permitted] Camden/2024/4948/P — 175 Arlington Road London NW1 7EY
2026-10-01 11:22:08 INFO LEAD new: [Permitted] Camden/2025/0529/P — 27 Rochester Road London NW1 9JJ
2026-10-01 11:22:08 INFO LEAD new: [Permitted] Camden/2025/0565/A — 5 Bernard Street London WC1N 1LJ
2026-10-01 11:22:08 INFO LEAD new: [Permitted] Camden/2025/0545/P — 47 D Netherhall Gardens London NW3 5RJ
2026-10-01 11:22:08 INFO LEAD new: [Permitted] Camden/2025/0561/P — The Rayne Institute 5 University Street London WC1E 6JF
2026-10-01 11:22:08 INFO LEAD new: [Permitted] Camden/25-00117-HAPP — 12 Belsize Road London NW6 4RD
2026-10-01 11:22:08 INFO LEAD new: [Permitted] Camden/2025/0540/P — Flat B 20 Regent's Park Road London NW1 7TX
2026-10-01 11:22:08 INFO LEAD new: [Permitted] Camden/2025/0777/L — 7 Provost Road London NW3 4ST
2026-10-01 11:22:08 INFO LEAD new: [Permitted] Camden/2025/0560/P — 1 Museum Street London WC1A 1JR
2026-10-01 11:22:08 INFO LEAD new: [Permitted] Camden/2025/0551/P — 58 Canfield Gardens London NW6 3EB
2026-10-01 11:22:08 INFO LEAD new: [Permitted] Camden/2025/0555/A — 105 Tottenham Court Road London W1T 4TT
2026-10-01 11:22:08 INFO LEAD new: [Permitted] Camden/2025/0556/P — 7 Provost Road London NW3 4ST
2026-10-01 11:22:08 INFO LEAD new: [Permitted] Camden/2025/0559/L — 38 Great James Street London WC1N 3HB
2026-10-01 11:22:08 INFO LEAD new: [Permitted] Camden/2025/0078/P — Flat A 2 Crossfield Road London NW3 4NS
2026-10-01 11:22:08 INFO LEAD new: [Permitted] Camden/2025/0543/P — 38 Great James Street London WC1N 3HB
2026-10-01 11:22:08 INFO LEAD new: [Permitted] Camden/2025/0513/P — 19 Glenilla Road London NW3 4AL
2026-10-01 11:22:08 INFO LEAD new: [Permitted] Camden/2025/0546/P — 100 and 100a Chalk Farm Road London NW1 8EH
2026-10-01 11:22:08 INFO LEAD new: [Permitted] Camden/2025/0531/P — The Coach House 6 Kidderpore Avenue London NW3 7SP
2026-10-01 11:22:08 INFO LEAD new: [Permitted] Camden/2025/0569/L — Basement Flat 24 Gloucester Crescent London NW1 7DL
2026-10-01 11:22:08 INFO LEAD new: [Permitted] Camden/2025/0037/P — 6 Princess Mews London NW3 5AP
2026-10-01 11:22:08 INFO LEAD new: [Permitted] Camden/2025/0538/P — 32-34 Jamestown Road London NW1 7DB
2026-10-01 11:22:08 INFO LEAD new: [Permitted] Camden/2025/0537/P — Carriageway adjacent to Truro House, Mount Pleasant, London 
2026-10-01 11:22:08 INFO LEAD new: [Permitted] Camden/2025/0429/P — Flat 1st And 2nd Floors 69 Regent's Park Road London NW1 8UY
2026-10-01 11:22:08 INFO LEAD new: [Permitted] Camden/2025/0527/P — Basement Flat 24 Gloucester Crescent London NW1 7DL
2026-10-01 11:22:08 INFO LEAD new: [Permitted] Camden/2025/0516/P — 3 Marston Close London NW6 4EU
2026-10-01 11:22:08 INFO LEAD new: [Permitted] Camden/2025/0514/L — 69 Gower Street London WC1E 6HJ
2026-10-01 11:22:08 INFO LEAD new: [Permitted] Camden/2025/0473/P — 30 Sumatra Road London Camden NW6 1PU
2026-10-01 11:22:08 INFO LEAD new: [Permitted] Camden/2025/0526/P — 2 Glenloch Road London NW3 4BU
2026-10-01 11:22:08 INFO LEAD new: [Permitted] Camden/2025/0440/P — Depot Point, Management Suite 15-27 Britannia Street London 
2026-10-01 11:22:08 INFO LEAD new: [Permitted] Camden/25-00119-HAPP — 25 Meadowbank London NW3 3AY
2026-10-01 11:22:08 INFO LEAD new: [Permitted] Camden/2025/0327/P — Cheriton, Unit 27-30 Queen's Crescent London NW5 4EZ
2026-10-01 11:22:08 INFO LEAD new: [Permitted] Camden/2025/0498/P — 82 Fitzjohn's Avenue London NW3 6NP
2026-10-01 11:22:08 INFO LEAD new: [Permitted] Camden/2025/0500/P — 82 Fitzjohn's Avenue London NW3 6NP
2026-10-01 11:22:08 INFO LEAD new: [Permitted] Camden/2025/0506/P — 69 Gower Street London WC1E 6HJ
2026-10-01 11:22:08 INFO LEAD new: [Permitted] Camden/2025/0501/P — 82 Fitzjohn's Avenue London NW3 6NP
2026-10-01 11:22:08 INFO LEAD new: [Permitted] Camden/2025/0499/P — 82 Fitzjohn's Avenue London NW3 6NP
2026-10-01 11:22:08 INFO LEAD new: [Permitted] Camden/2025/0505/A — 25-26 Hampstead High Street London NW3 1QA
2026-10-01 11:22:08 INFO LEAD new: [Permitted] Camden/2025/0496/P — 151 A King Henry's Road London Camden NW3 3RD
2026-10-01 11:22:08 INFO LEAD new: [Permitted] Camden/2025/0504/P — Adjacent to Agar Grove Estate Agar Grove London NW1 9SL
2026-10-01 11:22:08 INFO LEAD new: [Permitted] Camden/2024/5782/P — 25 Roderick Road London Camden NW3 2NN
2026-10-01 11:22:08 INFO LEAD new: [Permitted] Camden/2025/0493/P — Upper Flat, 28 Charlotte Street London Camden W1T 2NF
2026-10-01 11:22:08 INFO LEAD new: [Permitted] Camden/2025/0476/HS2 — 14 Park Village East London NW1 7PX
2026-10-01 11:22:09 INFO LEAD new: [Permitted] Camden/2025/0478/HS2 — 12 Park Village East London NW1 7PX
2026-10-01 11:22:09 INFO LEAD new: [Permitted] Camden/2025/0474/L — BMA House 13 Tavistock Square London WC1H 9JP
2026-10-01 11:22:09 INFO LEAD new: [Permitted] Camden/2025/0477/HS2 — 16 Park Village East London NW1 7PX
2026-10-01 11:22:09 INFO LEAD new: [Permitted] Camden/2025/0485/P — 69 Gower Street London WC1E 6HJ
2026-10-01 11:22:09 INFO LEAD new: [Permitted] Camden/2025/0249/L — Derby Lodge Britannia Street London WC1X 9BP
2026-10-01 11:22:09 INFO LEAD new: [Permitted] Camden/2025/0486/P — Lower Ground and Ground Floor Flat 75 Bartholomew Road Londo
2026-10-01 11:22:09 INFO LEAD new: [Permitted] Camden/2025/0487/P — Flat 401, Corner House 36 Tottenham Street London W1T 4DB
2026-10-01 11:22:09 INFO LEAD new: [Permitted] Camden/2025/0489/P — 34 Belsize Lane London NW3 5AE
2026-10-01 11:22:09 INFO LEAD new: [Permitted] Camden/2025/0481/L — 14 Templewood Avenue London NW3 7XA
2026-10-01 11:22:09 INFO LEAD new: [Permitted] Camden/2025/0471/P — 71 Minster Road London NW2 3SJ
2026-10-01 11:22:09 INFO LEAD new: [Permitted] Camden/2025/0480/P — 8 Frognal Lane London NW3 7DU
2026-10-01 11:22:09 INFO LEAD new: [Permitted] Camden/2025/0562/L — Nadfas House 8 Guilford Street London WC1N 1DA
2026-10-01 11:22:09 INFO LEAD new: [Permitted] Camden/2025/0492/P — Nadfas House 8 Guilford Street London WC1N 1DA
2026-10-01 11:22:09 INFO LEAD new: [Permitted] Camden/2025/0490/P — Flat 1 87 Leather Lane London EC1N 7TS
2026-10-01 11:22:09 INFO LEAD new: [Permitted] Camden/2025/0466/P — 5 B Prince Arthur Road London NW3 6AX
2026-10-01 11:22:15 INFO [camden/Permitted] page at offset 5600: 100 records
2026-10-01 11:22:15 INFO LEAD new: [Permitted] Camden/2025/0451/P — Garden Flat 139 Fellows Road London NW3 3JJ
2026-10-01 11:22:15 INFO LEAD new: [Permitted] Camden/2024/5752/P — 20 Murray Mews London NW1 9RJ
2026-10-01 11:22:15 INFO LEAD new: [Permitted] Camden/2025/0145/L — Flat A 27 Mornington Terrace London NW1 7RS
2026-10-01 11:22:15 INFO LEAD new: [Permitted] Camden/2025/0104/P — Flat A 27 Mornington Terrace London NW1 7RS
2026-10-01 11:22:15 INFO LEAD new: [Permitted] Camden/2025/0449/P — 100 and 100a Chalk Farm Road London NW1 8EH
2026-10-01 11:22:15 INFO LEAD new: [Permitted] Camden/2025/0454/P — 2 Bisham Gardens London N6 6DD
2026-10-01 11:22:15 INFO LEAD new: [Permitted] Camden/2025/0457/P — 4 Oak Hill Park London NW3 7LG
2026-10-01 11:22:15 INFO LEAD new: [Permitted] Camden/2024/5751/P — 24 Tottenham Street London W1T 4RG
2026-10-01 11:22:15 INFO LEAD new: [Permitted] Camden/2025/0462/P — Phoenix House 104 - 110 Charing Cross Road London WC2H 0JN
2026-10-01 11:22:15 INFO LEAD new: [Permitted] Camden/2025/0464/P — Eastman Dental Hospital 256 Gray's In Road London WC1X 8LD
2026-10-01 11:22:15 INFO LEAD new: [Permitted] Camden/2025/0468/P — Flat 3 5 Eton Avenue London NW3 3EL
2026-10-01 11:22:15 INFO LEAD new: [Permitted] Camden/2025/0465/P — 88 & 100 Gray's Inn Road 127 Clerkenwell Road London WC1X 8A
2026-10-01 11:22:15 INFO LEAD new: [Permitted] Camden/2025/0467/P — 4 Church Walk London N6 6QY
2026-10-01 11:22:15 INFO LEAD new: [Permitted] Camden/2024/5799/P — Ground Floor Flat 253 Goldhurst Terrace London NW6 3EP
2026-10-01 11:22:15 INFO LEAD new: [Permitted] Camden/2025/0441/P — 229-231 Kingsbourne House High Holborn London WC1V 7DA
2026-10-01 11:22:15 INFO LEAD new: [Permitted] Camden/2025/0434/L — The Rotunda 42-43 Gloucester Crescent London NW1 7DL
2026-10-01 11:22:15 INFO LEAD new: [Permitted] Camden/2025/0433/P — 3 Crediton Hill London NW6 1HT
2026-10-01 11:22:15 INFO LEAD new: [Permitted] Camden/2025/0447/L — Philips Building Thornhaugh Street London WC1H 0XG
2026-10-01 11:22:15 INFO LEAD new: [Permitted] Camden/2025/0432/P — Macleod House 10 Parkway London NW1 7AA
2026-10-01 11:22:15 INFO LEAD new: [Permitted] Camden/2025/0479/L — Area outside Units 61-65 Coal Drops Yard London N1C 4DQ
2026-10-01 11:22:15 INFO LEAD new: [Permitted] Camden/2025/0448/P — Area outside Units 61-65 Coal Drops Yard London N1C 4DQ
2026-10-01 11:22:15 INFO LEAD new: [Permitted] Camden/2025/0539/L — 39 and 40 Russell Square London WC1B 5DA
2026-10-01 11:22:15 INFO LEAD new: [Permitted] Camden/2025/0428/P — 39 and 40 Russell Square London WC1B 5DA
2026-10-01 11:22:15 INFO LEAD new: [Permitted] Camden/2025/0404/P — Flat A 76 Belsize Park Gardens London Camden NW3 4NG
2026-10-01 11:22:15 INFO LEAD new: [Permitted] Camden/2024/5263/P — Flat A 12 Denning Road London NW3 1SU
2026-10-01 11:22:15 INFO LEAD new: [Permitted] Camden/2025/0050/P — Bank And Premises At Basement Ground And 1st Floor 106 Finch
2026-10-01 11:22:15 INFO LEAD new: [Permitted] Camden/2025/0437/P — 2 Frognal Close London NW3 6YB
2026-10-01 11:22:15 INFO LEAD new: [Permitted] Camden/2025/0403/P — Flat 1 163 Fordwych Road London NW2 3NG
2026-10-01 11:22:15 INFO LEAD new: [Permitted] Camden/2025/0425/P — British Museum Great Russell Street London WC1E 7JW
2026-10-01 11:22:15 INFO LEAD new: [Permitted] Camden/2025/0421/L — 37-63 Victoria House Southampton Row London WC1B 4DA
2026-10-01 11:22:15 INFO LEAD new: [Permitted] Camden/2025/0426/L — Flat 51 Regency Lodge Adelaide Road London NW3 5ED
2026-10-01 11:22:15 INFO LEAD new: [Permitted] Camden/2025/0417/P — Flat A 75 Regent's Park Road London NW1 8UY
2026-10-01 11:22:15 INFO LEAD new: [Permitted] Camden/2025/0306/A — The Crown PH 43 Monmouth Street London WC2H 9EW
2026-10-01 11:22:15 INFO LEAD new: [Permitted] Camden/2025/0423/L — The Crown PH 43 Monmouth Street London WC2H 9EW
2026-10-01 11:22:15 INFO LEAD new: [Permitted] Camden/2024/4987/P — 25 Briardale Gardens London NW3 7PN
2026-10-01 11:22:15 INFO LEAD new: [Permitted] Camden/2025/0395/P — 53-55 Chalton Street & 60 Churchway London NW1 1HY
2026-10-01 11:22:15 INFO LEAD new: [Permitted] Camden/2025/0398/A — 144 Camden High Street London NW1 0NE
2026-10-01 11:22:15 INFO LEAD new: [Permitted] Camden/2025/0399/P — 16 Provost Road London NW3 4ST
2026-10-01 11:22:15 INFO LEAD new: [Permitted] Camden/2025/0405/P — Ground Floor Flat 24 Winchester Road London NW3 3NT
2026-10-01 11:22:15 INFO LEAD new: [Permitted] Camden/2025/0372/A — 190 Camden High Street London NW1 8QP
2026-10-01 11:22:15 INFO LEAD new: [Permitted] Camden/2024/5255/P — 262 Finchley Road London NW3 7AA
2026-10-01 11:22:15 INFO LEAD new: [Permitted] Camden/2025/0090/P — 36 A Arkwright Road London Camden NW3 6BH
2026-10-01 11:22:15 INFO LEAD new: [Permitted] Camden/2025/0385/A — 59-61 Camden High Street London NW1 7JL
2026-10-01 11:22:15 INFO LEAD new: [Permitted] Camden/2025/0373/A — 79 New Oxford Street London Camden WC1A 1DG
2026-10-01 11:22:15 INFO LEAD new: [Permitted] Camden/2025/0370/P — 72 Lawn Road London NW3 2XB
2026-10-01 11:22:15 INFO LEAD new: [Permitted] Camden/2025/0368/P — 30 St Mark's Crescent London Camden NW1 7TU
2026-10-01 11:22:15 INFO LEAD new: [Permitted] Camden/2025/0264/P — UCL Institute Of Archaeology 31-34 Gordon Square London WC1H
2026-10-01 11:22:15 INFO LEAD new: [Permitted] Camden/2025/0380/P — 7 Redington Gardens London NW3 7RU
2026-10-01 11:22:15 INFO LEAD new: [Permitted] Camden/2025/0383/P — 2 And A Half Rudall Crescent London Camden NW3 1RS
2026-10-01 11:22:15 INFO LEAD new: [Permitted] Camden/2025/0384/P — 17 Belsize Park Mews London Camden NW3 5BL
2026-10-01 11:22:15 INFO LEAD new: [Permitted] Camden/2025/0366/P — 22 Harmood Street London NW1 8DJ
2026-10-01 11:22:16 INFO LEAD new: [Permitted] Camden/2025/0336/P — 1-3 Ferdinand Place London NW1 8EE
2026-10-01 11:22:16 INFO LEAD new: [Permitted] Camden/2025/0334/L — 31 South Hill Park London NW3 2ST
2026-10-01 11:22:16 INFO LEAD new: [Permitted] Camden/2025/0344/P — 263 Eversholt Street London NW1 1BA
2026-10-01 11:22:16 INFO LEAD new: [Permitted] Camden/2025/0341/L — 18 Eton Villas London NW3 4SG
2026-10-01 11:22:16 INFO LEAD new: [Permitted] Camden/2025/0064/L — 4 Mecklenburgh Street London WC1N 2AH
2026-10-01 11:22:16 INFO LEAD new: [Permitted] Camden/2024/5031/P — Flat 1 45 Lady Somerset Road London Camden NW5 1TY
2026-10-01 11:22:16 INFO LEAD new: [Permitted] Camden/2025/0358/P — 78 Hawtrey Road London NW3 3SS
2026-10-01 11:22:16 INFO LEAD new: [Permitted] Camden/2024/5794/P — British Museum Great Russell Street London WC1E 7JW
2026-10-01 11:22:16 INFO LEAD new: [Permitted] Camden/2025/0324/P — Ground Floor Flat 40 Gondar Gardens London Camden NW6 1HG
2026-10-01 11:22:22 INFO [camden/Permitted] page at offset 5700: 100 records
2026-10-01 11:22:22 INFO LEAD new: [Permitted] Camden/2025/0355/P — Windmill Court 52 Mapesbury Road London NW2 4JG
2026-10-01 11:22:22 INFO LEAD new: [Permitted] Camden/2025/0329/P — 41 and 43 Twisden Road London NW5 1DL
2026-10-01 11:22:22 INFO LEAD new: [Permitted] Camden/2025/0317/L — 37-63 Victoria House Southampton Row London WC1B 4DA
2026-10-01 11:22:22 INFO LEAD new: [Permitted] Camden/2025/0248/P — 39 Gayton Road London NW3 1TU
2026-10-01 11:22:22 INFO LEAD new: [Permitted] Camden/2024/5655/A — 80-82 Southampton Row London Camden WC1B 4BB
2026-10-01 11:22:22 INFO LEAD new: [Permitted] Camden/2025/0312/P — 48 Charlotte Street London Camden W1T 2NS
2026-10-01 11:22:22 INFO LEAD new: [Permitted] Camden/2025/0315/P — 14 - 19 Tottenham Mews London W1T 4AA
2026-10-01 11:22:22 INFO LEAD new: [Permitted] Camden/2025/0211/A — 237-247 Tottenham Court Road London W1T 7QP
2026-10-01 11:22:22 INFO LEAD new: [Permitted] Camden/2025/0354/L — 9 Wedderburn Road London NW3 5QS
2026-10-01 11:22:22 INFO LEAD new: [Permitted] Camden/2025/0297/P — 15-17 Tavistock Place London WC1H 9SH
2026-10-01 11:22:22 INFO LEAD new: [Permitted] Camden/2025/0292/P — Flat 4 4-6 Duke's Road London WC1H 9AD
2026-10-01 11:22:22 INFO LEAD new: [Permitted] Camden/2025/0311/L — Flat 4 4-6 Duke's Road London WC1H 9AD
2026-10-01 11:22:22 INFO LEAD new: [Permitted] Camden/2025/0276/P — 11-15 Emerald Street London WC1N 3QL
2026-10-01 11:22:22 INFO LEAD new: [Permitted] Camden/2025/0274/P — 9 Wedderburn Road London NW3 5QS
2026-10-01 11:22:23 INFO LEAD new: [Permitted] Camden/2025/0299/L — Wac Arts College 213 Haverstock Hill London Camden NW3 4QP
2026-10-01 11:22:23 INFO LEAD new: [Permitted] Camden/2025/0301/P — 41 Rudall Crescent London Camden NW3 1RR
2026-10-01 11:22:23 INFO LEAD new: [Permitted] Camden/25-00113-HAPP — 2 Frognal Gardens London NW3 6UX
2026-10-01 11:22:23 INFO LEAD new: [Permitted] Camden/2024/5495/P — 13A Mornington Place London NW1 7RW
2026-10-01 11:22:23 INFO LEAD new: [Permitted] Camden/2025/0252/P — 15 Crediton Hill London NW6 1HS
2026-10-01 11:22:23 INFO LEAD new: [Permitted] Camden/2025/0262/P — 25 Camden Park Road London Camden NW1 9AX
2026-10-01 11:22:23 INFO LEAD new: [Permitted] Camden/2025/0254/L — Flat B 51 Lamb's Conduit Street London WC1N 3NB
2026-10-01 11:22:23 INFO LEAD new: [Permitted] Camden/2025/0118/P — 9 Holmes Road London Camden NW5 3AA
2026-10-01 11:22:23 INFO LEAD new: [Permitted] Camden/25-00115-HAPP — The Coach House 50A Belsize Square London NW3 4HN
2026-10-01 11:22:23 INFO LEAD new: [Permitted] Camden/2025/0119/P — 9 Holmes Road London Camden NW5 3AA
2026-10-01 11:22:23 INFO LEAD new: [Permitted] Camden/2024/5080/A — 74 Charlotte Street London W1T 4QH
2026-10-01 11:22:23 INFO LEAD new: [Permitted] Camden/2025/0152/P — 5 Cannon Place London NW3 1EH
2026-10-01 11:22:23 INFO LEAD new: [Permitted] Camden/2025/0263/P — St Pancras Hospital 4 St Pancras Way London NW1 0PE
2026-10-01 11:22:23 INFO LEAD new: [Permitted] Camden/2024/4857/P — 74 Marchmont Street London Camden WC1N 1AB
2026-10-01 11:22:23 INFO LEAD new: [Permitted] Camden/2025/0266/L — Bourne Estate Portpool Lane London EC1N 7UP
2026-10-01 11:22:23 INFO LEAD new: [Permitted] Camden/2025/0269/L — Town Hall Judd Street London WC1H 9JE
2026-10-01 11:22:23 INFO LEAD new: [Permitted] Camden/2025/0237/P — Flat 2 192 Haverstock Hill London NW3 2AJ
2026-10-01 11:22:23 INFO LEAD new: [Permitted] Camden/2025/0224/P — 8 Sandwell Crescent London NW6 1PB
2026-10-01 11:22:23 INFO LEAD new: [Permitted] Camden/2025/0120/A — 2-6 Hampstead High Street London Camden NW3 1PR
2026-10-01 11:22:23 INFO LEAD new: [Permitted] Camden/2025/0235/P — 47 Elsworthy Road London NW3 3BS
2026-10-01 11:22:23 INFO LEAD new: [Permitted] Camden/2025/0225/P — 41 Whitfield Street London W1T 2SG
2026-10-01 11:22:23 INFO LEAD new: [Permitted] Camden/2025/0218/P — Flat A 17 Hemstal Road London NW6 2AB
2026-10-01 11:22:23 INFO LEAD new: [Permitted] Camden/2025/0121/P — 119 Fortess Road London NW5 2HR
2026-10-01 11:22:23 INFO LEAD new: [Permitted] Camden/2025/0230/A — County Hotel Upper Woburn Place London WC1H 0JW
2026-10-01 11:22:23 INFO LEAD new: [Permitted] Camden/2025/0234/P — 43A Lancaster Grove London NW3 4HB
2026-10-01 11:22:23 INFO LEAD new: [Permitted] Camden/2025/0242/P — 25-26 Hampstead High Street London Camden NW3 1QA
2026-10-01 11:22:23 INFO LEAD new: [Permitted] Camden/2025/0232/P — Former Maria Fidelis School North Gower Street London NW1 2L
2026-10-01 11:22:23 INFO LEAD new: [Permitted] Camden/2025/0212/P — 23 Delancey Street London NW1 7NP
2026-10-01 11:22:23 INFO LEAD new: [Permitted] Camden/2025/0199/P — 314-320 Acorn House Gray's Inn Road London WC1X 8DP
2026-10-01 11:22:23 INFO LEAD new: [Permitted] Camden/2025/0201/P — Carriageway on Castlehaven Road adjacent to Kelly Street jun
2026-10-01 11:22:23 INFO LEAD new: [Permitted] Camden/2025/0209/P — The Cottage, Mount Tyndal Spaniards Road London NW3 7JH
2026-10-01 11:22:23 INFO LEAD new: [Permitted] Camden/2025/0083/P — Ground Floor Flat 31 Belsize Avenue London NW3 4BL
2026-10-01 11:22:23 INFO LEAD new: [Permitted] Camden/2025/0198/L — 7 Pilgrim's Lane London NW3 1SJ
2026-10-01 11:22:23 INFO LEAD new: [Permitted] Camden/2025/0216/P — South Hill Park No.80 to No.90 London NW3 2SN
2026-10-01 11:22:23 INFO LEAD new: [Permitted] Camden/2025/0195/P — British Museum Great Russell Street London WC1E 7JW
2026-10-01 11:22:23 INFO LEAD new: [Permitted] Camden/2024/5727/P — 19 Crediton Hill London NW6 1HS
2026-10-01 11:22:23 INFO LEAD new: [Permitted] Camden/2025/0227/P — 319 - 325 High Holborn (Heron House), 326 - 332 High Holborn
2026-10-01 11:22:23 INFO LEAD new: [Permitted] Camden/2025/0213/L — 23 Delancey Street London NW1 7NP
2026-10-01 11:22:23 INFO LEAD new: [Permitted] Camden/2024/5054/P — 5 Denmark Street London Camden WC2H 8LP
2026-10-01 11:22:23 INFO LEAD new: [Permitted] Camden/2025/0194/P — 5B Prince Arthur Road London NW3 6AX
2026-10-01 11:22:23 INFO LEAD new: [Permitted] Camden/2025/0228/L — 5 Denmark Street London Camden WC2H 8LP
2026-10-01 11:22:23 INFO LEAD new: [Permitted] Camden/2025/0202/P — Hampstead School Westbere Road NW2 3RT
2026-10-01 11:22:23 INFO LEAD new: [Permitted] Camden/2025/0203/A — 3 Highgate West Hill London N6 6JS
2026-10-01 11:22:23 INFO LEAD new: [Permitted] Camden/2025/0333/L — South Hill Park No.80 to No.90 London NW3 2SN
2026-10-01 11:22:23 INFO LEAD new: [Permitted] Camden/2025/0167/P — Maida Vale Telephone Exchange 138 Maida Vale London W9 1QD
2026-10-01 11:22:30 INFO [camden/Permitted] page at offset 5800: 100 records
2026-10-01 11:22:30 INFO LEAD new: [Permitted] Camden/2025/0079/P — 1 Balmore Street London N19 5DA
2026-10-01 11:22:30 INFO LEAD new: [Permitted] Camden/2025/0184/P — 13 Ebbsfleet Road London NW2 3NB
2026-10-01 11:22:30 INFO LEAD new: [Permitted] Camden/2024/2720/L — 5 Holly Mount London Camden NW3 6SG
2026-10-01 11:22:30 INFO LEAD new: [Permitted] Camden/2025/0179/P — 93 Savernake Road London NW3 2LG
2026-10-01 11:22:30 INFO LEAD new: [Permitted] Camden/2025/0112/P — 12-14 Brunswick Centre London WC1N 1AE
2026-10-01 11:22:30 INFO LEAD new: [Permitted] Camden/2025/0164/P — Flat A, 27 Buckland Crescent London NW3 5DH
2026-10-01 11:22:30 INFO LEAD new: [Permitted] Camden/2025/0175/P — Basement Flat 42 Chalcot Road London NW1 8LS
2026-10-01 11:22:30 INFO LEAD new: [Permitted] Camden/2024/5781/L — Flat 103, Levita House Chalton Street London NW1 1JL
2026-10-01 11:22:30 INFO LEAD new: [Permitted] Camden/2025/0177/P — 93 Savernake Road London NW3 2LG
2026-10-01 11:22:30 INFO LEAD new: [Permitted] Camden/2024/5452/L — 30 Great James Street London WC1N 3EY
2026-10-01 11:22:30 INFO LEAD new: [Permitted] Camden/25-00114-HAPP — 45 Murray Mews London NW1 9RH
2026-10-01 11:22:30 INFO LEAD new: [Permitted] Camden/2025/0148/P — 52 Avenue Road London NW8 6HS
2026-10-01 11:22:30 INFO LEAD new: [Permitted] Camden/2025/0154/P — Flat A 37 Adamson Road London NW3 3HS
2026-10-01 11:22:30 INFO LEAD new: [Permitted] Camden/2024/4949/L — 11 Leverton Street London NW5 2PH
2026-10-01 11:22:30 INFO LEAD new: [Permitted] Camden/2025/0141/P — 2 Camden Park Road London NW1 9BG
2026-10-01 11:22:30 INFO LEAD new: [Permitted] Camden/2025/0136/P — Agar Grove Estate Agar Grove London NW1
2026-10-01 11:22:30 INFO LEAD new: [Permitted] Camden/2025/0049/P — 138 Bayham Street London Camden NW1 0BA
2026-10-01 11:22:30 INFO LEAD new: [Permitted] Camden/2025/0131/P — British Museum Great Russell Street London WC1E 7JW
2026-10-01 11:22:30 INFO LEAD new: [Permitted] Camden/2025/0129/P — British Museum Great Russell Street London WC1E 7JW
2026-10-01 11:22:30 INFO LEAD new: [Permitted] Camden/2025/0139/P — Main Quadrangle and Wilkins Building Gower Street London WC1
2026-10-01 11:22:30 INFO LEAD new: [Permitted] Camden/2025/0130/P — British Museum Great Russell Street London WC1E 7JW
2026-10-01 11:22:30 INFO LEAD new: [Permitted] Camden/2025/0146/L — British Museum Great Russell Street London WC1E 7JW
2026-10-01 11:22:30 INFO LEAD new: [Permitted] Camden/2025/0123/P — 78 Mill Lane London Camden NW6 1JZ
2026-10-01 11:22:30 INFO LEAD new: [Permitted] Camden/2025/0113/P — 19 Glenhurst Avenue London NW5 1PT
2026-10-01 11:22:30 INFO LEAD new: [Permitted] Camden/2024/5683/P — 16 Nassington Road London NW3 2UD
2026-10-01 11:22:30 INFO LEAD new: [Permitted] Camden/2025/0102/P — British Museum Great Russell Street London WC1E 7JW
2026-10-01 11:22:30 INFO LEAD new: [Permitted] Camden/2025/0205/L — 12-14 Brunswick Centre London WC1N 1AE
2026-10-01 11:22:30 INFO LEAD new: [Permitted] Camden/2025/0111/P — British Museum Great Russell Street London WC1E 7JW
2026-10-01 11:22:30 INFO LEAD new: [Permitted] Camden/2025/0108/P — Alpha House Regis Road London Camden NW5 3EW
2026-10-01 11:22:30 INFO LEAD new: [Permitted] Camden/2024/5758/P — 50 Farringdon Road London
2026-10-01 11:22:30 INFO LEAD new: [Permitted] Camden/2024/4942/L — Granary Building 1 Granary Square London N1C 4AA
2026-10-01 11:22:30 INFO LEAD new: [Permitted] Camden/2025/0098/P — 34 Denning Road London NW3 1SU
2026-10-01 11:22:30 INFO LEAD new: [Permitted] Camden/2025/0091/P — Ravenscar and Conisborough Bayham Street London NW1 0BS
2026-10-01 11:22:30 INFO LEAD new: [Permitted] Camden/2025/0093/P — Holiday Inn Bloomsbury Coram Street London Camden WC1N 1HT
2026-10-01 11:22:30 INFO LEAD new: [Permitted] Camden/2025/0022/P — 29 Crossfield Road London Camden NW3 4NT
2026-10-01 11:22:30 INFO LEAD new: [Permitted] Camden/2025/0101/P — Garden Flat, 50 Belsize Park Gardens London NW3 4ND
2026-10-01 11:22:30 INFO LEAD new: [Permitted] Camden/2025/0092/P — Flats 1 to 15 50 Fitzjohn's Avenue London NW3 5LT
2026-10-01 11:22:30 INFO LEAD new: [Permitted] Camden/2025/0097/L — British Museum Great Russell Street London WC1B 3DG
2026-10-01 11:22:30 INFO LEAD new: [Permitted] Camden/2025/0074/P — 20 Greville Place London NW6 5JH
2026-10-01 11:22:30 INFO LEAD new: [Permitted] Camden/2025/0084/P — Blair Court 2 Boundary Road London NW8 6NT
2026-10-01 11:22:30 INFO LEAD new: [Permitted] Camden/2024/4816/P — 20 Swain's Lane London Camden N6 6QS
2026-10-01 11:22:30 INFO LEAD new: [Permitted] Camden/2024/5671/P — 49 Courthope Road London Camden NW3 2LE
2026-10-01 11:22:30 INFO LEAD new: [Permitted] Camden/2025/0082/P — 37 Heath Drive London NW3 7SD
2026-10-01 11:22:30 INFO LEAD new: [Permitted] Camden/2024/5572/P — 83 Kingsgate Road London NW6 4JY
2026-10-01 11:22:30 INFO LEAD new: [Permitted] Camden/2024/5793/P — 49 Regent's Park Road London NW1 8XD
2026-10-01 11:22:30 INFO LEAD new: [Permitted] Camden/2025/0015/P — Flat Basement And Ground Floor 29 Lawford Road London NW5 2L
2026-10-01 11:22:30 INFO LEAD new: [Permitted] Camden/2024/5756/P — 21 Pond Street London NW3 2PN
2026-10-01 11:22:30 INFO LEAD new: [Permitted] Camden/2024/5757/L — 21 Pond Street London NW3 2PN
2026-10-01 11:22:30 INFO LEAD new: [Permitted] Camden/2024/4864/P — 29 Belmont Street London NW1 8HJ
2026-10-01 11:22:30 INFO LEAD new: [Permitted] Camden/2025/0057/P — 73 Flat A Redington Road London Camden NW3 7RP
2026-10-01 11:22:30 INFO LEAD new: [Permitted] Camden/2025/0063/P — Chester Terrace Gardens Chester Terrace London NW1 4ND
2026-10-01 11:22:30 INFO LEAD new: [Permitted] Camden/2025/0116/L — Chester Terrace Gardens Chester Terrace London NW1 4ND
2026-10-01 11:22:30 INFO LEAD new: [Permitted] Camden/2025/0071/P — West Hampstead Police Station 21 Fortune Green Road London N
2026-10-01 11:22:30 INFO LEAD new: [Permitted] Camden/2025/0033/P — 41 Croftdown Road London NW5 1EL
2026-10-01 11:22:30 INFO LEAD new: [Permitted] Camden/2024/5766/P — 2 Elsworthy Terrace London NW3 3DR
2026-10-01 11:22:30 INFO LEAD new: [Permitted] Camden/2024/5661/P — Holy Trinity And St Silas Primary School Hartland Road Londo
2026-10-01 11:22:30 INFO LEAD new: [Permitted] Camden/2024/5391/P — 16 Pandora Road London NW6 1TT
2026-10-01 11:22:30 INFO LEAD new: [Permitted] Camden/2025/0047/P — 45 Chalcot Road London NW1 8LS
2026-10-01 11:22:30 INFO LEAD new: [Permitted] Camden/2025/0054/P — 5 Conybeare London NW3 3SD
2026-10-01 11:22:30 INFO LEAD new: [Permitted] Camden/2025/0029/P — 135 Arlington Road London NW1 7ET
2026-10-01 11:22:30 INFO LEAD new: [Permitted] Camden/2025/0240/L — 135 Arlington Road London NW1 7ET
2026-10-01 11:22:30 INFO LEAD new: [Permitted] Camden/2025/0038/P — The British Museum Great Russell Street London WC1B 3DG
2026-10-01 11:22:30 INFO LEAD new: [Permitted] Camden/2025/0034/P — 30 Solent Road London NW6 1TU
2026-10-01 11:22:30 INFO LEAD new: [Permitted] Camden/2025/0028/P — 314-320 Acorn House Gray's Inn Road London WC1X 8DP
2026-10-01 11:22:30 INFO LEAD new: [Permitted] Camden/2025/0039/L — Vernon House 23 Sicilian Avenue London WC1A 2QS
2026-10-01 11:22:30 INFO LEAD new: [Permitted] Camden/2025/0014/P — 192-198 Camden (Buck Street) Market Camden High Street Londo
2026-10-01 11:22:30 INFO LEAD new: [Permitted] Camden/2025/0020/P — Flat 2nd Floor 33 Regent's Park Road London NW1 7TL
2026-10-01 11:22:37 INFO [camden/Permitted] page at offset 5900: 100 records
2026-10-01 11:22:37 INFO LEAD new: [Permitted] Camden/2025/0018/L — Hunter Street Health Centre 8 Hunter Street London Camden WC
2026-10-01 11:22:37 INFO LEAD new: [Permitted] Camden/2025/0006/L — 19 Kelly Street London NW1 8PG
2026-10-01 11:22:37 INFO LEAD new: [Permitted] Camden/2025/0007/P — Cherry Tree Court 91-93 Camden Road London NW1 9HX
2026-10-01 11:22:37 INFO LEAD new: [Permitted] Camden/2025/0009/P — 103-107 North Hill Hornsey London N6 4DP
2026-10-01 11:22:37 INFO LEAD new: [Permitted] Camden/2024/5653/P — 31 Chetwynd Road London Camden NW5 1BX
2026-10-01 11:22:37 INFO LEAD new: [Permitted] Camden/2024/5803/A — 20-22 Inverness Street London NW1 7HJ
2026-10-01 11:22:37 INFO LEAD new: [Permitted] Camden/2025/0004/L — 69.71 Monmouth Street London WC2H 9JW
2026-10-01 11:22:37 INFO LEAD new: [Permitted] Camden/2024/4336/P — 51 Greencroft Gardens London NW6 3LL
2026-10-01 11:22:37 INFO LEAD new: [Permitted] Camden/2024/5813/P — 170 Camden Road London NW1 9HJ
2026-10-01 11:22:37 INFO LEAD new: [Permitted] Camden/2024/5765/P — Site to the rear of 26, New End Square London NW3 1LS
2026-10-01 11:22:37 INFO LEAD new: [Permitted] Camden/2024/5800/P — Lower Ground Floor Flat 12 Maygrove Road London NW6 2EB
2026-10-01 11:22:37 INFO LEAD new: [Permitted] Camden/2024/5785/P — 40 Roderick Road London Camden NW3 2NL
2026-10-01 11:22:37 INFO LEAD new: [Permitted] Camden/2024/5789/P — 17 Lyndhurst Gardens London NW3 5NU
2026-10-01 11:22:37 INFO LEAD new: [Permitted] Camden/2024/5783/P — 2 Roderick Road London Camden NW3 2NL
2026-10-01 11:22:37 INFO LEAD new: [Permitted] Camden/2024/5795/06BGP — UCL Main Quad Gower Street London WC1E 6BT
2026-10-01 11:22:37 INFO LEAD new: [Permitted] Camden/2024/5780/P — 44 Willes Road London NW5 3DL
2026-10-01 11:22:37 INFO LEAD new: [Permitted] Camden/2024/5773/P — 41 Brecknock Road London N7 0BT
2026-10-01 11:22:37 INFO LEAD new: [Permitted] Camden/2024/5749/L — 19 Bedford Square London WC1B 3HH
2026-10-01 11:22:37 INFO LEAD new: [Permitted] Camden/2024/5791/P — British Museum Great Russell Street London WC1E 7JW
2026-10-01 11:22:37 INFO LEAD new: [Permitted] Camden/2024/5790/P — 7 Frognal Gardens London NW3 6UY
2026-10-01 11:22:37 INFO LEAD new: [Permitted] Camden/2024/5787/P — 43 Roderick Road London Camden NW3 2NP
2026-10-01 11:22:37 INFO LEAD new: [Permitted] Camden/2024/5797/L — German Historical Institute 17 Bloomsbury Square London WC1A
2026-10-01 11:22:37 INFO LEAD new: [Permitted] Camden/2024/5786/L — German Historical Institute 17 Bloomsbury Square London WC1A
2026-10-01 11:22:37 INFO LEAD new: [Permitted] Camden/2024/5774/L — Town Hall Judd Street London WC1H 9JE
2026-10-01 11:22:37 INFO LEAD new: [Permitted] Camden/2024/5784/P — 12 Roderick Road London Camden NW3 2NL
2026-10-01 11:22:37 INFO LEAD new: [Permitted] Camden/2024/5764/P — German Historical Institute 17 Bloomsbury Square London WC1A
2026-10-01 11:22:37 INFO LEAD new: [Permitted] Camden/2024/5769/P — 2 Eglon Mews London Camden NW1 8YS
2026-10-01 11:22:37 INFO LEAD new: [Permitted] Camden/2025/0036/L — German Historical Institute 17 Bloomsbury Square London WC1A
2026-10-01 11:22:37 INFO LEAD new: [Permitted] Camden/2024/5768/P — 101 Bayham Street London NW1 0AG
2026-10-01 11:22:37 INFO LEAD new: [Permitted] Camden/2024/5750/P — Vacant site adjacent No1 Narcissus Road and to the rear of 1
2026-10-01 11:22:37 INFO LEAD new: [Permitted] Camden/2024/5742/P — UCL Institute Of Archaeology 31-34 Gordon Square London WC1H
2026-10-01 11:22:37 INFO LEAD new: [Permitted] Camden/2024/5726/L — 10 Duke's Road London Camden WC1H 9AD
2026-10-01 11:22:37 INFO LEAD new: [Permitted] Camden/2024/5725/P — Flat 1 117 Canfield Gardens London NW6 3DY
2026-10-01 11:22:37 INFO LEAD new: [Permitted] Camden/2024/5748/L — 62 Warren Street London Camden W1T 5NY
2026-10-01 11:22:37 INFO LEAD new: [Permitted] Camden/2024/5745/P — 1 Museum Street London WC1A 1JR
2026-10-01 11:22:37 INFO LEAD new: [Permitted] Camden/2024/5746/P — 1 Museum Street London WC1A 1JR
2026-10-01 11:22:37 INFO LEAD new: [Permitted] Camden/2024/5747/P — 1 Museum Street London WC1A 1JR
2026-10-01 11:22:37 INFO LEAD new: [Permitted] Camden/2024/5719/P — 11 Elizabeth Mews London NW3 4TL
2026-10-01 11:22:37 INFO LEAD new: [Permitted] Camden/2024/5722/L — 89 Great Russell Street London WC1B 3PS
2026-10-01 11:22:37 INFO LEAD new: [Permitted] Camden/2024/5724/HS2 — Granby Terrace Bridge London NW1 3SA
2026-10-01 11:22:37 INFO LEAD new: [Permitted] Camden/2024/5519/P — 37A Priory Terrace London NW6 4DG
2026-10-01 11:22:37 INFO LEAD new: [Permitted] Camden/2025/0363/L — 9 John Street London WC1N 2ES
2026-10-01 11:22:37 INFO LEAD new: [Permitted] Camden/2024/5720/P — 11 Buckland Crescent London NW3 5DH
2026-10-01 11:22:37 INFO LEAD new: [Permitted] Camden/2024/5744/P — 47 Shirlock Road London NW3 2HR
2026-10-01 11:22:37 INFO LEAD new: [Permitted] Camden/2024/5620/L — 86 South Hill Park London NW3 2SN
2026-10-01 11:22:37 INFO LEAD new: [Permitted] Camden/2024/5091/P — 5 B Prince Arthur Road London NW3 6AX
2026-10-01 11:22:37 INFO LEAD new: [Permitted] Camden/2024/5704/P — Basement Flat 27 Hemstal Road London NW6 2AB
2026-10-01 11:22:37 INFO LEAD new: [Permitted] Camden/2024/5210/P — 24 Savernake Road London NW3 2JP
2026-10-01 11:22:37 INFO LEAD new: [Permitted] Camden/2024/5709/P — Ground Floor Flat 37 Compayne Gardens London NW6 3DD
2026-10-01 11:22:37 INFO LEAD new: [Permitted] Camden/2024/5700/P — Frontage Building Great Ormond Street Childrens Hospital Gre
2026-10-01 11:22:37 INFO LEAD new: [Permitted] Camden/2024/5698/P — Congress House 23-28 Great Russell Street London WC1B 3LS
2026-10-01 11:22:37 INFO LEAD new: [Permitted] Camden/2024/5693/L — Flat 4 10 Cambridge Gate London NW1 4JX
2026-10-01 11:22:37 INFO LEAD new: [Permitted] Camden/2024/5701/L — Highgate Library 59 Chester Road London N19 5DH
2026-10-01 11:22:37 INFO LEAD new: [Permitted] Camden/2024/5708/L — 77 Highgate West Hill London Camden N6 6BU
2026-10-01 11:22:37 INFO LEAD new: [Permitted] Camden/2024/5697/P — 25 Chester Terrace London NW1 4ND
2026-10-01 11:22:37 INFO LEAD new: [Permitted] Camden/2024/5690/P — 10 Fitzroy Road London NW1 8TX
2026-10-01 11:22:37 INFO LEAD new: [Permitted] Camden/2024/5696/A — 86 Southampton Row London WC1B 4BB
2026-10-01 11:22:37 INFO LEAD new: [Permitted] Camden/2024/5710/P — 8B Orde Hall Street London WC1N 3JW
2026-10-01 11:22:37 INFO LEAD new: [Permitted] Camden/2024/5712/P — 39 Lamb's Conduit Street London WC1N 3NG
2026-10-01 11:22:37 INFO LEAD new: [Permitted] Camden/2024/5694/P — The British Library 96 Euston Road London Camden NW1 2DB
2026-10-01 11:22:37 INFO LEAD new: [Permitted] Camden/2024/5699/P — Ground Floor Flat 37 Chetwynd Road London Camden NW5 1BX
2026-10-01 11:22:37 INFO LEAD new: [Permitted] Camden/2024/5469/P — 24 Neal Street London WC2H 9QW
2026-10-01 11:22:37 INFO LEAD new: [Permitted] Camden/2024/5695/P — Flat J 6 King Henry's Road London NW3 3RP
2026-10-01 11:22:37 INFO LEAD new: [Permitted] Camden/2024/5713/P — St Thomas More Presbytery Maresfield Gardens London NW3 5SU
2026-10-01 11:22:37 INFO LEAD new: [Permitted] Camden/2024/5718/P — The Randall Institute 26 - 29 Drury Lane London WC2B 5RL
2026-10-01 11:22:37 INFO LEAD new: [Permitted] Camden/2024/5681/P — Camden Goods Yard Chalk Farm Road London NW1 8EH
2026-10-01 11:22:37 INFO LEAD new: [Permitted] Camden/2024/5668/P — 98 Maygrove Road London Camden NW6 2ED
2026-10-01 11:22:37 INFO LEAD new: [Permitted] Camden/2024/5663/P — Lower Ground Floor Flat 96 Fordwych Road London NW2 3TJ
2026-10-01 11:22:37 INFO LEAD new: [Permitted] Camden/2025/0189/L — Boncara 35 Templewood Avenue London Camden NW3 7UY
2026-10-01 11:22:37 INFO LEAD new: [Permitted] Camden/2025/0649/L — 127-128 High Holborn London WC1V 6PQ
2026-10-01 11:22:37 INFO LEAD new: [Permitted] Camden/2024/5676/P — 1 Museum Street London WC1A 1JR
2026-10-01 11:22:37 INFO LEAD new: [Permitted] Camden/2024/5360/P — 25 & 26 Redington Gardens London NW3 7RX
2026-10-01 11:22:43 WARNING Rate limited (429); waiting 513s before retry 1/6
2026-10-01 11:31:16 WARNING Request failed (403 Client Error: Forbidden for url: https://www.planit.org.uk/api/applics/json?app_state=Permitted&start_date=2023-10-01&end_date=2026-10-01&pg_sz=100&auth=Camden&offset=6000); retry 2/6 in 10s
2026-10-01 11:31:29 INFO [camden/Permitted] page at offset 6000: 100 records
2026-10-01 11:31:29 INFO LEAD new: [Permitted] Camden/2024/5652/P — Boncara 35 Templewood Avenue London Camden NW3 7UY
2026-10-01 11:31:29 INFO LEAD new: [Permitted] Camden/2024/5657/P — Chester Court Lissenden Gardens London NW5 1LY
2026-10-01 11:31:29 INFO LEAD new: [Permitted] Camden/2024/5666/P — 45 Flask Walk London NW3 1HH
2026-10-01 11:31:29 INFO LEAD new: [Permitted] Camden/2024/5684/P — 47 Burghley Road London NW5 1UH
2026-10-01 11:31:29 INFO LEAD new: [Permitted] Camden/2024/5660/P — 19 Kelly Street London Camden NW1 8PG
2026-10-01 11:31:29 INFO LEAD new: [Permitted] Camden/2024/5628/A — The Leaver Building 85 Clerkenwell Road London EC1R 5AR
2026-10-01 11:31:29 INFO LEAD new: [Permitted] Camden/2024/5624/A — Outside 142 Clerkenwell Road London EC1R 5DL
2026-10-01 11:31:29 INFO LEAD new: [Permitted] Camden/2024/5679/P — 25 Chester Terrace London NW1 4ND
2026-10-01 11:31:29 INFO LEAD new: [Permitted] Camden/2024/5449/P — 8 South Square London WC1R 5ET
2026-10-01 11:31:29 INFO LEAD new: [Permitted] Camden/2024/5627/P — 38 Glenloch Road London NW3 4DN
2026-10-01 11:31:29 INFO LEAD new: [Permitted] Camden/2024/5648/L — 7 St George's Terrace London NW1 8XH
2026-10-01 11:31:29 INFO LEAD new: [Permitted] Camden/2024/5629/P — 38 Leverton Street London NW5 2PG
2026-10-01 11:31:29 INFO LEAD new: [Permitted] Camden/2024/5649/P — 65 South End Road London NW3 2QB
2026-10-01 11:31:29 INFO LEAD new: [Permitted] Camden/2024/5634/P — Frontage Building Great Ormond Street Childrens Hospital Gre
2026-10-01 11:31:29 INFO LEAD new: [Permitted] Camden/2024/5707/L — 7 Sharpleshall Street London NW1 8YL
2026-10-01 11:31:29 INFO LEAD new: [Permitted] Camden/2024/5640/P — 7 Sharpleshall Street London NW1 8YL
2026-10-01 11:31:29 INFO LEAD new: [Permitted] Camden/2024/5644/P — 15 Chester Road London N19 5DE
2026-10-01 11:31:29 INFO LEAD new: [Permitted] Camden/2024/5651/P — Camdens Goods Yard Morrisons Superstore and Petrol Filling S
2026-10-01 11:31:29 INFO LEAD new: [Permitted] Camden/2024/5639/P — 12 Murray Mews London NW1 9RJ
2026-10-01 11:31:29 INFO LEAD new: [Permitted] Camden/2024/5631/P — 187 Fordwych Road London NW2 3NH
2026-10-01 11:31:29 INFO LEAD new: [Permitted] Camden/2024/5524/P — Flat 2 23 Maresfield Gardens London NW3 5SD
2026-10-01 11:31:29 INFO LEAD new: [Permitted] Camden/2024/5625/L — Victoria House 37-63 Southampton Row London WC1B 4DA
2026-10-01 11:31:29 INFO LEAD new: [Permitted] Camden/2024/5612/L — Hampstead Heath Toilets 6 Vale of Health Hampstead Heath Lon
2026-10-01 11:31:29 INFO LEAD new: [Permitted] Camden/2024/5619/P — Parnell House Streatham Street London WC1A 1JB
2026-10-01 11:31:29 INFO LEAD new: [Permitted] Camden/2024/5604/P — 24 Ivor Street London NW1 9PJ
2026-10-01 11:31:29 INFO LEAD new: [Permitted] Camden/2024/5609/A — Alpha House Regis Road London Camden NW5 3EW
2026-10-01 11:31:29 INFO LEAD new: [Permitted] Camden/2022/5636/P — 17 Greville Place London NW6 5JE
2026-10-01 11:31:29 INFO LEAD new: [Permitted] Camden/2024/5621/P — Euston Telephone Exchange Euston Road London NW1 2BH
2026-10-01 11:31:29 INFO LEAD new: [Permitted] Camden/2024/5602/P — Flat B 126 Maygrove Road London Camden NW6 2EP
2026-10-01 11:31:29 INFO LEAD new: [Permitted] Camden/2024/5614/P — 35 Christchurch Hill London NW3 1LA
2026-10-01 11:31:29 INFO LEAD new: [Permitted] Camden/2024/5603/P — Flat 1 Lower Ground And Ground Floor 59 Agar Grove London NW
2026-10-01 11:31:29 INFO LEAD new: [Permitted] Camden/2024/5587/P — Whittington Hospital Highgate Wing Dartmouth Park Hill Londo
2026-10-01 11:31:29 INFO LEAD new: [Permitted] Camden/2024/5462/P — Flat 2 3 Agar Place London NW1 0RG
2026-10-01 11:31:29 INFO LEAD new: [Permitted] Camden/2024/5763/L — Town Hall Judd Street London WC1H 9JE
2026-10-01 11:31:29 INFO LEAD new: [Permitted] Camden/2024/5588/P — Offices And Premises At Part Ground Floor Wired 76 Charlotte
2026-10-01 11:31:29 INFO LEAD new: [Permitted] Camden/2024/5381/P — 12 Grange Gardens London NW3 7XG
2026-10-01 11:31:29 INFO LEAD new: [Permitted] Camden/2024/5584/P — Town Hall Judd Street London WC1H 9JE
2026-10-01 11:31:29 INFO LEAD new: [Permitted] Camden/2024/5553/P — 11-12 South Square London WC1R 5HH
2026-10-01 11:31:29 INFO LEAD new: [Permitted] Camden/2024/5567/P — Eastman Dental Hospital 256 Gray's In Road London WC1X 8LD
2026-10-01 11:31:29 INFO LEAD new: [Permitted] Camden/2024/5575/P — 1 Branch Hill London NW3 7LT
2026-10-01 11:31:29 INFO LEAD new: [Permitted] Camden/2024/5564/P — Flat C 5 Fordwych Road London Camden NW2 3TN
2026-10-01 11:31:29 INFO LEAD new: [Permitted] Camden/2024/5559/L — 88 South Hill Park London NW3 2SN
2026-10-01 11:31:29 INFO LEAD new: [Permitted] Camden/2024/5571/L — British Museum Great Russell Street London WC1E 7JW
2026-10-01 11:31:29 INFO LEAD new: [Permitted] Camden/2024/5557/P — 9 Northington Street London WC1N 2JF
2026-10-01 11:31:29 INFO LEAD new: [Permitted] Camden/2024/5522/P — Flat 15 Romney Court, Haverstock Hill London Camden NW3 4RX
2026-10-01 11:31:29 INFO LEAD new: [Permitted] Camden/2024/4755/P — 11A Fairhazel Gardens London NW6 3QE
2026-10-01 11:31:29 INFO LEAD new: [Permitted] Camden/2024/5222/P — 30 Elsworthy Road London NW3 3DL
2026-10-01 11:31:29 INFO LEAD new: [Permitted] Camden/2024/3220/L — Flat D 72 Rowley Way London NW8 0SL
2026-10-01 11:31:29 INFO LEAD new: [Permitted] Camden/2024/5130/P — BT kiosk 0207725978 Corner of Primrose Hill Road and Regent'
2026-10-01 11:31:29 INFO LEAD new: [Permitted] Camden/2024/5576/P — 179A Tottenham Court Road Shropshire House, Capper Street W1
2026-10-01 11:31:29 INFO LEAD new: [Permitted] Camden/2024/5558/P — Alpha House Regis Road London NW5 3EW
2026-10-01 11:31:29 INFO LEAD new: [Permitted] Camden/2024/5552/L — Town Hall Judd Street London WC1H 9JE
2026-10-01 11:31:29 INFO LEAD new: [Permitted] Camden/2024/5032/P — 77 Haverstock Hill London NW3 4SL
2026-10-01 11:31:29 INFO LEAD new: [Permitted] Camden/2024/5529/L — 34 Belsize Lane London NW3 5AE
2026-10-01 11:31:29 INFO LEAD new: [Permitted] Camden/2024/5545/P — Gordon House 29 Gordon Square London WC1H 0PP
2026-10-01 11:31:29 INFO LEAD new: [Permitted] Camden/2024/5547/P — 2-7 White Hall Hotel Montague Street London WC1B 5BP
2026-10-01 11:31:29 INFO LEAD new: [Permitted] Camden/2024/5546/P — 2-7 White Hall Hotel Montague Street London WC1B 5BP
2026-10-01 11:31:29 INFO LEAD new: [Permitted] Camden/2024/5544/P — White Hall Hotel 2-7 Montague Street London WC1B 5BP
2026-10-01 11:31:29 INFO LEAD new: [Permitted] Camden/2024/5551/P — 38 Frognal Lane London NW3 6PP
2026-10-01 11:31:29 INFO LEAD new: [Permitted] Camden/2024/5543/P — 1 Sonny Heights West, Unit 1 Swain's Lane London N6 6AG
2026-10-01 11:31:29 INFO LEAD new: [Permitted] Camden/2024/5540/P — 30 Mackeson Road London Camden NW3 2LT
2026-10-01 11:31:29 INFO LEAD new: [Permitted] Camden/25-00118-HAPP — Tasker Lodge Tasker Road London NW3 2YB
2026-10-01 11:31:29 INFO LEAD new: [Permitted] Camden/2024/5509/A — 31 Neal Street London WC2H 9PR
2026-10-01 11:31:29 INFO LEAD new: [Permitted] Camden/2024/5525/P — 43 Twisden Road London NW5 1DL
2026-10-01 11:31:36 INFO [camden/Permitted] page at offset 6100: 100 records
2026-10-01 11:31:36 INFO LEAD new: [Permitted] Camden/2024/5578/L — 9 The Mount London Camden NW3 6SZ
2026-10-01 11:31:36 INFO LEAD new: [Permitted] Camden/2024/4909/P — 5 and 7 Adamson Road London NW3 3HX
2026-10-01 11:31:36 INFO LEAD new: [Permitted] Camden/2024/5521/P — Faircourt 113-115 Haverstock Hill London NW3 4RY
2026-10-01 11:31:36 INFO LEAD new: [Permitted] Camden/2024/5515/P — Beaufort Court 70 A Lady Margaret Road London NW5 2NP
2026-10-01 11:31:36 INFO LEAD new: [Permitted] Camden/2024/5023/L — 31 Neal Street London WC2H 9PR
2026-10-01 11:31:36 INFO LEAD new: [Permitted] Camden/2024/5507/P — 9 The Mount London Camden NW3 6SZ
2026-10-01 11:31:36 INFO LEAD new: [Permitted] Camden/2024/5518/P — 4 Broomsleigh Street London NW6 1QW
2026-10-01 11:31:36 INFO LEAD new: [Permitted] Camden/2024/4211/P — 119 Leighton Road London NW5 2RB
2026-10-01 11:31:36 INFO LEAD new: [Permitted] Camden/2024/5508/P — 20 Hemstal Road London NW6 2AL
2026-10-01 11:31:36 INFO LEAD new: [Permitted] Camden/2024/5494/P — Brookfield Mansions 5 Highgate West Hill London N6 6AT
2026-10-01 11:31:36 INFO LEAD new: [Permitted] Camden/2024/5461/P — Flat 1st And 2nd Floor 35 Hollycroft Avenue London NW3 7QJ
2026-10-01 11:31:36 INFO LEAD new: [Permitted] Camden/2024/5501/P — 100 New Oxford Street London WC1A 1HB
2026-10-01 11:31:36 INFO LEAD new: [Permitted] Camden/2024/4080/L — Flat 1, 1st to 3rd Floor 87 Leather Lane London EC1N 7TS
2026-10-01 11:31:36 INFO LEAD new: [Permitted] Camden/2025/0021/L — Flat 3 51 Frognal London Camden NW3 6YA
2026-10-01 11:31:36 INFO LEAD new: [Permitted] Camden/2024/5497/P — 6 England's Lane London NW3 4TG
2026-10-01 11:31:36 INFO LEAD new: [Permitted] Camden/2024/3814/P — Flat 1, 1st to 3rd Floor 87 Leather Lane London EC1N 7TS
2026-10-01 11:31:36 INFO LEAD new: [Permitted] Camden/2024/5503/P — 33 Camden Mews London NW1 9BY
2026-10-01 11:31:36 INFO LEAD new: [Permitted] Camden/2024/5485/P — Flat 3 51 Frognal London Camden NW3 6YA
2026-10-01 11:31:36 INFO LEAD new: [Permitted] Camden/2024/5505/P — 10 Lancaster Drive London NW3 4HA
2026-10-01 11:31:36 INFO LEAD new: [Permitted] Camden/2024/5506/P — 52-54 Gray's Inn Road London WC1X 8LT
2026-10-01 11:31:36 INFO LEAD new: [Permitted] Camden/2024/5430/P — 30 Mackeson Road London NW3 2LT
2026-10-01 11:31:36 INFO LEAD new: [Permitted] Camden/2024/5502/P — Hampstead Underground Station Hampstead High Street London N
2026-10-01 11:31:36 INFO LEAD new: [Permitted] Camden/2024/5483/P — 9 Northington Street London WC1N 2JF
2026-10-01 11:31:36 INFO LEAD new: [Permitted] Camden/2024/5499/P — Camden Goods Yard Chalk Farm Road London NW1 8EH
2026-10-01 11:31:36 INFO LEAD new: [Permitted] Camden/2024/5491/P — Ornan Court 2 Ornan Road London NW3 4PT
2026-10-01 11:31:36 INFO LEAD new: [Permitted] Camden/2024/5476/P — 2 St John's Wood Park London NW8 6QS
2026-10-01 11:31:36 INFO LEAD new: [Permitted] Camden/2024/5473/L — 100 Chalk Farm Road London NW1 8EH
2026-10-01 11:31:36 INFO LEAD new: [Permitted] Camden/2024/5479/P — 114-116 Flitcroft House Charing Cross Road London Camden WC2
2026-10-01 11:31:36 INFO LEAD new: [Permitted] Camden/2024/5468/P — 25 - 56 Brookfield Mansions Highgate West Hill London N6 6AT
2026-10-01 11:31:36 INFO LEAD new: [Permitted] Camden/2024/5470/P — Royal Free Hospital Pond Street London NW3 2QG
2026-10-01 11:31:36 INFO LEAD new: [Permitted] Camden/2024/5043/P — Nos. 1-4, 6-8, 11-17, 19 Fleet Square and 11 Wells Square Lo
2026-10-01 11:31:36 INFO LEAD new: [Permitted] Camden/2024/5411/P — 3 Frognal Lane London NW3 7DY
2026-10-01 11:31:36 INFO LEAD new: [Permitted] Camden/2024/5467/P — 30 Guilford Street London WC1N 1EH
2026-10-01 11:31:36 INFO LEAD new: [Permitted] Camden/2024/5260/P — 9 Bisham Gardens London N6 6DJ
2026-10-01 11:31:36 INFO LEAD new: [Permitted] Camden/2024/5389/P — 47 Ornan Road London NW3 4QD
2026-10-01 11:31:36 INFO LEAD new: [Permitted] Camden/2024/5477/P — 2 St John's Wood Park London NW8 6QS
2026-10-01 11:31:36 INFO LEAD new: [Permitted] Camden/2024/5445/P — Flat B 51 Lamb's Conduit Street London WC1N 3NB
2026-10-01 11:31:36 INFO LEAD new: [Permitted] Camden/2024/4289/P — 5 Talacre Road London NW5 3PH
2026-10-01 11:31:36 INFO LEAD new: [Permitted] Camden/2024/5496/A — 1 Pancras Square London N1C 4AG
2026-10-01 11:31:36 INFO LEAD new: [Permitted] Camden/2024/5441/P — 1 Pancras Square London N1C 4AG
2026-10-01 11:31:36 INFO LEAD new: [Permitted] Camden/2024/5450/P — 100 Chalk Farm Road London NW1 8EH
2026-10-01 11:31:36 INFO LEAD new: [Permitted] Camden/2024/5448/P — 100 Chalk Farm Road London Camden NW1 8EH
2026-10-01 11:31:36 INFO LEAD new: [Permitted] Camden/2024/5447/P — 100 Chalk Farm Road London NW1 8EH
2026-10-01 11:31:36 INFO LEAD new: [Permitted] Camden/2024/5439/P — 65 Frognal London Camden NW3 6YA
2026-10-01 11:31:36 INFO LEAD new: [Permitted] Camden/2024/5438/P — 98 Maygrove Road London NW6 2ED
2026-10-01 11:31:36 INFO LEAD new: [Permitted] Camden/2024/5437/L — 2 Hampstead Square London NW3 1AB
2026-10-01 11:31:36 INFO LEAD new: [Permitted] Camden/2024/5199/P — Flat 41 Kingsland Broxwood Way London NW8 7QJ
2026-10-01 11:31:36 INFO LEAD new: [Permitted] Camden/2024/5723/L — Flat B 51 Lamb's Conduit Street London WC1N 3NB
2026-10-01 11:31:36 INFO LEAD new: [Permitted] Camden/2024/5344/P — 135 Constantine Road London NW3 2LR
2026-10-01 11:31:36 INFO LEAD new: [Permitted] Camden/2024/5421/P — 5 Bloomsbury Place London WC1A 2QP
2026-10-01 11:31:36 INFO LEAD new: [Permitted] Camden/2024/5190/L — 127-128 High Holborn London WC1V 6PQ
2026-10-01 11:31:36 INFO LEAD new: [Permitted] Camden/2024/5420/L — 43 Monmouth Street London WC2H 9EW
2026-10-01 11:31:36 INFO LEAD new: [Permitted] Camden/2023/5323/P — 80-82 Southampton Row London Camden WC1B 4BB
2026-10-01 11:31:36 INFO LEAD new: [Permitted] Camden/2024/5427/P — 2nd Floor Flat 29-31 Parkway London NW1 7PN
2026-10-01 11:31:36 INFO LEAD new: [Permitted] Camden/2024/5432/P — 100 Avenue Road London NW3 3HF
2026-10-01 11:31:36 INFO LEAD new: [Permitted] Camden/2024/4519/A — 127-128 High Holborn London WC1V 6PQ
2026-10-01 11:31:36 INFO LEAD new: [Permitted] Camden/2024/5414/P — 14A South Hill Park Gardens London NW3 2TG
2026-10-01 11:31:36 INFO LEAD new: [Permitted] Camden/2024/5413/P — Flat 2 29 Steele's Road London NW3 4RE
2026-10-01 11:31:36 INFO LEAD new: [Permitted] Camden/2024/5194/L — 33 & 34 Great Queen Street London WC2B 5AA
2026-10-01 11:31:36 INFO LEAD new: [Permitted] Camden/2024/5306/P — 98 Agar Grove London NW1 9TL
2026-10-01 11:31:36 INFO LEAD new: [Permitted] Camden/2024/5409/P — 5 - 17 Haverstock Hill London NW3 2BP
2026-10-01 11:31:36 INFO LEAD new: [Permitted] Camden/2024/4444/P — Godwin and Crowndale Estate London NW1 1PA
2026-10-01 11:31:36 INFO LEAD new: [Permitted] Camden/2024/5399/P — 95 Leverton Street London Camden NW5 2NX
2026-10-01 11:31:36 INFO LEAD new: [Permitted] Camden/2024/5390/P — Atlantic House 128 Albert Street London NW1 7NE
2026-10-01 11:31:36 INFO LEAD new: [Permitted] Camden/2024/5404/P — The Honourable Society Of Lincoln's Inn Treasury Office Linc
2026-10-01 11:31:36 INFO LEAD new: [Permitted] Camden/2024/5402/P — 95 Leverton Street London Camden NW5 2NX
2026-10-01 11:31:36 INFO LEAD new: [Permitted] Camden/2024/5394/P — Belgrove House Belgrove Street London WC1H 8AA
2026-10-01 11:31:36 INFO LEAD new: [Permitted] Camden/2024/5398/P — Footway Adjacent to 11 St Pancras Way London NW1 0PT
2026-10-01 11:31:36 INFO LEAD new: [Permitted] Camden/2024/5456/L — The Honourable Society Of Lincoln's Inn Treasury Office Linc
2026-10-01 11:31:36 INFO LEAD new: [Permitted] Camden/2024/4376/P — Basement Flat 16 Primrose Gardens London NW3 4TN
2026-10-01 11:31:36 INFO LEAD new: [Permitted] Camden/2024/5374/P — 1 Museum Street London WC1A 1JR
2026-10-01 11:31:43 INFO [camden/Permitted] page at offset 6200: 100 records
2026-10-01 11:31:43 INFO LEAD new: [Permitted] Camden/2024/5385/P — Flat A 47 Howitt Road London NW3 4LU
2026-10-01 11:31:43 INFO LEAD new: [Permitted] Camden/2024/5016/P — 30 Oval Road London Camden NW1 7DE
2026-10-01 11:31:43 INFO LEAD new: [Permitted] Camden/2024/5383/P — Bacton Low Rise Estate Haverstock Road London NW5 4PU
2026-10-01 11:31:43 INFO LEAD new: [Permitted] Camden/2024/4601/P — 19-37 Highgate Road London NW5 1JY
2026-10-01 11:31:43 INFO LEAD new: [Permitted] Camden/2024/5569/L — Upper Flat 28 Charlotte Street London W1T 2NF
2026-10-01 11:31:43 INFO LEAD new: [Permitted] Camden/2024/5376/P — Upper Flat 28 Charlotte Street London W1T 2NF
2026-10-01 11:31:43 INFO LEAD new: [Permitted] Camden/2024/5291/P — 14 Makepeace Avenue London N6 6EJ
2026-10-01 11:31:43 INFO LEAD new: [Permitted] Camden/2024/5387/P — 16 Pilgrim's Lane London NW3 1SN
2026-10-01 11:31:43 INFO LEAD new: [Permitted] Camden/2024/5030/P — 74 Charlotte Street London W1T 4QH
2026-10-01 11:31:43 INFO LEAD new: [Permitted] Camden/2024/5364/P — 17 Courthope Road London Camden NW3 2LE
2026-10-01 11:31:43 INFO LEAD new: [Permitted] Camden/2024/5350/P — 22 Heath Hurst Road London Camden NW3 2RX
2026-10-01 11:31:43 INFO LEAD new: [Permitted] Camden/2024/5343/L — 64 Neal Street London WC2H 9PA
2026-10-01 11:31:43 INFO LEAD new: [Permitted] Camden/2024/5362/P — 9 Lyndhurst Terrace London NW3 5QA
2026-10-01 11:31:43 INFO LEAD new: [Permitted] Camden/2024/5417/P — 51 Fitzroy Park London N6 6JA
2026-10-01 11:31:43 INFO LEAD new: [Permitted] Camden/2024/5365/L — 2 Gower Street London WC1E 6DP
2026-10-01 11:31:43 INFO LEAD new: [Permitted] Camden/2024/5354/P — Hampstead School Westbere Road London NW2 3RT
2026-10-01 11:31:43 INFO LEAD new: [Permitted] Camden/2024/5328/P — 30 Calthorpe Street London Camden WC1X 0JZ
2026-10-01 11:31:43 INFO LEAD new: [Permitted] Camden/2024/5329/P — 2 St Paul's Crescent London NW1 9XS
2026-10-01 11:31:43 INFO LEAD new: [Permitted] Camden/2024/5325/P — 6 Briary Close London NW3 3JZ
2026-10-01 11:31:43 INFO LEAD new: [Permitted] Camden/2024/5322/L — British Museum Great Russell Street London WC1E 7JW
2026-10-01 11:31:43 INFO LEAD new: [Permitted] Camden/2024/5333/L — 9 Hampstead High Street London NW3 1PR
2026-10-01 11:31:43 INFO LEAD new: [Permitted] Camden/2024/5047/P — Flats 3 and 4 38 Fitzjohn's Avenue London NW3 5NB
2026-10-01 11:31:43 INFO LEAD new: [Permitted] Camden/2024/4778/P — 1 Redington Road London Camden NW3 7QX
2026-10-01 11:31:43 INFO LEAD new: [Permitted] Camden/2024/5292/P — 237-247 Tottenham Court Road W1T 7HH; 3 Bayley Street WC1B 3
2026-10-01 11:31:43 INFO LEAD new: [Permitted] Camden/2024/5295/P — 35 Elsworthy Road London NW3 3BT
2026-10-01 11:31:43 INFO LEAD new: [Permitted] Camden/2024/5262/P — 33 Charterhouse Street London EC1M 6HA
2026-10-01 11:31:43 INFO LEAD new: [Permitted] Camden/2024/5066/L — Flat 4 10 Lyndhurst Gardens London NW3 5NR
2026-10-01 11:31:43 INFO LEAD new: [Permitted] Camden/2024/5290/P — 7A Netherhall Gardens London NW3 5RN
2026-10-01 11:31:43 INFO LEAD new: [Permitted] Camden/2024/5282/P — 1 Museum Street London WC1A 1JR
2026-10-01 11:31:43 INFO LEAD new: [Permitted] Camden/2024/5289/P — 4-6 Bedford Place London Camden WC1B 5JD
2026-10-01 11:31:43 INFO LEAD new: [Permitted] Camden/2024/5221/P — 340 West End Lane London NW6 1LN
2026-10-01 11:31:43 INFO LEAD new: [Permitted] Camden/2024/4982/P — 15 Montpelier Grove London Camden NW5 2XD
2026-10-01 11:31:43 INFO LEAD new: [Permitted] Camden/2024/5257/L — 49-51 Bedford Square London WC1B 3DP
2026-10-01 11:31:43 INFO LEAD new: [Permitted] Camden/2024/5259/P — 74 Fairhazel Gardens London NW6 3SR
2026-10-01 11:31:43 INFO LEAD new: [Permitted] Camden/2024/5238/P — 56 Platt's Lane London NW3 7NT
2026-10-01 11:31:43 INFO LEAD new: [Permitted] Camden/2024/5250/P — 41 Brunswick Square London Camden WC1N 1AZ
2026-10-01 11:31:43 INFO LEAD new: [Permitted] Camden/2024/4367/P — 51 Greencroft Gardens London NW6 3LL
2026-10-01 11:31:43 INFO LEAD new: [Permitted] Camden/2024/5087/A — 88A Cleveland Street London W1T 6NJ
2026-10-01 11:31:43 INFO LEAD new: [Permitted] Camden/2024/4788/P — 16 Brocas Close London NW3 3LD
2026-10-01 11:31:43 INFO LEAD new: [Permitted] Camden/2024/5261/P — 5 - 17 Haverstock Hill London NW3 2BP
2026-10-01 11:31:43 INFO LEAD new: [Permitted] Camden/2024/4084/P — 49 Patshull Road London NW5 2JX
2026-10-01 11:31:43 INFO LEAD new: [Permitted] Camden/2024/5024/P — Flat 1 13 Fawley Road London NW6 1SJ
2026-10-01 11:31:43 INFO LEAD new: [Permitted] Camden/2024/5068/P — Flat 2 Salmon Mews West End Lane London NW6 1RH
2026-10-01 11:31:43 INFO LEAD new: [Permitted] Camden/2024/3406/P — Flat 2 30 Redington Road London NW3 7RB
2026-10-01 11:31:43 INFO LEAD new: [Permitted] Camden/2024/5233/L — 232 Shaftesbury Avenue London WC2H 8EG
2026-10-01 11:31:43 INFO LEAD new: [Permitted] Camden/2024/5230/P — Frognal Cottage 102 Frognal London NW3 6XU
2026-10-01 11:31:43 INFO LEAD new: [Permitted] Camden/2024/5223/P — 7 Redington Gardens London NW3 7RU
2026-10-01 11:31:43 INFO LEAD new: [Permitted] Camden/2024/5195/P — 16 Eldon Grove London NW3 5PT
2026-10-01 11:31:43 INFO LEAD new: [Permitted] Camden/2024/5150/P — 40 Leighton Road London NW5 2QE
2026-10-01 11:31:43 INFO LEAD new: [Permitted] Camden/2024/4967/A — 232 Shaftesbury Avenue London WC2H 8EG
2026-10-01 11:31:43 INFO LEAD new: [Permitted] Camden/2024/5051/P — 128 Charing Cross Road London WC2H 0LA
2026-10-01 11:31:43 INFO LEAD new: [Permitted] Camden/2024/5196/P — Ground and Basement Flat 8 Princess Road London NW1 8JJ
2026-10-01 11:31:43 INFO LEAD new: [Permitted] Camden/2024/5193/L — 25 Neal Street London Camden WC2H 9PR
2026-10-01 11:31:43 INFO LEAD new: [Permitted] Camden/2024/5212/P — 38 Frognal Lane London Camden NW3 6PP
2026-10-01 11:31:43 INFO LEAD new: [Permitted] Camden/2024/4388/A — 205-207 Haverstock Hill London Camden NW3 4QG
2026-10-01 11:31:43 INFO LEAD new: [Permitted] Camden/2024/4819/P — 29 Spencer Rise London NW5 1AR
2026-10-01 11:31:43 INFO LEAD new: [Permitted] Camden/2024/4260/P — Grove Square The Grove London Camden N6 6JU
2026-10-01 11:31:43 INFO LEAD new: [Permitted] Camden/2024/5144/P — 55 Tottenham Court Road and 16-24 Whitfield Street London W1
2026-10-01 11:31:43 INFO LEAD new: [Permitted] Camden/2024/4155/P — 100 New Oxford Street London WC1A 1HB
2026-10-01 11:31:50 INFO [camden/Permitted] page at offset 6300: 100 records
2026-10-01 11:31:50 INFO LEAD new: [Permitted] Camden/2024/5146/L — Space House 1 Kemble Street London WC2B 4AN
2026-10-01 11:31:50 INFO LEAD new: [Permitted] Camden/2024/5206/L — 31 South Hill Park London NW3 2ST
2026-10-01 11:31:50 INFO LEAD new: [Permitted] Camden/2024/5142/P — 7A Pilgrim's Lane London NW3 1SJ
2026-10-01 11:31:50 INFO LEAD new: [Permitted] Camden/2024/5147/P — 329-333 Kentish Town Road London NW5 2TJ
2026-10-01 11:31:50 INFO LEAD new: [Permitted] Camden/2024/5113/P — 27 Rudall Crescent London NW3 1RR
2026-10-01 11:31:50 INFO LEAD new: [Permitted] Camden/2024/4988/P — 50 Marsden Street London NW5 3HD
2026-10-01 11:31:50 INFO LEAD new: [Permitted] Camden/2024/5137/L — White Hall Hotel 2-7 Montague Street London WC1B 5BP
2026-10-01 11:31:50 INFO LEAD new: [Permitted] Camden/2024/5132/P — 31 South Hill Park London NW3 2ST
2026-10-01 11:31:50 INFO LEAD new: [Permitted] Camden/2024/5037/P — 23 Boscastle Road London NW5 1EE
2026-10-01 11:31:50 INFO LEAD new: [Permitted] Camden/2024/4907/P — 202 Haverstock Hill London NW3 2AG
2026-10-01 11:31:50 INFO LEAD new: [Permitted] Camden/2024/5126/L — Victoria House 37-63 Southampton Row London WC1B 4DA
2026-10-01 11:31:50 INFO LEAD new: [Permitted] Camden/2024/2979/P — 1 Stephen Street London W1T 1AL
2026-10-01 11:31:50 INFO LEAD new: [Permitted] Camden/2024/5114/P — Former Maria Fidelis School 2-10 North Gower Street London N
2026-10-01 11:31:50 INFO LEAD new: [Permitted] Camden/2024/4226/P — 6 Laurier Road London Camden NW5 1SG
2026-10-01 11:31:50 INFO LEAD new: [Permitted] Camden/2024/5128/P — 4-6 Bedford Place London WC1B 5JD
2026-10-01 11:31:50 INFO LEAD new: [Permitted] Camden/2024/5065/L — 7 Chester Place London NW1 4NB
2026-10-01 11:31:50 INFO LEAD new: [Permitted] Camden/2024/5123/L — 88 South Hill Park London NW3 2SN
2026-10-01 11:31:50 INFO LEAD new: [Permitted] Camden/2024/5129/P — Agar Grove Estate Wrotham Road London NW1 9SS
2026-10-01 11:31:50 INFO LEAD new: [Permitted] Camden/2024/5102/P — 85 Gray's Inn Road London WC1X 8TX
2026-10-01 11:31:50 INFO LEAD new: [Permitted] Camden/2024/5027/P — Talacre Town Green Talacre Road London NW5 3NS
2026-10-01 11:31:50 INFO LEAD new: [Permitted] Camden/2024/5101/P — 103 Camden Mews London Camden NW1 9BU
2026-10-01 11:31:50 INFO LEAD new: [Permitted] Camden/2024/5094/P — 90 Bartholomew Road London Camden NW5 2AS
2026-10-01 11:31:50 INFO LEAD new: [Permitted] Camden/2024/5089/L — 66 HEATH STREET NW3 1DN
2026-10-01 11:31:50 INFO LEAD new: [Permitted] Camden/2024/5095/P — 237-247 Tottenham Court Road W1T 7HH; 3 Bayley Street WC1B 3
2026-10-01 11:31:50 INFO LEAD new: [Permitted] Camden/2024/4244/P — 88 Parkway London Camden NW1 7AN
2026-10-01 11:31:50 INFO LEAD new: [Permitted] Camden/2024/5098/P — 17 Lyndhurst Gardens London Camden NW3 5NU
2026-10-01 11:31:50 INFO LEAD new: [Permitted] Camden/2024/5104/P — 200 Gray's Inn Road London WC1X 8XZ
2026-10-01 11:31:50 INFO LEAD new: [Permitted] Camden/2024/4842/P — 104 Belsize Lane London NW3 5BB
2026-10-01 11:31:50 INFO LEAD new: [Permitted] Camden/2024/5088/P — 37 Chalton Street London NW1 1JD
2026-10-01 11:31:50 INFO LEAD new: [Permitted] Camden/2024/5103/A — 62-64 Hampstead Road London NW1 2NU
2026-10-01 11:31:50 INFO LEAD new: [Permitted] Camden/2024/5072/L — Ambassadors Theatre West Street London WC2H 9ND
2026-10-01 11:31:50 INFO LEAD new: [Permitted] Camden/2024/4507/P — 51 Greencroft Gardens London NW6 3LL
2026-10-01 11:31:50 INFO LEAD new: [Permitted] Camden/2024/5075/L — 88 Albert Street London Camden NW1 7NR
2026-10-01 11:31:50 INFO LEAD new: [Permitted] Camden/2024/4943/A — Bus Shelter Opposite 60 Gray's Inn Road London WC1X 8LU
2026-10-01 11:31:50 INFO LEAD new: [Permitted] Camden/2024/5064/L — 17 Lyndhurst Gardens London NW3 5NU
2026-10-01 11:31:50 INFO LEAD new: [Permitted] Camden/2024/5056/P — 35 Gray's Inn Road London WC1X 8PG
2026-10-01 11:31:50 INFO LEAD new: [Permitted] Camden/2024/5060/P — Camden Goods Yard Chalk Farm Road London Camden NW1 8EH
2026-10-01 11:31:50 INFO LEAD new: [Permitted] Camden/2024/4976/P — 34 Constantine Road London NW3 2NG
2026-10-01 11:31:50 INFO LEAD new: [Permitted] Camden/2024/4447/P — 8 York Rise London Camden NW5 1SS
2026-10-01 11:31:50 INFO LEAD new: [Permitted] Camden/2024/4537/P — 19 Cannon Place London NW3 1EH
2026-10-01 11:31:50 INFO LEAD new: [Permitted] Camden/2024/4717/P — Flat 1-2 34 Fitzjohn's Avenue London NW3 5NB
2026-10-01 11:31:50 INFO LEAD new: [Permitted] Camden/2024/5036/P — 33 Theobald's Road London WC1X 8SP
2026-10-01 11:31:50 INFO LEAD new: [Permitted] Camden/2024/5021/P — 7 Well Road London Camden NW3 1LH
2026-10-01 11:31:50 INFO LEAD new: [Permitted] Camden/2024/5028/P — 18 Heath Park Gardens, Flat N Templewood Avenue London NW3 7
2026-10-01 11:31:50 INFO LEAD new: [Permitted] Camden/2024/5033/P — 19 Crediton Hill London NW6 1HS
2026-10-01 11:31:50 INFO LEAD new: [Permitted] Camden/2024/5026/P — 1 Branch Hill London NW3 7LT
2026-10-01 11:31:50 INFO LEAD new: [Permitted] Camden/2024/4998/P — Flat 4 23 Nassington Road London Camden NW3 2TX
2026-10-01 11:31:50 INFO LEAD new: [Permitted] Camden/2024/5017/P — 41-43 Saffron Hill London EC1N 8FH
2026-10-01 11:31:50 INFO LEAD new: [Permitted] Camden/2024/5012/P — Flat 1st And 2nd Floor 9 Princess Road London NW1 8JN
2026-10-01 11:31:50 INFO LEAD new: [Permitted] Camden/2024/5011/P — 2-7 White Hall Hotel Montague Street London Camden WC1B 5BP
2026-10-01 11:31:50 INFO LEAD new: [Permitted] Camden/2024/5008/P — 12 Pilgrim's Lane London NW3 1SN
2026-10-01 11:31:50 INFO LEAD new: [Permitted] Camden/2024/5003/P — 12 Naseby Close London Camden NW6 4EY
2026-10-01 11:31:50 INFO LEAD new: [Permitted] Camden/2024/5001/P — 12 Naseby Close London NW6 4EY
2026-10-01 11:31:50 INFO LEAD new: [Permitted] Camden/2024/4723/P — Flat 1 15a Arkwright Road London NW3 6AA
2026-10-01 11:31:50 INFO LEAD new: [Permitted] Camden/2024/4298/P — Flat A 59 Eton Avenue London NW3 3ET
2026-10-01 11:31:50 INFO LEAD new: [Permitted] Camden/2024/5052/L — UCL Political Sciences Building 36-38 Gordon Square London W
2026-10-01 11:31:50 INFO LEAD new: [Permitted] Camden/2024/4983/P — 71-75 Unit 7 Shelton Street London Camden WC2H 9JQ
2026-10-01 11:31:50 INFO LEAD new: [Permitted] Camden/2024/2584/L — Flat 8 30 Gloucester Crescent London Camden NW1 7DL
2026-10-01 11:31:50 INFO LEAD new: [Permitted] Camden/2024/4677/L — 5 Prince Albert Road London NW1 7SN
2026-10-01 11:31:50 INFO LEAD new: [Permitted] Camden/2024/5015/L — The Heals Building 196 Tottenham Court Road London W1T 7LQ
2026-10-01 11:31:50 INFO LEAD new: [Permitted] Camden/2024/4985/P — Flat H 25 East Heath Road London NW3 1EB
2026-10-01 11:31:57 INFO [camden/Permitted] page at offset 6400: 100 records
2026-10-01 11:31:57 INFO LEAD new: [Permitted] Camden/2024/4992/P — The Heals Building 196 Tottenham Court Road London W1T 7LQ
2026-10-01 11:31:57 INFO LEAD new: [Permitted] Camden/2024/4995/P — Flat 10 Highcroft 170 Highgate Road London NW5 1EJ
2026-10-01 11:31:57 INFO LEAD new: [Permitted] Camden/2024/4993/P — UCL Political Sciences Building 36-38 Gordon Square London W
2026-10-01 11:31:57 INFO LEAD new: [Permitted] Camden/2024/4986/L — 32 Steele's Road London NW3 4RE
2026-10-01 11:31:57 INFO LEAD new: [Permitted] Camden/2024/4974/P — Flat A, 34 Kylemore Road London Camden NW6 2PT
2026-10-01 11:31:57 INFO LEAD new: [Permitted] Camden/2024/4979/L — British Museum Great Russell Street London WC1E 7JW
2026-10-01 11:31:57 INFO LEAD new: [Permitted] Camden/2024/4969/P — 32 Richborough Road London NW2 3LX
2026-10-01 11:31:57 INFO LEAD new: [Permitted] Camden/2024/4798/P — Flat A 183-185 North Gower Street London NW1 2NJ
2026-10-01 11:31:57 INFO LEAD new: [Permitted] Camden/2024/4894/L — Flat A 183-185 North Gower Street London NW1 2NJ
2026-10-01 11:31:57 INFO LEAD new: [Permitted] Camden/2024/4968/P — 32 Richborough Road London NW2 3LX
2026-10-01 11:31:57 INFO LEAD new: [Permitted] Camden/2024/4973/P — Ground Floor 102 St Pancras Way London Camden NW1 9ND
2026-10-01 11:31:57 INFO LEAD new: [Permitted] Camden/2024/3716/L — 42 Monmouth Street London WC2H 9EP
2026-10-01 11:31:57 INFO LEAD new: [Permitted] Camden/2024/4984/P — Flat B 114 Camden Street London NW1 0HY
2026-10-01 11:31:57 INFO LEAD new: [Permitted] Camden/2024/4960/P — 1-19 Torrington Place London WC1E 7HB
2026-10-01 11:31:57 INFO LEAD new: [Permitted] Camden/2024/4503/P — 57 Hillfield Road London NW6 1QD
2026-10-01 11:31:57 INFO LEAD new: [Permitted] Camden/2024/4959/A — 58 St Giles High Street London WC2H 8LH
2026-10-01 11:31:57 INFO LEAD new: [Permitted] Camden/2024/4950/P — 47 D Netherhall Gardens London NW3 5RJ
2026-10-01 11:31:57 INFO LEAD new: [Permitted] Camden/2024/4947/L — 38 Hampstead Gates, Flat 7 Ryland Road London Camden NW5 3LN
2026-10-01 11:31:57 INFO LEAD new: [Permitted] Camden/2024/4997/L — UCL Chadwick Building Gower Street London WC1E 6BT
2026-10-01 11:31:57 INFO LEAD new: [Permitted] Camden/2024/4981/L — 7 John Street London WC1N 2ES
2026-10-01 11:31:57 INFO LEAD new: [Permitted] Camden/2024/3855/P — UCL Chadwick Building Gower Street London WC1E 6BT
2026-10-01 11:31:57 INFO LEAD new: [Permitted] Camden/2024/4954/A — 341 Euston Road London Camden NW1 3AD
2026-10-01 11:31:57 INFO LEAD new: [Permitted] Camden/2024/4571/P — 78 Bartholomew Road London NW5 2AL
2026-10-01 11:31:57 INFO LEAD new: [Permitted] Camden/2024/4583/P — 72 Albert Street London NW1 7NR
2026-10-01 11:31:57 INFO LEAD new: [Permitted] Camden/2024/4922/P — 163 Malden Road London NW5 4HT
2026-10-01 11:31:57 INFO LEAD new: [Permitted] Camden/2024/4568/P — Flat A 28 St Augustine's Road London NW1 9RN
2026-10-01 11:31:57 INFO LEAD new: [Permitted] Camden/2024/4936/L — 15 Downshire Hill London Camden NW3 1NR
2026-10-01 11:31:57 INFO LEAD new: [Permitted] Camden/2024/4620/P — Flat A 28 St Augustine's Road London NW1 9RN
2026-10-01 11:31:57 INFO LEAD new: [Permitted] Camden/2024/4939/A — 1 Mabledon Place London WC1H 9AX
2026-10-01 11:31:57 INFO LEAD new: [Permitted] Camden/2024/4582/P — 72 Albert Street London NW1 7NR
2026-10-01 11:31:57 INFO LEAD new: [Permitted] Camden/2024/4877/L — Second Floor 1 South Square London WC1R 5HP
2026-10-01 11:31:57 INFO LEAD new: [Permitted] Camden/2024/4930/L — 10 Park Village West London NW1 4AE
2026-10-01 11:31:57 INFO LEAD new: [Permitted] Camden/2024/4917/P — 10 Park Village West London NW1 4AE
2026-10-01 11:31:57 INFO LEAD new: [Permitted] Camden/2024/4328/P — Ornan Court 2 Ornan Road London NW3 4PT
2026-10-01 11:31:57 INFO LEAD new: [Permitted] Camden/2024/4901/A — Bus Shelter Outside 143-147 Camden High Street London NW1 0R
2026-10-01 11:31:57 INFO LEAD new: [Permitted] Camden/2024/4920/P — 30 Chalcot Road London NW1 8LN
2026-10-01 11:31:57 INFO LEAD new: [Permitted] Camden/2024/4378/P — 8 Fitzroy Street London W1T 4BJ
2026-10-01 11:31:57 INFO LEAD new: [Permitted] Camden/2024/4918/A — 329-333 Kentish Town Road London NW5 2TJ
2026-10-01 11:31:57 INFO LEAD new: [Permitted] Camden/2024/4902/P — 87 Arlington Road London Camden NW1 7ES
2026-10-01 11:31:57 INFO LEAD new: [Permitted] Camden/2024/4791/P — 5 Belsize Court Garages Belsize Lane London NW3 5AJ
2026-10-01 11:31:57 INFO LEAD new: [Permitted] Camden/2024/4897/L — Antrim Road Allotments Antrim Grove London NW3 4XP
2026-10-01 11:31:57 INFO LEAD new: [Permitted] Camden/2024/4919/L — 79 Albert Street London Camden NW1 7LX
2026-10-01 11:31:57 INFO LEAD new: [Permitted] Camden/2024/4879/L — West Hampstead Fire Station 325 West End Lane London Camden 
2026-10-01 11:31:57 INFO LEAD new: [Permitted] Camden/2024/4891/A — Basement Storage Area 20 Lamb's Conduit Street London Camden
2026-10-01 11:31:57 INFO LEAD new: [Permitted] Camden/2024/4899/L — 46 Downshire Hill London NW3 1NX
2026-10-01 11:31:57 INFO LEAD new: [Permitted] Camden/2024/4880/P — 79 Albert Street London Camden NW1 7LX
2026-10-01 11:31:57 INFO LEAD new: [Permitted] Camden/2024/4882/A — 7 Earnshaw Street London WC2H 8AJ
2026-10-01 11:31:57 INFO LEAD new: [Permitted] Camden/2024/4887/P — West Kentish Town Estate Land bounded by Queens Crescent, Gr
2026-10-01 11:31:57 INFO LEAD new: [Permitted] Camden/2024/4850/P — 3 College Lane London NW5 1BJ
2026-10-01 11:31:57 INFO LEAD new: [Permitted] Camden/2024/4848/P — Kingsbourne House 229-231 High Holborn London WC1V 7DA
2026-10-01 11:31:57 INFO LEAD new: [Permitted] Camden/2024/4866/P — Camden Goods Yard Chalk Farm Road London NW1 8EH
2026-10-01 11:31:57 INFO LEAD new: [Permitted] Camden/2024/4847/P — 10 Fairfax Place London NW6 4EH
2026-10-01 11:31:57 INFO LEAD new: [Permitted] Camden/2024/4862/P — Flat 2-3 21 Nassington Road London NW3 2TX
2026-10-01 11:31:57 INFO LEAD new: [Permitted] Camden/2024/4861/L — 40 Well Walk London NW3 1BX
2026-10-01 11:31:57 INFO LEAD new: [Permitted] Camden/2024/4868/L — Flat 1 39 Eton Avenue London NW3 3EP
2026-10-01 11:31:57 INFO LEAD new: [Permitted] Camden/2024/4853/L — 91B Rowley Way London NW8 0SN
2026-10-01 11:31:57 INFO LEAD new: [Permitted] Camden/2024/4865/P — Temporary Morrisons Store Camden Goods Yard Chalk Farm Road 
2026-10-01 11:31:57 INFO LEAD new: [Permitted] Camden/2024/4859/L — 7 Earnshaw Street London WC2H 8AJ
2026-10-01 11:31:57 INFO LEAD new: [Permitted] Camden/2024/4836/L — 65 Gloucester Avenue London Camden NW1 8JH
2026-10-01 11:32:04 INFO [camden/Permitted] page at offset 6500: 100 records
2026-10-01 11:32:04 INFO LEAD new: [Permitted] Camden/2025/3010/A — 120 Boundary Road London NW8 0RH
2026-10-01 11:32:04 INFO LEAD new: [Permitted] Camden/2024/4837/P — Antrim Road Allottments Antrim Grove London NW3 4XP
2026-10-01 11:32:04 INFO LEAD new: [Permitted] Camden/2024/3485/P — Werewolf Beer Ltd Arch 87 Randolph Street London NW1 0SR
2026-10-01 11:32:04 INFO LEAD new: [Permitted] Camden/2024/4830/L — Flat 4A King Edward Mansions 8 Grape Street London WC2H 8DY
2026-10-01 11:32:04 INFO LEAD new: [Permitted] Camden/2024/4823/P — Lower Ground Floor Flat 13 Chalcot Gardens London Camden NW3
2026-10-01 11:32:04 INFO LEAD new: [Permitted] Camden/2024/4827/P — 120 Boundary Road London NW8 0RH
2026-10-01 11:32:04 INFO LEAD new: [Permitted] Camden/2024/4845/L — 15-16 Bedford Square London Camden WC1B 3JA
2026-10-01 11:32:04 INFO LEAD new: [Permitted] Camden/2024/4843/P — Flat Hall Floor 110 Goldhurst Terrace London NW6 3HR
2026-10-01 11:32:04 INFO LEAD new: [Permitted] Camden/2024/4467/P — 65 Gloucester Avenue London Camden NW1 8JH
2026-10-01 11:32:04 INFO LEAD new: [Permitted] Camden/2024/4821/P — 53-55 Chalton Street & 60 Churchway London NW1 1HY
2026-10-01 11:32:04 INFO LEAD new: [Permitted] Camden/2024/4517/P — Flat A, 146 Fellows Road London NW3 3JH
2026-10-01 11:32:04 INFO LEAD new: [Permitted] Camden/2024/4797/P — 3 Collard Place London NW1 8DU
2026-10-01 11:32:04 INFO LEAD new: [Permitted] Camden/2024/4805/P — 16 Avenue Road London NW8 6BP
2026-10-01 11:32:04 INFO LEAD new: [Permitted] Camden/2024/4806/P — 27 Spencer Rise London Camden NW5 1AR
2026-10-01 11:32:04 INFO LEAD new: [Permitted] Camden/2024/4800/P — 33 Gayton Road London NW3 1TY
2026-10-01 11:32:04 INFO LEAD new: [Permitted] Camden/2024/4810/A — 5 Beaconsfield Street Beaconsfield Street South London N1C 4
2026-10-01 11:32:04 INFO LEAD new: [Permitted] Camden/2024/4560/P — 5 Malden Place London NW5 4JL
2026-10-01 11:32:04 INFO LEAD new: [Permitted] Camden/2024/4795/P — Imperial Hotel 61-66 Russell Square London WC1B 5BB
2026-10-01 11:32:04 INFO LEAD new: [Permitted] Camden/2024/4690/P — 11 Buckland Crescent London NW3 5DH
2026-10-01 11:32:04 INFO LEAD new: [Permitted] Camden/2024/4793/P — The Varnish Works 3 Bravington's Walk London N1 9AW
2026-10-01 11:32:04 INFO LEAD new: [Permitted] Camden/2024/4792/L — 2 Lyme Street London NW1 0EH
2026-10-01 11:32:04 INFO LEAD new: [Permitted] Camden/2024/4796/P — 16 Twisden Road London NW5 1DN
2026-10-01 11:32:04 INFO LEAD new: [Permitted] Camden/2024/4780/L — 44 Downshire Hill London NW3 1NU
2026-10-01 11:32:04 INFO LEAD new: [Permitted] Camden/2024/4790/P — Bracton House 35 High Holborn London WC1V 6AE
2026-10-01 11:32:04 INFO LEAD new: [Permitted] Camden/2024/4712/P — 44 Downshire Hill London NW3 1NU
2026-10-01 11:32:04 INFO LEAD new: [Permitted] Camden/2024/4787/P — Netherwood Youth And Family Hub 5 Netherwood Street London N
2026-10-01 11:32:04 INFO LEAD new: [Permitted] Camden/2024/4773/P — Fitzroy House 355 Euston Road London NW1 3AL
2026-10-01 11:32:04 INFO LEAD new: [Permitted] Camden/2024/4779/P — Flat A 26 Belsize Park Gardens London Camden NW3 4LH
2026-10-01 11:32:04 INFO LEAD new: [Permitted] Camden/2024/4763/P — Camden Road Hostel 248 - 250 Camden Road London NW1 9HE
2026-10-01 11:32:04 INFO LEAD new: [Permitted] Camden/2024/4685/P — 80 Polygon Road London NW1 1HQ
2026-10-01 11:32:04 INFO LEAD new: [Permitted] Camden/2024/4767/P — Ornan Court 2 Ornan Road London NW3 4PT
2026-10-01 11:32:04 INFO LEAD new: [Permitted] Camden/2024/4749/P — Flat 1 33 Hillfield Road London NW6 1QD
2026-10-01 11:32:04 INFO LEAD new: [Permitted] Camden/2024/4748/P — 129 Flat C Belsize Road London NW6 4AD
2026-10-01 11:32:04 INFO LEAD new: [Permitted] Camden/2024/4765/P — 21 Bloomsbury Street London Camden WC1B 3HF
2026-10-01 11:32:04 INFO LEAD new: [Permitted] Camden/2024/4768/P — 42 Harmood Street London NW1 8DP
2026-10-01 11:32:04 INFO LEAD new: [Permitted] Camden/2024/4758/HS2 — York & Albany Public House 127-129 Parkway London NW1 7PS
2026-10-01 11:32:04 INFO LEAD new: [Permitted] Camden/2024/4764/P — Flat 1, 72 Heath Street London NW3 1DN
2026-10-01 11:32:04 INFO LEAD new: [Permitted] Camden/2024/4754/P — 99A Camden Mews London NW1 9BU
2026-10-01 11:32:04 INFO LEAD new: [Permitted] Camden/2024/3935/P — 31-32 and 33-34 Alfred Place London WC1E 7DP
2026-10-01 11:32:04 INFO LEAD new: [Permitted] Camden/2024/4649/P — West Lodge 190 Euston Road London NW1 2EF
2026-10-01 11:32:04 INFO LEAD new: [Permitted] Camden/2024/4728/L — 21-23 Bedford Place London WC1B 5JJ
2026-10-01 11:32:04 INFO LEAD new: [Permitted] Camden/2024/4730/A — 6-24 Britannia Street London WC1X 9JD
2026-10-01 11:32:04 INFO LEAD new: [Permitted] Camden/2024/4747/HS2 — Edinboro Castle Public House 57 Mornington Terrace London NW
2026-10-01 11:32:04 INFO LEAD new: [Permitted] Camden/2024/4597/P — 16 South Hill Park London Camden NW3 2SB
2026-10-01 11:32:04 INFO LEAD new: [Permitted] Camden/2024/4735/P — 14 Templewood Avenue London NW3 7XA
2026-10-01 11:32:04 INFO LEAD new: [Permitted] Camden/2024/4745/HS2 — 22 Park Village East London NW1 7PZ
2026-10-01 11:32:04 INFO LEAD new: [Permitted] Camden/2024/4492/P — Flat 1st Floor 32 Mazenod Avenue London NW6 4LR
2026-10-01 11:32:04 INFO LEAD new: [Permitted] Camden/2024/4734/A — 42 Ground Floor Cafe Gloucester Avenue London Camden NW1 8JD
2026-10-01 11:32:04 INFO LEAD new: [Permitted] Camden/2024/4741/P — British Museum Great Russell Street London WC1B 3DG
2026-10-01 11:32:04 INFO LEAD new: [Permitted] Camden/2024/4744/P — 16 Twisden Road London Camden NW5 1DN
2026-10-01 11:32:04 INFO LEAD new: [Permitted] Camden/2024/4416/L — 6-8 Southampton Place London Camden WC1A 2DB
2026-10-01 11:32:04 INFO LEAD new: [Permitted] Camden/2024/4720/P — Flat 1 39 Eton Avenue London NW3 3EP
2026-10-01 11:32:04 INFO LEAD new: [Permitted] Camden/2024/4706/P — Flat 1 53 Iverson Road London NW6 2QT
2026-10-01 11:32:04 INFO LEAD new: [Permitted] Camden/2024/4696/L — 69-71 Monmouth Street London WC2H 9JW
2026-10-01 11:32:04 INFO LEAD new: [Permitted] Camden/2024/4613/P — 36 Great Russell Street London WC1B 3PP
2026-10-01 11:32:04 INFO LEAD new: [Permitted] Camden/2024/4660/P — Flat 1 106 Priory Road London NW6 3NS
2026-10-01 11:32:04 INFO LEAD new: [Permitted] Camden/2024/4726/P — 115 Priory Road London NW6 3NN
2026-10-01 11:32:04 INFO LEAD new: [Permitted] Camden/2024/3983/L — 69 Gower Street London WC1E 6HJ
2026-10-01 11:32:04 INFO LEAD new: [Permitted] Camden/2024/4722/A — Bus Shelter Outside Frognal Station Finchley Road London NW3
2026-10-01 11:32:05 INFO LEAD new: [Permitted] Camden/2024/4695/L — 74 Albert Street London Camden NW1 7NR
2026-10-01 11:32:05 INFO LEAD new: [Permitted] Camden/2024/4702/A — 230 High Holborn London Camden WC1V 7EG
2026-10-01 11:32:05 INFO LEAD new: [Permitted] Camden/2024/4692/P — 230 High Holborn London Camden WC1V 7EG
2026-10-01 11:32:05 INFO LEAD new: [Permitted] Camden/2024/4697/P — 12 Queensmead St John's Wood Park London Camden NW8 6RE
2026-10-01 11:32:11 INFO [camden/Permitted] page at offset 6600: 100 records
2026-10-01 11:32:11 INFO LEAD new: [Permitted] Camden/2024/4961/L — 10 Prowse Place London Camden NW1 9PN
2026-10-01 11:32:11 INFO LEAD new: [Permitted] Camden/2024/4198/L — St Pancras International Station, Unit 2 Pancras Road London
2026-10-01 11:32:11 INFO LEAD new: [Permitted] Camden/2024/4681/P — 11-12 Ingestre Road London NW5 1UX
2026-10-01 11:32:11 INFO LEAD new: [Permitted] Camden/2024/3799/P — 2 The Hexagon Fitzroy Park London N6 6HR
2026-10-01 11:32:11 INFO LEAD new: [Permitted] Camden/2024/4667/P — 75 Greencroft Gardens London Camden NW6 3LJ
2026-10-01 11:32:12 INFO LEAD new: [Permitted] Camden/2024/4668/P — Imperial Hotel 61-66 Russell Square London WC1B 5BB
2026-10-01 11:32:12 INFO LEAD new: [Permitted] Camden/2024/4678/P — 7 Redington Gardens London Camden NW3 7RU
2026-10-01 11:32:12 INFO LEAD new: [Permitted] Camden/2024/4682/P — 31 Belsize Park Gardens London NW3 4JH
2026-10-01 11:32:12 INFO LEAD new: [Permitted] Camden/2024/3914/P — 69 Gower Street London WC1E 6HJ
2026-10-01 11:32:12 INFO LEAD new: [Permitted] Camden/2024/4666/P — 10 Prowse Place London Camden NW1 9PN
2026-10-01 11:32:12 INFO LEAD new: [Permitted] Camden/2024/4679/P — Flat C 113 Goldhurst Terrace London NW6 3HA
2026-10-01 11:32:12 INFO LEAD new: [Permitted] Camden/2024/4676/P — 1 Museum Street London Camden WC1A 1JR
2026-10-01 11:32:12 INFO LEAD new: [Permitted] Camden/2024/4419/P — 76 Tottenham Court Road London W1T 2HG
2026-10-01 11:32:12 INFO LEAD new: [Permitted] Camden/2024/4664/A — 100 Robert Street London Camden NW1 3QP
2026-10-01 11:32:12 INFO LEAD new: [Permitted] Camden/2024/4651/A — 6 Euston Railway Station, Euston Station Colonnade Eversholt
2026-10-01 11:32:12 INFO LEAD new: [Permitted] Camden/2024/4177/P — 100 Robert Street London Camden NW1 3QP
2026-10-01 11:32:12 INFO LEAD new: [Permitted] Camden/2024/4659/P — 16 Brocas Close London Camden NW3 3LD
2026-10-01 11:32:12 INFO LEAD new: [Permitted] Camden/2024/4656/P — Flat 1, 37 Adelaide Road London Camden NW3 3QB
2026-10-01 11:32:12 INFO LEAD new: [Permitted] Camden/2024/4526/P — 2-6 Leeke Street London WC1X 9HS
2026-10-01 11:32:12 INFO LEAD new: [Permitted] Camden/2024/4654/P — Flat 1st Floor 22 Lupton Street London NW5 2HT
2026-10-01 11:32:12 INFO LEAD new: [Permitted] Camden/2024/4650/P — 33 Camden Mews London NW1 9BY
2026-10-01 11:32:12 INFO LEAD new: [Permitted] Camden/2024/4614/P — 71 Jamestown Road London NW1 7DB
2026-10-01 11:32:12 INFO LEAD new: [Permitted] Camden/2024/4636/P — 2 Lyme Street London NW1 0EH
2026-10-01 11:32:12 INFO LEAD new: [Permitted] Camden/2024/4610/P — Flat Upper Floor 87 Burghley Road London NW5 1UH
2026-10-01 11:32:12 INFO LEAD new: [Permitted] Camden/2024/4621/L — 3 Stone Buildings London Camden WC2A 3XL
2026-10-01 11:32:12 INFO LEAD new: [Permitted] Camden/2024/4643/P — 20 Cressy Road London Camden NW3 2LY
2026-10-01 11:32:12 INFO LEAD new: [Permitted] Camden/2024/4549/P — Flat 4 62 Parkway London NW1 7AH
2026-10-01 11:32:12 INFO LEAD new: [Permitted] Camden/2024/4641/P — Camden Goods Yard Chalk Farm Road London NW1 8EH
2026-10-01 11:32:12 INFO LEAD new: [Permitted] Camden/2024/4633/P — 80 Flat Ground Floor Priory Road London Camden NW6 3NT
2026-10-01 11:32:12 INFO LEAD new: [Permitted] Camden/2024/4626/P — 97 Fordwych Road London Camden NW2 3TL
2026-10-01 11:32:12 INFO LEAD new: [Permitted] Camden/2024/4625/P — 97 Fordwych Road London NW2 3TL
2026-10-01 11:32:12 INFO LEAD new: [Permitted] Camden/2024/4619/P — Unit 3 37-39 High Holborn WC1V 6AE
2026-10-01 11:32:12 INFO LEAD new: [Permitted] Camden/2024/2938/P — 25 Inkerman Road London NW5 3BT
2026-10-01 11:32:12 INFO LEAD new: [Permitted] Camden/2024/4586/P — Flat A 62 Caversham Road London Camden NW5 2DS
2026-10-01 11:32:12 INFO LEAD new: [Permitted] Camden/2024/4557/P — 9 Alma Street London NW5 3DJ
2026-10-01 11:32:12 INFO LEAD new: [Permitted] Camden/2024/4553/P — Flat D 19 Belsize Park Gardens London NW3 4JG
2026-10-01 11:32:12 INFO LEAD new: [Permitted] Camden/2024/4604/P — Vorley Road Bus Stand & 4 Vorley Road London N19 5JH
2026-10-01 11:32:12 INFO LEAD new: [Permitted] Camden/2024/4609/L — Vernon House 23 Sicilian Avenue London Camden WC1A 2QS
2026-10-01 11:32:12 INFO LEAD new: [Permitted] Camden/2024/4605/P — 39 Brassey Road London NW6 2BD
2026-10-01 11:32:12 INFO LEAD new: [Permitted] Camden/2024/4529/P — Maida Vale Telephone Exchange 138 Maida Vale W9 1QD
2026-10-01 11:32:12 INFO LEAD new: [Permitted] Camden/2024/4608/P — Benin House Procter Street London WC1V 6NZ
2026-10-01 11:32:12 INFO LEAD new: [Permitted] Camden/2024/4590/P — 25 St Alban's Road London NW5 1RG
2026-10-01 11:32:12 INFO LEAD new: [Permitted] Camden/2024/4596/P — 16 Twisden Road London Camden NW5 1DN
2026-10-01 11:32:12 INFO LEAD new: [Permitted] Camden/2024/4912/L — 72 Albert Street London NW1 7NR
2026-10-01 11:32:12 INFO LEAD new: [Permitted] Camden/2024/4285/L — 2nd Floor Flat 22 Conway Street London W1T 6BF
2026-10-01 11:32:12 INFO LEAD new: [Permitted] Camden/2024/4561/P — 28 Arkwright Road London NW3 6BH
2026-10-01 11:32:12 INFO LEAD new: [Permitted] Camden/2024/4611/L — 28 Arkwright Road London NW3 6BH
2026-10-01 11:32:12 INFO LEAD new: [Permitted] Camden/2024/4562/A — 65 Gloucester Avenue London NW1 8JH
2026-10-01 11:32:12 INFO LEAD new: [Permitted] Camden/2024/4563/L — 65 Gloucester Avenue London NW1 8JH
2026-10-01 11:32:12 INFO LEAD new: [Permitted] Camden/2024/4915/L — 72 Albert Street London NW1 7NR
2026-10-01 11:32:12 INFO LEAD new: [Permitted] Camden/2024/4566/L — Unison Centre 130 Euston Road London NW1 2AY
2026-10-01 11:32:12 INFO LEAD new: [Permitted] Camden/2024/4453/L — 69-71 Monmouth Street London WC2H 9JW
2026-10-01 11:32:12 INFO LEAD new: [Permitted] Camden/2024/4551/P — Flat B, 29 Ospringe Road London NW5 2JD
2026-10-01 11:32:12 INFO LEAD new: [Permitted] Camden/2024/4181/P — Flat A 294 Gray's Inn Road London WC1X 8DX
2026-10-01 11:32:12 INFO LEAD new: [Permitted] Camden/2024/4315/L — Flat D 38 Delancey Street London NW1 7NH
2026-10-01 11:32:12 INFO LEAD new: [Permitted] Camden/2024/4463/P — Maisonette 2nd and 3rd Floors 13 Chalcot Gardens London NW3 
2026-10-01 11:32:12 INFO LEAD new: [Permitted] Camden/2024/4533/L — 30 Hampstead High Street London Camden NW3 1QA
2026-10-01 11:32:12 INFO LEAD new: [Permitted] Camden/2024/4532/L — UCL Wilkins Building Gower Street London WC1E 6BT
2026-10-01 11:32:12 INFO LEAD new: [Permitted] Camden/2024/4538/P — Belgrove House Belgrove Street London WC1H 8AA
2026-10-01 11:32:12 INFO LEAD new: [Permitted] Camden/2024/4544/P — 38 Platt's Lane London NW3 7NT
2026-10-01 11:32:18 INFO [camden/Permitted] page at offset 6700: 100 records
2026-10-01 11:32:18 INFO LEAD new: [Permitted] Camden/2024/4536/P — 7 Redington Gardens London NW3 7RU
2026-10-01 11:32:18 INFO LEAD new: [Permitted] Camden/2024/4545/L — 5 Little Green Street London NW5 1BL
2026-10-01 11:32:18 INFO LEAD new: [Permitted] Camden/2024/4534/A — 69-71 Monmouth Street London WC2H 9JW
2026-10-01 11:32:18 INFO LEAD new: [Permitted] Camden/2024/4168/P — Flat D 38 Delancey Street London NW1 7NH
2026-10-01 11:32:18 INFO LEAD new: [Permitted] Camden/2024/4546/P — 5 Little Green Street London NW5 1BL
2026-10-01 11:32:18 INFO LEAD new: [Permitted] Camden/2024/4543/P — 127 Constantine Road London NW3 2LR
2026-10-01 11:32:18 INFO LEAD new: [Permitted] Camden/2024/4528/P — 126 Boundary Road London NW8 0RH
2026-10-01 11:32:18 INFO LEAD new: [Permitted] Camden/2024/4520/P — 17 Dartmouth Park Avenue London NW5 1JL
2026-10-01 11:32:18 INFO LEAD new: [Permitted] Camden/2024/4523/L — London Kings Cross Station Euston Road London N1 9AL
2026-10-01 11:32:18 INFO LEAD new: [Permitted] Camden/2024/4505/P — 1 Museum Street London WC1A 1JR
2026-10-01 11:32:18 INFO LEAD new: [Permitted] Camden/2024/4508/P — Parnell House Streatham Street London WC1A 1JB
2026-10-01 11:32:19 INFO LEAD new: [Permitted] Camden/2024/4518/L — Parnell House Streatham Street London WC1A 1JB
2026-10-01 11:32:19 INFO LEAD new: [Permitted] Camden/2024/4502/P — 53-55 Chalton Street & 60 Churchway London NW1 1HY
2026-10-01 11:32:19 INFO LEAD new: [Permitted] Camden/2024/4527/L — London Kings Cross Station Euston Road London N1 9AL
2026-10-01 11:32:19 INFO LEAD new: [Permitted] Camden/2024/4510/P — 9 Steele's Road London Camden NW3 4SE
2026-10-01 11:32:19 INFO LEAD new: [Permitted] Camden/2024/4495/P — The Hobday Building The Royal Veterinary College Royal Colle
2026-10-01 11:32:19 INFO LEAD new: [Permitted] Camden/2024/4488/P — 21 Bloomsbury Street London Camden WC1B 3HF
2026-10-01 11:32:19 INFO LEAD new: [Permitted] Camden/2024/4418/P — 160 Leighton Road London NW5 2RE
2026-10-01 11:32:19 INFO LEAD new: [Permitted] Camden/2024/4489/P — 15 Lyndhurst Terrace London NW3 5QA
2026-10-01 11:32:19 INFO LEAD new: [Permitted] Camden/2024/4355/P — 24-28 Bloomsbury Way 24 London WC1A 2SN
2026-10-01 11:32:19 INFO LEAD new: [Permitted] Camden/2024/4277/L — 23 Mercer Street London Camden WC2H 9QR
2026-10-01 11:32:19 INFO LEAD new: [Permitted] Camden/2024/4486/L — 77 South End Road London NW3 2RJ
2026-10-01 11:32:19 INFO LEAD new: [Permitted] Camden/2024/4496/P — Part 1st And 2nd Floor Maisonette 19 Glenhurst Avenue London
2026-10-01 11:32:19 INFO LEAD new: [Permitted] Camden/2024/4410/L — 29 Chester Terrace London NW1 4ND
2026-10-01 11:32:19 INFO LEAD new: [Permitted] Camden/2024/4491/L — The Edinboro Castle Public House 57 Mornington Terrace Londo
2026-10-01 11:32:19 INFO LEAD new: [Permitted] Camden/2024/4483/L — 53 Gordon Square & 45 Tavistock Square London WC1H 0PD
2026-10-01 11:32:19 INFO LEAD new: [Permitted] Camden/2024/4462/P — White Hall Hotel 2-7 Montague Street London WC1B 5BP
2026-10-01 11:32:19 INFO LEAD new: [Permitted] Camden/2024/4743/L — 11-12 Taviton Street London WC1H 0BX
2026-10-01 11:32:19 INFO LEAD new: [Permitted] Camden/2024/2911/L — 6 Burton Place London Camden WC1H 9AH
2026-10-01 11:32:19 INFO LEAD new: [Permitted] Camden/2024/4480/L — 3 Rothwell Street London Camden NW1 8YH
2026-10-01 11:32:19 INFO LEAD new: [Permitted] Camden/2024/4472/P — Primrose Hill Primary School 36-40 Princess Road London NW1 
2026-10-01 11:32:19 INFO LEAD new: [Permitted] Camden/2024/4506/L — Primrose Hill Primary School 36-40 Princess Road London NW1 
2026-10-01 11:32:19 INFO LEAD new: [Permitted] Camden/2024/4474/P — 1no. telephone kiosk outside 148 Southampton Row London WC1B
2026-10-01 11:32:19 INFO LEAD new: [Permitted] Camden/2024/4287/L — 55 Marchmont Street London Camden WC1N 1AP
2026-10-01 11:32:19 INFO LEAD new: [Permitted] Camden/2024/3106/L — Maisonette 1st 2nd and 3rd Floor 56 Huntley Street London WC
2026-10-01 11:32:19 INFO LEAD new: [Permitted] Camden/2024/3386/P — 81-85 King's Cross Road London WC1X 9LN
2026-10-01 11:32:19 INFO LEAD new: [Permitted] Camden/2024/4479/P — 51 Upper Park Road London NW3 2UL
2026-10-01 11:32:19 INFO LEAD new: [Permitted] Camden/2024/4476/P — 3 Fitzroy Square London Camden W1T 5HG
2026-10-01 11:32:19 INFO LEAD new: [Permitted] Camden/2024/4461/P — 21 Arkwright Road London NW3 6AA
2026-10-01 11:32:19 INFO LEAD new: [Permitted] Camden/2024/4258/P — 55 Marchmont Street London Camden WC1N 1AP
2026-10-01 11:32:19 INFO LEAD new: [Permitted] Camden/2024/4475/P — 11-12 Taviton Street London WC1H 0BX
2026-10-01 11:32:19 INFO LEAD new: [Permitted] Camden/2024/4482/L — Stables Building in the land to the rear of Hampstead Police
2026-10-01 11:32:19 INFO LEAD new: [Permitted] Camden/2024/2944/P — 32 Coptic Street London WC1A 1NP
2026-10-01 11:32:19 INFO LEAD new: [Permitted] Camden/2024/3528/L — School Of Oriental And African Studies 10 Thornhaugh Street 
2026-10-01 11:32:19 INFO LEAD new: [Permitted] Camden/2024/4439/A — Eurowed House 20-24 Kirby Street London EC1N 8TS
2026-10-01 11:32:19 INFO LEAD new: [Permitted] Camden/2024/4430/P — 132 Leighton Road London Camden NW5 2RG
2026-10-01 11:32:19 INFO LEAD new: [Permitted] Camden/2024/4432/P — 60-70 Shorts Gardens London WC2H 9AH
2026-10-01 11:32:19 INFO LEAD new: [Permitted] Camden/2024/4452/P — 35 Elsworthy Road London NW3 3BT
2026-10-01 11:32:19 INFO LEAD new: [Permitted] Camden/2024/4246/P — 3 Windmill Hill London NW3 6RU
2026-10-01 11:32:19 INFO LEAD new: [Permitted] Camden/2024/4335/P — 27 Daleham Mews London Camden NW3 5DB
2026-10-01 11:32:19 INFO LEAD new: [Permitted] Camden/2024/4434/P — 153 Fortess Road London NW5 2HR
2026-10-01 11:32:19 INFO LEAD new: [Permitted] Camden/2023/2586/P — Holborn House 113 High Holborn London Camden WC1V 6JQ
2026-10-01 11:32:19 INFO LEAD new: [Permitted] Camden/2024/4413/P — 13 A Mornington Place London Camden NW1 7RW
2026-10-01 11:32:19 INFO LEAD new: [Permitted] Camden/2024/4424/P — 54-74 Mary Brancker House Holmes Road London NW5 3AQ
2026-10-01 11:32:19 INFO LEAD new: [Permitted] Camden/2024/4423/P — 3 Rothwell Street London Camden NW1 8YH
2026-10-01 11:32:19 INFO LEAD new: [Permitted] Camden/2024/4421/P — Central Somers Town Covering Land At Polygon Road Open Space
2026-10-01 11:32:19 INFO LEAD new: [Permitted] Camden/2024/4397/P — University College London South Quad Gower Street London WC1
2026-10-01 11:32:19 INFO LEAD new: [Permitted] Camden/2024/4399/P — Chester Road Hostel 2 Chester Road London Camden N19 5BP
2026-10-01 11:32:19 INFO LEAD new: [Permitted] Camden/2024/4391/P — 45 Elsworthy Road London NW3 3BS
2026-10-01 11:32:25 INFO [camden/Permitted] page at offset 6800: 100 records
2026-10-01 11:32:25 INFO LEAD new: [Permitted] Camden/2024/4392/P — 83 Belsize Park Gardens London NW3 4NJ
2026-10-01 11:32:25 INFO LEAD new: [Permitted] Camden/2024/4384/P — 76 Southampton Row London WC1B 4AR
2026-10-01 11:32:25 INFO LEAD new: [Permitted] Camden/2024/4400/P — 25 John's Mews London WC1N 2NS
2026-10-01 11:32:25 INFO LEAD new: [Permitted] Camden/2023/3349/P — 1 Maple Place London W1T 4BB
2026-10-01 11:32:25 INFO LEAD new: [Permitted] Camden/2024/4395/P — 61 Redington Road London NW3 7RP
2026-10-01 11:32:25 INFO LEAD new: [Permitted] Camden/2024/4393/P — 11 Murray Street London NW1 9RE
2026-10-01 11:32:25 INFO LEAD new: [Permitted] Camden/2024/4406/P — Archway Campus 2 - 10 Highgate Hill London N19 5LP
2026-10-01 11:32:25 INFO LEAD new: [Permitted] Camden/2024/4394/P — 61 Redington Road London Camden NW3 7RP
2026-10-01 11:32:25 INFO LEAD new: [Permitted] Camden/2024/4268/A — University Of London Union Building Malet Street London WC1E
2026-10-01 11:32:25 INFO LEAD new: [Permitted] Camden/2024/4370/P — 154 Royal College Street London NW1 0TA
2026-10-01 11:32:25 INFO LEAD new: [Permitted] Camden/2024/2350/P — Waterlow Park Centre Dartmouth Park Hill London N19 5JF
2026-10-01 11:32:25 INFO LEAD new: [Permitted] Camden/2024/4375/P — Burghley Yard 106 Burghley Road London NW5 1AL
2026-10-01 11:32:25 INFO LEAD new: [Permitted] Camden/2024/4381/HS2 — Camden Incline Winding House Gloucester Avenue London
2026-10-01 11:32:25 INFO LEAD new: [Permitted] Camden/2024/4371/P — 154 Royal College Street London NW1 0TA
2026-10-01 11:32:25 INFO LEAD new: [Permitted] Camden/2024/4365/P — Royal Free Hospital Pond Street London NW3 2QG
2026-10-01 11:32:25 INFO LEAD new: [Permitted] Camden/2024/4382/P — 194 Shaftesbury Avenue London WC2H 8JP
2026-10-01 11:32:25 INFO LEAD new: [Permitted] Camden/2024/4379/P — 115 - 121 Finchley Road London NW3 6HY
2026-10-01 11:32:26 INFO LEAD new: [Permitted] Camden/2024/4380/A — 30 Hampstead High Street London Camden NW3 1QA
2026-10-01 11:32:26 INFO LEAD new: [Permitted] Camden/2024/4363/L — Flat Basement and Ground Floor 28 John Street London Camden 
2026-10-01 11:32:26 INFO LEAD new: [Permitted] Camden/2024/4185/P — 213-219 Camden High Street London Camden NW1 7BT
2026-10-01 11:32:26 INFO LEAD new: [Permitted] Camden/2024/4186/A — 213-219 Camden High Street London Camden NW1 7BT
2026-10-01 11:32:26 INFO LEAD new: [Permitted] Camden/2024/4348/P — Bury House 1 - 4 31-34 Bury Street London EC3A 5AR
2026-10-01 11:32:26 INFO LEAD new: [Permitted] Camden/2024/3923/L — 12 and 13 Primrose Hill Studios Fitzroy Road London NW1 8TR
2026-10-01 11:32:26 INFO LEAD new: [Permitted] Camden/2024/4354/L — Town Hall Judd Street London WC1H 9JE
2026-10-01 11:32:26 INFO LEAD new: [Permitted] Camden/2024/4353/L — 33 Tavistock Square London Camden WC1H 9EZ
2026-10-01 11:32:26 INFO LEAD new: [Permitted] Camden/2024/4362/P — The Lodge North End Avenue London NW3 7HP
2026-10-01 11:32:26 INFO LEAD new: [Permitted] Camden/2024/4313/P — Phoenix Road pavements (between Chalton Street and Werringto
2026-10-01 11:32:26 INFO LEAD new: [Permitted] Camden/2024/4279/A — 88 Parkway London Camden NW1 7AN
2026-10-01 11:32:26 INFO LEAD new: [Permitted] Camden/2024/4352/L — 35-37 Monmouth Street London WC2H 9DD
2026-10-01 11:32:26 INFO LEAD new: [Permitted] Camden/2024/4330/P — 4-6 Bedford Place London Camden WC1B 5JD
2026-10-01 11:32:26 INFO LEAD new: [Permitted] Camden/2024/4345/L — Moreton Lodge Holly Walk London NW3 6RA
2026-10-01 11:32:26 INFO LEAD new: [Permitted] Camden/2024/4333/P — Moreton Lodge Holly Walk London NW3 6RA
2026-10-01 11:32:26 INFO LEAD new: [Permitted] Camden/2024/4053/P — Lissenden Mansions, Flat 37 Lissenden Gardens London NW5 1PR
2026-10-01 11:32:26 INFO LEAD new: [Permitted] Camden/2024/4317/L — Palmers Lodge 40 College Crescent London Camden NW3 5LB
2026-10-01 11:32:26 INFO LEAD new: [Permitted] Camden/2024/4318/P — St Giles College London Central 154 Southampton Row London W
2026-10-01 11:32:26 INFO LEAD new: [Permitted] Camden/2024/4332/P — 51 Parker Street London Camden WC2B 5PS
2026-10-01 11:32:26 INFO LEAD new: [Permitted] Camden/2024/4299/P — 3 Crediton Hill London Camden NW6 1HT
2026-10-01 11:32:26 INFO LEAD new: [Permitted] Camden/2024/4205/P — Flat 1 36 Platt's Lane London NW3 7NT
2026-10-01 11:32:26 INFO LEAD new: [Permitted] Camden/2024/4316/P — 32-34 New Oxford Street London Camden WC1A 1AP
2026-10-01 11:32:26 INFO LEAD new: [Permitted] Camden/2024/4309/L — UCL Wilkins Building Gower Street London WC1E 6BT
2026-10-01 11:32:26 INFO LEAD new: [Permitted] Camden/2024/4206/L — Flat 103 Levita House Chalton Street London NW1 1JL
2026-10-01 11:32:26 INFO LEAD new: [Permitted] Camden/2024/4351/A — 32-34 New Oxford Street London Camden WC1A 1AP
2026-10-01 11:32:26 INFO LEAD new: [Permitted] Camden/2024/4280/P — Alpha House Regis Road London Camden NW5 3EW
2026-10-01 11:32:26 INFO LEAD new: [Permitted] Camden/2024/4292/P — UCL New Chemistry Building 20 Gordon Street London WC1H 0AJ
2026-10-01 11:32:26 INFO LEAD new: [Permitted] Camden/2024/4291/L — 15 Pond Street London NW3 2PN
2026-10-01 11:32:26 INFO LEAD new: [Permitted] Camden/2024/4139/L — King's Cross Station Euston Road London N1 9AL
2026-10-01 11:32:26 INFO LEAD new: [Permitted] Camden/2024/4281/P — 33 Camden Mews London NW1 9BY
2026-10-01 11:32:26 INFO LEAD new: [Permitted] Camden/2024/4290/L — 15 Pond Street London NW3 2PN
2026-10-01 11:32:26 INFO LEAD new: [Permitted] Camden/2024/4037/P — 15 Pond Street London NW3 2PN
2026-10-01 11:32:26 INFO LEAD new: [Permitted] Camden/2024/4038/P — 15 Pond Street London NW3 2PN
2026-10-01 11:32:26 INFO LEAD new: [Permitted] Camden/2024/4024/P — 63 Swain's Lane London N6 6QL
2026-10-01 11:32:26 INFO LEAD new: [Permitted] Camden/2024/4103/P — Flat 1st, 2nd and 3rd Floors 39 Theobald's Road London WC1X 
2026-10-01 11:32:26 INFO LEAD new: [Permitted] Camden/2024/4097/P — Land surrounding Snowman House and Casterbridge Belsize Road
2026-10-01 11:32:26 INFO LEAD new: [Permitted] Camden/2024/4257/L — 37-63 Victoria House Southampton Row London Camden WC1B 4DA
2026-10-01 11:32:26 INFO LEAD new: [Permitted] Camden/2024/4271/P — 4-6 Bedford Place London Camden WC1B 5JD
2026-10-01 11:32:26 INFO LEAD new: [Permitted] Camden/2024/4273/A — 55 Marchmont Street London Camden WC1N 1AP
2026-10-01 11:32:26 INFO LEAD new: [Permitted] Camden/2024/3950/P — 1 Rosebery Avenue London EC1R 4SR
2026-10-01 11:32:26 INFO LEAD new: [Permitted] Camden/2024/4266/P — 4 Frognal Rise London NW3 6RD
2026-10-01 11:32:26 INFO LEAD new: [Permitted] Camden/2024/4275/P — University Of London Union Building Malet Street London WC1E
2026-10-01 11:32:26 INFO LEAD new: [Permitted] Camden/2024/4159/P — Flat 1 and Flat 2 26 Parliament Hill London NW3 2TN
2026-10-01 11:32:26 INFO LEAD new: [Permitted] Camden/2024/4250/P — Chester Road Hostel 2 Chester Road London N19 5BP
2026-10-01 11:32:26 INFO LEAD new: [Permitted] Camden/2024/4262/P — Heybridge Car Park Castle Road London NW1 8TD
2026-10-01 11:32:26 INFO LEAD new: [Permitted] Camden/2024/4254/P — Development Zone A King's Cross Central York Way London
2026-10-01 11:32:32 INFO [camden/Permitted] page at offset 6900: 100 records
2026-10-01 11:32:32 INFO LEAD new: [Permitted] Camden/2024/4274/P — 1 Rothwell Street London NW1 8YH
2026-10-01 11:32:32 INFO LEAD new: [Permitted] Camden/2024/5276/P — Victoria House 37-63 Southampton Row London WC1B 4DA
2026-10-01 11:32:32 INFO LEAD new: [Permitted] Camden/2024/4267/P — Paddington Green Police Station 4 Harrow Road London W2 1XJ
2026-10-01 11:32:32 INFO LEAD new: [Permitted] Camden/2024/4251/P — Studio 98 Fellows Road London NW3 3JG
2026-10-01 11:32:32 INFO LEAD new: [Permitted] Camden/2024/4200/L — 26 Medburn Street London NW1 1RH
2026-10-01 11:32:32 INFO LEAD new: [Permitted] Camden/2024/4163/P — 26 Medburn Street London NW1 1RH
2026-10-01 11:32:32 INFO LEAD new: [Permitted] Camden/2024/4166/P — Flat F, Heath Park Gardens, 18 Templewood Avenue London NW3 
2026-10-01 11:32:32 INFO LEAD new: [Permitted] Camden/2024/4156/P — Taplow and Dorney, Adelaide Road and Bray and Burnham, Fello
2026-10-01 11:32:32 INFO LEAD new: [Permitted] Camden/2024/4236/P — The Charlie Ratchford Centre Belmont Street London NW1 8HF
2026-10-01 11:32:32 INFO LEAD new: [Permitted] Camden/2024/4235/P — Bravington House 2 Bravington Walk London N1 9AW
2026-10-01 11:32:32 INFO LEAD new: [Permitted] Camden/2024/4241/P — Camden Goods Yard Chalk Farm Road London NW1 8EH
2026-10-01 11:32:32 INFO LEAD new: [Permitted] Camden/2024/4243/P — Bravington House, 2 Bravington Walk, London, N1 9AW
2026-10-01 11:32:32 INFO LEAD new: [Permitted] Camden/2024/4234/P — 27 Achilles Road London NW6 1DZ
2026-10-01 11:32:32 INFO LEAD new: [Permitted] Camden/2024/3943/P — Flat 3 72 Burghley Road London NW5 1UN
2026-10-01 11:32:32 INFO LEAD new: [Permitted] Camden/2024/4213/P — 48 Mornington Terrace London NW1 7RT
2026-10-01 11:32:32 INFO LEAD new: [Permitted] Camden/2024/4210/P — 72 Lawn Road London NW3 2XB
2026-10-01 11:32:32 INFO LEAD new: [Permitted] Camden/2024/3348/P — Various sites on Chalton Street and Phoenix Road London NW1 
2026-10-01 11:32:32 INFO LEAD new: [Permitted] Camden/2024/4219/A — 9-11 Shorts Gardens London Camden WC2H 9AT
2026-10-01 11:32:32 INFO LEAD new: [Permitted] Camden/2024/4218/P — 1 Asmara Road London NW2 3SS
2026-10-01 11:32:32 INFO LEAD new: [Permitted] Camden/2024/4387/A — Skanska Development Site St Giles Square London Camden WC2H 
2026-10-01 11:32:32 INFO LEAD new: [Permitted] Camden/2024/4182/P — 59 Dartmouth Park Road London NW5 1SL
2026-10-01 11:32:33 INFO LEAD new: [Permitted] Camden/2024/4201/P — 22 Torrington Place London WC1E 7HJ
2026-10-01 11:32:33 INFO LEAD new: [Permitted] Camden/2024/4208/L — BT kiosk 0207725978 corner of Primrose Hill Road and Regent'
2026-10-01 11:32:33 INFO LEAD new: [Permitted] Camden/2024/3719/P — Ellerton 30 Mill Lane London NW6 1LX
2026-10-01 11:32:33 INFO LEAD new: [Permitted] Camden/2024/0396/P — 24-26 Maygrove Road London NW6 2EB
2026-10-01 11:32:33 INFO LEAD new: [Permitted] Camden/2024/4183/P — The Lodge North End Avenue London Camden NW3 7HP
2026-10-01 11:32:33 INFO LEAD new: [Permitted] Camden/2024/4187/P — 65 Parliament Hill London NW3 2TB
2026-10-01 11:32:33 INFO LEAD new: [Permitted] Camden/2024/4180/P — St Pancras Bridge - Adjacent to Tribeca Site Camley Street/G
2026-10-01 11:32:33 INFO LEAD new: [Permitted] Camden/2024/4162/P — St Pancras Bridge - Adjacent to Tribeca Site Camley Street/G
2026-10-01 11:32:33 INFO LEAD new: [Permitted] Camden/2024/4154/P — 1 Lawford Road London NW5 2LH
2026-10-01 11:32:33 INFO LEAD new: [Permitted] Camden/2024/4194/P — 11-15 Kings Terrace London NW1 0JP
2026-10-01 11:32:33 INFO LEAD new: [Permitted] Camden/2024/4229/L — 22 Torrington Place London WC1E 7HJ
2026-10-01 11:32:33 INFO LEAD new: [Permitted] Camden/2024/4052/P — 51 Downshire Hill London NW3 1PA
2026-10-01 11:32:33 INFO LEAD new: [Permitted] Camden/2024/4153/L — 51 Downshire Hill London NW3 1PA
2026-10-01 11:32:33 INFO LEAD new: [Permitted] Camden/2024/4165/P — Flat C 111 Constantine Road London NW3 2LR
2026-10-01 11:32:33 INFO LEAD new: [Permitted] Camden/2024/4167/L — 37-63 Victoria House Southampton Row London Camden WC1B 4DA
2026-10-01 11:32:33 INFO LEAD new: [Permitted] Camden/2024/4179/P — 78 Flat Ground Floor Canfield Gardens London Camden NW6 3EE
2026-10-01 11:32:33 INFO LEAD new: [Permitted] Camden/2024/4169/L — School Of Oriental And African Studies 10 Thornhaugh Street 
2026-10-01 11:32:33 INFO LEAD new: [Permitted] Camden/2024/4204/L — 7 The Grove London N6 6JU
2026-10-01 11:32:33 INFO LEAD new: [Permitted] Camden/2024/4150/P — Flat 1 62 Fitzjohn's Avenue London NW3 5LT
2026-10-01 11:32:33 INFO LEAD new: [Permitted] Camden/2024/4081/P — Flat A 45 Oseney Crescent London NW5 2BE
2026-10-01 11:32:33 INFO LEAD new: [Permitted] Camden/2024/4141/P — Central Somers Town Covering Land At Polygon Road Open Space
2026-10-01 11:32:33 INFO LEAD new: [Permitted] Camden/2024/4224/P — 219 - 229 Shaftesbury Avenue London WC2H 8EL
2026-10-01 11:32:33 INFO LEAD new: [Permitted] Camden/2024/4138/L — 34 Tavistock Square London Camden WC1H 9EZ
2026-10-01 11:32:33 INFO LEAD new: [Permitted] Camden/2024/4083/P — Studio 98 Fellows Road London NW3 3JG
2026-10-01 11:32:33 INFO LEAD new: [Permitted] Camden/2024/4135/P — 28 Goodge Street London W1T 2QQ
2026-10-01 11:32:33 INFO LEAD new: [Permitted] Camden/2024/4109/L — 29A Montague Street London WC1B 5BL
2026-10-01 11:32:33 INFO LEAD new: [Permitted] Camden/2024/4127/L — 29 A Montague Street London Camden WC1B 5BL
2026-10-01 11:32:33 INFO LEAD new: [Permitted] Camden/2024/4082/P — Flat 2 9 Oakhill Avenue London NW3 7RD
2026-10-01 11:32:33 INFO LEAD new: [Permitted] Camden/2024/3507/P — Flat 78 2 Blair Court Boundary Road London NW8 6NT
2026-10-01 11:32:33 INFO LEAD new: [Permitted] Camden/2024/4095/P — 27 Belsize Square London NW3 4HU
2026-10-01 11:32:33 INFO LEAD new: [Permitted] Camden/2024/4096/P — 27 Belsize Square London Camden NW3 4HU
2026-10-01 11:32:33 INFO LEAD new: [Permitted] Camden/2024/4107/P — 101 Bayham Street London NW1 0AG
2026-10-01 11:32:33 INFO LEAD new: [Permitted] Camden/2024/3959/P — 29A Montague Street London WC1B 5BL
2026-10-01 11:32:33 INFO LEAD new: [Permitted] Camden/2024/3957/P — Flat 3 68 Priory Road London NW6 3RE
2026-10-01 11:32:33 INFO LEAD new: [Permitted] Camden/2024/3949/P — 10 Mackeson Road London NW3 2LT
2026-10-01 11:32:33 INFO LEAD new: [Permitted] Camden/2024/4440/L — Bedford Square Gardens Bedford Square London WC1B 3HH
2026-10-01 11:32:33 INFO LEAD new: [Permitted] Camden/2024/3706/P — 9 Sumatra Road London NW6 1PS
2026-10-01 11:32:33 INFO LEAD new: [Permitted] Camden/2024/4077/P — Maple House 149 Tottenham Court Road London W1T 7NF
2026-10-01 11:32:33 INFO LEAD new: [Permitted] Camden/2024/4076/P — Bedford Square Gardens Bedford Square London WC1B 3HH
2026-10-01 11:32:39 INFO [camden/Permitted] page at offset 7000: 100 records
2026-10-01 11:32:39 INFO LEAD new: [Permitted] Camden/2024/4075/A — Unit 3 160 West End Lane London NW6 1SD
2026-10-01 11:32:39 INFO LEAD new: [Permitted] Camden/2024/2637/P — Humdingers Camden 39 Brecknock Road London N7 0BT
2026-10-01 11:32:39 INFO LEAD new: [Permitted] Camden/2024/4126/A — Maple House 149 Tottenham Court Road London W1T 7NF
2026-10-01 11:32:39 INFO LEAD new: [Permitted] Camden/2024/4079/L — Falkland Place Playground r/o 11 - 23 Leverton Street Falkla
2026-10-01 11:32:39 INFO LEAD new: [Permitted] Camden/2024/4078/P — 29 A Montague Street London Camden WC1B 5BL
2026-10-01 11:32:39 INFO LEAD new: [Permitted] Camden/2024/4063/P — 24 Euston House, Store And Premises At Part Bst Eversholt St
2026-10-01 11:32:39 INFO LEAD new: [Permitted] Camden/2024/4062/A — 24 Euston House, Store And Premises At Part Bst Eversholt St
2026-10-01 11:32:40 INFO LEAD new: [Permitted] Camden/2024/4069/P — 8 A Hampstead Hill Gardens London NW3 2PL
2026-10-01 11:32:40 INFO LEAD new: [Permitted] Camden/2024/4074/P — University Of London Union Building Malet Street London WC1E
2026-10-01 11:32:40 INFO LEAD new: [Permitted] Camden/2024/4049/L — 39 Marchmont Street London Camden WC1N 1AP
2026-10-01 11:32:40 INFO LEAD new: [Permitted] Camden/2024/4050/L — 39 Marchmont Street London Camden WC1N 1AP
2026-10-01 11:32:40 INFO LEAD new: [Permitted] Camden/2024/4048/P — 29 - 30 King's Mews London WC1N 2JB
2026-10-01 11:32:40 INFO LEAD new: [Permitted] Camden/2024/4041/L — 2 Willow Road London NW3 1TH
2026-10-01 11:32:40 INFO LEAD new: [Permitted] Camden/2024/4027/P — 21 Baldwin's Gardens London EC1N 7UY
2026-10-01 11:32:40 INFO LEAD new: [Permitted] Camden/2024/4014/P — 5 Ryland Road London NW5 3EA
2026-10-01 11:32:40 INFO LEAD new: [Permitted] Camden/2024/4018/P — 263 Eversholt Street London NW1 1BA
2026-10-01 11:32:40 INFO LEAD new: [Permitted] Camden/2024/4001/P — Lilac House 2 Modbury Gardens London NW5 3QE
2026-10-01 11:32:40 INFO LEAD new: [Permitted] Camden/2024/4023/P — 105 Fellows Road London Camden NW3 3JS
2026-10-01 11:32:40 INFO LEAD new: [Permitted] Camden/2024/4002/P — 89 Arlington Road London NW1 7ES
2026-10-01 11:32:40 INFO LEAD new: [Permitted] Camden/2024/4000/P — 298 Finchley Road London NW3 7AG
2026-10-01 11:32:40 INFO LEAD new: [Permitted] Camden/2024/4013/P — 5 Ryland Road London NW5 3EA
2026-10-01 11:32:40 INFO LEAD new: [Permitted] Camden/2024/3952/L — Flat 3 33 Betterton Street London WC2H 9BQ
2026-10-01 11:32:40 INFO LEAD new: [Permitted] Camden/2024/3185/P — 69 Clerkenwell Road London EC1R 5BU
2026-10-01 11:32:40 INFO LEAD new: [Permitted] Camden/2024/4022/P — Flat 6 3 Fawley Road London NW6 1SL
2026-10-01 11:32:40 INFO LEAD new: [Permitted] Camden/2024/3851/P — Flat A 12 Sherriff Road London NW6 2AU
2026-10-01 11:32:40 INFO LEAD new: [Permitted] Camden/2024/0939/P — 1A Birkenhead Street London Camden WC1H 8BA
2026-10-01 11:32:40 INFO LEAD new: [Permitted] Camden/2024/3941/L — British Museum Great Russell Street London WC1E 7JW
2026-10-01 11:32:40 INFO LEAD new: [Permitted] Camden/2024/3995/P — 10 & 12 Mount Pleasant London WC1X 0BU
2026-10-01 11:32:40 INFO LEAD new: [Permitted] Camden/2024/3976/P — 41 Whitfield Street London W1T 2SG
2026-10-01 11:32:40 INFO LEAD new: [Permitted] Camden/2024/3939/P — Flat Ground Floor 37 Compayne Gardens London NW6 3DD
2026-10-01 11:32:40 INFO LEAD new: [Permitted] Camden/2024/3919/L — 10 and 11 Denmark Street London Camden WC2H 8LS
2026-10-01 11:32:40 INFO LEAD new: [Permitted] Camden/2024/3972/L — British Museum Great Russell Street London WC1E 7JW
2026-10-01 11:32:40 INFO LEAD new: [Permitted] Camden/2024/3998/P — 19 Cannon Place London NW3 1EH
2026-10-01 11:32:40 INFO LEAD new: [Permitted] Camden/2024/3975/A — 58 Rosslyn Hill London NW3 1ND
2026-10-01 11:32:40 INFO LEAD new: [Permitted] Camden/2024/3942/L — British Museum Great Russell Street London WC1E 7JW
2026-10-01 11:32:40 INFO LEAD new: [Permitted] Camden/2024/3970/P — 233 Goldhurst Terrace London NW6 3EP
2026-10-01 11:32:40 INFO LEAD new: [Permitted] Camden/2024/3964/L — 69 Gower Street London Camden WC1E 6HJ
2026-10-01 11:32:40 INFO LEAD new: [Permitted] Camden/2024/3974/L — Town Hall Judd Street London WC1H 9JE
2026-10-01 11:32:40 INFO LEAD new: [Permitted] Camden/2024/3968/L — British Museum Great Russell Street London WC1E 7JW
2026-10-01 11:32:40 INFO LEAD new: [Permitted] Camden/2024/3965/L — 10 Keats Grove London Camden NW3 2RR
2026-10-01 11:32:40 INFO LEAD new: [Permitted] Camden/2024/3936/L — 27 Fitzroy Square London Camden W1T 6ES
2026-10-01 11:32:40 INFO LEAD new: [Permitted] Camden/2024/3944/L — Flat 1 3 Cambridge Gate London Camden NW1 4JX
2026-10-01 11:32:40 INFO LEAD new: [Permitted] Camden/2024/3928/P — 39 Marchmont Street London Camden WC1N 1AP
2026-10-01 11:32:40 INFO LEAD new: [Permitted] Camden/2024/3921/P — Bloomsbury House 74-77 Great Russell Street London WC1B 3DA
2026-10-01 11:32:40 INFO LEAD new: [Permitted] Camden/2024/3929/P — Walls over bridge SPC1/14 Junction of Agar Grove, Murray Str
2026-10-01 11:32:40 INFO LEAD new: [Permitted] Camden/2024/3938/P — 5 Hillway London N6 6QB
2026-10-01 11:32:40 INFO LEAD new: [Permitted] Camden/2024/3915/P — 69 Gower Street London Camden WC1E 6HJ
2026-10-01 11:32:40 INFO LEAD new: [Permitted] Camden/2024/3714/P — 6 Gayton Road London NW3 1TX
2026-10-01 11:32:40 INFO LEAD new: [Permitted] Camden/2024/3904/A — 107 Great Russell Street London WC1B 3NA
2026-10-01 11:32:46 INFO [camden/Permitted] page at offset 7100: 100 records
2026-10-01 11:32:46 INFO LEAD new: [Permitted] Camden/2024/3897/L — 107 Great Russell Street London WC1B 3NA
2026-10-01 11:32:46 INFO LEAD new: [Permitted] Camden/2024/3910/L — 22, 29-41, 36, and 42-44 Earlham Street, 45-51 and 53 Monmou
2026-10-01 11:32:46 INFO LEAD new: [Permitted] Camden/2024/3907/P — 13 Belsize Crescent London NW3 5QY
2026-10-01 11:32:46 INFO LEAD new: [Permitted] Camden/2024/3627/P — 20 Cressy Road London Camden NW3 2LY
2026-10-01 11:32:46 INFO LEAD new: [Permitted] Camden/2024/2453/P — 23 Minton Mews London NW6 1XX
2026-10-01 11:32:46 INFO LEAD new: [Permitted] Camden/2024/3847/P — Flat B 111 Chetwynd Road London NW5 1DA
2026-10-01 11:32:46 INFO LEAD new: [Permitted] Camden/2024/3850/P — 75 Quickswood London NW3 3RT
2026-10-01 11:32:46 INFO LEAD new: [Permitted] Camden/2024/3899/P — 39 Marchmont Street London WC1N 1AP
2026-10-01 11:32:46 INFO LEAD new: [Permitted] Camden/2024/3761/P — Flat A 19 Belsize Park London NW3 4DU
2026-10-01 11:32:46 INFO LEAD new: [Permitted] Camden/2024/3860/P — 3 Crediton Hill London NW6 1HT
2026-10-01 11:32:46 INFO LEAD new: [Permitted] Camden/2024/3888/P — 19-37 Highgate Road London NW5 1JY
2026-10-01 11:32:46 INFO LEAD new: [Permitted] Camden/2024/3872/P — New House 67-68 Hatton Garden London EC1N 8JY
2026-10-01 11:32:46 INFO LEAD new: [Permitted] Camden/2024/3866/L — Friends House 173-177 Euston Road London NW1 2BJ
2026-10-01 11:32:46 INFO LEAD new: [Permitted] Camden/2024/3869/L — Parliament Hill Lido Gordon House Road London Camden NW5 1LT
2026-10-01 11:32:46 INFO LEAD new: [Permitted] Camden/2024/3864/P — 15-17 Tavistock Place London Camden WC1H 9SH
2026-10-01 11:32:46 INFO LEAD new: [Permitted] Camden/2024/3868/P — 49 Camden Park Road London Camden NW1 9AY
2026-10-01 11:32:47 INFO LEAD new: [Permitted] Camden/2024/3863/P — 4 Handyside Street London N1C 4DJ
2026-10-01 11:32:47 INFO LEAD new: [Permitted] Camden/2024/3831/P — 7 Lambolle Place London Camden NW3 4PD
2026-10-01 11:32:47 INFO LEAD new: [Permitted] Camden/2024/3840/P — Ornan Court 2 Ornan Road London NW3 4PT
2026-10-01 11:32:47 INFO LEAD new: [Permitted] Camden/2024/3853/P — 15 Mecklenburgh Square London Camden WC1N 2AD
2026-10-01 11:32:47 INFO LEAD new: [Permitted] Camden/2024/3859/L — The Hill Park and Gardens Inverforth Close London Camden NW3
2026-10-01 11:32:47 INFO LEAD new: [Permitted] Camden/2024/3375/P — 42 Albert Street London Camden NW1 7NU
2026-10-01 11:32:47 INFO LEAD new: [Permitted] Camden/2024/3818/A — County Hotel Upper Woburn Place London WC1H 0JW
2026-10-01 11:32:47 INFO LEAD new: [Permitted] Camden/2024/3852/P — 99 Bishopsgate London EC2M 3XD
2026-10-01 11:32:47 INFO LEAD new: [Permitted] Camden/2024/3824/L — 42 Albert Street London Camden NW1 7NU
2026-10-01 11:32:47 INFO LEAD new: [Permitted] Camden/2024/3810/P — Somerset Court Aldenham Street London NW1 1AS
2026-10-01 11:32:47 INFO LEAD new: [Permitted] Camden/2024/3749/P — 86 Plender Street London NW1 0JN
2026-10-01 11:32:47 INFO LEAD new: [Permitted] Camden/2024/2964/L — 4B Oak Court St Albans Villas London Camden NW5 1QU
2026-10-01 11:32:47 INFO LEAD new: [Permitted] Camden/2024/3798/L — Church Of Christ The King Gordon Square London Camden WC1H 0
2026-10-01 11:32:47 INFO LEAD new: [Permitted] Camden/2024/3524/P — 104 Camden High Street London Camden NW1 0LU
2026-10-01 11:32:47 INFO LEAD new: [Permitted] Camden/2024/3735/P — Corams Fields & Harmsworth Memorial Playground 93 Guilford S
2026-10-01 11:32:47 INFO LEAD new: [Permitted] Camden/2024/3306/P — 65 South End Road London NW3 2QB
2026-10-01 11:32:47 INFO LEAD new: [Permitted] Camden/2024/3800/P — 109 Constantine Road London Camden NW3 2LR
2026-10-01 11:32:47 INFO LEAD new: [Permitted] Camden/2024/3801/L — The Elms Fitzroy Park London N6 6HS
2026-10-01 11:32:47 INFO LEAD new: [Permitted] Camden/2024/3787/P — 2 Elliott Square London NW3 3SU
2026-10-01 11:32:47 INFO LEAD new: [Permitted] Camden/2024/3791/P — 3 Belsize Mews London NW3 5AT
2026-10-01 11:32:47 INFO LEAD new: [Permitted] Camden/2024/3720/A — 15 Fitzroy Street London W1T 4BQ
2026-10-01 11:32:47 INFO LEAD new: [Permitted] Camden/2024/3794/P — 13 Fitzroy Street London W1T 4BQ
2026-10-01 11:32:47 INFO LEAD new: [Permitted] Camden/2024/3769/L — Seven Dials Warehouse 52-56 Earlham Street London WC2H 9LJ
2026-10-01 11:32:47 INFO LEAD new: [Permitted] Camden/2024/3771/L — 5 Cumberland Terrace London Camden NW1 4HS
2026-10-01 11:32:47 INFO LEAD new: [Permitted] Camden/2024/3762/P — 3 Brookfield Park London NW5 1ES
2026-10-01 11:32:47 INFO LEAD new: [Permitted] Camden/2024/3748/L — 2-9 Cambridge Gate London NW1 4JX
2026-10-01 11:32:47 INFO LEAD new: [Permitted] Camden/2024/3783/P — 3 Crediton Hill London NW6 1HT
2026-10-01 11:32:47 INFO LEAD new: [Permitted] Camden/2024/3784/P — 262B Kilburn High Road London NW6 2BY
2026-10-01 11:32:47 INFO LEAD new: [Permitted] Camden/2024/3786/P — Flat 1 117 Canfield Gardens London NW6 3DY
2026-10-01 11:32:47 INFO LEAD new: [Permitted] Camden/2024/3764/P — Flat 4, Widford Castle Road London NW1 8TE
2026-10-01 11:32:47 INFO LEAD new: [Permitted] Camden/2024/3759/P — British Museum Great Russell Street London WC1B 3DG
2026-10-01 11:32:47 INFO LEAD new: [Permitted] Camden/2024/3758/P — 1 Arkwright Road London NW3 6AA
2026-10-01 11:32:47 INFO LEAD new: [Permitted] Camden/2024/3665/P — 30 Calthorpe Street London Camden WC1X 0JZ
2026-10-01 11:32:47 INFO LEAD new: [Permitted] Camden/2024/3529/P — 188 Goldhurst Terrace London NW6 3HN
2026-10-01 11:32:47 INFO LEAD new: [Permitted] Camden/2024/3246/P — Flat A 13 Oval Road London NW1 7EA
2026-10-01 11:32:47 INFO LEAD new: [Permitted] Camden/2024/3772/P — 20 Greville Place WESTMINSTER London NW6 5JH
2026-10-01 11:32:47 INFO LEAD new: [Permitted] Camden/2024/3723/L — 30 Calthorpe Street London Camden WC1X 0JZ
2026-10-01 11:32:47 INFO LEAD new: [Permitted] Camden/2024/2581/L — Flat 8 30 Gloucester Crescent London Camden NW1 7DL
2026-10-01 11:45:46 INFO [camden/Permitted] page at offset 7200: 100 records
2026-10-01 11:45:46 INFO LEAD new: [Permitted] Camden/2024/3680/P — Flat 1 99 King Henry's Road London NW3 3QX
2026-10-01 11:45:46 INFO LEAD new: [Permitted] Camden/2024/3731/P — Central Somers Town Covering Land At Polygon Road Open Space
2026-10-01 11:45:46 INFO LEAD new: [Permitted] Camden/2024/3729/P — Central Somers Town Covering Land At Polygon Road Open Space
2026-10-01 11:45:46 INFO LEAD new: [Permitted] Camden/2024/3725/P — 125 Shaftesbury Avenue London Camden WC2H 8AD
2026-10-01 11:45:46 INFO LEAD new: [Permitted] Camden/2024/3726/P — 52 Avenue Road London NW8 6HS
2026-10-01 11:45:46 INFO LEAD new: [Permitted] Camden/2024/3624/P — Flat C 7 Mortimer Crescent London NW6 5NX
2026-10-01 11:45:46 INFO LEAD new: [Permitted] Camden/2024/3746/L — 15 Mecklenburgh Square London Camden WC1N 2AD
2026-10-01 11:45:46 INFO LEAD new: [Permitted] Camden/2024/3739/P — British Museum Great Russell Street London WC1B 3DG
2026-10-01 11:45:46 INFO LEAD new: [Permitted] Camden/2024/3738/P — British Museum Great Russell Street London WC1B 3DG
2026-10-01 11:45:46 INFO LEAD new: [Permitted] Camden/2024/3717/P — 100 Avenue Road London NW3 3HF
2026-10-01 11:45:46 INFO LEAD new: [Permitted] Camden/2024/3732/P — Garden Cottage 2 Netherhall Gardens London NW3 5RR
2026-10-01 11:45:46 INFO LEAD new: [Permitted] Camden/2024/3740/P — British Museum Great Russell Street London WC1B 3DG
2026-10-01 11:45:46 INFO LEAD new: [Permitted] Camden/2024/3742/L — Seven Dials Warehouse 52-56 Earlham Street London WC2H 9LJ
2026-10-01 11:45:46 INFO LEAD new: [Permitted] Camden/2024/3703/A — 158-159 Tottenham Court Road London Camden W1T 7NH
2026-10-01 11:45:46 INFO LEAD new: [Permitted] Camden/2024/3704/A — 147-151 Haverstock Hill London NW3 4RU
2026-10-01 11:45:46 INFO LEAD new: [Permitted] Camden/2024/3709/P — Garden Flat, 104 Savernake Road London NW3 2JR
2026-10-01 11:45:46 INFO LEAD new: [Permitted] Camden/2024/3710/P — 36 Elsworthy Road London NW3 3DL
2026-10-01 11:45:46 INFO LEAD new: [Permitted] Camden/2024/3700/P — Flat 1 117 Canfield Gardens London NW6 3DY
2026-10-01 11:45:46 INFO LEAD new: [Permitted] Camden/2024/3708/P — 73 A Heath Street London Camden NW3 6UG
2026-10-01 11:45:46 INFO LEAD new: [Permitted] Camden/2024/2874/P — West Hampstead Library Dennington Park Road London NW6 1AU
2026-10-01 11:45:46 INFO LEAD new: [Permitted] Camden/2024/3686/P — 28B Glenilla Road London NW3 4AN
2026-10-01 11:45:46 INFO LEAD new: [Permitted] Camden/2024/3698/L — 25-26 Woburn Square London WC1H 0AA
2026-10-01 11:45:46 INFO LEAD new: [Permitted] Camden/2024/3681/P — 25-26 Woburn Square London WC1H 0AA
2026-10-01 11:45:46 INFO LEAD new: [Permitted] Camden/2024/3664/P — 4-6 Bedford Place London Camden WC1B 5JD
2026-10-01 11:45:46 INFO LEAD new: [Permitted] Camden/2024/3546/L — Flat 2 9-10 Regent Square London Camden WC1H 8HZ
2026-10-01 11:45:46 INFO LEAD new: [Permitted] Camden/2024/3682/P — 4-6 Bedford Place London WC1B 5JD
2026-10-01 11:45:46 INFO LEAD new: [Permitted] Camden/2024/3471/P — 88A Cleveland Street London W1T 6NJ
2026-10-01 11:45:46 INFO LEAD new: [Permitted] Camden/2024/3685/L — 30 Great James Street London WC1N 3EY
2026-10-01 11:45:46 INFO LEAD new: [Permitted] Camden/2024/2642/P — 3 Guilford Street London WC1N 1DR
2026-10-01 11:45:46 INFO LEAD new: [Permitted] Camden/2024/1827/A — 25 Neal Street London Camden WC2H 9PR
2026-10-01 11:45:46 INFO LEAD new: [Permitted] Camden/2024/3649/L — 3 Guilford Street London WC1N 1DR
2026-10-01 11:45:46 INFO LEAD new: [Permitted] Camden/2024/3598/P — 35 South End Road London NW3 2PY
2026-10-01 11:45:46 INFO LEAD new: [Permitted] Camden/2024/3556/P — 71 Platt's Lane London NW3 7NL
2026-10-01 11:45:46 INFO LEAD new: [Permitted] Camden/2024/3650/A — 35 South End Road London Camden NW3 2PY
2026-10-01 11:45:46 INFO LEAD new: [Permitted] Camden/2024/3619/P — Chester Road Hostel 2 Chester Road London Camden N19 5BP
2026-10-01 11:45:46 INFO LEAD new: [Permitted] Camden/2024/3646/P — Development Site At Former 152 To 156 Kentish Town Road Lond
2026-10-01 11:45:46 INFO LEAD new: [Permitted] Camden/2024/3645/P — The Foundling Museum 40 Brunswick Square London Camden WC1N 
2026-10-01 11:45:46 INFO LEAD new: [Permitted] Camden/2024/3618/P — 248-250 Camden Road Hostel Camden Road London NW1 9HE
2026-10-01 11:45:46 INFO LEAD new: [Permitted] Camden/2024/3637/L — 6 Bedford Square London WC1B 3RA
2026-10-01 11:45:46 INFO LEAD new: [Permitted] Camden/2024/3550/L — 41 Kelly Street London Camden NW1 8PG
2026-10-01 11:45:46 INFO LEAD new: [Permitted] Camden/2024/3614/P — 2A Boscastle Road London NW5 1EG
2026-10-01 11:45:46 INFO LEAD new: [Permitted] Camden/2024/3382/P — 15 Inglewood Road London NW6 1QT
2026-10-01 11:45:46 INFO LEAD new: [Permitted] Camden/2024/3638/L — 32 Steele's Road London NW3 4RE
2026-10-01 11:45:46 INFO LEAD new: [Permitted] Camden/2024/3796/L — The Foundling Museum 40 Brunswick Square London Camden WC1N 
2026-10-01 11:45:46 INFO LEAD new: [Permitted] Camden/2024/3647/P — Flat 2 47 Compayne Gardens London NW6 3DB
2026-10-01 11:45:46 INFO LEAD new: [Permitted] Camden/2024/3639/A — 16-24 Whitfield Street London W1T 2RA
2026-10-01 11:45:46 INFO LEAD new: [Permitted] Camden/2024/3617/L — 41 Kelly Street London NW1 8PG
2026-10-01 11:45:46 INFO LEAD new: [Permitted] Camden/2024/3611/P — Development Site 32 Glenilla Road London NW3 4AN
2026-10-01 11:45:46 INFO LEAD new: [Permitted] Camden/2024/3609/P — Flat 3 1 Cleve Road London NW6 3RG
2026-10-01 11:45:46 INFO LEAD new: [Permitted] Camden/2024/3606/P — 34 Belsize Lane London NW3 5AE
2026-10-01 11:45:46 INFO LEAD new: [Permitted] Camden/2024/3602/P — 2-6 St Pancras Way London NW1 0QG
2026-10-01 11:45:46 INFO LEAD new: [Permitted] Camden/2024/3600/P — Flat B 20 Regent's Park Road London NW1 7TX
2026-10-01 11:45:46 INFO LEAD new: [Permitted] Camden/2024/3607/P — Institute of Education 20 Bedford Way London WC1H 0AL
2026-10-01 11:45:46 INFO LEAD new: [Permitted] Camden/2024/3593/P — 78 New Oxford Street London WC1A 1HB
2026-10-01 11:45:47 INFO LEAD new: [Permitted] Camden/2024/3592/P — 22 Agincourt Road London NW3 2PD
2026-10-01 11:45:47 INFO LEAD new: [Permitted] Camden/2024/3408/A — 4 High Holborn London WC1V 6DR
2026-10-01 11:45:53 INFO [camden/Permitted] page at offset 7300: 100 records
2026-10-01 11:45:53 INFO LEAD new: [Permitted] Camden/2024/3644/L — Institute of Education 20 Bedford Way London WC1H 0AL
2026-10-01 11:45:53 INFO LEAD new: [Permitted] Camden/2024/3597/L — The Montague On The Garden 15 Montague Street London WC1B 5B
2026-10-01 11:45:53 INFO LEAD new: [Permitted] Camden/2024/3601/P — 1 & 6 Keats Close Keats Grove London NW3 2RP
2026-10-01 11:45:53 INFO LEAD new: [Permitted] Camden/2024/3587/P — Flat D 7 Mortimer Crescent London NW6 5NX
2026-10-01 11:45:53 INFO LEAD new: [Permitted] Camden/2024/3584/A — 119 Kingsway London WC2B 6PP
2026-10-01 11:45:53 INFO LEAD new: [Permitted] Camden/2024/3288/P — Clare Court Judd Street London WC1H 9QW
2026-10-01 11:45:53 INFO LEAD new: [Permitted] Camden/2024/3570/P — 2-6 St Pancras Way London NW1 0QG
2026-10-01 11:45:53 INFO LEAD new: [Permitted] Camden/2024/0588/P — The Montague On The Garden 15 Montague Street London WC1B 5B
2026-10-01 11:45:53 INFO LEAD new: [Permitted] Camden/2024/3566/P — St Georges Church Bloomsbury Way London Camden WC1A 2SA
2026-10-01 11:45:53 INFO LEAD new: [Permitted] Camden/2024/3561/P — 7-8 Charlotte Mews London W1T 4EE
2026-10-01 11:45:53 INFO LEAD new: [Permitted] Camden/2024/3569/P — 3 Crediton Hill London Camden NW6 1HT
2026-10-01 11:45:53 INFO LEAD new: [Permitted] Camden/2024/3579/P — Flat 57 Lissenden Mansions Lissenden Gardens London NW5 1PR
2026-10-01 11:45:53 INFO LEAD new: [Permitted] Camden/2024/3578/A — ELAINE'S 77 KINGSWAY LONDON WC2B 6ST
2026-10-01 11:45:53 INFO LEAD new: [Permitted] Camden/2024/3343/A — 94-97 Great Russell Street London WC1B 3LB
2026-10-01 11:45:53 INFO LEAD new: [Permitted] Camden/2024/3568/L — 72 Heath Street London NW3 1DN
2026-10-01 11:45:53 INFO LEAD new: [Permitted] Camden/2024/3581/P — Ground Floor Flat 47 King Henry's Road London NW3 3QR
2026-10-01 11:45:53 INFO LEAD new: [Permitted] Camden/2024/3559/P — 114-116 Flitcroft House Charing Cross Road London Camden WC2
2026-10-01 11:45:53 INFO LEAD new: [Permitted] Camden/2024/3548/P — 248-250 Camden Road Hostel Camden Road London NW1 9HE
2026-10-01 11:45:53 INFO LEAD new: [Permitted] Camden/2024/3555/P — 74 Highgate Road London Camden NW5 1PB
2026-10-01 11:45:53 INFO LEAD new: [Permitted] Camden/2024/3558/P — Land Adjacent To 49 Lamble Street London NW5 4AS
2026-10-01 11:45:53 INFO LEAD new: [Permitted] Camden/2024/3557/P — 41 Kelly Street London NW1 8PG
2026-10-01 11:45:53 INFO LEAD new: [Permitted] Camden/2024/3545/P — 6 Bedford Square London WC1B 3RA
2026-10-01 11:45:53 INFO LEAD new: [Permitted] Camden/2024/3515/P — Flats 1 and 2 29 Steele's Road London NW3 4RE
2026-10-01 11:45:53 INFO LEAD new: [Permitted] Camden/2024/3547/P — Chester Road Hostel 2 Chester Road London N19 5BP
2026-10-01 11:45:53 INFO LEAD new: [Permitted] Camden/2024/3405/P — 87 Arlington Road London NW1 7ES
2026-10-01 11:45:53 INFO LEAD new: [Permitted] Camden/2024/3540/P — 36 Fitzjohn's Avenue London NW3 5NB
2026-10-01 11:45:53 INFO LEAD new: [Permitted] Camden/2024/3534/P — The O2 Masterplan Site 255 Finchley Road London NW3 6LU
2026-10-01 11:45:53 INFO LEAD new: [Permitted] Camden/2024/3509/P — 3-3a Wychcombe Studios England's Lane London Camden NW3 4XY
2026-10-01 11:45:53 INFO LEAD new: [Permitted] Camden/2024/3501/P — The Rotunda 42-43 Gloucester Crescent London NW1 7DL
2026-10-01 11:45:53 INFO LEAD new: [Permitted] Camden/2024/3829/L — The Rotunda 42-43 Gloucester Crescent London NW1 7DL
2026-10-01 11:45:53 INFO LEAD new: [Permitted] Camden/2024/3506/P — Flat 2 Chesterfield House South Grove London N6 6BE
2026-10-01 11:45:53 INFO LEAD new: [Permitted] Camden/2024/3228/P — Top Flat 14 Thurlow Road London NW3 5PL
2026-10-01 11:45:53 INFO LEAD new: [Permitted] Camden/2024/3502/L — 34 Belsize Lane London NW3 5AE
2026-10-01 11:45:53 INFO LEAD new: [Permitted] Camden/2024/3393/P — 3 Brookfield Park London Camden NW5 1ES
2026-10-01 11:45:53 INFO LEAD new: [Permitted] Camden/2024/3395/P — 3 Brookfield Park London Camden NW5 1ES
2026-10-01 11:45:53 INFO LEAD new: [Permitted] Camden/2024/3514/P — 6 Belsize Crescent London NW3 5QU
2026-10-01 11:45:53 INFO LEAD new: [Permitted] Camden/2024/3511/L — 30 Euston Square London NW1 2FB
2026-10-01 11:45:54 INFO LEAD new: [Permitted] Camden/2024/3469/P — 74 Twisden Road London NW5 1DN
2026-10-01 11:45:54 INFO LEAD new: [Permitted] Camden/2024/3487/P — Tybalds Estate New North Street London WC1N 3JT
2026-10-01 11:45:54 INFO LEAD new: [Permitted] Camden/2024/3221/P — 64 Sarre Road London NW2 3SL
2026-10-01 11:45:54 INFO LEAD new: [Permitted] Camden/2024/3494/P — Bidborough House 38-50 Bidborough Street London WC1H 9BT
2026-10-01 11:45:54 INFO LEAD new: [Permitted] Camden/2024/3482/P — Flats 3 and 7, South Hill Mansions 68-70 South Hill Park Lon
2026-10-01 11:45:54 INFO LEAD new: [Permitted] Camden/2024/3499/P — 67 Whitfield Street London W1T 4DE
2026-10-01 11:45:54 INFO LEAD new: [Permitted] Camden/2024/3398/P — 54 Hillway London Camden N6 6EP
2026-10-01 11:45:54 INFO LEAD new: [Permitted] Camden/2024/3491/A — University College London Torrington Place London WC1E 7JE
2026-10-01 11:45:54 INFO LEAD new: [Permitted] Camden/2024/3480/P — 14 Solent Road London NW6 1TU
2026-10-01 11:45:54 INFO LEAD new: [Permitted] Camden/2024/3444/A — Camden (Buck Street) Market 192 - 198 Camden High Street Lon
2026-10-01 11:45:54 INFO LEAD new: [Permitted] Camden/2024/3466/P — 21-23 Bedford Place London WC1B 5JJ
2026-10-01 11:45:54 INFO LEAD new: [Permitted] Camden/2024/3467/P — 16 Pandora Road London Camden NW6 1TT
2026-10-01 11:45:54 INFO LEAD new: [Permitted] Camden/2024/3462/P — 2-6 St Pancras Way London NW1 0QG
2026-10-01 11:45:54 INFO LEAD new: [Permitted] Camden/2024/3438/P — 2-6 St Pancras Way London NW1 0QG
2026-10-01 11:45:54 INFO LEAD new: [Permitted] Camden/2024/3461/P — 72 Heath Street London NW3 1DN
2026-10-01 11:45:54 INFO LEAD new: [Permitted] Camden/2024/3455/L — 46-47 Bloomsbury Square London Camden WC1A 2RA
2026-10-01 11:45:54 INFO LEAD new: [Permitted] Camden/2024/3463/A — Spectrum House 32-34 Gordon House Road London NW5 1LP
2026-10-01 11:45:54 INFO LEAD new: [Permitted] Camden/2024/3465/P — Ground Floor Flat, 127 Fordwych Road London NW2 3NJ
2026-10-01 11:45:54 INFO LEAD new: [Permitted] Camden/2024/3432/P — 16 Perrin's Court London NW3 1QS
2026-10-01 11:45:54 INFO LEAD new: [Permitted] Camden/2024/2474/P — 37 Denning Road London NW3 1ST
2026-10-01 11:45:54 INFO LEAD new: [Permitted] Camden/2024/3433/L — 7 Chester Place London NW1 4NB
2026-10-01 11:45:54 INFO LEAD new: [Permitted] Camden/2024/3426/L — 131 Arlington Road London Camden NW1 7ET
2026-10-01 11:46:00 INFO [camden/Permitted] page at offset 7400: 100 records
2026-10-01 11:46:00 INFO LEAD new: [Permitted] Camden/2024/3248/P — 168 Leighton Road London NW5 2RE
2026-10-01 11:46:00 INFO LEAD new: [Permitted] Camden/2024/3412/L — Highgate Library 59 Chester Road London Camden N19 5DH
2026-10-01 11:46:00 INFO LEAD new: [Permitted] Camden/2024/3407/L — Highgate Library 59 Chester Road London N19 5DH
2026-10-01 11:46:00 INFO LEAD new: [Permitted] Camden/2024/3399/P — West Heath Lawn Tennis Club Croftway London NW3 7PQ
2026-10-01 11:46:00 INFO LEAD new: [Permitted] Camden/2024/3394/P — 115 King's Cross Road London WC1X 9NH
2026-10-01 11:46:00 INFO LEAD new: [Permitted] Camden/2024/3411/P — 100 & 88 Gray's Inn Road 127 Clerkenwell Road London WC1X 8A
2026-10-01 11:46:00 INFO LEAD new: [Permitted] Camden/2024/3020/P — 160 Camden Street London NW1 9PT
2026-10-01 11:46:00 INFO LEAD new: [Permitted] Camden/2024/3404/P — First Floor 141-145 Kentish Town Road London NW1 8PB
2026-10-01 11:46:00 INFO LEAD new: [Permitted] Camden/2024/3389/P — 1-19 Torrington Place London WC1E 7HB
2026-10-01 11:46:00 INFO LEAD new: [Permitted] Camden/2024/3392/P — Basement Flat 45 Nassington Road London NW3 2TY
2026-10-01 11:46:00 INFO LEAD new: [Permitted] Camden/2024/3384/P — Land At 152 Royal College Street London NW1 0TA
2026-10-01 11:46:00 INFO LEAD new: [Permitted] Camden/2024/3383/P — Land At 152 Royal College Street London NW1 0TA
2026-10-01 11:46:00 INFO LEAD new: [Permitted] Camden/2024/3391/P — 32 Steele's Road London NW3 4RE
2026-10-01 11:46:00 INFO LEAD new: [Permitted] Camden/2024/3381/P — Land At 152 Royal College Street London NW1 0TA
2026-10-01 11:46:00 INFO LEAD new: [Permitted] Camden/2024/3380/P — 14 Templewood Avenue London NW3 7XA
2026-10-01 11:46:00 INFO LEAD new: [Permitted] Camden/2024/3436/L — 14 Templewood Avenue London NW3 7XA
2026-10-01 11:46:00 INFO LEAD new: [Permitted] Camden/2024/3415/L — 32 Steele's Road London NW3 4RE
2026-10-01 11:46:00 INFO LEAD new: [Permitted] Camden/2024/3378/P — 18A Frognal Gardens London NW3 6XA
2026-10-01 11:46:00 INFO LEAD new: [Permitted] Camden/2024/3390/P — 1-19 Torrington Place London WC1E 7HB
2026-10-01 11:46:00 INFO LEAD new: [Permitted] Camden/2024/3350/A — Tesco Express 40 Bernard Street London WC1N 1LE
2026-10-01 11:46:00 INFO LEAD new: [Permitted] Camden/2024/3079/P — 20 Swain's Lane London N6 6QS
2026-10-01 11:46:00 INFO LEAD new: [Permitted] Camden/2024/3269/P — Flat 9 The Mitre, 242 Grafton Road London NW5 4AU
2026-10-01 11:46:00 INFO LEAD new: [Permitted] Camden/2024/3372/P — Camden Goods Yard Chalk Farm Road London NW1 8EH
2026-10-01 11:46:00 INFO LEAD new: [Permitted] Camden/2024/3373/P — St Pancras Hospital 4 St Pancras Way London NW1 0PE
2026-10-01 11:46:00 INFO LEAD new: [Permitted] Camden/2024/3374/P — St Pancras Hospital 4 St Pancras Way London NW1 0PE
2026-10-01 11:46:00 INFO LEAD new: [Permitted] Camden/2024/3371/P — 33 - 35 Jamestown Road London NW1 7DB
2026-10-01 11:46:00 INFO LEAD new: [Permitted] Camden/2024/2678/P — 68 King Henry's Road London NW3 3RR
2026-10-01 11:46:00 INFO LEAD new: [Permitted] Camden/2024/3342/P — International Hall University of London Brunswick Square/Lan
2026-10-01 11:46:00 INFO LEAD new: [Permitted] Camden/2024/3346/P — 4 Carlingford Road London NW3 1RX
2026-10-01 11:46:00 INFO LEAD new: [Permitted] Camden/2024/3345/P — 10 Briardale Gardens London NW3 7PP
2026-10-01 11:46:00 INFO LEAD new: [Permitted] Camden/2024/3331/P — 2-6 St Pancras Way London NW1 0QG
2026-10-01 11:46:00 INFO LEAD new: [Permitted] Camden/2024/3340/P — Alpha House Regis Road London Camden NW5 3EW
2026-10-01 11:46:01 INFO LEAD new: [Permitted] Camden/2024/3347/L — School Of Oriental And African Studies 10 Thornhaugh Street 
2026-10-01 11:46:01 INFO LEAD new: [Permitted] Camden/2024/3332/P — 2-6 St Pancras Way London NW1 0QG
2026-10-01 11:46:01 INFO LEAD new: [Permitted] Camden/2024/3333/P — 2-6 St Pancras Way London NW1 0QG
2026-10-01 11:46:01 INFO LEAD new: [Permitted] Camden/2024/3326/P — 32 Jamestown Road London NW1 7BD
2026-10-01 11:46:01 INFO LEAD new: [Permitted] Camden/2024/3107/P — Flat A 11 Hemstal Road London Camden NW6 2AB
2026-10-01 11:46:01 INFO LEAD new: [Permitted] Camden/2024/3319/P — Former Maria Fidelis School 2-10 North Gower Street London N
2026-10-01 11:46:01 INFO LEAD new: [Permitted] Camden/2024/3325/P — 39 Fitzjohn's Avenue London NW3 5JY
2026-10-01 11:46:01 INFO LEAD new: [Permitted] Camden/2024/3317/L — Flat 44 Redman House Portpool Lane London Camden EC1N 7UB
2026-10-01 11:46:01 INFO LEAD new: [Permitted] Camden/2024/2918/P — Basement 62 Belsize Lane Camden NW3 5AR
2026-10-01 11:46:01 INFO LEAD new: [Permitted] Camden/2024/3086/P — 2 Prince Of Wales Road London NW5 3LQ
2026-10-01 11:46:01 INFO LEAD new: [Permitted] Camden/2024/3301/P — Flat 4 74 Fortune Green Road London NW6 1DS
2026-10-01 11:46:01 INFO LEAD new: [Permitted] Camden/2024/3308/P — 19 Cannon Place London Camden NW3 1EH
2026-10-01 11:46:01 INFO LEAD new: [Permitted] Camden/2024/3776/P — Flat 1 4 Sherriff Road London NW6 2AP
2026-10-01 11:46:01 INFO LEAD new: [Permitted] Camden/2024/3273/A — 13-16 Elm Street London WC1X 0BJ
2026-10-01 11:46:01 INFO LEAD new: [Permitted] Camden/2024/3298/P — 16 St Paul's Crescent London NW1 9XL
2026-10-01 11:46:01 INFO LEAD new: [Permitted] Camden/2024/3296/P — Basement Flat 8 King Henry's Road London NW3 3RP
2026-10-01 11:46:01 INFO LEAD new: [Permitted] Camden/2024/3178/P — 38 Leverton Street London NW5 2PG
2026-10-01 11:46:01 INFO LEAD new: [Permitted] Camden/2024/3287/A — Bus Stop Shelter CAM00017AB outside 6 Crowndale Road London 
2026-10-01 11:46:01 INFO LEAD new: [Permitted] Camden/2024/3285/P — 82 Camden High Street London NW1 0LT
2026-10-01 11:46:01 INFO LEAD new: [Permitted] Camden/2024/3279/P — 82 Camden High Street London NW1 0LT
2026-10-01 11:46:01 INFO LEAD new: [Permitted] Camden/2024/3291/P — 108 Torriano Avenue London NW5 2SD
2026-10-01 11:46:01 INFO LEAD new: [Permitted] Camden/2024/3292/A — 100 West End Lane London Camden NW6 2LU
2026-10-01 11:46:01 INFO LEAD new: [Permitted] Camden/2024/3289/L — 5 Prince Albert Road London NW1 7SN
2026-10-01 11:46:01 INFO LEAD new: [Permitted] Camden/2024/3275/P — Flat A 124 Fellows Road London NW3 3JH
2026-10-01 11:46:01 INFO LEAD new: [Permitted] Camden/2024/3276/P — Flat 1 122 Fellows Road London NW3 3JH
2026-10-01 11:46:01 INFO LEAD new: [Permitted] Camden/2024/3256/P — 57 Goldhurst Terrace London NW6 3HB
2026-10-01 11:46:01 INFO LEAD new: [Permitted] Camden/2024/3081/P — Ground Floor Flat 39 Upper Park Road London NW3 2UL
2026-10-01 11:46:01 INFO LEAD new: [Permitted] Camden/2024/2752/P — 30 Chalcot Road London NW1 8LN
2026-10-01 11:46:01 INFO LEAD new: [Permitted] Camden/2023/5301/A — BUILDING A1 1 HAWLEY WHARF CAMDEN NW1 8AH
2026-10-01 11:46:01 INFO LEAD new: [Permitted] Camden/2024/3272/P — 3-4 South Square London WC1R 5HP
2026-10-01 11:46:01 INFO LEAD new: [Permitted] Camden/2024/3265/P — Beckfoot Ampthill Square London NW1 2JT
2026-10-01 11:46:01 INFO LEAD new: [Permitted] Camden/2024/3263/P — Flat A 30 Heath Street London NW3 6TE
2026-10-01 11:46:01 INFO LEAD new: [Permitted] Camden/2024/3255/P — Flats 3, 5, 10, 15, 16, 21, 25, 26, 30, 32, 33, 36, 37, 41, 
2026-10-01 11:46:01 INFO LEAD new: [Permitted] Camden/2024/3260/A — Imperial Hotel 61-66 Russell Square London WC1B 5BB
2026-10-01 11:46:01 INFO LEAD new: [Permitted] Camden/2024/3266/P — 46 Sumatra Road London NW6 1PR
2026-10-01 11:46:01 INFO LEAD new: [Permitted] Camden/2024/3271/P — 527 Finchley Road London Camden NW3 7BG
2026-10-01 11:46:01 INFO LEAD new: [Permitted] Camden/2024/3258/L — 33 Flat 3 Betterton Street London Camden WC2H 9BQ
2026-10-01 11:46:07 INFO [camden/Permitted] page at offset 7500: 100 records
2026-10-01 11:46:07 INFO LEAD new: [Permitted] Camden/2024/3058/P — 7 Redington Gardens London NW3 7RU
2026-10-01 11:46:07 INFO LEAD new: [Permitted] Camden/2024/3270/A — The Dominion Theatre 268-269 Tottenham Court Road London Cam
2026-10-01 11:46:07 INFO LEAD new: [Permitted] Camden/2024/1625/P — 28 Dartmouth Park Road London NW5 1SX
2026-10-01 11:46:07 INFO LEAD new: [Permitted] Camden/2024/3243/P — 3 - 5 Bedford Row London WC1R 4BU
2026-10-01 11:46:07 INFO LEAD new: [Permitted] Camden/2024/3242/L — 3 - 5 Bedford Row London WC1R 4BU
2026-10-01 11:46:08 INFO LEAD new: [Permitted] Camden/2024/3157/L — Former Public Convenience Guilford Place London WC1N 1EA
2026-10-01 11:46:08 INFO LEAD new: [Permitted] Camden/2024/3229/P — Eastman Dental Hospital 256 Gray's In Road London WC1X 8LD
2026-10-01 11:46:08 INFO LEAD new: [Permitted] Camden/2024/3140/P — Echo House 1A Narcissus Road West Hampstead London NW6 1TJ
2026-10-01 11:46:08 INFO LEAD new: [Permitted] Camden/2024/3231/P — 61 Dartmouth Park Road London Camden NW5 1SL
2026-10-01 11:46:08 INFO LEAD new: [Permitted] Camden/2024/3226/P — 4 Lutton Terrace London NW3 1HB
2026-10-01 11:46:08 INFO LEAD new: [Permitted] Camden/2024/3233/P — 19 Menelik Road London Camden NW2 3RJ
2026-10-01 11:46:08 INFO LEAD new: [Permitted] Camden/2024/3206/P — 15 Patshull Road London NW5 2JX
2026-10-01 11:46:08 INFO LEAD new: [Permitted] Camden/2024/3219/P — 13 Belsize Crescent London NW3 5QY
2026-10-01 11:46:08 INFO LEAD new: [Permitted] Camden/2024/3222/P — 64 Sarre Road London Camden NW2 3SL
2026-10-01 11:46:08 INFO LEAD new: [Permitted] Camden/2024/3218/A — 155 Camden High Street London NW1 7JY
2026-10-01 11:46:08 INFO LEAD new: [Permitted] Camden/2024/3224/L — Eastman Dental Hospital 256 Gray's Inn Road London WC1X 8LD
2026-10-01 11:46:08 INFO LEAD new: [Permitted] Camden/2024/2543/P — 53 Marchmont Street London WC1N 1AP
2026-10-01 11:46:08 INFO LEAD new: [Permitted] Camden/2024/3225/L — 25A Neal Street London WC2H 9PR
2026-10-01 11:46:08 INFO LEAD new: [Permitted] Camden/2024/3216/P — 78 Leighton Road London Camden NW5 2QE
2026-10-01 11:46:08 INFO LEAD new: [Permitted] Camden/2024/3223/P — 64 Sarre Road London Camden NW2 3SL
2026-10-01 11:46:08 INFO LEAD new: [Permitted] Camden/2024/3189/P — 25 Old Gloucester Street London WC1N 3AF
2026-10-01 11:46:08 INFO LEAD new: [Permitted] Camden/2024/3201/A — 188-189 Drury Lane London WC2B 5QD
2026-10-01 11:46:08 INFO LEAD new: [Permitted] Camden/2024/3199/P — On the carriageway on Bucknall Street near the junction with
2026-10-01 11:46:08 INFO LEAD new: [Permitted] Camden/2024/3278/L — Flat B 57 Albert Street London NW1 7LX
2026-10-01 11:46:08 INFO LEAD new: [Permitted] Camden/2024/3193/P — Flat B 57 Albert Street London NW1 7LX
2026-10-01 11:46:08 INFO LEAD new: [Permitted] Camden/2024/3204/P — 18 Stukeley Street London Camden WC2B 5LR
2026-10-01 11:46:08 INFO LEAD new: [Permitted] Camden/2024/3148/P — 3 Rothwell Street London NW1 8YH
2026-10-01 11:46:08 INFO LEAD new: [Permitted] Camden/2024/3191/P — 92 Frognal London NW3 6XB
2026-10-01 11:46:08 INFO LEAD new: [Permitted] Camden/2024/3187/P — 63 Flat A Netherhall Gardens London NW3 5RE
2026-10-01 11:46:08 INFO LEAD new: [Permitted] Camden/2024/3190/P — Queens House 180-182 Tottenham Court Road London Camden W1T 
2026-10-01 11:46:08 INFO LEAD new: [Permitted] Camden/2024/3198/P — Institute Of Education 20 Bedford Way London WC1H 0AL
2026-10-01 11:46:08 INFO LEAD new: [Permitted] Camden/2024/3245/L — Institute Of Education 20 Bedford Way London WC1H 0AL
2026-10-01 11:46:08 INFO LEAD new: [Permitted] Camden/2024/3195/L — 3 Rothwell Street London NW1 8YH
2026-10-01 11:46:08 INFO LEAD new: [Permitted] Camden/2024/3180/P — Flat 1 62 Messina Avenue London NW6 4LE
2026-10-01 11:46:08 INFO LEAD new: [Permitted] Camden/2024/3170/P — Flat A 25 Tanza Road London NW3 2UA
2026-10-01 11:46:08 INFO LEAD new: [Permitted] Camden/2024/3181/P — 9 Montpelier Grove London NW5 2XD
2026-10-01 11:46:08 INFO LEAD new: [Permitted] Camden/2024/3162/P — 12 Elliott Square London NW3 3SU
2026-10-01 11:46:08 INFO LEAD new: [Permitted] Camden/2024/3179/P — 40 Whitfield Street London W1T 2RH
2026-10-01 11:46:08 INFO LEAD new: [Permitted] Camden/2024/3182/L — Hunter Street Health Centre 8 Hunter Street London Camden WC
2026-10-01 11:46:08 INFO LEAD new: [Permitted] Camden/2024/3184/P — Royal Free Hospital Pond Street London NW3 2QG
2026-10-01 11:46:08 INFO LEAD new: [Permitted] Camden/2024/3192/L — Main Quadrangle and Wilkins Building Gower Street London WC1
2026-10-01 11:46:08 INFO LEAD new: [Permitted] Camden/2024/3177/P — Main Quadrangle and Wilkins Building Gower Street London WC1
2026-10-01 11:46:08 INFO LEAD new: [Permitted] Camden/2024/1286/P — 42 Flat 3 Fairhazel Gardens London Camden NW6 3SJ
2026-10-01 11:46:08 INFO LEAD new: [Permitted] Camden/2024/3161/P — 3 Rothwell Street London NW1 8YH
2026-10-01 11:46:08 INFO LEAD new: [Permitted] Camden/2024/3196/L — 3 Rothwell Street London NW1 8YH
2026-10-01 11:46:08 INFO LEAD new: [Permitted] Camden/2024/3155/A — 106 Fleet Road London NW3 2QX
2026-10-01 11:46:08 INFO LEAD new: [Permitted] Camden/2024/3149/P — Flat E 5 Kingsgate Road London NW6 4TD
2026-10-01 11:46:08 INFO LEAD new: [Permitted] Camden/2024/3268/P — 99A Camden Mews London NW1 9BU
2026-10-01 11:46:08 INFO LEAD new: [Permitted] Camden/2024/3135/P — 34 Lisburne Road London NW3 2NR
2026-10-01 11:46:08 INFO LEAD new: [Permitted] Camden/2024/3147/P — 47 Elsworthy Road London NW3 3BS
2026-10-01 11:46:08 INFO LEAD new: [Permitted] Camden/2024/3139/P — 2-3 Bloomsbury Square London WC1A 2RL
2026-10-01 11:46:08 INFO LEAD new: [Permitted] Camden/2024/3144/P — 47-48 Hatton Garden London EC1N 8EX
2026-10-01 11:46:08 INFO LEAD new: [Permitted] Camden/2024/3117/P — Flat 2nd Floor 23 Carlingford Road London NW3 1RY
2026-10-01 11:46:08 INFO LEAD new: [Permitted] Camden/2024/3133/L — Flat D 55 Oakley Square London NW1 1NJ
2026-10-01 11:46:08 INFO LEAD new: [Permitted] Camden/2024/3122/P — 13 - 15 John's Mews London WC1N 2PA
2026-10-01 11:46:08 INFO LEAD new: [Permitted] Camden/2024/2160/P — Stephenson House York Rise London NW5 1DP
2026-10-01 11:46:08 INFO LEAD new: [Permitted] Camden/2024/3124/P — Flat 1st And 2nd Floor 15 Church Row London Camden NW3 6UP
2026-10-01 11:46:08 INFO LEAD new: [Permitted] Camden/2024/3132/L — 77 Highgate West Hill London N6 6BU
2026-10-01 11:46:08 INFO LEAD new: [Permitted] Camden/2024/3111/P — 13 Daleham Gardens London NW3 5BY
2026-10-01 11:46:08 INFO LEAD new: [Permitted] Camden/2024/0535/P — Flat Ground Floor 78 Canfield Gardens London Camden NW6 3EE
2026-10-01 11:46:08 INFO LEAD new: [Permitted] Camden/2024/3126/P — Vale House Vale Of Health London NW3 1AX
2026-10-01 11:46:08 INFO LEAD new: [Permitted] Camden/2024/3160/L — Vale House Vale Of Health London NW3 1AX
2026-10-01 11:46:08 INFO LEAD new: [Permitted] Camden/2024/3115/P — 158-159 Tottenham Court Road London Camden W1T 7NH
2026-10-01 11:46:08 INFO LEAD new: [Permitted] Camden/2024/2328/P — Flat 1 Garden Floor 7 Buckland Crescent London NW3 5DH
2026-10-01 11:46:08 INFO LEAD new: [Permitted] Camden/2024/3294/L — 15 Flat 1st And 2nd Floor Church Row London Camden NW3 6UP
2026-10-01 11:46:08 INFO LEAD new: [Permitted] Camden/2024/3116/P — Mid City Place 71 High Holborn London WC1V 6EA
2026-10-01 11:46:08 INFO LEAD new: [Permitted] Camden/2024/2559/P — 10 St Ann's Gardens London NW5 4ER
2026-10-01 11:46:08 INFO LEAD new: [Permitted] Camden/2024/3083/L — British Museum Great Russell Street London WC1B 3DG
2026-10-01 11:46:08 INFO LEAD new: [Permitted] Camden/2024/3080/P — 104 Camden High Street London NW1 0LU
2026-10-01 11:46:15 INFO [camden/Permitted] page at offset 7600: 100 records
2026-10-01 11:46:15 INFO LEAD new: [Permitted] Camden/2024/3097/P — 167-169 Kentish Town Road London NW1 8PD
2026-10-01 11:46:15 INFO LEAD new: [Permitted] Camden/2024/3098/P — Parsifal House 521 Finchley Road London NW3 7BT
2026-10-01 11:46:15 INFO LEAD new: [Permitted] Camden/2024/3091/P — Greater London House 180 Hampstead Road London NW1 7QX
2026-10-01 11:46:15 INFO LEAD new: [Permitted] Camden/2024/2855/P — Fitzroy Lodge Flat 1-2 The Grove London N6 6LH
2026-10-01 11:46:15 INFO LEAD new: [Permitted] Camden/2024/3082/P — Flat B 17 Laurier Road London NW5 1SD
2026-10-01 11:46:15 INFO LEAD new: [Permitted] Camden/2024/3104/P — 42 Elsworthy Road London NW3 3DL
2026-10-01 11:46:15 INFO LEAD new: [Permitted] Camden/2024/3105/P — Weeping Ash Oak Hill Park London Camden NW3 7LP
2026-10-01 11:46:15 INFO LEAD new: [Permitted] Camden/2024/3134/L — British Museum Great Russell Street London WC1E 7JW
2026-10-01 11:46:15 INFO LEAD new: [Permitted] Camden/2024/3089/P — British Museum Great Russell Street London WC1E 7JW
2026-10-01 11:46:15 INFO LEAD new: [Permitted] Camden/2024/3062/P — 35 Bruges Place London NW1 0TJ
2026-10-01 11:46:15 INFO LEAD new: [Permitted] Camden/2024/3074/P — 7 Rothwell Street London NW1 8YH
2026-10-01 11:46:15 INFO LEAD new: [Permitted] Camden/2024/3049/P — 4 Fortess Grove London NW5 2HE
2026-10-01 11:46:15 INFO LEAD new: [Permitted] Camden/2024/2687/L — 93-94 The Stables Market Chalk Farm Road London NW1 8AH
2026-10-01 11:46:15 INFO LEAD new: [Permitted] Camden/2024/3070/L — 26 Flat Basement And Ground Floor Old Gloucester Street Lond
2026-10-01 11:46:15 INFO LEAD new: [Permitted] Camden/2024/3076/P — 9 Robin Grove London N6 6PA
2026-10-01 11:46:15 INFO LEAD new: [Permitted] Camden/2024/3025/P — 27 Thurlow Road London NW3 5PP
2026-10-01 11:46:15 INFO LEAD new: [Permitted] Camden/2024/3045/P — 58 Hawtrey Road London NW3 3SS
2026-10-01 11:46:15 INFO LEAD new: [Permitted] Camden/2024/3052/P — 38 Frognal Lane London NW3 6PP
2026-10-01 11:46:15 INFO LEAD new: [Permitted] Camden/2024/3027/P — 58 Hawtrey Road London NW3 3SS
2026-10-01 11:46:15 INFO LEAD new: [Permitted] Camden/2024/2981/P — 63 Netherhall Gardens London NW3 5RE
2026-10-01 11:46:15 INFO LEAD new: [Permitted] Camden/2024/2980/P — Flat A 32 Gaisford Street London Camden NW5 2ED
2026-10-01 11:46:15 INFO LEAD new: [Permitted] Camden/2024/3023/P — 140 - 142 Camden High Street London NW1 0NG
2026-10-01 11:46:15 INFO LEAD new: [Permitted] Camden/2024/2632/P — 310 Kilburn High Road London NW6 2DG
2026-10-01 11:46:15 INFO LEAD new: [Permitted] Camden/2024/3060/A — 106 New Oxford Street London Camden WC1A 1HB
2026-10-01 11:46:15 INFO LEAD new: [Permitted] Camden/2024/2682/P — Ambassadors Theatre West Street London WC2H 9ND
2026-10-01 11:46:15 INFO LEAD new: [Permitted] Camden/2024/3059/L — The Heals Building, The Telephone Exchange and Minerva House
2026-10-01 11:46:15 INFO LEAD new: [Permitted] Camden/2024/3015/L — 32 Well Walk London NW3 1BX
2026-10-01 11:46:15 INFO LEAD new: [Permitted] Camden/2024/2749/P — Flat 1st And 2nd Floor 9 Princess Road London NW1 8JN
2026-10-01 11:46:15 INFO LEAD new: [Permitted] Camden/2024/3051/L — 1-4 Lansdowne Terrace and 89-92 Guilford Street Camden Londo
2026-10-01 11:46:15 INFO LEAD new: [Permitted] Camden/2023/5039/P — Highgate Library 59 Chester Road London N19 5DH
2026-10-01 11:46:15 INFO LEAD new: [Permitted] Camden/2024/2999/P — The Lodge North End Avenue London Camden NW3 7HP
2026-10-01 11:46:15 INFO LEAD new: [Permitted] Camden/2024/3024/L — 7 Rothwell Street London NW1 8YH
2026-10-01 11:46:15 INFO LEAD new: [Permitted] Camden/2024/3000/P — 20-21 Wolsey Mews London NW5 2DX
2026-10-01 11:46:15 INFO LEAD new: [Permitted] Camden/2024/2823/L — 36 Lamb's Conduit Street London Camden WC1N 3LD
2026-10-01 11:46:15 INFO LEAD new: [Permitted] Camden/2024/2020/P — Middlesex House 34-42 Cleveland Street London W1T 4JE
2026-10-01 11:46:15 INFO LEAD new: [Permitted] Camden/2024/2996/P — 136 Grafton Road London NW5 4BA
2026-10-01 11:46:15 INFO LEAD new: [Permitted] Camden/2024/2978/P — Regent's Park Estate (various locations), Esther Randall Cou
2026-10-01 11:46:15 INFO LEAD new: [Permitted] Camden/2024/2994/P — Belgrove House Belgrove Street London WC1H 8AA
2026-10-01 11:46:15 INFO LEAD new: [Permitted] Camden/2024/2989/P — Celtic Hotel 61 - 63 Guilford Street London WC1N 1DD
2026-10-01 11:46:15 INFO LEAD new: [Permitted] Camden/2024/2977/P — 95-100 Network Building Tottenham Court Road London W1T 4TP
2026-10-01 11:46:15 INFO LEAD new: [Permitted] Camden/2024/2929/P — Chesterford House Ground and Basement Levels 28 Store Street
2026-10-01 11:46:15 INFO LEAD new: [Permitted] Camden/2024/2971/P — 63 Netherhall Gardens London NW3 5RE
2026-10-01 11:46:15 INFO LEAD new: [Permitted] Camden/2024/1270/P — 40 Hampstead Road London NW1 2PX
2026-10-01 11:46:15 INFO LEAD new: [Permitted] Camden/2024/2681/P — 5 Priory Road London NW6 4NN
2026-10-01 11:46:15 INFO LEAD new: [Permitted] Camden/2024/2993/P — 1 Erskine Mews London NW3 3AP
2026-10-01 11:46:15 INFO LEAD new: [Permitted] Camden/2024/3002/P — 33 Holborn London EC1N 2HT
2026-10-01 11:46:15 INFO LEAD new: [Permitted] Camden/2024/2958/L — Russell Square Underground Station Bernard Street London Cam
2026-10-01 11:46:15 INFO LEAD new: [Permitted] Camden/2024/2986/P — 22 - 23 Tileyard Road London N7 9AH
2026-10-01 11:46:15 INFO LEAD new: [Permitted] Camden/2024/2968/P — 11 College Lane London NW5 1BJ
2026-10-01 11:46:15 INFO LEAD new: [Permitted] Camden/2024/0887/P — 34 Hillfield Road London Camden NW6 1PZ
2026-10-01 11:46:15 INFO LEAD new: [Permitted] Camden/2024/2957/L — 34 Belsize Lane London Camden NW3 5AE
2026-10-01 11:46:15 INFO LEAD new: [Permitted] Camden/2024/2967/P — 32 Well Walk London NW3 1BX
2026-10-01 11:46:15 INFO LEAD new: [Permitted] Camden/2024/2595/P — 185 Belsize Road London NW6 4AB
2026-10-01 11:46:15 INFO LEAD new: [Permitted] Camden/2024/2932/L — 53 Marchmont Street London Camden WC1N 1AP
2026-10-01 11:46:15 INFO LEAD new: [Permitted] Camden/2024/2952/L — 14 Templewood Avenue London NW3 7XA
2026-10-01 11:46:15 INFO LEAD new: [Permitted] Camden/2024/2953/P — 11 Cannon Lane London Camden NW3 1EL
2026-10-01 11:46:15 INFO LEAD new: [Permitted] Camden/2024/2945/P — 63 St. Mary Axe London EC3A 8AA
2026-10-01 11:46:16 INFO LEAD new: [Permitted] Camden/2024/2931/P — 31 Spencer Rise London Camden NW5 1AR
2026-10-01 11:46:16 INFO LEAD new: [Permitted] Camden/2024/2906/P — Endsleigh Court Upper Woburn Place London WC1H 0HW
2026-10-01 11:46:16 INFO LEAD new: [Permitted] Camden/2024/2934/P — 128 King Henry's Road London NW3 3ST
2026-10-01 11:46:16 INFO LEAD new: [Permitted] Camden/2024/2941/P — 47 Lowfield Road London NW6 2PP
2026-10-01 11:46:16 INFO LEAD new: [Permitted] Camden/2024/2940/P — 45 Lowfield Road London NW6 2PP
2026-10-01 11:46:16 INFO LEAD new: [Permitted] Camden/2024/2939/P — Flat B 43 Lowfield Road London NW6 2PP
2026-10-01 11:46:16 INFO LEAD new: [Permitted] Camden/2024/2948/P — Central Somers Town Covering Land At Polygon Road Open Space
2026-10-01 11:46:16 INFO LEAD new: [Permitted] Camden/2024/2946/P — Central Somers Town Covering Land At Polygon Road Open Space
2026-10-01 11:46:16 INFO LEAD new: [Permitted] Camden/2024/2947/P — Central Somers Town Covering Land At Polygon Road Open Space
2026-10-01 11:46:16 INFO LEAD new: [Permitted] Camden/2024/2937/P — 18 Side House Parkhill Road London NW3 2YN
2026-10-01 11:46:16 INFO LEAD new: [Permitted] Camden/2024/2933/P — Holiday Inn London Camden Lock 30 Jamestown Road London NW1 
2026-10-01 11:46:22 INFO [camden/Permitted] page at offset 7700: 100 records
2026-10-01 11:46:22 INFO LEAD new: [Permitted] Camden/2024/2951/P — 12 - 20 Wyvil Road London SW8 2TG
2026-10-01 11:46:22 INFO LEAD new: [Permitted] Camden/2024/2603/P — 205 Belsize Road London NW6 4AA
2026-10-01 11:46:22 INFO LEAD new: [Permitted] Camden/2024/2594/P — 209 Belsize Road London NW6 4AA
2026-10-01 11:46:22 INFO LEAD new: [Permitted] Camden/2024/2593/P — 207 Belsize Road London NW6 4AA
2026-10-01 11:46:22 INFO LEAD new: [Permitted] Camden/2024/2919/P — 9 A Rosslyn Hill London Camden NW3 5UL
2026-10-01 11:46:22 INFO LEAD new: [Permitted] Camden/2024/2916/P — 78 Mill Lane, London NW6 1NL
2026-10-01 11:46:22 INFO LEAD new: [Permitted] Camden/2024/2913/P — Flat 16 Alpha Court Raglan Street London Camden NW5 3BY
2026-10-01 11:46:23 INFO LEAD new: [Permitted] Camden/2024/2925/P — Chester Road Hostel 2 Chester Road London Camden N19 5BP
2026-10-01 11:46:23 INFO LEAD new: [Permitted] Camden/2024/2657/A — Flat A 84 Parkway London NW1 7AN
2026-10-01 11:46:23 INFO LEAD new: [Permitted] Camden/2024/2914/P — Flat 1st Floor 32 Mazenod Avenue London NW6 4LR
2026-10-01 11:46:23 INFO LEAD new: [Permitted] Camden/2024/2915/P — 78 Mill Lane, London NW6 1NL
2026-10-01 11:46:23 INFO LEAD new: [Permitted] Camden/2024/2912/P — 6 Crossfield Road London Camden NW3 4NS
2026-10-01 11:46:23 INFO LEAD new: [Permitted] Camden/2024/2921/P — Arches 29-31 Castle Mews London NW1 8SY
2026-10-01 11:46:23 INFO LEAD new: [Permitted] Camden/2024/2841/P — Building T2-T3 Building Zone T Kings Cross N1C 4BD
2026-10-01 11:46:23 INFO LEAD new: [Permitted] Camden/2024/2927/A — Building T2-T3 Building Zone T Kings Cross N1C 4BD
2026-10-01 11:46:23 INFO LEAD new: [Permitted] Camden/2024/2910/P — Boncara 35 Templewood Avenue London Camden NW3 7UY
2026-10-01 11:46:23 INFO LEAD new: [Permitted] Camden/2024/2904/P — 35A Broadhurst Garden/s London NW6 3QT
2026-10-01 11:46:23 INFO LEAD new: [Permitted] Camden/2023/5317/P — Royal Free Hospital Pond Street London NW3 2QG
2026-10-01 11:46:23 INFO LEAD new: [Permitted] Camden/2024/2902/P — 35 A Broadhurst Gardens South Hampstead London NW6 3QT
2026-10-01 11:46:23 INFO LEAD new: [Permitted] Camden/2024/0092/P — 3 King Henry's Road London NW3 3QP
2026-10-01 11:46:23 INFO LEAD new: [Permitted] Camden/2024/2889/P — 59 Solent Road London NW6 1TY
2026-10-01 11:46:23 INFO LEAD new: [Permitted] Camden/2024/2861/P — 2 Skardu Road London NW2 3ER
2026-10-01 11:46:23 INFO LEAD new: [Permitted] Camden/2024/2544/P — Car Park Rear Of Jack Straw's Castle Heath Brow London NW3 7
2026-10-01 11:46:23 INFO LEAD new: [Permitted] Camden/2024/1906/P — 195-199 Gray's Inn Road London WC1X 8UL
2026-10-01 11:46:23 INFO LEAD new: [Permitted] Camden/2024/2862/P — 83 Camden Road London NW1 9EX
2026-10-01 11:46:23 INFO LEAD new: [Permitted] Camden/2024/2901/P — 19 Maisonette Basement And Ground Floor Steele's Road London
2026-10-01 11:46:23 INFO LEAD new: [Permitted] Camden/2024/2511/P — 39-41 Adelaide Road London NW3 3QB
2026-10-01 11:46:23 INFO LEAD new: [Permitted] Camden/2024/2877/P — Block B Agar Grove Estate Agar Grove London NW1 9SS
2026-10-01 11:46:23 INFO LEAD new: [Permitted] Camden/2024/2887/P — 24 Eton Avenue London NW3 3HL
2026-10-01 11:46:23 INFO LEAD new: [Permitted] Camden/2024/2886/P — The Greenwood Centre Greenwood Place & Highgate Day Centre 1
2026-10-01 11:46:23 INFO LEAD new: [Permitted] Camden/2024/2880/P — 160 Drury Lane London Camden WC2B 5PN
2026-10-01 11:46:23 INFO LEAD new: [Permitted] Camden/2024/2871/P — 20 Redington Road London NW3 7RG
2026-10-01 11:46:23 INFO LEAD new: [Permitted] Camden/2024/2872/P — Mulberry House 12 A Church Row London Camden NW3 6UU
2026-10-01 11:46:23 INFO LEAD new: [Permitted] Camden/2024/2751/P — 30 Chalcot Road London Camden NW1 8LN
2026-10-01 11:46:23 INFO LEAD new: [Permitted] Camden/2024/2846/A — NN.07 7 Earlham Street Seven Dials London WC2H 9LL
2026-10-01 11:46:23 INFO LEAD new: [Permitted] Camden/2024/2863/P — O2 Masterplan Site Finchley Road London NW3 6LU
2026-10-01 11:46:23 INFO LEAD new: [Permitted] Camden/2024/2845/P — 20 Ainger Road London Camden NW3 3AS
2026-10-01 11:46:23 INFO LEAD new: [Permitted] Camden/2024/3064/L — Euston Fire Station 172 Euston Road London NW1 2DH
2026-10-01 11:46:24 INFO LEAD new: [Permitted] Camden/2024/2859/L — The Edinboro Castle 57 Mornington Terrace London NW1 7RU
2026-10-01 11:46:24 INFO LEAD new: [Permitted] Camden/2024/2868/P — Euston Fire Station 172 Euston Road London NW1 2DH
2026-10-01 11:46:24 INFO LEAD new: [Permitted] Camden/2024/2869/L — 12 Jeffrey's Street London Camden NW1 9PR
2026-10-01 11:46:24 INFO LEAD new: [Permitted] Camden/2024/2639/L — 2-7 St Chad's Street London WC1H 8BD
2026-10-01 11:46:24 INFO LEAD new: [Permitted] Camden/2024/2838/L — 4 Cambridge Gate London Camden NW1 4JX
2026-10-01 11:46:24 INFO LEAD new: [Permitted] Camden/2024/2844/L — 2-3 Ching Court & 53-55 Monmouth Street London WC2H 9DG
2026-10-01 11:46:24 INFO LEAD new: [Permitted] Camden/2024/2674/P — 4 Oak Hill Park London NW3 7LG
2026-10-01 11:46:24 INFO LEAD new: [Permitted] Camden/2024/2666/L — Acland Burghley School 93 Burghley Road London NW5 1UJ
2026-10-01 11:46:24 INFO LEAD new: [Permitted] Camden/2024/2528/P — Garden Flat 141 Goldhurst Terrace London NW6 3EU
2026-10-01 11:46:24 INFO LEAD new: [Permitted] Camden/2024/2589/L — 20 Church Row London NW3 6UP
2026-10-01 11:46:24 INFO LEAD new: [Permitted] Camden/2024/2819/P — 50 Earlham Street London WC2H 9LJ
2026-10-01 11:46:24 INFO LEAD new: [Permitted] Camden/2024/2820/A — 50 Earlham Street London WC2H 9LJ
2026-10-01 11:46:24 INFO LEAD new: [Permitted] Camden/2024/2483/P — 20 Church Row London NW3 6UP
2026-10-01 11:46:24 INFO LEAD new: [Permitted] Camden/2024/2818/P — Belgrove House Belgrove Street London WC1H 8AA
2026-10-01 11:46:24 INFO LEAD new: [Permitted] Camden/2024/2858/L — 50 Earlham Street London WC2H 9LJ
2026-10-01 11:46:24 INFO LEAD new: [Permitted] Camden/2024/0395/P — Estate at 77-105 Solent Road London NW6 1TY
2026-10-01 11:46:24 INFO LEAD new: [Permitted] Camden/2024/2794/P — 4-6 Bedford Place London WC1B 5JD
2026-10-01 11:46:30 INFO [camden/Permitted] page at offset 7800: 100 records
2026-10-01 11:46:30 INFO LEAD new: [Permitted] Camden/2024/0456/A — 127-128 High Holborn London WC1V 6PQ
2026-10-01 11:46:30 INFO LEAD new: [Permitted] Camden/2024/0457/L — 127-128 High Holborn London WC1V 6PQ
2026-10-01 11:46:30 INFO LEAD new: [Permitted] Camden/2024/2797/P — 14 Perrin's Court London NW3 1QS
2026-10-01 11:46:30 INFO LEAD new: [Permitted] Camden/2024/2791/P — Camden Goods Yard Chalk Farm Road London NW1 8EH
2026-10-01 11:46:30 INFO LEAD new: [Permitted] Camden/2024/2812/L — The Heals Building 196 Tottenham Court Road London W1T 7LQ
2026-10-01 11:46:31 INFO LEAD new: [Permitted] Camden/2024/2789/P — The Heals Building 196 Tottenham Court Road London W1T 7LQ
2026-10-01 11:46:31 INFO LEAD new: [Permitted] Camden/2024/2659/A — 37 Neal Street London WC2H 9PR
2026-10-01 11:46:31 INFO LEAD new: [Permitted] Camden/2024/2965/L — 4-6 Bedford Place London WC1B 5JD
2026-10-01 11:46:31 INFO LEAD new: [Permitted] Camden/2024/2793/P — 88 & 100 Gray's Inn Road 127 Clerkenwell Road London WC1X 8A
2026-10-01 11:46:31 INFO LEAD new: [Permitted] Camden/2024/2790/P — 551-557 Finchley Road London NW3 7BJ
2026-10-01 11:46:31 INFO LEAD new: [Permitted] Camden/2024/2767/P — Barrie House 29 St Edmund's Terrace London NW8 7QH
2026-10-01 11:46:31 INFO LEAD new: [Permitted] Camden/2024/2501/P — 5 Cannon Place London NW3 1EH
2026-10-01 11:46:31 INFO LEAD new: [Permitted] Camden/2024/2786/P — The Edinboro Castle 57 Mornington Terrace London NW1 7RU
2026-10-01 11:46:31 INFO LEAD new: [Permitted] Camden/2024/2801/P — 109 Constantine Road London Camden NW3 2LR
2026-10-01 11:46:31 INFO LEAD new: [Permitted] Camden/2024/2769/P — Belgrove House Belgrove Street London Camden WC1H 8AA
2026-10-01 11:46:31 INFO LEAD new: [Permitted] Camden/2024/2770/P — Belgrove House Belgrove Street London Camden WC1H 8AA
2026-10-01 11:46:31 INFO LEAD new: [Permitted] Camden/2024/2775/P — 49 Regent's Park Road London Camden NW1 8XD
2026-10-01 11:46:31 INFO LEAD new: [Permitted] Camden/2024/2782/P — 5 Erskine Mews London NW3 3AP
2026-10-01 11:46:31 INFO LEAD new: [Permitted] Camden/2024/2792/P — The Greenwood Centre, Greenwood Place & Highgate Day Centre,
2026-10-01 11:46:31 INFO LEAD new: [Permitted] Camden/2024/2800/HS2 — Wolfson House 2-10 Stephenson Way NW1 2HE
2026-10-01 11:46:31 INFO LEAD new: [Permitted] Camden/2024/2826/A — 14 Perrin's Court London NW3 1QS
2026-10-01 11:46:31 INFO LEAD new: [Permitted] Camden/2024/2799/P — 159 Flat A Goldhurst Terrace London Camden NW6 3EU
2026-10-01 11:46:31 INFO LEAD new: [Permitted] Camden/2024/2199/P — 15 Oakhill Avenue London NW3 7RD
2026-10-01 11:46:31 INFO LEAD new: [Permitted] Camden/2024/2865/HS2 — Wolfson House 2-10 Stephenson Way NW1 2HE
2026-10-01 11:46:31 INFO LEAD new: [Permitted] Camden/2024/2765/P — 29 B Montague Street WC1B 3DA
2026-10-01 11:46:31 INFO LEAD new: [Permitted] Camden/2024/2051/P — 15-17 Tavistock Place London WC1H 9SH
2026-10-01 11:46:31 INFO LEAD new: [Permitted] Camden/2024/1887/P — 2 Hargrave Place London N7 0BP
2026-10-01 11:46:31 INFO LEAD new: [Permitted] Camden/2024/2753/P — 51 Greencroft Gardens London NW6 3LL
2026-10-01 11:46:31 INFO LEAD new: [Permitted] Camden/2024/2488/P — 7 Torriano Mews London Camden NW5 2RZ
2026-10-01 11:46:31 INFO LEAD new: [Permitted] Camden/2024/2173/P — 101 Goldhurst Terrace London NW6 3HA
2026-10-01 11:46:31 INFO LEAD new: [Permitted] Camden/2024/2368/P — Flat A 158 Haverstock Hill London NW3 2AT
2026-10-01 11:46:31 INFO LEAD new: [Permitted] Camden/2024/2696/L — 4-6 Bedford Place London Camden WC1B 5JD
2026-10-01 11:46:31 INFO LEAD new: [Permitted] Camden/2024/2740/P — 16 Swain's Lane London N6 6QS
2026-10-01 11:46:31 INFO LEAD new: [Permitted] Camden/2024/2746/P — 34 Hillfield Road London NW6 1PZ
2026-10-01 11:46:31 INFO LEAD new: [Permitted] Camden/2024/2760/P — 1 Wadham Gardens London NW3 3DN
2026-10-01 11:46:31 INFO LEAD new: [Permitted] Camden/2024/2726/P — Student Union 25 Gordon Street London WC1H 0AY
2026-10-01 11:46:31 INFO LEAD new: [Permitted] Camden/2024/2730/P — The Sir John Oldcastle 29-35 Farringdon Road London EC1M 3JF
2026-10-01 11:46:31 INFO LEAD new: [Permitted] Camden/2024/2196/P — 57 Hillfield Court Belsize Avenue London NW3 4BG
2026-10-01 11:46:31 INFO LEAD new: [Permitted] Camden/2024/1331/P — Ground Floor, 40 Doric Way Euston NW1 1LH
2026-10-01 11:46:31 INFO LEAD new: [Permitted] Camden/2024/2733/P — Basement And Ground Floor 25-26 Hampstead High Street London
2026-10-01 11:46:31 INFO LEAD new: [Permitted] Camden/2024/2466/P — 20-24 Kirby Street London EC1N 8TS
2026-10-01 11:46:31 INFO LEAD new: [Permitted] Camden/2024/2493/A — 29 Leather Lane London EC1N 7TE
2026-10-01 11:46:31 INFO LEAD new: [Permitted] Camden/2024/2706/A — Retail Unit 3 156 West End lane London NW6 1SD
2026-10-01 11:46:31 INFO LEAD new: [Permitted] Camden/2024/2705/P — 168 Leighton Road London NW5 2RE
2026-10-01 11:46:31 INFO LEAD new: [Permitted] Camden/2024/2713/P — 30 Lincoln's Inn Fields London Camden WC2A 3PD
2026-10-01 11:46:31 INFO LEAD new: [Permitted] Camden/2024/2698/P — Ground Floor 181 Drury Lane London WC2B 5QF
2026-10-01 11:46:31 INFO LEAD new: [Permitted] Camden/2024/2716/P — 4-6 Bedford Place London WC1B 5JD
2026-10-01 11:46:31 INFO LEAD new: [Permitted] Camden/2024/2591/P — Aviation House 125 Kingsway London WC2B 6NH
2026-10-01 11:46:31 INFO LEAD new: [Permitted] Camden/2024/2676/P — 1-3 Pilgrim's Place Rosslyn Hill London Camden NW3 1NG
2026-10-01 11:46:31 INFO LEAD new: [Permitted] Camden/2024/2702/P — Kelvin House 123 Judd Street London WC1H 9NP
2026-10-01 11:46:31 INFO LEAD new: [Permitted] Camden/2024/2560/P — 6A Chalcot Road London NW1 8LH
2026-10-01 11:46:31 INFO LEAD new: [Permitted] Camden/2024/2692/P — Chester Road Hostel 2 Chester Road London Camden N19 5BP
2026-10-01 11:46:31 INFO LEAD new: [Permitted] Camden/2024/2690/P — Chester Road Hostel 2 Chester Road London Camden N19 5BP
2026-10-01 11:46:31 INFO LEAD new: [Permitted] Camden/2024/2334/P — Netherwood Youth and Family Hub 5 Netherwood Street London N
2026-10-01 11:46:31 INFO LEAD new: [Permitted] Camden/2024/2648/P — Beaumont Walk Estate Beaumont Walk London NW3 4SW
2026-10-01 11:46:31 INFO LEAD new: [Permitted] Camden/2024/2683/L — Byron Villas, Flat 1 Vale Of Health London Camden NW3 1AR
2026-10-01 11:46:32 INFO LEAD new: [Permitted] Camden/2024/2689/P — Flat 2 133 West End Lane London Camden NW6 2PH
2026-10-01 11:46:32 INFO LEAD new: [Permitted] Camden/2024/2693/L — Byron Villas, Flat 2 Vale Of Health London Camden NW3 1AR
2026-10-01 11:46:32 INFO LEAD new: [Permitted] Camden/2024/2680/P — The Garden House Vale Of Health London NW3 1AN
2026-10-01 11:46:32 INFO LEAD new: [Permitted] Camden/2024/2497/P — 43A Lancaster Grove London NW3 4HB
2026-10-01 11:46:32 INFO LEAD new: [Permitted] Camden/2024/2092/A — 63 Shelton Street London WC2H 9HE
2026-10-01 11:46:32 INFO LEAD new: [Permitted] Camden/2024/2660/A — 81 Gray's Inn Road London WC1X 8TP
2026-10-01 11:46:32 INFO LEAD new: [Permitted] Camden/2024/2661/L — 81 Gray's Inn Road London WC1X 8TP
2026-10-01 11:46:32 INFO LEAD new: [Permitted] Camden/2024/2669/P — 18 Stukeley Street London WC2B 5LR
2026-10-01 11:46:32 INFO LEAD new: [Permitted] Camden/2024/2708/HS2 — 57 Mornington Terrace London NW1 7RU
2026-10-01 11:46:38 INFO [camden/Permitted] page at offset 7900: 100 records
2026-10-01 11:46:38 INFO LEAD new: [Permitted] Camden/2024/2663/L — 37 Neal Street London WC2H 9PR
2026-10-01 11:46:38 INFO LEAD new: [Permitted] Camden/2024/2062/L — Acland Burghley School 93 Burghley Road London NW5 1UJ
2026-10-01 11:46:38 INFO LEAD new: [Permitted] Camden/2024/2667/HS2 — 58 Mornington Terrace London NW1 7RU
2026-10-01 11:46:38 INFO LEAD new: [Permitted] Camden/2024/2668/P — 156 West End Lane West Hampstead London NW6 1SD
2026-10-01 11:46:38 INFO LEAD new: [Permitted] Camden/2024/2665/P — Hampstead School Westbere Road London NW2 3RT
2026-10-01 11:46:38 INFO LEAD new: [Permitted] Camden/2024/2664/P — WAC Arts College 213 Haverstock Hill London NW3 4QP
2026-10-01 11:46:38 INFO LEAD new: [Permitted] Camden/2024/2673/P — 1 Narcissus Road London NW6 1TJ
2026-10-01 11:46:38 INFO LEAD new: [Permitted] Camden/2024/2644/P — Garden Flat 7 Kingdon Road London NW6 1PJ
2026-10-01 11:46:38 INFO LEAD new: [Permitted] Camden/2024/2372/L — 35 Doughty Street London WC1N 2AA
2026-10-01 11:46:38 INFO LEAD new: [Permitted] Camden/2024/2652/L — 55 Gower Street London Camden WC1E 6HJ
2026-10-01 11:46:39 INFO LEAD new: [Permitted] Camden/2024/1793/A — 73-75 Monmouth Street London WC2H 9DG
2026-10-01 11:46:39 INFO LEAD new: [Permitted] Camden/2024/2641/P — 248-250 Camden Road Hostel Camden Road London Camden NW1 9HE
2026-10-01 11:46:39 INFO LEAD new: [Permitted] Camden/2024/2649/L — 49 Downshire Hill London NW3 1NX
2026-10-01 11:46:39 INFO LEAD new: [Permitted] Camden/2024/2656/P — 5 Cannon Place London Camden NW3 1EH
2026-10-01 11:46:39 INFO LEAD new: [Permitted] Camden/2024/2631/P — St Pancras Hospital 4 St Pancras Way London NW1 0PE
2026-10-01 11:46:39 INFO LEAD new: [Permitted] Camden/2024/2633/P — Flat 2 47 Compayne Gardens London NW6 3DB
2026-10-01 11:46:39 INFO LEAD new: [Permitted] Camden/2024/1788/P — 75 Hillway London N6 6AB
2026-10-01 11:46:39 INFO LEAD new: [Permitted] Camden/2024/2619/P — 14 -19 Tottenham Mews London W1T 4AA
2026-10-01 11:46:39 INFO LEAD new: [Permitted] Camden/2024/2614/P — Flat C 34 Parkhill Road London NW3 2YP
2026-10-01 11:46:39 INFO LEAD new: [Permitted] Camden/2024/2636/L — 46 Hampstead High Street London NW3 1QG
2026-10-01 11:46:39 INFO LEAD new: [Permitted] Camden/2024/2635/A — 46 Hampstead High Street London NW3 1QG
2026-10-01 11:46:39 INFO LEAD new: [Permitted] Camden/2024/2612/L — 5 Great James Street London Camden WC1N 3DB
2026-10-01 11:46:39 INFO LEAD new: [Permitted] Camden/2024/2608/P — 7-8 Early Mews London NW1 7HG
2026-10-01 11:46:39 INFO LEAD new: [Permitted] Camden/2024/2630/P — Chenies Street Chambers Chenies Street London WC1E 7ET
2026-10-01 11:46:39 INFO LEAD new: [Permitted] Camden/2024/2623/P — 144 Broadhurst Gardens London NW6 3BH
2026-10-01 11:46:39 INFO LEAD new: [Permitted] Camden/2024/2606/P — 39 - 53 Derby Lodge Wicklow Street London WC1X 9LE
2026-10-01 11:46:39 INFO LEAD new: [Permitted] Camden/2024/2605/P — 13 Mornington Crescent London NW1 7RG
2026-10-01 11:46:39 INFO LEAD new: [Permitted] Camden/2024/2232/L — 11 Holly Mount London NW3 6SG
2026-10-01 11:46:39 INFO LEAD new: [Permitted] Camden/2024/1756/A — 25 Parkway London NW1 7PG
2026-10-01 11:46:39 INFO LEAD new: [Permitted] Camden/2024/2688/L — 13 Mornington Crescent London NW1 7RG
2026-10-01 11:46:39 INFO LEAD new: [Permitted] Camden/2024/2697/L — Derby Lodge Wicklow Street London WC1X 9LE
2026-10-01 11:46:39 INFO LEAD new: [Permitted] Camden/2024/2607/P — 88 & 100 Gray's Inn Road 127 Clerkenwell Road London WC1X 8A
2026-10-01 11:46:39 INFO LEAD new: [Permitted] Camden/2024/2451/P — 12 Stephen Mews London W1T 1AH
2026-10-01 11:46:39 INFO LEAD new: [Permitted] Camden/2024/2586/A — 56 St Giles High Street London Camden WC2H 8LH
2026-10-01 11:46:39 INFO LEAD new: [Permitted] Camden/2024/2604/L — BMA House 13 Tavistock Square London WC1H 9JP
2026-10-01 11:46:39 INFO LEAD new: [Permitted] Camden/2024/2582/P — 30 Kylemore Road London Camden NW6 2PT
2026-10-01 11:46:39 INFO LEAD new: [Permitted] Camden/2024/2611/L — WAC Arts College 213 Haverstock Hill London NW3 4QP
2026-10-01 11:46:39 INFO LEAD new: [Permitted] Camden/2024/1674/P — 11 Holly Mount London NW3 6SG
2026-10-01 11:46:39 INFO LEAD new: [Permitted] Camden/2024/2563/P — 7 Bleeding Heart Yard London EC1N 8SJ
2026-10-01 11:46:39 INFO LEAD new: [Permitted] Camden/2024/2568/P — 11 Bisham Gardens London N6 6DJ
2026-10-01 11:46:39 INFO LEAD new: [Permitted] Camden/2024/2505/P — 65 Hillfield Court Belsize Avenue London NW3 4BG
2026-10-01 11:46:39 INFO LEAD new: [Permitted] Camden/2024/2573/P — 11-12 Ingestre Road London NW5 1UX
2026-10-01 11:46:39 INFO LEAD new: [Permitted] Camden/2024/1507/P — Flat C 37 Adamson Road London NW3 3HS
2026-10-01 11:46:39 INFO LEAD new: [Permitted] Camden/2024/1556/P — St Christophers School 32 Belsize Lane London NW3 5AE
2026-10-01 11:46:39 INFO LEAD new: [Permitted] Camden/2024/2400/P — Flat 9 Akenside Court, 26 Belsize Crescent London NW3 5QT
2026-10-01 11:46:39 INFO LEAD new: [Permitted] Camden/2024/0863/P — Flat A, 83 St Augustine's Road London NW1 9RR
2026-10-01 11:46:39 INFO LEAD new: [Permitted] Camden/2024/2577/P — 11 Ranulf Road London NW2 2BT
2026-10-01 11:46:39 INFO LEAD new: [Permitted] Camden/2024/2570/P — 23 Flat 1 Frognal London Camden NW3 6AR
2026-10-01 11:46:39 INFO LEAD new: [Permitted] Camden/2024/2558/P — Ground Floor 99 King Henry's Road London NW3 3QX
2026-10-01 11:46:39 INFO LEAD new: [Permitted] Camden/2024/2507/P — Priory Lodge 109 Priory Road London NW6 3NP
2026-10-01 11:46:39 INFO LEAD new: [Permitted] Camden/2024/1554/P — Flat A, 36 Birchington Road London NW6 4LJ
2026-10-01 11:46:39 INFO LEAD new: [Permitted] Camden/2024/2561/P — 94 Belsize Road London Camden NW6 4TG
2026-10-01 11:46:39 INFO LEAD new: [Permitted] Camden/2024/2540/P — County Hotel Upper Woburn Place London WC1H 0JW
2026-10-01 11:46:39 INFO LEAD new: [Permitted] Camden/2024/2547/P — 24 Fitzjohn's Avenue London Camden NW3 5NB
2026-10-01 11:46:39 INFO LEAD new: [Permitted] Camden/2024/2550/P — 32 Ryland Road London NW5 3EH
2026-10-01 11:46:39 INFO LEAD new: [Permitted] Camden/2024/2541/P — 100 Haverstock Hill London Camden NW3 2BD
2026-10-01 11:46:39 INFO LEAD new: [Permitted] Camden/2024/1546/P — 75 Greencroft Gardens London NW6 3LJ
2026-10-01 11:46:45 INFO [camden/Permitted] page at offset 8000: 100 records
2026-10-01 11:46:45 INFO LEAD new: [Permitted] Camden/2024/1558/P — 13 Jeffrey's Place London NW1 9PP
2026-10-01 11:46:45 INFO LEAD new: [Permitted] Camden/2024/2181/P — Bevan John House and 9-15 Dombey Street London WC1N 3PA
2026-10-01 11:46:45 INFO LEAD new: [Permitted] Camden/2024/2546/L — 9-15 Dombey Street London WC1N 3PB
2026-10-01 11:46:45 INFO LEAD new: [Permitted] Camden/2024/2439/P — 51 Great Ormond Street London WC1N 3JQ
2026-10-01 11:46:45 INFO LEAD new: [Permitted] Camden/2024/2442/P — 45 Great Ormond Street London WC1N 3HZ
2026-10-01 11:46:45 INFO LEAD new: [Permitted] Camden/2024/2526/L — 8 Duke's Road London WC1H 9AD
2026-10-01 11:46:45 INFO LEAD new: [Permitted] Camden/2024/2600/L — 23 Delancey Street London Camden NW1 7NP
2026-10-01 11:46:45 INFO LEAD new: [Permitted] Camden/2024/2529/P — 23 Delancey Street London NW1 7NP
2026-10-01 11:46:45 INFO LEAD new: [Permitted] Camden/2024/2515/P — Flat 2 47 Compayne Gardens London Camden NW6 3DB
2026-10-01 11:46:46 INFO LEAD new: [Permitted] Camden/2024/2521/P — Wellmount Cottage Well Road London NW3 1LJ
2026-10-01 11:46:46 INFO LEAD new: [Permitted] Camden/2024/2411/P — Flat 44 Kingsland Broxwood Way London NW8 7QJ
2026-10-01 11:46:46 INFO LEAD new: [Permitted] Camden/2024/2306/P — 72-78 Lamb's Conduit Street London WC1N 3LP
2026-10-01 11:46:46 INFO LEAD new: [Permitted] Camden/2024/2514/L — 87 Holmes Road London NW5 3AX
2026-10-01 11:46:46 INFO LEAD new: [Permitted] Camden/2024/2043/L — 9 Wedderburn Road London NW3 5QS
2026-10-01 11:46:46 INFO LEAD new: [Permitted] Camden/2024/2145/P — Bracknell Lodge 5 Frognal Lane London NW3 7DL
2026-10-01 11:46:46 INFO LEAD new: [Permitted] Camden/2024/2126/P — 15 Gascony Avenue London Camden NW6 4NB
2026-10-01 11:46:46 INFO LEAD new: [Permitted] Camden/2024/2503/P — 128 Camden Road London Camden NW1 9EE
2026-10-01 11:46:46 INFO LEAD new: [Permitted] Camden/2024/2393/L — 9 Wedderburn Road London NW3 5QS
2026-10-01 11:46:46 INFO LEAD new: [Permitted] Camden/2024/2342/P — Flat 2 26 Belsize Lane London NW3 5AB
2026-10-01 11:46:46 INFO LEAD new: [Permitted] Camden/2024/2510/P — 9 Wadham Gardens London NW3 3DN
2026-10-01 11:46:46 INFO LEAD new: [Permitted] Camden/2023/4030/P — 221 - 223 Goldhurst Terrace London NW6 3EP
2026-10-01 11:46:46 INFO LEAD new: [Permitted] Camden/2024/2496/P — 2-6 St Pancras Way London NW1 0QG
2026-10-01 11:46:46 INFO LEAD new: [Permitted] Camden/2024/2128/P — 24 Mazenod Avenue London NW6 4LR
2026-10-01 11:46:46 INFO LEAD new: [Permitted] Camden/2024/2494/P — 6 West Cottages West End Lane London NW6 1RJ
2026-10-01 11:46:46 INFO LEAD new: [Permitted] Camden/2024/2495/P — 5 Montpelier Grove London Camden NW5 2XD
2026-10-01 11:46:46 INFO LEAD new: [Permitted] Camden/2024/1454/P — Flat 1 5 Cambridge Gate London NW1 4JX
2026-10-01 11:46:46 INFO LEAD new: [Permitted] Camden/2024/2211/L — Flat 1 5 Cambridge Gate London NW1 4JX
2026-10-01 11:46:46 INFO LEAD new: [Permitted] Camden/2024/1642/P — 72 Maresfield Gardens London NW3 5TD
2026-10-01 11:46:46 INFO LEAD new: [Permitted] Camden/2024/2471/P — Flat 1 33 Eton Avenue London Camden NW3 3EL
2026-10-01 11:46:46 INFO LEAD new: [Permitted] Camden/2024/2470/P — 3 Hatton Wall London Camden EC1N 8HX
2026-10-01 11:46:46 INFO LEAD new: [Permitted] Camden/2024/2464/P — Chestnut Lodge Squire's Mount London Camden NW3 1EG
2026-10-01 11:46:46 INFO LEAD new: [Permitted] Camden/2024/2465/P — 37 Neal Street London WC2H 9PR
2026-10-01 11:46:46 INFO LEAD new: [Permitted] Camden/2024/2460/P — 39 West End Lane London NW6 4NY
2026-10-01 11:46:46 INFO LEAD new: [Permitted] Camden/2024/2305/P — 29 Norfolk Road London NW8 6AU
2026-10-01 11:46:46 INFO LEAD new: [Permitted] Camden/2024/2263/P — 30 Loveridge Road London Camden NW6 2DT
2026-10-01 11:46:46 INFO LEAD new: [Permitted] Camden/2024/2461/P — Flat A 94 Agar Grove Camden NW1 9TL
2026-10-01 11:46:46 INFO LEAD new: [Permitted] Camden/2024/2491/L — 5 Holly Mount London Camden NW3 6SG
2026-10-01 11:46:46 INFO LEAD new: [Permitted] Camden/2024/2490/L — 49-51 Gordon Square London WC1H 0PD
2026-10-01 11:46:46 INFO LEAD new: [Permitted] Camden/2024/2441/P — 200 Gray's Inn Road London WC1X 8XZ
2026-10-01 11:46:46 INFO LEAD new: [Permitted] Camden/2024/2444/P — 1 Woburn Place London WC1H 0LQ
2026-10-01 11:46:46 INFO LEAD new: [Permitted] Camden/2024/2448/A — 57-61 Heath Street London NW3 6UG
2026-10-01 11:46:46 INFO LEAD new: [Permitted] Camden/2024/2538/L — 51 Great Ormond Street London WC1N 3JQ
2026-10-01 11:46:46 INFO LEAD new: [Permitted] Camden/2024/2535/L — 45 Great Ormond Street London WC1N 3HZ
2026-10-01 11:46:46 INFO LEAD new: [Permitted] Camden/2024/2313/P — 12 Burrard Road London NW6 1DB
2026-10-01 11:46:46 INFO LEAD new: [Permitted] Camden/2024/2320/P — 5 Falkland Place London NW5 2PN
2026-10-01 11:46:46 INFO LEAD new: [Permitted] Camden/2024/1745/P — 5 Conybeare London NW3 3SD
2026-10-01 11:46:46 INFO LEAD new: [Permitted] Camden/2024/2417/P — LUL Euston Vent Shaft Euston Road and Gower Street London NW
2026-10-01 11:46:46 INFO LEAD new: [Permitted] Camden/2024/2391/P — 15 Downshire Hill London NW3 1NR
2026-10-01 11:46:46 INFO LEAD new: [Permitted] Camden/2024/2416/P — Godwin and Crowndale Estate London NW1 1PA
2026-10-01 11:46:46 INFO LEAD new: [Permitted] Camden/2024/2415/L — 7 Pilgrim's Lane London NW3 1SJ
2026-10-01 11:46:46 INFO LEAD new: [Permitted] Camden/2024/2549/L — 135 Arlington Road London NW1 7ET
2026-10-01 11:46:46 INFO LEAD new: [Permitted] Camden/2024/2414/P — 135 Arlington Road London NW1 7ET
2026-10-01 11:46:46 INFO LEAD new: [Permitted] Camden/2024/2431/P — 18-20 Tileyard Road London N7 9AH
2026-10-01 11:46:46 INFO LEAD new: [Permitted] Camden/2024/2149/L — 66 HEATH STREET NW3 1DN
2026-10-01 11:46:46 INFO LEAD new: [Permitted] Camden/2024/1455/P — Flat 3 135 Haverstock Hill London NW3 4RU
2026-10-01 11:46:46 INFO LEAD new: [Permitted] Camden/2024/1035/P — 66 HEATH STREET NW3 1DN
2026-10-01 11:46:46 INFO LEAD new: [Permitted] Camden/2024/2435/L — Working Mens College 44-46 Crowndale Road London NW1 1TR
2026-10-01 11:46:46 INFO LEAD new: [Permitted] Camden/2024/2423/P — Templar House, 81-87 High Holborn London WC1V 6NU
2026-10-01 11:46:46 INFO LEAD new: [Permitted] Camden/2024/2419/P — Acland Burghley School 93 Burghley Road London NW5 1UJ
2026-10-01 11:46:46 INFO LEAD new: [Permitted] Camden/2024/2436/P — 2-6 St Pancras Way London NW1 0TB
2026-10-01 11:46:46 INFO LEAD new: [Permitted] Camden/2024/2434/A — 1 Woburn Place London WC1H 0LQ
2026-10-01 11:46:46 INFO LEAD new: [Permitted] Camden/2024/2405/P — Flat 1 9 Belsize Square London NW3 4HT
2026-10-01 11:46:46 INFO LEAD new: [Permitted] Camden/2024/2401/P — 2-10 Shropshire House Capper Street London Camden WC1E 6JA
2026-10-01 11:46:46 INFO LEAD new: [Permitted] Camden/2024/2398/P — 8 Provost Road London NW3 4ST
2026-10-01 11:46:46 INFO LEAD new: [Permitted] Camden/2024/2395/P — 54 Gray's Inn Road London WC1X 8LT
2026-10-01 11:46:46 INFO LEAD new: [Permitted] Camden/2024/2390/P — 4-6 Bedford Place London Camden WC1B 5JD
2026-10-01 11:46:46 INFO LEAD new: [Permitted] Camden/2024/0495/P — Rooftop of Mid City Place Mid City Place 71 High Holborn Lon
2026-10-01 11:46:46 INFO LEAD new: [Permitted] Camden/2024/2216/P — 233 Goldhurst Terrace London NW6 3EP
2026-10-01 11:46:46 INFO LEAD new: [Permitted] Camden/2024/2481/L — 8 Provost Road London NW3 4ST
2026-10-01 11:46:53 INFO [camden/Permitted] page at offset 8100: 100 records
2026-10-01 11:46:53 INFO LEAD new: [Permitted] Camden/2024/2394/P — 3 Fortess Grove London Camden NW5 2HE
2026-10-01 11:46:53 INFO LEAD new: [Permitted] Camden/2024/1992/L — 125 Parkway London NW1 7PS
2026-10-01 11:46:53 INFO LEAD new: [Permitted] Camden/2024/2399/L — 12 Park Village West London NW1 4AE
2026-10-01 11:46:53 INFO LEAD new: [Permitted] Camden/2024/2389/L — 15 Downshire Hill London NW3 1NR
2026-10-01 11:46:53 INFO LEAD new: [Permitted] Camden/2024/2375/P — 37 Woodsome Road London NW5 1SA
2026-10-01 11:46:53 INFO LEAD new: [Permitted] Camden/2024/1361/P — The Hope Fitzrovia 15 Tottenham Street London W1T 2AJ
2026-10-01 11:46:53 INFO LEAD new: [Permitted] Camden/2024/1808/L — 25 Chester Terrace London Camden NW1 4ND
2026-10-01 11:46:53 INFO LEAD new: [Permitted] Camden/2024/2378/P — 7 Pilgrim's Lane London NW3 1SJ
2026-10-01 11:46:53 INFO LEAD new: [Permitted] Camden/2024/2392/P — 10 Lancaster Drive London NW3 4HA
2026-10-01 11:46:53 INFO LEAD new: [Permitted] Camden/2024/2377/P — 37 A Neal Street London Camden WC2H 9PR
2026-10-01 11:46:53 INFO LEAD new: [Permitted] Camden/2024/2432/L — 37 A Neal Street London Camden WC2H 9PR
2026-10-01 11:46:53 INFO LEAD new: [Permitted] Camden/2024/2041/P — Queensmead Estate Mancroft, Sheringham, Walsingham and Wymon
2026-10-01 11:46:53 INFO LEAD new: [Permitted] Camden/2024/0722/P — 25 Chester Terrace London Camden NW1 4ND
2026-10-01 11:46:53 INFO LEAD new: [Permitted] Camden/2024/2358/P — 44 Cleveland Street London W1T 4JT
2026-10-01 11:46:53 INFO LEAD new: [Permitted] Camden/2024/2335/P — 153 Fortess Road London NW5 2HR
2026-10-01 11:46:53 INFO LEAD new: [Permitted] Camden/2024/2366/P — Euston Telephone Exchange 165-167 Euston Road London NW1 2BH
2026-10-01 11:46:53 INFO LEAD new: [Permitted] Camden/2024/2351/A — Grays Inn Road 311 London WC1X 8PX
2026-10-01 11:46:53 INFO LEAD new: [Permitted] Camden/2024/2345/P — 6 Briary Close London Camden NW3 3JZ
2026-10-01 11:46:53 INFO LEAD new: [Permitted] Camden/2024/2327/P — Flat Basement And Ground Floor 47 Primrose Gardens London NW
2026-10-01 11:46:53 INFO LEAD new: [Permitted] Camden/2024/2352/P — 1 St Albans Villas London NW5 1QU
2026-10-01 11:46:53 INFO LEAD new: [Permitted] Camden/2024/2356/P — 9 Parsifal Road London Camden NW6 1UG
2026-10-01 11:46:53 INFO LEAD new: [Permitted] Camden/2024/2363/P — 32 Jamestown Road London NW1 7DB
2026-10-01 11:46:53 INFO LEAD new: [Permitted] Camden/2024/2364/P — 32 Jamestown Road London NW1 7DB
2026-10-01 11:46:53 INFO LEAD new: [Permitted] Camden/2024/2365/P — 32 Jamestown Road London NW1 7DB
2026-10-01 11:46:53 INFO LEAD new: [Permitted] Camden/2024/2359/P — 551-557 Finchley Road London NW3 7BJ
2026-10-01 11:46:53 INFO LEAD new: [Permitted] Camden/2024/2341/P — Flat 2 26 Belsize Lane London NW3 5AB
2026-10-01 11:46:53 INFO LEAD new: [Permitted] Camden/2024/1551/P — 65 Agar Grove London NW1 9UE
2026-10-01 11:46:53 INFO LEAD new: [Permitted] Camden/2024/2357/P — St Pancras Hospital 4 St Pancras Way London NW1 0PE
2026-10-01 11:46:53 INFO LEAD new: [Permitted] Camden/2024/2317/P — 69 Avenue Road London NW8 6HP
2026-10-01 11:46:53 INFO LEAD new: [Permitted] Camden/2024/2318/P — 16 Well Walk London NW3 1LD
2026-10-01 11:46:53 INFO LEAD new: [Permitted] Camden/2024/2314/P — Basement Flat 35 Priory Terrace London NW6 4DG
2026-10-01 11:46:53 INFO LEAD new: [Permitted] Camden/2024/2333/PVL — Friend At Hand 4 Herbrand Street London WC1N 1HX
2026-10-01 11:46:53 INFO LEAD new: [Permitted] Camden/2024/2321/PVL — Pizza Express 93-99 Euston Road London NW1 2RA
2026-10-01 11:46:53 INFO LEAD new: [Permitted] Camden/2024/2326/P — 30A Parkhill Road London NW3 2YP
2026-10-01 11:46:53 INFO LEAD new: [Permitted] Camden/2024/2315/P — 101 Bayham Street London NW1 0AG
2026-10-01 11:46:53 INFO LEAD new: [Permitted] Camden/2024/2323/A — 2 Charlotte Street London W1T 2LW
2026-10-01 11:46:53 INFO LEAD new: [Permitted] Camden/2024/2312/P — 12 Burrard Road London NW6 1DB
2026-10-01 11:46:53 INFO LEAD new: [Permitted] Camden/2024/2297/P — 18 Well Walk London NW3 1LD
2026-10-01 11:46:53 INFO LEAD new: [Permitted] Camden/2024/2293/P — 46 Avenue Road London Camden NW8 6HS
2026-10-01 11:46:53 INFO LEAD new: [Permitted] Camden/2024/2307/P — 35 Doughty Street London WC1N 2AA
2026-10-01 11:46:53 INFO LEAD new: [Permitted] Camden/2024/2065/P — 21 A Brownlow Mews London Camden WC1N 2LA
2026-10-01 11:46:54 INFO LEAD new: [Permitted] Camden/2024/2265/P — 36 Dennington Park Road London NW6 1BB
2026-10-01 11:46:54 INFO LEAD new: [Permitted] Camden/2024/2267/P — 2 Elsworthy Terrace London NW3 3DR
2026-10-01 11:46:54 INFO LEAD new: [Permitted] Camden/2024/2254/P — St Pancras Commercial Centre 63 Pratt Street London NW1 0BY
2026-10-01 11:46:54 INFO LEAD new: [Permitted] Camden/2024/2276/P — 248-250 Camden Road Hostel Camden Road London NW1 9HE
2026-10-01 11:46:54 INFO LEAD new: [Permitted] Camden/2024/2264/P — 34 Dennington Park Road London NW6 1BB
2026-10-01 11:46:54 INFO LEAD new: [Permitted] Camden/2024/2271/P — Garages 1 To 16 Canfield Place London NW6 3BT
2026-10-01 11:46:54 INFO LEAD new: [Permitted] Camden/2024/2285/L — 14 Templewood Avenue London NW3 7XA
2026-10-01 11:46:54 INFO LEAD new: [Permitted] Camden/2024/2277/P — Chester Road Hostel 2 Chester Road London N19 5BP
2026-10-01 11:46:54 INFO LEAD new: [Permitted] Camden/2024/2286/PVL — Zara Cafe 95a Fairfax Road London NW6 4DY
2026-10-01 11:46:54 INFO LEAD new: [Permitted] Camden/2024/1846/A — Unit 3, Ground Floor 272 High Holborn London WC1V 7EY
2026-10-01 11:46:54 INFO LEAD new: [Permitted] Camden/2024/2266/L — Flat J 100 Rowley Way London NW8 0SW
2026-10-01 11:46:54 INFO LEAD new: [Permitted] Camden/2024/2292/PVL — PopUp Painting & Events Ltd/The London Art Bar Lincoln House
2026-10-01 11:46:54 INFO LEAD new: [Permitted] Camden/2024/2288/P — 2 Pancras Square London N1C 4AG
2026-10-01 11:46:54 INFO LEAD new: [Permitted] Camden/2024/2272/P — Agar Grove Estate Wrotham Road London NW1 9SS
2026-10-01 11:46:54 INFO LEAD new: [Permitted] Camden/2024/2280/P — Land At, 57-65, Randell's Road, London, N1 0DH
2026-10-01 11:46:54 INFO LEAD new: [Permitted] Camden/2024/2281/P — 168 North Gower Street London NW1 2ND
2026-10-01 11:46:54 INFO LEAD new: [Permitted] Camden/2024/2247/P — 15 Gloucester Crescent London NW1 7DS
2026-10-01 11:46:54 INFO LEAD new: [Permitted] Camden/2024/2298/L — University Of London Institute Of Education 20 Bedford Way L
2026-10-01 11:46:54 INFO LEAD new: [Permitted] Camden/2024/2240/P — University Of London Institute Of Education 20 Bedford Way L
2026-10-01 11:46:54 INFO LEAD new: [Permitted] Camden/2024/2237/P — 255 West End Lane London NW6 1XN
2026-10-01 11:46:54 INFO LEAD new: [Permitted] Camden/2024/2244/P — 30 Lincoln's Inn Fields London Camden WC2A 3PD
2026-10-01 11:46:54 INFO LEAD new: [Permitted] Camden/2024/2239/P — 10 York Rise London NW5 1SS
2026-10-01 11:46:54 INFO LEAD new: [Permitted] Camden/2024/2235/P — The Shaftesbury Theatre 210 Shaftesbury Avenue London WC2H 8
2026-10-01 11:46:54 INFO LEAD new: [Permitted] Camden/2024/2252/PVL — Watch House 65 South End Road London NW3 2QB
2026-10-01 11:46:54 INFO LEAD new: [Permitted] Camden/2024/2269/L — 15 Gloucester Crescent London NW1 7DS
2026-10-01 11:47:00 INFO [camden/Permitted] page at offset 8200: 100 records
2026-10-01 11:47:00 INFO LEAD new: [Permitted] Camden/2024/1373/P — 30 Patshull Road London NW5 2JY
2026-10-01 11:47:00 INFO LEAD new: [Permitted] Camden/2024/1525/P — 19 Crediton Hill London NW6 1HS
2026-10-01 11:47:00 INFO LEAD new: [Permitted] Camden/2024/2238/P — 16 Swain's Lane London N6 6QS
2026-10-01 11:47:00 INFO LEAD new: [Permitted] Camden/2024/1572/P — 41 Brunswick Square London Camden WC1N 1AZ
2026-10-01 11:47:00 INFO LEAD new: [Permitted] Camden/2024/2242/L — The Shaftesbury Theatre 210 Shaftesbury Avenue London WC2H 8
2026-10-01 11:47:00 INFO LEAD new: [Permitted] Camden/2024/2245/L — 7 Holly Village Swain's Lane London Camden N6 6QJ
2026-10-01 11:47:00 INFO LEAD new: [Permitted] Camden/2024/1229/P — 3 Camden Square London NW1 9UY
2026-10-01 11:47:00 INFO LEAD new: [Permitted] Camden/2024/2223/L — 10 Thornhaugh St, London WC1H 0XG
2026-10-01 11:47:00 INFO LEAD new: [Permitted] Camden/2024/2208/P — 13 Lambolle Road London NW3 4HS
2026-10-01 11:47:00 INFO LEAD new: [Permitted] Camden/2024/2213/P — 48 Charlotte Street London W1T 2NS
2026-10-01 11:47:00 INFO LEAD new: [Permitted] Camden/2024/2013/P — Flats B and C 11 Chesterford Gardens London NW3 7DD
2026-10-01 11:47:00 INFO LEAD new: [Permitted] Camden/2024/2221/P — 27 Hillway London N6 6QB
2026-10-01 11:47:00 INFO LEAD new: [Permitted] Camden/2024/2104/P — Flat A 11 Chesterford Gardens London NW3 7DD
2026-10-01 11:47:00 INFO LEAD new: [Permitted] Camden/2024/1833/A — 65 South End Road London NW3 2QB
2026-10-01 11:47:00 INFO LEAD new: [Permitted] Camden/2024/2210/P — 11A Lyndhurst Road London NW3 5PX
2026-10-01 11:47:01 INFO LEAD new: [Permitted] Camden/2024/2220/A — 47 Goodge Street London W1T 1TD
2026-10-01 11:47:01 INFO LEAD new: [Permitted] Camden/2024/2107/L — 56 Redington Road London NW3 7RS
2026-10-01 11:47:01 INFO LEAD new: [Permitted] Camden/2024/2197/P — St Patricks Primary School, School House Holmes Road London 
2026-10-01 11:47:01 INFO LEAD new: [Permitted] Camden/2024/2206/P — 1 Triton Square London NW1 3AN
2026-10-01 11:47:01 INFO LEAD new: [Permitted] Camden/2024/2192/L — Vernon House 23 Sicilian Avenue London WC1A 2QS
2026-10-01 11:47:01 INFO LEAD new: [Permitted] Camden/2024/1082/P — 56 Redington Road London NW3 7RS
2026-10-01 11:47:01 INFO LEAD new: [Permitted] Camden/2024/2204/L — 10 Park Village West London NW1 4AE
2026-10-01 11:47:01 INFO LEAD new: [Permitted] Camden/2024/2084/A — Development at Network Building 10 Howland Street, 80 Whitfi
2026-10-01 11:47:01 INFO LEAD new: [Permitted] Camden/2024/2105/P — Flat B 174 Leighton Road London NW5 2RE
2026-10-01 11:47:01 INFO LEAD new: [Permitted] Camden/2024/2202/P — 551-557 Finchley Road London NW3 7BJ
2026-10-01 11:47:01 INFO LEAD new: [Permitted] Camden/2024/2203/P — 551-557 Finchley Road London NW3 7BJ
2026-10-01 11:47:01 INFO LEAD new: [Permitted] Camden/2024/2185/P — Acorn House 314-320 Gray's Inn Road London WC1X 8DP
2026-10-01 11:47:01 INFO LEAD new: [Permitted] Camden/2024/2184/P — Acorn House 314-320 Gray's Inn Road London WC1X 8DP
2026-10-01 11:47:01 INFO LEAD new: [Permitted] Camden/2023/3738/A — 1 Chalton Street London NW1 1JD
2026-10-01 11:47:01 INFO LEAD new: [Permitted] Camden/2024/2205/L — 11 Woburn Square London Camden WC1H 0NS
2026-10-01 11:47:01 INFO LEAD new: [Permitted] Camden/2024/2201/P — Highgate Studios 53-79 Highgate Road London NW5 1TL
2026-10-01 11:47:01 INFO LEAD new: [Permitted] Camden/2024/1172/P — 3 Crediton Hill London NW6 1HT
2026-10-01 11:47:01 INFO LEAD new: [Permitted] Camden/2024/2172/L — Princes Circus Drinking Fountain Princes Circus Shaftesbury 
2026-10-01 11:47:01 INFO LEAD new: [Permitted] Camden/2024/2143/L — 1 Albany Terrace Park Square East London Camden NW1 4DS
2026-10-01 11:47:01 INFO LEAD new: [Permitted] Camden/2024/2183/P — County Hotel Upper Woburn Place London WC1H 0JW
2026-10-01 11:47:01 INFO LEAD new: [Permitted] Camden/2024/2154/P — Flats A and B 47 Howitt Road London NW3 4LU
2026-10-01 11:47:01 INFO LEAD new: [Permitted] Camden/2024/2234/L — Offices And Premises At Lower Ground To Ground Floors 57-58 
2026-10-01 11:47:01 INFO LEAD new: [Permitted] Camden/2024/2177/P — Offices And Premises At Lower Ground To Ground Floors 57-58 
2026-10-01 11:47:01 INFO LEAD new: [Permitted] Camden/2024/2180/A — 77-91 New Oxford Street London WC1A 1DG
2026-10-01 11:47:01 INFO LEAD new: [Permitted] Camden/2024/2175/PVL — TFS Catering T/A CORE Swiss Cottage Swiss Cottage Leisure Ce
2026-10-01 11:47:01 INFO LEAD new: [Permitted] Camden/2024/2036/P — 188-189 Drury Lane London WC2B 5QD
2026-10-01 11:47:01 INFO LEAD new: [Permitted] Camden/2024/2157/P — Heybridge Car Park Castle Road London NW1 8TD
2026-10-01 11:47:01 INFO LEAD new: [Permitted] Camden/2024/0442/P — Flat 45 Parliament Hill Mansions Lissenden Gardens London NW
2026-10-01 11:47:01 INFO LEAD new: [Permitted] Camden/2024/1265/P — Flat 1 19 Wadham Gardens London NW3 3DN
2026-10-01 11:47:01 INFO LEAD new: [Permitted] Camden/2024/2166/P — 3 Marquis Road London NW1 9UD
2026-10-01 11:47:01 INFO LEAD new: [Permitted] Camden/2022/3556/P — The Brunei Gallery Thornhaugh Street London WC1H 0XG
2026-10-01 11:47:01 INFO LEAD new: [Permitted] Camden/2023/5183/P — Flat Ground Floor 55 Hillfield Road London NW6 1QD
2026-10-01 11:47:01 INFO LEAD new: [Permitted] Camden/2024/2627/P — 41 Meadowbank London NW3 3AY
2026-10-01 11:47:01 INFO LEAD new: [Permitted] Camden/2024/2155/P — Garden Studios 11-15 Betterton Street London WC2H 9FE
2026-10-01 11:47:01 INFO LEAD new: [Permitted] Camden/2024/1825/P — 42-49 First Avenue House High Holborn London Camden WC1V 6NP
2026-10-01 11:47:01 INFO LEAD new: [Permitted] Camden/2024/2146/P — Godwin and Crowndale Estate London NW1 1PA
2026-10-01 11:47:01 INFO LEAD new: [Permitted] Camden/2024/2129/P — 54 Crowndale Road London NW1 1TP
2026-10-01 11:47:01 INFO LEAD new: [Permitted] Camden/2024/1960/P — Acorn House 314-320 Gray's Inn Road London Camden WC1X 8DP
2026-10-01 11:47:01 INFO LEAD new: [Permitted] Camden/2024/2122/P — Channing Junior School 1 Highgate High Street London Camden 
2026-10-01 11:47:01 INFO LEAD new: [Permitted] Camden/2024/2131/P — Christ Apostolic Church Highgate Road London NW5 1JY
2026-10-01 11:47:01 INFO LEAD new: [Permitted] Camden/2024/2134/P — 197 Kentish Town Road London NW5 2JU
2026-10-01 11:47:01 INFO LEAD new: [Permitted] Camden/2024/2123/P — 21 Bloomsbury Street London Camden WC1B 3HF
2026-10-01 11:47:01 INFO LEAD new: [Permitted] Camden/2024/1059/P — Flat A 16 Adamson Road London NW3 3HR
2026-10-01 11:47:01 INFO LEAD new: [Permitted] Camden/2024/2136/P — 19 Hawtrey Road London Camden NW3 3SS
2026-10-01 11:47:01 INFO LEAD new: [Permitted] Camden/2024/1451/P — 30-40 Telephone Exchange Rooftop National Grid Wireless Comm
2026-10-01 11:47:01 INFO LEAD new: [Permitted] Camden/2024/1976/P — Birkenhead Street Estate Birkenhead Street London WC1H 8BL
2026-10-01 11:47:01 INFO LEAD new: [Permitted] Camden/2024/2137/P — Arundel House 36-43 Kirby Street London EC1N 8TE
2026-10-01 11:47:01 INFO LEAD new: [Permitted] Camden/2024/2132/P — 47 Heath Street London NW3 6UA
2026-10-01 11:47:01 INFO LEAD new: [Permitted] Camden/2024/2191/L — Christ Apostolic Church Highgate Road London NW5 1JY
2026-10-01 11:47:01 INFO LEAD new: [Permitted] Camden/2024/1602/P — Flat 3 112 Sumatra Road London NW6 1PG
2026-10-01 11:47:01 INFO LEAD new: [Permitted] Camden/2024/2114/P — 252b-252c Gray's Inn Road London WC1X 8JR
2026-10-01 11:47:01 INFO LEAD new: [Permitted] Camden/2024/2110/P — Flat 4 26 Priory Road London NW6 4SH
2026-10-01 11:47:01 INFO LEAD new: [Permitted] Camden/2024/2112/P — Development Site At 5 - 9 Great Newport Street London WC2H 7
2026-10-01 11:47:01 INFO LEAD new: [Permitted] Camden/2024/2139/L — 252 High Holborn London Camden WC1V 7EN
2026-10-01 11:47:01 INFO LEAD new: [Permitted] Camden/2024/0619/P — Flat Basement And Ground Floor 29 Lawford Road London NW5 2L
2026-10-01 11:47:01 INFO LEAD new: [Permitted] Camden/2024/2095/P — Acorn House 314-320 Gray's Inn Road London Camden WC1X 8DP
2026-10-01 11:47:07 INFO [camden/Permitted] page at offset 8300: 100 records
2026-10-01 11:47:07 INFO LEAD new: [Permitted] Camden/2024/2108/P — 273-275 Kentish Town Road London NW5 2LP
2026-10-01 11:47:07 INFO LEAD new: [Permitted] Camden/2024/2100/P — The Charlie Ratchford Centre Belmont Street London NW1 8HF
2026-10-01 11:47:08 INFO LEAD new: [Permitted] Camden/2024/2096/P — 252 High Holborn London Camden WC1V 7EN
2026-10-01 11:47:08 INFO LEAD new: [Permitted] Camden/2024/2099/P — 38 Maygrove Road London NW6 2EB
2026-10-01 11:47:08 INFO LEAD new: [Permitted] Camden/2024/2101/P — 10 Park Village West London NW1 4AE
2026-10-01 11:47:08 INFO LEAD new: [Permitted] Camden/2024/2086/P — Lock House 35 Oval Road London NW1 7BF
2026-10-01 11:47:08 INFO LEAD new: [Permitted] Camden/2024/2078/P — 40 Agamemnon Road Camden NW6 1EN
2026-10-01 11:47:08 INFO LEAD new: [Permitted] Camden/2024/2082/P — 40 Agamemnon Road London NW6 1EN
2026-10-01 11:47:08 INFO LEAD new: [Permitted] Camden/2024/2089/L — School Of Oriental And African Studies 10 Thornhaugh Street 
2026-10-01 11:47:08 INFO LEAD new: [Permitted] Camden/2024/2076/L — 37-63 Victoria House Southampton Row London Camden WC1B 4DA
2026-10-01 11:47:08 INFO LEAD new: [Permitted] Camden/2024/2085/P — 551-557 Finchley Road London NW3 7BJ
2026-10-01 11:47:08 INFO LEAD new: [Permitted] Camden/2024/1930/P — Flat 1 6 Rosslyn Hill London NW3 1PH
2026-10-01 11:47:08 INFO LEAD new: [Permitted] Camden/2024/2088/L — University College London Institute Of Education 20 Bedford 
2026-10-01 11:47:08 INFO LEAD new: [Permitted] Camden/2023/5431/P — 139 Fortess Road London NW5 2HR
2026-10-01 11:47:08 INFO LEAD new: [Permitted] Camden/2024/2090/L — 42-43 Queen Square London WC1N 3AQ
2026-10-01 11:47:08 INFO LEAD new: [Permitted] Camden/2024/2055/P — 10 Healey Street London Camden NW1 8SR
2026-10-01 11:47:08 INFO LEAD new: [Permitted] Camden/2024/2047/P — 42-43 Queen Square London WC1N 3AQ
2026-10-01 11:47:08 INFO LEAD new: [Permitted] Camden/2024/2061/P — 89 Swain's Lane London N6 6PJ
2026-10-01 11:47:08 INFO LEAD new: [Permitted] Camden/2024/0547/P — Flat A 12 Caversham Road London NW5 2DU
2026-10-01 11:47:08 INFO LEAD new: [Permitted] Camden/2024/1938/P — Flat B 36 Hollycroft Avenue London NW3 7QN
2026-10-01 11:47:08 INFO LEAD new: [Permitted] Camden/2024/2060/P — University College London Institute Of Education 20 Bedford 
2026-10-01 11:47:08 INFO LEAD new: [Permitted] Camden/2024/1724/P — 190 Flat 1 Goldhurst Terrace London Camden NW6 3HN
2026-10-01 11:47:08 INFO LEAD new: [Permitted] Camden/2024/1817/P — 28 Chalcot Square London NW1 8YA
2026-10-01 11:47:08 INFO LEAD new: [Permitted] Camden/2024/2035/A — Land below rail bridge adjacent to 200A-200B Chalk Farm Road
2026-10-01 11:47:08 INFO LEAD new: [Permitted] Camden/2024/2024/P — 9 Chalcot Gardens London NW3 4YB
2026-10-01 11:47:08 INFO LEAD new: [Permitted] Camden/2024/2026/P — 14 Richborough Road London NW2 3LU
2026-10-01 11:47:08 INFO LEAD new: [Permitted] Camden/2024/2027/P — 14 Richborough Road London NW2 3LU
2026-10-01 11:47:08 INFO LEAD new: [Permitted] Camden/2024/2032/P — Wood House 2 Mill Lane London NW6 1NS
2026-10-01 11:47:08 INFO LEAD new: [Permitted] Camden/2024/2042/P — The Coach House 162 Haverstock Hill London NW3 2AT
2026-10-01 11:47:08 INFO LEAD new: [Permitted] Camden/2024/2004/P — 49 Swain's Lane London N6 6QL
2026-10-01 11:47:08 INFO LEAD new: [Permitted] Camden/2024/2012/P — St Peters Vicarage 53 Belsize Square London NW3 4HY
2026-10-01 11:47:08 INFO LEAD new: [Permitted] Camden/2024/1997/L — 17 The Robin Howard Dance Theatre The Place, Contemporary Da
2026-10-01 11:47:08 INFO LEAD new: [Permitted] Camden/2024/1784/P — 4 Conybeare London NW3 3SD
2026-10-01 11:47:08 INFO LEAD new: [Permitted] Camden/2024/2019/PVL — White Pine Forest LTD 33 Earlham Street London WC2H 9LS
2026-10-01 11:47:08 INFO LEAD new: [Permitted] Camden/2024/1983/P — 18 Chalcot Road London NW1 8LL
2026-10-01 11:47:08 INFO LEAD new: [Permitted] Camden/2024/1995/P — 2 Elsworthy Terrace London Camden NW3 3DR
2026-10-01 11:47:08 INFO LEAD new: [Permitted] Camden/2024/1406/P — 28 Gascony Avenue London NW6 4NA
2026-10-01 11:47:08 INFO LEAD new: [Permitted] Camden/2024/2009/PVL — Maya Basement And Ground Floor 19 Goodge Street London W1T 2
2026-10-01 11:47:08 INFO LEAD new: [Permitted] Camden/2024/1990/PVL — The Cocktail Club 224 A Shaftesbury Avenue London WC2H 8EB
2026-10-01 11:47:08 INFO LEAD new: [Permitted] Camden/2024/2017/L — 31 Southampton Row London Camden WC1B 5HJ
2026-10-01 11:47:08 INFO LEAD new: [Permitted] Camden/2024/1984/P — 45 Basement Flat Rosslyn Hill London NW3 5UH
2026-10-01 11:47:08 INFO LEAD new: [Permitted] Camden/2024/1979/P — 156 West End Lane London NW6 1SD
2026-10-01 11:47:08 INFO LEAD new: [Permitted] Camden/2024/1949/P — 78 New Oxford Street London WC1A 1HB
2026-10-01 11:47:08 INFO LEAD new: [Permitted] Camden/2024/1978/P — 6 Oval Road London NW1 7EB
2026-10-01 11:47:08 INFO LEAD new: [Permitted] Camden/2024/1965/P — Maple House 149 Tottenham Court Road London W1T 7NF
2026-10-01 11:47:08 INFO LEAD new: [Permitted] Camden/2024/0768/P — 1, 2 and 3 Erskine Mews London NW3 3AP
2026-10-01 11:47:08 INFO LEAD new: [Permitted] Camden/2024/1013/A — 62-64 Hampstead Road London NW1 2NU
2026-10-01 11:47:08 INFO LEAD new: [Permitted] Camden/2024/1969/P — 77-91 Former Castlewood House New Oxford Street London WC1A 
2026-10-01 11:47:08 INFO LEAD new: [Permitted] Camden/2024/1958/L — 55-59 Gordon Square London WC1H 0NU
2026-10-01 11:47:08 INFO LEAD new: [Permitted] Camden/2024/1972/P — Flat 1 12 Kidderpore Gardens London NW3 7SR
2026-10-01 11:47:08 INFO LEAD new: [Permitted] Camden/2024/1659/P — 40 Frognal Lane London NW3 6PP
2026-10-01 11:47:08 INFO LEAD new: [Permitted] Camden/2024/2319/A — 156 West End Lane London NW6 1SD
2026-10-01 11:47:08 INFO LEAD new: [Permitted] Camden/2024/1981/P — 11-12 Ingestre Road London NW5 1UX
2026-10-01 11:47:08 INFO LEAD new: [Permitted] Camden/2024/1285/L — 4 Park Village East London NW1 7PX
2026-10-01 11:47:08 INFO LEAD new: [Permitted] Camden/2024/0816/P — 1 Lawford Road London NW5 2LH
2026-10-01 11:47:08 INFO LEAD new: [Permitted] Camden/2024/0815/P — 1 Lawford Road London NW5 2LH
2026-10-01 11:47:08 INFO LEAD new: [Permitted] Camden/2024/1966/P — Chilton Square London N1C 4DB
2026-10-01 11:47:08 INFO LEAD new: [Permitted] Camden/2024/1943/L — West Lodge 190 Euston Road London NW1 2EF
2026-10-01 11:47:08 INFO LEAD new: [Permitted] Camden/2024/1945/HS2 — Park Village East NW1 2DU
2026-10-01 11:47:08 INFO LEAD new: [Permitted] Camden/2024/1975/P — 100 & 88 Gray's Inn Road 127 Clerkenwell Road London WC1X 8A
2026-10-01 11:47:08 INFO LEAD new: [Permitted] Camden/2024/1970/P — The Hampstead Figure Sculpture to the North of Swiss Cottage
2026-10-01 11:47:08 INFO LEAD new: [Permitted] Camden/2024/2045/L — 6 Oval Road London NW1 7EB
2026-10-01 11:47:08 INFO LEAD new: [Permitted] Camden/2024/1964/P — The Hampstead Figure Sculpture to the North of Swiss Cottage
2026-10-01 11:47:08 INFO LEAD new: [Permitted] Camden/2024/1953/L — The Hampstead Figure Sculpture to the North of Swiss Cottage
2026-10-01 11:47:08 INFO LEAD new: [Permitted] Camden/2024/1925/P — 3 Lawford Road London NW5 2LH
2026-10-01 11:47:08 INFO LEAD new: [Permitted] Camden/2024/0942/P — 2 Banister Mews London Camden NW6 3RQ
2026-10-01 11:47:08 INFO LEAD new: [Permitted] Camden/2024/1133/P — The Towers 39 Dartmouth Park Avenue London Camden NW5 1JP
2026-10-01 11:47:08 INFO LEAD new: [Permitted] Camden/2024/1553/A — 104 NEW OXFORD STREET LONDON WC1A 1HB
2026-10-01 11:47:08 INFO LEAD new: [Permitted] Camden/2024/0995/P — 142 West End Lane London Camden NW6 1SD
2026-10-01 11:47:08 INFO LEAD new: [Permitted] Camden/2024/1932/P — 9 Steele's Road London Camden NW3 4SE
2026-10-01 11:47:14 WARNING Rate limited (429); waiting 242s before retry 1/6
2026-10-01 11:51:18 INFO [camden/Permitted] page at offset 8400: 100 records
2026-10-01 11:51:18 INFO LEAD new: [Permitted] Camden/2024/0244/P — 296 Kilburn High Road London NW6 2DB
2026-10-01 11:51:18 INFO LEAD new: [Permitted] Camden/2024/1753/P — 53-55 Prince Of Wales Road London NW5 3LL
2026-10-01 11:51:18 INFO LEAD new: [Permitted] Camden/2024/1632/P — 93 Flat 1 West End Lane London Camden NW6 4SY
2026-10-01 11:51:18 INFO LEAD new: [Permitted] Camden/2024/1926/P — 38 Platt's Lane London NW3 7NT
2026-10-01 11:51:18 INFO LEAD new: [Permitted] Camden/2024/1935/P — Land to the West of Royal Mail Sorting Office Phoenix Place 
2026-10-01 11:51:18 INFO LEAD new: [Permitted] Camden/2024/1405/P — 20 Gascony Avenue London NW6 4NA
2026-10-01 11:51:18 INFO LEAD new: [Permitted] Camden/2024/1911/A — 59-61 Camden High Street London NW1 7JL
2026-10-01 11:51:18 INFO LEAD new: [Permitted] Camden/2024/1920/L — 18-20 Gower Street London WC1E 6DP
2026-10-01 11:51:18 INFO LEAD new: [Permitted] Camden/2024/1867/L — 25 Neal Street London Camden WC2H 9PR
2026-10-01 11:51:18 INFO LEAD new: [Permitted] Camden/2024/1894/L — 49 A Downshire Hill London NW3 1NX
2026-10-01 11:51:18 INFO LEAD new: [Permitted] Camden/2024/1676/P — 49 A Downshire Hill London NW3 1NX
2026-10-01 11:51:18 INFO LEAD new: [Permitted] Camden/2024/1923/P — Offices And Premises At Units B And C Piano Yard 30A Highgat
2026-10-01 11:51:18 INFO LEAD new: [Permitted] Camden/2024/1408/P — 36 Gascony Avenue London NW6 4NA
2026-10-01 11:51:18 INFO LEAD new: [Permitted] Camden/2024/1437/P — Penthouse 1, Mount Tyndal Spaniards Road London NW3 7JH
2026-10-01 11:51:18 INFO LEAD new: [Permitted] Camden/2024/1838/P — Flat 1, 37 Adelaide Road London Camden NW3 3QB
2026-10-01 11:51:18 INFO LEAD new: [Permitted] Camden/2024/1342/P — Fitzjohns Primary School 86a Fitzjohn's Avenue London NW3 6N
2026-10-01 11:51:18 INFO LEAD new: [Permitted] Camden/2024/1828/P — 25 Neal Street London Camden WC2H 9PR
2026-10-01 11:51:18 INFO LEAD new: [Permitted] Camden/2024/1924/P — 100 & 88 Gray's Inn Road 127 Clerkenwell Road London WC1X 8A
2026-10-01 11:51:18 INFO LEAD new: [Permitted] Camden/2024/1909/P — Ames House 26 Netherhall Gardens London NW3 5TL
2026-10-01 11:51:18 INFO LEAD new: [Permitted] Camden/2024/1918/P — 156 West End Lane West Hampstead London NW6 1SD
2026-10-01 11:51:18 INFO LEAD new: [Permitted] Camden/2024/1919/L — 5 Prince Albert Road London NW1 7SN
2026-10-01 11:51:18 INFO LEAD new: [Permitted] Camden/2024/1915/PVL — Mimmo La Bufala 45 A South End Road London NW3 2QB
2026-10-01 11:51:18 INFO LEAD new: [Permitted] Camden/2024/1772/P — 42 Seven Dials Warehouse, Offices And Premises At 4th - 5th 
2026-10-01 11:51:18 INFO LEAD new: [Permitted] Camden/2024/1905/HS2 — 10 Park Village East London NW1 7PX
2026-10-01 11:51:18 INFO LEAD new: [Permitted] Camden/2024/1902/P — 9 Chancery Lane High Holborn London WC1V 6DR
2026-10-01 11:51:18 INFO LEAD new: [Permitted] Camden/2024/1904/P — 39 Laurier Road London NW5 1SH
2026-10-01 11:51:18 INFO LEAD new: [Permitted] Camden/2024/1901/P — 11 - 12 Ingestre Road London NW5 1UX
2026-10-01 11:51:18 INFO LEAD new: [Permitted] Camden/2024/1888/P — Flat Basement And Ground Floor 3 Mansfield Road London NW3 2
2026-10-01 11:51:18 INFO LEAD new: [Permitted] Camden/2024/1928/A — 9 Chancery Lane High Holborn London WC1V 6DR
2026-10-01 11:51:18 INFO LEAD new: [Permitted] Camden/2024/1890/P — 277 Flat 1st Floor Gray's Inn Road London Camden WC1X 8QF
2026-10-01 11:51:18 INFO LEAD new: [Permitted] Camden/2024/1777/P — Seven Dials Warehouse 42-56 Earlham Street London WC2H 9LA
2026-10-01 11:51:18 INFO LEAD new: [Permitted] Camden/2024/1831/P — 20 Greville Place London NW6 5JH
2026-10-01 11:51:18 INFO LEAD new: [Permitted] Camden/2024/1148/P — New End Primary School Streatley Place London Camden NW3 1HU
2026-10-01 11:51:18 INFO LEAD new: [Permitted] Camden/2024/1895/P — 6 Byron Mews London NW3 2NQ
2026-10-01 11:51:18 INFO LEAD new: [Permitted] Camden/2024/1891/P — Godwin and Crowndale Estate Crowndale Road London NW1 1PA
2026-10-01 11:51:18 INFO LEAD new: [Permitted] Camden/2024/0769/P — Metro House 36 Arlington Road London NW1 7HU
2026-10-01 11:51:18 INFO LEAD new: [Permitted] Camden/2024/1896/P — 21 Bloomsbury Street London WC1B 3HF
2026-10-01 11:51:18 INFO LEAD new: [Permitted] Camden/2024/1861/A — 17-21 Camden Road London NW1 9LJ
2026-10-01 11:51:18 INFO LEAD new: [Permitted] Camden/2024/1866/P — 237-247 Tottenham Court Road W1T 7HH; 3 Bayley Street WC1B 3
2026-10-01 11:51:18 INFO LEAD new: [Permitted] Camden/2024/1874/L — 127-128 High Holborn London Camden WC1V 6PQ
2026-10-01 11:51:18 INFO LEAD new: [Permitted] Camden/2024/1878/PVL — Itsu 189 -191 Camden High Street London NW1 7BP
2026-10-01 11:51:18 INFO LEAD new: [Permitted] Camden/2024/1868/P — Flat 1 20 Heath Drive London NW3 7SL
2026-10-01 11:51:18 INFO LEAD new: [Permitted] Camden/2024/1892/L — 17-21 Camden Road London NW1 9LJ
2026-10-01 11:51:18 INFO LEAD new: [Permitted] Camden/2024/1880/P — Flat 2 97 Leighton Rd London NW5 2QJ
2026-10-01 11:51:18 INFO LEAD new: [Permitted] Camden/2024/1885/P — 2 Hargrave Place London N7 0BP
2026-10-01 11:51:18 INFO LEAD new: [Permitted] Camden/2024/1883/P — Royal Free Hospital Pond Street London Camden NW3 2QG
2026-10-01 11:51:18 INFO LEAD new: [Permitted] Camden/2024/1884/P — Royal Free Hospital Pond Street London Camden NW3 2QG
2026-10-01 11:51:18 INFO LEAD new: [Permitted] Camden/2024/1860/P — 289-293 High Holborn London Camden WC1V 7HZ
2026-10-01 11:51:18 INFO LEAD new: [Permitted] Camden/2024/1123/P — Waitrose John Barnes 199 Finchley Road London NW3 6NN
2026-10-01 11:51:18 INFO LEAD new: [Permitted] Camden/2024/1876/P — 13-15 John's Mews London WC1N 2PA
2026-10-01 11:51:18 INFO LEAD new: [Permitted] Camden/2024/1875/P — 1 Rothwell Street London NW1 8YH
2026-10-01 11:51:18 INFO LEAD new: [Permitted] Camden/2024/0759/P — Flat A 10 Hilgrove Road London NW6 4TN
2026-10-01 11:51:18 INFO LEAD new: [Permitted] Camden/2024/1664/P — 44 Flat 1 Howitt Road London Camden NW3 4LJ
2026-10-01 11:51:18 INFO LEAD new: [Permitted] Camden/2024/1840/PVL — The Place 17 Duke's Road London WC1H 9PY
2026-10-01 11:51:18 INFO LEAD new: [Permitted] Camden/2024/1849/P — 1no. telephone kiosk outside 148 148 Southampton Row London 
2026-10-01 11:51:18 INFO LEAD new: [Permitted] Camden/2024/1855/P — 16 Eldon Grove London NW3 5PT
2026-10-01 11:51:18 INFO LEAD new: [Permitted] Camden/2024/1851/P — Page House 39-41 Parker Street London Camden WC2B 5PQ
2026-10-01 11:51:19 INFO LEAD new: [Permitted] Camden/2024/1853/L — 5 Prince Albert Road London NW1 7SN
2026-10-01 11:51:19 INFO LEAD new: [Permitted] Camden/2024/1857/P — 30 Woodsome Road London NW5 1RY
2026-10-01 11:51:19 INFO LEAD new: [Permitted] Camden/2024/1837/P — 3 Tanza Road London NW3 2UA
2026-10-01 11:51:19 INFO LEAD new: [Permitted] Camden/2024/0978/P — Flat B 7 Hollycroft Avenue London NW3 7QG
2026-10-01 11:51:19 INFO LEAD new: [Permitted] Camden/2024/1852/P — 18A Frognal Gardens London Camden NW3 6XA
2026-10-01 11:51:19 INFO LEAD new: [Permitted] Camden/2024/1767/P — 18 Flat B Frognal Lane London NW3 7DT
2026-10-01 11:51:19 INFO LEAD new: [Permitted] Camden/2024/1404/P — 19 Hemstal Road London NW6 2AB
2026-10-01 11:51:19 INFO LEAD new: [Permitted] Camden/2024/1391/P — Rhyl Primary School 7-31 Rhyl Street London NW5 3HB
2026-10-01 11:51:19 INFO LEAD new: [Permitted] Camden/2024/1829/P — Great Hall and Library Complex Strong Rooms Lincoln's Inn Lo
2026-10-01 11:51:19 INFO LEAD new: [Permitted] Camden/2024/1686/L — Fitzjohns Primary School 86 A Fitzjohn's Avenue London Camde
2026-10-01 11:51:19 INFO LEAD new: [Permitted] Camden/2024/1149/P — Fitzjohns Primary School 86 A Fitzjohn's Avenue London Camde
2026-10-01 11:51:19 INFO LEAD new: [Permitted] Camden/2024/0790/P — 56 Shorts Gardens London WC2H 9AN
2026-10-01 11:51:19 INFO LEAD new: [Permitted] Camden/2024/1822/P — 101 Bayham Street London Camden NW1 0AG
2026-10-01 11:51:19 INFO LEAD new: [Permitted] Camden/2024/1818/PVL — Anthony Delicatessen 146 Regent's Park Road London NW1 8XN
2026-10-01 11:51:19 INFO LEAD new: [Permitted] Camden/2024/1816/L — 33 Ferncroft Avenue London NW3 7PG
2026-10-01 11:51:19 INFO LEAD new: [Permitted] Camden/2024/1815/PVL — The Four Lanterns 96 Cleveland Street London W1T 6NP
2026-10-01 11:51:19 INFO LEAD new: [Permitted] Camden/2024/0353/P — 10 Charlotte Street London Camden W1T 2LT
2026-10-01 11:51:19 INFO LEAD new: [Permitted] Camden/2024/1814/P — The Charlie Ratchford Centre Belmont Street London NW1 8HF
2026-10-01 11:51:19 INFO LEAD new: [Permitted] Camden/2024/1430/A — University Of London Union Building Malet Street London WC1E
2026-10-01 11:51:19 INFO LEAD new: [Permitted] Camden/2024/0725/P — Ground Floor Flat 12 Rochester Terrace London NW1 9JN
2026-10-01 11:51:19 INFO LEAD new: [Permitted] Camden/2024/1410/P — 141 West End Lane London NW6 2PH
2026-10-01 11:51:19 INFO LEAD new: [Permitted] Camden/2024/1409/P — 79 Gascony Avenue London NW6 4ND
2026-10-01 11:51:19 INFO LEAD new: [Permitted] Camden/2024/1824/P — Flats 8-9 1a St John's Wood Park London NW8 6QS
2026-10-01 11:51:19 INFO LEAD new: [Permitted] Camden/2024/2039/L — 28 Chalcot Square London NW1 8YA
2026-10-01 11:51:19 INFO LEAD new: [Permitted] Camden/2024/1407/P — 34 Gascony Avenue London NW6 4NA
2026-10-01 11:51:25 INFO [camden/Permitted] page at offset 8500: 100 records
2026-10-01 11:51:25 INFO LEAD new: [Permitted] Camden/2024/2067/L — Great Hall and Library Complex Strong Rooms Lincoln's Inn Lo
2026-10-01 11:51:25 INFO LEAD new: [Permitted] Camden/2024/1614/L — 69 Gower Street London WC1E 6HJ
2026-10-01 11:51:25 INFO LEAD new: [Permitted] Camden/2024/1811/P — Agar Grove Estate Wrotham Road London NW1 9SS
2026-10-01 11:51:25 INFO LEAD new: [Permitted] Camden/2024/0600/P — 22 Upper Woburn Place London WC1H 0HW
2026-10-01 11:51:25 INFO LEAD new: [Permitted] Camden/2024/1804/P — 7 Burghley Road London NW5 1UD
2026-10-01 11:51:25 INFO LEAD new: [Permitted] Camden/2024/1785/L — 4-6 Bedford Place London Camden WC1B 5JD
2026-10-01 11:51:25 INFO LEAD new: [Permitted] Camden/2024/1779/L — 1 Benham's Place London NW3 6QX
2026-10-01 11:51:25 INFO LEAD new: [Permitted] Camden/2024/1660/L — Flat 65, Gilbey House 38 Jamestown Road London NW1 7BY
2026-10-01 11:51:25 INFO LEAD new: [Permitted] Camden/2024/1781/P — Flat 65, Gilbey House 38 Jamestown Road London NW1 7BY
2026-10-01 11:51:25 INFO LEAD new: [Permitted] Camden/2024/1786/L — 4-6 Bedford Place London Camden WC1B 5JD
2026-10-01 11:51:25 INFO LEAD new: [Permitted] Camden/2024/0624/P — Flat 10 The Pryors East Heath Road London NW3 1BS
2026-10-01 11:51:25 INFO LEAD new: [Permitted] Camden/2024/1780/P — Maisonette 1st 2nd And 3rd Floor 83 Gloucester Avenue London
2026-10-01 11:51:25 INFO LEAD new: [Permitted] Camden/2024/0762/P — St Marys Church Abbey Road London NW6 4SR
2026-10-01 11:51:25 INFO LEAD new: [Permitted] Camden/2024/1899/L — 42 Seven Dials Warehouse, Offices And Premises At 4th - 5th 
2026-10-01 11:51:25 INFO LEAD new: [Permitted] Camden/2024/1765/P — Outside 120 Euston Road on Chalton Street London NW1 2AL
2026-10-01 11:51:25 INFO LEAD new: [Permitted] Camden/2024/1764/L — 14 Bedford Row, 12-13 and 14 Jockey's Fields Holborn London 
2026-10-01 11:51:25 INFO LEAD new: [Permitted] Camden/2024/1769/P — 14 Royal College Street London NW1 0TH
2026-10-01 11:51:25 INFO LEAD new: [Permitted] Camden/2024/0359/P — Flat 1 191 King's Cross Road London Camden WC1X 9DB
2026-10-01 11:51:25 INFO LEAD new: [Permitted] Camden/2024/1842/A — Outside 120 Euston Road on Chalton Street London NW1 2AL
2026-10-01 11:51:25 INFO LEAD new: [Permitted] Camden/2024/0957/P — Lower Ground Floor Flat 41 Brecknock Road London N7 0BT
2026-10-01 11:51:25 INFO LEAD new: [Permitted] Camden/2024/1033/P — 9 Wedderburn Road London NW3 5QS
2026-10-01 11:51:25 INFO LEAD new: [Permitted] Camden/2024/1751/P — 6 Glenhurst Avenue London NW5 1PS
2026-10-01 11:51:25 INFO LEAD new: [Permitted] Camden/2024/1762/P — BMA House 13 Tavistock Square London WC1H 9JP
2026-10-01 11:51:25 INFO LEAD new: [Permitted] Camden/2024/1798/L — BMA House 13 Tavistock Square London WC1H 9JP
2026-10-01 11:51:25 INFO LEAD new: [Permitted] Camden/2024/0032/P — Lower Ground Floor 1 Belsize Park London NW3 4ET
2026-10-01 11:51:25 INFO LEAD new: [Permitted] Camden/2024/1758/L — 87 Holmes Road London NW5 3AX
2026-10-01 11:51:25 INFO LEAD new: [Permitted] Camden/2024/1693/L — 9 Wedderburn Road London NW3 5QS
2026-10-01 11:51:25 INFO LEAD new: [Permitted] Camden/2024/0331/P — Flat C 41 Upper Park Road London NW3 2UL
2026-10-01 11:51:25 INFO LEAD new: [Permitted] Camden/2024/1750/P — Acrise Cottage 53 Christchurch Hill London NW3 1LG
2026-10-01 11:51:25 INFO LEAD new: [Permitted] Camden/2024/1754/P — 47 Elsworthy Road London Camden NW3 3BS
2026-10-01 11:51:25 INFO LEAD new: [Permitted] Camden/2024/1748/P — Flat 2 136 Fellows Road London NW3 3JH
2026-10-01 11:51:25 INFO LEAD new: [Permitted] Camden/2024/1746/A — 169 Haverstock Hill London Camden NW3 4QT
2026-10-01 11:51:25 INFO LEAD new: [Permitted] Camden/2024/1742/P — 248-250 Camden Road Hostel Camden Road London NW1 9HE
2026-10-01 11:51:25 INFO LEAD new: [Permitted] Camden/2024/1741/P — Unit 2 Sonny Heights West 1 Swain's Lane London N6 6AG
2026-10-01 11:51:25 INFO LEAD new: [Permitted] Camden/2024/1744/P — Flat 1 35 Broadhurst Gardens London Camden NW6 3QT
2026-10-01 11:51:25 INFO LEAD new: [Permitted] Camden/2024/1743/P — Flat 1 35 Broadhurst Gardens London NW6 3QT
2026-10-01 11:51:26 INFO LEAD new: [Permitted] Camden/2024/1264/P — 69 Gower Street London WC1E 6HJ
2026-10-01 11:51:26 INFO LEAD new: [Permitted] Camden/2024/1734/HS2 — Land to the North of Exmouth Arms, fronting Coburg Street 1 
2026-10-01 11:51:26 INFO LEAD new: [Permitted] Camden/2024/1720/P — 22 Flask Walk London NW3 1HE
2026-10-01 11:51:26 INFO LEAD new: [Permitted] Camden/2024/1711/P — Vacant site adjacent No1 Narcissus Road and to the rear of 1
2026-10-01 11:51:26 INFO LEAD new: [Permitted] Camden/2024/1721/P — 20 Well Road London NW3 1LH
2026-10-01 11:51:26 INFO LEAD new: [Permitted] Camden/2024/1710/P — 55-59 Gordon Square London WC1H 0NU
2026-10-01 11:51:26 INFO LEAD new: [Permitted] Camden/2024/1714/L — Falkland Place Playground r/o 11 - 23 Leverton Street Falkla
2026-10-01 11:51:26 INFO LEAD new: [Permitted] Camden/2024/1703/PVL — Bang Bang Vietnamese Canteen 53 Warren Street London W1T 5NL
2026-10-01 11:51:26 INFO LEAD new: [Permitted] Camden/2024/1707/P — 191 Basement Flat Brecknock Road London Camden N19 5AB
2026-10-01 11:51:26 INFO LEAD new: [Permitted] Camden/2024/1726/P — 76 Fitzjohn's Avenue London NW3 5LS
2026-10-01 11:51:26 INFO LEAD new: [Permitted] Camden/2024/1716/P — 248-250 Camden Road Hostel Camden Road London NW1 9HE
2026-10-01 11:51:26 INFO LEAD new: [Permitted] Camden/2024/1712/P — Falkland Place Playground r/o 11 - 23 Leverton Street Falkla
2026-10-01 11:51:26 INFO LEAD new: [Permitted] Camden/2024/1715/P — 117 Finchley Road London NW3 6HY
2026-10-01 11:51:26 INFO LEAD new: [Permitted] Camden/2024/1704/PVL — Da Cheffone Delicatessen 5 Heath Street London NW3 6TP
2026-10-01 11:51:26 INFO LEAD new: [Permitted] Camden/2024/1695/P — 113 Iverson Road London NW6 2RA
2026-10-01 11:51:26 INFO LEAD new: [Permitted] Camden/2024/1697/P — 29 Hemstal Road London NW6 2AB
2026-10-01 11:51:26 INFO LEAD new: [Permitted] Camden/2024/2214/L — Basement Flat 6 Handel Street London WC1N 1PB
2026-10-01 11:51:26 INFO LEAD new: [Permitted] Camden/2024/1688/P — 34 Queen's Grove London NW8 6HN
2026-10-01 11:51:26 INFO LEAD new: [Permitted] Camden/2024/1678/P — 33 Holborn London EC1N 2HT
2026-10-01 11:51:26 INFO LEAD new: [Permitted] Camden/2024/1689/P — 1-19 Torrington Place London WC1E 7HB
2026-10-01 11:51:26 INFO LEAD new: [Permitted] Camden/2024/1691/P — Basement Flat 6 Handel Street London WC1N 1PB
2026-10-01 11:51:26 INFO LEAD new: [Permitted] Camden/2024/1685/P — Maisonette Ground And 1st Floor Flat 9 Chalcot Gardens Londo
2026-10-01 11:51:26 INFO LEAD new: [Permitted] Camden/2024/1680/P — 106 Finchley Road London Camden NW3 5JN
2026-10-01 11:51:26 INFO LEAD new: [Permitted] Camden/2024/0261/P — 1 Benham's Place London NW3 6QX
2026-10-01 11:51:26 INFO LEAD new: [Permitted] Camden/2023/4734/P — Flat 20, Embassy House West End Lane London NW6 2NA
2026-10-01 11:51:26 INFO LEAD new: [Permitted] Camden/2024/1662/A — 45 Neal Street London WC2H 9QF
2026-10-01 11:51:26 INFO LEAD new: [Permitted] Camden/2024/1668/A — 81-87 Templar House High Holborn London WC1V 6NU
2026-10-01 11:51:26 INFO LEAD new: [Permitted] Camden/2024/1673/P — Offices At Level 2 22 Handyside Street London N1C 4DN
2026-10-01 11:51:26 INFO LEAD new: [Permitted] Camden/2024/1669/P — 237-247 Tottenham Court Road W1T 7HH; 3 Bayley Street WC1B 3
2026-10-01 11:51:26 INFO LEAD new: [Permitted] Camden/2024/0437/P — Flat 5, 28 King Henry's Road Camden NW3 3RP
2026-10-01 11:51:26 INFO LEAD new: [Permitted] Camden/2024/0447/P — 7A Langland Gardens London NW3 6QD
2026-10-01 11:51:26 INFO LEAD new: [Permitted] Camden/2024/1657/P — 156 West End Lane London NW6 1SD
2026-10-01 11:51:26 INFO LEAD new: [Permitted] Camden/2024/1645/P — 35 Gloucester Crescent London NW1 7DL
2026-10-01 11:51:26 INFO LEAD new: [Permitted] Camden/2024/1644/P — Acorn House 314-320 Gray's Inn Road London WC1X 8DP
2026-10-01 11:51:32 INFO [camden/Permitted] page at offset 8600: 100 records
2026-10-01 11:51:32 INFO LEAD new: [Permitted] Camden/2024/1651/P — 156 West End Lane London NW6 1SD
2026-10-01 11:51:32 INFO LEAD new: [Permitted] Camden/2024/1646/P — Halstow Queen's Crescent London NW5 4EH
2026-10-01 11:51:32 INFO LEAD new: [Permitted] Camden/2024/1655/P — Flat 1 83 South Hill Park London NW3 2SS
2026-10-01 11:51:32 INFO LEAD new: [Permitted] Camden/2024/1650/P — Eurowed House 20-24 Kirby Street London EC1N 8TS
2026-10-01 11:51:32 INFO LEAD new: [Permitted] Camden/2024/1648/L — 35 Gloucester Crescent London NW1 7DL
2026-10-01 11:51:32 INFO LEAD new: [Permitted] Camden/2024/1647/P — 42 Elsworthy Road London NW3 3DL
2026-10-01 11:51:32 INFO LEAD new: [Permitted] Camden/2024/1658/P — 26 Croftdown Road London NW5 1EN
2026-10-01 11:51:32 INFO LEAD new: [Permitted] Camden/2024/1640/P — Eastman Dental Hospital 256 Gray's In Road London WC1X 8LD
2026-10-01 11:51:32 INFO LEAD new: [Permitted] Camden/2024/1654/P — 27 Maresfield Gardens London NW3 5SD
2026-10-01 11:51:32 INFO LEAD new: [Permitted] Camden/2024/1656/A — 10 Jamestown Road London Camden NW1 7BY
2026-10-01 11:51:32 INFO LEAD new: [Permitted] Camden/2024/1638/P — 5 Oak Hill Park Mews London NW3 7LH
2026-10-01 11:51:32 INFO LEAD new: [Permitted] Camden/2024/1636/PVL — Leon 77 Kingsway London WC2B 6SR
2026-10-01 11:51:32 INFO LEAD new: [Permitted] Camden/2024/1634/P — 93 Flat 1 West End Lane London Camden NW6 4SY
2026-10-01 11:51:32 INFO LEAD new: [Permitted] Camden/2024/1627/P — 156 West End Lane London NW6 1SD
2026-10-01 11:51:32 INFO LEAD new: [Permitted] Camden/2024/0931/L — Swiss Cottage Library 88 Avenue Road London Camden NW3 3HA
2026-10-01 11:51:32 INFO LEAD new: [Permitted] Camden/2024/1626/P — 4 Mulberry Close London NW3 5UP
2026-10-01 11:51:32 INFO LEAD new: [Permitted] Camden/2024/0878/P — Flat 4 269 Goldhurst Terrace London NW6 3EP
2026-10-01 11:51:32 INFO LEAD new: [Permitted] Camden/2024/1637/P — Flat 2nd And 3rd Floor 27 Gascony Avenue London Camden NW6 4
2026-10-01 11:51:32 INFO LEAD new: [Permitted] Camden/2024/1618/TC — Sir Christopher Hatton 4 Leather Lane London EC1N 7RA
2026-10-01 11:51:32 INFO LEAD new: [Permitted] Camden/2024/1608/P — Flat 4-5 4 Camden Square London NW1 9UY
2026-10-01 11:51:32 INFO LEAD new: [Permitted] Camden/2024/1616/P — 11-12 Ingestre Road London NW5 1UX
2026-10-01 11:51:32 INFO LEAD new: [Permitted] Camden/2024/1619/P — 8 Gascony Avenue London NW6 4NA
2026-10-01 11:51:32 INFO LEAD new: [Permitted] Camden/2024/1620/P — 1 Gascony Avenue London NW6 4NB
2026-10-01 11:51:32 INFO LEAD new: [Permitted] Camden/2024/0397/P — Ellerton 30 Mill Lane London NW6 1LX
2026-10-01 11:51:32 INFO LEAD new: [Permitted] Camden/2024/1613/P — 4 Oak Hill Park London NW3 7LG
2026-10-01 11:51:32 INFO LEAD new: [Permitted] Camden/2024/1607/P — 156 West End Lane London NW6 1SD
2026-10-01 11:51:32 INFO LEAD new: [Permitted] Camden/2024/1624/A — 82 New Oxford Street London WC1A 1HB
2026-10-01 11:51:32 INFO LEAD new: [Permitted] Camden/2024/1621/P — 7 Back Hill London EC1R 5EN
2026-10-01 11:51:32 INFO LEAD new: [Permitted] Camden/2024/1623/P — Lower Ground Rear 119 Canfield Gardens London NW6 3DY
2026-10-01 11:51:32 INFO LEAD new: [Permitted] Camden/2024/1610/P — 3 - 5 Bedford Row London WC1R 4BU
2026-10-01 11:51:32 INFO LEAD new: [Permitted] Camden/2024/2382/L — 2 Villas On The Heath Vale Of Health London NW3 1BA
2026-10-01 11:51:32 INFO LEAD new: [Permitted] Camden/2024/2402/L — 2 Villas On The Heath Vale Of Health London NW3 1BA
2026-10-01 11:51:32 INFO LEAD new: [Permitted] Camden/2024/0821/L — 39 Monmouth Street London WC2H 9DD
2026-10-01 11:51:32 INFO LEAD new: [Permitted] Camden/2024/0609/P — 38 Woodsome Road London NW5 1RZ
2026-10-01 11:51:32 INFO LEAD new: [Permitted] Camden/2024/1594/PVL — Duke of St Albans 15 Highgate Road London NW5 1QX
2026-10-01 11:51:32 INFO LEAD new: [Permitted] Camden/2024/1601/P — Flat 4, 9 Cambridge Gate and Flat 5, 7 Cambridge Gate London
2026-10-01 11:51:32 INFO LEAD new: [Permitted] Camden/2024/1598/A — President Hotel 56-60 Guilford Street London WC1B 4HP
2026-10-01 11:51:33 INFO LEAD new: [Permitted] Camden/2024/1591/P — 2 Villas On The Heath Vale Of Health London NW3 1BA
2026-10-01 11:51:33 INFO LEAD new: [Permitted] Camden/2024/1606/P — 21 Bloomsbury Street London WC1B 3HF
2026-10-01 11:51:33 INFO LEAD new: [Permitted] Camden/2024/1590/P — 2 Villas On The Heath Vale Of Health London NW3 1BA
2026-10-01 11:51:33 INFO LEAD new: [Permitted] Camden/2024/0550/P — Flat 4 16 Lyndhurst Gardens London NW3 5NR
2026-10-01 11:51:33 INFO LEAD new: [Permitted] Camden/2024/1576/P — Flat 2nd Floor 46 York Rise London NW5 1SB
2026-10-01 11:51:33 INFO LEAD new: [Permitted] Camden/2024/1586/A — 229 Camden High Street London NW1 7BU
2026-10-01 11:51:33 INFO LEAD new: [Permitted] Camden/2024/1570/P — 60-70 Shorts Garden and 14-16 Betterton Street Holborn Londo
2026-10-01 11:51:33 INFO LEAD new: [Permitted] Camden/2024/1584/P — 10 Charlotte Street London W1T 2LT
2026-10-01 11:51:33 INFO LEAD new: [Permitted] Camden/2024/1589/P — 49 Belsize Lane London NW3 5AU
2026-10-01 11:51:33 INFO LEAD new: [Permitted] Camden/2024/1565/P — Ames House 26 Netherhall Gardens London NW3 5TL
2026-10-01 11:51:33 INFO LEAD new: [Permitted] Camden/2024/1563/PVL — Planet Organic 6 Hampstead High Street London NW3 1PR
2026-10-01 11:51:33 INFO LEAD new: [Permitted] Camden/2024/1561/P — Flat D 25 Lawford Road London NW5 2LH
2026-10-01 11:51:33 INFO LEAD new: [Permitted] Camden/2023/5115/L — 34 Chester Terrace London Camden NW1 4ND
2026-10-01 11:51:33 INFO LEAD new: [Permitted] Camden/2024/1539/P — 20 Frognal Gardens London NW3 6XA
2026-10-01 11:51:33 INFO LEAD new: [Permitted] Camden/2024/2167/L — 30 Great James Street London Camden WC1N 3EY
2026-10-01 11:51:33 INFO LEAD new: [Permitted] Camden/2024/1538/P — 63 Compayne Gardens London NW6 3DB
2026-10-01 11:51:33 INFO LEAD new: [Permitted] Camden/2024/1540/P — Brookfield Primary School Chester Road London N19 5DH
2026-10-01 11:51:33 INFO LEAD new: [Permitted] Camden/2024/0946/P — Flat 2nd Floor 44 Belsize Park Gardens London NW3 4LY
2026-10-01 11:51:33 INFO LEAD new: [Permitted] Camden/2024/1547/P — 7 Village Close Belsize Lane London NW3 5AH
2026-10-01 11:51:33 INFO LEAD new: [Permitted] Camden/2024/1532/PVL — Blue Garden 74 Chancery Lane London WC2A 1AA
2026-10-01 11:51:33 INFO LEAD new: [Permitted] Camden/2024/1545/P — Variety Club Building Great Ormond Street Childrens Hospital
2026-10-01 11:51:33 INFO LEAD new: [Permitted] Camden/2024/1529/P — 80 Fortune Green Road and 16 Rose Joan Mews, London, NW6 1DQ
2026-10-01 11:51:33 INFO LEAD new: [Permitted] Camden/2024/1537/P — 2 Kemplay Road London NW3 1SY
2026-10-01 11:51:33 INFO LEAD new: [Permitted] Camden/2024/1542/P — 11 - 12 Ingestre Road London NW5 1UX
2026-10-01 11:51:33 INFO LEAD new: [Permitted] Camden/2024/1543/P — 11 - 12 Ingestre Road London NW5 1UX
2026-10-01 11:51:33 INFO LEAD new: [Permitted] Camden/2024/1511/P — Flat 1st Floor 54 Belsize Park London NW3 4EE
2026-10-01 11:51:33 INFO LEAD new: [Permitted] Camden/2024/1517/P — Flat A 129 Leighton Road London NW5 2RB
2026-10-01 11:51:33 INFO LEAD new: [Permitted] Camden/2024/1518/P — Garden Cottage 2 Netherhall Gardens London NW3 5RR
2026-10-01 11:51:33 INFO LEAD new: [Permitted] Camden/2023/2401/P — 9 Flat 1 Belsize Square London Camden NW3 4HT
2026-10-01 11:51:33 INFO LEAD new: [Permitted] Camden/2024/1524/L — Flat 1 39 Eton Avenue London NW3 3EP
2026-10-01 11:51:33 INFO LEAD new: [Permitted] Camden/2024/1150/P — Primrose Hill Primary School 36-40 Princess Road London NW1 
2026-10-01 11:51:39 INFO [camden/Permitted] page at offset 8700: 100 records
2026-10-01 11:51:39 INFO LEAD new: [Permitted] Camden/2023/1507/P — 7 Back Hill London EC1R 5EN
2026-10-01 11:51:39 INFO LEAD new: [Permitted] Camden/2024/1502/P — 30 Glenilla Road London NW3 4AN
2026-10-01 11:51:39 INFO LEAD new: [Permitted] Camden/2024/0364/P — Flat Basement And Ground Floor 63 Albert Street London Camde
2026-10-01 11:51:39 INFO LEAD new: [Permitted] Camden/2024/1487/P — 603 Finchley Road London NW3 7BS
2026-10-01 11:51:39 INFO LEAD new: [Permitted] Camden/2024/1506/L — St Pancras International Station, Unit 2 Pancras Road London
2026-10-01 11:51:39 INFO LEAD new: [Permitted] Camden/2024/1496/P — 130 Charing Cross Road London WC2H 0LA
2026-10-01 11:51:39 INFO LEAD new: [Permitted] Camden/2024/0578/P — 5 Ulysses Road London NW6 1ED
2026-10-01 11:51:39 INFO LEAD new: [Permitted] Camden/2024/1501/A — The Dominion Theatre 268-269 Tottenham Court Road London W1T
2026-10-01 11:51:39 INFO LEAD new: [Permitted] Camden/2024/1499/P — 7 Aberdare Gardens London NW6 3AJ
2026-10-01 11:51:39 INFO LEAD new: [Permitted] Camden/2024/1485/P — 603 Finchley Road London Camden NW3 7BS
2026-10-01 11:51:39 INFO LEAD new: [Permitted] Camden/2024/1492/P — Belgrove House Belgrove Street London WC1H 8AA
2026-10-01 11:51:39 INFO LEAD new: [Permitted] Camden/2024/1495/P — The Coach House 98 A Priory Road London NW6 3NT
2026-10-01 11:51:39 INFO LEAD new: [Permitted] Camden/2024/1486/P — Land Adjacent To 12 Barrington Court London NW5 4AT
2026-10-01 11:51:39 INFO LEAD new: [Permitted] Camden/2024/1460/P — Chester Road Hostel 2 Chester Road London N19 5BP
2026-10-01 11:51:39 INFO LEAD new: [Permitted] Camden/2024/1456/P — Garages 1 - 16 Canfield Place London NW6 3BT
2026-10-01 11:51:39 INFO LEAD new: [Permitted] Camden/2024/1459/P — 2 Meadowbank London Camden NW3 3AY
2026-10-01 11:51:39 INFO LEAD new: [Permitted] Camden/2024/1484/L — Apartment 3-08 St Pancras Chambers Euston Road London Camden
2026-10-01 11:51:39 INFO LEAD new: [Permitted] Camden/2024/0280/P — 127-128 High Holborn London Camden WC1V 6PQ
2026-10-01 11:51:39 INFO LEAD new: [Permitted] Camden/2024/1482/L — 1-11 Stone Buildings Lincoln's Inn London WC2A 3NN
2026-10-01 11:51:39 INFO LEAD new: [Permitted] Camden/2024/1335/L — 127-128 High Holborn London Camden WC1V 6PQ
2026-10-01 11:51:39 INFO LEAD new: [Permitted] Camden/2024/1473/P — 16 Eldon Grove London NW3 5PT
2026-10-01 11:51:39 INFO LEAD new: [Permitted] Camden/2024/1445/L — Palmers Lodge 40 College Crescent London Camden NW3 5LB
2026-10-01 11:51:39 INFO LEAD new: [Permitted] Camden/2024/1444/P — 125 Shaftesbury Avenue London WC2H 8AD
2026-10-01 11:51:39 INFO LEAD new: [Permitted] Camden/2024/0509/P — 1 Stephen Street London W1T 1AL
2026-10-01 11:51:39 INFO LEAD new: [Permitted] Camden/2024/1448/P — 87 Leather Lane London EC1N 7TS
2026-10-01 11:51:39 INFO LEAD new: [Permitted] Camden/2024/1436/P — 14 Templewood Avenue London NW3 7XA
2026-10-01 11:51:39 INFO LEAD new: [Permitted] Camden/2024/1452/P — 248-250 Camden Road Hostel Camden Road London NW1 9HE
2026-10-01 11:51:39 INFO LEAD new: [Permitted] Camden/2024/1435/L — The Dominion Theatre 268-269 Tottenham Court Road London W1T
2026-10-01 11:51:39 INFO LEAD new: [Permitted] Camden/2024/1425/A — 114-118 Southampton Row London WC1B 5AA
2026-10-01 11:51:39 INFO LEAD new: [Permitted] Camden/2024/1428/P — 20 Ariel Road London NW6 2DY
2026-10-01 11:51:39 INFO LEAD new: [Permitted] Camden/2024/1433/P — 30 Great James Street London Camden WC1N 3EY
2026-10-01 11:51:39 INFO LEAD new: [Permitted] Camden/2024/1432/P — 41 Rosslyn Hill London NW3 5UJ
2026-10-01 11:51:39 INFO LEAD new: [Permitted] Camden/2024/1429/P — University Of London Union Building Malet Street London Camd
2026-10-01 11:51:39 INFO LEAD new: [Permitted] Camden/2024/1434/P — 17 Dartmouth Park Avenue London Camden NW5 1JL
2026-10-01 11:51:39 INFO LEAD new: [Permitted] Camden/2024/1420/P — Atelier House 64 Pratt Street London NW1 0DL
2026-10-01 11:51:39 INFO LEAD new: [Permitted] Camden/2024/1413/P — Ames House 26 Netherhall Gardens London NW3 5TL
2026-10-01 11:51:39 INFO LEAD new: [Permitted] Camden/2023/5315/P — Flat 4 8 South Hill Park Gardens London NW3 2TG
2026-10-01 11:51:39 INFO LEAD new: [Permitted] Camden/2024/1394/P — 31 Elsworthy Road London NW3 3BT
2026-10-01 11:51:39 INFO LEAD new: [Permitted] Camden/2024/1397/P — Adjacent to 34 Adeline Place WC1B 3AH
2026-10-01 11:51:39 INFO LEAD new: [Permitted] Camden/2024/1412/P — 64 Sarre Road London Camden NW2 3SL
2026-10-01 11:51:40 INFO LEAD new: [Permitted] Camden/2024/0904/P — 1 Woburn Place London WC1H 0LQ
2026-10-01 11:51:40 INFO LEAD new: [Permitted] Camden/2024/1826/L — Rhyl Primary School 7-31 Rhyl Street London NW5 3HB
2026-10-01 11:51:40 INFO LEAD new: [Permitted] Camden/2024/1438/P — Juniper Crescent London NW1
2026-10-01 11:51:40 INFO LEAD new: [Permitted] Camden/2024/1054/P — 1a St Martins House Polygon Road London NW1 1QB
2026-10-01 11:51:40 INFO LEAD new: [Permitted] Camden/2024/1386/P — 84 Loveridge Road London NW6 2DT
2026-10-01 11:51:40 INFO LEAD new: [Permitted] Camden/2024/1388/L — 1 Rothwell Street London NW1 8YH
2026-10-01 11:51:40 INFO LEAD new: [Permitted] Camden/2024/1385/L — 37-63 Victoria House Southampton Row London Camden WC1B 4DA
2026-10-01 11:51:40 INFO LEAD new: [Permitted] Camden/2024/1377/P — 11 Alvanley Gardens London NW6 1JD
2026-10-01 11:51:40 INFO LEAD new: [Permitted] Camden/2024/1382/P — 13 Chalcot Gardens London Camden NW3 4YB
2026-10-01 11:51:40 INFO LEAD new: [Permitted] Camden/2024/1387/P — Flat 36 302 & 401 Tottenham Street London Camden W1T 4DB
2026-10-01 11:51:40 INFO LEAD new: [Permitted] Camden/2024/0352/P — 244 Camden High Street London NW1 8QS
2026-10-01 11:51:40 INFO LEAD new: [Permitted] Camden/2024/0784/P — 114-118 Southampton Row London WC1B 5AA
2026-10-01 11:51:40 INFO LEAD new: [Permitted] Camden/2024/1360/A — 2 Jamestown Road London Camden NW1 7BY
2026-10-01 11:51:40 INFO LEAD new: [Permitted] Camden/2024/1508/TC — Hache Burgers 24 Inverness Street London NW1 7HJ
2026-10-01 11:51:40 INFO LEAD new: [Permitted] Camden/2024/1461/P — Storeyard, Inner Circle Regents Park CITY OF WESTMINSTER Lon
2026-10-01 11:51:40 INFO LEAD new: [Permitted] Camden/2024/1367/P — Light Industrial Estate Redevelopment Site Liddell Road Lond
2026-10-01 11:51:40 INFO LEAD new: [Permitted] Camden/2024/1372/P — Units 2 and 3 10 and 12 Mount Pleasant London WC1X 0BU
2026-10-01 11:51:40 INFO LEAD new: [Permitted] Camden/2024/1363/P — 41 Savernake Road London NW3 2JU
2026-10-01 11:51:40 INFO LEAD new: [Permitted] Camden/2024/1369/P — 94 Albert Street London Camden NW1 7NE
2026-10-01 11:51:40 INFO LEAD new: [Permitted] Camden/2024/1504/L — 94 Albert Street London Camden NW1 7NE
2026-10-01 11:51:40 INFO LEAD new: [Permitted] Camden/2024/0109/A — 65 Kingsway London WC2B 6TD
2026-10-01 11:51:40 INFO LEAD new: [Permitted] Camden/2024/1025/L — 77 South End Road London Camden NW3 2RJ
2026-10-01 11:51:40 INFO LEAD new: [Permitted] Camden/2024/1356/P — 11 - 12 Ingestre Road London NW5 1UX
2026-10-01 11:51:40 INFO LEAD new: [Permitted] Camden/2024/1371/P — 31 Elsworthy Road London NW3 3BT
2026-10-01 11:51:40 INFO LEAD new: [Permitted] Camden/2024/1353/P — 11 Montpelier Grove London NW5 2XD
2026-10-01 11:51:40 INFO LEAD new: [Permitted] Camden/2024/0739/A — 13 Goodge Street London W1T 2PG
2026-10-01 11:51:40 INFO LEAD new: [Permitted] Camden/2024/0827/P — 9A Rosslyn Hill London NW3 5UL
2026-10-01 11:51:40 INFO LEAD new: [Permitted] Camden/2024/1365/A — UCL Student Centre 27-28 Gordon Street London WC1H 0AW
2026-10-01 11:51:40 INFO LEAD new: [Permitted] Camden/2024/1366/A — UCL Engineering Front Building Torrington Place London WC1E 
2026-10-01 11:51:40 INFO LEAD new: [Permitted] Camden/2024/0582/P — 11 Denning Road London NW3 1ST
2026-10-01 11:51:46 INFO [camden/Permitted] page at offset 8800: 100 records
2026-10-01 11:51:46 INFO LEAD new: [Permitted] Camden/2024/1339/P — 52 Avenue Road London NW8 6HS
2026-10-01 11:51:46 INFO LEAD new: [Permitted] Camden/2024/0202/P — Laurier Court Laurier Road London NW5 1SE
2026-10-01 11:51:46 INFO LEAD new: [Permitted] Camden/2024/1340/A — 24 Endell Street London WC2H 9HQ
2026-10-01 11:51:46 INFO LEAD new: [Permitted] Camden/2024/1346/P — 37 Dartmouth Park Hill London NW5 1HU
2026-10-01 11:51:46 INFO LEAD new: [Permitted] Camden/2024/1835/L — 32 Bedford Row London WC1R 4HE
2026-10-01 11:51:46 INFO LEAD new: [Permitted] Camden/2024/1323/P — Flat 45 Equiano Court Baldwin's Gardens London EC1N 7AE
2026-10-01 11:51:46 INFO LEAD new: [Permitted] Camden/2024/1182/L — Fraser Regnart Court Southampton Road London Camden NW5 4HU
2026-10-01 11:51:46 INFO LEAD new: [Permitted] Camden/2024/1334/P — The Phoenix Artist Club Limited Basement 104-110 Charing Cro
2026-10-01 11:51:46 INFO LEAD new: [Permitted] Camden/2024/1333/P — 11-12 Ingestre Road London NW5 1UX
2026-10-01 11:51:46 INFO LEAD new: [Permitted] Camden/2024/1338/P — Car Park Rear Of Jack Straw's Castle Heath Brow London NW3 7
2026-10-01 11:51:46 INFO LEAD new: [Permitted] Camden/2024/1327/PVL — July 10 Charlotte Street London W1T 2LT
2026-10-01 11:51:46 INFO LEAD new: [Permitted] Camden/2024/1295/L — 48 Flat 2 Huntley Street London Camden WC1E 6DD
2026-10-01 11:51:46 INFO LEAD new: [Permitted] Camden/2024/1336/P — Basement Flat 45 Nassington Road London NW3 2TY
2026-10-01 11:51:46 INFO LEAD new: [Permitted] Camden/2024/1321/P — 10B Wavel Mews London NW6 3AB
2026-10-01 11:51:46 INFO LEAD new: [Permitted] Camden/2024/0511/P — Queen's Crescent Community Centre 45 Ashdown Crescent London
2026-10-01 11:51:46 INFO LEAD new: [Permitted] Camden/2024/1315/P — 115 - 121 Finchley Road London NW3 6HY
2026-10-01 11:51:46 INFO LEAD new: [Permitted] Camden/2024/1319/L — 3 - 5 Bedford Row London WC1R 4BU
2026-10-01 11:51:46 INFO LEAD new: [Permitted] Camden/2024/0497/P — Flat A 70 Parliament Hill London NW3 2TJ
2026-10-01 11:51:46 INFO LEAD new: [Permitted] Camden/2024/1305/P — Maria Fidelis Catholic School Fcj 1-39 Drummond Crescent Lon
2026-10-01 11:51:46 INFO LEAD new: [Permitted] Camden/2024/1317/P — 36-38 Hatton Garden London EC1N 8EB
2026-10-01 11:51:46 INFO LEAD new: [Permitted] Camden/2024/1312/P — 40 Bramshill Gardens London Camden NW5 1JH
2026-10-01 11:51:46 INFO LEAD new: [Permitted] Camden/2024/1307/L — 36 Park Village East London NW1 7PZ
2026-10-01 11:51:46 INFO LEAD new: [Permitted] Camden/2024/1306/P — 155 Tottenham Court Road London Camden W1T 7NQ
2026-10-01 11:51:46 INFO LEAD new: [Permitted] Camden/2024/1313/L — 3 Gainsborough Gardens London Camden NW3 1BJ
2026-10-01 11:51:46 INFO LEAD new: [Permitted] Camden/2024/1293/A — 227 High Holborn London WC1V 7DZ
2026-10-01 11:51:46 INFO LEAD new: [Permitted] Camden/2024/1515/L — 36-38 Gordon Square London WC1H 0PD
2026-10-01 11:51:46 INFO LEAD new: [Permitted] Camden/2024/1300/P — 36-38 Gordon Square London WC1H 0PD
2026-10-01 11:51:46 INFO LEAD new: [Permitted] Camden/2024/1288/P — 50-52 Monmouth Street London WC2H 9EP
2026-10-01 11:51:46 INFO LEAD new: [Permitted] Camden/2023/3438/P — 47 Eton Avenue London Camden NW3 3EP
2026-10-01 11:51:46 INFO LEAD new: [Permitted] Camden/2024/1276/P — Royal Free Hospital Pond Street London NW3 2QG
2026-10-01 11:51:46 INFO LEAD new: [Permitted] Camden/2023/5484/P — Basement Flat 24 Kemplay Road London Camden NW3 1SY
2026-10-01 11:51:46 INFO LEAD new: [Permitted] Camden/2024/1279/P — Flat 2nd And 3rd Floor 97 Regent's Park Road London NW1 8UR
2026-10-01 11:51:46 INFO LEAD new: [Permitted] Camden/2024/1298/PVL — Arcade Food Theatre 97-99 New Oxford Street London WC1A 1DB
2026-10-01 11:51:46 INFO LEAD new: [Permitted] Camden/2024/1271/P — 12 West End Lane London NW6 4NX
2026-10-01 11:51:46 INFO LEAD new: [Permitted] Camden/2024/2098/L — Leigh House (Lower Ground Floor Flat) 73 South End Road Lond
2026-10-01 11:51:46 INFO LEAD new: [Permitted] Camden/2024/1274/P — Leigh House (Lower Ground Floor Flat) 73 South End Road Lond
2026-10-01 11:51:46 INFO LEAD new: [Permitted] Camden/2024/1253/L — Unison Centre 130 Euston Road London Camden NW1 2AY
2026-10-01 11:51:46 INFO LEAD new: [Permitted] Camden/2024/1260/P — Flat D 5 Belsize Crescent London NW3 5QY
2026-10-01 11:51:46 INFO LEAD new: [Permitted] Camden/2024/1244/P — 16 Quadrant Grove London NW5 4JN
2026-10-01 11:51:46 INFO LEAD new: [Permitted] Camden/2024/1258/L — Dickinson House 46 Highgate West Hill London Camden N6 6DB
2026-10-01 11:51:46 INFO LEAD new: [Permitted] Camden/2024/1259/P — 1 Rothwell Street London Camden NW1 8YH
2026-10-01 11:51:46 INFO LEAD new: [Permitted] Camden/2024/1240/P — 21 Belsize Park London NW3 4DU
2026-10-01 11:51:46 INFO LEAD new: [Permitted] Camden/2024/0909/P — 26 Elliott Square London NW3 3SU
2026-10-01 11:51:46 INFO LEAD new: [Permitted] Camden/2024/1147/P — Rhyl Primary School 7-31 Rhyl Street London NW5 3HB
2026-10-01 11:51:46 INFO LEAD new: [Permitted] Camden/2024/1226/A — 5-7 Frognal Quality Hotel Hampstead London NW3 6AL
2026-10-01 11:51:47 INFO LEAD new: [Permitted] Camden/2024/1223/A — 42 Kingsway London WC2B 6EY
2026-10-01 11:51:47 INFO LEAD new: [Permitted] Camden/2024/1231/P — 49 Fortess Road London NW5 1AD
2026-10-01 11:51:47 INFO LEAD new: [Permitted] Camden/2024/1230/L — 45 Grafton Way London W1T 5DQ
2026-10-01 11:51:47 INFO LEAD new: [Permitted] Camden/2024/1759/L — 34 Belsize Lane London NW3 5AE
2026-10-01 11:51:47 INFO LEAD new: [Permitted] Camden/2024/1219/P — 34 Belsize Lane London NW3 5AE
2026-10-01 11:51:47 INFO LEAD new: [Permitted] Camden/2024/1237/P — Maida Vale Telephone Exchange 138 Maida Vale London W9 1QD
2026-10-01 11:51:47 INFO LEAD new: [Permitted] Camden/2024/1228/P — 24 Hilltop Road London Camden NW6 2PY
2026-10-01 11:51:47 INFO LEAD new: [Permitted] Camden/2024/1227/P — 72 Leather Lane London EC1N 7TR
2026-10-01 11:51:47 INFO LEAD new: [Permitted] Camden/2024/1225/A — 45 Grafton Way London W1T 5DQ
2026-10-01 11:51:47 INFO LEAD new: [Permitted] Camden/2024/1239/P — 56 Neal Street London WC2H 9PA
2026-10-01 11:51:47 INFO LEAD new: [Permitted] Camden/2024/1527/A — 56 Neal Street London Camden WC2H 9PA
2026-10-01 11:51:47 INFO LEAD new: [Permitted] Camden/2024/1212/L — 50A Earlham Street London WC2H 9LA
2026-10-01 11:51:47 INFO LEAD new: [Permitted] Camden/2024/1210/P — 344-354 Gray's Inn Road London WC1X 8BP
2026-10-01 11:51:47 INFO LEAD new: [Permitted] Camden/2024/1199/P — Flat B 59 Oseney Crescent London NW5 2BE
2026-10-01 11:51:47 INFO LEAD new: [Permitted] Camden/2024/0953/P — 4B Hampstead Hill Gardens London NW3 2PL
2026-10-01 11:51:47 INFO LEAD new: [Permitted] Camden/2024/1204/P — 62 Falkland Road London NW5 2XA
2026-10-01 11:51:47 INFO LEAD new: [Permitted] Camden/2024/1215/P — 30 Elsworthy Road London NW3 3DL
2026-10-01 11:51:47 INFO LEAD new: [Permitted] Camden/2024/1202/L — 42 Kingsway London WC2B 6EY
2026-10-01 11:51:47 INFO LEAD new: [Permitted] Camden/2024/1217/P — Flat 1 99 Priory Road London NW6 3NL
2026-10-01 11:51:47 INFO LEAD new: [Permitted] Camden/2024/1201/P — Flat A 7 Belsize Park Gardens London NW3 4LB
2026-10-01 11:51:47 INFO LEAD new: [Permitted] Camden/2024/0828/A — 199 Finchley Road London Camden NW3 6NN
2026-10-01 11:51:47 INFO LEAD new: [Permitted] Camden/2024/1190/PVL — Arcade Food Theatre 103-105 New Oxford Street London WC1A 1A
2026-10-01 11:51:47 INFO LEAD new: [Permitted] Camden/2024/2087/L — 4-11 New Square Lincoln's Inn Fields London Camden WC2A
2026-10-01 11:51:47 INFO LEAD new: [Permitted] Camden/2024/1185/P — 4-11 New Square Lincoln's Inn Fields London Camden WC2A 3TL
2026-10-01 11:51:53 INFO [camden/Permitted] page at offset 8900: 100 records
2026-10-01 11:51:53 INFO LEAD new: [Permitted] Camden/2024/0736/A — Ucl Eastman Dental Hospital And Institute 256 Gray's Inn Roa
2026-10-01 11:51:53 INFO LEAD new: [Permitted] Camden/2024/1196/P — Flat C 14 Carlingford Road London NW3 1RX
2026-10-01 11:51:53 INFO LEAD new: [Permitted] Camden/2024/1174/P — Flat 2 80 Greencroft Gardens London NW6 3JQ
2026-10-01 11:51:53 INFO LEAD new: [Permitted] Camden/2024/1604/L — 12 Ferncroft Avenue London NW3 7PH
2026-10-01 11:51:53 INFO LEAD new: [Permitted] Camden/2024/0098/A — 2 Quex Road London NW6 4PH
2026-10-01 11:51:53 INFO LEAD new: [Permitted] Camden/2024/1030/L — 8 Stone Buildings London Camden WC2A 3TA
2026-10-01 11:51:53 INFO LEAD new: [Permitted] Camden/2024/1187/P — Central St Giles Piazza St Giles High Street London WC2H 8AG
2026-10-01 11:51:53 INFO LEAD new: [Permitted] Camden/2024/1188/A — Central St Giles Piazza St Giles High Street London WC2H 8AG
2026-10-01 11:51:53 INFO LEAD new: [Permitted] Camden/2024/1180/P — 12 Ferncroft Avenue London NW3 7PH
2026-10-01 11:51:53 INFO LEAD new: [Permitted] Camden/2024/1181/A — Shop And Premises At Ground Floor 234 Shaftesbury Avenue Lon
2026-10-01 11:51:53 INFO LEAD new: [Permitted] Camden/2024/1176/P — Flat 2 Chesterfield House 1B King Henry's Road London NW3 3Q
2026-10-01 11:51:53 INFO LEAD new: [Permitted] Camden/2024/1191/P — 114 King Henry's Road London NW3 3SN
2026-10-01 11:51:53 INFO LEAD new: [Permitted] Camden/2024/1165/P — 31 South Hill Park London NW3 2ST
2026-10-01 11:51:53 INFO LEAD new: [Permitted] Camden/2024/1155/P — 8 Holford Road London NW3 1AD
2026-10-01 11:51:53 INFO LEAD new: [Permitted] Camden/2024/1171/P — 27 Marsden Street London Camden NW5 3HE
2026-10-01 11:51:53 INFO LEAD new: [Permitted] Camden/2024/1159/L — Highgate Library 59 Chester Road London Camden N19 5DH
2026-10-01 11:51:53 INFO LEAD new: [Permitted] Camden/2024/1173/P — 69 Charlotte Street London W1T 1RS
2026-10-01 11:51:53 INFO LEAD new: [Permitted] Camden/2024/1042/P — 29A Frognal London NW3 6AR
2026-10-01 11:51:53 INFO LEAD new: [Permitted] Camden/2024/1653/L — Rhyl Primary School 7-31 Rhyl Street London NW5 3HB
2026-10-01 11:51:53 INFO LEAD new: [Permitted] Camden/2024/1151/L — Shop And Premises At Ground Floor 234 Shaftesbury Avenue Lon
2026-10-01 11:51:53 INFO LEAD new: [Permitted] Camden/2024/1528/L — Primrose Hill Primary School 36-40 Princess Road London NW1 
2026-10-01 11:51:53 INFO LEAD new: [Permitted] Camden/2024/1157/P — Belgrove House Belgrove Street London WC1H 8AA
2026-10-01 11:51:53 INFO LEAD new: [Permitted] Camden/2024/1900/L — New End Primary School Streatley Place London Camden NW3 1HU
2026-10-01 11:51:53 INFO LEAD new: [Permitted] Camden/2024/1170/P — Flat 1 4 Sherriff Road London NW6 2AP
2026-10-01 11:51:53 INFO LEAD new: [Permitted] Camden/2024/1161/P — 385-387 Euston Road London NW1 3AU
2026-10-01 11:51:53 INFO LEAD new: [Permitted] Camden/2024/1168/P — Basement and Ground Floor 25-26 Hampstead High Street London
2026-10-01 11:51:53 INFO LEAD new: [Permitted] Camden/2024/1162/P — Acorn House 314-320 Gray's Inn Road London WC1X 8DP
2026-10-01 11:51:53 INFO LEAD new: [Permitted] Camden/2024/1275/L — 31 South Hill Park London NW3 2ST
2026-10-01 11:51:53 INFO LEAD new: [Permitted] Camden/2024/0219/P — Flat 1 164 Regent's Park Road London Camden NW1 8XN
2026-10-01 11:51:53 INFO LEAD new: [Permitted] Camden/2024/1138/P — 237-247 Tottenham Court Road W1T 7HH; 3 Bayley Street WC1B 3
2026-10-01 11:51:53 INFO LEAD new: [Permitted] Camden/2024/1146/P — Flat 1 3 Cambridge Gate London NW1 4JX
2026-10-01 11:51:53 INFO LEAD new: [Permitted] Camden/2024/1144/P — 5-7 Belsize Grove London NW3 4UT
2026-10-01 11:51:53 INFO LEAD new: [Permitted] Camden/2024/2077/L — Flat 1 3 Cambridge Gate London NW1 4JX
2026-10-01 11:51:53 INFO LEAD new: [Permitted] Camden/2024/1143/L — The Dominion Theatre 268-269 Tottenham Court Road London Cam
2026-10-01 11:51:53 INFO LEAD new: [Permitted] Camden/2023/4752/P — 71 Arlington Road London NW1 7ES
2026-10-01 11:51:53 INFO LEAD new: [Permitted] Camden/2024/1005/L — 135-149 Shaftesbury Avenue London WC2H 8AH
2026-10-01 11:51:53 INFO LEAD new: [Permitted] Camden/2024/1128/P — St Christophers School 32 Belsize Lane London NW3 5AE
2026-10-01 11:51:53 INFO LEAD new: [Permitted] Camden/2024/1104/P — 34 Cantelowes Road London NW1 9XT
2026-10-01 11:51:53 INFO LEAD new: [Permitted] Camden/2024/0625/P — Building S4 King's Cross Central York Way London
2026-10-01 11:51:53 INFO LEAD new: [Permitted] Camden/2024/1093/P — Flat 44 Romney Court Haverstock Hill London NW3 4RX
2026-10-01 11:51:53 INFO LEAD new: [Permitted] Camden/2024/0708/P — Acland Burghley School 93 Burghley Road London NW5 1UJ
2026-10-01 11:51:53 INFO LEAD new: [Permitted] Camden/2024/1096/L — School Of Oriental And African Studies 10 Thornhaugh Street 
2026-10-01 11:51:53 INFO LEAD new: [Permitted] Camden/2024/1094/P — 38 Frognal Lane London NW3 6PP
2026-10-01 11:51:53 INFO LEAD new: [Permitted] Camden/2024/1100/P — Centre Block 44 Cleveland Street London W1T 4JT
2026-10-01 11:51:53 INFO LEAD new: [Permitted] Camden/2024/1099/P — Centre Block 44 Cleveland Street London W1T 4JT
2026-10-01 11:51:53 INFO LEAD new: [Permitted] Camden/2024/1085/P — Flat A 91 Belsize Lane London NW3 5AU
2026-10-01 11:51:53 INFO LEAD new: [Permitted] Camden/2024/1065/P — Flat B 55 Iverson Road London NW6 2QT
2026-10-01 11:51:53 INFO LEAD new: [Permitted] Camden/2024/0732/L — 2 St Martins Almshouses Bayham Street London Camden NW1 0BD
2026-10-01 11:51:53 INFO LEAD new: [Permitted] Camden/2023/5302/P — 91a Belsize Lane London NW3 5AU
2026-10-01 11:51:53 INFO LEAD new: [Permitted] Camden/2024/1186/L — Former Hampstead Police Station 26 Rosslyn Hill London NW3 1
2026-10-01 11:51:53 INFO LEAD new: [Permitted] Camden/2024/1076/P — Agar Grove Estate Agar Grove London NW1 9SS
2026-10-01 11:51:53 INFO LEAD new: [Permitted] Camden/2024/1080/P — Maisonette Basement And Ground Floor 36 Upper Park Road Lond
2026-10-01 11:51:54 INFO LEAD new: [Permitted] Camden/2024/1077/P — 2A Wedderburn Road London NW3 5QE
2026-10-01 11:51:54 INFO LEAD new: [Permitted] Camden/2024/0680/L — 91a Belsize Lane London NW3 5AU
2026-10-01 11:51:54 INFO LEAD new: [Permitted] Camden/2024/1063/P — 7 Soho Square London W1D 3QB
2026-10-01 11:51:54 INFO LEAD new: [Permitted] Camden/2024/1058/P — 106 New Oxford Street London WC1A 1HB
2026-10-01 11:51:54 INFO LEAD new: [Permitted] Camden/2024/1048/P — Churchill House 35 Red Lion Square London WC1R 4SG
2026-10-01 11:51:54 INFO LEAD new: [Permitted] Camden/2024/1053/PVL — Clapton Craft 326 Kentish Town Road London NW5 2TH
2026-10-01 11:51:54 INFO LEAD new: [Permitted] Camden/2024/1057/P — Flat 2nd Floor 10 Kidderpore Gardens London NW3 7SR
2026-10-01 11:51:54 INFO LEAD new: [Permitted] Camden/2024/1478/L — 9 Northington Street London WC1N 2ES
2026-10-01 11:51:54 INFO LEAD new: [Permitted] Camden/2024/0981/L — Flat 3 31 Heath Drive London NW3 7SB
2026-10-01 11:51:54 INFO LEAD new: [Permitted] Camden/2024/1036/P — 15 Arlington Road London NW1 7ER
2026-10-01 11:51:54 INFO LEAD new: [Permitted] Camden/2024/1044/L — 15 Arlington Road London NW1 7ER
2026-10-01 11:51:54 INFO LEAD new: [Permitted] Camden/2024/0544/P — Swiss Cottage Open Space Land Between Avenue Road and Winche
2026-10-01 11:51:54 INFO LEAD new: [Permitted] Camden/2024/1023/PVL — Officina 00 67 Whitfield Street London W1T 4DE
2026-10-01 11:51:54 INFO LEAD new: [Permitted] Camden/2024/1021/PVL — Passyunk Avenue 80 Cleveland Street London W1T 6NE
2026-10-01 11:51:54 INFO LEAD new: [Permitted] Camden/2024/1034/P — Chester Road Hostel 2 Chester Road London N19 5BP
2026-10-01 11:51:54 INFO LEAD new: [Permitted] Camden/2024/1064/P — 1-4, 31-34 Bury Street, London, EC3A 5AR (for 24/00021/FULEI
2026-10-01 11:51:54 INFO LEAD new: [Permitted] Camden/2024/1028/P — 1 Egbert Street London Camden NW1 8LJ
2026-10-01 11:51:54 INFO LEAD new: [Permitted] Camden/2024/1051/L — 36-40 Primrose Hill Primary School Princess Road London Camd
2026-10-01 11:51:54 INFO LEAD new: [Permitted] Camden/2024/0209/P — 6 Templewood Avenue London NW3 7XA
2026-10-01 11:52:00 INFO [camden/Permitted] page at offset 9000: 100 records
2026-10-01 11:52:00 INFO LEAD new: [Permitted] Camden/2024/1032/P — 36-40 Primrose Hill Primary School Princess Road London Camd
2026-10-01 11:52:00 INFO LEAD new: [Permitted] Camden/2024/1040/P — 248-250 Camden Road Hostel Camden Road London NW1 9HE
2026-10-01 11:52:00 INFO LEAD new: [Permitted] Camden/2024/0218/P — Flat 3 31 Heath Drive London NW3 7SB
2026-10-01 11:52:00 INFO LEAD new: [Permitted] Camden/2024/1026/A — 125 Camden High Street London NW1 7JR
2026-10-01 11:52:00 INFO LEAD new: [Permitted] Camden/2024/1041/P — The Greenwood Centre Greenwood Place and Highgate Day Centre
2026-10-01 11:52:00 INFO LEAD new: [Permitted] Camden/2024/1029/L — Apartment 3-10 St Pancras Chambers Euston Road London NW1 2A
2026-10-01 11:52:00 INFO LEAD new: [Permitted] Camden/2024/1022/P — 69 Charlotte Street London W1T 1RS
2026-10-01 11:52:00 INFO LEAD new: [Permitted] Camden/2024/1019/P — 7 Stanhope Parade London NW1 3RD
2026-10-01 11:52:00 INFO LEAD new: [Permitted] Camden/2024/0999/P — 2nd Floor Flat 23 Carlingford Road London NW3 1RY
2026-10-01 11:52:00 INFO LEAD new: [Permitted] Camden/2024/1008/P — 23 Ingham Road London NW6 1DG
2026-10-01 11:52:00 INFO LEAD new: [Permitted] Camden/2024/1163/L — 126 St Pancras Way London NW1 9NB
2026-10-01 11:52:00 INFO LEAD new: [Permitted] Camden/2024/1015/P — Manor Court 152 Abbey Road London NW6 4ST
2026-10-01 11:52:00 INFO LEAD new: [Permitted] Camden/2024/1020/TC — Cote 83-84 Hampstead High Street London NW3 1RE
2026-10-01 11:52:00 INFO LEAD new: [Permitted] Camden/2024/1006/P — 4 John Street London WC1N 2ES
2026-10-01 11:52:00 INFO LEAD new: [Permitted] Camden/2024/1018/P — 41 Meadowbank London NW3 3AY
2026-10-01 11:52:00 INFO LEAD new: [Permitted] Camden/2024/1017/P — 45 Dynham Road Camden NW6 2NT
2026-10-01 11:52:00 INFO LEAD new: [Permitted] Camden/2024/0972/P — Land At Spedan Close Spedan Close London Camden NW3 7XF
2026-10-01 11:52:00 INFO LEAD new: [Permitted] Camden/2024/0994/P — Garden Flats 62 & 64 Belsize Park Gardens London NW3 4NE
2026-10-01 11:52:00 INFO LEAD new: [Permitted] Camden/2024/0966/P — Godwin and Crowndale Estate London NW1 1PA
2026-10-01 11:52:00 INFO LEAD new: [Permitted] Camden/2024/0980/P — 3 Baynes Mews London NW3 5BH
2026-10-01 11:52:00 INFO LEAD new: [Permitted] Camden/2024/0984/A — 50A Earlham Street London WC2H 9LA
2026-10-01 11:52:00 INFO LEAD new: [Permitted] Camden/2024/0998/A — 9 Hampstead High Street London NW3 1PR
2026-10-01 11:52:00 INFO LEAD new: [Permitted] Camden/2024/0977/P — 5 Gloucester Crescent London Camden NW1 7DS
2026-10-01 11:52:00 INFO LEAD new: [Permitted] Camden/2024/0985/P — Flat A 9 Cotleigh Road London NW6 2NL
2026-10-01 11:52:00 INFO LEAD new: [Permitted] Camden/2024/1725/L — 9 Hampstead High Street London NW3 1PR
2026-10-01 11:52:00 INFO LEAD new: [Permitted] Camden/2024/0989/P — 19 Cannon Place London NW3 1EH
2026-10-01 11:52:00 INFO LEAD new: [Permitted] Camden/2024/1670/L — 5 Gloucester Crescent London Camden NW1 7DS
2026-10-01 11:52:00 INFO LEAD new: [Permitted] Camden/2024/0992/P — New London House 172 Drury Lane London WC2B 5QF
2026-10-01 11:52:00 INFO LEAD new: [Permitted] Camden/2024/0996/P — Flat 3 Sandwell Mansions West End Lane London NW6 1XL
2026-10-01 11:52:00 INFO LEAD new: [Permitted] Camden/2024/0979/A — 344 Gray's Inn Road London WC1X 8BX
2026-10-01 11:52:00 INFO LEAD new: [Permitted] Camden/2024/0606/P — 14 Grove Terrace London NW5 1PH
2026-10-01 11:52:00 INFO LEAD new: [Permitted] Camden/2024/1719/L — Land At Spedan Close Spedan Close London Camden NW3 7XF
2026-10-01 11:52:00 INFO LEAD new: [Permitted] Camden/2024/0719/L — 14 Grove Terrace London NW5 1PH
2026-10-01 11:52:00 INFO LEAD new: [Permitted] Camden/2024/0958/P — Flat A 73 Redington Road London NW3 7RP
2026-10-01 11:52:00 INFO LEAD new: [Permitted] Camden/2024/0959/P — 31 Rochester Road London NW1 9JJ
2026-10-01 11:52:00 INFO LEAD new: [Permitted] Camden/2024/0947/L — 5 Gower Street London Camden WC1E 6HA
2026-10-01 11:52:00 INFO LEAD new: [Permitted] Camden/2024/0465/P — Weeping Ash Oak Hill Park London NW3 7LP
2026-10-01 11:52:00 INFO LEAD new: [Permitted] Camden/2024/0941/P — Russell Square Gardens Russell Square Camden WC1B 5EH
2026-10-01 11:52:01 INFO LEAD new: [Permitted] Camden/2023/5063/P — 50 Priory Road London NW6 3RE
2026-10-01 11:52:01 INFO LEAD new: [Permitted] Camden/2024/0066/P — 53 Courthope Road London NW3 2LE
2026-10-01 11:52:01 INFO LEAD new: [Permitted] Camden/2024/0951/P — 14 Greenaway Gardens London Camden NW3 7DH
2026-10-01 11:52:01 INFO LEAD new: [Permitted] Camden/2024/0729/L — Dickens House Museum 48 Doughty Street London WC1N 2LX
2026-10-01 11:52:01 INFO LEAD new: [Permitted] Camden/2024/0950/P — 197 Kentish Town Road London Camden NW5 2JU
2026-10-01 11:52:01 INFO LEAD new: [Permitted] Camden/2024/0924/PVL — 42 Holborn 42 Kingsway Holborn London WC2B 6EX
2026-10-01 11:52:01 INFO LEAD new: [Permitted] Camden/2024/0923/P — 3 Baynes Mews London NW3 5BH
2026-10-01 11:52:01 INFO LEAD new: [Permitted] Camden/2024/0921/PVL — Keep Chaating ltd 63 Neal Street London WC2H 9PJ
2026-10-01 11:52:01 INFO LEAD new: [Permitted] Camden/2024/0936/P — Kingsgate Primary School 1 Liddell Place London NW6 2DJ
2026-10-01 11:52:01 INFO LEAD new: [Permitted] Camden/2024/0937/A — 21-23 Earlham Street London WC2H 9LL
2026-10-01 11:52:01 INFO LEAD new: [Permitted] Camden/2024/0940/P — 48 Mornington Terrace London NW1 7RT
2026-10-01 11:52:01 INFO LEAD new: [Permitted] Camden/2024/1007/L — 48 Mornington Terrace London NW1 7RT
2026-10-01 11:52:01 INFO LEAD new: [Permitted] Camden/2024/1671/A — 225-226 Tottenham Court Road London Camden W1T 7QF
2026-10-01 11:52:01 INFO LEAD new: [Permitted] Camden/2024/0928/P — 225-226 Tottenham Court Road London W1T 7QF
2026-10-01 11:52:01 INFO LEAD new: [Permitted] Camden/2024/0935/P — 100-110 Euston Road London NW1 2AJ
2026-10-01 11:52:01 INFO LEAD new: [Permitted] Camden/2024/0922/P — Former Odeon site and Rosenheim Building Site bounded partly
2026-10-01 11:52:01 INFO LEAD new: [Permitted] Camden/2024/0927/P — The Montague On The Garden 15 Montague Street London Camden 
2026-10-01 11:52:01 INFO LEAD new: [Permitted] Camden/2024/0929/PVL — Pret 128-130 West End Lane London NW6 1SX
2026-10-01 11:52:01 INFO LEAD new: [Permitted] Camden/2024/1931/L — The Montague On The Garden 15 Montague Street London Camden 
2026-10-01 11:52:01 INFO LEAD new: [Permitted] Camden/2024/0917/L — 29 Hampstead High Street London Camden NW3 1QA
2026-10-01 11:52:01 INFO LEAD new: [Permitted] Camden/2024/0898/P — 31 Primrose Gardens London Camden NW3 4UL
2026-10-01 11:52:01 INFO LEAD new: [Permitted] Camden/2024/0912/L — 80 South Hill Park London NW3 2SN
2026-10-01 11:52:01 INFO LEAD new: [Permitted] Camden/2024/0639/P — 80 South Hill Park London NW3 2SN
2026-10-01 11:52:01 INFO LEAD new: [Permitted] Camden/2024/0914/L — Kings Cross And St Pancras Underground Station Euston Road L
2026-10-01 11:52:01 INFO LEAD new: [Permitted] Camden/2024/0903/P — 3 Windmill Hill London NW3 6RU
2026-10-01 11:52:01 INFO LEAD new: [Permitted] Camden/2024/0913/P — 197 Kentish Town Road London NW5 2JU
2026-10-01 11:52:01 INFO LEAD new: [Permitted] Camden/2024/0899/P — 73 Goldhurst Terrace London NW6 3HA
2026-10-01 11:52:01 INFO LEAD new: [Permitted] Camden/2023/5378/P — 17-21 Camden Road London NW1 9LJ
2026-10-01 11:52:01 INFO LEAD new: [Permitted] Camden/2024/0908/P — Flat 7 14 Netherhall Gardens London Camden NW3 5TH
2026-10-01 11:52:01 INFO LEAD new: [Permitted] Camden/2024/0916/A — Network Building 95-100 Tottenham Court Road London W1T 4TP
2026-10-01 11:52:01 INFO LEAD new: [Permitted] Camden/2024/0870/P — The Charlie Ratchford Centre Belmont Street London NW1 8HF
2026-10-01 11:52:01 INFO LEAD new: [Permitted] Camden/2024/0879/PVL — Humdingers Camden Cafe 39 Brecknock Road London N7 0BT
2026-10-01 11:52:07 INFO [camden/Permitted] page at offset 9100: 100 records
2026-10-01 11:52:07 INFO LEAD new: [Permitted] Camden/2024/0894/P — West Yard Camden Lock Market London NW1 8AF
2026-10-01 11:52:07 INFO LEAD new: [Permitted] Camden/2024/0875/P — 2 Templewood Avenue London NW3 7XA
2026-10-01 11:52:07 INFO LEAD new: [Permitted] Camden/2024/0868/P — 227 High Holborn London WC1V 7DZ
2026-10-01 11:52:07 INFO LEAD new: [Permitted] Camden/2024/0185/P — Flat B 93 Gaisford Street London NW5 2EG
2026-10-01 11:52:07 INFO LEAD new: [Permitted] Camden/2024/0874/P — 68 Shoot-up Hill London NW2 3XL
2026-10-01 11:52:07 INFO LEAD new: [Permitted] Camden/2024/0896/P — 38 Belsize Avenue London Camden NW3 4AH
2026-10-01 11:52:07 INFO LEAD new: [Permitted] Camden/2024/0895/P — 6 Ferdinand Street London NW1 8ER
2026-10-01 11:52:07 INFO LEAD new: [Permitted] Camden/2024/0873/P — Bevan House Boswell Street London Camden WC1N 3BT
2026-10-01 11:52:07 INFO LEAD new: [Permitted] Camden/2024/0893/P — The Pryors, Flat 56 East Heath Road London Camden NW3 1BP
2026-10-01 11:52:07 INFO LEAD new: [Permitted] Camden/2024/0867/P — 12 Whidborne Street London WC1H 8EU
2026-10-01 11:52:07 INFO LEAD new: [Permitted] Camden/2024/0891/P — Flat 3-4 Atlantic House 128 Albert Street London NW1 7NE
2026-10-01 11:52:07 INFO LEAD new: [Permitted] Camden/2024/0890/P — 65 - 69 Holmes Road London NW5 3AN
2026-10-01 11:52:07 INFO LEAD new: [Permitted] Camden/2024/0877/A — 48-48a Kilburn High Road London NW6 4HJ
2026-10-01 11:52:07 INFO LEAD new: [Permitted] Camden/2024/0857/P — 155 Drummond Street London NW1 2PB
2026-10-01 11:52:07 INFO LEAD new: [Permitted] Camden/2024/0835/P — 22 Hillfield Road London NW6 1PZ
2026-10-01 11:52:07 INFO LEAD new: [Permitted] Camden/2024/0859/P — South Hampstead Junior School 5 & 12 Netherhall Gardens Lond
2026-10-01 11:52:07 INFO LEAD new: [Permitted] Camden/2024/0864/P — Acland Burghley School 93 Burghley Road London NW5 1UJ
2026-10-01 11:52:07 INFO LEAD new: [Permitted] Camden/2024/0843/P — Flat B 160 Camden Road London NW1 9HJ
2026-10-01 11:52:07 INFO LEAD new: [Permitted] Camden/2024/0847/P — 237-247 Tottenham Court Road W1T 7HH; 3 Bayley Street WC1B 3
2026-10-01 11:52:07 INFO LEAD new: [Permitted] Camden/2024/0846/P — 30 Lincoln's Inn Fields London WC2A 3PD
2026-10-01 11:52:07 INFO LEAD new: [Permitted] Camden/2024/0853/P — Flat 1st Floor 21 Solent Road London NW6 1TP
2026-10-01 11:52:07 INFO LEAD new: [Permitted] Camden/2024/0860/P — 3 Gainsborough Gardens London NW3 1BJ
2026-10-01 11:52:07 INFO LEAD new: [Permitted] Camden/2024/0825/P — Flat 17 Alan House 55-59 Saffron Hill London EC1N 8QX
2026-10-01 11:52:07 INFO LEAD new: [Permitted] Camden/2024/0831/P — 17 Lyndhurst Gardens London NW3 5NU
2026-10-01 11:52:07 INFO LEAD new: [Permitted] Camden/2023/5316/P — Flat 1 8 Priory Terrace London NW6 4DH
2026-10-01 11:52:07 INFO LEAD new: [Permitted] Camden/2024/0824/PVL — Noble Rot 51 Lamb's Conduit Street London WC1N 3NB
2026-10-01 11:52:07 INFO LEAD new: [Permitted] Camden/2024/0830/P — Flat 3 23 Oppidans Road London NW3 3AG
2026-10-01 11:52:07 INFO LEAD new: [Permitted] Camden/2024/0829/P — Garden Flat 23 Lambolle Road London NW3 4HS
2026-10-01 11:52:07 INFO LEAD new: [Permitted] Camden/2024/0826/P — 551-557 Finchley Road London NW3 7BJ
2026-10-01 11:52:07 INFO LEAD new: [Permitted] Camden/2024/0808/P — Jenner Building London
2026-10-01 11:52:07 INFO LEAD new: [Permitted] Camden/2024/0813/PVL — Roni's 154 Regent's Park Road London NW1 8XN
2026-10-01 11:52:07 INFO LEAD new: [Permitted] Camden/2024/0804/P — 38 Frognal Lane London NW3 6PP
2026-10-01 11:52:07 INFO LEAD new: [Permitted] Camden/2024/0817/L — 52 Maple Street London Camden W1T 6HL
2026-10-01 11:52:07 INFO LEAD new: [Permitted] Camden/2023/5429/P — 47-51 Eagle Street London WC1R 4AP
2026-10-01 11:52:07 INFO LEAD new: [Permitted] Camden/2024/0798/P — Flat Basement And Ground Floor 47 Primrose Gardens London NW
2026-10-01 11:52:07 INFO LEAD new: [Permitted] Camden/2024/0818/L — 4 Sandwich Street London Camden WC1H 9PL
2026-10-01 11:52:07 INFO LEAD new: [Permitted] Camden/2024/0803/P — Flat A 131 Leighton Road London Camden NW5 2RB
2026-10-01 11:52:07 INFO LEAD new: [Permitted] Camden/2024/0805/P — 38 Frognal Lane London NW3 6PP
2026-10-01 11:52:07 INFO LEAD new: [Permitted] Camden/2024/0819/P — 353-359 Finchley Road London NW3 6ET
2026-10-01 11:52:07 INFO LEAD new: [Permitted] Camden/2024/0806/P — 38 Frognal Lane London Camden NW3 6PP
2026-10-01 11:52:07 INFO LEAD new: [Permitted] Camden/2024/0220/P — Cheriton Unit 27-30 Queen's Crescent London NW5 4EZ
2026-10-01 11:52:07 INFO LEAD new: [Permitted] Camden/2024/0797/L — 17-21 Camden Road London NW1 9LJ
2026-10-01 11:52:07 INFO LEAD new: [Permitted] Camden/2024/0789/L — 17 Lyndhurst Gardens London NW3 5NU
2026-10-01 11:52:07 INFO LEAD new: [Permitted] Camden/2023/5131/P — 49 Belsize Lane London NW3 5AU
2026-10-01 11:52:07 INFO LEAD new: [Permitted] Camden/2023/5307/P — 78 New Oxford Street London WC1A 1HB
2026-10-01 11:52:07 INFO LEAD new: [Permitted] Camden/2024/0791/PVL — The Sun Public House 21 Drury Lane London WC2B 5RH
2026-10-01 11:52:07 INFO LEAD new: [Permitted] Camden/2024/0793/P — 1a St Martins House Polygon Road London NW1 1QB
2026-10-01 11:52:07 INFO LEAD new: [Permitted] Camden/2024/0794/L — 31 Pond Street London NW3 2PN
2026-10-01 11:52:07 INFO LEAD new: [Permitted] Camden/2024/0444/P — 66 Priory Road London NW6 3RE
2026-10-01 11:52:07 INFO LEAD new: [Permitted] Camden/2024/0721/P — Stables Market Chalk Farm Road NW1 8AJ
2026-10-01 11:52:08 INFO LEAD new: [Permitted] Camden/2024/0786/P — 24 Falkland Road London NW5 2PX
2026-10-01 11:52:08 INFO LEAD new: [Permitted] Camden/2023/2525/P — 40 Parkhill Road London NW3 2YP
2026-10-01 11:52:08 INFO LEAD new: [Permitted] Camden/2024/0788/L — 17 Lyndhurst Gardens London NW3 5NU
2026-10-01 11:52:08 INFO LEAD new: [Permitted] Camden/2024/0795/P — 1 Perrin's Lane London NW3 1QY
2026-10-01 11:52:08 INFO LEAD new: [Permitted] Camden/2024/0792/P — 69 Avenue Road London Camden NW8 6HP
2026-10-01 11:52:08 INFO LEAD new: [Permitted] Camden/2023/5133/P — Flat B 25 Fitzjohn's Avenue London NW3 5JY
2026-10-01 11:52:08 INFO LEAD new: [Permitted] Camden/2024/0778/P — Denning House 90 Chancery Lane London WC2A 1EU
2026-10-01 11:52:08 INFO LEAD new: [Permitted] Camden/2024/0780/L — 39 3rd Floor Earlham Street London Camden WC2H 9LT
2026-10-01 11:52:08 INFO LEAD new: [Permitted] Camden/2024/0781/L — Denning House 90 Chancery Lane London WC2A 1EU
2026-10-01 11:52:08 INFO LEAD new: [Permitted] Camden/2023/5406/L — 88 South Hill Park London NW3 2SN
2026-10-01 11:52:08 INFO LEAD new: [Permitted] Camden/2024/0782/P — 67 Whitfield Street London W1T 4DE
2026-10-01 11:52:08 INFO LEAD new: [Permitted] Camden/2024/0772/PVL — Casa Jardim Limited 3- 5 Woburn Walk London WC1H 0JJ
2026-10-01 11:52:08 INFO LEAD new: [Permitted] Camden/2023/5309/P — 88 South Hill Park London NW3 2SN
2026-10-01 11:52:08 INFO LEAD new: [Permitted] Camden/2024/0783/P — The Charlie Ratchford Centre Belmont Street London NW1 8HF
2026-10-01 11:52:08 INFO LEAD new: [Permitted] Camden/2024/0771/L — Space House 1 Kemble Street and 43 - 59 Kingsway London WC2B
2026-10-01 11:52:08 INFO LEAD new: [Permitted] Camden/2024/0754/L — 29-31 Bedford Row Chambers Bedford Row London Camden WC1R 4H
2026-10-01 11:52:14 INFO [camden/Permitted] page at offset 9200: 100 records
2026-10-01 11:52:14 INFO LEAD new: [Permitted] Camden/2024/0750/L — Acland Burghley School 93 93 Burghley Rd Tuffnell Park Londo
2026-10-01 11:52:14 INFO LEAD new: [Permitted] Camden/2024/0337/A — 335 West End Lane London NW6 1RS
2026-10-01 11:52:14 INFO LEAD new: [Permitted] Camden/2024/0211/P — 335 West End Lane London NW6 1RS
2026-10-01 11:52:14 INFO LEAD new: [Permitted] Camden/2024/0753/P — Abbey Estate 3 Abbey Road London NW6 4DX
2026-10-01 11:52:14 INFO LEAD new: [Permitted] Camden/2024/0761/P — UCL Darwin Building Gower Street London WC1E 6BT
2026-10-01 11:52:14 INFO LEAD new: [Permitted] Camden/2024/0752/L — 59-60 Russell Square London Camden WC1B 4HP
2026-10-01 11:52:14 INFO LEAD new: [Permitted] Camden/2024/0741/HS2 — Euston Square Gardens Euston Square London
2026-10-01 11:52:14 INFO LEAD new: [Permitted] Camden/2024/0744/P — 34 Hillfield Road London NW6 1PZ
2026-10-01 11:52:14 INFO LEAD new: [Permitted] Camden/2024/0740/P — First Floor Flat 12 Aldred Road London NW6 1AN
2026-10-01 11:52:14 INFO LEAD new: [Permitted] Camden/2024/0743/P — 6 Marston Close London Camden NW6 4EU
2026-10-01 11:52:14 INFO LEAD new: [Permitted] Camden/2024/0746/P — Land At 18 Blackfriars Road And 1-7 Stamford Street Together
2026-10-01 11:52:14 INFO LEAD new: [Permitted] Camden/2024/0738/P — 1 Courthope Road London Camden NW3 2LE
2026-10-01 11:52:14 INFO LEAD new: [Permitted] Camden/2024/0745/P — Flat 3 71 Falkland Road London NW5 2PU
2026-10-01 11:52:14 INFO LEAD new: [Permitted] Camden/2024/0727/P — O2 Masterplan Site Finchley Road London NW3 6LU
2026-10-01 11:52:14 INFO LEAD new: [Permitted] Camden/2024/0341/A — Unit 2 Coal Drops Yard London N1C 4DQ
2026-10-01 11:52:14 INFO LEAD new: [Permitted] Camden/2024/0723/L — National Hospital For Neurology And Neurosurgery Queen Squar
2026-10-01 11:52:14 INFO LEAD new: [Permitted] Camden/2024/0734/P — 277 West End Lane London NW6 1QS
2026-10-01 11:52:14 INFO LEAD new: [Permitted] Camden/2023/4769/P — 127 Arlington Road London NW1 7ET
2026-10-01 11:52:14 INFO LEAD new: [Permitted] Camden/2024/0720/P — Acorn House 314-320 Gray's Inn Road London WC1X 8DP
2026-10-01 11:52:14 INFO LEAD new: [Permitted] Camden/2024/0735/P — 12 Vane Close London NW3 5UN
2026-10-01 11:52:14 INFO LEAD new: [Permitted] Camden/2023/5138/L — 127 Arlington Road London NW1 7ET
2026-10-01 11:52:14 INFO LEAD new: [Permitted] Camden/2024/0724/P — 31 Belsize Park Gardens London NW3 4JH
2026-10-01 11:52:14 INFO LEAD new: [Permitted] Camden/2024/0715/P — 69 Avenue Road London Camden NW8 6HP
2026-10-01 11:52:14 INFO LEAD new: [Permitted] Camden/2024/0621/P — 1 Lymington Road London NW6 1HX
2026-10-01 11:52:14 INFO LEAD new: [Permitted] Camden/2024/1303/L — Acland Burghley School 93 Burghley Road London NW5 1UJ
2026-10-01 11:52:14 INFO LEAD new: [Permitted] Camden/2024/0709/P — Radlett House Radlett Place London NW8 6BT
2026-10-01 11:52:14 INFO LEAD new: [Permitted] Camden/2024/0712/P — Town Hall Judd Street London WC1H 9JE
2026-10-01 11:52:14 INFO LEAD new: [Permitted] Camden/2024/1389/L — Town Hall Judd Street London WC1H 9JE
2026-10-01 11:52:14 INFO LEAD new: [Permitted] Camden/2024/0676/P — 59 Flat 3 Netherhall Gardens London Camden NW3 5RE
2026-10-01 11:52:14 INFO LEAD new: [Permitted] Camden/2024/0679/A — 121 Holborn London EC1N 2TD
2026-10-01 11:52:14 INFO LEAD new: [Permitted] Camden/2024/0691/P — 113 Euston Street London NW1 2EX
2026-10-01 11:52:14 INFO LEAD new: [Permitted] Camden/2024/0692/P — 104 Euston Street London NW1 2HA
2026-10-01 11:52:14 INFO LEAD new: [Permitted] Camden/2024/0689/P — 10 Thanet Street London WC1H 9QL
2026-10-01 11:52:14 INFO LEAD new: [Permitted] Camden/2024/0694/P — 172 North Gower Street London NW1 2ND
2026-10-01 11:52:14 INFO LEAD new: [Permitted] Camden/2024/0693/L — 33 Neal Street London Camden WC2H 9PR
2026-10-01 11:52:14 INFO LEAD new: [Permitted] Camden/2024/0690/L — 10 Thanet Street London WC1H 9QL
2026-10-01 11:52:14 INFO LEAD new: [Permitted] Camden/2024/0687/P — Flat A 25 King Henry's Road London NW3 3QP
2026-10-01 11:52:14 INFO LEAD new: [Permitted] Camden/2024/0697/P — Flat A, 93 York Way London N7 9QF
2026-10-01 11:52:14 INFO LEAD new: [Permitted] Camden/2024/0686/P — Flat 4 7-8 Weech Road London NW6 1DL
2026-10-01 11:52:14 INFO LEAD new: [Permitted] Camden/2024/0661/P — O2 Masterplan Site Finchley Road London NW3 6LU
2026-10-01 11:52:14 INFO LEAD new: [Permitted] Camden/2024/0432/L — 30 Great Queen Street London Camden WC2B 5BB
2026-10-01 11:52:15 INFO LEAD new: [Permitted] Camden/2024/0667/P — 14 Grove Terrace London NW5 1PH
2026-10-01 11:52:15 INFO LEAD new: [Permitted] Camden/2024/0668/P — 16 & 18 Well Walk London NW3 1LD
2026-10-01 11:52:15 INFO LEAD new: [Permitted] Camden/2024/0657/P — Flat 2, 7 Buckland Crescent London Camden NW3 5DH
2026-10-01 11:52:15 INFO LEAD new: [Permitted] Camden/2024/0688/L — 14 Grove Terrace London NW5 1PH
2026-10-01 11:52:15 INFO LEAD new: [Permitted] Camden/2023/4853/P — 27 Sherriff Road London Camden NW6 2AS
2026-10-01 11:52:15 INFO LEAD new: [Permitted] Camden/2024/0664/P — O2 Masterplan Site Finchley Road London NW3 6LU
2026-10-01 11:52:15 INFO LEAD new: [Permitted] Camden/2024/0663/P — O2 Masterplan Site Finchley Road London NW3 6LU
2026-10-01 11:52:15 INFO LEAD new: [Permitted] Camden/2024/0662/P — O2 Masterplan Site Finchley Road London NW3 6LU
2026-10-01 11:52:15 INFO LEAD new: [Permitted] Camden/2024/0659/P — Flat 1, 18 Agamemnon Road London NW6 1DY
2026-10-01 11:52:15 INFO LEAD new: [Permitted] Camden/2024/1189/L — 18 Eton Villas London Camden NW3 4SG
2026-10-01 11:52:15 INFO LEAD new: [Permitted] Camden/2024/0670/P — 18 Eton Villas London Camden NW3 4SG
2026-10-01 11:52:15 INFO LEAD new: [Permitted] Camden/2024/0642/P — 138 A Gloucester Avenue London Camden NW1 8JA
2026-10-01 11:52:15 INFO LEAD new: [Permitted] Camden/2024/0638/P — 12 Lymington Road London NW6 1HY
2026-10-01 11:52:15 INFO LEAD new: [Permitted] Camden/2024/0675/TC — Ole & Steen 38-40 Hampstead High Street London NW3 1QE
2026-10-01 11:52:15 INFO LEAD new: [Permitted] Camden/2024/0665/P — O2 Masterplan Site Finchley Road London NW3 6LU
2026-10-01 11:52:15 INFO LEAD new: [Permitted] Camden/2024/0653/A — 63 Neal Street London WC2H 9PJ
2026-10-01 11:52:15 INFO LEAD new: [Permitted] Camden/2024/0671/P — 70 Lady Margaret Road London NW5 2NP
2026-10-01 11:52:15 INFO LEAD new: [Permitted] Camden/2023/5305/P — Flat 4 Da Vinci House 44 Saffron Hill London EC1N 8FH
2026-10-01 11:52:15 INFO LEAD new: [Permitted] Camden/2024/0644/P — 2A Boscastle Road London NW5 1EG
2026-10-01 11:52:15 INFO LEAD new: [Permitted] Camden/2024/0660/P — The Earnshaw 77-91 New Oxford Street London WC1A 1DG
2026-10-01 11:52:15 INFO LEAD new: [Permitted] Camden/2024/0672/P — 70 Lady Margaret Road London NW5 2NP
2026-10-01 11:52:15 INFO LEAD new: [Permitted] Camden/2024/0622/P — Euston House, 24 Eversholt Street London NW1 1AD
2026-10-01 11:52:15 INFO LEAD new: [Permitted] Camden/2024/0637/P — 527 Finchley Road London Camden NW3 7BG
2026-10-01 11:52:15 INFO LEAD new: [Permitted] Camden/2024/0634/P — 14 Lyndhurst Road London NW3 5NL
2026-10-01 11:52:15 INFO LEAD new: [Permitted] Camden/2024/0620/P — Agar Grove Estate Development Site Agar Grove London NW1 9SN
2026-10-01 11:52:15 INFO LEAD new: [Permitted] Camden/2024/0629/P — 30 Falkland Road London NW5 2PX
2026-10-01 11:52:15 INFO LEAD new: [Permitted] Camden/2024/0635/P — 30 Ferncroft Avenue London NW3 7PH
2026-10-01 11:52:15 INFO LEAD new: [Permitted] Camden/2024/0652/L — 3 Hampstead Hill Gardens London NW3 2PH
2026-10-01 11:52:15 INFO LEAD new: [Permitted] Camden/2024/0636/L — 1 Albany Terrace Park Square East London Camden NW1 4DS
2026-10-01 11:52:15 INFO LEAD new: [Permitted] Camden/2024/0632/P — 75 Farringdon Road London EC1M 3PS
2026-10-01 11:52:15 INFO LEAD new: [Permitted] Camden/2024/0381/L — 39 Bloomsbury Building Supplies Marchmont Street London Camd
2026-10-01 11:52:21 INFO [camden/Permitted] page at offset 9300: 100 records
2026-10-01 11:52:21 INFO LEAD new: [Permitted] Camden/2024/0614/A — 80-84 Kilburn High Road London NW6 4HS
2026-10-01 11:52:21 INFO LEAD new: [Permitted] Camden/2024/0612/A — Regents Place Campus London NW1 3BT
2026-10-01 11:52:21 INFO LEAD new: [Permitted] Camden/2024/1120/L — 11 Grand Union Walk London NW1 9LP
2026-10-01 11:52:21 INFO LEAD new: [Permitted] Camden/2024/0618/P — 11 Grand Union Walk London NW1 9LP
2026-10-01 11:52:21 INFO LEAD new: [Permitted] Camden/2024/0615/P — 80-84 Kilburn High Road London NW6 4HS
2026-10-01 11:52:21 INFO LEAD new: [Permitted] Camden/2024/1516/P — Regents Place Campus London NW1 3BT
2026-10-01 11:52:21 INFO LEAD new: [Permitted] Camden/2024/0617/A — 85 Gray's Inn Road London WC1X 8TX
2026-10-01 11:52:21 INFO LEAD new: [Permitted] Camden/2024/0591/L — 3 Lower Terrace London Camden NW3 6RG
2026-10-01 11:52:21 INFO LEAD new: [Permitted] Camden/2024/0603/P — Flat A 51 Chester Road London N19 5DF
2026-10-01 11:52:21 INFO LEAD new: [Permitted] Camden/2024/0602/P — Flat 2nd Floor 60 Parkhill Road London NW3 2YT
2026-10-01 11:52:21 INFO LEAD new: [Permitted] Camden/2024/0604/P — 62 Avenue Road London NW8 6HT
2026-10-01 11:52:21 INFO LEAD new: [Permitted] Camden/2024/0589/P — 2 Templewood Avenue London NW3 7XA
2026-10-01 11:52:21 INFO LEAD new: [Permitted] Camden/2024/0566/P — 37 Oakford Road London NW5 1AJ
2026-10-01 11:52:21 INFO LEAD new: [Permitted] Camden/2024/0519/PVL — Roasting Plant Coffee 90 High Holborn London WC1V 6BH
2026-10-01 11:52:21 INFO LEAD new: [Permitted] Camden/2024/0581/P — Maple House 149 Tottenham Court Road London W1T 7NF
2026-10-01 11:52:21 INFO LEAD new: [Permitted] Camden/2023/4252/P — Flat C 21 Agincourt Road London NW3 2PB
2026-10-01 11:52:21 INFO LEAD new: [Permitted] Camden/2023/4630/P — 11 Mansfield Place London NW3 1HS
2026-10-01 11:52:21 INFO LEAD new: [Permitted] Camden/2024/0577/P — 14 Tanza Road London NW3 2UB
2026-10-01 11:52:21 INFO LEAD new: [Permitted] Camden/2024/0574/P — 24 Anglers Lane London Camden NW5 3DD
2026-10-01 11:52:21 INFO LEAD new: [Permitted] Camden/2024/0579/P — 2 Templewood Avenue London NW3 7XA
2026-10-01 11:52:21 INFO LEAD new: [Permitted] Camden/2024/0587/P — 6 Belsize Road London Camden NW6 4RD
2026-10-01 11:52:21 INFO LEAD new: [Permitted] Camden/2023/4923/P — 49 Cotleigh Road London NW6 2NN
2026-10-01 11:52:21 INFO LEAD new: [Permitted] Camden/2024/0583/P — City Business Centre Lower Road London
2026-10-01 11:52:21 INFO LEAD new: [Permitted] Camden/2024/0384/L — 28 Chalcot Square London Camden NW1 8YA
2026-10-01 11:52:21 INFO LEAD new: [Permitted] Camden/2024/0141/L — 2 St Martins Almshouses Bayham Street London Camden NW1 0BD
2026-10-01 11:52:21 INFO LEAD new: [Permitted] Camden/2023/4606/P — Lulworth, Ground Floor Office Wrotham Road London NW1 9SS
2026-10-01 11:52:21 INFO LEAD new: [Permitted] Camden/2024/0132/P — Flat B, 65 Belsize Park Gardens London Camden NW3 4JN
2026-10-01 11:52:21 INFO LEAD new: [Permitted] Camden/2024/0221/P — Working Mens College 44-46 Crowndale Road London NW1 1TR
2026-10-01 11:52:21 INFO LEAD new: [Permitted] Camden/2024/0554/P — The Pryors East Heath Road London Camden NW3 1BS
2026-10-01 11:52:21 INFO LEAD new: [Permitted] Camden/2024/0558/P — Lower Ground Floor Flat 1 Harley Road London NW3 3BX
2026-10-01 11:52:21 INFO LEAD new: [Permitted] Camden/2024/0555/P — St Pancras Hospital 4 St Pancras Way London NW1 0PE
2026-10-01 11:52:21 INFO LEAD new: [Permitted] Camden/2024/0564/P — 17-19 Ebbsfleet Road London NW2 3NB
2026-10-01 11:52:21 INFO LEAD new: [Permitted] Camden/2024/0533/P — 38 Roderick Road London NW3 2NL
2026-10-01 11:52:21 INFO LEAD new: [Permitted] Camden/2023/5144/A — 184-192 Drummond Street London NW1 3HP
2026-10-01 11:52:21 INFO LEAD new: [Permitted] Camden/2024/0562/P — 17-19 Ebbsfleet Road London NW2 3NB
2026-10-01 11:52:21 INFO LEAD new: [Permitted] Camden/2024/0543/P — 67 Minster Road London NW2 3SJ
2026-10-01 11:52:21 INFO LEAD new: [Permitted] Camden/2024/0542/L — 7 Provost Road London NW3 4ST
2026-10-01 11:52:21 INFO LEAD new: [Permitted] Camden/2024/0534/P — 82 Greencroft Gardens London NW6 3JQ
2026-10-01 11:52:21 INFO LEAD new: [Permitted] Camden/2024/0039/P — Flat B 17 Nassington Road London NW3 2TX
2026-10-01 11:52:21 INFO LEAD new: [Permitted] Camden/2024/0507/PVL — The Euston Flyer 83 - 87 Euston Road London NW1 2RA
2026-10-01 11:52:21 INFO LEAD new: [Permitted] Camden/2024/1476/L — Flat 4 16 Lyndhurst Gardens London NW3 5NR
2026-10-01 11:52:21 INFO LEAD new: [Permitted] Camden/2024/0504/P — 10 Canfield Gardens London NW6 3JS
2026-10-01 11:52:21 INFO LEAD new: [Permitted] Camden/2024/0518/P — 551-557 Finchley Road London NW3 7BJ
2026-10-01 11:52:21 INFO LEAD new: [Permitted] Camden/2024/0510/P — 20 Crediton Hill London NW6 1HP
2026-10-01 11:52:21 INFO LEAD new: [Permitted] Camden/2024/0034/P — Rosslyn Mansions 21 Goldhurst Terrace London Camden NW6 3HD
2026-10-01 11:52:21 INFO LEAD new: [Permitted] Camden/2024/0528/P — 36 Great Russell Street London WC1B 3PP
2026-10-01 11:52:21 INFO LEAD new: [Permitted] Camden/2024/0530/P — 12A Lancaster Grove London NW3 4NX
2026-10-01 11:52:21 INFO LEAD new: [Permitted] Camden/2024/0549/P — The Warburg Institute Woburn Square London WC1H 0AB
2026-10-01 11:52:21 INFO LEAD new: [Permitted] Camden/2024/0385/P — 53 Burghley Road London NW5 1UH
2026-10-01 11:52:21 INFO LEAD new: [Permitted] Camden/2024/0514/P — The Charlie Ratchford Centre Belmont Street London NW1 8HF
2026-10-01 11:52:21 INFO LEAD new: [Permitted] Camden/2023/4775/P — 80 Fortune Green Road, London, NW6 1DS and 16 Rose Joan Mews
2026-10-01 11:52:21 INFO LEAD new: [Permitted] Camden/2024/0512/P — The Wine Cellar Unit 1, Sonny Heights Swain's Lane London N6
2026-10-01 11:52:21 INFO LEAD new: [Permitted] Camden/2023/5102/P — 13 Harmood Street London NW1 8DW
2026-10-01 11:52:21 INFO LEAD new: [Permitted] Camden/2023/4412/P — Flat 3, 3 Westbere Road London NW2 3SP
2026-10-01 11:52:21 INFO LEAD new: [Permitted] Camden/2024/0311/P — St Pancras Hospital 4 St Pancras Way London NW1 0PE
2026-10-01 11:52:21 INFO LEAD new: [Permitted] Camden/2023/5067/P — 3 Hampstead Hill Gardens London NW3 2PH
2026-10-01 11:52:21 INFO LEAD new: [Permitted] Camden/2024/0496/P — Opposite to 98 - 102 Camley Street N1C 4PF
2026-10-01 11:52:21 INFO LEAD new: [Permitted] Camden/2024/0484/L — 5 Great James Street London Camden WC1N 3DB
2026-10-01 11:52:22 INFO LEAD new: [Permitted] Camden/2024/0539/L — 100 and 100a Chalk Farm Road London NW1 8EH
2026-10-01 11:52:22 INFO LEAD new: [Permitted] Camden/2023/4994/P — 6 Quickswood London NW3 3SJ
2026-10-01 11:52:28 INFO [camden/Permitted] page at offset 9400: 100 records
2026-10-01 11:52:28 INFO LEAD new: [Permitted] Camden/2024/0207/P — 89 Great Russell Street London WC1B 3PS
2026-10-01 11:52:28 INFO LEAD new: [Permitted] Camden/2024/0482/P — 29 Gilbert Place London WC1A 2JD
2026-10-01 11:52:28 INFO LEAD new: [Permitted] Camden/2023/4570/P — Flat 6, Queens Court 64 Greencroft Gardens London Camden NW6
2026-10-01 11:52:28 INFO LEAD new: [Permitted] Camden/2024/0470/P — Flat 4 62 Parkway London NW1 7AH
2026-10-01 11:52:28 INFO LEAD new: [Permitted] Camden/2024/1350/L — 7 Sharpleshall Street Camden NW1 8YL
2026-10-01 11:52:28 INFO LEAD new: [Permitted] Camden/2024/0481/P — 7 Sharpleshall Street Camden NW1 8YL
2026-10-01 11:52:28 INFO LEAD new: [Permitted] Camden/2024/0477/P — 7 Stratford Villas London NW1 9SJ
2026-10-01 11:52:28 INFO LEAD new: [Permitted] Camden/2023/4821/P — Flat 7 73 Belsize Park Gardens London Camden NW3 4JP
2026-10-01 11:52:28 INFO LEAD new: [Permitted] Camden/2024/0471/P — 3 Ranulf Road London NW2 2BT
2026-10-01 11:52:28 INFO LEAD new: [Permitted] Camden/2024/0478/P — Building R4 Kings Cross Central York Way London N1C
2026-10-01 11:52:28 INFO LEAD new: [Permitted] Camden/2024/0483/P — 18 St Alban's Road London NW5 1RD
2026-10-01 11:52:28 INFO LEAD new: [Permitted] Camden/2024/0260/L — 89 Great Russell Street London WC1B 3PS
2026-10-01 11:52:28 INFO LEAD new: [Permitted] Camden/2024/0476/P — Acorn House 314-320 Gray's Inn Road London WC1X 8DP
2026-10-01 11:52:28 INFO LEAD new: [Permitted] Camden/2024/0480/A — Lynton House 7-12 Tavistock Square London WC1H 9LT
2026-10-01 11:52:28 INFO LEAD new: [Permitted] Camden/2024/0451/P — The Hobday Building The Royal Veterinary College Royal Colle
2026-10-01 11:52:28 INFO LEAD new: [Permitted] Camden/2024/0443/P — 44 Ingham Road London NW6 1DE
2026-10-01 11:52:28 INFO LEAD new: [Permitted] Camden/2024/0459/P — Flat 1&3 30 Redington Road London NW3 7RB
2026-10-01 11:52:28 INFO LEAD new: [Permitted] Camden/2024/0469/P — 66 Priory Road London NW6 3RE
2026-10-01 11:52:28 INFO LEAD new: [Permitted] Camden/2024/0710/L — Goulding House 85 Heath Street London NW3 6UG
2026-10-01 11:52:28 INFO LEAD new: [Permitted] Camden/2024/0464/L — Town Hall Judd Street London Camden WC1H 9JE
2026-10-01 11:52:28 INFO LEAD new: [Permitted] Camden/2023/5417/P — 63 Netherhall Gardens London NW3 5RE
2026-10-01 11:52:28 INFO LEAD new: [Permitted] Camden/2024/0439/P — Maisonette Basement And Ground Floor 19 Steele's Road London
2026-10-01 11:52:28 INFO LEAD new: [Permitted] Camden/2024/0461/A — 178 High Holborn London WC1V 7AA
2026-10-01 11:52:28 INFO LEAD new: [Permitted] Camden/2023/4548/L — 9 St Katharine's Precinct London NW1 4HH
2026-10-01 11:52:28 INFO LEAD new: [Permitted] Camden/2024/0466/L — Flat C 113 Rowley Way London NW8 0SW
2026-10-01 11:52:28 INFO LEAD new: [Permitted] Camden/2023/5445/P — 18 Vine Hill London EC1R 5DZ
2026-10-01 11:52:28 INFO LEAD new: [Permitted] Camden/2024/0435/L — Flat B 77 Albany Street London NW1 4BT
2026-10-01 11:52:28 INFO LEAD new: [Permitted] Camden/2024/0425/P — 2 Liddell Place London NW6 2DJ
2026-10-01 11:52:28 INFO LEAD new: [Permitted] Camden/2023/4366/P — 25a Lymington Road London NW6 1HZ
2026-10-01 11:52:28 INFO LEAD new: [Permitted] Camden/2024/0418/PVL — Rosa's Thai 26 Earlham Street London WC2H 9LN
2026-10-01 11:52:28 INFO LEAD new: [Permitted] Camden/2024/0424/P — Nottingham House Neal Street London WC2H 9AB
2026-10-01 11:52:28 INFO LEAD new: [Permitted] Camden/2024/0055/L — 133 Haverstock Hill London NW3 4RU
2026-10-01 11:52:28 INFO LEAD new: [Permitted] Camden/2024/0434/P — 1 Regency Lawn Croftdown Road London NW5 1HF
2026-10-01 11:52:28 INFO LEAD new: [Permitted] Camden/2024/0419/P — 30 Lincoln's Inn Fields London Camden WC2A 3PD
2026-10-01 11:52:28 INFO LEAD new: [Permitted] Camden/2024/0431/P — Maple House 149 Tottenham Court Road London W1T 7NF
2026-10-01 11:52:28 INFO LEAD new: [Permitted] Camden/2024/0394/P — 27 Willes Road London NW5 3DT
2026-10-01 11:52:28 INFO LEAD new: [Permitted] Camden/2024/0400/PVL — Em Cakes 332 West End Lane London NW6 1LN
2026-10-01 11:52:28 INFO LEAD new: [Permitted] Camden/2024/0393/P — 27 Thurlow Road London NW3 5PP
2026-10-01 11:52:28 INFO LEAD new: [Permitted] Camden/2024/0413/L — 33 and 34 Great Queen Street London WC2B 5AA
2026-10-01 11:52:28 INFO LEAD new: [Permitted] Camden/2024/0404/P — 55 South Hill Park London NW3 2SS
2026-10-01 11:52:28 INFO LEAD new: [Permitted] Camden/2024/0401/P — 40 Hollycroft Avenue London NW3 7QN
2026-10-01 11:52:28 INFO LEAD new: [Permitted] Camden/2024/0412/L — 7 Chester Terrace London Camden NW1 4ND
2026-10-01 11:52:28 INFO LEAD new: [Permitted] Camden/2023/4881/P — Lyttleton Arms PH 1 Camden High Street London NW1 7JE
2026-10-01 11:52:28 INFO LEAD new: [Permitted] Camden/2024/0409/P — 1 Triton Square London NW1 3DX
2026-10-01 11:52:28 INFO LEAD new: [Permitted] Camden/2024/0411/P — 10 Lymington Road London NW6 1HY
2026-10-01 11:52:28 INFO LEAD new: [Permitted] Camden/2024/0367/P — 12A Elizabeth Mews London NW3 4TL
2026-10-01 11:52:28 INFO LEAD new: [Permitted] Camden/2024/0301/P — 17 Garden Flat Hampstead Hill Gardens London NW3 2PH
2026-10-01 11:52:28 INFO LEAD new: [Permitted] Camden/2024/0388/A — 11-14 Windmill Street London W1T 2JG
2026-10-01 11:52:28 INFO LEAD new: [Permitted] Camden/2024/0379/P — Ground Floor Flat 219 Goldhurst Terrace London NW6 3EP
2026-10-01 11:52:28 INFO LEAD new: [Permitted] Camden/2024/0372/A — 159-161 Shop At Ground Floor Camden High Street London NW1 7
2026-10-01 11:52:28 INFO LEAD new: [Permitted] Camden/2024/0366/L — 38 Downshire Hill London Camden NW3 1NU
2026-10-01 11:52:28 INFO LEAD new: [Permitted] Camden/2024/0378/P — Manor Court 152 Abbey Road London Camden NW6 4ST
2026-10-01 11:52:28 INFO LEAD new: [Permitted] Camden/2024/0374/A — Stables Market Chalk Farm Road NW1 8AJ
2026-10-01 11:52:28 INFO LEAD new: [Permitted] Camden/2024/0365/P — 17 Hampstead Hill Gardens London NW3 2PH
2026-10-01 11:52:28 INFO LEAD new: [Permitted] Camden/2024/0377/P — Carriageway adjacent to 141 Albert Street, London NW1 7NB
2026-10-01 11:52:28 INFO LEAD new: [Permitted] Camden/2024/0176/L — Frognal House 99 Frognal London NW3 6XR
2026-10-01 11:52:28 INFO LEAD new: [Permitted] Camden/2024/1523/L — Flat Basement And Ground Floor 63 Albert Street London Camde
2026-10-01 11:52:28 INFO LEAD new: [Permitted] Camden/2024/0382/P — 50C Red Lion Street London WC1R 4PF
2026-10-01 11:52:28 INFO LEAD new: [Permitted] Camden/2024/0369/P — Flat A 43 Dartmouth Park Hill London NW5 1HU
2026-10-01 11:52:28 INFO LEAD new: [Permitted] Camden/2024/0344/P — 10 Park Village West London Camden NW1 4AE
2026-10-01 11:52:28 INFO LEAD new: [Permitted] Camden/2023/4894/P — Flat 2 29 Belsize Park Gardens London NW3 4JH
2026-10-01 11:52:28 INFO LEAD new: [Permitted] Camden/2024/0351/P — 4 Medway Court Judd Street London WC1H 9QX
2026-10-01 11:52:28 INFO LEAD new: [Permitted] Camden/2024/0340/L — Unit 2 Coal Drops Yard London N1C 4DQ
2026-10-01 11:52:29 INFO LEAD new: [Permitted] Camden/2024/1776/A — 10 Charlotte Street London Camden W1T 2LT
2026-10-01 11:52:29 INFO LEAD new: [Permitted] Camden/2024/0491/P — 18 Greville Place London NW6 5JH
2026-10-01 11:52:29 INFO LEAD new: [Permitted] Camden/2023/5083/L — 33 Great Queen Street London Camden WC2B 5AA
2026-10-01 11:52:35 WARNING Rate limited (429); waiting 1720s before retry 1/6
2026-10-01 12:21:16 WARNING Request failed (403 Client Error: Forbidden for url: https://www.planit.org.uk/api/applics/json?app_state=Permitted&start_date=2023-10-01&end_date=2026-10-01&pg_sz=100&auth=Camden&offset=9500); retry 2/6 in 10s
2026-10-01 12:21:27 INFO [camden/Permitted] page at offset 9500: 100 records
2026-10-01 12:21:27 INFO LEAD new: [Permitted] Camden/2024/0493/P — 26 Queen's Grove London NW8 6HJ
2026-10-01 12:21:27 INFO LEAD new: [Permitted] Camden/2024/0315/P — 21 Scala Street London Camden W1T 2HW
2026-10-01 12:21:27 INFO LEAD new: [Permitted] Camden/2024/0323/P — Abbey Estate 3 Abbey Road London NW6 4DX
2026-10-01 12:21:27 INFO LEAD new: [Permitted] Camden/2024/0330/P — 1 Basinghall Avenue London EC2V 5DD
2026-10-01 12:21:27 INFO LEAD new: [Permitted] Camden/2024/0320/P — 83 Belsize Park Gardens London NW3 4NJ
2026-10-01 12:21:27 INFO LEAD new: [Permitted] Camden/2024/0327/P — Plot S4 Kings Cross Central York Way London
2026-10-01 12:21:27 INFO LEAD new: [Permitted] Camden/2024/0328/P — Flat 1 33 Hillfield Road London NW6 1QD
2026-10-01 12:21:27 INFO LEAD new: [Permitted] Camden/2024/0326/P — 17 Pond Street London Camden NW3 2PN
2026-10-01 12:21:27 INFO LEAD new: [Permitted] Camden/2024/0324/P — Flat 1 33 Hillfield Road London Camden NW6 1QD
2026-10-01 12:21:27 INFO LEAD new: [Permitted] Camden/2024/0309/HS2 — Hampstead Road Bridge
2026-10-01 12:21:27 INFO LEAD new: [Permitted] Camden/2024/0310/P — 7-8 Early Mews London NW1 7HG
2026-10-01 12:21:28 INFO LEAD new: [Permitted] Camden/2024/0302/P — 44 Lamble Street London NW5 4AS
2026-10-01 12:21:28 INFO LEAD new: [Permitted] Camden/2024/0308/P — 18 Flat B Frognal Lane London Camden NW3 7DT
2026-10-01 12:21:28 INFO LEAD new: [Permitted] Camden/2024/0338/L — 25 John Street London WC1N 2BS
2026-10-01 12:21:28 INFO LEAD new: [Permitted] Camden/2024/0306/P — 23 Boscastle Road London NW5 1EE
2026-10-01 12:21:28 INFO LEAD new: [Permitted] Camden/2024/0313/A — 15 Warren Mews London W1T 6AZ
2026-10-01 12:21:28 INFO LEAD new: [Permitted] Camden/2024/0314/P — 14-16 Leeke Street London Camden WC1X 9HJ
2026-10-01 12:21:28 INFO LEAD new: [Permitted] Camden/2024/0300/P — 527 Finchley Road London Camden NW3 7BG
2026-10-01 12:21:28 INFO LEAD new: [Permitted] Camden/2023/4503/P — Ground Floor Flat 101 Canfield Gardens London NW6 3DY
2026-10-01 12:21:28 INFO LEAD new: [Permitted] Camden/2024/0294/P — 60 South Hill Park London NW3 2SJ
2026-10-01 12:21:28 INFO LEAD new: [Permitted] Camden/2024/0295/P — 97-99 Theatre House Camden High Street London Camden NW1 7JN
2026-10-01 12:21:28 INFO LEAD new: [Permitted] Camden/2024/0287/P — 49 Willow Road London NW3 1TS
2026-10-01 12:21:28 INFO LEAD new: [Permitted] Camden/2024/0296/P — 100 & 88 Gray's Inn Road and 127 Clerkenwell Road London WC1
2026-10-01 12:21:28 INFO LEAD new: [Permitted] Camden/2023/5387/L — 5 The Grove London Camden N6 6JU
2026-10-01 12:21:28 INFO LEAD new: [Permitted] Camden/2023/5171/P — 2-3 Triton Square London NW1 3AN
2026-10-01 12:21:28 INFO LEAD new: [Permitted] Camden/2024/0276/P — 140-146 Camden Street London NW1 9PF
2026-10-01 12:21:28 INFO LEAD new: [Permitted] Camden/2024/0270/P — 14 Greenaway Gardens London NW3 7DH
2026-10-01 12:21:28 INFO LEAD new: [Permitted] Camden/2024/0285/P — Garages adjacent to Durston, Cannington and Ashington blocks
2026-10-01 12:21:28 INFO LEAD new: [Permitted] Camden/2024/0062/P — 2 Ainger Road London NW3 3AR
2026-10-01 12:21:28 INFO LEAD new: [Permitted] Camden/2023/5355/P — 49 Willow Road London NW3 1TS
2026-10-01 12:21:28 INFO LEAD new: [Permitted] Camden/2024/0281/P — Regent's Park Outer Circle London NW1 4NR
2026-10-01 12:21:28 INFO LEAD new: [Permitted] Camden/2024/0273/P — 34 Meadowbank London NW3 3AY
2026-10-01 12:21:28 INFO LEAD new: [Permitted] Camden/2024/0240/P — 2 Well Road London NW3 1LJ
2026-10-01 12:21:28 INFO LEAD new: [Permitted] Camden/2024/0262/L — Stables Market Chalk Farm Road Camden NW1 8AJ
2026-10-01 12:21:28 INFO LEAD new: [Permitted] Camden/2023/4152/P — 7 Rothwell Street London NW1 8YH
2026-10-01 12:21:28 INFO LEAD new: [Permitted] Camden/2024/0265/P — St Pancras Hospital 4 St Pancras Way London Camden NW1 0PE
2026-10-01 12:21:28 INFO LEAD new: [Permitted] Camden/2024/0267/P — Block B Agar Grove Estate London NW1 9SS
2026-10-01 12:21:28 INFO LEAD new: [Permitted] Camden/2024/0271/TC — Plough 27 Museum Street London WC1A 1LH
2026-10-01 12:21:28 INFO LEAD new: [Permitted] Camden/2024/0256/P — Flat 5 7 Weech Road London NW6 1DL
2026-10-01 12:21:28 INFO LEAD new: [Permitted] Camden/2024/0264/P — St Pancras Hospital 4 St Pancras Way London Camden NW1 0PE
2026-10-01 12:21:28 INFO LEAD new: [Permitted] Camden/2024/0235/P — 75 High Holborn London WC1V 6LS
2026-10-01 12:21:28 INFO LEAD new: [Permitted] Camden/2024/0237/A — 28 Basement And Ground Floor Goodge Street London W1T 2QQ
2026-10-01 12:21:28 INFO LEAD new: [Permitted] Camden/2024/0234/P — 75 High Holborn London WC1V 6LS
2026-10-01 12:21:28 INFO LEAD new: [Permitted] Camden/2024/0248/P — 20 Triton Street London NW1 3BF
2026-10-01 12:21:28 INFO LEAD new: [Permitted] Camden/2023/4842/P — 3-4 South Square London WC1R 5HP
2026-10-01 12:21:28 INFO LEAD new: [Permitted] Camden/2023/4852/L — 2 Millfield Place London N6 6JP
2026-10-01 12:21:28 INFO LEAD new: [Permitted] Camden/2023/3080/P — Flat A 60 Parkway London NW1 7AH
2026-10-01 12:21:28 INFO LEAD new: [Permitted] Camden/2024/0227/P — 13 South Hill Park Gardens Camden NW3 2TD
2026-10-01 12:21:28 INFO LEAD new: [Permitted] Camden/2024/0238/P — 123 Elaine Court, Flat 19 Haverstock Hill London Camden NW3 
2026-10-01 12:21:28 INFO LEAD new: [Permitted] Camden/2024/0233/P — Building P2 2-8 Lewis Cubitt Square London N1C 4DY
2026-10-01 12:21:28 INFO LEAD new: [Permitted] Camden/2024/0215/L — 25 John Street London WC1N 2BS
2026-10-01 12:21:28 INFO LEAD new: [Permitted] Camden/2024/0217/A — County Hotel Upper Woburn Place London WC1H 0JW
2026-10-01 12:21:28 INFO LEAD new: [Permitted] Camden/2024/0553/L — Working Mens College 44-46 Crowndale Road London NW1 1TR
2026-10-01 12:21:28 INFO LEAD new: [Permitted] Camden/2024/0224/P — 59 Dartmouth Park Road London NW5 1SL
2026-10-01 12:21:28 INFO LEAD new: [Permitted] Camden/2024/0214/A — 219 Camden High St London NW1 8QR
2026-10-01 12:21:28 INFO LEAD new: [Permitted] Camden/2024/0056/P — Flat 3 26 Belsize Park London NW3 4DU
2026-10-01 12:21:28 INFO LEAD new: [Permitted] Camden/2023/5189/P — 20 Crediton Hill London NW6 1HP
2026-10-01 12:21:28 INFO LEAD new: [Permitted] Camden/2023/3503/P — 325 Kentish Town Road London NW5 2TJ
2026-10-01 12:21:28 INFO LEAD new: [Permitted] Camden/2024/0216/L — 44 Downshire Hill London NW3 1NU
2026-10-01 12:21:28 INFO LEAD new: [Permitted] Camden/2024/0223/P — 24 Endell Street London WC2H 9HQ
2026-10-01 12:21:28 INFO LEAD new: [Permitted] Camden/2024/1090/L — Stables Building in the land to the rear of Hampstead Police
2026-10-01 12:21:28 INFO LEAD new: [Permitted] Camden/2024/0191/P — Central Somers Town Covering Land At Polygon Road Open Space
2026-10-01 12:21:28 INFO LEAD new: [Permitted] Camden/2024/0203/L — 37-63 Victoria House Southampton Row London Camden WC1B 4DA
2026-10-01 12:21:28 INFO LEAD new: [Permitted] Camden/2023/4612/P — 14 St Paul's Crescent London NW1 9XL
2026-10-01 12:21:28 INFO LEAD new: [Permitted] Camden/2024/0188/P — 32 Messina Avenue London NW6 4LD
2026-10-01 12:21:28 INFO LEAD new: [Permitted] Camden/2024/0197/L — 189 North Gower Street London NW1 2NJ
2026-10-01 12:21:35 INFO [camden/Permitted] page at offset 9600: 100 records
2026-10-01 12:21:35 INFO LEAD new: [Permitted] Camden/2023/4917/P — Neasden Goods Depot Neasden Lane London NW10 2UG
2026-10-01 12:21:35 INFO LEAD new: [Permitted] Camden/2023/5376/L — 23, 24 Hampstead High Street London Camden NW3 1QA
2026-10-01 12:21:35 INFO LEAD new: [Permitted] Camden/2024/0206/L — 7 Provost Road London NW3 4ST
2026-10-01 12:21:35 INFO LEAD new: [Permitted] Camden/2024/0204/A — 23, 24 Hampstead High Street London Camden NW3 1QA
2026-10-01 12:21:35 INFO LEAD new: [Permitted] Camden/2024/0205/L — 5 Lincoln's Inn Fields London Camden WC2A 3BP
2026-10-01 12:21:35 INFO LEAD new: [Permitted] Camden/2024/0184/P — Froxfield House 33 And A Half Mill Lane NW6 1NZ
2026-10-01 12:21:35 INFO LEAD new: [Permitted] Camden/2023/5142/L — 40-41 Ruskin House, Offices And Premises At Basement 2nd Flo
2026-10-01 12:21:35 INFO LEAD new: [Permitted] Camden/2024/0183/P — Gillian Lynne Theatre 166 Drury Lane London WC2B 5PW
2026-10-01 12:21:35 INFO LEAD new: [Permitted] Camden/2024/0178/PVL — The Little Baker 94 Camden High Street London NW1 0LT
2026-10-01 12:21:35 INFO LEAD new: [Permitted] Camden/2023/5006/P — 3 Lambolle Place London NW3 4PD
2026-10-01 12:21:35 INFO LEAD new: [Permitted] Camden/2024/0151/P — 2 Millfield Place London N6 6JP
2026-10-01 12:21:35 INFO LEAD new: [Permitted] Camden/2024/0156/P — 30 Ferncroft Avenue London NW3 7PH
2026-10-01 12:21:35 INFO LEAD new: [Permitted] Camden/2024/0150/A — The Heals Building, The Telephone Exchange and Minerva House
2026-10-01 12:21:35 INFO LEAD new: [Permitted] Camden/2024/0158/P — Land adjacent to 16 - 19 Percy Street W1T 1DT
2026-10-01 12:21:35 INFO LEAD new: [Permitted] Camden/2023/4442/P — 62 Parkway London NW1 7AH
2026-10-01 12:21:35 INFO LEAD new: [Permitted] Camden/2023/5052/P — 162 - 164 Finchley Road London NW3 5HE
2026-10-01 12:21:35 INFO LEAD new: [Permitted] Camden/2024/0147/P — Space House 1 Kemble Street and 43-59 Kingsway London WC2B 6
2026-10-01 12:21:35 INFO LEAD new: [Permitted] Camden/2023/5125/L — University Of London Malet Street London Camden WC1E 7HU
2026-10-01 12:21:35 INFO LEAD new: [Permitted] Camden/2024/0144/P — Units 2 and 3 10 and 12 Mount Pleasant London WC1X 0BU
2026-10-01 12:21:35 INFO LEAD new: [Permitted] Camden/2024/0142/P — 132 Leighton Road London NW5 2RG
2026-10-01 12:21:35 INFO LEAD new: [Permitted] Camden/2024/0126/P — 115 - 121 Finchley Road London NW3 6HY
2026-10-01 12:21:35 INFO LEAD new: [Permitted] Camden/2024/0128/L — School Of Oriental And African Studies 10 Thornhaugh Street 
2026-10-01 12:21:35 INFO LEAD new: [Permitted] Camden/2023/5050/P — Maple House 149 Tottenham Court Road London W1T 7NF
2026-10-01 12:21:35 INFO LEAD new: [Permitted] Camden/2024/0099/P — 4 Ellerdale Close London Camden NW3 6BE
2026-10-01 12:21:35 INFO LEAD new: [Permitted] Camden/2024/0110/P — 59-61 Zeppelin Building, Offices And Premises At 1st Floor F
2026-10-01 12:21:35 INFO LEAD new: [Permitted] Camden/2024/0112/P — Belgrove House Belgrove Street London WC1H 8AA
2026-10-01 12:21:35 INFO LEAD new: [Permitted] Camden/2024/0113/P — Kilburn Arches 366 - 366a Kilburn High Road London NW6 2QH
2026-10-01 12:21:35 INFO LEAD new: [Permitted] Camden/2024/0114/P — Kilburn Arches 366 - 366a Kilburn High Road London NW6 2QH
2026-10-01 12:21:35 INFO LEAD new: [Permitted] Camden/2024/0115/P — Garages 1 To 16 Canfield Place London NW6 3BT
2026-10-01 12:21:35 INFO LEAD new: [Permitted] Camden/2024/0118/A — Francis Crick Institute 1 Midland Road London NW1 1AT
2026-10-01 12:21:35 INFO LEAD new: [Permitted] Camden/2024/0108/P — Fraser Regnart Court Southampton Road London Camden NW5 4HU
2026-10-01 12:21:35 INFO LEAD new: [Permitted] Camden/2024/0127/P — 30 - 33 Minories And Writers House 13 Haydon Street London E
2026-10-01 12:21:35 INFO LEAD new: [Permitted] Camden/2024/0028/L — Flat 1 188 North Gower Street London Camden NW1 2NB
2026-10-01 12:21:35 INFO LEAD new: [Permitted] Camden/2023/5442/L — 5 Lincoln's Inn Fields London Camden WC2A 3BP
2026-10-01 12:21:35 INFO LEAD new: [Permitted] Camden/2023/5249/L — Flat 1 184 North Gower Street London Camden NW1 2NB
2026-10-01 12:21:35 INFO LEAD new: [Permitted] Camden/2023/4957/P — 22 Belsize Lane London Camden NW3 5AB
2026-10-01 12:21:35 INFO LEAD new: [Permitted] Camden/2023/4615/P — Flat Ground Floor 80 Priory Road London NW6 3NT
2026-10-01 12:21:35 INFO LEAD new: [Permitted] Camden/2024/0093/P — 33 Tanza Road London NW3 2UA
2026-10-01 12:21:35 INFO LEAD new: [Permitted] Camden/2024/0080/PVL — Sir John Oldcastle 29-35 Farringdon Road London EC1M 3JF
2026-10-01 12:21:35 INFO LEAD new: [Permitted] Camden/2024/0077/P — 170 Kiln Place London NW5 4AP
2026-10-01 12:21:35 INFO LEAD new: [Permitted] Camden/2024/0084/P — Ornan Court 2 Ornan Road London NW3 4PT
2026-10-01 12:21:35 INFO LEAD new: [Permitted] Camden/2023/5181/P — 22 Holmes Road London NW5 3AB
2026-10-01 12:21:35 INFO LEAD new: [Permitted] Camden/2024/0081/P — 129 Brecknock Road London N19 5AE
2026-10-01 12:21:35 INFO LEAD new: [Permitted] Camden/2024/0072/P — 57-59 Neal Street London WC2H 9PP
2026-10-01 12:21:35 INFO LEAD new: [Permitted] Camden/2023/5281/P — 82 Mill Lane London NW6 1NL
2026-10-01 12:21:42 INFO [camden/Permitted] page at offset 9700: 100 records
2026-10-01 12:21:42 INFO LEAD new: [Permitted] Camden/2024/0071/P — St Johns Lodge, The Studio Harley Road London NW3 3BY
2026-10-01 12:21:42 INFO LEAD new: [Permitted] Camden/2024/0065/P — 76 Lawn Road London Camden NW3 2XB
2026-10-01 12:21:42 INFO LEAD new: [Permitted] Camden/2024/0194/L — 39 Earlham Street London WC2H 9LT
2026-10-01 12:21:42 INFO LEAD new: [Permitted] Camden/2024/0073/P — 39 Earlham Street London WC2H 9LT
2026-10-01 12:21:42 INFO LEAD new: [Permitted] Camden/2023/4961/P — Flat 1st Floor 47 Hampstead High Street London NW3 1QG
2026-10-01 12:21:42 INFO LEAD new: [Permitted] Camden/2024/0057/P — 7 The Grove London N6 6JU
2026-10-01 12:21:42 INFO LEAD new: [Permitted] Camden/2024/0064/P — Fairhurst Compayne Gardens London NW6 3DJ
2026-10-01 12:21:42 INFO LEAD new: [Permitted] Camden/2024/0970/L — Flat C 13 Northington Street London WC1N 2NT
2026-10-01 12:21:42 INFO LEAD new: [Permitted] Camden/2024/1169/L — 7 The Grove London N6 6JU
2026-10-01 12:21:42 INFO LEAD new: [Permitted] Camden/2023/5228/P — 171 Camden High Street London NW1 7JY
2026-10-01 12:21:42 INFO LEAD new: [Permitted] Camden/2024/0068/P — Flat C 13 Northington Street London WC1N 2NT
2026-10-01 12:21:42 INFO LEAD new: [Permitted] Camden/2023/4833/P — 7 Rochester Road London Camden NW1 9JH
2026-10-01 12:21:42 INFO LEAD new: [Permitted] Camden/2023/5174/P — 41 Doughty Street London WC1N 2LF
2026-10-01 12:21:42 INFO LEAD new: [Permitted] Camden/2023/5392/P — 25 Oakhill Avenue London NW3 7RD
2026-10-01 12:21:42 INFO LEAD new: [Permitted] Camden/2024/0043/P — 173 Arlington Road London NW1 7EY
2026-10-01 12:21:42 INFO LEAD new: [Permitted] Camden/2024/0049/P — 52 Avenue Road London Camden NW8 6HS
2026-10-01 12:21:42 INFO LEAD new: [Permitted] Camden/2024/0038/P — Youth Club 25 Bertram Street London N19 5DQ
2026-10-01 12:21:42 INFO LEAD new: [Permitted] Camden/2024/0036/P — 14 Sarre Road London NW2 3SL
2026-10-01 12:21:42 INFO LEAD new: [Permitted] Camden/2024/0040/P — 31-37 Whitfield Street London W1T 2SF
2026-10-01 12:21:42 INFO LEAD new: [Permitted] Camden/2024/0063/P — 107 Long Acre London WC2E 9NT
2026-10-01 12:21:42 INFO LEAD new: [Permitted] Camden/2024/0035/P — 30 Chalcot Road London Camden NW1 8LN
2026-10-01 12:21:42 INFO LEAD new: [Permitted] Camden/2024/0111/TC — Wagamama 123 Kingsway London WC2B 6PQ
2026-10-01 12:21:42 INFO LEAD new: [Permitted] Camden/2024/0023/P — Central Somers Town Covering Land At Polygon Road Open Space
2026-10-01 12:21:42 INFO LEAD new: [Permitted] Camden/2024/0024/P — Paramount Court 41 University Street London EC1E 6JP
2026-10-01 12:21:42 INFO LEAD new: [Permitted] Camden/2024/0026/P — Central Somers Town Covering Land At Polygon Road Open Space
2026-10-01 12:21:42 INFO LEAD new: [Permitted] Camden/2024/0020/P — Block B Agar Grove Estate London NW1 9SS
2026-10-01 12:21:42 INFO LEAD new: [Permitted] Camden/2024/0025/P — 2-6 St Pancras Way London NW1 0TB
2026-10-01 12:21:42 INFO LEAD new: [Permitted] Camden/2024/0031/P — Garden Studios 11-15 Betterton Street London WC2H 9FE
2026-10-01 12:21:42 INFO LEAD new: [Permitted] Camden/2024/0015/L — 16 Church Row London Camden NW3 6UP
2026-10-01 12:21:42 INFO LEAD new: [Permitted] Camden/2024/0016/P — 69 Patshull Road London NW5 2LE
2026-10-01 12:21:42 INFO LEAD new: [Permitted] Camden/2024/0019/P — Block B Agar Grove Estate London NW1 9SS
2026-10-01 12:21:42 INFO LEAD new: [Permitted] Camden/2024/0029/P — 100 Chalk Farm Road London NW1 8EH
2026-10-01 12:21:42 INFO LEAD new: [Permitted] Camden/2023/5185/P — 15 Lymington Road London Camden NW6 1HX
2026-10-01 12:21:42 INFO LEAD new: [Permitted] Camden/2023/2672/P — 1 Conybeare London NW3 3SD
2026-10-01 12:21:42 INFO LEAD new: [Permitted] Camden/2024/0006/P — 18 Vine Hill Camden EC1R 5DZ
2026-10-01 12:21:42 INFO LEAD new: [Permitted] Camden/2024/0005/P — 1 A Akenside Road London Camden NW3 5BS
2026-10-01 12:21:42 INFO LEAD new: [Permitted] Camden/2024/0014/P — 73 Ravenshaw Street London NW6 1NP
2026-10-01 12:21:42 INFO LEAD new: [Permitted] Camden/2024/0004/P — 26 Willes Road London NW5 3DS
2026-10-01 12:21:42 INFO LEAD new: [Permitted] Camden/2023/5486/P — 1 Tranley Mews London NW3 2DG
2026-10-01 12:21:42 INFO LEAD new: [Permitted] Camden/2023/5485/P — Basement Flat 24 Kemplay Road London NW3 1SY
2026-10-01 12:21:42 INFO LEAD new: [Permitted] Camden/2023/5488/P — 8 Richardson's Mews London W1T 6BS
2026-10-01 12:21:42 INFO LEAD new: [Permitted] Camden/2023/5480/P — 133 Haverstock Hill London NW3 4RU
2026-10-01 12:21:42 INFO LEAD new: [Permitted] Camden/2023/5476/P — Tribeca - The Apex 2 - 6 St Pancras Way London NW1 0TB
2026-10-01 12:21:42 INFO LEAD new: [Permitted] Camden/2023/5475/P — 32 Horton Avenue London NW2 2SA
2026-10-01 12:21:42 INFO LEAD new: [Permitted] Camden/2023/4886/P — Flat A 8 Gaisford Street London NW5 2ED
2026-10-01 12:21:42 INFO LEAD new: [Permitted] Camden/2023/5004/P — 16 Flat 2nd Floor Glenmore Road London Camden NW3 4DB
2026-10-01 12:21:42 INFO LEAD new: [Permitted] Camden/2023/5463/P — 27 Sherriff Road London NW6 2AS
2026-10-01 12:21:42 INFO LEAD new: [Permitted] Camden/2023/5474/P — 38 Pattison Road, London, NW2 2HJ
2026-10-01 12:21:42 INFO LEAD new: [Permitted] Camden/2023/5467/P — 88 & 100 Gray's Inn Road 127 Clerkenwell Road London WC1X 8A
2026-10-01 12:21:42 INFO LEAD new: [Permitted] Camden/2023/5469/P — 88 &100 Gray's Inn Road 127 Clerkenwell Road London
2026-10-01 12:21:42 INFO LEAD new: [Permitted] Camden/2023/5458/P — 8 Robin Grove London N6 6NY
2026-10-01 12:21:42 INFO LEAD new: [Permitted] Camden/2023/5454/P — Jamestown Wharf 32 Jamestown Road London NW1 7BY
2026-10-01 12:21:42 INFO LEAD new: [Permitted] Camden/2023/2101/A — 167a Finchley Road London NW3 6LB
2026-10-01 12:21:42 INFO LEAD new: [Permitted] Camden/2023/5439/P — 86 Cromer Street London Camden WC1H 8DG
2026-10-01 12:21:42 INFO LEAD new: [Permitted] Camden/2023/5444/L — 2-7 St Chad's Street London Camden WC1H 8BD
2026-10-01 12:21:42 INFO LEAD new: [Permitted] Camden/2023/5450/P — Flat 2 77 Aberdare Gardens London NW6 3AN
2026-10-01 12:21:42 INFO LEAD new: [Permitted] Camden/2023/5448/P — Plot S4 Kings Cross Central York Way London
2026-10-01 12:21:42 INFO LEAD new: [Permitted] Camden/2024/0430/L — Rosslyn Hill Unitarian Chapel Rosslyn Hill London NW3 1NG
2026-10-01 12:21:42 INFO LEAD new: [Permitted] Camden/2023/5436/P — Rosslyn Hill Unitarian Chapel Rosslyn Hill London NW3 1NG
2026-10-01 12:21:42 INFO LEAD new: [Permitted] Camden/2024/0042/P — 13 - 15 John's Mews London WC1N 2PA
2026-10-01 12:21:42 INFO LEAD new: [Permitted] Camden/2023/5453/P — Jamestown Wharf 32 Jamestown Road London NW1 7BY
2026-10-01 12:21:42 INFO LEAD new: [Permitted] Camden/2023/5455/A — Great Ormond Street Childrens Hospital Great Ormond Street L
2026-10-01 12:21:42 INFO LEAD new: [Permitted] Camden/2023/5441/P — Talacre Community Sports Centre Prince of Wales Road London 
2026-10-01 12:21:42 INFO LEAD new: [Permitted] Camden/2023/5446/P — 38 Priory Road London Camden NW6 4SJ
2026-10-01 12:21:43 INFO LEAD new: [Permitted] Camden/2023/5435/P — Flat Basement Rear 5a Belsize Square London NW3 4HT
2026-10-01 12:21:43 INFO LEAD new: [Permitted] Camden/2023/5438/P — Highgate New Town Community Centre 25 Bertram Street London 
2026-10-01 12:21:43 INFO LEAD new: [Permitted] Camden/2023/5437/L — 14 Highgate West Hill London N6 6JR
2026-10-01 12:21:43 INFO LEAD new: [Permitted] Camden/2023/5409/P — 17 Hampstead Hill Gardens London Camden NW3 2PH
2026-10-01 12:21:43 INFO LEAD new: [Permitted] Camden/2023/5426/L — 41 Doughty Street London WC1N 2LF
2026-10-01 12:21:43 INFO LEAD new: [Permitted] Camden/2023/5030/L — BMA House 13 Tavistock Square London Camden WC1H 9JP
2026-10-01 12:21:43 INFO LEAD new: [Permitted] Camden/2023/5419/P — 11 Woodyard Close London NW5 4BU
2026-10-01 12:21:43 INFO LEAD new: [Permitted] Camden/2023/5433/P — 14 Highgate West Hill London N6 6JR
2026-10-01 12:21:43 INFO LEAD new: [Permitted] Camden/2023/5413/P — Flat 1 18 Platt's Lane London NW3 7NS
2026-10-01 12:21:49 INFO [camden/Permitted] page at offset 9800: 100 records
2026-10-01 12:21:49 INFO LEAD new: [Permitted] Camden/2023/5434/L — Great Northern Hotel Pancras Road London Camden N1C 4TB
2026-10-01 12:21:49 INFO LEAD new: [Permitted] Camden/2023/5420/P — 26B St Edmund's Terrace London NW8 7QB
2026-10-01 12:21:49 INFO LEAD new: [Permitted] Camden/2023/5424/P — 70 St Augustine's Road London NW1 9RP
2026-10-01 12:21:49 INFO LEAD new: [Permitted] Camden/2023/5430/P — 19 Kingswear Road Camden NW5 1EU
2026-10-01 12:21:49 INFO LEAD new: [Permitted] Camden/2023/5418/P — 11 Woodyard Close London NW5 4BU
2026-10-01 12:21:49 INFO LEAD new: [Permitted] Camden/2024/1141/A — 18 Vine Hill London EC1R 5DZ
2026-10-01 12:21:49 INFO LEAD new: [Permitted] Camden/2023/5423/P — Francis Crick Institute 1 Midland Road London NW1 1AT
2026-10-01 12:21:49 INFO LEAD new: [Permitted] Camden/2024/0162/L — 52 Doughty Street London Camden WC1N 2LS
2026-10-01 12:21:49 INFO LEAD new: [Permitted] Camden/2023/5428/P — 85 Gray's Inn Road London WC1X 8TX
2026-10-01 12:21:49 INFO LEAD new: [Permitted] Camden/2023/5425/P — 18 Vine Hill London EC1R 5DZ
2026-10-01 12:21:49 INFO LEAD new: [Permitted] Camden/2023/5421/P — 100 Haverstock Hill London NW3 2BD
2026-10-01 12:21:49 INFO LEAD new: [Permitted] Camden/2023/5344/P — 8 Dartmouth Park Road London NW5 1SY
2026-10-01 12:21:49 INFO LEAD new: [Permitted] Camden/2024/0932/P — 24 - 32 Winscombe Street London N19 5DG
2026-10-01 12:21:49 INFO LEAD new: [Permitted] Camden/2023/5384/L — 24 - 32 Winscombe Street London N19 5DG
2026-10-01 12:21:49 INFO LEAD new: [Permitted] Camden/2023/5341/P — Camden Goods Yard Chalk Farm Road London NW1 8EH
2026-10-01 12:21:49 INFO LEAD new: [Permitted] Camden/2023/5351/P — 24-28 Bloomsbury Way London WC1A 2SN
2026-10-01 12:21:49 INFO LEAD new: [Permitted] Camden/2023/5335/P — 5 Hillway London Camden N6 6QB
2026-10-01 12:21:49 INFO LEAD new: [Permitted] Camden/2023/5393/P — 19 Cannon Place London Camden NW3 1EH
2026-10-01 12:21:49 INFO LEAD new: [Permitted] Camden/2023/5359/L — 39 Downshire Hill London NW3 1NU
2026-10-01 12:21:49 INFO LEAD new: [Permitted] Camden/2023/5357/P — 47 Queen's Grove London NW8 6HH
2026-10-01 12:21:49 INFO LEAD new: [Permitted] Camden/2023/5369/P — Garden Flat 32 South Hill Park London NW3 2SJ
2026-10-01 12:21:49 INFO LEAD new: [Permitted] Camden/2023/5348/P — 5 The Grove and Highgate Green London N6 6JU
2026-10-01 12:21:49 INFO LEAD new: [Permitted] Camden/2023/5368/P — 20 Eton Villas London NW3 4SG
2026-10-01 12:21:49 INFO LEAD new: [Permitted] Camden/2023/5404/P — 232 Kilburn High Road London NW6 4JP
2026-10-01 12:21:49 INFO LEAD new: [Permitted] Camden/2024/0920/L — 20 Eton Villas London NW3 4SG
2026-10-01 12:21:49 INFO LEAD new: [Permitted] Camden/2023/5364/P — 156 A Royal College Street London NW1 0TA
2026-10-01 12:21:49 INFO LEAD new: [Permitted] Camden/2023/5353/P — Flat A 25 Chetwynd Road London NW5 1BX
2026-10-01 12:21:49 INFO LEAD new: [Permitted] Camden/2023/5402/P — 11 Cannon Lane London NW3 1EL
2026-10-01 12:21:49 INFO LEAD new: [Permitted] Camden/2023/5363/P — 37 Sumatra Road London NW6 1PS
2026-10-01 12:21:49 INFO LEAD new: [Permitted] Camden/2023/5313/P — Maple House 149 Tottenham Court Road London W1T 7NF
2026-10-01 12:21:49 INFO LEAD new: [Permitted] Camden/2023/5379/L — Camden Sainsbury's 17-21 Camden Road London NW1 9LJ
2026-10-01 12:21:49 INFO LEAD new: [Permitted] Camden/2023/5330/P — 80 Agamemnon Road London NW6 1EH
2026-10-01 12:21:49 INFO LEAD new: [Permitted] Camden/2023/5350/P — 2 Elsworthy Terrace London NW3 3DR
2026-10-01 12:21:49 INFO LEAD new: [Permitted] Camden/2023/5374/P — The Coach House 2 Briardale Gardens London NW3 7PP
2026-10-01 12:21:49 INFO LEAD new: [Permitted] Camden/2023/5298/P — Block B Agar Grove Estate London NW1 9SS
2026-10-01 12:21:49 INFO LEAD new: [Permitted] Camden/2023/5395/P — Block C Agar Grove Estate London NW1 9SS
2026-10-01 12:21:49 INFO LEAD new: [Permitted] Camden/2023/5349/P — 59 Constantine Road London NW3 2LP
2026-10-01 12:21:49 INFO LEAD new: [Permitted] Camden/2023/5347/P — 35 Heath Hurst Road London NW3 2RU
2026-10-01 12:21:49 INFO LEAD new: [Permitted] Camden/2023/5405/P — 5 Wildwood Grove London NW3 7HU
2026-10-01 12:21:49 INFO LEAD new: [Permitted] Camden/2023/5401/P — 4 Wildwood Grove London NW3 7HU
2026-10-01 12:21:49 INFO LEAD new: [Permitted] Camden/2023/5340/P — Flat A 26 Princess Road London Camden NW1 8JL
2026-10-01 12:21:49 INFO LEAD new: [Permitted] Camden/2023/5373/P — 2 A West Hampstead Mews London Camden NW6 3BB
2026-10-01 12:21:49 INFO LEAD new: [Permitted] Camden/2023/5314/P — 25 Monmouth Street London Camden WC2H 9DD
2026-10-01 12:21:49 INFO LEAD new: [Permitted] Camden/2023/5327/P — Flat A 100 Savernake Road London NW3 2JR
2026-10-01 12:21:49 INFO LEAD new: [Permitted] Camden/2023/5346/P — Site adjacent to Bisham Gardens and Swain's Lane London N6 6
2026-10-01 12:21:50 INFO LEAD new: [Permitted] Camden/2023/5303/P — Lower Flat 191 Brecknock Road London N19 5AB
2026-10-01 12:21:50 INFO LEAD new: [Permitted] Camden/2023/5332/L — 4 Mornington Crescent London NW1 7RH
2026-10-01 12:21:50 INFO LEAD new: [Permitted] Camden/2023/5312/P — Maple House 149 Tottenham Court Road London W1T 7NF
2026-10-01 12:21:50 INFO LEAD new: [Permitted] Camden/2023/5329/P — Flat A 17 Chesterford Gardens London NW3 7DD
2026-10-01 12:21:50 INFO LEAD new: [Permitted] Camden/2023/5356/P — The Coach House 26A Upper Park Road London NW3 2UT
2026-10-01 12:21:50 INFO LEAD new: [Permitted] Camden/2023/5367/P — First and Second Floor Flats 33 South End Road London NW3 2P
2026-10-01 12:21:50 INFO LEAD new: [Permitted] Camden/2023/5345/P — 35 Heath Hurst Road London NW3 2RU
2026-10-01 12:21:50 INFO LEAD new: [Permitted] Camden/2023/5343/P — 179 Malden Road London NW5 4HT
2026-10-01 12:21:50 INFO LEAD new: [Permitted] Camden/2023/5390/P — 12 Lymington Road London NW6 1HY
2026-10-01 12:21:50 INFO LEAD new: [Permitted] Camden/2023/5337/P — Blashford Tower Block Adelaide Road London NW3 3RU
2026-10-01 12:21:50 INFO LEAD new: [Permitted] Camden/2023/5295/P — Block B Agar Grove Estate London NW1 9SS
2026-10-01 12:21:50 INFO LEAD new: [Permitted] Camden/2023/5399/P — 37 Sumatra Road London NW6 1PS
2026-10-01 12:21:50 INFO LEAD new: [Permitted] Camden/2023/5336/P — Block B Agar Grove Estate London NW1 9SS
2026-10-01 12:21:50 INFO LEAD new: [Permitted] Camden/2023/5377/P — Block B Agar Grove Estate London NW1 9SS
2026-10-01 12:21:50 INFO LEAD new: [Permitted] Camden/2023/5389/P — 58-60 Southampton Row London WC1B 4AR
2026-10-01 12:21:50 INFO LEAD new: [Permitted] Camden/2023/5383/L — 11-13 Shelton Street London WC2H 9JN
2026-10-01 12:21:50 INFO LEAD new: [Permitted] Camden/2023/5382/A — 11-13 Shelton Street London WC2H 9JN
2026-10-01 12:21:50 INFO LEAD new: [Permitted] Camden/2023/5310/P — 213-219 Camden High Street London NW1 7BT
2026-10-01 12:21:50 INFO LEAD new: [Permitted] Camden/2023/5362/P — Former Maria Fidelis School 2-10 North Gower Street London N
2026-10-01 12:21:50 INFO LEAD new: [Permitted] Camden/2023/5380/P — Block B Agar Grove Estate London NW1 9SS
2026-10-01 12:21:50 INFO LEAD new: [Permitted] Camden/2023/5325/P — 80 Agamemnon Road London Camden NW6 1EH
2026-10-01 12:21:50 INFO LEAD new: [Permitted] Camden/2023/5326/P — 13 Ebbsfleet Road London Camden NW2 3NB
2026-10-01 12:21:50 INFO LEAD new: [Permitted] Camden/2023/5371/P — 2 St Pancras Way London NW1 0QG
2026-10-01 12:21:50 INFO LEAD new: [Permitted] Camden/2023/5321/P — 61 Redington Road London NW3 7RP
2026-10-01 12:21:50 INFO LEAD new: [Permitted] Camden/2023/5328/P — Maisonette Basement And Ground Floor 89 Gloucester Avenue Lo
2026-10-01 12:21:50 INFO LEAD new: [Permitted] Camden/2023/5331/P — 149 Flat 3 York Way London N7 9LG
2026-10-01 12:21:50 INFO LEAD new: [Permitted] Camden/2023/5319/P — 61 Redington Road London Camden NW3 7RP
2026-10-01 12:21:50 INFO LEAD new: [Permitted] Camden/2023/5318/P — 61 Redington Road London NW3 7RP
2026-10-01 12:21:50 INFO LEAD new: [Permitted] Camden/2023/5385/P — 54 Pilgrim's Lane London NW3 1SN
2026-10-01 12:21:50 INFO LEAD new: [Permitted] Camden/2023/5324/P — 13 Ebbsfleet Road London NW2 3NB
2026-10-01 12:21:50 INFO LEAD new: [Permitted] Camden/2023/5400/P — 5 The Grove London Camden N6 6JU
2026-10-01 12:21:50 INFO LEAD new: [Permitted] Camden/2023/5361/P — 4 Railey Mews London Camden NW5 2PA
2026-10-01 12:21:50 INFO LEAD new: [Permitted] Camden/2023/5306/P — 20 Crediton Hill London NW6 1HP
2026-10-01 12:21:50 INFO LEAD new: [Permitted] Camden/2023/5320/P — 38 Platt's Lane London NW3 7NT
2026-10-01 12:21:50 INFO LEAD new: [Permitted] Camden/2023/4732/P — 104 West End Lane London NW6 2LS
2026-10-01 12:21:50 INFO LEAD new: [Permitted] Camden/2023/5280/P — First Floor Flat 33 South End Road London NW3 2PY
2026-10-01 12:21:50 INFO LEAD new: [Permitted] Camden/2023/4726/P — 104 West End Lane London NW6 2LS
2026-10-01 12:21:57 INFO [camden/Permitted] page at offset 9900: 100 records
2026-10-01 12:21:57 INFO LEAD new: [Permitted] Camden/2023/1381/P — 167a Finchley Road London NW3 6LB
2026-10-01 12:21:57 INFO LEAD new: [Permitted] Camden/2023/5252/P — 43 Downshire Hill London NW3 1NU
2026-10-01 12:21:57 INFO LEAD new: [Permitted] Camden/2024/0861/L — 43 Downshire Hill London NW3 1NU
2026-10-01 12:21:57 INFO LEAD new: [Permitted] Camden/2023/5260/P — Tile House Beaconsfield Street Kings Cross Central N1C 4AD L
2026-10-01 12:21:57 INFO LEAD new: [Permitted] Camden/2023/3240/A — Lyttleton Arms PH 1 Camden High Street London NW1 7JE
2026-10-01 12:21:57 INFO LEAD new: [Permitted] Camden/2023/5019/P — 11-12 Grenville Street London WC1N 1LZ
2026-10-01 12:21:57 INFO LEAD new: [Permitted] Camden/2023/5274/P — Block B Agar Grove Estate London NW1 9SS
2026-10-01 12:21:57 INFO LEAD new: [Permitted] Camden/2023/3756/P — 14 Flat C Boscastle Road London NW5 1EG
2026-10-01 12:21:57 INFO LEAD new: [Permitted] Camden/2023/5212/L — The Elms Fitzroy Park London N6 6HS
2026-10-01 12:21:57 INFO LEAD new: [Permitted] Camden/2023/4770/P — The Elms Fitzroy Park London N6 6HS
2026-10-01 12:21:57 INFO LEAD new: [Permitted] Camden/2023/4485/P — 48 Queen's Grove London NW8 6HH
2026-10-01 12:21:57 INFO LEAD new: [Permitted] Camden/2023/5263/P — Imperial Hotel 61 - 66 Russell Square London WC1B 5BA
2026-10-01 12:21:57 INFO LEAD new: [Permitted] Camden/2023/4791/P — Land to the west side of Argyle Square London WC1H 8AS
2026-10-01 12:21:57 INFO LEAD new: [Permitted] Camden/2023/3328/L — Highgate Library 59 Chester Road London Camden N19 5DH
2026-10-01 12:21:57 INFO LEAD new: [Permitted] Camden/2023/5213/P — 32 Glenhurst Avenue London NW5 1PS
2026-10-01 12:21:57 INFO LEAD new: [Permitted] Camden/2023/5177/L — 4-6 Bedford Place London Camden WC1B 5JD
2026-10-01 12:21:57 INFO LEAD new: [Permitted] Camden/2023/4838/P — 1-8 Coram Mansions Millman Street London WC1N 3EG
2026-10-01 12:21:57 INFO LEAD new: [Permitted] Camden/2023/4149/P — Flat 11 Oak Hill Lodge Oak Hill Park London NW3 7LN
2026-10-01 12:21:57 INFO LEAD new: [Permitted] Camden/2023/4176/P — Parliament Hill School Highgate Road London NW5 1RL
2026-10-01 12:21:57 INFO LEAD new: [Permitted] Camden/2023/3437/P — 45 Broomsleigh Street London NW6 1QQ
2026-10-01 12:21:57 INFO LEAD new: [Permitted] Camden/2023/5182/P — 74 Albert Street London Camden NW1 7NR
2026-10-01 12:21:57 INFO LEAD new: [Permitted] Camden/2023/5199/A — 17 Hampstead High Street London Camden NW3 1PX
2026-10-01 12:21:57 INFO LEAD new: [Permitted] Camden/2023/5178/P — 8 Hermit Place London Camden NW6 4BZ
2026-10-01 12:21:57 INFO LEAD new: [Permitted] Camden/2023/5261/P — 12B Keats Grove London NW3 2RN
2026-10-01 12:21:57 INFO LEAD new: [Permitted] Camden/2023/5191/P — 138-140 Highgate Road London NW5 1PB
2026-10-01 12:21:57 INFO LEAD new: [Permitted] Camden/2023/5190/P — Block B Agar Grove Estate London NW1 9SS
2026-10-01 12:21:57 INFO LEAD new: [Permitted] Camden/2023/5193/P — 61-63 Monmouth Street London WC2H 9EP
2026-10-01 12:21:57 INFO LEAD new: [Permitted] Camden/2024/0242/L — 61-63 Monmouth Street London WC2H 9EP
2026-10-01 12:21:57 INFO LEAD new: [Permitted] Camden/2023/5172/P — 41 Doughty Street London WC1N 2LF
2026-10-01 12:21:57 INFO LEAD new: [Permitted] Camden/2023/5179/P — 123 Castlehaven Road London NW1 8SJ
2026-10-01 12:21:57 INFO LEAD new: [Permitted] Camden/2023/5026/L — Flat 1 3 Leigh Street London WC1H 9EW
2026-10-01 12:21:57 INFO LEAD new: [Permitted] Camden/2023/5188/P — 45 Flask Walk London Camden NW3 1HH
2026-10-01 12:21:57 INFO LEAD new: [Permitted] Camden/2023/5175/L — 30-31 Great Queen Street London Camden WC2B 5AE
2026-10-01 12:21:57 INFO LEAD new: [Permitted] Camden/2023/5170/P — 23-28 Congress House Great Russell Street London Camden WC1B
2026-10-01 12:21:57 INFO LEAD new: [Permitted] Camden/2023/5197/P — Ames House 26 Netherhall Gardens London NW3 5TL
2026-10-01 12:21:57 INFO LEAD new: [Permitted] Camden/2023/5195/P — 25 Tanza Road London NW3 2UA
2026-10-01 12:21:57 INFO LEAD new: [Permitted] Camden/2023/5196/P — Block B Agar Grove Estate London NW1 9SS
2026-10-01 12:21:57 INFO LEAD new: [Permitted] Camden/2024/0246/L — 23-28 Congress House Great Russell Street London Camden WC1B
2026-10-01 12:21:57 INFO LEAD new: [Permitted] Camden/2023/5176/P — 603 Finchley Road London NW3 7BS
2026-10-01 12:21:57 INFO LEAD new: [Permitted] Camden/2023/5167/P — 142 Bayham Street London NW1 0BA
2026-10-01 12:21:57 INFO LEAD new: [Permitted] Camden/2023/4843/P — 69 Avenue Road London Camden NW8 6HP
2026-10-01 12:21:57 INFO LEAD new: [Permitted] Camden/2023/5153/P — Shop And Premises At Ground Floor 108 Kilburn High Road Lond
2026-10-01 12:21:57 INFO LEAD new: [Permitted] Camden/2023/3908/P — Johnson Building 77 Hatton Garden London Camden EC1N 8JS
2026-10-01 12:21:57 INFO LEAD new: [Permitted] Camden/2023/4667/L — 70 Flat 4 Great Russell Street London Camden WC1B 3BN
2026-10-01 12:21:57 INFO LEAD new: [Permitted] Camden/2023/4702/P — Salamander Court 135 York Way London N7 9LG
2026-10-01 12:21:57 INFO LEAD new: [Permitted] Camden/2023/5155/P — Flat 1 16 Wedderburn Road London NW3 5QG
2026-10-01 12:21:57 INFO LEAD new: [Permitted] Camden/2023/5159/P — 55 Flat B, Bassett Street London Camden NW5 4PG
2026-10-01 12:21:57 INFO LEAD new: [Permitted] Camden/2023/5151/L — Acland Burghley School 93 Burghley Road London NW5 1UJ
2026-10-01 12:21:57 INFO LEAD new: [Permitted] Camden/2023/5156/P — 26 Earlham Street London WC2H 9LN
2026-10-01 12:21:57 INFO LEAD new: [Permitted] Camden/2023/5157/P — Flat 6 77 Greencroft Gardens London NW6 3LJ
2026-10-01 12:21:57 INFO LEAD new: [Permitted] Camden/2023/4730/P — 146 Regent's Park Road London NW1 8XN
2026-10-01 12:21:57 INFO LEAD new: [Permitted] Camden/2023/5161/P — 39 Lamb's Conduit Street London WC1N 3NG
2026-10-01 12:21:57 INFO LEAD new: [Permitted] Camden/2023/5152/P — Flat 2 53 Ainger Road London NW3 3AH
2026-10-01 12:21:57 INFO LEAD new: [Permitted] Camden/2024/0293/L — 15 Colville Place London W1T 2BN
2026-10-01 12:21:57 INFO LEAD new: [Permitted] Camden/2023/5160/P — 7-10 Charlotte Mews London W1T 4EE
2026-10-01 12:21:57 INFO LEAD new: [Permitted] Camden/2023/5148/P — 15 Colville Place London W1T 2BN
2026-10-01 12:21:57 INFO LEAD new: [Permitted] Camden/2024/0525/L — 26 Earlham Street London WC2H 9LN
2026-10-01 12:22:03 INFO [camden/Permitted] page at offset 10000: 100 records
2026-10-01 12:22:03 INFO LEAD new: [Permitted] Camden/2023/5134/P — Flat B 15 Adamson Road London NW3 3HU
2026-10-01 12:22:03 INFO LEAD new: [Permitted] Camden/2023/5140/P — Basement Flat 3 Hurdwick Place London NW1 2JE
2026-10-01 12:22:03 INFO LEAD new: [Permitted] Camden/2023/5135/P — 134 Belsize Road London NW6 4BG
2026-10-01 12:22:03 INFO LEAD new: [Permitted] Camden/2023/5123/P — 5 Prince Albert Road London NW1 7SN
2026-10-01 12:22:03 INFO LEAD new: [Permitted] Camden/2024/0892/L — 5 Prince Albert Road London NW1 7SN
2026-10-01 12:22:03 INFO LEAD new: [Permitted] Camden/2023/5122/P — Block B Agar Grove Estate London NW1 9SS
2026-10-01 12:22:03 INFO LEAD new: [Permitted] Camden/2024/0160/P — 63 Quickswood London NW3 3SA
2026-10-01 12:22:04 INFO LEAD new: [Permitted] Camden/2023/5117/P — Lower Ground Floor Flat 133 King Henry's Road London NW3 3RD
2026-10-01 12:22:04 INFO LEAD new: [Permitted] Camden/2023/5104/P — 34 Upper Park Road London NW3 2UT
2026-10-01 12:22:04 INFO LEAD new: [Permitted] Camden/2023/5112/P — Flat 1, 55-57 The Gables Netherhall Gardens London NW3 5RH
2026-10-01 12:22:04 INFO LEAD new: [Permitted] Camden/2023/5118/P — 1 Leighton Grove London NW5 2RA
2026-10-01 12:22:04 INFO LEAD new: [Permitted] Camden/2023/5114/P — UCL Eastman Dental Hospital 256 Gray's Inn Road London WC1X 
2026-10-01 12:22:04 INFO LEAD new: [Permitted] Camden/2023/5111/A — Great Northern Hotel Pancras Road London Camden N1C 4TB
2026-10-01 12:22:04 INFO LEAD new: [Permitted] Camden/2023/4331/P — 22-26 Vine Hill 7 Warner Yard and 14 Rosebery Avenue London 
2026-10-01 12:22:04 INFO LEAD new: [Permitted] Camden/2023/5106/P — 63 Hillfield Court Belsize Avenue London NW3 4BG
2026-10-01 12:22:04 INFO LEAD new: [Permitted] Camden/2023/5105/P — 34 Upper Park Road London NW3 2UT
2026-10-01 12:22:04 INFO LEAD new: [Permitted] Camden/2023/5110/P — 89 Chancery Lane London Camden WC2A 1EU
2026-10-01 12:22:04 INFO LEAD new: [Permitted] Camden/2023/5079/P — Chancellor Court Orde Hall Street London WC1N 3JP
2026-10-01 12:22:04 INFO LEAD new: [Permitted] Camden/2023/5086/P — 11 Perrin's Lane London NW3 1QY
2026-10-01 12:22:04 INFO LEAD new: [Permitted] Camden/2023/5076/P — 11 Gayton Road London NW3 1TX
2026-10-01 12:22:04 INFO LEAD new: [Permitted] Camden/2023/5088/P — 237-247 Tottenham Court Road W1T 7HH; 3 Bayley Street WC1B 3
2026-10-01 12:22:04 INFO LEAD new: [Permitted] Camden/2023/5081/P — 13 Jeffrey's Place London NW1 9PP
2026-10-01 12:22:04 INFO LEAD new: [Permitted] Camden/2023/5090/P — 118 King Henry's Road London NW3 3SN
2026-10-01 12:22:04 INFO LEAD new: [Permitted] Camden/2023/5080/P — 120 Whitfield Street London Camden W1T 5EG
2026-10-01 12:22:04 INFO LEAD new: [Permitted] Camden/2023/5087/P — 237-247 Tottenham Court Road W1T 7HH; 3 Bayley Street WC1B 3
2026-10-01 12:22:04 INFO LEAD new: [Permitted] Camden/2023/5084/P — Camden Goods Yard Chalk Farm Road London NW1 8EH
2026-10-01 12:22:04 INFO LEAD new: [Permitted] Camden/2023/5085/P — Camden Goods Yard Chalk Farm Road NW1 8EH
2026-10-01 12:22:04 INFO LEAD new: [Permitted] Camden/2023/4722/P — 79 Regent's Park Road London NW1 8UY
2026-10-01 12:22:04 INFO LEAD new: [Permitted] Camden/2023/5070/P — St Pancras Commercial Centre 63 Pratt Street London NW1 0BY
2026-10-01 12:22:04 INFO LEAD new: [Permitted] Camden/2023/5128/L — 43 Great Russell Street London WC1B 3PD
2026-10-01 12:22:04 INFO LEAD new: [Permitted] Camden/2023/5066/P — 43 Great Russell Street London WC1B 3PD
2026-10-01 12:22:04 INFO LEAD new: [Permitted] Camden/2023/5069/P — St Pancras Hospital 4 St Pancras Way London NW1 0PE
2026-10-01 12:22:04 INFO LEAD new: [Permitted] Camden/2023/5065/P — 1 Rosecroft Avenue London NW3 7QA
2026-10-01 12:22:04 INFO LEAD new: [Permitted] Camden/2023/5074/PVL — Took Took 221 West End Lane London NW6 1XJ
2026-10-01 12:22:04 INFO LEAD new: [Permitted] Camden/2023/5055/P — Weeping Ash Oak Hill Park London NW3 7LP
2026-10-01 12:22:04 INFO LEAD new: [Permitted] Camden/2023/5059/P — 44 Downshire Hill London NW3 1NU
2026-10-01 12:22:04 INFO LEAD new: [Permitted] Camden/2023/5057/P — 251 Goldhurst Terrace London NW6 3EP
2026-10-01 12:22:04 INFO LEAD new: [Permitted] Camden/2023/5060/P — Flat 1 48 Leverton Street London NW5 2PG
2026-10-01 12:22:04 INFO LEAD new: [Permitted] Camden/2023/5058/P — National Hospital For Neurology And Neurosurgery Queen Squar
2026-10-01 12:22:04 INFO LEAD new: [Permitted] Camden/2023/5054/P — Frontage Building Great Ormond Street Childrens Hospital Gre
2026-10-01 12:22:04 INFO LEAD new: [Permitted] Camden/2023/4273/L — 26 Fitzroy Square London Camden W1T 6BT
2026-10-01 12:22:04 INFO LEAD new: [Permitted] Camden/2023/5025/L — Centre Point House Flat 34 Centre Point House 15A St Giles H
2026-10-01 12:22:04 INFO LEAD new: [Permitted] Camden/2023/5023/A — 311 Grays Inn Road London WC1X 8PX
2026-10-01 12:22:04 INFO LEAD new: [Permitted] Camden/2023/5041/L — West Hampstead Fire Station 325 West End Lane London Camden 
2026-10-01 12:22:04 INFO LEAD new: [Permitted] Camden/2023/5031/P — Development At Former 72 To 86 Royal College Street London C
2026-10-01 12:22:04 INFO LEAD new: [Permitted] Camden/2023/5036/P — Aviation House Kingsway London WC2B 6NH
2026-10-01 12:22:04 INFO LEAD new: [Permitted] Camden/2023/3955/P — 41 South End Road London Camden NW3 2PY
2026-10-01 12:22:04 INFO LEAD new: [Permitted] Camden/2023/5029/P — 17 Charterhouse Street London EC1N 6RA
2026-10-01 12:22:04 INFO LEAD new: [Permitted] Camden/2023/5037/P — Flat A 23 Hampstead Lane London N6 4RT
2026-10-01 12:22:04 INFO LEAD new: [Permitted] Camden/2023/4102/P — 44 Chalk Farm Road London NW1 8AJ
2026-10-01 12:22:04 INFO LEAD new: [Permitted] Camden/2024/0298/P — 118 King Henry's Road London NW3 3SN
2026-10-01 12:22:04 INFO LEAD new: [Permitted] Camden/2023/5012/P — Flat 4 11 Cleve Road London NW6 3RH
2026-10-01 12:22:04 INFO LEAD new: [Permitted] Camden/2023/5005/P — 34 Lisburne Road London NW3 2NR
2026-10-01 12:22:04 INFO LEAD new: [Permitted] Camden/2024/0938/L — Flat D 13 Wedderburn Road London Camden NW3 5QS
2026-10-01 12:22:04 INFO LEAD new: [Permitted] Camden/2023/5013/P — 7 Upper St Martin's Lane London WC2H 9DL
2026-10-01 12:22:04 INFO LEAD new: [Permitted] Camden/2023/3931/P — 13 Regent's Park Road London NW1 7TL
2026-10-01 12:22:04 INFO LEAD new: [Permitted] Camden/2023/5009/P — Flat D 13 Wedderburn Road London Camden NW3 5QS
2026-10-01 12:22:04 INFO LEAD new: [Permitted] Camden/2024/0008/L — 7 Upper St Martin's Lane London Camden WC2H 9DL
2026-10-01 12:22:04 INFO LEAD new: [Permitted] Camden/2023/4757/P — Utopia Village 7 Chalcot Road London NW1 8LH
2026-10-01 12:22:04 INFO LEAD new: [Permitted] Camden/2023/5010/L — 44 Monmouth Street London WC2H 9EP
2026-10-01 12:22:04 INFO LEAD new: [Permitted] Camden/2023/5016/P — 527 Finchley Road London Camden NW3 7BG
2026-10-01 12:22:04 INFO LEAD new: [Permitted] Camden/2023/5015/P — 17 Hampstead Lane Hornsey London Haringey N6 4RT
2026-10-01 12:22:04 INFO LEAD new: [Permitted] Camden/2023/5002/L — Flat A 77 Albany Street London Camden NW1 4BT
2026-10-01 12:22:04 INFO LEAD new: [Permitted] Camden/2023/5223/L — 10 Fitzroy Park London Camden N6 6HU
2026-10-01 12:22:04 INFO LEAD new: [Permitted] Camden/2023/5003/P — Flat 5 30 Fitzjohn's Avenue London NW3 5NB
2026-10-01 12:22:04 INFO LEAD new: [Permitted] Camden/2023/4988/L — 31 Southampton Row London Camden WC1B 5HJ
2026-10-01 12:22:04 INFO LEAD new: [Permitted] Camden/2023/4986/P — Euston House, 24 Eversholt Street London NW1 1AD
2026-10-01 12:22:04 INFO LEAD new: [Permitted] Camden/2023/4466/L — Flat 2, Moreton House Holly Walk London NW3 6RA
2026-10-01 12:22:11 INFO [camden/Permitted] page at offset 10100: 100 records
2026-10-01 12:22:11 INFO LEAD new: [Permitted] Camden/2023/4628/L — 1 The Stables Market Chalk Farm Road London Camden NW1 8AH
2026-10-01 12:22:11 INFO LEAD new: [Permitted] Camden/2023/4953/A — 1 The Stables Market Chalk Farm Road London NW1 8AH
2026-10-01 12:22:11 INFO LEAD new: [Permitted] Camden/2023/3872/P — Esterel, Compton Avenue, Hornsey, London N6 4LH
2026-10-01 12:22:11 INFO LEAD new: [Permitted] Camden/2023/5001/P — Weeping Ash Oak Hill Park London NW3 7LP
2026-10-01 12:22:11 INFO LEAD new: [Permitted] Camden/2023/4985/TC — Made in Brasil 12 Inverness Street London NW1 7HJ
2026-10-01 12:22:11 INFO LEAD new: [Permitted] Camden/2023/3401/P — Flat 2, Moreton House Holly Walk London NW3 6RA
2026-10-01 12:22:11 INFO LEAD new: [Permitted] Camden/2023/4999/P — 10 Fitzroy Park London Camden N6 6HU
2026-10-01 12:22:11 INFO LEAD new: [Permitted] Camden/2023/4995/TC — Bargansa ( part of Inverness Streetary) 2 Inverness Street L
2026-10-01 12:22:11 INFO LEAD new: [Permitted] Camden/2023/4973/P — 8-9 Murray Street London Camden NW1 9RE
2026-10-01 12:22:11 INFO LEAD new: [Permitted] Camden/2023/4976/TC — Philomenas 40 Great Queen Street London WC2B 5AA
2026-10-01 12:22:11 INFO LEAD new: [Permitted] Camden/2023/4981/P — 20 Thurlow Road London NW3 5PP
2026-10-01 12:22:11 INFO LEAD new: [Permitted] Camden/2023/4975/PVL — MEB Cafe Ltd t/as Roni's 248 West End Lane London NW6 1LG
2026-10-01 12:22:11 INFO LEAD new: [Permitted] Camden/2023/4980/L — Phoenix Theatre 112 Charing Cross Road London WC2H 0JP
2026-10-01 12:22:11 INFO LEAD new: [Permitted] Camden/2023/4635/L — 57 Highgate West Hill London Camden N6 6DA
2026-10-01 12:22:11 INFO LEAD new: [Permitted] Camden/2023/4977/P — 20 Tanza Road London NW3 2UB
2026-10-01 12:22:11 INFO LEAD new: [Permitted] Camden/2023/4984/A — Euston House 24 Eversholt Street London NW1 1AD
2026-10-01 12:22:11 INFO LEAD new: [Permitted] Camden/2023/4534/L — Hampstead Hill Preparatory School Pond Street London Camden 
2026-10-01 12:22:11 INFO LEAD new: [Permitted] Camden/2023/4979/P — 11-15 1st Floor Emerald Street London Camden WC1N 3QL
2026-10-01 12:22:11 INFO LEAD new: [Permitted] Camden/2023/3847/P — 12A Hollycroft Avenue London NW3 7QL
2026-10-01 12:22:11 INFO LEAD new: [Permitted] Camden/2023/4970/P — 57 Goldhurst Terrace London NW6 3HB
2026-10-01 12:22:11 INFO LEAD new: [Permitted] Camden/2023/4966/P — 10-11 Northways Parade Finchley Road London NW3 5EN
2026-10-01 12:22:11 INFO LEAD new: [Permitted] Camden/2023/5032/L — 28 Chalcot Square London NW1 8YA
2026-10-01 12:22:11 INFO LEAD new: [Permitted] Camden/2023/4968/P — 28 Chalcot Square London Camden NW1 8YA
2026-10-01 12:22:11 INFO LEAD new: [Permitted] Camden/2023/4946/L — 34 Mornington Terrace London NW1 7RS
2026-10-01 12:22:11 INFO LEAD new: [Permitted] Camden/2023/4964/P — 9 The Mount Square London Camden NW3 6SY
2026-10-01 12:22:11 INFO LEAD new: [Permitted] Camden/2023/4545/P — 34 Mornington Terrace London NW1 7RS
2026-10-01 12:22:11 INFO LEAD new: [Permitted] Camden/2023/4971/P — 45 Elsworthy Road London NW3 3BS
2026-10-01 12:22:11 INFO LEAD new: [Permitted] Camden/2024/0021/L — 9 The Mount Square London Camden NW3 6SY
2026-10-01 12:22:11 INFO LEAD new: [Permitted] Camden/2023/4965/TC — York and Albany 127 Parkway London NW1 7PS
2026-10-01 12:22:11 INFO LEAD new: [Permitted] Camden/2023/4929/P — 4 Collard Place London Camden NW1 8DU
2026-10-01 12:22:11 INFO LEAD new: [Permitted] Camden/2023/4958/A — 29-31 New Oxford Street London WC1A 1BA
2026-10-01 12:22:11 INFO LEAD new: [Permitted] Camden/2023/4959/P — Block B Agar Grove Estate Agar Grove London NW1 9SS
2026-10-01 12:22:11 INFO LEAD new: [Permitted] Camden/2023/4955/P — 35 Christchurch Hill London NW3 1LA
2026-10-01 12:22:11 INFO LEAD new: [Permitted] Camden/2023/4962/P — 2 Warren Mews London W1T 6AL
2026-10-01 12:22:11 INFO LEAD new: [Permitted] Camden/2023/4930/P — 1 Wildwood Terrace London NW3 7HT
2026-10-01 12:22:11 INFO LEAD new: [Permitted] Camden/2023/4948/P — 76 Hillway London N6 6DP
2026-10-01 12:22:11 INFO LEAD new: [Permitted] Camden/2023/4926/P — 15 Warren Mews London W1T 6AZ
2026-10-01 12:22:11 INFO LEAD new: [Permitted] Camden/2023/4922/P — Land Adjacent to No.42 Falkland Road London NW5 2PX
2026-10-01 12:22:11 INFO LEAD new: [Permitted] Camden/2023/4906/P — 2 Pancras Square London N1C 4AG
2026-10-01 12:22:11 INFO LEAD new: [Permitted] Camden/2023/4925/P — 3 Baynes Mews London NW3 5BH
2026-10-01 12:22:11 INFO LEAD new: [Permitted] Camden/2023/4927/P — 41 Brunswick Square London Camden WC1N 1AZ
2026-10-01 12:22:11 INFO LEAD new: [Permitted] Camden/2023/4915/P — 2 Cloverleaf House, Flat 1 Queen's Crescent London NW5 4EP
2026-10-01 12:22:11 INFO LEAD new: [Permitted] Camden/2023/4904/L — 93 Corams Fields, Corams Fields & Harmsworth Memorial Playgr
2026-10-01 12:22:11 INFO LEAD new: [Permitted] Camden/2023/4920/P — 2 Gray's Inn Square London WC1R 5AA
2026-10-01 12:22:11 INFO LEAD new: [Permitted] Camden/2023/4908/P — 21-24 Russell Square London WC1B 5EA
2026-10-01 12:22:11 INFO LEAD new: [Permitted] Camden/2023/4919/P — 47 Netherhall Gardens London NW3 5RJ
2026-10-01 12:22:11 INFO LEAD new: [Permitted] Camden/2023/4907/P — 38-40 Windmill Street London W1T 2BE
2026-10-01 12:22:11 INFO LEAD new: [Permitted] Camden/2023/4928/L — 1st Floor Flat 60 Fortess Road London NW5 2HG
2026-10-01 12:22:11 INFO LEAD new: [Permitted] Camden/2022/5142/P — 24 John Street London WC1N 2BH
2026-10-01 12:22:11 INFO LEAD new: [Permitted] Camden/2023/4924/P — 15 Warren Mews London W1T 6AZ
2026-10-01 12:22:11 INFO LEAD new: [Permitted] Camden/2023/4899/P — 65 Regent's Park Road London NW1 8XD
2026-10-01 12:22:11 INFO LEAD new: [Permitted] Camden/2023/4889/P — 49 Willow Road London NW3 1TS
2026-10-01 12:22:11 INFO LEAD new: [Permitted] Camden/2023/4891/P — 50a Flat 2nd Floor Dennington Park Road London NW6 1BD
2026-10-01 12:22:11 INFO LEAD new: [Permitted] Camden/2023/4870/A — Francis Crick Institute 1 Midland Road London NW1 1AT
2026-10-01 12:22:11 INFO LEAD new: [Permitted] Camden/2023/4887/P — Flat 1st And 2nd Floor 7 Dartmouth Park Avenue London Camden
2026-10-01 12:22:11 INFO LEAD new: [Permitted] Camden/2023/4868/P — 1 Courthope Road London NW3 2LE
2026-10-01 12:22:11 INFO LEAD new: [Permitted] Camden/2023/4867/P — 259 Goldhurst Terrace London NW6 3EP
2026-10-01 12:22:11 INFO LEAD new: [Permitted] Camden/2023/4878/PVL — Queens Head 64 Theobalds Road London WC1X 8SF
2026-10-01 12:22:11 INFO LEAD new: [Permitted] Camden/2023/4876/PVL — Ottolenghi 32-34 Rosslyn Hill London NW3 1NH
2026-10-01 12:22:11 INFO LEAD new: [Permitted] Camden/2023/4865/P — Regent House 72-76 Eversholt Street London NW1 1BY
2026-10-01 12:22:11 INFO LEAD new: [Permitted] Camden/2023/4803/P — Flat 2 97 Leighton Road NW5 2QJ
2026-10-01 12:22:11 INFO LEAD new: [Permitted] Camden/2023/4866/P — Regent House 72-76 Eversholt Street London NW1 1BY
2026-10-01 12:22:11 INFO LEAD new: [Permitted] Camden/2023/0255/P — 14 Elliott Square London NW3 3SU
2026-10-01 12:22:11 INFO LEAD new: [Permitted] Camden/2023/4863/P — Flat 5 30 Fitzjohn's Avenue London NW3 5NB
2026-10-01 12:22:11 INFO LEAD new: [Permitted] Camden/2023/4860/A — 6-10 Kirby Street London EC1N 8TS
2026-10-01 12:22:11 INFO LEAD new: [Permitted] Camden/2023/4847/P — 22 Holmes Road London NW5 3AB
2026-10-01 12:22:18 INFO [camden/Permitted] page at offset 10200: 100 records
2026-10-01 12:22:18 INFO LEAD new: [Permitted] Camden/2023/4864/P — Agar Grove Estate Wrotham Road London NW1 9SS
2026-10-01 12:22:18 INFO LEAD new: [Permitted] Camden/2023/4862/L — O'donnell Court, Flat 1 Brunswick Centre London Camden WC1N 
2026-10-01 12:22:18 INFO LEAD new: [Permitted] Camden/2023/3302/P — 103B Camley Street London N1C 4PF
2026-10-01 12:22:18 INFO LEAD new: [Permitted] Camden/2019/5105/A — 56 Goodge Street London W1T 4NB
2026-10-01 12:22:18 INFO LEAD new: [Permitted] Camden/2023/4828/A — 90 Leather Lane London EC1N 7TT
2026-10-01 12:22:18 INFO LEAD new: [Permitted] Camden/2023/4844/P — 10 South Hill Park London NW3 2SB
2026-10-01 12:22:18 INFO LEAD new: [Permitted] Camden/2023/4846/L — 14 Grove Terrace London NW5 1PH
2026-10-01 12:22:18 INFO LEAD new: [Permitted] Camden/2023/4840/P — Development Site At 14 To 19 Tottenham Mews London Camden W1
2026-10-01 12:22:18 INFO LEAD new: [Permitted] Camden/2023/4837/P — 3 Hillside Highgate Road London NW5 1QT
2026-10-01 12:22:18 INFO LEAD new: [Permitted] Camden/2023/4835/P — Basement Flat 35 Priory Terrace London Camden NW6 4DG
2026-10-01 12:22:18 INFO LEAD new: [Permitted] Camden/2023/4831/PVL — Black Sheep Coffee 5-7 Goodge Street London W1T 2PD
2026-10-01 12:22:18 INFO LEAD new: [Permitted] Camden/2023/4954/L — 21-23 Bedford Place London WC1B 5JJ
2026-10-01 12:22:18 INFO LEAD new: [Permitted] Camden/2023/4841/P — 21-23 Bedford Place London WC1B 5JJ
2026-10-01 12:22:18 INFO LEAD new: [Permitted] Camden/2023/4200/L — 24 Camden Road London NW1 9DP
2026-10-01 12:22:18 INFO LEAD new: [Permitted] Camden/2023/4816/A — Century House 29 Eyre Street Hill London EC1R 5EW
2026-10-01 12:22:18 INFO LEAD new: [Permitted] Camden/2023/4810/L — 9 The Mount Square London Camden NW3 6SY
2026-10-01 12:22:18 INFO LEAD new: [Permitted] Camden/2023/4818/P — 1F Maisonette 322 Kentish Town Road London NW5 2TH
2026-10-01 12:22:18 INFO LEAD new: [Permitted] Camden/2023/4808/P — Flat 1 15 Lindfield Gardens London NW3 6PX
2026-10-01 12:22:18 INFO LEAD new: [Permitted] Camden/2024/0075/L — Great Northern Hotel Pancras Road London N1C 4TB
2026-10-01 12:22:18 INFO LEAD new: [Permitted] Camden/2023/4819/P — Regency Lodge, Flat 36 Adelaide Road London Camden NW3 5ED
2026-10-01 12:22:18 INFO LEAD new: [Permitted] Camden/2023/4817/P — Great Northern Hotel Pancras Road London N1C 4TB
2026-10-01 12:22:18 INFO LEAD new: [Permitted] Camden/2023/4814/PVL — I Am Doner 44 Chalk Farm Road London NW1 8AJ
2026-10-01 12:22:18 INFO LEAD new: [Permitted] Camden/2023/4812/PVL — The Lady Ottoline 11A Northington Street London WC1N 2JF
2026-10-01 12:22:18 INFO LEAD new: [Permitted] Camden/2022/3337/P — 185-187 Haverstock Hill London NW3 4QG
2026-10-01 12:22:18 INFO LEAD new: [Permitted] Camden/2023/4800/P — 139 Constantine Road London NW3 2LR
2026-10-01 12:22:18 INFO LEAD new: [Permitted] Camden/2023/4802/P — Flat B 57 Albert Street London NW1 7LX
2026-10-01 12:22:18 INFO LEAD new: [Permitted] Camden/2023/4792/P — Punjab House 33J Mill Lane London NW6 1NZ
2026-10-01 12:22:18 INFO LEAD new: [Permitted] Camden/2023/4801/L — Regency Lodge, Flat 49 Adelaide Road London Camden NW3 5ED
2026-10-01 12:22:18 INFO LEAD new: [Permitted] Camden/2024/0090/L — Flat B 57 Albert Street London NW1 7LX
2026-10-01 12:22:18 INFO LEAD new: [Permitted] Camden/2023/4793/P — 23 Boscastle Road London NW5 1EE
2026-10-01 12:22:18 INFO LEAD new: [Permitted] Camden/2023/4796/P — 2 Cloverleaf House, Flat 2 Queen's Crescent London NW5 4EP
2026-10-01 12:22:18 INFO LEAD new: [Permitted] Camden/2023/4749/L — 18 Dunboyne Road London NW3 2YY
2026-10-01 12:22:18 INFO LEAD new: [Permitted] Camden/2023/4774/P — Flat Ground Floor 224 Finchley Road London Camden NW3 6DH
2026-10-01 12:22:18 INFO LEAD new: [Permitted] Camden/2023/4720/P — 18 Dunboyne Road London NW3 2YY
2026-10-01 12:22:18 INFO LEAD new: [Permitted] Camden/2023/4787/P — Building R8 Development Zone R Kings Cross Central London
2026-10-01 12:22:18 INFO LEAD new: [Permitted] Camden/2023/4789/P — Network Building 95-100 Tottenham Court Road London Camden W
2026-10-01 12:22:18 INFO LEAD new: [Permitted] Camden/2023/4786/P — 48 Achilles Road London NW6 1EA
2026-10-01 12:22:18 INFO LEAD new: [Permitted] Camden/2023/4785/P — 48 Achilles Road London NW6 1EA
2026-10-01 12:22:18 INFO LEAD new: [Permitted] Camden/2024/1587/P — Chancery Station House 31 - 33 High Holborn London WC1V 6AX
2026-10-01 12:22:18 INFO LEAD new: [Permitted] Camden/2023/1506/P — Lulworth, Ground Floor Office Wrotham Road London NW1 9SS
2026-10-01 12:22:18 INFO LEAD new: [Permitted] Camden/2023/4758/P — 81 Regent's Park Road London NW1 8UY
2026-10-01 12:22:18 INFO LEAD new: [Permitted] Camden/2023/4766/P — 3 Flat 3 Belsize Park London Camden NW3 4ET
2026-10-01 12:22:18 INFO LEAD new: [Permitted] Camden/2023/3705/A — 42 Monmouth Street London WC2H 9EP
2026-10-01 12:22:18 INFO LEAD new: [Permitted] Camden/2023/4764/P — Former Maria Fidelis School North Gower Street London NW1 2L
2026-10-01 12:22:18 INFO LEAD new: [Permitted] Camden/2023/4750/P — Youth Club 25 Bertram Street London N19 5DQ
2026-10-01 12:22:18 INFO LEAD new: [Permitted] Camden/2023/4745/P — 105-121 Judd Street London WC1H 9NE
2026-10-01 12:22:18 INFO LEAD new: [Permitted] Camden/2023/4128/P — 17 Highgate High Street London Camden N6 5JT
2026-10-01 12:22:18 INFO LEAD new: [Permitted] Camden/2023/4738/P — 1st Floor Flat 22 Belsize Park Gardens London NW3 4LH
2026-10-01 12:22:18 INFO LEAD new: [Permitted] Camden/2023/4751/P — 8 Richardson's Mews London W1T 6BS
2026-10-01 12:22:18 INFO LEAD new: [Permitted] Camden/2023/4347/P — 37C Fitzjohn's Avenue London NW3 5JY
2026-10-01 12:22:18 INFO LEAD new: [Permitted] Camden/2023/0228/P — First Floor 128 Albert Street London NW1 7NE
2026-10-01 12:22:18 INFO LEAD new: [Permitted] Camden/2023/4728/P — 79 Croftdown Road London Camden NW5 1EY
2026-10-01 12:22:18 INFO LEAD new: [Permitted] Camden/2023/4727/P — 48 Charlotte Street London W1T 2NS
2026-10-01 12:22:18 INFO LEAD new: [Permitted] Camden/2023/4723/A — 50 Earlham Street London Camden WC2H 9LJ
2026-10-01 12:22:18 INFO LEAD new: [Permitted] Camden/2023/4715/PVL — Seoul Plaza Centre Point 101-103 New Oxford Street WC1A 1DB
2026-10-01 12:22:18 INFO LEAD new: [Permitted] Camden/2023/4719/PVL — Fabler Ltd 88 Camden High Street London NW1 0LT
2026-10-01 12:22:19 INFO LEAD new: [Permitted] Camden/2023/4627/L — North Wing, Pearson Building and Slade School of Art - Sound
2026-10-01 12:22:25 INFO [camden/Permitted] page at offset 10300: 100 records
2026-10-01 12:22:25 INFO LEAD new: [Permitted] Camden/2023/4710/P — 13 Fitzroy Street London Camden W1T 4BQ
2026-10-01 12:22:25 INFO LEAD new: [Permitted] Camden/2023/4724/P — 37 Heath Hurst Road London NW3 2RU
2026-10-01 12:22:25 INFO LEAD new: [Permitted] Camden/2023/4713/P — Belsize Court Wedderburn Road London NW3 5QJ
2026-10-01 12:22:25 INFO LEAD new: [Permitted] Camden/2023/4709/A — 26 Earlham Street London WC2H 9LN
2026-10-01 12:22:25 INFO LEAD new: [Permitted] Camden/2023/4721/L — 50 Earlham Street London Camden WC2H 9LJ
2026-10-01 12:22:25 INFO LEAD new: [Permitted] Camden/2023/3352/L — The Elms Fitzroy Park London N6 6HS
2026-10-01 12:22:25 INFO LEAD new: [Permitted] Camden/2023/4705/L — 26 Earlham Street London WC2H 9LN
2026-10-01 12:22:25 INFO LEAD new: [Permitted] Camden/2023/4704/P — 27 Hillway London N6 6QB
2026-10-01 12:22:25 INFO LEAD new: [Permitted] Camden/2023/4703/P — Bidborough House 38-50 Bidborough Street London WC1H 9BT
2026-10-01 12:22:25 INFO LEAD new: [Permitted] Camden/2023/4707/A — 43 Charlotte Street London W1T 1RS
2026-10-01 12:22:25 INFO LEAD new: [Permitted] Camden/2023/4701/PVL — Le Tea Cosy 51 Regents Park Road London NW1 8XD
2026-10-01 12:22:25 INFO LEAD new: [Permitted] Camden/2023/4695/P — 11 Loveridge Mews London NW6 2DP
2026-10-01 12:22:25 INFO LEAD new: [Permitted] Camden/2023/4699/PVL — Horse and Wig 14 Fulwood Place Cromwell House WC1V6HZ
2026-10-01 12:22:25 INFO LEAD new: [Permitted] Camden/2024/0044/L — BMA House 13 Tavistock Square London WC1H 9JP
2026-10-01 12:22:25 INFO LEAD new: [Permitted] Camden/2023/3208/P — 20 Charlton King's Road London NW5 2SA
2026-10-01 12:22:25 INFO LEAD new: [Permitted] Camden/2023/4680/L — 69 Albert Street London Camden NW1 7LX
2026-10-01 12:22:25 INFO LEAD new: [Permitted] Camden/2023/4679/PVL — Nine Bars Coffee 4 Gate Street WC2A 3HP
2026-10-01 12:22:25 INFO LEAD new: [Permitted] Camden/2023/4694/A — The Warburg Institute Woburn Square London WC1H 0AB
2026-10-01 12:22:25 INFO LEAD new: [Permitted] Camden/2023/4692/L — 10 Park Village West London Camden NW1 4AE
2026-10-01 12:22:26 INFO LEAD new: [Permitted] Camden/2023/3263/P — BMA House 13 Tavistock Square London WC1H 9JP
2026-10-01 12:22:26 INFO LEAD new: [Permitted] Camden/2023/3952/L — 88 Pratt Street London Camden NW1 0DL
2026-10-01 12:22:26 INFO LEAD new: [Permitted] Camden/2023/4687/P — Site at Hawley Wharf Land bounded by Chalk Farm Road Castleh
2026-10-01 12:22:26 INFO LEAD new: [Permitted] Camden/2023/3130/P — 44/44a King Henry's Road London NW3 3RP
2026-10-01 12:22:26 INFO LEAD new: [Permitted] Camden/2023/4693/P — 89 Swain's Lane London Camden N6 6PJ
2026-10-01 12:22:26 INFO LEAD new: [Permitted] Camden/2023/4472/A — 8 Gate Street London WC2A 3HP
2026-10-01 12:22:26 INFO LEAD new: [Permitted] Camden/2023/4678/A — 8 Castlehaven Road London NW1 8QU
2026-10-01 12:22:26 INFO LEAD new: [Permitted] Camden/2023/4677/A — 88 Southampton Row London WC1B 4BB
2026-10-01 12:22:26 INFO LEAD new: [Permitted] Camden/2023/4663/L — Space House 1 Kemble Street and 43-59 Kingsway London WC2B 6
2026-10-01 12:22:26 INFO LEAD new: [Permitted] Camden/2023/4662/L — Space House 1 Kemble Street and 43-59 Kingsway London WC2B 6
2026-10-01 12:22:26 INFO LEAD new: [Permitted] Camden/2023/5204/A — 231-233 Camden High Street London NW1 7BU
2026-10-01 12:22:26 INFO LEAD new: [Permitted] Camden/2023/4674/P — 231-233 Camden High Street London NW1 7BU
2026-10-01 12:22:26 INFO LEAD new: [Permitted] Camden/2023/4658/P — Block B Agar Grove Estate Agar Grove London NW1 9SS
2026-10-01 12:22:26 INFO LEAD new: [Permitted] Camden/2023/4666/P — 3 St Ann's Gardens London NW5 4ER
2026-10-01 12:22:26 INFO LEAD new: [Permitted] Camden/2023/3443/P — 16 Eldon Grove London NW3 5PT
2026-10-01 12:22:26 INFO LEAD new: [Permitted] Camden/2023/4664/P — 43 Boundary Road London NW8 0JE
2026-10-01 12:22:26 INFO LEAD new: [Permitted] Camden/2023/4672/P — The Olde White Bear Well Road London NW3 1LJ
2026-10-01 12:22:26 INFO LEAD new: [Permitted] Camden/2023/3646/P — 82 Camden High Street London NW1 0LT
2026-10-01 12:22:26 INFO LEAD new: [Permitted] Camden/2023/4668/P — 24-28 Bloomsbury Way London WC1A 2SN
2026-10-01 12:22:26 INFO LEAD new: [Permitted] Camden/2023/4661/P — 39 Twisden Road London NW5 1DL
2026-10-01 12:22:26 INFO LEAD new: [Permitted] Camden/2023/2292/P — 94 Queen's Crescent London NW5 4DY
2026-10-01 12:22:26 INFO LEAD new: [Permitted] Camden/2023/3757/P — 82 Camden High Street London NW1 0LT
2026-10-01 12:22:26 INFO LEAD new: [Permitted] Camden/2023/4903/L — British Museum Great Russell Street London WC1E 7JW
2026-10-01 12:22:26 INFO LEAD new: [Permitted] Camden/2023/4650/P — Beaufort Court 65 Maygrove Road London Camden NW6 2DA
2026-10-01 12:22:26 INFO LEAD new: [Permitted] Camden/2023/4638/P — Flat A 56 Grafton Terrace London Camden NW5 4HY
2026-10-01 12:22:26 INFO LEAD new: [Permitted] Camden/2023/4637/P — 13 Tottenham Mews London W1T 4AQ
2026-10-01 12:22:26 INFO LEAD new: [Permitted] Camden/2023/4652/P — 47 Murray Mews London NW1 9RH
2026-10-01 12:22:26 INFO LEAD new: [Permitted] Camden/2023/4657/L — 10 Leverton Street London Camden NW5 2PJ
2026-10-01 12:22:26 INFO LEAD new: [Permitted] Camden/2023/4644/P — Building R8 Kings Cross Central London
2026-10-01 12:22:26 INFO LEAD new: [Permitted] Camden/2023/4649/P — Great Ormond Street Childrens Hospital, Frontage Building Gr
2026-10-01 12:22:26 INFO LEAD new: [Permitted] Camden/2023/3950/L — 33 and 34 Great Queen Street London WC2B 5AA
2026-10-01 12:22:26 INFO LEAD new: [Permitted] Camden/2023/4623/L — 64-65 Guilford Street London WC1N 1DD
2026-10-01 12:22:26 INFO LEAD new: [Permitted] Camden/2023/3514/P — The Old Dairy 2 Falkland Place London NW5 2PN
2026-10-01 12:22:26 INFO LEAD new: [Permitted] Camden/2023/3355/P — Flat D 117 Malden Road London NW5 4HS
2026-10-01 12:22:26 INFO LEAD new: [Permitted] Camden/2023/4602/PVL — Palms Of Goa 12 Charlotte Street London W1T 2LU
2026-10-01 12:22:26 INFO LEAD new: [Permitted] Camden/2023/3239/L — BMA House 13 Tavistock Square London Camden WC1H 9JP
2026-10-01 12:22:26 INFO LEAD new: [Permitted] Camden/2023/4619/P — Hill House 1 Little New Street London EC4A 3JR
2026-10-01 12:22:26 INFO LEAD new: [Permitted] Camden/2023/4604/P — 31 Lady Margaret Road London NW5 2NG
2026-10-01 12:22:26 INFO LEAD new: [Permitted] Camden/2023/4605/L — 29 Neal Street London Camden WC2H 9PR
2026-10-01 12:22:26 INFO LEAD new: [Permitted] Camden/2023/4246/A — 29 Neal Street London Camden WC2H 9PR
2026-10-01 12:22:26 INFO LEAD new: [Permitted] Camden/2023/4611/P — 71 Agar Grove London Camden NW1 9UE
2026-10-01 12:22:26 INFO LEAD new: [Permitted] Camden/2023/3619/L — 38 Earlham Street London WC2H 9LH
2026-10-01 12:22:32 INFO [camden/Permitted] page at offset 10400: 100 records
2026-10-01 12:22:32 INFO LEAD new: [Permitted] Camden/2023/4065/A — 75 Haverstock Hill London NW3 4SL
2026-10-01 12:22:32 INFO LEAD new: [Permitted] Camden/2023/4595/P — Flat 1 39 Eton Avenue London NW3 3EP
2026-10-01 12:22:32 INFO LEAD new: [Permitted] Camden/2023/4584/P — 56 Gayton Road London NW3 1TU
2026-10-01 12:22:33 INFO LEAD new: [Permitted] Camden/2023/4592/P — 27 Highgate West Hill London N6 6NP
2026-10-01 12:22:33 INFO LEAD new: [Permitted] Camden/2023/4573/P — The Coach House 26 A Upper Park Road London Camden NW3 2UT
2026-10-01 12:22:33 INFO LEAD new: [Permitted] Camden/2023/4588/P — 41 Flat 3 Lady Margaret Road London Camden NW5 2NH
2026-10-01 12:22:33 INFO LEAD new: [Permitted] Camden/2023/4585/HS2 — Park Village East NW1 2DU
2026-10-01 12:22:33 INFO LEAD new: [Permitted] Camden/2023/4372/P — 64-65 Guilford Street London WC1N 1DD
2026-10-01 12:22:33 INFO LEAD new: [Permitted] Camden/2023/4590/L — 59 Lamb's Conduit Street London WC1N 3NB
2026-10-01 12:22:33 INFO LEAD new: [Permitted] Camden/2023/4578/L — 43-44 Argyle Square London WC1H 8AL
2026-10-01 12:22:33 INFO LEAD new: [Permitted] Camden/2023/3343/P — 43-44 Argyle Square London WC1H 8AL
2026-10-01 12:22:33 INFO LEAD new: [Permitted] Camden/2023/4589/P — Camden Goods Yard Chalk Farm Road London NW1 8EH
2026-10-01 12:22:33 INFO LEAD new: [Permitted] Camden/2023/4549/L — 15 Gloucester Crescent London NW1 7DS
2026-10-01 12:22:33 INFO LEAD new: [Permitted] Camden/2023/4583/PVL — The Mixer 30 Inverness Street London NW1 7HJ
2026-10-01 12:22:33 INFO LEAD new: [Permitted] Camden/2023/3482/P — Flat 8 78 Fairhazel Gardens London NW6 3SR
2026-10-01 12:22:33 INFO LEAD new: [Permitted] Camden/2023/4571/P — Flat 1-2, 50 Compayne Gardens London NW6 3RY
2026-10-01 12:22:33 INFO LEAD new: [Permitted] Camden/2023/4557/P — Land bounded by Grafton Terrace, Maitland Park Villas and Ma
2026-10-01 12:22:33 INFO LEAD new: [Permitted] Camden/2023/4569/P — 75 Hampstead Road London Camden NW1 2PL
2026-10-01 12:22:33 INFO LEAD new: [Permitted] Camden/2023/4552/P — 5 A Back Lane Hampstead London NW3 1HL
2026-10-01 12:22:33 INFO LEAD new: [Permitted] Camden/2023/4567/P — 7 Daleham Mews London NW3 5DB
2026-10-01 12:22:33 INFO LEAD new: [Permitted] Camden/2023/4566/P — Flat 1-2, 50 Compayne Gardens London Camden NW6 3RY
2026-10-01 12:22:33 INFO LEAD new: [Permitted] Camden/2023/0805/P — Flat A 33 Greenland Road London NW1 0AX
2026-10-01 12:22:33 INFO LEAD new: [Permitted] Camden/2023/3714/P — 57 Hillfield Road London NW6 1QD
2026-10-01 12:22:33 INFO LEAD new: [Permitted] Camden/2023/4530/P — 56 Gayton Road London Camden NW3 1TU
2026-10-01 12:22:33 INFO LEAD new: [Permitted] Camden/2023/3413/P — 100A Rowley Way London NW8 0SW
2026-10-01 12:22:33 INFO LEAD new: [Permitted] Camden/2023/4538/P — 32 Westbere Road London Camden NW2 3SR
2026-10-01 12:22:33 INFO LEAD new: [Permitted] Camden/2023/3911/P — 48 Hillfield Road London NW6 1PZ
2026-10-01 12:22:33 INFO LEAD new: [Permitted] Camden/2023/4542/P — 7 Brownlow Mews London WC1N 2LD
2026-10-01 12:22:33 INFO LEAD new: [Permitted] Camden/2023/4012/L — 100A Rowley Way London NW8 0SW
2026-10-01 12:22:33 INFO LEAD new: [Permitted] Camden/2023/4535/P — Flat 3, 59 Netherhall Gardens London Camden NW3 5RE
2026-10-01 12:22:33 INFO LEAD new: [Permitted] Camden/2023/4540/A — 275 Pentonville Road London N1 9NL
2026-10-01 12:22:33 INFO LEAD new: [Permitted] Camden/2023/4543/P — 82 Fitzjohn's Avenue London NW3 6NP
2026-10-01 12:22:33 INFO LEAD new: [Permitted] Camden/2023/4140/P — 43 Lamble Street London NW5 4AS
2026-10-01 12:22:33 INFO LEAD new: [Permitted] Camden/2023/4107/P — 43 Lamble Street London NW5 4AS
2026-10-01 12:22:33 INFO LEAD new: [Permitted] Camden/2023/4541/P — Land Adjacent To 23 Carol Street London NW1 0HT
2026-10-01 12:22:33 INFO LEAD new: [Permitted] Camden/2023/4536/P — 'Lipa' 13, 13B & 13C West Heath Road London NW3 7UU
2026-10-01 12:22:33 INFO LEAD new: [Permitted] Camden/2023/4813/L — 'Lipa' 13, 13B & 13C West Heath Road London NW3 7UU
2026-10-01 12:22:33 INFO LEAD new: [Permitted] Camden/2023/4531/PVL — G&V Coffee Ltd Ginger & White 4a - 5a Perrins Court NW3 1QS
2026-10-01 12:22:33 INFO LEAD new: [Permitted] Camden/2023/4144/P — Flat C, 94 Fortune Green Road London NW6 1DS
2026-10-01 12:22:33 INFO LEAD new: [Permitted] Camden/2023/4519/P — Flat 1 41 Howitt Road London NW3 4LU
2026-10-01 12:22:33 INFO LEAD new: [Permitted] Camden/2023/4524/P — Land fronting Stephenson Way (to the rear of 222 Euston Road
2026-10-01 12:22:33 INFO LEAD new: [Permitted] Camden/2023/4525/P — Flat Basement Rear 5a Belsize Square London NW3 4HT
2026-10-01 12:22:33 INFO LEAD new: [Permitted] Camden/2023/3774/L — 38 Bedford Square London Camden WC1B 3EL
2026-10-01 12:22:33 INFO LEAD new: [Permitted] Camden/2023/4518/L — 55 Mount Pleasant London Camden WC1X 0AY
2026-10-01 12:22:33 INFO LEAD new: [Permitted] Camden/2023/3991/P — 32 Bartholomew Road London NW5 2AJ
2026-10-01 12:22:33 INFO LEAD new: [Permitted] Camden/2023/3836/P — 5 - 7 Adamson Road London NW3 3HX
2026-10-01 12:22:33 INFO LEAD new: [Permitted] Camden/2023/4512/P — 178A Royal College Street London Camden NW1 0SP
2026-10-01 12:22:33 INFO LEAD new: [Permitted] Camden/2023/4508/P — Site Bounded By 40 Liverpool Street, 50 Liverpool Street, Op
2026-10-01 12:22:33 INFO LEAD new: [Permitted] Camden/2023/4491/P — 35 A Broadhurst Gardens London Camden NW6 3QT
2026-10-01 12:22:33 INFO LEAD new: [Permitted] Camden/2023/4501/P — 46 Hollycroft Avenue London NW3 7QN
2026-10-01 12:22:33 INFO LEAD new: [Permitted] Camden/2023/4510/P — Bentham House 4-8 Endsleigh Gardens London WC1H 0EG
2026-10-01 12:22:33 INFO LEAD new: [Permitted] Camden/2023/4509/P — UCL Darwin Building Gower Street London WC1E 6BT
2026-10-01 12:22:33 INFO LEAD new: [Permitted] Camden/2023/4532/L — Bentham House 4-8 Endsleigh Gardens London WC1H 0EG
2026-10-01 12:22:33 INFO LEAD new: [Permitted] Camden/2023/4495/P — Ames House 26 Netherhall Gardens London NW3 5TL
2026-10-01 12:22:33 INFO LEAD new: [Permitted] Camden/2023/4513/L — 42 Bedford Square London WC1B 3HX
2026-10-01 12:22:33 INFO LEAD new: [Permitted] Camden/2023/4506/P — 34 Meadowbank London NW3 3AY
2026-10-01 12:22:33 INFO LEAD new: [Permitted] Camden/2023/4496/PVL — Fabrique Ltd 53 Goodge Street London W1T 1TG
2026-10-01 12:22:33 INFO LEAD new: [Permitted] Camden/2023/4505/PVL — Mani's 10-12 Perrin's Court London NW3 1QS
2026-10-01 12:22:33 INFO LEAD new: [Permitted] Camden/2023/4490/P — 108 Flat 2 Greencroft Gardens London Camden NW6 3PH
2026-10-01 12:22:33 INFO LEAD new: [Permitted] Camden/2023/4484/P — 10 Keats Grove London Camden NW3 2RR
2026-10-01 12:22:33 INFO LEAD new: [Permitted] Camden/2023/4462/L — Flat 9, Redman House, Portpool Lane London EC1N 7UA
2026-10-01 12:22:33 INFO LEAD new: [Permitted] Camden/2023/4476/A — 42-44 St Pancras Way London NW1 0QT
2026-10-01 12:22:33 INFO LEAD new: [Permitted] Camden/2023/4488/L — 22 Montague Street London Camden WC1B 5BH
2026-10-01 12:22:40 INFO [camden/Permitted] page at offset 10500: 100 records
2026-10-01 12:22:40 INFO LEAD new: [Permitted] Camden/2023/4473/P — 527 Finchley Road London NW3 7BG
2026-10-01 12:22:40 INFO LEAD new: [Permitted] Camden/2024/0387/L — 10 Keats Grove London Camden NW3 2RR
2026-10-01 12:22:40 INFO LEAD new: [Permitted] Camden/2023/4486/P — The Hall School 23 Crossfield Road London Camden NW3 4NU
2026-10-01 12:22:40 INFO LEAD new: [Permitted] Camden/2023/3079/P — 86a-88 Cleveland Street London W1T 6NJ
2026-10-01 12:22:40 INFO LEAD new: [Permitted] Camden/2023/4487/P — Flat 2 10 Strathray Gardens London NW3 4NY
2026-10-01 12:22:40 INFO LEAD new: [Permitted] Camden/2023/4479/P — Garages 1 To 16 Canfield Place London NW6 3BT
2026-10-01 12:22:40 INFO LEAD new: [Permitted] Camden/2023/4449/P — 75 Farringdon Road London EC1M 3PS
2026-10-01 12:22:40 INFO LEAD new: [Permitted] Camden/2023/4427/P — 2-6 St Pancras Way London Camden NW1 0QG
2026-10-01 12:22:40 INFO LEAD new: [Permitted] Camden/2023/4458/L — 9 Wedderburn Road London NW3 5QS
2026-10-01 12:22:40 INFO LEAD new: [Permitted] Camden/2023/4444/A — 62 Neal Street Covent Garden London WC2H 9PA
2026-10-01 12:22:40 INFO LEAD new: [Permitted] Camden/2023/4434/P — 12 Rosslyn Mews London NW3 1NN
2026-10-01 12:22:40 INFO LEAD new: [Permitted] Camden/2023/4388/P — Basement Flat 313A Royal College Street London NW1 9QS
2026-10-01 12:22:40 INFO LEAD new: [Permitted] Camden/2023/4455/P — Former Castlewood House 77-91 New Oxford Street London WC1A 
2026-10-01 12:22:40 INFO LEAD new: [Permitted] Camden/2023/4459/P — Flat Lower Ground Floor 25 Primrose Gardens London NW3 4UJ
2026-10-01 12:22:40 INFO LEAD new: [Permitted] Camden/2023/4456/P — Former Castlewood House 77-91 New Oxford Street London WC1A 
2026-10-01 12:22:40 INFO LEAD new: [Permitted] Camden/2023/4483/PVL — Karma Bread Limited 13 South End Road London NW3 2PT
2026-10-01 12:22:40 INFO LEAD new: [Permitted] Camden/2023/4433/PVL — Costa Coffee 79 Tottenham Court Road London W1T 4TB
2026-10-01 12:22:40 INFO LEAD new: [Permitted] Camden/2023/4425/PVL — Manna London Restaurant 4 Erskine Road Primrose Hill NW3 3AJ
2026-10-01 12:22:40 INFO LEAD new: [Permitted] Camden/2023/4441/PVL — The College Arms 18 Store Street London WC1E 7DE
2026-10-01 12:22:40 INFO LEAD new: [Permitted] Camden/2023/4400/PVL — The Argyle 1 Greville Street London EC1N 8PQ
2026-10-01 12:22:40 INFO LEAD new: [Permitted] Camden/2023/4397/PVL — Roastery and Toastery Ltd Chalk Farm Station Adelaide Road L
2026-10-01 12:22:40 INFO LEAD new: [Permitted] Camden/2023/4408/TC — Swan 7 Cosmo Place Holborn London WC1N 3AP
2026-10-01 12:22:40 INFO LEAD new: [Permitted] Camden/2023/4402/TC — Rising Sun 46 Tottenham Court Road London W1T 2ED
2026-10-01 12:22:40 INFO LEAD new: [Permitted] Camden/2023/4426/P — Flat D 13 Upper Park Road London NW3 2UN
2026-10-01 12:22:40 INFO LEAD new: [Permitted] Camden/2023/2766/P — 14 Highgate West Hill London N6 6JR
2026-10-01 12:22:40 INFO LEAD new: [Permitted] Camden/2023/3393/L — 14 Highgate West Hill London N6 6JR
2026-10-01 12:22:40 INFO LEAD new: [Permitted] Camden/2023/4422/P — 72 Malden Road London Camden NW5 4DA
2026-10-01 12:22:40 INFO LEAD new: [Permitted] Camden/2023/3623/P — Upper Maisonette 86B South Hill Park London NW3 2SN
2026-10-01 12:22:40 INFO LEAD new: [Permitted] Camden/2023/4232/L — Upper Maisonette 86B South Hill Park London NW3 2SN
2026-10-01 12:22:40 INFO LEAD new: [Permitted] Camden/2023/4413/P — Bromwich House 1 Witanhurst Lane London N6 6LT
2026-10-01 12:22:40 INFO LEAD new: [Permitted] Camden/2023/4416/P — 7 The Grove London N6 6JU
2026-10-01 12:22:40 INFO LEAD new: [Permitted] Camden/2023/4387/P — 69 Avenue Road London NW8 6HP
2026-10-01 12:22:40 INFO LEAD new: [Permitted] Camden/2023/4420/L — Parnell House Streatham Street London WC1A 1JB
2026-10-01 12:22:40 INFO LEAD new: [Permitted] Camden/2023/4399/P — 43 Oak Village London Camden NW5 4QL
2026-10-01 12:22:40 INFO LEAD new: [Permitted] Camden/2023/4421/P — 72 Flat B Malden Road London Camden NW5 4DA
2026-10-01 12:22:40 INFO LEAD new: [Permitted] Camden/2023/4430/P — 94 Belsize Road London NW6 4TG
2026-10-01 12:22:40 INFO LEAD new: [Permitted] Camden/2023/5462/P — Flat A 1 Adamson Road London NW3 3HX
2026-10-01 12:22:40 INFO LEAD new: [Permitted] Camden/2023/4386/L — 6 Lincoln's Inn Fields London WC2A 3BP
2026-10-01 12:22:40 INFO LEAD new: [Permitted] Camden/2023/4375/P — 95-100 Network Building Tottenham Court Road London Camden W
2026-10-01 12:22:40 INFO LEAD new: [Permitted] Camden/2023/4381/A — 208 West End Lane London Camden NW6 1UY
2026-10-01 12:22:40 INFO LEAD new: [Permitted] Camden/2023/4383/P — 19-37 Highgate Road London NW5 1JY
2026-10-01 12:22:40 INFO LEAD new: [Permitted] Camden/2023/4385/P — London School Of Hygiene And Tropical Medicine, Rooftop O2 C
2026-10-01 12:22:41 INFO LEAD new: [Permitted] Camden/2023/4379/PVL — Albertini Restaurant 16-20 Chalton Street London NW1 1JH
2026-10-01 12:22:41 INFO LEAD new: [Permitted] Camden/2024/0945/L — School Of Hygiene And Tropical Medicine, Rooftop O2 Communic
2026-10-01 12:22:41 INFO LEAD new: [Permitted] Camden/2023/4403/PVL — Half Cup 100-102 Judd Street London WC1H 9NT
2026-10-01 12:22:41 INFO LEAD new: [Permitted] Camden/2023/4359/TC — Pizza Paradiso Unit 13, New College Parade London NW3 5EP
2026-10-01 12:22:41 INFO LEAD new: [Permitted] Camden/2023/4367/P — Flat A 1 Adamson Road London NW3 3HX
2026-10-01 12:22:41 INFO LEAD new: [Permitted] Camden/2023/4358/P — Former Maria Fidelis School North Gower Street London NW1 2L
2026-10-01 12:22:41 INFO LEAD new: [Permitted] Camden/2023/4364/P — 13 A Mornington Place London NW1 7RW
2026-10-01 12:22:41 INFO LEAD new: [Permitted] Camden/2023/4360/P — Flat Ground Floor 98 Gloucester Avenue London NW1 8HX
2026-10-01 12:22:41 INFO LEAD new: [Permitted] Camden/2023/4357/P — Basement And Ground Floor Flat 62 Parliament Hill London NW3
2026-10-01 12:22:41 INFO LEAD new: [Permitted] Camden/2023/3312/P — Flat C, 37 Prince Of Wales Road London NW5 3LJ
2026-10-01 12:22:41 INFO LEAD new: [Permitted] Camden/2023/4344/P — 3 Medley Road London NW6 2HJ
2026-10-01 12:22:47 INFO [camden/Permitted] page at offset 10600: 100 records
2026-10-01 12:22:47 INFO LEAD new: [Permitted] Camden/2023/4351/P — Flat Basement Rear 5a Belsize Square London NW3 4HT
2026-10-01 12:22:47 INFO LEAD new: [Permitted] Camden/2023/4349/P — 32 Steele's Road London NW3 4RE
2026-10-01 12:22:47 INFO LEAD new: [Permitted] Camden/2023/4352/P — The Cottage Mount Tyndal Spaniards Road London NW3 7JH
2026-10-01 12:22:47 INFO LEAD new: [Permitted] Camden/2023/4338/PVL — Bourne & Hollingsworth Bar 28 Rathbone Place, London W1T 1JF
2026-10-01 12:22:47 INFO LEAD new: [Permitted] Camden/2023/4969/L — 32 Steele's Road London NW3 4RE
2026-10-01 12:22:47 INFO LEAD new: [Permitted] Camden/2023/3636/P — Flat 8 34 Fordwych Road London NW2 3TG
2026-10-01 12:22:47 INFO LEAD new: [Permitted] Camden/2023/4318/PVL — The Hawley Arms 2 Castlehaven Road London NW1 8QU
2026-10-01 12:22:47 INFO LEAD new: [Permitted] Camden/2023/4312/PVL — The Enterprise 2 Haverstock Hill London NW3 2BL
2026-10-01 12:22:47 INFO LEAD new: [Permitted] Camden/2023/4319/P — The Hall School 23 Crossfield Road London NW3 4NU
2026-10-01 12:22:47 INFO LEAD new: [Permitted] Camden/2023/4323/PVL — The Wet Fish Cafe 242 West End Lane London NW6 1LG
2026-10-01 12:22:47 INFO LEAD new: [Permitted] Camden/2023/4332/P — Maple House 149 Tottenham Court Road London W1T 7NF
2026-10-01 12:22:47 INFO LEAD new: [Permitted] Camden/2023/4324/P — Flat B 12 Medley Road London Camden NW6 2HJ
2026-10-01 12:22:47 INFO LEAD new: [Permitted] Camden/2023/4317/P — 20-23 Greville Street London EC1N 8SS
2026-10-01 12:22:47 INFO LEAD new: [Permitted] Camden/2023/4329/P — Mercure Hotel 130-134 Southampton Row London WC1B 5AF
2026-10-01 12:22:47 INFO LEAD new: [Permitted] Camden/2023/4335/P — 66 Priory Road London NW6 3RE
2026-10-01 12:22:47 INFO LEAD new: [Permitted] Camden/2023/4327/P — Development Site At Former University Of Westminster Central
2026-10-01 12:22:47 INFO LEAD new: [Permitted] Camden/2023/4328/P — Agar Grove Estate Development Site Agar Grove London NW1 9SN
2026-10-01 12:22:47 INFO LEAD new: [Permitted] Camden/2023/4304/P — 51 Calthorpe Street London WC1X 0HH
2026-10-01 12:22:47 INFO LEAD new: [Permitted] Camden/2023/4290/P — 139 Fellows Road London NW3 3JJ
2026-10-01 12:22:47 INFO LEAD new: [Permitted] Camden/2023/4295/A — Royal National Hotel 38-51 Bedford Way, London WC1H 0DG
2026-10-01 12:22:47 INFO LEAD new: [Permitted] Camden/2023/4302/P — 29A Frognal London NW3 6AR
2026-10-01 12:22:47 INFO LEAD new: [Permitted] Camden/2023/4288/PVL — Yamas 42 Camden High Street London NW1 0JH
2026-10-01 12:22:47 INFO LEAD new: [Permitted] Camden/2023/4286/PVL — Must Wine Bar 63 South End Road, Hampstead NW3 2QB
2026-10-01 12:22:47 INFO LEAD new: [Permitted] Camden/2023/3905/P — 24-32 Stephenson Way London NW1 2HD
2026-10-01 12:22:47 INFO LEAD new: [Permitted] Camden/2023/4303/A — Bus shelter outside 15-20 Hampstead Road (west side) (Stop T
2026-10-01 12:22:47 INFO LEAD new: [Permitted] Camden/2023/4305/P — Flat 3 2 Holford Road London NW3 1AD
2026-10-01 12:22:47 INFO LEAD new: [Permitted] Camden/2023/4902/L — 25 Old Gloucester Street London Camden WC1N 3AF
2026-10-01 12:22:47 INFO LEAD new: [Permitted] Camden/2023/4298/PVL — The Ninth 22 Charlotte Street London W1T 2NB
2026-10-01 12:22:47 INFO LEAD new: [Permitted] Camden/2023/4293/PVL — Matchbox Cafe Ltd 1A Elm Terrace London NW3 2LL
2026-10-01 12:22:47 INFO LEAD new: [Permitted] Camden/2023/4396/TC — Leon 101 Tottenham Court Road London W1T 4TT
2026-10-01 12:22:47 INFO LEAD new: [Permitted] Camden/2023/4262/PVL — Pret A Manger 252 Tottenham Court Road London W1T 7QN
2026-10-01 12:22:47 INFO LEAD new: [Permitted] Camden/2023/4270/TC — All Bar One 58 Kingsway London WC2B 6DX
2026-10-01 12:22:48 INFO LEAD new: [Permitted] Camden/2023/4251/TC — Nandos 252 - 254 West End Lane London NW6 1LG
2026-10-01 12:22:48 INFO LEAD new: [Permitted] Camden/2023/4278/TC — Washington 50 England's Lane London NW3 4UE
2026-10-01 12:22:48 INFO LEAD new: [Permitted] Camden/2023/4259/PVL — Clerk & Well 156 Clerkenwell Road London EC1R 5DU
2026-10-01 12:22:48 INFO LEAD new: [Permitted] Camden/2023/4265/P — Flat 1st And 2nd Floor 9 Princess Road London NW1 8JN
2026-10-01 12:22:48 INFO LEAD new: [Permitted] Camden/2023/2364/L — School Of Hygiene And Tropical Medicine Keppel Street London
2026-10-01 12:22:48 INFO LEAD new: [Permitted] Camden/2023/4279/L — 17-21 Camden Road London Camden NW1 9LJ
2026-10-01 12:22:48 INFO LEAD new: [Permitted] Camden/2023/4271/P — 76-77 Shelton Street London WC2H 2JQ
2026-10-01 12:22:48 INFO LEAD new: [Permitted] Camden/2023/4272/P — Weeping Ash Oak Hill Park London NW3 7LP
2026-10-01 12:22:48 INFO LEAD new: [Permitted] Camden/2023/4281/P — 59 And A Half Netherhall Gardens London NW3 5RE
2026-10-01 12:22:48 INFO LEAD new: [Permitted] Camden/2023/4247/P — Flat C 79 Jamestown Road London NW1 7DB
2026-10-01 12:22:48 INFO LEAD new: [Permitted] Camden/2023/4230/P — 24 Cubitt Street London WC1X 0LR
2026-10-01 12:22:48 INFO LEAD new: [Permitted] Camden/2023/0722/P — 29 Powlett Place London NW1 8DR
2026-10-01 12:22:48 INFO LEAD new: [Permitted] Camden/2023/4237/L — Flat C 183-185 North Gower Street London Camden NW1 2NJ
2026-10-01 12:22:48 INFO LEAD new: [Permitted] Camden/2023/4249/L — 17 Lyndhurst Gardens London NW3 5NU
2026-10-01 12:22:48 INFO LEAD new: [Permitted] Camden/2023/3326/P — Stephenson House 75 Hampstead Road London NW1 2PL
2026-10-01 12:22:48 INFO LEAD new: [Permitted] Camden/2023/4245/A — 32-34 Rosslyn Hill London NW3 1NH
2026-10-01 12:22:48 INFO LEAD new: [Permitted] Camden/2023/4410/L — 8 Guilford Street London WC1N 1DA
2026-10-01 12:22:48 INFO LEAD new: [Permitted] Camden/2023/4197/PVL — Caffe Nero 77d Kingsway London WC2B 4BL
2026-10-01 12:22:48 INFO LEAD new: [Permitted] Camden/2023/4182/P — 33 Willoughby Road London NW3 1RT
2026-10-01 12:22:48 INFO LEAD new: [Permitted] Camden/2022/4253/A — 267 High Holborn London Camden WC1V 7EE
2026-10-01 12:22:53 WARNING Rate limited (429); waiting 502s before retry 1/6
2026-10-01 12:31:15 WARNING Request failed (403 Client Error: Forbidden for url: https://www.planit.org.uk/api/applics/json?app_state=Permitted&start_date=2023-10-01&end_date=2026-10-01&pg_sz=100&auth=Camden&offset=10700); retry 2/6 in 10s
2026-10-01 12:31:29 INFO [camden/Permitted] page at offset 10700: 64 records
2026-10-01 12:31:29 INFO LEAD new: [Permitted] Camden/2023/4297/PVL — Crudo Cevicheria 36 Monmouth Street London WC2H 9HA
2026-10-01 12:31:29 INFO LEAD new: [Permitted] Camden/2023/3518/P — 1 Grove Terrace Mews London NW5 1PJ
2026-10-01 12:31:29 INFO LEAD new: [Permitted] Camden/2023/4216/P — Ground Floor Flat 17 Arlington Road London NW1 7ER
2026-10-01 12:31:29 INFO LEAD new: [Permitted] Camden/2023/4195/P — Rashleigh House Thanet Street London WC1H 9ES
2026-10-01 12:31:29 INFO LEAD new: [Permitted] Camden/2023/4202/P — 2 Mall Studios Tasker Road London NW3 2YS
2026-10-01 12:31:29 INFO LEAD new: [Permitted] Camden/2023/4248/PVL — Caffe Nero Unit 1a 100-110 High Holborn London WC1V 6QL
2026-10-01 12:31:29 INFO LEAD new: [Permitted] Camden/2023/4185/PVL — Five Guys 264 Tottenham Court Road London W1T 7RQ
2026-10-01 12:31:29 INFO LEAD new: [Permitted] Camden/2023/4190/PVL — Lemonia Restaurant 89 Regent's Park Road London NW1 8UY
2026-10-01 12:31:29 INFO LEAD new: [Permitted] Camden/2023/3252/P — 39 Russell Square London WC1B 5DA
2026-10-01 12:31:29 INFO LEAD new: [Permitted] Camden/2023/4187/P — 527 Finchley Road London Camden NW3 7BG
2026-10-01 12:31:29 INFO LEAD new: [Permitted] Camden/2023/4217/L — 7-8 Great James Street London Camden WC1N 3DF
2026-10-01 12:31:29 INFO LEAD new: [Permitted] Camden/2023/4215/P — 41 Priory Terrace London NW6 4DG
2026-10-01 12:31:29 INFO LEAD new: [Permitted] Camden/2023/4060/L — 39 Russell Square London WC1B 5DA
2026-10-01 12:31:29 INFO LEAD new: [Permitted] Camden/2023/4756/L — Ground Floor Flat 17 Arlington Road London NW1 7ER
2026-10-01 12:31:29 INFO LEAD new: [Permitted] Camden/2023/4175/P — Henderson Court 102 Fitzjohn's Avenue London NW3 6NS
2026-10-01 12:31:29 INFO LEAD new: [Permitted] Camden/2023/4150/L — 11 Pond Street London Camden NW3 2PN
2026-10-01 12:31:29 INFO LEAD new: [Permitted] Camden/2023/4914/L — 7 Rothwell Street London NW1 8YH
2026-10-01 12:31:29 INFO LEAD new: [Permitted] Camden/2023/4158/P — The Hall School 23 Crossfield Road London Camden NW3 4NU
2026-10-01 12:31:29 INFO LEAD new: [Permitted] Camden/2023/4221/PVL — Caffe Nero 54 Theobalds Road London WC1X 8NW
2026-10-01 12:31:29 INFO LEAD new: [Permitted] Camden/2023/4289/A — The Heals Building 196 Tottenham Court Road London W1T 7LQ
2026-10-01 12:31:29 INFO LEAD new: [Permitted] Camden/2023/4170/P — The Heals Building 196 Tottenham Court Road London W1T 7LQ
2026-10-01 12:31:29 INFO LEAD new: [Permitted] Camden/2023/4154/P — 42 Parkhill Road London Camden NW3 2YP
2026-10-01 12:31:29 INFO LEAD new: [Permitted] Camden/2023/4218/PVL — Caffe Nero 167 Finchley Road London NW3 6LB
2026-10-01 12:31:29 INFO LEAD new: [Permitted] Camden/2023/4160/PVL — Rossopomodoro 50-52 Monmouth Street London WC2H 9EP
2026-10-01 12:31:29 INFO LEAD new: [Permitted] Camden/2023/4167/PVL — Gaucho Grill 64 Heath Street London NW3 1DN
2026-10-01 12:31:29 INFO LEAD new: [Permitted] Camden/2023/4169/PVL — The Standard London 10 Argyle Street London WC1H 8EG
2026-10-01 12:31:29 INFO LEAD new: [Permitted] Camden/2023/4196/PVL — THE REMEDY WINE BAR & KITCHEN 124 Cleveland Street London W1
2026-10-01 12:31:29 INFO LEAD new: [Permitted] Camden/2023/4168/PVL — Bleeding Heart Bistro 7 Bleeding Heart Yard London EC1N 8SJ
2026-10-01 12:31:29 INFO LEAD new: [Permitted] Camden/2023/4156/PVL — Monopoly Lifesized 213-215 Tottenham Court Road London W1T 7
2026-10-01 12:31:29 INFO LEAD new: [Permitted] Camden/2023/4220/PVL — Caffe Nero 108 Southampton Row London WC1B 4BL
2026-10-01 12:31:29 INFO LEAD new: [Permitted] Camden/2023/4131/TC — ARVO 57 Regent's Park Road London NW1 8XD
2026-10-01 12:31:29 INFO LEAD new: [Permitted] Camden/2023/4192/PVL — Amorino 21 Goodge Street London W1T 2PJ
2026-10-01 12:31:29 INFO LEAD new: [Permitted] Camden/2023/4125/PVL — Franco Manca 4 Bernard Street London WC1N 1LJ
2026-10-01 12:31:29 INFO LEAD new: [Permitted] Camden/2023/4201/PVL — The Grafton 20 Prince of Wales Road London NW5 3LG
2026-10-01 12:31:29 INFO LEAD new: [Permitted] Camden/2023/4184/PVL — Caffe Nero 1 Hampstead High Street London NW3 1PR
2026-10-01 12:31:29 INFO LEAD new: [Permitted] Camden/2023/3195/L — 119 St Pancras Way London Camden NW1 0RD
2026-10-01 12:31:29 INFO LEAD new: [Permitted] Camden/2023/4132/P — Flat B 68-70 Falkland Road London NW5 2XA
2026-10-01 12:31:29 INFO LEAD new: [Permitted] Camden/2023/4188/PVL — Caffe Nero 264-266 West End Lane London NW6 4LJ
2026-10-01 12:31:29 INFO LEAD new: [Permitted] Camden/2023/4143/P — Flat 1st Floor 65 Regent's Park Road London NW1 8XD
2026-10-01 12:31:29 INFO LEAD new: [Permitted] Camden/2023/4199/PVL — Mimmo La Bufala 45A South End Road London NW3 2QB
2026-10-01 12:31:29 INFO LEAD new: [Permitted] Camden/2023/4725/L — 17 Highgate High Street London Camden N6 5JT
2026-10-01 12:31:29 INFO LEAD new: [Permitted] Camden/2023/4146/P — Phoenix Theatre 112 Charing Cross Road London WC2H 0JP
2026-10-01 12:31:29 INFO LEAD new: [Permitted] Camden/2023/4127/L — 4 Leverton Street London NW5 2PJ
2026-10-01 12:31:29 INFO LEAD new: [Permitted] Camden/2023/4147/P — 86 West End Lane London NW6 2LX
2026-10-01 12:31:29 INFO LEAD new: [Permitted] Camden/2023/4145/P — 178 Regent's Park Road London NW1 8XP
2026-10-01 12:31:38 INFO [camden/Conditions] page at offset 0: 100 records
2026-10-01 12:31:38 INFO LEAD new: [Conditions] Camden/2026/1753/P — Unit 1 & 2 Apollo Studios Charlton King's Road London NW5 2S
2026-10-01 12:31:38 INFO LEAD new: [Conditions] Camden/2026/1695/P — 1st And 2nd Floor Flat 529b Finchley Road London NW3 7BG
2026-10-01 12:31:38 INFO LEAD new: [Conditions] Camden/2026/1693/P — Flat 1st And 2nd Floor 529B Finchley Road London NW3 7BG
2026-10-01 12:31:38 INFO LEAD new: [Conditions] Camden/2026/1525/P — 103c Offices And Premises At Lower Ground Floor Camley Stree
2026-10-01 12:31:38 INFO LEAD new: [Conditions] Camden/2026/1013/P — Arches S2-S15, E2-E5 and N6 Dockray Place London NW1 8QD
2026-10-01 12:31:38 INFO LEAD new: [Conditions] Camden/2026/0892/P — 34 Prince Of Wales Road London NW5 3LG
2026-10-01 12:31:38 INFO LEAD new: [Conditions] Camden/2026/0807/P — 160 West End Lane London NW6 1HU
2026-10-01 12:31:38 INFO LEAD new: [Conditions] Camden/2026/0697/P — 33 Mornington Terrace London NW1 7RS
2026-10-01 12:31:38 INFO LEAD new: [Conditions] Camden/2026/0547/P — 14 Templewood Avenue London NW3 7XA
2026-10-01 12:31:38 INFO LEAD new: [Conditions] Camden/2026/0470/P — Ground Floor Premises 12 West Hampstead Mews London NW6 3BB
2026-10-01 12:31:38 INFO LEAD new: [Conditions] Camden/2026/0527/P — 5 Hargrave Place London N7 0BP
2026-10-01 12:31:38 INFO LEAD new: [Conditions] Camden/2026/0404/P — 100 Avenue Road London NW3 3HF
2026-10-01 12:31:38 INFO LEAD new: [Conditions] Camden/2026/0335/P — 216A West End Lane London NW6 1UX
2026-10-01 12:31:38 INFO LEAD new: [Conditions] Camden/2026/0241/P — 4-5 North Mews London WC1N 2JP
2026-10-01 12:31:38 INFO LEAD new: [Conditions] Camden/2026/0284/P — 100 Chalk Farm Road London NW1 8EH
2026-10-01 12:31:38 INFO LEAD new: [Conditions] Camden/2026/0297/P — 1 Triton Square London NW1 3DX
2026-10-01 12:31:38 INFO LEAD new: [Conditions] Camden/2026/0148/P — 5 B Prince Arthur Road London NW3 6AX
2026-10-01 12:31:38 INFO LEAD new: [Conditions] Camden/2026/0285/P — 33-35 Jamestown Road London Camden NW1 7DB
2026-10-01 12:31:38 INFO LEAD new: [Conditions] Camden/2026/0242/P — 249-255 Kentish Town Road London NW5 2JT
2026-10-01 12:31:38 INFO LEAD new: [Conditions] Camden/2026/0216/P — 13 Daleham Gardens London NW3 5BY
2026-10-01 12:31:38 INFO LEAD new: [Conditions] Camden/2026/0201/P — Former Homebase Store 255 Finchley Road The O2 Centre London
2026-10-01 12:31:38 INFO LEAD new: [Conditions] Camden/2025/5818/P — 100 Avenue Road London NW3 3HF
2026-10-01 12:31:38 INFO LEAD new: [Conditions] Camden/2025/5819/P — The Cottage 10 Lyndhurst Road London NW3 5PX
2026-10-01 12:31:38 INFO LEAD new: [Conditions] Camden/2025/5781/P — Land to the North of the British Library 96 Euston Road Lond
2026-10-01 12:31:38 INFO LEAD new: [Conditions] Camden/2025/5526/P — 37 Dartmouth Park Avenue London NW5 1JL
2026-10-01 12:31:38 INFO LEAD new: [Conditions] Camden/2025/5454/P — 23 Glenmore Road London NW3 4BY
2026-10-01 12:31:38 INFO LEAD new: [Conditions] Camden/2025/5531/P — 2 Windmill Street London W1T 2HX
2026-10-01 12:31:38 INFO LEAD new: [Conditions] Camden/2025/4413/P — 34 Bloomsbury Way London WC1A 2SA
2026-10-01 12:31:38 INFO LEAD new: [Conditions] Camden/2025/5405/P — Stewart House University Of London 32 Russell Square London 
2026-10-01 12:31:38 INFO LEAD new: [Conditions] Camden/2025/5292/P — 55 Tottenham Court Road and 16-24 Whitfield Street London W1
2026-10-01 12:31:38 INFO LEAD new: [Conditions] Camden/2025/5304/P — Middlesex Hospital Annexe 44 Cleveland Street London W1T 4JT
2026-10-01 12:31:38 INFO LEAD new: [Conditions] Camden/2025/5094/P — British Museum Great Russell Street London WC1B 3DG
2026-10-01 12:31:38 INFO LEAD new: [Conditions] Camden/2025/5259/P — 487B Finchley Road London NW3 6HS
2026-10-01 12:31:38 INFO LEAD new: [Conditions] Camden/2025/5217/P — 23 A Great Queen Street London WC2B 5BB
2026-10-01 12:31:38 INFO LEAD new: [Conditions] Camden/2025/5152/P — 61 Compayne Gardens London Camden NW6 3DB
2026-10-01 12:31:38 INFO LEAD new: [Conditions] Camden/2025/4814/P — Offices And Premises At 1st And Mezzanine Floor Western Tran
2026-10-01 12:31:38 INFO LEAD new: [Conditions] Camden/2025/5303/P — Middlesex Hospital Annexe 44 Cleveland Street London W1T 4JT
2026-10-01 12:31:38 INFO LEAD new: [Conditions] Camden/2025/1433/P — 22-24 Kingsford Street London NW5 4JT
2026-10-01 12:31:38 INFO LEAD new: [Conditions] Camden/2025/4829/P — Former Hampstead Police Station 26 Rosslyn Hill London NW3 1
2026-10-01 12:31:38 INFO LEAD new: [Conditions] Camden/2025/4131/P — Unit 6A 6-17 Tottenham Court Road London W1T 1BG
2026-10-01 12:31:38 INFO LEAD new: [Conditions] Camden/2025/4474/P — 63-66 Hatton Garden London EC1N 8LE
2026-10-01 12:31:38 INFO LEAD new: [Conditions] Camden/2025/4364/P — 3-30 Cedar Way London N1C 4PD
2026-10-01 12:31:38 INFO LEAD new: [Conditions] Camden/2025/4006/P — 27 Murray Mews London NW1 9RH
2026-10-01 12:31:38 INFO LEAD new: [Conditions] Camden/2025/4407/P — 155 Regent's Park Road London NW1 8BB
2026-10-01 12:31:38 INFO LEAD new: [Conditions] Camden/2025/4341/P — 120-136 Camley Street London N1C 4PG
2026-10-01 12:31:38 INFO LEAD new: [Conditions] Camden/2025/4242/P — Rear of 47-51 Chalton Street London NW1 1HY
2026-10-01 12:31:38 INFO LEAD new: [Conditions] Camden/2025/4251/P — 57 Hartland Road London NW1 8DB
2026-10-01 12:31:38 INFO LEAD new: [Conditions] Camden/2025/4231/P — 125 Parkway London NW1 7PS
2026-10-01 12:31:38 INFO LEAD new: [Conditions] Camden/2025/4060/P — 243 Royal College Street London NW1 9LT
2026-10-01 12:31:38 INFO LEAD new: [Conditions] Camden/2025/4055/P — 180 Arlington Road and 14 Parkway London NW1 7HL and NW1 7AA
2026-10-01 12:31:38 INFO LEAD new: [Conditions] Camden/2025/4041/P — 8 Frognal Lane London NW3 7DU
2026-10-01 12:31:38 INFO LEAD new: [Conditions] Camden/2025/3861/P — 273 Eversholt Street London NW1 1BA
2026-10-01 12:31:39 INFO LEAD new: [Conditions] Camden/25-00180-HAPP — 72 Camden Mews London NW1 9BX
2026-10-01 12:31:39 INFO LEAD new: [Conditions] Camden/2025/3810/P — Kelvin House 123 Judd Street London WC1H 9NP
2026-10-01 12:31:39 INFO LEAD new: [Conditions] Camden/2025/3492/P — 68 Elsworthy Road London NW3 3BP
2026-10-01 12:31:39 INFO LEAD new: [Conditions] Camden/2025/3755/P — Flat 1st and 2nd Floor 107 Goldhurst Terrace London NW6 3HA
2026-10-01 12:31:39 INFO LEAD new: [Conditions] Camden/2025/3733/P — 164 Malden Road London NW5 4BS
2026-10-01 12:31:39 INFO LEAD new: [Conditions] Camden/25-00177-HAPP — 94 Camden Mews London NW1 9AG
2026-10-01 12:31:39 INFO LEAD new: [Conditions] Camden/2025/3697/P — Land to the south of Murphy's Yard Highgate Road NW5 1TN
2026-10-01 12:31:39 INFO LEAD new: [Conditions] Camden/2025/3628/P — Selkirk House 166 High Holborn 1 Museum Street 10-12 Museum 
2026-10-01 12:31:39 INFO LEAD new: [Conditions] Camden/2025/3463/P — 52 Avenue Road London NW8 6HS
2026-10-01 12:31:39 INFO LEAD new: [Conditions] Camden/2025/3376/P — Offices And Premises at Unit 5 Ground Floor 37 Great Russell
2026-10-01 12:31:39 INFO LEAD new: [Conditions] Camden/2025/3374/P — 14 Anglers Lane London NW5 3DG
2026-10-01 12:31:39 INFO LEAD new: [Conditions] Camden/2025/3356/P — 579 Finchley Road London NW3 7BS
2026-10-01 12:31:39 INFO LEAD new: [Conditions] Camden/2025/3297/P — Mackellar House Burgess Hill London NW2 2DB
2026-10-01 12:31:39 INFO LEAD new: [Conditions] Camden/2025/3207/P — Offices And Premises At 2nd Floor 45 Fitzroy Street London W
2026-10-01 12:31:39 INFO LEAD new: [Conditions] Camden/2025/3086/P — 31 Elsworthy Road London NW3 3BT
2026-10-01 12:31:39 INFO LEAD new: [Conditions] Camden/2025/3064/P — 2-7 St Chad's Street London WC1H 8BD
2026-10-01 12:31:39 INFO LEAD new: [Conditions] Camden/2025/3057/P — Juniper Crescent Chalk Farm London NW1 8HQ
2026-10-01 12:31:39 INFO LEAD new: [Conditions] Camden/2025/3038/P — Whittington House 19-30 Alfred Place London WC1E 7EA
2026-10-01 12:31:39 INFO LEAD new: [Conditions] Camden/2025/2977/P — 50-52 London Irish Centre Camden Square London NW1 9XB
2026-10-01 12:31:39 INFO LEAD new: [Conditions] Camden/2025/2075/P — Flat A Ground Floor 9 Ainger Road London NW3 3AR
2026-10-01 12:31:39 INFO LEAD new: [Conditions] Camden/2025/2884/P — 2 Prince Of Wales Road London NW5 3LQ
2026-10-01 12:31:39 INFO LEAD new: [Conditions] Camden/2025/2543/P — 79 Canfield Gardens London NW6 3EA
2026-10-01 12:31:39 INFO LEAD new: [Conditions] Camden/2025/2667/P — West Kentish Town Estate Land bounded by Queens Crescent, Gr
2026-10-01 12:31:39 INFO LEAD new: [Conditions] Camden/2025/3360/P — Middlesex Hospital Annexe 44 Cleveland Street London W1T 4JT
2026-10-01 12:31:39 INFO LEAD new: [Conditions] Camden/2025/2426/P — 85 Priory Road London NW6 3NL
2026-10-01 12:31:39 INFO LEAD new: [Conditions] Camden/2025/2302/P — 5B Prince Arthur Road London NW3 6AX
2026-10-01 12:31:39 INFO LEAD new: [Conditions] Camden/2025/2373/P — Chenies House 21 Bedford Square London WC1B 3HH
2026-10-01 12:31:39 INFO LEAD new: [Conditions] Camden/2025/2350/P — 82 Hampstead High Street London NW3 1RE
2026-10-01 12:31:39 INFO LEAD new: [Conditions] Camden/2025/2313/P — 239 Kentish Town Road London NW5 2JT
2026-10-01 12:31:39 INFO LEAD new: [Conditions] Camden/2025/2252/P — 12 Allcroft Road London NW5 4NE
2026-10-01 12:31:39 INFO LEAD new: [Conditions] Camden/2025/2104/P — North Bridge House Senior School 65 Rosslyn Hill London NW3 
2026-10-01 12:31:39 INFO LEAD new: [Conditions] Camden/2025/2119/P — 49 Lancaster Grove London NW3 4HB
2026-10-01 12:31:39 INFO LEAD new: [Conditions] Camden/2025/2116/P — 31A Camden Mews London NW1 9BY
2026-10-01 12:31:39 INFO LEAD new: [Conditions] Camden/2025/2002/P — 11 Doughty Street London WC1N 2PL
2026-10-01 12:31:39 INFO LEAD new: [Conditions] Camden/2025/1816/P — 20 Busby Place London NW5 2SR
2026-10-01 12:31:39 INFO LEAD new: [Conditions] Camden/2025/1813/P — 48 Hillfield Road London NW6 1PZ
2026-10-01 12:31:39 INFO LEAD new: [Conditions] Camden/2025/1754/P — Brunswick Centre Estate Brunswick Centre London WC1N 1AE
2026-10-01 12:31:39 INFO LEAD new: [Conditions] Camden/2025/0636/P — 4 Bloomsbury Place London Camden WC1A 2QA
2026-10-01 12:31:39 INFO LEAD new: [Conditions] Camden/2025/1690/P — Frognal Rise House Lower Terrace London NW3 6RE
2026-10-01 12:31:39 INFO LEAD new: [Conditions] Camden/2025/1579/P — 8 Hermit Place London NW6 4BZ
2026-10-01 12:31:46 INFO [camden/Conditions] page at offset 100: 100 records
2026-10-01 12:31:46 INFO LEAD new: [Conditions] Camden/2025/1683/P — 19 Charterhouse Street London EC1N 6RA
2026-10-01 12:31:46 INFO LEAD new: [Conditions] Camden/2025/1684/P — 105 - 121 Judd Street London WC1H 9NE
2026-10-01 12:31:46 INFO LEAD new: [Conditions] Camden/2025/1000/P — 161 West End Lane London NW6 2LG
2026-10-01 12:31:46 INFO LEAD new: [Conditions] Camden/2025/1630/P — St Johns Lodge, The Studio Harley Road London NW3 3BY
2026-10-01 12:31:46 INFO LEAD new: [Conditions] Camden/2025/0596/P — 18 Acton Street London WC1X 9ND
2026-10-01 12:31:46 INFO LEAD new: [Conditions] Camden/2025/1427/P — 13 Daleham Gardens London NW3 5BY
2026-10-01 12:31:46 INFO LEAD new: [Conditions] Camden/2025/1454/P — Lower Basement and Upper Basement of the Atrium Building Sta
2026-10-01 12:31:46 INFO LEAD new: [Conditions] Camden/2024/5482/P — Flat E 33-39 Holmdale Road London NW6 1BJ
2026-10-01 12:31:46 INFO LEAD new: [Conditions] Camden/2025/0984/P — 50 A Haverstock Hill London NW3 2BH
2026-10-01 12:31:46 INFO LEAD new: [Conditions] Camden/2025/1358/P — 31 Elsworthy Road London NW3 3BT
2026-10-01 12:31:46 INFO LEAD new: [Conditions] Camden/2025/1264/P — 107 Kentish Town Road London Camden NW1 8PB
2026-10-01 12:31:46 INFO LEAD new: [Conditions] Camden/2025/1210/P — Lytton Court Barter Street London WC1A 2AH
2026-10-01 12:31:46 INFO LEAD new: [Conditions] Camden/2025/1108/P — 55 Tottenham Court Road and 16-24 Whitfield Street London W1
2026-10-01 12:31:46 INFO LEAD new: [Conditions] Camden/2025/1084/P — Land west of Ashley Court (Frognal Garages) Frognal Lane Lon
2026-10-01 12:31:46 INFO LEAD new: [Conditions] Camden/2025/0903/P — First Floor Horse Hospital Stables Market London NW1 8AF
2026-10-01 12:31:46 INFO LEAD new: [Conditions] Camden/2025/1146/P — 11 Murray Street London NW1 9RE
2026-10-01 12:31:46 INFO LEAD new: [Conditions] Camden/2025/0852/P — 100 Avenue Road London NW3 3HF
2026-10-01 12:31:46 INFO LEAD new: [Conditions] Camden/2025/0809/P — 12 Pilgrim's Lane London Camden NW3 1SN
2026-10-01 12:31:46 INFO LEAD new: [Conditions] Camden/2025/0674/P — The 99s The Stables Market Chalk Farm Road London NW1 8AH
2026-10-01 12:31:46 INFO LEAD new: [Conditions] Camden/2025/0646/P — 7 Redington Gardens London NW3 7RU
2026-10-01 12:31:46 INFO LEAD new: [Conditions] Camden/2025/0524/P — 28 Parliament Hill London NW3 2TN
2026-10-01 12:31:46 INFO LEAD new: [Conditions] Camden/2024/5617/P — 104-110 Phoenix House Charing Cross Road London WC2H 0JN
2026-10-01 12:31:46 INFO LEAD new: [Conditions] Camden/2025/0393/P — Eurowed House 20-24 Kirby Street London EC1N 8TS
2026-10-01 12:31:46 INFO LEAD new: [Conditions] Camden/2025/0367/P — 167-169 Shaftesbury Avenue London WC2H 8AN
2026-10-01 12:31:46 INFO LEAD new: [Conditions] Camden/2025/0162/P — 94 Arlington Road London NW1 7HT
2026-10-01 12:31:46 INFO LEAD new: [Conditions] Camden/2025/0210/P — 26 Red Lion Square London WC1R 4HQ
2026-10-01 12:31:46 INFO LEAD new: [Conditions] Camden/2024/3671/P — 188 Goldhurst Terrace London NW6 3HN
2026-10-01 12:31:46 INFO LEAD new: [Conditions] Camden/2024/5705/P — Fusion House 28 Rochester Place London NW1 9DF
2026-10-01 12:31:46 INFO LEAD new: [Conditions] Camden/2024/4844/P — 5a Agar Place London NW1 0RG
2026-10-01 12:31:46 INFO LEAD new: [Conditions] Camden/2024/5656/P — Land At 152 Royal College Street London NW1 0TA
2026-10-01 12:31:46 INFO LEAD new: [Conditions] Camden/2024/5658/P — Land At 152 Royal College Street London NW1 0TA
2026-10-01 12:31:46 INFO LEAD new: [Conditions] Camden/2024/5659/P — Land At 152 Royal College Street London NW1 0TA
2026-10-01 12:31:46 INFO LEAD new: [Conditions] Camden/2024/5594/P — 175 Arlington Road London NW1 7EY
2026-10-01 12:31:46 INFO LEAD new: [Conditions] Camden/2025/0035/P — 17-37 William Road London NW1 3ER
2026-10-01 12:31:46 INFO LEAD new: [Conditions] Camden/2025/0024/A — 27-29 Endell Street London Camden WC2H 9BA
2026-10-01 12:31:46 INFO LEAD new: [Conditions] Camden/2025/0023/P — Upper ground floor flat 6 Quex Road London NW6 4PL
2026-10-01 12:31:46 INFO LEAD new: [Conditions] Camden/2024/5805/P — 53 Warren Street London W1T 5NL
2026-10-01 12:31:46 INFO LEAD new: [Conditions] Camden/2024/5714/P — 9 John Street London WC1N 2ES
2026-10-01 12:31:46 INFO LEAD new: [Conditions] Camden/2024/5677/P — 22 Holmes Road London NW5 3AB
2026-10-01 12:31:46 INFO LEAD new: [Conditions] Camden/2024/5647/P — 56 Coity Road London NW5 4RY
2026-10-01 12:31:46 INFO LEAD new: [Conditions] Camden/2024/5613/P — 2 Swain's Lane London N6 6QS
2026-10-01 12:31:46 INFO LEAD new: [Conditions] Camden/2024/5599/P — 62 Warren Street London W1T 5NY
2026-10-01 12:31:46 INFO LEAD new: [Conditions] Camden/2024/5601/P — Flat A, 73 Redington Road London NW3 7RP
2026-10-01 12:31:46 INFO LEAD new: [Conditions] Camden/2024/5548/P — 63-66 Hatton Garden London EC1N 8LE
2026-10-01 12:31:46 INFO LEAD new: [Conditions] Camden/2024/5431/P — 7 Mansfield Road London NW3 2JD
2026-10-01 12:31:46 INFO LEAD new: [Conditions] Camden/2024/5408/P — 125 Shaftesbury Avenue London WC2H 8AD
2026-10-01 12:31:46 INFO LEAD new: [Conditions] Camden/2024/5379/P — 20-23 Lincoln's Inn Fields London WC2A 3ED
2026-10-01 12:31:46 INFO LEAD new: [Conditions] Camden/2024/5382/P — 5-6 Underhill Street London NW1 7HS
2026-10-01 12:31:46 INFO LEAD new: [Conditions] Camden/2024/5240/P — 56 Platt's Lane London NW3 7NT
2026-10-01 12:31:46 INFO LEAD new: [Conditions] Camden/2024/5203/P — 31 Willoughby Road London NW3 1RT
2026-10-01 12:31:46 INFO LEAD new: [Conditions] Camden/2024/5124/P — St Pancras Commercial Centre 63 Pratt Street London NW1 0BY
2026-10-01 12:31:46 INFO LEAD new: [Conditions] Camden/2024/4428/P — 1B Old Brewery Mews, London, NW3 1PZ
2026-10-01 12:31:46 INFO LEAD new: [Conditions] Camden/2024/5097/P — 17 Lyndhurst Gardens London NW3 5NU
2026-10-01 12:31:46 INFO LEAD new: [Conditions] Camden/2024/4840/P — The Courtyard 1-7 Alfred Place, 22 Store Street and 220-226 
2026-10-01 12:31:46 INFO LEAD new: [Conditions] Camden/2024/4980/P — 13 Belsize Crescent London NW3 5QY
2026-10-01 12:31:46 INFO LEAD new: [Conditions] Camden/2024/4953/P — 33 - 35 Jamestown Road London NW1 7DB
2026-10-01 12:31:46 INFO LEAD new: [Conditions] Camden/2024/4898/P — 289 Gray's Inn Road London WC1X 8QH
2026-10-01 12:31:46 INFO LEAD new: [Conditions] Camden/2024/0976/P — 253 Eversholt Street London NW1 1BA
2026-10-01 12:31:46 INFO LEAD new: [Conditions] Camden/2024/4812/P — 22 Chevington Garlinge Road London NW2 3TE
2026-10-01 12:31:46 INFO LEAD new: [Conditions] Camden/2024/4770/P — 70 Churchway London NW1 1LT
2026-10-01 12:31:46 INFO LEAD new: [Conditions] Camden/2024/4541/P — Ground floor unit 16 Rochester Mews London NW1 9JB
2026-10-01 12:31:46 INFO LEAD new: [Conditions] Camden/2024/4644/P — 15-27 Depot Point, Management Suite Britannia Street London 
2026-10-01 12:31:46 INFO LEAD new: [Conditions] Camden/2024/4331/P — 45 Elsworthy Road London NW3 3BS
2026-10-01 12:31:46 INFO LEAD new: [Conditions] Camden/2024/4662/P — Selkirk House 166 High Holborn 1 Museum Street 10-12 Museum 
2026-10-01 12:31:46 INFO LEAD new: [Conditions] Camden/2024/4426/P — 10 Pratt Mews London Camden NW1 0AD
2026-10-01 12:31:46 INFO LEAD new: [Conditions] Camden/2024/4203/P — Echo House 1A Narcissus Road London NW6 1TJ
2026-10-01 12:31:46 INFO LEAD new: [Conditions] Camden/2024/4574/P — 234-240 Grafton Road London NW5 4UA
2026-10-01 12:31:46 INFO LEAD new: [Conditions] Camden/2024/3865/P — Land adjacent to 1 Regency Lawn Croftdown Road London NW5 1H
2026-10-01 12:31:46 INFO LEAD new: [Conditions] Camden/2024/4450/P — 1 Wadham Gardens London NW3 3DN
2026-10-01 12:31:46 INFO LEAD new: [Conditions] Camden/2024/4433/P — 8 Fulwood Place London WC1V 6HG
2026-10-01 12:31:46 INFO LEAD new: [Conditions] Camden/2024/4372/P — Flat B 59 Torriano Avenue London NW5 2SG
2026-10-01 12:31:46 INFO LEAD new: [Conditions] Camden/2024/4323/P — Camden Goods Yard Morrisons Superstore and Petrol Filling St
2026-10-01 12:31:46 INFO LEAD new: [Conditions] Camden/2024/4297/P — 5 Bacon's Lane London N6 6BL
2026-10-01 12:31:47 INFO LEAD new: [Conditions] Camden/2024/4214/P — 369-377 Kentish Town Road London NW5 2TJ
2026-10-01 12:31:47 INFO LEAD new: [Conditions] Camden/2024/3247/P — Stables Building in the land to the rear of Hampstead Police
2026-10-01 12:31:47 INFO LEAD new: [Conditions] Camden/2024/4161/P — 23 Mercer Street London WC2H 9QR
2026-10-01 12:31:47 INFO LEAD new: [Conditions] Camden/2024/4116/P — 293-299, 301-305 Kentish Town Road and 8 Holmes Road London 
2026-10-01 12:31:47 INFO LEAD new: [Conditions] Camden/2024/4223/P — Media House 82 Highgate Road London NW5 1GZ
2026-10-01 12:31:47 INFO LEAD new: [Conditions] Camden/2024/3908/P — 31 Elsworthy Road London Camden NW3 3BT
2026-10-01 12:31:47 INFO LEAD new: [Conditions] Camden/2024/3971/P — Embassy Theatre - The Royal Central School of Speech and Dra
2026-10-01 12:31:47 INFO LEAD new: [Conditions] Camden/2024/3854/L — Kelley House 18-20 Royal College Street London NW1 0TH
2026-10-01 12:31:47 INFO LEAD new: [Conditions] Camden/2024/3768/P — Kelley House 18-20 Royal College Street London NW1 0TH
2026-10-01 12:31:47 INFO LEAD new: [Conditions] Camden/2024/3586/P — 40 Mornington Terrace London Camden NW1 7RS
2026-10-01 12:31:47 INFO LEAD new: [Conditions] Camden/2024/3537/P — 52 Avenue Road London NW8 6HS
2026-10-01 12:31:47 INFO LEAD new: [Conditions] Camden/2024/3497/P — 335 Euston Road London NW1 3AD
2026-10-01 12:31:47 INFO LEAD new: [Conditions] Camden/2024/3478/P — Land to the Rear of 12 Sarre Road London NW2 3SL
2026-10-01 12:31:47 INFO LEAD new: [Conditions] Camden/2024/3493/P — Kingsway House 103 Kingsway London WC2B 6QX
2026-10-01 12:31:47 INFO LEAD new: [Conditions] Camden/2024/2928/P — 30 Grove Place London NW3 1JR
2026-10-01 12:31:47 INFO LEAD new: [Conditions] Camden/2024/3100/P — 151-153 Camden High Street London NW1 7JY
2026-10-01 12:31:47 INFO LEAD new: [Conditions] Camden/2024/3069/P — 24 Burgess Hill London NW2 2DA
2026-10-01 12:31:47 INFO LEAD new: [Conditions] Camden/2024/3022/P — 1-4 Lansdowne Terrace and 89-92 Guilford Street London WC1N 
2026-10-01 12:31:47 INFO LEAD new: [Conditions] Camden/2024/2988/P — 27 Elizabeth Mews London NW3 4UH
2026-10-01 12:31:47 INFO LEAD new: [Conditions] Camden/2024/2954/P — 14 Templewood Avenue London NW3 7XA
2026-10-01 12:31:47 INFO LEAD new: [Conditions] Camden/2024/2810/P — Rugby Chambers 2 Rugby Street London WC1N 3QU
2026-10-01 12:31:53 INFO [camden/Conditions] page at offset 200: 100 records
2026-10-01 12:31:53 INFO LEAD new: [Conditions] Camden/2024/2813/P — 2 Acton Street London WC1X 9NA
2026-10-01 12:31:53 INFO LEAD new: [Conditions] Camden/2024/2785/P — 95 Avenue Road London NW8 6HY
2026-10-01 12:31:53 INFO LEAD new: [Conditions] Camden/2024/2762/P — 61 Ornan Road London NW3 4QD
2026-10-01 12:31:53 INFO LEAD new: [Conditions] Camden/2024/2732/P — 124 Theobald's Road London WC1X 8RX
2026-10-01 12:31:53 INFO LEAD new: [Conditions] Camden/2024/2691/P — 8 Inglewood Road London NW6 1QZ
2026-10-01 12:31:54 INFO LEAD new: [Conditions] Camden/2024/2525/P — 110 High Holborn London WC1V 6JS
2026-10-01 12:31:54 INFO LEAD new: [Conditions] Camden/2024/2447/P — 15 Goodge Place London W1T 4SQ
2026-10-01 12:31:54 INFO LEAD new: [Conditions] Camden/2024/2450/P — 151 Shaftesbury Avenue London WC2H 8AL
2026-10-01 12:31:54 INFO LEAD new: [Conditions] Camden/2024/1359/P — 5 Albert Terrace London NW1 7SU
2026-10-01 12:31:54 INFO LEAD new: [Conditions] Camden/2024/2407/P — 22 Warren Street & 52-56 Fitzroy Street London W1T 5LS
2026-10-01 12:31:54 INFO LEAD new: [Conditions] Camden/2024/1101/P — 125 Parkway London NW1 7PS
2026-10-01 12:31:54 INFO LEAD new: [Conditions] Camden/2024/2384/P — 12 Park Village West London NW1 4AE
2026-10-01 12:31:54 INFO LEAD new: [Conditions] Camden/2024/2311/P — Phoenix House 104-110 Charing Cross Road London WC2H 0JN
2026-10-01 12:31:54 INFO LEAD new: [Conditions] Camden/2024/2299/P — Offices And Premises At 1st-3rd Floor 39 and 42-43 Store Str
2026-10-01 12:31:54 INFO LEAD new: [Conditions] Camden/2024/2222/P — 128 Camden Road London Camden NW1 9EE
2026-10-01 12:31:54 INFO LEAD new: [Conditions] Camden/2024/2091/P — 29 Ulysses Road London NW6 1ED
2026-10-01 12:31:54 INFO LEAD new: [Conditions] Camden/2024/1301/P — 63 - 65 Camden High Street London NW1 7JL
2026-10-01 12:31:54 INFO LEAD new: [Conditions] Camden/2024/1955/P — Offices And Premises At Ground And 1st Floor Plouviez House 
2026-10-01 12:31:54 INFO LEAD new: [Conditions] Camden/2024/1980/P — Radlett House Radlett Place London NW8 6BT
2026-10-01 12:31:54 INFO LEAD new: [Conditions] Camden/2024/1971/P — 51-52 Tottenham Court Road London W1T 2EQ
2026-10-01 12:31:54 INFO LEAD new: [Conditions] Camden/2024/1934/P — 31 Southampton Row London Camden WC1B 5HJ
2026-10-01 12:31:54 INFO LEAD new: [Conditions] Camden/2024/1266/P — Land and buildings adjoining 63 Netherhall Gardens London NW
2026-10-01 12:31:54 INFO LEAD new: [Conditions] Camden/2024/1810/P — 14 Bedford Row, 12-13 and 14 Jockey's Fields Holborn London 
2026-10-01 12:31:54 INFO LEAD new: [Conditions] Camden/2024/1865/P — 53-55 Prince Of Wales Road London NW5 3LL
2026-10-01 12:31:54 INFO LEAD new: [Conditions] Camden/2024/1755/P — 36-37 Great Russell Street London WC1B 3PP
2026-10-01 12:31:54 INFO LEAD new: [Conditions] Camden/2024/1696/P — 16 Swain's Lane London N6 6QS
2026-10-01 12:31:54 INFO LEAD new: [Conditions] Camden/2024/1439/P — 19 Bedford Square London WC1B 3HH
2026-10-01 12:31:54 INFO LEAD new: [Conditions] Camden/2024/1418/P — 53-54 Tottenham Court Road London W1T 2EJ
2026-10-01 12:31:54 INFO LEAD new: [Conditions] Camden/2024/1364/P — NCP Car Park 45 To 54 Saffron Hill And 3 Saffron Street Lond
2026-10-01 12:31:54 INFO LEAD new: [Conditions] Camden/2024/1332/P — 32 Bedford Row London WC1R 4HE
2026-10-01 12:31:54 INFO LEAD new: [Conditions] Camden/2024/1310/P — 225 Kentish Town Road London NW5 2JU
2026-10-01 12:31:54 INFO LEAD new: [Conditions] Camden/2024/1314/P — 5-6 Underhill Street London NW1 7HS
2026-10-01 12:31:54 INFO LEAD new: [Conditions] Camden/2024/1268/P — 19 Skardu Road London NW2 3ES
2026-10-01 12:31:54 INFO LEAD new: [Conditions] Camden/2024/1245/P — 51 Calthorpe Street London WC1X 0HH
2026-10-01 12:31:54 INFO LEAD new: [Conditions] Camden/2024/1233/P — Flat D 24 Glenmore Road London Camden NW3 4DB
2026-10-01 12:31:54 INFO LEAD new: [Conditions] Camden/2024/1167/P — 13 Ebbsfleet Road London NW2 3NB
2026-10-01 12:31:54 INFO LEAD new: [Conditions] Camden/2024/1124/P — 16 Chalk Farm Road London NW1 8AG
2026-10-01 12:31:54 INFO LEAD new: [Conditions] Camden/2024/0361/P — Flat 1-2 34 Fitzjohn's Avenue London NW3 5NB
2026-10-01 12:31:54 INFO LEAD new: [Conditions] Camden/2024/1102/P — 5 Erskine Mews London NW3 3AP
2026-10-01 12:31:54 INFO LEAD new: [Conditions] Camden/2024/1078/P — Former Hampstead Police Station 26 Rosslyn Hill London NW3 1
2026-10-01 12:31:54 INFO LEAD new: [Conditions] Camden/2024/1056/P — 9 Northington Street London WC1N 2ES
2026-10-01 12:31:54 INFO LEAD new: [Conditions] Camden/2024/1016/P — 126 St Pancras Way London NW1 9NB
2026-10-01 12:31:54 INFO LEAD new: [Conditions] Camden/2024/0993/P — 135-149 Shaftesbury Avenue London WC2H 8AH
2026-10-01 12:31:54 INFO LEAD new: [Conditions] Camden/2024/0934/P — The Blue Lion Public House 133 Gray's Inn Road London WC1X 8
2026-10-01 12:31:54 INFO LEAD new: [Conditions] Camden/2023/5107/P — The Lighthouse Building, Restaurant And Premises At Part Gro
2026-10-01 12:31:54 INFO LEAD new: [Conditions] Camden/2024/0856/P — Offices And Premises At 1st Floor 161 Whitfield Street Londo
2026-10-01 12:31:54 INFO LEAD new: [Conditions] Camden/2024/0787/P — 5 Bloomsbury Place London WC1A 2QP
2026-10-01 12:31:54 INFO LEAD new: [Conditions] Camden/2024/0766/P — 156 West End Lane West Hampstead London NW6 1SD
2026-10-01 12:31:54 INFO LEAD new: [Conditions] Camden/2024/0436/P — Travelodge Hotel 10 Drury Lane London WC2B 5RE
2026-10-01 12:31:54 INFO LEAD new: [Conditions] Camden/2023/4651/P — 5 and 7 Adamson Road London NW3 3HX
2026-10-01 12:31:54 INFO LEAD new: [Conditions] Camden/2024/0698/P — The Cottage 10 Lyndhurst Road London NW3 5PX
2026-10-01 12:31:54 INFO LEAD new: [Conditions] Camden/2024/0601/P — 187 Kentish Town Road London Camden NW1 8PD
2026-10-01 12:31:54 INFO LEAD new: [Conditions] Camden/2024/0524/P — 15 Heath Hurst Road London NW3 2RU
2026-10-01 12:31:54 INFO LEAD new: [Conditions] Camden/2024/0479/P — 100 and 100a Chalk Farm Road London NW1 8EH
2026-10-01 12:31:54 INFO LEAD new: [Conditions] Camden/2024/0460/P — Goulding House 85 Heath Street London NW3 6UG
2026-10-01 12:31:54 INFO LEAD new: [Conditions] Camden/2024/0467/P — Land adjacent to and 23 Ravenshaw Street London NW6 1NP
2026-10-01 12:31:54 INFO LEAD new: [Conditions] Camden/2024/0410/P — 26-27 King's Mews London WC1N 2JB
2026-10-01 12:31:54 INFO LEAD new: [Conditions] Camden/2024/0274/P — Flat 41 Avenue Mansions 503 Finchley Road London NW3 7BA
2026-10-01 12:31:54 INFO LEAD new: [Conditions] Camden/2024/0250/P — 15-17 Goodge Street London W1T 2PQ
2026-10-01 12:31:54 INFO LEAD new: [Conditions] Camden/2023/4900/P — 5 - 7 Adamson Road London NW3 3HX
2026-10-01 12:31:54 INFO LEAD new: [Conditions] Camden/2024/0222/P — Stables Building in the land to the rear of Hampstead Police
2026-10-01 12:31:54 INFO LEAD new: [Conditions] Camden/2023/5432/P — 52 Doughty Street London Camden WC1N 2LS
2026-10-01 12:31:54 INFO LEAD new: [Conditions] Camden/2023/4991/P — 47, 49 and 51 Fortess Road London NW5 1AD
2026-10-01 12:31:54 INFO LEAD new: [Conditions] Camden/2024/0094/P — 65 - 69 Holmes Road London NW5 3AN
2026-10-01 12:31:54 INFO LEAD new: [Conditions] Camden/2024/0030/P — Frognal House 99 Frognal London NW3 6XR
2026-10-01 12:31:54 INFO LEAD new: [Conditions] Camden/2024/0012/P — 194 Goldhurst Terrace London NW6 3HN
2026-10-01 12:31:54 INFO LEAD new: [Conditions] Camden/2023/5470/P — 50-51 Russell Square London Camden WC1B 4JP
2026-10-01 12:31:54 INFO LEAD new: [Conditions] Camden/2023/5139/P — 81b Belsize Park Gardens & 24 Lambolle Place London NW3
2026-10-01 12:31:54 INFO LEAD new: [Conditions] Camden/2023/5366/P — University College School Frognal London NW3 6XH
2026-10-01 12:31:54 INFO LEAD new: [Conditions] Camden/2023/5365/P — Westcott Court 13 Holmdale Road London NW6 1BH
2026-10-01 12:31:54 INFO LEAD new: [Conditions] Camden/2023/5240/P — Euston Tower 286 Euston Road London NW1 3DP
2026-10-01 12:31:54 INFO LEAD new: [Conditions] Camden/2023/5311/P — 75 Hampstead Road London NW1 2PL
2026-10-01 12:31:54 INFO LEAD new: [Conditions] Camden/2023/5113/P — 118 Malden Road London NW5 4BY
2026-10-01 12:31:54 INFO LEAD new: [Conditions] Camden/2023/4978/P — 110 Camden Road London NW1 9EE
2026-10-01 12:31:54 INFO LEAD new: [Conditions] Camden/2023/4909/P — 243 Kentish Town Road London NW5 2JT
2026-10-01 12:31:54 INFO LEAD new: [Conditions] Camden/2023/4798/P — 164 Shaftesbury Avenue London WC2H 8HL
2026-10-01 12:31:54 INFO LEAD new: [Conditions] Camden/2023/4762/P — 20-21 Wolsey Mews London NW5 2DX
2026-10-01 12:31:54 INFO LEAD new: [Conditions] Camden/2023/4729/P — Imperial Hotel 61-66 Russell Square London WC1B 5BB
2026-10-01 12:31:54 INFO LEAD new: [Conditions] Camden/2023/4684/P — Former Maria Fidelis School 2-10 North Gower Street London N
2026-10-01 12:31:54 INFO LEAD new: [Conditions] Camden/2023/4686/P — Part Lower Ground Floor and Basement Building A1 Hawley Whar
2026-10-01 12:31:54 INFO LEAD new: [Conditions] Camden/2023/4648/P — British Museum Great Russell Street London WC1E 7JW
2026-10-01 12:31:54 INFO LEAD new: [Conditions] Camden/2023/3407/P — 81 Belsize Park Gardens London NW3 4NJ
2026-10-01 12:31:54 INFO LEAD new: [Conditions] Camden/2023/4561/P — 59-61 Camden High Street London NW1 7JL
2026-10-01 12:31:54 INFO LEAD new: [Conditions] Camden/2023/4544/P — 222 Euston Road London NW1 2DA
2026-10-01 12:31:54 INFO LEAD new: [Conditions] Camden/2023/3676/P — 55 Sidmouth Street London WC1H 8JX
2026-10-01 12:31:55 INFO LEAD new: [Conditions] Camden/2023/4384/P — 25 Old Gloucester Street London WC1N 3AF
2026-10-01 12:31:55 INFO LEAD new: [Conditions] Camden/2023/3626/P — 82 Fitzjohn's Avenue London NW3 6NP
2026-10-01 12:31:55 INFO LEAD new: [Conditions] Camden/2023/4334/P — London School of Hygiene and Tropical Medicine 15-17 Tavisto
2026-10-01 12:31:55 INFO LEAD new: [Conditions] Camden/2023/3311/P — Land Adjacent to 49 Lamble Street London NW5 4AT
2026-10-01 12:31:55 INFO LEAD new: [Conditions] Camden/2023/4301/P — 238 - 240 Kilburn High Road London NW6 2BS
2026-10-01 12:31:55 INFO LEAD new: [Conditions] Camden/2023/4241/P — 31 Daleham Gardens London NW3 5BU
2026-10-01 12:31:55 INFO LEAD new: [Conditions] Camden/2023/4244/P — Belsize Park Firehouse 36 Lancaster Grove London NW3 4PB
2026-10-01 12:31:55 INFO LEAD new: [Conditions] Camden/2023/4236/P — 8 Guilford Street London WC1N 1DA
2026-10-01 12:31:55 INFO LEAD new: [Conditions] Camden/2023/4120/P — 62-64 Churchway London NW1 1LT
2026-10-01 12:32:01 INFO [camden/Conditions] page at offset 300: 0 records
2026-10-01 12:32:09 INFO [camden/Undecided] page at offset 0: 100 records
2026-10-01 12:32:15 INFO [camden/Undecided] page at offset 100: 100 records
2026-10-01 12:32:21 INFO [camden/Undecided] page at offset 200: 100 records
2026-10-01 12:32:27 INFO [camden/Undecided] page at offset 300: 100 records
2026-10-01 12:32:33 INFO [camden/Undecided] page at offset 400: 100 records
2026-10-01 12:32:39 INFO [camden/Undecided] page at offset 500: 100 records
2026-10-01 12:32:45 INFO [camden/Undecided] page at offset 600: 100 records
2026-10-01 12:32:51 WARNING Rate limited (429); waiting 505s before retry 1/6
2026-10-01 12:41:18 INFO [camden/Undecided] page at offset 700: 100 records
2026-10-01 12:41:24 INFO [camden/Undecided] page at offset 800: 100 records
2026-10-01 12:41:30 INFO [camden/Undecided] page at offset 900: 100 records
2026-10-01 12:41:36 INFO [camden/Undecided] page at offset 1000: 100 records
2026-10-01 12:41:42 INFO [camden/Undecided] page at offset 1100: 100 records
2026-10-01 12:41:48 INFO [camden/Undecided] page at offset 1200: 57 records
2026-10-01 12:41:55 INFO Done. fetched=8232 newly_tracked=1078 leads_added=7090 leads_updated=0
