2026-10-02 12:33:00 INFO Window: 2023-10-01 -> 2026-10-01 | areas: city-of-london
2026-10-02 12:33:37 INFO [city-of-london/Permitted] page at offset 0: 100 records
2026-10-02 12:33:37 INFO LEAD new: [Permitted] City/26/01256/OBS — Asda, 151 East Ferry Road, London, E14 3BT
2026-10-02 12:33:37 INFO LEAD new: [Permitted] City/26/01251/OBS — Mansell Court, 69 Mansell Street, London E1 8AN
2026-10-02 12:33:37 INFO LEAD new: [Permitted] City/26/01252/MDC — General Market West Smithfield London EC1A 9PS
2026-10-02 12:33:38 INFO LEAD new: [Permitted] City/26/01253/MDC — Poultry Market And General Market And The Annexe Buildings W
2026-10-02 12:33:38 INFO LEAD new: [Permitted] City/26/01239/MDC — London Stock Exchange 10 Paternoster Square London EC4M 7DY
2026-10-02 12:33:38 INFO LEAD new: [Permitted] City/26/01234/MDC — General Market West Smithfield London EC1A 9PS
2026-10-02 12:33:38 INFO LEAD new: [Permitted] City/26/01235/MDC — 40 Holborn Viaduct London EC1N 2PB
2026-10-02 12:33:38 INFO LEAD new: [Permitted] City/26/01231/MDC — 67 Lombard Street London EC3V 9LJ
2026-10-02 12:33:38 INFO LEAD new: [Permitted] City/26/01218/MDC — Albert Buildings 49 Queen Victoria Street London EC4N 4SA
2026-10-02 12:33:38 INFO LEAD new: [Permitted] City/26/01214/MDC — 140 Leadenhall Street London EC3V 4QT
2026-10-02 12:33:38 INFO LEAD new: [Permitted] City/26/01213/MDC — 140 Leadenhall Street London EC3V 4QT
2026-10-02 12:33:38 INFO LEAD new: [Permitted] City/26/01232/PODC — 1 - 14 Liverpool Street And 11 - 12 Blomfield Street London 
2026-10-02 12:33:38 INFO LEAD new: [Permitted] City/26/01201/ADVT — 99 Bishopsgate London EC2M 3XD
2026-10-02 12:33:39 INFO LEAD new: [Permitted] City/26/01198/MDC — St Magnus House 3 Lower Thames Street London EC3R 6HD
2026-10-02 12:33:39 INFO LEAD new: [Permitted] City/26/01191/LDC — The Baltic Exchange 38 St Mary Axe London EC3A 8EX
2026-10-02 12:33:39 INFO LEAD new: [Permitted] City/26/01194/MDC — Poultry Market And General Market And The Annexe Buildings W
2026-10-02 12:33:39 INFO LEAD new: [Permitted] City/26/01191/MDC — The Baltic Exchange 38 St Mary Axe London EC3A 8EX
2026-10-02 12:33:39 INFO LEAD new: [Permitted] City/26/01184/MDC — 1 Basinghall Avenue London EC2V 5DD
2026-10-02 12:33:39 INFO LEAD new: [Permitted] City/26/01189/MDC — 122 Minories And 14 Crosswall London EC3N 1NT
2026-10-02 12:33:39 INFO LEAD new: [Permitted] City/26/01180/MDC — Alder Castle House 10 Noble Street London EC2V 7JX
2026-10-02 12:33:39 INFO LEAD new: [Permitted] City/26/01173/MDC — Albert Buildings 49 Queen Victoria Street London EC4N 4SA
2026-10-02 12:33:39 INFO LEAD new: [Permitted] City/26/01155/LDC — Albert Buildings 49 Queen Victoria Street London EC4N 4SA
2026-10-02 12:33:40 INFO LEAD new: [Permitted] City/26/01161/PODC — Hill House 1 Little New Street London EC4A 3JR
2026-10-02 12:33:40 INFO LEAD new: [Permitted] City/26/01153/PODC — 47-50 Mark Lane London EC3R 5AS
2026-10-02 12:33:40 INFO LEAD new: [Permitted] City/26/01164/PODC — Hill House 1 Little New Street London EC4A 3JR
2026-10-02 12:33:40 INFO LEAD new: [Permitted] City/26/01163/PODC — Hill House 1 Little New Street London EC4A 3JR
2026-10-02 12:33:40 INFO LEAD new: [Permitted] City/26/01150/NMA — 11-13 & 19 Throgmorton Avenue, 21 Austin Friars And 23 Great
2026-10-02 12:33:40 INFO LEAD new: [Permitted] City/26/01142/MDC — Offices 65 London Wall London EC2M 5TU
2026-10-02 12:33:40 INFO LEAD new: [Permitted] City/26/01147/NMA — 11-13 & 19 Throgmorton Avenue, 21 Austin Friars And 23 Great
2026-10-02 12:33:40 INFO LEAD new: [Permitted] City/26/01143/MDC — Regis House 45 King William Street London EC4R 9AN
2026-10-02 12:33:40 INFO LEAD new: [Permitted] City/26/01139/LBC — Barbican Arts And Conference Centre Silk Street London EC2Y 
2026-10-02 12:33:40 INFO LEAD new: [Permitted] City/26/01135/MDC — 14-21 Holborn Viaduct 32-33 & 34-35 Farringdon Street London
2026-10-02 12:33:41 INFO LEAD new: [Permitted] City/26/01129/MDC — 17-18 Widegate Street London E1 7HP
2026-10-02 12:33:41 INFO LEAD new: [Permitted] City/26/01127/CLEUD — 199 Bishopsgate London EC2M 3TY
2026-10-02 12:33:41 INFO LEAD new: [Permitted] City/26/01125/NMA — Offices 1 Fleet Place London EC4M 7RA
2026-10-02 12:33:41 INFO LEAD new: [Permitted] City/26/01132/PODC — Faryners House 25 Monument Street London EC3R 8BQ
2026-10-02 12:33:41 INFO LEAD new: [Permitted] City/26/01130/MDC — 55 And 65 Old Broad Street London EC2M 1RX
2026-10-02 12:33:41 INFO LEAD new: [Permitted] City/26/01131/MDC — 55 And 65 Old Broad Street London EC2M 1RX
2026-10-02 12:33:41 INFO LEAD new: [Permitted] City/26/01122/MDC — Millennium Bridge House 2 Lambeth Hill London EC4V 4AG
2026-10-02 12:33:41 INFO LEAD new: [Permitted] City/26/01114/MDC — 48 - 54 Moorgate London EC2R 6EJ
2026-10-02 12:33:41 INFO LEAD new: [Permitted] City/26/01112/MDC — 25 Hosier Lane London EC1A 9LQ
2026-10-02 12:33:42 INFO LEAD new: [Permitted] City/26/01113/FULL — Evermore 128 Queen Victoria Street London EC4V 4BJ
2026-10-02 12:33:42 INFO LEAD new: [Permitted] City/26/01111/MDC — 10 - 16 Bevis Marks London EC3A 7LH
2026-10-02 12:33:42 INFO LEAD new: [Permitted] City/26/01115/LBC — 1 Royal Exchange London EC3V 3LL
2026-10-02 12:33:42 INFO LEAD new: [Permitted] City/26/01099/MDC — Albert Buildings 49 Queen Victoria Street London EC4N 4SA
2026-10-02 12:33:43 INFO LEAD new: [Permitted] City/26/01107/LBC — Park House 16 Finsbury Circus London EC2M 7EB
2026-10-02 12:33:43 INFO LEAD new: [Permitted] City/26/01090/MDC — 14-21 Holborn Viaduct 32-33 & 34-35 Farringdon Street London
2026-10-02 12:33:43 INFO LEAD new: [Permitted] City/26/01097/MDC — 6 - 11 Crescent London
2026-10-02 12:33:43 INFO LEAD new: [Permitted] City/26/01094/MDC — 1 - 14 Liverpool Street And 11 - 12 Blomfield Street London 
2026-10-02 12:33:43 INFO LEAD new: [Permitted] City/26/01095/LDC — Albert Buildings 49 Queen Victoria Street London EC4N 4SA
2026-10-02 12:33:43 INFO LEAD new: [Permitted] City/26/01074/ADVT — 12 Cock Lane London EC1A 9BU
2026-10-02 12:33:43 INFO LEAD new: [Permitted] City/26/01073/LDC — Park House 16 Finsbury Circus London EC2M 7EB
2026-10-02 12:33:44 INFO LEAD new: [Permitted] City/26/01069/NMA — St Paul's House 8 - 12 Warwick Lane London EC4M 7BP
2026-10-02 12:33:44 INFO LEAD new: [Permitted] City/26/01066/CLOPD — Unit 3 1 Liverpool Street London
2026-10-02 12:33:44 INFO LEAD new: [Permitted] City/26/01063/OBS — 85 Charterhouse Street London EC1M 6AG
2026-10-02 12:33:44 INFO LEAD new: [Permitted] City/26/01060/MDC — Regis House 45 King William Street London EC4R 9AN
2026-10-02 12:33:44 INFO LEAD new: [Permitted] City/26/01050/LBC — King Edwards Buildings Post Office, 106-113 Newgate Street E
2026-10-02 12:33:45 INFO LEAD new: [Permitted] City/26/01044/MDC — 29 Clement's Lane London EC4N 7AE
2026-10-02 12:33:45 INFO LEAD new: [Permitted] City/26/01061/OBS — Open Area To The Front of 120 Aldersgate Street, Priory Fiel
2026-10-02 12:33:45 INFO LEAD new: [Permitted] City/26/01049/MDC — Development Site Salisbury Square London
2026-10-02 12:33:45 INFO LEAD new: [Permitted] City/26/01062/OBS — Open Area To The Front of 120 Aldersgate Street, Priory Fiel
2026-10-02 12:33:45 INFO LEAD new: [Permitted] City/26/01039/MDC — 1 Basinghall Avenue London EC2V 5DD
2026-10-02 12:33:46 INFO LEAD new: [Permitted] City/26/01040/MDC — Cannon Bridge House 25 Dowgate Hill London EC4R 2YA
2026-10-02 12:33:46 INFO LEAD new: [Permitted] City/26/01042/MDC — 6 - 11 Crescent London EC3N 2LY
2026-10-02 12:33:46 INFO LEAD new: [Permitted] City/26/01041/MDC — St Brides House 10 Salisbury Square London EC4Y 8EH
2026-10-02 12:33:48 INFO LEAD new: [Permitted] City/26/01038/LDC — 65 Fleet Street London EC4Y 1HT
2026-10-02 12:33:49 INFO LEAD new: [Permitted] City/26/01036/LDC — 65 Fleet Street London EC4Y 1HT
2026-10-02 12:33:51 INFO LEAD new: [Permitted] City/26/01031/MDC — Allianz House 60 Gracechurch Street London EC3V 0HR
2026-10-02 12:33:56 INFO LEAD new: [Permitted] City/26/01026/MDC — Development Site Salisbury Square London
2026-10-02 12:33:58 INFO LEAD new: [Permitted] City/26/01032/MDC — 70 Fenchurch Street London EC3M 4BR
2026-10-02 12:34:01 INFO LEAD new: [Permitted] City/26/01019/MDC — St Paul's House 8 - 12 Warwick Lane London EC4M 7BP
2026-10-02 12:34:03 INFO LEAD new: [Permitted] City/26/01024/ADVT — 10 Trinity Square London EC3N 4AJ
2026-10-02 12:34:05 INFO LEAD new: [Permitted] City/26/01025/LBC — 10 Trinity Square London EC3N 4AJ
2026-10-02 12:34:08 INFO LEAD new: [Permitted] City/26/01021/LBC — 1 - 3 Bishopsgate London EC2N 3AQ
2026-10-02 12:34:10 INFO LEAD new: [Permitted] City/26/01020/MDC — St Paul's House 8 - 12 Warwick Lane London EC4M 7BP
2026-10-02 12:34:12 INFO LEAD new: [Permitted] City/26/01016/NMA — (site Known As 85 Gracechurch Street) 83 - 87 Gracechurch St
2026-10-02 12:34:14 INFO LEAD new: [Permitted] City/26/01012/FULL — Third Floor Flat 41 Charterhouse Square London EC1M 6EA
2026-10-02 12:34:16 INFO LEAD new: [Permitted] City/26/01015/NMA — 70 Fenchurch Street London EC3M 4BR
2026-10-02 12:34:17 INFO LEAD new: [Permitted] City/26/01014/PODC — Ibex House 42 - 47 Minories London EC3N 1DY
2026-10-02 12:34:19 INFO LEAD new: [Permitted] City/26/01028/PODC — Tenter House 45 Moorfields London EC2Y 9AE
2026-10-02 12:34:21 INFO LEAD new: [Permitted] City/26/01008/MDC — Site Bounded By King William Street, Cannon Street, Abchurch
2026-10-02 12:34:23 INFO LEAD new: [Permitted] City/26/00994/FULL — 11 Leadenhall Street London EC3V 1LP
2026-10-02 12:34:25 INFO LEAD new: [Permitted] City/26/01013/PODC — 1 St Martin's-le-grand London EC1A 4AS
2026-10-02 12:34:27 INFO LEAD new: [Permitted] City/26/00995/MDC — 1 Appold Street London EC2A 2UU
2026-10-02 12:34:28 INFO LEAD new: [Permitted] City/26/00990/NMA — 59 Carter Lane London EC4V 5AQ
2026-10-02 12:34:29 INFO LEAD new: [Permitted] City/26/00993/MDC — 55 And 65 Old Broad Street London EC2M 1RX
2026-10-02 12:34:31 INFO LEAD new: [Permitted] City/26/00989/CLOPD — 5A, 5B And 6-10 Wardrobe Place (including 53-57 Carter Lane)
2026-10-02 12:34:32 INFO LEAD new: [Permitted] City/26/00991/MDC — 17-18 Widegate Street London E1 7HP
2026-10-02 12:34:33 INFO LEAD new: [Permitted] City/26/00981/LBC — Lauderdale Tower, Shakespeare Tower And Cromwell Tower Barbi
2026-10-02 12:34:33 INFO LEAD new: [Permitted] City/26/00986/LBC — Kings College Maughan Library Chancery Lane London WC2A 1LR
2026-10-02 12:34:34 INFO LEAD new: [Permitted] City/26/00979/OBS — 41 - 46, The Vaults, Chiswell Street, London, EC1Y 4SB
2026-10-02 12:34:34 INFO LEAD new: [Permitted] City/26/00982/OBS — 41 - 46, The Vaults, Chiswell Street, London, EC1Y 4SB
2026-10-02 12:34:35 INFO LEAD new: [Permitted] City/26/00970/LBC — Ground Floor And Basement, 26 Throgmorton Street And 123 Old
2026-10-02 12:34:36 INFO LEAD new: [Permitted] City/26/00973/MDC — 15 Devonshire Square London EC2M 4YW
2026-10-02 12:34:36 INFO LEAD new: [Permitted] City/26/01120/PODC — 2 Hosier Lane London EC1A 9HB
2026-10-02 12:34:36 INFO LEAD new: [Permitted] City/26/00971/MDC — Adelaide House London Bridge London EC4R 9HA
2026-10-02 12:34:36 INFO LEAD new: [Permitted] City/26/01121/PODC — 2 Hosier Lane London EC1A 9HB
2026-10-02 12:34:37 INFO LEAD new: [Permitted] City/26/00969/FULL — 26 Throgmorton Street And 123 Old Broad Street, London EC2N 
2026-10-02 12:34:37 INFO LEAD new: [Permitted] City/26/00964/MDC — Site Bounded By King William Street, Cannon Street, Abchurch
2026-10-02 12:34:44 INFO [city-of-london/Permitted] page at offset 100: 100 records
2026-10-02 12:34:44 INFO LEAD new: [Permitted] City/26/00977/OBS — 12 - 20 Wyvil Road, London, SW8 2TG
2026-10-02 12:34:45 INFO LEAD new: [Permitted] City/26/00965/MDC — Central Criminal Court Old Bailey London EC4M 7EH
2026-10-02 12:34:46 INFO LEAD new: [Permitted] City/26/00978/OBS — 25 Ropemaker Street, Ropemaker Place, London, EC2Y 9LY
2026-10-02 12:34:47 INFO LEAD new: [Permitted] City/26/00956/MDC — Development Site Salisbury Square London
2026-10-02 12:34:47 INFO LEAD new: [Permitted] City/26/00958/MDC — Snow Hill Police Station 5 Snow Hill London EC1A 2DP
2026-10-02 12:34:48 INFO LEAD new: [Permitted] City/26/00959/FULL — 3 - 3A Devonshire Square London EC2M 4YA
2026-10-02 12:34:49 INFO LEAD new: [Permitted] City/26/00961/ADVT — 31 Liverpool Street London EC2M 7PD
2026-10-02 12:34:50 INFO LEAD new: [Permitted] City/26/00953/MDC — 1 St Martin's-le-grand London EC1A 4AS
2026-10-02 12:34:50 INFO LEAD new: [Permitted] City/26/00945/MDC — Aldgate Underground Station Aldgate High Street London EC3N 
2026-10-02 12:34:51 INFO LEAD new: [Permitted] City/26/00941/NMA — 20 Black Friars Lane London EC4V 6EB
2026-10-02 12:34:51 INFO LEAD new: [Permitted] City/26/00939/FULL — Holborn Viaduct Bridge Over Farringdon Street
2026-10-02 12:34:51 INFO LEAD new: [Permitted] City/26/00942/ADVT — 139 - 140 Cheapside London EC2V 6BJ
2026-10-02 12:34:51 INFO LEAD new: [Permitted] City/26/00944/LBC — Viaduct And Road Over Shoe Lane Holborn Viaduct London
2026-10-02 12:34:51 INFO LEAD new: [Permitted] City/26/00955/PODC — 1 St Martin's-le-grand London EC1A 4AS
2026-10-02 12:34:52 INFO LEAD new: [Permitted] City/26/00949/NMA — 1 - 3 St Paul's Churchyard London EC4M 8AP
2026-10-02 12:34:52 INFO LEAD new: [Permitted] City/26/00943/FULL — Holborn Viaduct Over Shoe Lane
2026-10-02 12:34:52 INFO LEAD new: [Permitted] City/26/00951/MDC — 55 And 65 Old Broad Street London EC2M 1RX
2026-10-02 12:34:52 INFO LEAD new: [Permitted] City/26/00940/LBC — Holborn Viaduct Bridge Over Farringdon Street
2026-10-02 12:34:52 INFO LEAD new: [Permitted] City/26/00936/FULL — 55 Mark Lane London EC3R 7NE
2026-10-02 12:34:52 INFO LEAD new: [Permitted] City/26/00935/LBC — Central Criminal Court Old Bailey London EC4M 7EH
2026-10-02 12:34:52 INFO LEAD new: [Permitted] City/26/00934/LBC — Adelaide House London Bridge London EC4R 9HA
2026-10-02 12:34:53 INFO LEAD new: [Permitted] City/26/00937/LBC — Retail Unit 85 Fleet Street London EC4Y 1AE
2026-10-02 12:34:53 INFO LEAD new: [Permitted] City/26/00933/MDC — 122 Minories And 14 Crosswall London EC3N 1NT
2026-10-02 12:34:53 INFO LEAD new: [Permitted] City/26/00946/PODC — Cripplegate House 1 Golden Lane London EC1Y 0RR
2026-10-02 12:34:53 INFO LEAD new: [Permitted] City/26/00922/MDC — Chartered Accountants Hall Moorgate Place London EC2R 6EA
2026-10-02 12:34:53 INFO LEAD new: [Permitted] City/26/00924/MDC — Senator House 85 Queen Victoria Street London EC4V 4AB
2026-10-02 12:34:53 INFO LEAD new: [Permitted] City/26/00921/LDC — Chartered Accountants Hall Moorgate Place London EC2R 6EA
2026-10-02 12:34:53 INFO LEAD new: [Permitted] City/26/00920/LBC — 99 John Trundle Court Barbican London EC2Y 8NE
2026-10-02 12:34:54 INFO LEAD new: [Permitted] City/26/00919/FULL — Retail Unit 62 - 63 Cheapside London EC2V 6BP
2026-10-02 12:34:54 INFO LEAD new: [Permitted] City/26/00948/OBS — Land Bounded By Wandsworth Road, Parry Street, Bondway, Mile
2026-10-02 12:34:55 INFO LEAD new: [Permitted] City/26/00914/FULL — Dashwood House 69 Old Broad Street London EC2M 1QS
2026-10-02 12:34:55 INFO LEAD new: [Permitted] City/26/00916/LBC — 318 Bunyan Court Barbican London EC2Y 8DH
2026-10-02 12:34:55 INFO LEAD new: [Permitted] City/26/00915/MDC — The Baltic Exchange 38 St Mary Axe London EC3A 8EX
2026-10-02 12:34:56 INFO LEAD new: [Permitted] City/26/00911/FULL — 71 Queen Victoria Street London EC4V 4AY
2026-10-02 12:34:56 INFO LEAD new: [Permitted] City/26/00901/MDC — 1 Old Jewry London EC2R 8DN
2026-10-02 12:34:57 INFO LEAD new: [Permitted] City/26/00906/MDC — Faryners House 25 Monument Street London EC3R 8BQ
2026-10-02 12:34:57 INFO LEAD new: [Permitted] City/26/00910/MDC — 45 Beech Street London EC2Y 8AD
2026-10-02 12:34:58 INFO LEAD new: [Permitted] City/26/00907/MDC — Faryners House 25 Monument Street London EC3R 8BQ
2026-10-02 12:34:58 INFO LEAD new: [Permitted] City/26/00912/ADVT — 71 Queen Victoria Street London EC4V 4AY
2026-10-02 12:34:58 INFO LEAD new: [Permitted] City/26/00905/MDC — 100 New Bridge Street London EC4V 6JA
2026-10-02 12:34:59 INFO LEAD new: [Permitted] City/26/00903/LDC — Central Criminal Court Old Bailey London EC4M 7EH
2026-10-02 12:34:59 INFO LEAD new: [Permitted] City/26/00900/NMA — Vintners Place 68 Upper Thames Street London EC4V 3BJ
2026-10-02 12:34:59 INFO LEAD new: [Permitted] City/26/00898/MDC — 55 And 65 Old Broad Street London EC2M 1RX
2026-10-02 12:35:00 INFO LEAD new: [Permitted] City/26/00895/LDC — St Clements House 27 Clement's Lane London EC4N 7AE
2026-10-02 12:35:00 INFO LEAD new: [Permitted] City/26/00897/MDC — 55 And 65 Old Broad Street London EC2M 1RX
2026-10-02 12:35:01 INFO LEAD new: [Permitted] City/26/00896/MDC — Poultry Market And General Market And The Annexe Buildings W
2026-10-02 12:35:01 INFO LEAD new: [Permitted] City/26/00899/MDC — 55 And 65 Old Broad Street London EC2M 1RX
2026-10-02 12:35:01 INFO LEAD new: [Permitted] City/26/00885/CLEUD — Vintners Place 68 Upper Thames Street London EC4V 3BJ
2026-10-02 12:35:02 INFO LEAD new: [Permitted] City/26/00904/OBS — Kennington And Walworth Delivery Centre, 111- 123 Crampton S
2026-10-02 12:35:02 INFO LEAD new: [Permitted] City/26/00893/ADVT — 313 High Holborn London WC1V 7BN
2026-10-02 12:35:03 INFO LEAD new: [Permitted] City/26/00890/FULL — 24 - 25 Widegate Street London E1 7HP
2026-10-02 12:35:03 INFO LEAD new: [Permitted] City/26/00894/LBC — Shakespeare Tower Defoe Place Barbican London EC2Y 8DR
2026-10-02 12:35:04 INFO LEAD new: [Permitted] City/26/00892/FULL — 313 High Holborn London WC1V 7BN
2026-10-02 12:35:04 INFO LEAD new: [Permitted] City/26/00887/ADVT — 2 New Change Passage London EC4M 9AG
2026-10-02 12:35:05 INFO LEAD new: [Permitted] City/26/00888/PODC — St Brides House 10 Salisbury Square London EC4Y 8EH
2026-10-02 12:35:05 INFO LEAD new: [Permitted] City/26/00883/FULL — Pavement Outside 44 Cheapside London EC2V 6AH
2026-10-02 12:35:06 INFO LEAD new: [Permitted] City/26/00884/ADVT — Pavement Outside 44 Cheapside London EC2V 6AH
2026-10-02 12:35:06 INFO LEAD new: [Permitted] City/26/00881/LBC — 47 Ludgate Hill London EC4M 7JZ
2026-10-02 12:35:06 INFO LEAD new: [Permitted] City/26/00880/MDC — Senator House 85 Queen Victoria Street London EC4V 4AB
2026-10-02 12:35:07 INFO LEAD new: [Permitted] City/26/00878/MDC — 2 Hosier Lane London EC1A 9HB
2026-10-02 12:35:07 INFO LEAD new: [Permitted] City/26/00874/MDC — (site Known As 85 Gracechurch Street) 83 - 87 Gracechurch St
2026-10-02 12:35:07 INFO LEAD new: [Permitted] City/26/00879/OBS — The Gilbert, 40 Finsbury Square, London EC2A 1PX
2026-10-02 12:35:08 INFO LEAD new: [Permitted] City/26/00873/LBC — New Moon Public House 88 Gracechurch Street London EC3V 0DN
2026-10-02 12:35:08 INFO LEAD new: [Permitted] City/26/00929/PODC — 55 And 65 Old Broad Street London EC2M 1RX
2026-10-02 12:35:08 INFO LEAD new: [Permitted] City/26/00931/PODC — 55 And 65 Old Broad Street London EC2M 1RX
2026-10-02 12:35:08 INFO LEAD new: [Permitted] City/26/00868/MDC — Alder Castle House 10 Noble Street London EC2V 7JX
2026-10-02 12:35:08 INFO LEAD new: [Permitted] City/26/00864/MDC — Offices 20 Old Broad Street London EC2N 1DP
2026-10-02 12:35:09 INFO LEAD new: [Permitted] City/26/00869/MDC — Alder Castle House 10 Noble Street London EC2V 7JX
2026-10-02 12:35:09 INFO LEAD new: [Permitted] City/26/00913/PODC — Faryners House 25 Monument Street London EC3R 8BQ
2026-10-02 12:35:09 INFO LEAD new: [Permitted] City/26/00877/5REG — 1 Finsbury Avenue London EC2M 2PA
2026-10-02 12:35:09 INFO LEAD new: [Permitted] City/26/00863/MDC — Regis House 45 King William Street London EC4R 9AN
2026-10-02 12:35:10 INFO LEAD new: [Permitted] City/26/00855/MDC — Tenter House 45 Moorfields London EC2Y 9AE
2026-10-02 12:35:10 INFO LEAD new: [Permitted] City/26/00859/FULL — Forum House 15 - 18 Lime Street London EC3M 7AN
2026-10-02 12:35:10 INFO LEAD new: [Permitted] City/26/00857/MDC — Tenter House 45 Moorfields London EC2Y 9AE
2026-10-02 12:35:10 INFO LEAD new: [Permitted] City/26/00853/NMA — 38 - 41 Houndsditch London EC3A 7DB
2026-10-02 12:35:10 INFO LEAD new: [Permitted] City/26/00860/LBC — Forum House 15 - 18 Lime Street London EC3M 7AN
2026-10-02 12:35:10 INFO LEAD new: [Permitted] City/26/00856/MDC — Tenter House 45 Moorfields London EC2Y 9AE
2026-10-02 12:35:10 INFO LEAD new: [Permitted] City/26/00852/FULL — Livery Hall 39A Bartholomew Close London EC1A 7JN
2026-10-02 12:35:10 INFO LEAD new: [Permitted] City/26/00851/NMA — Aldgate Underground Station Aldgate High Street London EC3N 
2026-10-02 12:35:11 INFO LEAD new: [Permitted] City/26/00841/MDC — Finsbury House 23 Finsbury Circus London EC2M 7EA
2026-10-02 12:35:11 INFO LEAD new: [Permitted] City/26/00842/MDC — Finsbury House 23 Finsbury Circus London EC2M 7EA
2026-10-02 12:35:11 INFO LEAD new: [Permitted] City/26/00849/OBS — 38- 48 Southwark Bridge Road, London, Southwark
2026-10-02 12:35:11 INFO LEAD new: [Permitted] City/26/00834/MDC — 55 And 65 Old Broad Street London EC2M 1RX
2026-10-02 12:35:11 INFO LEAD new: [Permitted] City/26/00850/OBS — London Bridge Walk, London, Southwark
2026-10-02 12:35:11 INFO LEAD new: [Permitted] City/26/00836/MDC — 55 And 65 Old Broad Street London EC2M 1RX
2026-10-02 12:35:11 INFO LEAD new: [Permitted] City/26/00832/MDC — Condor House 10 St Paul's Churchyard London EC4M 8AL
2026-10-02 12:35:11 INFO LEAD new: [Permitted] City/26/00835/MDC — 55 And 65 Old Broad Street London EC2M 1RX
2026-10-02 12:35:12 INFO LEAD new: [Permitted] City/26/00826/FULL — 88 Wood Street London EC2V 7DA
2026-10-02 12:35:12 INFO LEAD new: [Permitted] City/26/00825/MDC — 45 Beech Street London EC2Y 8AD
2026-10-02 12:35:12 INFO LEAD new: [Permitted] City/26/00827/ADVT — St Botolph Without Aldgate Aldgate High Street London EC3N 1
2026-10-02 12:35:12 INFO LEAD new: [Permitted] City/26/00820/PODC — Faryners House 25 Monument Street London EC3R 8BQ
2026-10-02 12:35:12 INFO LEAD new: [Permitted] City/26/00819/PODC — Faryners House 25 Monument Street London EC3R 8BQ
2026-10-02 12:35:12 INFO LEAD new: [Permitted] City/26/00824/MDC — 9 - 11 Angel Court London EC2R 7HB
2026-10-02 12:35:13 INFO LEAD new: [Permitted] City/26/00818/5REG — 2A Eastcheap London EC3M 1AE
2026-10-02 12:35:13 INFO LEAD new: [Permitted] City/26/00814/NMA — Friary Court 65 Crutched Friars London EC3N 2AE
2026-10-02 12:35:13 INFO LEAD new: [Permitted] City/26/00812/LBC — 122 Shakespeare Tower Barbican London EC2Y 8DR
2026-10-02 12:35:13 INFO LEAD new: [Permitted] City/26/00800/ADVT — Tower Place West Tower Place London EC3R 5BU
2026-10-02 12:35:20 INFO [city-of-london/Permitted] page at offset 200: 100 records
2026-10-02 12:35:20 INFO LEAD new: [Permitted] City/26/00808/MDC — Tenter House 45 Moorfields London EC2Y 9AE
2026-10-02 12:35:21 INFO LEAD new: [Permitted] City/26/00804/LBC — 71 Defoe House Barbican London EC2Y 8DN
2026-10-02 12:35:21 INFO LEAD new: [Permitted] City/26/00810/MDC — Tenter House 45 Moorfields London EC2Y 9AE
2026-10-02 12:35:22 INFO LEAD new: [Permitted] City/26/00797/FULL — 1 London Wall Place London EC2Y 5AU
2026-10-02 12:35:22 INFO LEAD new: [Permitted] City/26/00795/MDC — St Brides House 10 Salisbury Square London EC4Y 8EH
2026-10-02 12:35:23 INFO LEAD new: [Permitted] City/26/00790/MDC — 20 Giltspur Street London EC1A 9DD
2026-10-02 12:35:24 INFO LEAD new: [Permitted] City/26/00805/PODC — 6-8 Bishopsgate & 150 Leadenhall Street London EC3V 4QT
2026-10-02 12:35:24 INFO LEAD new: [Permitted] City/26/00793/ADVT — 41 Moorgate London EC2R 6PP
2026-10-02 12:35:24 INFO LEAD new: [Permitted] City/26/00785/LBC — 5 St Michael's Alley London EC3V 9DS
2026-10-02 12:35:24 INFO LEAD new: [Permitted] City/26/00786/MDC — 2 Hosier Lane London EC1A 9HB
2026-10-02 12:35:24 INFO LEAD new: [Permitted] City/26/00782/FULL — Middlesex Street Estate - Petticoat Tower And Petticoat Squa
2026-10-02 12:35:24 INFO LEAD new: [Permitted] City/26/00783/MDC — Land Bound By Fenchurch Street, Mark Lane, Dunster Court And
2026-10-02 12:35:24 INFO LEAD new: [Permitted] City/26/00784/SCOP — 133 Houndsditch London EC3A 7BX
2026-10-02 12:35:25 INFO LEAD new: [Permitted] City/26/00779/MDC — Tenter House 45 Moorfields London EC2Y 9AE
2026-10-02 12:35:25 INFO LEAD new: [Permitted] City/26/00781/ADVT — Retail Unit Three Keys House 130 Wood Street London EC2V 6DL
2026-10-02 12:35:25 INFO LEAD new: [Permitted] City/26/00774/MDC — Faryners House 25 Monument Street London EC3R 8BQ
2026-10-02 12:35:25 INFO LEAD new: [Permitted] City/26/00778/MDC — Tenter House 45 Moorfields London EC2Y 9AE
2026-10-02 12:35:25 INFO LEAD new: [Permitted] City/26/00780/ADVT — 4 Great New Street London EC4A 3BN
2026-10-02 12:35:26 INFO LEAD new: [Permitted] City/26/00776/MDC — Faryners House 25 Monument Street London EC3R 8BQ
2026-10-02 12:35:26 INFO LEAD new: [Permitted] City/26/00769/LBC — 1 Lombard Street London EC3V 9AA
2026-10-02 12:35:26 INFO LEAD new: [Permitted] City/26/00765/MDC — The Baltic Exchange 38 St Mary Axe London EC3A 8EX
2026-10-02 12:35:26 INFO LEAD new: [Permitted] City/26/00768/MDC — 105 - 108 Old Broad Street London EC2N 1EX
2026-10-02 12:35:26 INFO LEAD new: [Permitted] City/26/00764/MDC — 10 - 16 Bevis Marks London EC3A 7LH
2026-10-02 12:35:26 INFO LEAD new: [Permitted] City/26/00767/MDC — 1-5 London Wall Buildings London Wall London EC2M 5PG
2026-10-02 12:35:26 INFO LEAD new: [Permitted] City/26/00766/LDC — 1 London Wall Buildings London EC2M 5PG
2026-10-02 12:35:27 INFO LEAD new: [Permitted] City/26/00762/LDC — The Baltic Exchange 38 St Mary Axe London EC3A 8EX
2026-10-02 12:35:27 INFO LEAD new: [Permitted] City/26/00760/MDC — Land Bound By Fenchurch Street, Mark Lane, Dunster Court And
2026-10-02 12:35:27 INFO LEAD new: [Permitted] City/26/00761/FULL — 3 Temple Gardens Middle Temple Lane London EC4Y 9AU
2026-10-02 12:35:27 INFO LEAD new: [Permitted] City/26/00750/MDC — 115 - 123 Houndsditch London EC3A 7BU
2026-10-02 12:35:27 INFO LEAD new: [Permitted] City/26/00755/MDC — Boundary House 7 - 17 Jewry Street London EC3N 2EX
2026-10-02 12:35:27 INFO LEAD new: [Permitted] City/26/00754/MDC — Boundary House 7 - 17 Jewry Street London EC3N 2EX
2026-10-02 12:35:27 INFO LEAD new: [Permitted] City/26/00757/MDC — 9A - 9B Crutched Friars London EC3N 2AU
2026-10-02 12:35:27 INFO LEAD new: [Permitted] City/26/00756/MDC — Boundary House 7 - 17 Jewry Street London EC3N 2EX
2026-10-02 12:35:28 INFO LEAD new: [Permitted] City/26/00746/LBC — Offices 4 Moorgate London EC2R 6DA
2026-10-02 12:35:28 INFO LEAD new: [Permitted] City/26/00747/LBC — 6 Wallside Barbican London EC2Y 8BH
2026-10-02 12:35:28 INFO LEAD new: [Permitted] City/26/00735/LDC — 1 London Wall Buildings London EC2M 5PG
2026-10-02 12:35:28 INFO LEAD new: [Permitted] City/26/00744/MDC — St Clements House 27 Clement's Lane London EC4N 7AE
2026-10-02 12:35:28 INFO LEAD new: [Permitted] City/26/00736/LDC — 1 London Wall Buildings London EC2M 5PG
2026-10-02 12:35:28 INFO LEAD new: [Permitted] City/26/00741/LBC — Scottish Provident Building 1 - 6 Lombard Street London EC3V
2026-10-02 12:35:28 INFO LEAD new: [Permitted] City/26/00737/LBC — Guildhall School of Music And Drama Silk Street London EC2Y 
2026-10-02 12:35:29 INFO LEAD new: [Permitted] City/26/00743/LBC — Temple Gardens Middle Temple Lane London EC4Y 9AY
2026-10-02 12:35:29 INFO LEAD new: [Permitted] City/26/00733/LBC — Lloyds Building 1 Lime Street London EC3M 7DQ
2026-10-02 12:35:29 INFO LEAD new: [Permitted] City/26/00723/FULL — Juxon House 100 St Paul's Churchyard London EC4M 8BU
2026-10-02 12:35:29 INFO LEAD new: [Permitted] City/26/00730/MDC — Development Site 10 King William Street London
2026-10-02 12:35:29 INFO LEAD new: [Permitted] City/26/00727/MDC — Site Bounded By King William Street, Cannon Street, Abchurch
2026-10-02 12:35:29 INFO LEAD new: [Permitted] City/26/00732/LBC — 29 Martin Lane London EC4R 0DJ
2026-10-02 12:35:29 INFO LEAD new: [Permitted] City/26/00734/ADVT — 32 Coleman Street London EC2R 5AN
2026-10-02 12:35:30 INFO LEAD new: [Permitted] City/26/00972/PODC — Development Site 2 Aldermanbury Square London
2026-10-02 12:35:30 INFO LEAD new: [Permitted] City/26/00726/MDC — Site Bounded By King William Street, Cannon Street, Abchurch
2026-10-02 12:35:30 INFO LEAD new: [Permitted] City/26/00731/MDC — Development Site 10 King William Street London
2026-10-02 12:35:30 INFO LEAD new: [Permitted] City/26/00719/FULL — 25 Cannon Street London EC4M 5SB
2026-10-02 12:35:30 INFO LEAD new: [Permitted] City/26/00722/MDC — 40 Holborn Viaduct London EC1N 2PB
2026-10-02 12:35:30 INFO LEAD new: [Permitted] City/26/00718/LDC — 1 London Wall Buildings London EC2M 5PG
2026-10-02 12:35:30 INFO LEAD new: [Permitted] City/26/00717/LBC — Liverpool Street Station Liverpool Street London EC2M 7PY
2026-10-02 12:35:30 INFO LEAD new: [Permitted] City/26/00710/MDC — 1 Exchange Square London EC2A 2JN
2026-10-02 12:35:31 INFO LEAD new: [Permitted] City/26/00707/LBC — Art Gallery Barbican Arts And Conference Centre Silk Street 
2026-10-02 12:35:31 INFO LEAD new: [Permitted] City/26/00705/FULL — 11 King's Bench Walk London EC4Y 7EQ
2026-10-02 12:35:32 INFO LEAD new: [Permitted] City/26/00713/FULL — 36 - 38 Leadenhall Street London EC3A 1AT
2026-10-02 12:35:33 INFO LEAD new: [Permitted] City/26/00708/MDC — St Clements House 27 Clement's Lane London EC4N 7AE
2026-10-02 12:35:33 INFO LEAD new: [Permitted] City/26/00714/LDC — Simpsons Tavern 38 And A Half Cornhill London EC3V 9DR
2026-10-02 12:35:34 INFO LEAD new: [Permitted] City/26/00714/MDC — Simpsons Tavern 38 And A Half Cornhill London EC3V 9DR
2026-10-02 12:35:34 INFO LEAD new: [Permitted] City/26/00700/MDC — Thavies Inn House 3 - 4 Holborn Circus London EC1N 2HA
2026-10-02 12:35:34 INFO LEAD new: [Permitted] City/26/00702/MDC — Tenter House 45 Moorfields London EC2Y 9AE
2026-10-02 12:35:34 INFO LEAD new: [Permitted] City/26/00703/MDC — 105 - 108 Old Broad Street London EC2N 1EX
2026-10-02 12:35:35 INFO LEAD new: [Permitted] City/26/00698/MDC — Middlesex Street Estate Gravel Lane London E1 7AF
2026-10-02 12:35:35 INFO LEAD new: [Permitted] City/26/00693/LBC — Adelaide House London Bridge London EC4R 9HA
2026-10-02 12:35:35 INFO LEAD new: [Permitted] City/26/00695/MDC — Guildhall School of Music And Drama Silk Street London EC2Y 
2026-10-02 12:35:35 INFO LEAD new: [Permitted] City/26/00686/MDC — Land Bound By Fenchurch Street, Mark Lane, Dunster Court And
2026-10-02 12:35:35 INFO LEAD new: [Permitted] City/26/00694/MDC — 105 - 108 Old Broad Street London EC2N 1EX
2026-10-02 12:35:35 INFO LEAD new: [Permitted] City/26/00689/MDC — Land Bound By Fenchurch Street, Mark Lane, Dunster Court And
2026-10-02 12:35:35 INFO LEAD new: [Permitted] City/26/00685/MDC — Land Bound By Fenchurch Street, Mark Lane, Dunster Court And
2026-10-02 12:35:36 INFO LEAD new: [Permitted] City/26/00688/MDC — Land Bound By Fenchurch Street, Mark Lane, Dunster Court And
2026-10-02 12:35:36 INFO LEAD new: [Permitted] City/26/00690/MDC — Land Bound By Fenchurch Street, Mark Lane, Dunster Court And
2026-10-02 12:35:36 INFO LEAD new: [Permitted] City/26/00687/MDC — Land Bound By Fenchurch Street, Mark Lane, Dunster Court And
2026-10-02 12:35:36 INFO LEAD new: [Permitted] City/26/00791/LDC — Guildhall School of Music And Drama Silk Street London EC2Y 
2026-10-02 12:35:37 INFO LEAD new: [Permitted] City/26/00692/FULL — Adelaide House London Bridge London EC4R 9HA
2026-10-02 12:35:37 INFO LEAD new: [Permitted] City/26/00691/MDC — Land Bound By Fenchurch Street, Mark Lane, Dunster Court And
2026-10-02 12:35:37 INFO LEAD new: [Permitted] City/26/00803/NMA — City of London Primary Academy Islington London EC1Y 0AE
2026-10-02 12:35:38 INFO LEAD new: [Permitted] City/26/00697/LBC — Livery Hall Coopers Hall 13 Devonshire Square London EC2M 4T
2026-10-02 12:35:38 INFO LEAD new: [Permitted] City/26/00684/LDC — St Clements House 27 Clement's Lane London EC4N 7AE
2026-10-02 12:35:38 INFO LEAD new: [Permitted] City/26/00681/MDC — St Brides House 10 Salisbury Square London EC4Y 8EH
2026-10-02 12:35:38 INFO LEAD new: [Permitted] City/26/00673/LDC — 1-5 London Wall Buildings London Wall London EC2M 5PG
2026-10-02 12:35:38 INFO LEAD new: [Permitted] City/26/00671/NMA — Allianz House 60 Gracechurch Street London EC3V 0HR
2026-10-02 12:35:38 INFO LEAD new: [Permitted] City/26/00674/LDC — 1-5 London Wall Buildings London Wall London EC2M 5PG
2026-10-02 12:35:38 INFO LEAD new: [Permitted] City/26/00675/MDC — The Rolls Building 7 Rolls Buildings London EC4
2026-10-02 12:35:38 INFO LEAD new: [Permitted] City/26/00680/MDC — Princes Court 7 Prince's Street London EC2R 8AQ
2026-10-02 12:35:38 INFO LEAD new: [Permitted] City/26/00678/MDC — 32 Coleman Street London EC2R 5AN
2026-10-02 12:35:39 INFO LEAD new: [Permitted] City/26/00672/LDC — Ibex House 42 - 47 Minories London EC3N 1DY
2026-10-02 12:35:39 INFO LEAD new: [Permitted] City/26/00668/MDC — 47-50 Mark Lane London EC3R 5AS
2026-10-02 12:35:39 INFO LEAD new: [Permitted] City/26/00666/MDC — Ibex House 42 - 47 Minories London EC3N 1DY
2026-10-02 12:35:39 INFO LEAD new: [Permitted] City/26/00665/MDC — Evermore 128 Queen Victoria Street London
2026-10-02 12:35:39 INFO LEAD new: [Permitted] City/26/00667/MDC — 9A - 9B Crutched Friars London EC3N 2AU
2026-10-02 12:35:39 INFO LEAD new: [Permitted] City/26/00664/LBC — 163 Cromwell Tower Barbican London EC2Y 8DD
2026-10-02 12:35:39 INFO LEAD new: [Permitted] City/26/00683/5REG — 200 Aldersgate Street London EC1A 4HD
2026-10-02 12:35:39 INFO LEAD new: [Permitted] City/26/00677/PODC — 25 Moorgate London EC2R 6AR
2026-10-02 12:35:40 INFO LEAD new: [Permitted] City/26/00662/MDC — 59 Carter Lane London EC4V 5AQ
2026-10-02 12:35:40 INFO LEAD new: [Permitted] City/26/00659/FULL — 30 Gresham Street London EC2V 7PG
2026-10-02 12:35:40 INFO LEAD new: [Permitted] City/26/00652/FULL — Dr Johnson's House 17 Gough Square London EC4A 3DE
2026-10-02 12:35:40 INFO LEAD new: [Permitted] City/26/00653/LBC — Dr Johnson's House 17 Gough Square London EC4A 3DE
2026-10-02 12:35:46 INFO [city-of-london/Permitted] page at offset 300: 100 records
2026-10-02 12:35:46 INFO LEAD new: [Permitted] City/26/00651/MDC — 120 Old Broad Street London EC2N 1AR
2026-10-02 12:35:47 INFO LEAD new: [Permitted] City/26/00649/FULL — 15 Bishopsgate London EC2N 3AR
2026-10-02 12:35:48 INFO LEAD new: [Permitted] City/26/00648/ADVT — Site Bounded By King William Street, Cannon Street, Abchurch
2026-10-02 12:35:49 INFO LEAD new: [Permitted] City/26/00646/LBC — Kings College Maughan Library Chancery Lane London WC2A 1LR
2026-10-02 12:35:49 INFO LEAD new: [Permitted] City/26/00647/ADVT — 85 - 87 Cheapside London EC2V 6EB
2026-10-02 12:35:50 INFO LEAD new: [Permitted] City/26/00650/LDC — Ibex House 42 - 47 Minories London EC3N 1DY
2026-10-02 12:35:51 INFO LEAD new: [Permitted] City/26/00634/MDC — Middlesex Street Estate Gravel Lane London E1 7AF
2026-10-02 12:35:51 INFO LEAD new: [Permitted] City/26/00633/MDC — 47-50 Mark Lane London EC3R 5AS
2026-10-02 12:35:51 INFO LEAD new: [Permitted] City/26/00639/OBS — 101 Newington Causeway, London, Southwark
2026-10-02 12:35:52 INFO LEAD new: [Permitted] City/26/00642/MDC — Adelaide House London Bridge London EC4R 9HA
2026-10-02 12:35:52 INFO LEAD new: [Permitted] City/26/00641/MDC — Development Site Salisbury Square London
2026-10-02 12:35:52 INFO LEAD new: [Permitted] City/26/00640/FULL — Temple Chambers 3 - 7 Temple Avenue London EC4Y 0HP
2026-10-02 12:35:52 INFO LEAD new: [Permitted] City/26/00643/MDC — Adelaide House London Bridge London EC4R 9HA
2026-10-02 12:35:52 INFO LEAD new: [Permitted] City/26/00632/FULL — 1 New Change London EC4M 9AF
2026-10-02 12:35:52 INFO LEAD new: [Permitted] City/26/00644/LBC — The Tipperary Public House 66 Fleet Street London EC4Y 1HT
2026-10-02 12:35:52 INFO LEAD new: [Permitted] City/26/00631/MDC — (site Known As 85 Gracechurch Street) 83 - 87 Gracechurch St
2026-10-02 12:35:52 INFO LEAD new: [Permitted] City/26/00626/MDC — Central Criminal Court Old Bailey London EC4M 7EH
2026-10-02 12:35:52 INFO LEAD new: [Permitted] City/26/00630/MDC — 20 Old Broad Street London EC2N 1DP
2026-10-02 12:35:53 INFO LEAD new: [Permitted] City/26/00624/MDC — 61 - 65 Holborn Viaduct London EC1A 2FD
2026-10-02 12:35:53 INFO LEAD new: [Permitted] City/26/00622/MDC — 61 - 65 Holborn Viaduct London EC1A 2FD
2026-10-02 12:35:53 INFO LEAD new: [Permitted] City/26/00621/LBC — 89 Speed House Barbican London EC2Y 8AU
2026-10-02 12:35:53 INFO LEAD new: [Permitted] City/26/00625/MDC — Development Site Winchester House 75 London Wall London
2026-10-02 12:35:53 INFO LEAD new: [Permitted] City/26/00612/FULL — Barbican Arts And Conference Centre Silk Street London EC2Y 
2026-10-02 12:35:53 INFO LEAD new: [Permitted] City/26/00613/LBC — Barbican Arts And Conference Centre Silk Street London EC2Y 
2026-10-02 12:35:54 INFO LEAD new: [Permitted] City/26/00614/LBC — 81 - 82 Gracechurch Street London EC3V 0AU
2026-10-02 12:35:54 INFO LEAD new: [Permitted] City/26/00608/FULL — 150 Cheapside London EC2V 6ET
2026-10-02 12:35:54 INFO LEAD new: [Permitted] City/26/00610/MDC — Ibex House 42 - 47 Minories London EC3N 1DY
2026-10-02 12:35:54 INFO LEAD new: [Permitted] City/26/00611/MDC — Senator House 85 Queen Victoria Street London EC4V 4AB
2026-10-02 12:35:54 INFO LEAD new: [Permitted] City/26/00619/PODC — 20 Giltspur Street London EC1A 9DD
2026-10-02 12:35:54 INFO LEAD new: [Permitted] City/26/00606/MDC — 120 Old Broad Street London EC2N 1AR
2026-10-02 12:35:54 INFO LEAD new: [Permitted] City/26/00657/PODC — The Derby London City 5 - 10 Great Tower Street London EC3R 
2026-10-02 12:35:54 INFO LEAD new: [Permitted] City/26/00605/LDC — Ibex House 42 - 47 Minories London EC3N 1DY
2026-10-02 12:35:55 INFO LEAD new: [Permitted] City/26/00604/MDC — Ibex House 42 - 47 Minories London EC3N 1DY
2026-10-02 12:35:55 INFO LEAD new: [Permitted] City/26/00602/MDC — Ibex House 42 - 47 Minories London EC3N 1DY
2026-10-02 12:35:55 INFO LEAD new: [Permitted] City/26/00600/LBC — 341 Lauderdale Tower Barbican London EC2Y 8NA
2026-10-02 12:35:55 INFO LEAD new: [Permitted] City/26/00598/LBC — Hand And Shears Public House 1 Middle Street London EC1A 7JA
2026-10-02 12:35:55 INFO LEAD new: [Permitted] City/26/00601/MDC — Ibex House 42 - 47 Minories London EC3N 1DY
2026-10-02 12:35:55 INFO LEAD new: [Permitted] City/26/00599/LBC — 2 Mitre Court Buildings Old Mitre Court London EC4Y 7BX
2026-10-02 12:35:56 INFO LEAD new: [Permitted] City/26/00603/MDC — Ibex House 42 - 47 Minories London EC3N 1DY
2026-10-02 12:35:56 INFO LEAD new: [Permitted] City/26/00584/LDC — West Market Building London Central Markets London EC1A 9PS
2026-10-02 12:35:56 INFO LEAD new: [Permitted] City/26/00582/NMA — Seal House 1 Swan Lane London EC4R 3TN
2026-10-02 12:35:56 INFO LEAD new: [Permitted] City/26/00594/MDC — 65 Gresham Street London EC2V 7NQ
2026-10-02 12:35:56 INFO LEAD new: [Permitted] City/26/00592/MDC — Land Bound By Fenchurch Street, Mark Lane, Dunster Court And
2026-10-02 12:35:56 INFO LEAD new: [Permitted] City/26/00593/MDC — Land Bound By Fenchurch Street, Mark Lane, Dunster Court And
2026-10-02 12:35:56 INFO LEAD new: [Permitted] City/26/00587/MDC — 10 - 16 Bevis Marks London EC3A 7LH
2026-10-02 12:35:56 INFO LEAD new: [Permitted] City/26/00583/MDC — 10 - 16 Bevis Marks London EC3A 7LH
2026-10-02 12:35:56 INFO LEAD new: [Permitted] City/26/00574/MDC — Poultry Market And General Market And The Annexe Buildings W
2026-10-02 12:35:57 INFO LEAD new: [Permitted] City/26/00569/LDC — 1-5 London Wall Buildings London Wall London EC2M 5PG
2026-10-02 12:35:57 INFO LEAD new: [Permitted] City/26/00572/MDC — 99 Bishopsgate London EC2M 3XD
2026-10-02 12:35:57 INFO LEAD new: [Permitted] City/26/00573/FULL — International Financial Centre 25 Old Broad Street London EC
2026-10-02 12:35:57 INFO LEAD new: [Permitted] City/26/00570/MDC — 1-5 London Wall Buildings London Wall London EC2M 5PG
2026-10-02 12:35:57 INFO LEAD new: [Permitted] City/26/00568/MDC — 1-5 London Wall Buildings London Wall London EC2M 5PG
2026-10-02 12:35:57 INFO LEAD new: [Permitted] City/26/00575/MDC — Poultry Market And General Market And The Annexe Buildings W
2026-10-02 12:35:58 INFO LEAD new: [Permitted] City/26/00658/PODC — 1 Exchange Square London EC2A 2EH
2026-10-02 12:35:58 INFO LEAD new: [Permitted] City/26/00571/LDC — 1-5 London Wall Buildings London Wall London EC2M 5PG
2026-10-02 12:35:58 INFO LEAD new: [Permitted] City/26/00577/LDC — Poultry Market And General Market And The Annexe Buildings W
2026-10-02 12:35:58 INFO LEAD new: [Permitted] City/26/00565/MDC — 122 Minories And 14 Crosswall London EC3N 1NT
2026-10-02 12:35:58 INFO LEAD new: [Permitted] City/26/00567/NMA — 1 Exchange Square London EC2A 2EH
2026-10-02 12:35:59 INFO LEAD new: [Permitted] City/26/00556/MDC — Development Site Winchester House 75 London Wall London
2026-10-02 12:36:00 INFO LEAD new: [Permitted] City/26/00564/MDC — 99 Bishopsgate London EC2M 3XD
2026-10-02 12:36:01 INFO LEAD new: [Permitted] City/26/00558/ADVT — 3 Appold Street London EC2A 2AF
2026-10-02 12:36:02 INFO LEAD new: [Permitted] City/26/00554/MDC — Site Bounded By King William Street, Cannon Street, Abchurch
2026-10-02 12:36:02 INFO LEAD new: [Permitted] City/26/00553/MDC — Development Site 10 King William Street London
2026-10-02 12:36:02 INFO LEAD new: [Permitted] City/26/00548/FULL — 30 - 32 Fleet Street London EC4Y 1AA
2026-10-02 12:36:03 INFO LEAD new: [Permitted] City/26/00629/PODC — 99 Bishopsgate London EC2M 3XD
2026-10-02 12:36:03 INFO LEAD new: [Permitted] City/26/00549/FULL — 33 Old Broad Street London EC2N 1HW
2026-10-02 12:36:03 INFO LEAD new: [Permitted] City/26/00547/LBC — 30 - 32 Fleet Street London EC4Y 1AA
2026-10-02 12:36:03 INFO LEAD new: [Permitted] City/26/00546/FULL — 30 - 32 Fleet Street London EC4Y 1AA
2026-10-02 12:36:03 INFO LEAD new: [Permitted] City/26/00550/PODC — Ibex House 42 - 47 Minories London EC3N 1DY
2026-10-02 12:36:04 INFO LEAD new: [Permitted] City/26/00555/MDC — Land Bound By Fenchurch Street, Mark Lane, Dunster Court And
2026-10-02 12:36:04 INFO LEAD new: [Permitted] City/26/00542/MDC — 100 New Bridge Street London EC4V 6JA
2026-10-02 12:36:04 INFO LEAD new: [Permitted] City/26/00544/MDC — 20 Old Broad Street London EC2N 1DP
2026-10-02 12:36:04 INFO LEAD new: [Permitted] City/26/00541/FULL — St Giles Terrace To West Side of St Giles Cripplegate Church
2026-10-02 12:36:04 INFO LEAD new: [Permitted] City/26/00537/NMA — 51 Eastcheap London EC3M 1DT
2026-10-02 12:36:05 INFO LEAD new: [Permitted] City/26/00539/FULL — Basement Pair North 6 King's Bench Walk London EC4Y 7DR
2026-10-02 12:36:05 INFO LEAD new: [Permitted] City/26/00538/MDC — 51 Eastcheap London EC3M 1JA
2026-10-02 12:36:05 INFO LEAD new: [Permitted] City/26/00540/LBC — Basement Pair North 6 King's Bench Walk London EC4Y 7DR
2026-10-02 12:36:05 INFO LEAD new: [Permitted] City/26/00551/PODC — Ibex House 42 - 47 Minories London EC3N 1DY
2026-10-02 12:36:05 INFO LEAD new: [Permitted] City/26/00536/LDC — Ibex House 42 - 47 Minories London EC3N 1DY
2026-10-02 12:36:05 INFO LEAD new: [Permitted] City/26/00529/ADVT — 12 Moorgate London EC2R 6DA
2026-10-02 12:36:06 INFO LEAD new: [Permitted] City/26/00532/MDC — St Brides House 10 Salisbury Square London EC4Y 8EH
2026-10-02 12:36:06 INFO LEAD new: [Permitted] City/26/00534/NMA — 48 - 54 Moorgate London EC2R 6EJ
2026-10-02 12:36:06 INFO LEAD new: [Permitted] City/26/00527/MDC — City of London School For Girls St Giles' Terrace Barbican L
2026-10-02 12:36:06 INFO LEAD new: [Permitted] City/26/00534/FULL — 48 - 54 Moorgate London EC2R 6EJ
2026-10-02 12:36:06 INFO LEAD new: [Permitted] City/26/00528/MDC — 47-50 Mark Lane London EC3R 5AS
2026-10-02 12:36:06 INFO LEAD new: [Permitted] City/26/00535/LDC — Ibex House 42 - 47 Minories London EC3N 1DY
2026-10-02 12:36:06 INFO LEAD new: [Permitted] City/26/00533/MDC — St Brides House 10 Salisbury Square London EC4Y 8EH
2026-10-02 12:36:07 INFO LEAD new: [Permitted] City/26/00586/PODC — 14-21 Holborn Viaduct 32-33 & 34-35 Farringdon Street London
2026-10-02 12:36:07 INFO LEAD new: [Permitted] City/26/00530/OBS — Borough Triangle Land And Site At, 18-54 Newington Causeway,
2026-10-02 12:36:07 INFO LEAD new: [Permitted] City/26/00518/FULL — 200 Aldersgate Street London EC1A 4HD
2026-10-02 12:36:07 INFO LEAD new: [Permitted] City/26/00520/LBC — 43 Defoe House Barbican London EC2Y 8DN
2026-10-02 12:36:07 INFO LEAD new: [Permitted] City/26/00517/MDC — Condor House 10 St Paul's Churchyard London EC4M 8AL
2026-10-02 12:36:07 INFO LEAD new: [Permitted] City/26/00519/FULL — 200 Aldersgate Street London EC1A 4HD
2026-10-02 12:36:07 INFO LEAD new: [Permitted] City/26/00526/PODC — The Derby London City 5 - 10 Great Tower Street London EC3R 
2026-10-02 12:36:07 INFO LEAD new: [Permitted] City/26/00522/LBC — The Irish Chamber 1 Guildhall Yard London EC2V 5AE
2026-10-02 12:36:08 INFO LEAD new: [Permitted] City/26/00505/LDC — Golden Lane Leisure Centre Golden Lane Estate London EC1Y 0S
2026-10-02 12:36:08 INFO LEAD new: [Permitted] City/26/00513/MDC — Ibex House 42 - 47 Minories London EC3N 1DY
2026-10-02 12:36:08 INFO LEAD new: [Permitted] City/26/00512/NMA — St Brides House 10 Salisbury Square London EC4Y 8EH
2026-10-02 12:36:08 INFO LEAD new: [Permitted] City/26/00504/LDC — Golden Lane Leisure Centre Golden Lane Estate London EC1Y 0S
2026-10-02 12:36:08 INFO LEAD new: [Permitted] City/26/00516/LBC — Park House 16 Finsbury Circus London EC2M 7EB
2026-10-02 12:36:15 INFO [city-of-london/Permitted] page at offset 400: 100 records
2026-10-02 12:36:15 INFO LEAD new: [Permitted] City/26/00503/MDC — 59 Carter Lane London EC4V 5AQ
2026-10-02 12:36:15 INFO LEAD new: [Permitted] City/26/00502/ADVT — 41 Bow Lane London EC4M 9DT
2026-10-02 12:36:15 INFO LEAD new: [Permitted] City/26/00499/LBC — Adelaide House London Bridge London EC4R 9HA
2026-10-02 12:36:15 INFO LEAD new: [Permitted] City/26/00494/MDC — Chartered Accountants Hall Moorgate Place London EC2R 6EA
2026-10-02 12:36:17 INFO LEAD new: [Permitted] City/26/00497/MDC — 1 Appold Street London EC2A 2UU
2026-10-02 12:36:17 INFO LEAD new: [Permitted] City/26/00493/MDC — St Clements House 27 & 28 Clement's Lane London EC4N 7AE
2026-10-02 12:36:18 INFO LEAD new: [Permitted] City/26/00491/LDC — Chartered Accountants Hall Moorgate Place London EC2R 6EA
2026-10-02 12:36:19 INFO LEAD new: [Permitted] City/26/00492/NMA — 1 St Martin's-le-grand London EC1A 4AS
2026-10-02 12:36:19 INFO LEAD new: [Permitted] City/26/00490/LBC — 312 Cromwell Tower Barbican London EC2Y 8NB
2026-10-02 12:36:20 INFO LEAD new: [Permitted] City/26/00486/LBC — 76 Defoe House Barbican London EC2Y 8DN
2026-10-02 12:36:20 INFO LEAD new: [Permitted] City/26/00485/MDC — 25 Hosier Lane London EC1A 9LQ
2026-10-02 12:36:21 INFO LEAD new: [Permitted] City/26/00487/NMA — 25 Hosier Lane London EC1A 9LQ
2026-10-02 12:36:22 INFO LEAD new: [Permitted] City/26/00525/PODC — Princes Court 7 Prince's Street London EC2R 8AQ
2026-10-02 12:36:22 INFO LEAD new: [Permitted] City/26/00482/LDC — 2 Temple Gardens Middle Temple Lane London EC4Y 9AY
2026-10-02 12:36:22 INFO LEAD new: [Permitted] City/26/00480/MDC — 100 New Bridge Street London EC4V 6JA
2026-10-02 12:36:22 INFO LEAD new: [Permitted] City/26/00474/NMA — 36 Coleman Street London EC2R 5EH
2026-10-02 12:36:22 INFO LEAD new: [Permitted] City/26/00470/MDC — 68 Lombard Street London EC3V 9LJ
2026-10-02 12:36:22 INFO LEAD new: [Permitted] City/26/00467/MDC — Peterborough Court 133 Fleet Street London EC4A 2BB
2026-10-02 12:36:22 INFO LEAD new: [Permitted] City/26/00466/FULL — 67 Lombard Street London EC3V 9LJ
2026-10-02 12:36:22 INFO LEAD new: [Permitted] City/26/00475/MDC — The Derby London City 5 - 10 Great Tower Street London EC3R 
2026-10-02 12:36:22 INFO LEAD new: [Permitted] City/26/00472/PODC — 20 Old Broad Street London EC2N 1DP
2026-10-02 12:36:23 INFO LEAD new: [Permitted] City/26/00458/NMA — 150 Aldersgate Street London EC1A 4AB
2026-10-02 12:36:23 INFO LEAD new: [Permitted] City/26/00463/MDC — 1 Exchange Square London EC2A 2EH
2026-10-02 12:36:23 INFO LEAD new: [Permitted] City/26/00457/ADVT — 78 Old Broad Street London EC2M 1QP
2026-10-02 12:36:23 INFO LEAD new: [Permitted] City/26/00460/MDC — Providian House 16 - 18 Monument Street London EC3R 8AJ
2026-10-02 12:36:23 INFO LEAD new: [Permitted] City/26/00459/NMA — Providian House 16 - 18 Monument Street London EC3R 8AJ
2026-10-02 12:36:23 INFO LEAD new: [Permitted] City/26/00462/FULL — 70 Fenchurch Street London EC3M 4BR
2026-10-02 12:36:23 INFO LEAD new: [Permitted] City/26/00465/MDC — Condor House 10 St Paul's Churchyard London EC4M 8AL
2026-10-02 12:36:23 INFO LEAD new: [Permitted] City/26/00627/PODC — 20 Old Broad Street London EC2N 1DP
2026-10-02 12:36:23 INFO LEAD new: [Permitted] City/26/00451/MDC — 1 - 4 Great Tower Street London EC3R 5AA
2026-10-02 12:36:24 INFO LEAD new: [Permitted] City/26/00448/FULL — 6 Bevis Marks London EC3A 7BA
2026-10-02 12:36:24 INFO LEAD new: [Permitted] City/26/00443/LBC — 528 Ben Jonson House Barbican London EC2Y 8NH
2026-10-02 12:36:24 INFO LEAD new: [Permitted] City/26/00442/ADVT — 60 Moorgate London EC2R 6EL
2026-10-02 12:36:24 INFO LEAD new: [Permitted] City/26/00452/MDC — 5 Chancery Lane London WC2A 1LG
2026-10-02 12:36:24 INFO LEAD new: [Permitted] City/26/00449/ADVT — 1 Old Jewry London EC2R 8DN
2026-10-02 12:36:24 INFO LEAD new: [Permitted] City/26/00445/OBS — Calcutta House, London Metropolitan University, Old Castle S
2026-10-02 12:36:24 INFO LEAD new: [Permitted] City/26/00447/MDC — 38 - 41 Houndsditch London EC3A 7DB
2026-10-02 12:36:24 INFO LEAD new: [Permitted] City/26/00439/FULL — Wren House 15 Carter Lane London EC4V 5EY
2026-10-02 12:36:24 INFO LEAD new: [Permitted] City/26/00435/FULL — 99 Gresham Street London EC2V 7NG
2026-10-02 12:36:25 INFO LEAD new: [Permitted] City/26/00436/MDC — 59 Carter Lane London EC4V 5AQ
2026-10-02 12:36:25 INFO LEAD new: [Permitted] City/26/00440/MDC — 100 New Bridge Street London EC4V 6JA
2026-10-02 12:36:25 INFO LEAD new: [Permitted] City/26/00441/LBC — Lloyds Building 1 Lime Street London EC3M 7DQ
2026-10-02 12:36:25 INFO LEAD new: [Permitted] City/26/00444/OBS — Somerset House 18 Mansell Street London E1 8AA
2026-10-02 12:36:25 INFO LEAD new: [Permitted] City/26/00628/PODC — 20 Old Broad Street London EC2N 1DP
2026-10-02 12:36:25 INFO LEAD new: [Permitted] City/26/00431/LBC — 94 Moorgate London EC2M 6UR
2026-10-02 12:36:26 INFO LEAD new: [Permitted] City/26/00432/MDC — 47-50 Mark Lane London EC3R 5AS
2026-10-02 12:36:26 INFO LEAD new: [Permitted] City/26/00434/LBC — 91 Speed House Barbican London EC2Y 8AU
2026-10-02 12:36:26 INFO LEAD new: [Permitted] City/26/00429/MDC — 1 Basinghall Avenue London EC2V 5DD
2026-10-02 12:36:26 INFO LEAD new: [Permitted] City/26/00423/MDC — 47-50 Mark Lane London EC3R 5AS
2026-10-02 12:36:26 INFO LEAD new: [Permitted] City/26/00425/LDC — 71 Fenchurch Street London EC3M 4BR
2026-10-02 12:36:26 INFO LEAD new: [Permitted] City/26/00422/MDC — Thavies Inn House 3 - 4 Holborn Circus London EC1N 2HA
2026-10-02 12:36:26 INFO LEAD new: [Permitted] City/26/00426/FULL — Development Site 130 Fenchurch Street London EC3M 5DJ
2026-10-02 12:36:28 INFO LEAD new: [Permitted] City/26/00446/PODC — 1 Undershaft London EC3A 8EE
2026-10-02 12:36:28 INFO LEAD new: [Permitted] City/26/00421/CLEUD — Thavies Inn House 3 - 4 Holborn Circus London EC1N 2HA
2026-10-02 12:36:29 INFO LEAD new: [Permitted] City/26/00428/ADVT — 31 Liverpool Street London EC2M 7PD
2026-10-02 12:36:30 INFO LEAD new: [Permitted] City/26/00427/NMA — 122 Minories London EC3N 1NT
2026-10-02 12:36:30 INFO LEAD new: [Permitted] City/26/00417/MDC — 65 Gresham Street London EC2V 7NQ
2026-10-02 12:36:30 INFO LEAD new: [Permitted] City/26/00414/ADVT — Retail Unit 4 Paternoster House 65 St Paul's Churchyard Lond
2026-10-02 12:36:30 INFO LEAD new: [Permitted] City/26/00415/MDC — Cripplegate House 1 Golden Lane London EC1Y 0RR
2026-10-02 12:36:30 INFO LEAD new: [Permitted] City/26/00419/5REG — Cheapside House 138 Cheapside London EC2V 6BJ
2026-10-02 12:36:30 INFO LEAD new: [Permitted] City/26/00413/LBC — 4 Moorgate London EC2R 6DA
2026-10-02 12:36:30 INFO LEAD new: [Permitted] City/26/00409/FULL — 33 Chancery Lane London WC2A 1EN
2026-10-02 12:36:30 INFO LEAD new: [Permitted] City/26/00403/LDC — Cripplegate House 1 Golden Lane London EC1Y 0RR
2026-10-02 12:36:31 INFO LEAD new: [Permitted] City/26/00411/MDC — Middlesex Street Estate Gravel Lane London E1 7AF
2026-10-02 12:36:31 INFO LEAD new: [Permitted] City/26/00405/LDC — The Ned Hotel 27 Poultry London EC2R 8AJ
2026-10-02 12:36:32 INFO LEAD new: [Permitted] City/26/00410/FULL — 2 Wardrobe Place London EC4V 5AH
2026-10-02 12:36:32 INFO LEAD new: [Permitted] City/26/00408/FULL — Offices 131 - 133 Cannon Street London EC4N 5AX
2026-10-02 12:36:32 INFO LEAD new: [Permitted] City/26/00407/LBC — 2 Wardrobe Place London EC4V 5AH
2026-10-02 12:36:32 INFO LEAD new: [Permitted] City/26/00397/MDC — Leadenhall Court 1 Leadenhall Street London EC3V 1PP
2026-10-02 12:36:32 INFO LEAD new: [Permitted] City/26/00400/NMA — Seal House 1 Swan Lane London EC4R 3TN
2026-10-02 12:36:32 INFO LEAD new: [Permitted] City/26/00418/5REG — 38 - 40 Ludgate Hill London EC4M 7DE
2026-10-02 12:36:32 INFO LEAD new: [Permitted] City/26/00402/MDC — 20 Old Broad Street London EC2N 1DP
2026-10-02 12:36:33 INFO LEAD new: [Permitted] City/26/00395/MDC — Alban Gate 125 - 130 London Wall London EC2
2026-10-02 12:36:33 INFO LEAD new: [Permitted] City/26/00394/FULL — Cannon Bridge House 25 Dowgate Hill London EC4R 2YA
2026-10-02 12:36:33 INFO LEAD new: [Permitted] City/26/00396/MDC — Allianz House 60 Gracechurch Street London EC3V 0HR
2026-10-02 12:36:33 INFO LEAD new: [Permitted] City/26/00393/LDC — 1 Knightrider Court London EC4V 5BJ
2026-10-02 12:36:33 INFO LEAD new: [Permitted] City/26/00392/MDC — 47-50 Mark Lane London EC3R 5AS
2026-10-02 12:36:34 INFO LEAD new: [Permitted] City/26/00391/MDC — 40 Holborn Viaduct London EC1N 2PB
2026-10-02 12:36:34 INFO LEAD new: [Permitted] City/26/00383/MDC — 20 Giltspur Street London EC1A 9DD
2026-10-02 12:36:34 INFO LEAD new: [Permitted] City/26/00385/LBC — Adelaide House London Bridge London EC4R 9HA
2026-10-02 12:36:34 INFO LEAD new: [Permitted] City/26/00384/FULL — Adelaide House London Bridge London EC4R 9HA
2026-10-02 12:36:34 INFO LEAD new: [Permitted] City/26/00382/MDC — 20 Giltspur Street London EC1A 9DD
2026-10-02 12:36:35 INFO LEAD new: [Permitted] City/26/00386/ADVT — 1 London Wall Place London EC2Y 5AU
2026-10-02 12:36:35 INFO LEAD new: [Permitted] City/26/00373/MDC — Peterborough Court And Daniel House 131 - 141 Fleet Street L
2026-10-02 12:36:35 INFO LEAD new: [Permitted] City/26/00370/MDC — St Brides House 10 Salisbury Square London EC4Y 8EH
2026-10-02 12:36:35 INFO LEAD new: [Permitted] City/26/00376/NMA — 1 Appold Street London EC2A 2UU
2026-10-02 12:36:35 INFO LEAD new: [Permitted] City/26/00372/ADVT — City Tower 40 Basinghall Street London EC2V 5DE
2026-10-02 12:36:35 INFO LEAD new: [Permitted] City/26/00374/ADVT — Retail Unit 85 Fleet Street London EC4Y 1AE
2026-10-02 12:36:36 INFO LEAD new: [Permitted] City/26/00375/MDC — Peterborough Court 133 Fleet Street London EC4A 2BB
2026-10-02 12:36:36 INFO LEAD new: [Permitted] City/26/00371/ADVT — Wine Bar 3 Fleet Place London EC4M 7RD
2026-10-02 12:36:36 INFO LEAD new: [Permitted] City/26/00366/MDC — St Magnus House 3 Lower Thames Street London EC3R 6HD
2026-10-02 12:36:36 INFO LEAD new: [Permitted] City/26/00365/MDC — St Magnus House 3 Lower Thames Street London EC3R 6HD
2026-10-02 12:36:36 INFO LEAD new: [Permitted] City/26/00364/MDC — St Magnus House 3 Lower Thames Street London EC3R 6HD
2026-10-02 12:36:36 INFO LEAD new: [Permitted] City/26/00363/MDC — St Magnus House 3 Lower Thames Street London EC3R 6HD
2026-10-02 12:36:36 INFO LEAD new: [Permitted] City/26/00368/MDC — St Magnus House 3 Lower Thames Street London EC3R 6HD
2026-10-02 12:36:36 INFO LEAD new: [Permitted] City/26/00362/FULL — 216 Bishopsgate London EC2M 4PT
2026-10-02 12:36:36 INFO LEAD new: [Permitted] City/26/00360/MDC — 1-5 London Wall Buildings London Wall London EC2M 5PG
2026-10-02 12:36:43 INFO [city-of-london/Permitted] page at offset 500: 100 records
2026-10-02 12:36:43 INFO LEAD new: [Permitted] City/26/00354/5REG — Offices 1 Royal Exchange London EC3V 3DG
2026-10-02 12:36:44 INFO LEAD new: [Permitted] City/26/00353/LBC — 541 Willoughby House Barbican London EC2Y 8BN
2026-10-02 12:36:45 INFO LEAD new: [Permitted] City/26/00356/MDC — 14-21 Holborn Viaduct 32-33 & 34-35 Farringdon Street London
2026-10-02 12:36:45 INFO LEAD new: [Permitted] City/26/00381/OBS — Land At Royal Mint St Mansell St And Chamber St, Royal Mint 
2026-10-02 12:36:45 INFO LEAD new: [Permitted] City/26/00350/LDC — 1-5 London Wall Buildings London Wall London EC2M 5PG
2026-10-02 12:36:46 INFO LEAD new: [Permitted] City/26/00355/MDC — 1-5 London Wall Buildings London Wall London EC2M 5PG
2026-10-02 12:36:46 INFO LEAD new: [Permitted] City/26/00343/MDC — Lloyds Chambers 1 Portsoken Street London E1 8BT
2026-10-02 12:36:47 INFO LEAD new: [Permitted] City/26/00348/MDC — 55 And 65 Old Broad Street London EC2M 1RX
2026-10-02 12:36:47 INFO LEAD new: [Permitted] City/26/00347/MDC — 1-5 London Wall Buildings London Wall London EC2M 5PG
2026-10-02 12:36:47 INFO LEAD new: [Permitted] City/26/00349/LDC — 1-5 London Wall Buildings London Wall London EC2M 5PG
2026-10-02 12:36:48 INFO LEAD new: [Permitted] City/26/00341/LDC — 1-5 London Wall Buildings London Wall London EC2M 5PG
2026-10-02 12:36:48 INFO LEAD new: [Permitted] City/26/00345/FULL — Ground Floor Retail Unit 118A London Wall London EC2Y 5JA
2026-10-02 12:36:48 INFO LEAD new: [Permitted] City/26/00346/LBC — Ground Floor Retail Unit 118A London Wall London EC2Y 5JA
2026-10-02 12:36:48 INFO LEAD new: [Permitted] City/26/00336/MDC — 1 Undershaft London EC3A 8EE
2026-10-02 12:36:48 INFO LEAD new: [Permitted] City/26/00339/MDC — Land Bound By Fenchurch Street, Mark Lane, Dunster Court And
2026-10-02 12:36:48 INFO LEAD new: [Permitted] City/26/00337/MDC — Land Bound By Fenchurch Street, Mark Lane, Dunster Court And
2026-10-02 12:36:48 INFO LEAD new: [Permitted] City/26/00335/LBC — Merchant Taylors Hall 30 Threadneedle Street London EC2R 8JB
2026-10-02 12:36:49 INFO LEAD new: [Permitted] City/26/00334/NMA — Boundary House 7 - 17 Jewry Street London EC3N 2EX
2026-10-02 12:36:49 INFO LEAD new: [Permitted] City/26/00340/MDC — Land Bound By Fenchurch Street, Mark Lane, Dunster Court And
2026-10-02 12:36:49 INFO LEAD new: [Permitted] City/26/00338/MDC — Land Bound By Fenchurch Street, Mark Lane, Dunster Court And
2026-10-02 12:36:49 INFO LEAD new: [Permitted] City/26/00328/LBC — Flat 9 39 - 40 Bartholomew Close London EC1A 7JN
2026-10-02 12:36:49 INFO LEAD new: [Permitted] City/26/00331/LDC — Adelaide House London Bridge London EC4R 9HA
2026-10-02 12:36:49 INFO LEAD new: [Permitted] City/26/00333/ADVT — 9 Queen's Head Passage London EC4M 7DZ
2026-10-02 12:36:50 INFO LEAD new: [Permitted] City/26/00332/LDC — Adelaide House London Bridge London EC4R 9HA
2026-10-02 12:36:50 INFO LEAD new: [Permitted] City/26/00330/MDC — Adelaide House London Bridge London EC4R 9HA
2026-10-02 12:36:50 INFO LEAD new: [Permitted] City/26/00326/LBC — Finsbury House 23 Finsbury Circus London EC2M 7EA
2026-10-02 12:36:50 INFO LEAD new: [Permitted] City/26/00325/FULL — Finsbury House 23 Finsbury Circus London EC2M 7EA
2026-10-02 12:36:50 INFO LEAD new: [Permitted] City/26/00324/NMA — Offices 1 Fleet Place London EC4M 7RA
2026-10-02 12:36:50 INFO LEAD new: [Permitted] City/26/00500/PODC — St Brides House 10 Salisbury Square London EC4Y 8EH
2026-10-02 12:36:50 INFO LEAD new: [Permitted] City/26/00344/OBS — Land At Regis Road London NW5 3EW
2026-10-02 12:36:50 INFO LEAD new: [Permitted] City/26/00314/FULL — 140 Leadenhall Street London EC3V 4QT
2026-10-02 12:36:51 INFO LEAD new: [Permitted] City/26/00329/5REG — St Botolph Without Aldgate Aldgate High Street London EC3N 1
2026-10-02 12:36:51 INFO LEAD new: [Permitted] City/26/00319/FULL — Wine Bar 3 Fleet Place London EC4M 7RD
2026-10-02 12:36:51 INFO LEAD new: [Permitted] City/26/00313/LBC — York House 74 - 82 Queen Victoria Street London EC4N 4SJ
2026-10-02 12:36:51 INFO LEAD new: [Permitted] City/26/00322/MDC — 20 Old Broad Street London EC2N 1DP
2026-10-02 12:36:51 INFO LEAD new: [Permitted] City/26/00312/FULL — York House 74 - 82 Queen Victoria Street London EC4N 4SJ
2026-10-02 12:36:51 INFO LEAD new: [Permitted] City/26/00315/LBC — 140 Leadenhall Street London EC3V 4QT
2026-10-02 12:36:51 INFO LEAD new: [Permitted] City/26/00318/MDC — 65 Gresham Street London EC2V 7NQ
2026-10-02 12:36:51 INFO LEAD new: [Permitted] City/26/00308/ADVT — 46 Gresham Street London EC2V 7AY
2026-10-02 12:36:52 INFO LEAD new: [Permitted] City/26/00501/PODC — St Brides House 10 Salisbury Square London EC4Y 8EH
2026-10-02 12:36:52 INFO LEAD new: [Permitted] City/26/00302/FULL — 60 Great Tower Street London EC3R 5AZ
2026-10-02 12:36:52 INFO LEAD new: [Permitted] City/26/00303/ADVT — 60 Great Tower Street London EC3R 5AZ
2026-10-02 12:36:52 INFO LEAD new: [Permitted] City/26/00306/MDC — St Magnus House 3 Lower Thames Street London EC3R 6HD
2026-10-02 12:36:52 INFO LEAD new: [Permitted] City/26/00310/MDC — 81 Newgate Street London EC1A 7AJ
2026-10-02 12:36:52 INFO LEAD new: [Permitted] City/26/00304/NMA — 1 Undershaft London EC3A 8EE
2026-10-02 12:36:52 INFO LEAD new: [Permitted] City/26/00311/FULL — Second Floor Flat 42 Charterhouse Square London EC1M 6EA
2026-10-02 12:36:52 INFO LEAD new: [Permitted] City/26/00380/CLOPD — 46 Gresham Street London EC2V 7AY
2026-10-02 12:36:53 INFO LEAD new: [Permitted] City/26/00309/NMA — 20 Giltspur Street London EC1A 9DD
2026-10-02 12:36:53 INFO LEAD new: [Permitted] City/26/00300/MDC — The Derby London City 5 - 10 Great Tower Street London EC3R 
2026-10-02 12:36:53 INFO LEAD new: [Permitted] City/26/00323/5REG — Portsoken House 155 Minories London EC3N 1AD
2026-10-02 12:36:53 INFO LEAD new: [Permitted] City/26/00301/MDC — 101 Moorgate London EC2M 6SL
2026-10-02 12:36:53 INFO LEAD new: [Permitted] City/26/00295/MDC — Development Site Salisbury Square London
2026-10-02 12:36:53 INFO LEAD new: [Permitted] City/26/00298/PODC — 1 Undershaft London EC3A 8EE
2026-10-02 12:36:53 INFO LEAD new: [Permitted] City/26/00297/MDC — 120 Old Broad Street London EC2N 1AR
2026-10-02 12:36:53 INFO LEAD new: [Permitted] City/26/00294/MDC — Middlesex Street Estate Gravel Lane London E1 7AF
2026-10-02 12:36:53 INFO LEAD new: [Permitted] City/26/00296/FULL — Condor House 10 St Paul's Churchyard London EC4M 8AL
2026-10-02 12:36:54 INFO LEAD new: [Permitted] City/26/00292/FULL — 90 Liverpool Street London EC2M 2AT
2026-10-02 12:36:54 INFO LEAD new: [Permitted] City/26/00285/MDC — 1 Undershaft London EC3A 8EE
2026-10-02 12:36:54 INFO LEAD new: [Permitted] City/26/00283/MDC — Guildhall Guildhall Yard London EC2V 5AF
2026-10-02 12:36:54 INFO LEAD new: [Permitted] City/26/00287/MDC — 1 Undershaft London EC3A 8EE
2026-10-02 12:36:55 INFO LEAD new: [Permitted] City/26/00284/MDC — 1 Undershaft London EC3A 8EE
2026-10-02 12:36:56 INFO LEAD new: [Permitted] City/26/00289/MDC — Allianz House 60 Gracechurch Street London EC3V 0HR
2026-10-02 12:36:56 INFO LEAD new: [Permitted] City/26/00286/MDC — 1 Undershaft London EC3A 8EE
2026-10-02 12:36:56 INFO LEAD new: [Permitted] City/26/00290/MDC — Adelaide House London Bridge London EC4R 9HA
2026-10-02 12:36:57 INFO LEAD new: [Permitted] City/26/00277/LBC — 323 Shakespeare Tower Barbican London EC2Y 8NJ
2026-10-02 12:36:58 INFO LEAD new: [Permitted] City/26/00276/PODC — Tenter House 45 Moorfields London EC2Y 9AE
2026-10-02 12:36:59 INFO LEAD new: [Permitted] City/26/00278/MDC — 1 Undershaft London EC3A 8EE
2026-10-02 12:36:59 INFO LEAD new: [Permitted] City/26/00281/MDC — 1 Undershaft London EC3A 8EE
2026-10-02 12:37:00 INFO LEAD new: [Permitted] City/26/00280/MDC — 1 Undershaft London EC3A 8EE
2026-10-02 12:37:00 INFO LEAD new: [Permitted] City/26/00279/MDC — 1 Undershaft London EC3A 8EE
2026-10-02 12:37:00 INFO LEAD new: [Permitted] City/26/00273/LDC — Livery Hall Dyers Hall 10 Dowgate Hill London EC4R 2ST
2026-10-02 12:37:00 INFO LEAD new: [Permitted] City/26/00270/LBC — 147 Leadenhall Street London EC3V 4QT
2026-10-02 12:37:00 INFO LEAD new: [Permitted] City/26/00269/FULL — 32 Coleman Street London EC2R 5AN
2026-10-02 12:37:00 INFO LEAD new: [Permitted] City/26/00268/5REG — 1 Royal Exchange Avenue London EC3V 3LT
2026-10-02 12:37:00 INFO LEAD new: [Permitted] City/26/00267/MDC — Development Site Salisbury Square London
2026-10-02 12:37:01 INFO LEAD new: [Permitted] City/26/00266/MDC — Salisbury Square London
2026-10-02 12:37:01 INFO LEAD new: [Permitted] City/26/00263/FULL — Retail Unit 3 1 Finsbury Avenue London EC2M 2PF
2026-10-02 12:37:01 INFO LEAD new: [Permitted] City/26/00258/LBC — 39 Defoe House Barbican London EC2Y 8DN
2026-10-02 12:37:01 INFO LEAD new: [Permitted] City/26/00264/LBC — Retail Unit 3 1 Finsbury Avenue London EC2M 2PF
2026-10-02 12:37:02 INFO LEAD new: [Permitted] City/26/00260/FULL — 120 Middlesex Street London E1 7HY
2026-10-02 12:37:02 INFO LEAD new: [Permitted] City/26/00261/ADVT — 120 Middlesex Street London E1 7HY
2026-10-02 12:37:02 INFO LEAD new: [Permitted] City/26/00262/MDC — Snow Hill Police Station 5 Snow Hill London EC1A 2DP
2026-10-02 12:37:02 INFO LEAD new: [Permitted] City/26/00257/FULL — Arts Centre Barbican Arts And Conference Centre Silk Street 
2026-10-02 12:37:02 INFO LEAD new: [Permitted] City/26/00251/MDC — Leadenhall Court 1 Leadenhall Street London EC3V 1PP
2026-10-02 12:37:02 INFO LEAD new: [Permitted] City/26/00248/MDC — 20 Giltspur Street London EC1A 9DD
2026-10-02 12:37:02 INFO LEAD new: [Permitted] City/26/00249/LDC — Golden Lane Leisure Centre Golden Lane Estate London EC1Y 0S
2026-10-02 12:37:02 INFO LEAD new: [Permitted] City/26/00256/MDC — St Paul's House 8 - 12 Warwick Lane London EC4M 7BP
2026-10-02 12:37:03 INFO LEAD new: [Permitted] City/26/00252/MDC — Land Bound By Fenchurch Street, Mark Lane, Dunster Court And
2026-10-02 12:37:03 INFO LEAD new: [Permitted] City/26/00244/FULL — 61 - 65 Holborn Viaduct London EC1A 2FD
2026-10-02 12:37:03 INFO LEAD new: [Permitted] City/26/00255/MDC — St Paul's House 8 - 12 Warwick Lane London EC4M 7BP
2026-10-02 12:37:03 INFO LEAD new: [Permitted] City/26/00254/MDC — 38 Houndsditch London EC3A 7DB
2026-10-02 12:37:03 INFO LEAD new: [Permitted] City/26/00242/MDC — 49 Cheapside London EC2V 6AT
2026-10-02 12:37:03 INFO LEAD new: [Permitted] City/26/00352/PODC — 1 Undershaft London EC3A 8EE
2026-10-02 12:37:03 INFO LEAD new: [Permitted] City/26/00245/PODC — 1 Undershaft London EC3A 8EE
2026-10-02 12:37:03 INFO LEAD new: [Permitted] City/26/00232/MDC — 20 Black Friars Lane London EC4V 6EB
2026-10-02 12:37:04 INFO LEAD new: [Permitted] City/26/00237/MDC — Allianz House 60 Gracechurch Street London EC3V 0HR
2026-10-02 12:37:04 INFO LEAD new: [Permitted] City/26/00236/MDC — Allianz House 60 Gracechurch Street London EC3V 0HR
2026-10-02 12:37:04 INFO LEAD new: [Permitted] City/26/00234/MDC — St Brides House 10 Salisbury Square London EC4Y 8EH
2026-10-02 12:37:04 INFO LEAD new: [Permitted] City/26/00235/CLEUD — Wood Street Police Station 37 Wood Street London EC2P 2NQ
2026-10-02 12:37:10 INFO [city-of-london/Permitted] page at offset 600: 100 records
2026-10-02 12:37:11 INFO LEAD new: [Permitted] City/26/00230/MDC — 10 - 16 Bevis Marks London EC3A 7LH
2026-10-02 12:37:13 INFO LEAD new: [Permitted] City/26/00229/MDC — 10 - 16 Bevis Marks London EC3A 7LH
2026-10-02 12:37:13 INFO LEAD new: [Permitted] City/26/00228/LBC — 253 Lauderdale Tower Barbican London EC2Y 8BY
2026-10-02 12:37:14 INFO LEAD new: [Permitted] City/26/00227/MDC — 120 Old Broad Street London EC2N 1AR
2026-10-02 12:37:15 INFO LEAD new: [Permitted] City/26/00226/PODC — Development Site 2 Aldermanbury Square London
2026-10-02 12:37:15 INFO LEAD new: [Permitted] City/26/00204/MDC — St Brides House 10 Salisbury Square London EC4Y 8EH
2026-10-02 12:37:16 INFO LEAD new: [Permitted] City/26/00209/LBC — 201 Ben Jonson House Barbican London EC2Y 8DL
2026-10-02 12:37:16 INFO LEAD new: [Permitted] City/26/00207/MDC — 8 - 9 Lovat Lane London EC3R 8DW
2026-10-02 12:37:16 INFO LEAD new: [Permitted] City/26/00212/LBC — 51 Cloth Fair London EC1A 7JQ
2026-10-02 12:37:17 INFO LEAD new: [Permitted] City/26/00208/MDC — 8 - 9 Lovat Lane London EC3R 8DW
2026-10-02 12:37:17 INFO LEAD new: [Permitted] City/26/00205/MDC — St Brides House 10 Salisbury Square London EC4Y 8EH
2026-10-02 12:37:17 INFO LEAD new: [Permitted] City/26/00211/LBC — 87 John Trundle Court Barbican London EC2Y 8NE
2026-10-02 12:37:17 INFO LEAD new: [Permitted] City/26/00213/FULL — 15 Devonshire Square London EC2M 4YW
2026-10-02 12:37:17 INFO LEAD new: [Permitted] City/26/00274/PODC — 105 - 108 Old Broad Street London EC2N 1EX
2026-10-02 12:37:18 INFO LEAD new: [Permitted] City/26/00192/NMA — Ibex House 42 - 47 Minories London EC3N 1DY
2026-10-02 12:37:18 INFO LEAD new: [Permitted] City/26/00197/MDC — St Brides House 10 Salisbury Square London EC4Y 8EH
2026-10-02 12:37:18 INFO LEAD new: [Permitted] City/26/00196/LBC — Units 7, 8 And 9 Royal Exchange London EC3V 3LL
2026-10-02 12:37:18 INFO LEAD new: [Permitted] City/26/00198/FULL — 28 Tudor Street London EC4Y 0AY
2026-10-02 12:37:18 INFO LEAD new: [Permitted] City/26/00199/LBC — 28 Tudor Street London EC4Y 0AY
2026-10-02 12:37:18 INFO LEAD new: [Permitted] City/26/00185/MDC — New Chapter House Bishops Gate East London EC2M 4HE
2026-10-02 12:37:18 INFO LEAD new: [Permitted] City/26/00210/PODC — Boundary House 7 - 17 Jewry Street London EC3N 2EX
2026-10-02 12:37:18 INFO LEAD new: [Permitted] City/26/00182/MDC — St Brides House 10 Salisbury Square London EC4Y 8EH
2026-10-02 12:37:18 INFO LEAD new: [Permitted] City/26/00189/MDC — 47-50 Mark Lane London EC3R 5AS
2026-10-02 12:37:19 INFO LEAD new: [Permitted] City/26/00183/MDC — St Brides House 10 Salisbury Square London EC4Y 8EH
2026-10-02 12:37:19 INFO LEAD new: [Permitted] City/26/00187/ADVT — 9 Aldgate High Street London EC3N 1AH
2026-10-02 12:37:19 INFO LEAD new: [Permitted] City/26/00178/MDC — Livery Hall Dyers Hall 10 Dowgate Hill London EC4R 2ST
2026-10-02 12:37:19 INFO LEAD new: [Permitted] City/26/00174/MDC — Peterborough Court And Daniel House 131 - 141 Fleet Street L
2026-10-02 12:37:19 INFO LEAD new: [Permitted] City/26/00177/MDC — 10 Devonshire Square London EC2M 4YP
2026-10-02 12:37:19 INFO LEAD new: [Permitted] City/26/00176/LDC — 10 Devonshire Square London EC2M 4YP
2026-10-02 12:37:19 INFO LEAD new: [Permitted] City/26/00175/NMA — (site Known As 85 Gracechurch Street) 83 - 87 Gracechurch St
2026-10-02 12:37:19 INFO LEAD new: [Permitted] City/26/00180/LBC — Defoe House Barbican London EC2Y 8DN
2026-10-02 12:37:20 INFO LEAD new: [Permitted] City/26/00179/LDC — Livery Hall Dyers Hall 10 Dowgate Hill London EC4R 2ST
2026-10-02 12:37:20 INFO LEAD new: [Permitted] City/26/00171/LBC — 2 - 7 Salisbury Court London EC4Y 8AA
2026-10-02 12:37:20 INFO LEAD new: [Permitted] City/26/00170/NMA — Development Site Salisbury Square London
2026-10-02 12:37:20 INFO LEAD new: [Permitted] City/26/00173/LDC — Daniel House And Mersey House (Former Daily Telegraph Buildi
2026-10-02 12:37:20 INFO LEAD new: [Permitted] City/26/00194/OBS — Land At Regis Road London NW5 3EW
2026-10-02 12:37:20 INFO LEAD new: [Permitted] City/26/00172/NMA — Allianz House 60 Gracechurch Street London EC3V 0HR
2026-10-02 12:37:20 INFO LEAD new: [Permitted] City/26/00156/LBC — Guildhall School of Music And Drama Silk Street London EC2Y 
2026-10-02 12:37:20 INFO LEAD new: [Permitted] City/26/00155/FULL — Guildhall School of Music And Drama Silk Street London EC2Y 
2026-10-02 12:37:20 INFO LEAD new: [Permitted] City/26/00165/ADVT — Procession House 55 Ludgate Hill London EC4M 7JW
2026-10-02 12:37:21 INFO LEAD new: [Permitted] City/26/00153/FULL — 140 Fenchurch Street London EC3M 6BL
2026-10-02 12:37:21 INFO LEAD new: [Permitted] City/26/00161/FULL — Faraday Building 136 - 144A Queen Victoria Street London EC4
2026-10-02 12:37:21 INFO LEAD new: [Permitted] City/26/00154/ADVT — 140 Fenchurch Street London EC3M 6BL
2026-10-02 12:37:21 INFO LEAD new: [Permitted] City/26/00162/MDC — Warwick Court 5 Paternoster Square London EC4M 7DX
2026-10-02 12:37:21 INFO LEAD new: [Permitted] City/26/00166/NMA — (site Known As 85 Gracechurch Street) 83 - 87 Gracechurch St
2026-10-02 12:37:21 INFO LEAD new: [Permitted] City/26/00142/MDC — Cripplegate House 1 Golden Lane London EC1Y 0RR
2026-10-02 12:37:21 INFO LEAD new: [Permitted] City/26/00139/LDC — Cripplegate House 1 Golden Lane London EC1Y 0RR
2026-10-02 12:37:21 INFO LEAD new: [Permitted] City/26/00138/MDC — Cripplegate House 1 Golden Lane London EC1Y 0RR
2026-10-02 12:37:22 INFO LEAD new: [Permitted] City/26/00152/MDC — St Brides House 10 Salisbury Square London EC4Y 8EH
2026-10-02 12:37:22 INFO LEAD new: [Permitted] City/26/00150/MDC — 65 Gresham Street London EC2V 7NQ
2026-10-02 12:37:22 INFO LEAD new: [Permitted] City/26/00143/MDC — 14-21 Holborn Viaduct 32-33 & 34-35 Farringdon Street London
2026-10-02 12:37:22 INFO LEAD new: [Permitted] City/26/00136/CLEUD — St Brides House 10 Salisbury Square London EC4Y 8EH
2026-10-02 12:37:23 INFO LEAD new: [Permitted] City/26/00147/ADVT — Bus Shelter Adjacent Adelaide House London Bridge London
2026-10-02 12:37:23 INFO LEAD new: [Permitted] City/26/00146/ADVT — Bus Shelter Pavement Outside 57 - 60 Aldgate High Street Lon
2026-10-02 12:37:23 INFO LEAD new: [Permitted] City/26/00140/MDC — Cripplegate House 1 Golden Lane London EC1Y 0RR
2026-10-02 12:37:23 INFO LEAD new: [Permitted] City/26/00145/ADVT — Bus Shelter Pavement Outside 186-190 Bishopsgate London EC2M
2026-10-02 12:37:24 INFO LEAD new: [Permitted] City/26/00144/ADVT — Pavement Outside 99 Bishopsgate London EC2M 3XD
2026-10-02 12:37:24 INFO LEAD new: [Permitted] City/26/00135/PODC — 1 Appold Street London EC2A 2UU
2026-10-02 12:37:24 INFO LEAD new: [Permitted] City/26/00137/NMA — Snow Hill Police Station 5 Snow Hill London EC1A 2DP
2026-10-02 12:37:24 INFO LEAD new: [Permitted] City/26/00151/MDC — 61 - 65 Holborn Viaduct London EC1A 2FD
2026-10-02 12:37:24 INFO LEAD new: [Permitted] City/26/00131/NMA — Thames Court 1 Queenhithe London EC4V 3DX
2026-10-02 12:37:24 INFO LEAD new: [Permitted] City/26/00133/MDC — 47-50 Mark Lane London EC3R 5AS
2026-10-02 12:37:24 INFO LEAD new: [Permitted] City/26/00127/MDC — 38 - 41 Houndsditch London EC3A 7DB
2026-10-02 12:37:24 INFO LEAD new: [Permitted] City/26/00128/FULL — 12 Gough Square London EC4A 3DW
2026-10-02 12:37:25 INFO LEAD new: [Permitted] City/26/00126/LBC — Finsbury House 23 Finsbury Circus London EC2M 7EA
2026-10-02 12:37:25 INFO LEAD new: [Permitted] City/26/00134/PODC — 47-50 Mark Lane London EC3R 5AS
2026-10-02 12:37:25 INFO LEAD new: [Permitted] City/26/00124/MDC — Basildon House 7 - 11 Moorgate London EC2R 6AF
2026-10-02 12:37:25 INFO LEAD new: [Permitted] City/26/00125/FULL — Finsbury House 23 Finsbury Circus London EC2M 7EA
2026-10-02 12:37:25 INFO LEAD new: [Permitted] City/26/00130/OBS — 85, The Lift House, Charterhouse Street, London, EC1M 6HJ
2026-10-02 12:37:25 INFO LEAD new: [Permitted] City/26/00129/MDC — (site Known As 85 Gracechurch Street) 83 - 87 Gracechurch St
2026-10-02 12:37:25 INFO LEAD new: [Permitted] City/26/00122/FULL — Alder Castle House 10 Noble Street London EC2V 7JX
2026-10-02 12:37:25 INFO LEAD new: [Permitted] City/26/00119/FULL — 5 Groveland Court London EC4M 9EH
2026-10-02 12:37:25 INFO LEAD new: [Permitted] City/26/00123/LBC — Central Criminal Court Old Bailey London EC4M 7EH
2026-10-02 12:37:26 INFO LEAD new: [Permitted] City/26/00115/FULLR3 — Guildhall Guildhall Yard London EC2P 2EJ
2026-10-02 12:37:26 INFO LEAD new: [Permitted] City/26/00116/LBC — Guildhall Guildhall Yard London EC2P 2EJ
2026-10-02 12:37:26 INFO LEAD new: [Permitted] City/26/00115/FULL — Guildhall Guildhall Yard London EC2P 2EJ
2026-10-02 12:37:26 INFO LEAD new: [Permitted] City/26/00118/FULL — 10 Exchange Square London EC2A 2BR
2026-10-02 12:37:26 INFO LEAD new: [Permitted] City/26/00120/PODC — 100 New Bridge Street London EC4V 6JA
2026-10-02 12:37:26 INFO LEAD new: [Permitted] City/26/00110/FULL — The Ned Hotel 27 Poultry London EC2R 8AJ
2026-10-02 12:37:26 INFO LEAD new: [Permitted] City/26/00112/MDC — 80 Farringdon Street London EC4A 4BL
2026-10-02 12:37:26 INFO LEAD new: [Permitted] City/26/00111/FULL — 25 Copthall Avenue London EC2R 7BP
2026-10-02 12:37:26 INFO LEAD new: [Permitted] City/26/00113/FULL — Salters Hall Gardens St Alphage Garden London EC2
2026-10-02 12:37:27 INFO LEAD new: [Permitted] City/26/00106/FULL — Crescent House Golden Lane Estate London EC1Y 0SL
2026-10-02 12:37:27 INFO LEAD new: [Permitted] City/26/00108/MDC — Allianz House 60 Gracechurch Street London EC3V 0HR
2026-10-02 12:37:27 INFO LEAD new: [Permitted] City/26/00103/MDC — 7 Newgate Street London EC1A 7NX
2026-10-02 12:37:27 INFO LEAD new: [Permitted] City/26/00104/ADVT — 1 Bishopsgate Plaza 3 Devonshire Row 150 Bishopsgate London 
2026-10-02 12:37:27 INFO LEAD new: [Permitted] City/26/00107/LBC — Crescent House Golden Lane Estate London EC1Y 0SL
2026-10-02 12:37:27 INFO LEAD new: [Permitted] City/26/00102/NMA — New Chapter House Bishops Gate East London EC2M 4HE
2026-10-02 12:37:27 INFO LEAD new: [Permitted] City/26/00100/LDC — Cripplegate House 1 Golden Lane London EC1Y 0RR
2026-10-02 12:37:27 INFO LEAD new: [Permitted] City/26/00149/OBS — Land Bounded By Wandsworth Road, Parry Street, Bondway, Mile
2026-10-02 12:37:27 INFO LEAD new: [Permitted] City/26/00101/MDC — St Brides House 10 Salisbury Square London EC4Y 8EH
2026-10-02 12:37:28 INFO LEAD new: [Permitted] City/26/00097/MDC — 38 - 41 Houndsditch London EC3A 7DB
2026-10-02 12:37:28 INFO LEAD new: [Permitted] City/26/00098/MDC — 1 Basinghall Avenue London EC2V 5DD
2026-10-02 12:37:28 INFO LEAD new: [Permitted] City/26/00099/LDC — 6 King's Bench Walk London EC4Y 7DR
2026-10-02 12:37:29 INFO LEAD new: [Permitted] City/26/00090/CLOPD — 11 Leadenhall Street London EC3V 1LP
2026-10-02 12:37:29 INFO LEAD new: [Permitted] City/26/00091/MDC — Cripplegate House 1 Golden Lane London EC1Y 0RR
2026-10-02 12:37:29 INFO LEAD new: [Permitted] City/26/00088/ADVT — 72 Cheapside London EC2V 6EN
2026-10-02 12:37:29 INFO LEAD new: [Permitted] City/26/00121/PODC — St Brides House 10 Salisbury Square London EC4Y 8EH
2026-10-02 12:37:37 INFO [city-of-london/Permitted] page at offset 700: 100 records
2026-10-02 12:37:37 INFO LEAD new: [Permitted] City/26/00087/LDC — Golden Lane Leisure Centre Golden Lane Estate London EC1Y 0S
2026-10-02 12:37:38 INFO LEAD new: [Permitted] City/26/00074/MDC — (site Known As 85 Gracechurch Street) 83 - 87 Gracechurch St
2026-10-02 12:37:39 INFO LEAD new: [Permitted] City/26/00077/5REG — 167 Moorgate London EC2M 6XQ
2026-10-02 12:37:40 INFO LEAD new: [Permitted] City/26/00073/MDC — (site Known As 85 Gracechurch Street) 83 - 87 Gracechurch St
2026-10-02 12:37:41 INFO LEAD new: [Permitted] City/26/00075/MDC — (site Known As 85 Gracechurch Street) 83 - 87 Gracechurch St
2026-10-02 12:37:41 INFO LEAD new: [Permitted] City/26/00086/MDC — 9 Bridewell Place London EC4V 6AW
2026-10-02 12:37:42 INFO LEAD new: [Permitted] City/26/00070/FULL — City Tower 40 Basinghall Street London EC2V 5DE
2026-10-02 12:37:42 INFO LEAD new: [Permitted] City/26/00068/FULL — 1 - 3 Frederick's Place London EC2R 8AE
2026-10-02 12:37:43 INFO LEAD new: [Permitted] City/26/00069/ADVT — 1 - 3 Frederick's Place London EC2R 8AE
2026-10-02 12:37:43 INFO LEAD new: [Permitted] City/26/00062/LBC — Guildhall Art Gallery Guildhall Yard London EC2P 2EJ
2026-10-02 12:37:43 INFO LEAD new: [Permitted] City/26/00063/MDC — Allianz House 60 Gracechurch Street London EC3V 0HR
2026-10-02 12:37:43 INFO LEAD new: [Permitted] City/26/00067/PODC — 40 Leadenhall Street London EC3
2026-10-02 12:37:43 INFO LEAD new: [Permitted] City/26/00064/FULL — Offices 65 London Wall London EC2M 5TU
2026-10-02 12:37:43 INFO LEAD new: [Permitted] City/26/00061/OBS — And A Half, 59 Southwark Street, London
2026-10-02 12:37:43 INFO LEAD new: [Permitted] City/26/00093/5REG — 36 - 38 Cornhill London EC3V 3NG
2026-10-02 12:37:43 INFO LEAD new: [Permitted] City/26/00056/MDC — 105 - 108 Old Broad Street London EC2N 1EX
2026-10-02 12:37:43 INFO LEAD new: [Permitted] City/26/00054/MDC — 61 - 65 Holborn Viaduct London EC1A 2FD
2026-10-02 12:37:44 INFO LEAD new: [Permitted] City/26/00060/LDC — Livery Hall Dyers Hall 10 Dowgate Hill London EC4R 2ST
2026-10-02 12:37:44 INFO LEAD new: [Permitted] City/26/00092/PODC — 14-21 Holborn Viaduct 32-33 & 34-35 Farringdon Street London
2026-10-02 12:37:44 INFO LEAD new: [Permitted] City/26/00055/MDC — Allianz House 60 Gracechurch Street London EC3V 0HR
2026-10-02 12:37:44 INFO LEAD new: [Permitted] City/26/00089/PODC — 105 - 108 Old Broad Street London EC2N 1EX
2026-10-02 12:37:44 INFO LEAD new: [Permitted] City/26/00059/MDC — Livery Hall Dyers Hall 10 Dowgate Hill London EC4R 2ST
2026-10-02 12:37:44 INFO LEAD new: [Permitted] City/26/00046/LDC — Livery Hall Dyers Hall 10 Dowgate Hill London EC4R 2ST
2026-10-02 12:37:44 INFO LEAD new: [Permitted] City/26/00045/LBC — 554 Ben Jonson House Barbican London EC2Y 8NH
2026-10-02 12:37:44 INFO LEAD new: [Permitted] City/26/00044/MDC — Livery Hall Dyers Hall 10 Dowgate Hill London EC4R 2ST
2026-10-02 12:37:45 INFO LEAD new: [Permitted] City/26/00043/MDC — Land Bound By Fenchurch Street, Mark Lane, Dunster Court And
2026-10-02 12:37:45 INFO LEAD new: [Permitted] City/26/00051/FULL — Adelaide House London Bridge London EC4R 9HA
2026-10-02 12:37:45 INFO LEAD new: [Permitted] City/26/00047/ADVT — Retail Unit 2B Tower Place East Tower Place London EC3R 5BT
2026-10-02 12:37:45 INFO LEAD new: [Permitted] City/26/00048/MDC — Cripplegate House 1 Golden Lane London EC1Y 0RR
2026-10-02 12:37:45 INFO LEAD new: [Permitted] City/26/00052/LBC — Adelaide House London Bridge London EC4R 9HA
2026-10-02 12:37:45 INFO LEAD new: [Permitted] City/26/00040/MDC — 38 - 41 Houndsditch London EC3A 7DB
2026-10-02 12:37:45 INFO LEAD new: [Permitted] City/26/00039/MDC — 38 - 41 Houndsditch London EC3A 7DB
2026-10-02 12:37:46 INFO LEAD new: [Permitted] City/26/00041/FULL — The Aldgate School St James's Passage London EC3A 5DE
2026-10-02 12:37:46 INFO LEAD new: [Permitted] City/26/00037/NMA — Aldersgate House 135 - 137 Aldersgate Street London EC1A 4JA
2026-10-02 12:37:46 INFO LEAD new: [Permitted] City/26/00238/PODC — Allianz House 60 Gracechurch Street London EC3V 0HR
2026-10-02 12:37:46 INFO LEAD new: [Permitted] City/26/00038/MDC — 105 - 108 Old Broad Street London EC2N 1EX
2026-10-02 12:37:46 INFO LEAD new: [Permitted] City/26/00036/MDC — St Magnus House 3 Lower Thames Street London EC3R 6HD
2026-10-02 12:37:46 INFO LEAD new: [Permitted] City/26/00031/MDC — Allianz House 60 Gracechurch Street London EC3V 0HR
2026-10-02 12:37:46 INFO LEAD new: [Permitted] City/26/00030/MDC — 1 Exchange Square London EC2A 2EH
2026-10-02 12:37:46 INFO LEAD new: [Permitted] City/26/00066/PODC — 1 Exchange Square London EC2A 2EH
2026-10-02 12:37:46 INFO LEAD new: [Permitted] City/26/00026/ADVT — 18 - 19 Gracechurch Street London EC3V 0BG
2026-10-02 12:37:47 INFO LEAD new: [Permitted] City/26/00082/5REG — 5 King William Street London EC4N 7DA
2026-10-02 12:37:47 INFO LEAD new: [Permitted] City/26/00083/5REG — The Globe Public House 83 Moorgate London EC2M 6SA
2026-10-02 12:37:47 INFO LEAD new: [Permitted] City/26/00079/5REG — Pavement O/S 26 - 27 Great Tower Street London EC3R 5AQ
2026-10-02 12:37:47 INFO LEAD new: [Permitted] City/26/00080/5REG — Woodins Shades Public House 212 Bishopsgate London EC2M 4PT
2026-10-02 12:37:47 INFO LEAD new: [Permitted] City/26/00032/PODC — 20 Giltspur Street London EC1A 9DD
2026-10-02 12:37:47 INFO LEAD new: [Permitted] City/26/00017/MDC — 20 Giltspur Street London EC1A 9DD
2026-10-02 12:37:47 INFO LEAD new: [Permitted] City/26/00027/OBS — 301-303 Ilderton Road, London, Southwark
2026-10-02 12:37:47 INFO LEAD new: [Permitted] City/26/00022/OBS — 22 -24 Southwark Bridge Road, London, Southwark
2026-10-02 12:37:48 INFO LEAD new: [Permitted] City/26/00028/5REG — 4 Fenchurch Avenue London EC3M 5BS
2026-10-02 12:37:48 INFO LEAD new: [Permitted] City/26/00025/ADVT — 61 St Martin's-le-grand London EC1A 4ER
2026-10-02 12:37:48 INFO LEAD new: [Permitted] City/26/00010/MDC — 55 And 65 Old Broad Street London EC2M 1RX
2026-10-02 12:37:48 INFO LEAD new: [Permitted] City/26/00013/NMA — 100 New Bridge Street London EC4V 6JA
2026-10-02 12:37:48 INFO LEAD new: [Permitted] City/26/00020/PODC — 47-50 Mark Lane London EC3R 5AS
2026-10-02 12:37:48 INFO LEAD new: [Permitted] City/26/00004/ADVT — Ye Olde Watling Public House 29 Watling Street London EC4M 9
2026-10-02 12:37:48 INFO LEAD new: [Permitted] City/26/00006/MDC — Bevis Marks Synagogue Heneage Lane London EC3A 5DQ
2026-10-02 12:37:48 INFO LEAD new: [Permitted] City/26/00001/FULL — Ye Olde Watling Public House 29 Watling Street London EC4M 9
2026-10-02 12:37:49 INFO LEAD new: [Permitted] City/26/00003/FULL — Ye Olde Watling Public House 29 Watling Street London EC4M 9
2026-10-02 12:37:49 INFO LEAD new: [Permitted] City/26/00005/MDC — 20 Giltspur Street London EC1
2026-10-02 12:37:49 INFO LEAD new: [Permitted] City/26/00007/NMA — 9 Bridewell Place London EC4V 6AW
2026-10-02 12:37:49 INFO LEAD new: [Permitted] City/25/01819/NMA — 41 Lothbury London EC2R 7HF
2026-10-02 12:37:49 INFO LEAD new: [Permitted] City/25/01808/FULL — 14 Paternoster Row London EC4M 7EJ
2026-10-02 12:37:49 INFO LEAD new: [Permitted] City/25/01816/MDC — 25 Hosier Lane London EC1A 9LQ
2026-10-02 12:37:49 INFO LEAD new: [Permitted] City/25/01814/MDC — 47-50 Mark Lane London EC3R 5AS
2026-10-02 12:37:49 INFO LEAD new: [Permitted] City/25/01812/MDC — 47 - 50 Mark Lane London EC3R 7QQ
2026-10-02 12:37:50 INFO LEAD new: [Permitted] City/25/01818/MDC — 1 Basinghall Avenue London EC2V 5DD
2026-10-02 12:37:50 INFO LEAD new: [Permitted] City/25/01813/MDC — 47-50 Mark Lane London EC3R 5AS
2026-10-02 12:37:50 INFO LEAD new: [Permitted] City/25/01807/MDC — 47-50 Mark Lane London EC3R 5AS
2026-10-02 12:37:50 INFO LEAD new: [Permitted] City/26/00033/PODC — 105 - 108 Old Broad Street London EC2N 1EX
2026-10-02 12:37:50 INFO LEAD new: [Permitted] City/25/01810/MDC — 99 Queen Victoria Street London EC4V 4EH
2026-10-02 12:37:50 INFO LEAD new: [Permitted] City/25/01811/MDC — 99 Queen Victoria Street London EC4V 4EH
2026-10-02 12:37:50 INFO LEAD new: [Permitted] City/25/01815/MDC — 105 - 108 Old Broad Street London EC2N 1EX
2026-10-02 12:37:50 INFO LEAD new: [Permitted] City/26/00021/PODC — 47-50 Mark Lane London EC3R 5AS
2026-10-02 12:37:51 INFO LEAD new: [Permitted] City/25/01806/MDC — 47-50 Mark Lane London EC3R 5AS
2026-10-02 12:37:51 INFO LEAD new: [Permitted] City/25/01805/FULL — 99 Gresham Street London EC2V 7NG
2026-10-02 12:37:51 INFO LEAD new: [Permitted] City/25/01800/FULL — City of London School 107 Queen Victoria Street London EC4V 
2026-10-02 12:37:52 INFO LEAD new: [Permitted] City/25/01797/FULL — 6 - 9 Eldon Street London EC2M 7LS
2026-10-02 12:37:52 INFO LEAD new: [Permitted] City/25/01798/MDC — (site Known As 85 Gracechurch Street) 83 - 87 Gracechurch St
2026-10-02 12:37:52 INFO LEAD new: [Permitted] City/25/01790/MDC — Art Gallery Barbican Arts And Conference Centre Silk Street 
2026-10-02 12:37:52 INFO LEAD new: [Permitted] City/25/01793/MDC — Art Gallery Barbican Arts And Conference Centre Silk Street 
2026-10-02 12:37:52 INFO LEAD new: [Permitted] City/25/01796/LDC — West Market Building London Central Markets London EC1A 9PS
2026-10-02 12:37:52 INFO LEAD new: [Permitted] City/26/00011/5REG — St Mary Le Bow Church Cheapside London EC2V 6AU
2026-10-02 12:37:52 INFO LEAD new: [Permitted] City/25/01799/OBS — Standon House, 21 Mansell Street, London, E1 8AN
2026-10-02 12:37:52 INFO LEAD new: [Permitted] City/25/01791/LDC — Golden Lane Leisure Centre Golden Lane Estate London EC1Y 0S
2026-10-02 12:37:52 INFO LEAD new: [Permitted] City/25/01792/MDC — Art Gallery Barbican Arts And Conference Centre Silk Street 
2026-10-02 12:37:53 INFO LEAD new: [Permitted] City/25/01801/MDC — Allianz House 60 Gracechurch Street London EC3V 0HR
2026-10-02 12:37:53 INFO LEAD new: [Permitted] City/25/01802/MDC — Allianz House 60 Gracechurch Street London EC3V 0HR
2026-10-02 12:37:53 INFO LEAD new: [Permitted] City/25/01789/ADVT — 1 New Change London EC4M 9AF
2026-10-02 12:37:53 INFO LEAD new: [Permitted] City/25/01788/FULL — 61-65 Holborn Viaduct London EC1A 2FD
2026-10-02 12:37:53 INFO LEAD new: [Permitted] City/25/01787/PODC — 55 And 65 Old Broad Street London EC2M 1RX
2026-10-02 12:37:53 INFO LEAD new: [Permitted] City/25/01785/MDC — Snow Hill Police Station 5 Snow Hill London EC1A 2DP
2026-10-02 12:37:53 INFO LEAD new: [Permitted] City/25/01786/FULL — First And Second Floor Flat 41 Charterhouse Square London EC
2026-10-02 12:37:53 INFO LEAD new: [Permitted] City/25/01782/FULL — 3 Devonshire Row 150 Bishopsgate London EC2M 4AH
2026-10-02 12:37:53 INFO LEAD new: [Permitted] City/25/01777/MDC — 51 Eastcheap London EC3M 1JA
2026-10-02 12:37:54 INFO LEAD new: [Permitted] City/25/01779/LBC — 1 Poultry London EC2R 8EJ
2026-10-02 12:37:54 INFO LEAD new: [Permitted] City/25/01783/MDC — 20 Giltspur Street London EC1A 9DD
2026-10-02 12:37:54 INFO LEAD new: [Permitted] City/25/01774/LBC — Library Barbican Arts And Conference Centre Silk Street Lond
2026-10-02 12:37:54 INFO LEAD new: [Permitted] City/25/01773/MDC — 10 Gresham Street London EC2V 7JD
2026-10-02 12:37:54 INFO LEAD new: [Permitted] City/26/00240/PODC — Allianz House 60 Gracechurch Street London EC3V 0HR
2026-10-02 12:37:54 INFO LEAD new: [Permitted] City/25/01767/MDC — Development Site 2 Aldermanbury Square London
2026-10-02 12:38:00 INFO [city-of-london/Permitted] page at offset 800: 100 records
2026-10-02 12:38:00 INFO LEAD new: [Permitted] City/25/01769/MDC — 51 Eastcheap London EC3M 1DT
2026-10-02 12:38:01 INFO LEAD new: [Permitted] City/22/01200/FULMAJ/DOV — 1 Appold Street London EC2A 2UU
2026-10-02 12:38:03 INFO LEAD new: [Permitted] City/25/01763/MDC — Peterborough Court And Daniel House 131 - 141 Fleet Street L
2026-10-02 12:38:03 INFO LEAD new: [Permitted] City/25/01768/MDC — Cripplegate House 1 Golden Lane London EC1Y 0RR
2026-10-02 12:38:04 INFO LEAD new: [Permitted] City/25/01770/MDC — The Woolgate 25 Basinghall Street London EC2V 5HA
2026-10-02 12:38:05 INFO LEAD new: [Permitted] City/25/01760/MDC — Lloyds Chambers 1 Portsoken Street London E1 8BT
2026-10-02 12:38:05 INFO LEAD new: [Permitted] City/25/01759/FULL — America House 2 America Square London EC3N 2LU
2026-10-02 12:38:06 INFO LEAD new: [Permitted] City/25/01761/FULL — 67 Lombard Street London EC3V 9LJ
2026-10-02 12:38:07 INFO LEAD new: [Permitted] City/25/01762/LBC — 85 Gracechurch Street London EC3V 0AA
2026-10-02 12:38:07 INFO LEAD new: [Permitted] City/25/01754/FULL — 22 - 24 Wormwood Street London EC2M 1RP
2026-10-02 12:38:07 INFO LEAD new: [Permitted] City/25/01742/LBC — 4 Moorgate London EC2R 6DA
2026-10-02 12:38:08 INFO LEAD new: [Permitted] City/25/01751/MDC — Alder Castle House 10 Noble Street London EC2V 7JX
2026-10-02 12:38:08 INFO LEAD new: [Permitted] City/25/01753/MDC — 54 King William Street London EC4R 9AD
2026-10-02 12:38:08 INFO LEAD new: [Permitted] City/25/01781/5REG — 200 Aldersgate Street London EC1A 4HD
2026-10-02 12:38:09 INFO LEAD new: [Permitted] City/25/01750/ADVT — 1 - 2 Broadgate London EC2M 2QS
2026-10-02 12:38:09 INFO LEAD new: [Permitted] City/25/01740/MDC — 9 - 11 Angel Court London EC2R 7HB
2026-10-02 12:38:09 INFO LEAD new: [Permitted] City/25/01731/MDC — 99 Queen Victoria Street London EC4V 4EH
2026-10-02 12:38:09 INFO LEAD new: [Permitted] City/25/01775/5REG — 11 Ironmonger Lane London EC2V 8EY
2026-10-02 12:38:09 INFO LEAD new: [Permitted] City/25/01733/MDC — 63 - 66 Coleman Street And 35-39 Moorgate London EC2R 5BX
2026-10-02 12:38:09 INFO LEAD new: [Permitted] City/25/01737/NMA — 47-50 Mark Lane London EC3R 5AS
2026-10-02 12:38:09 INFO LEAD new: [Permitted] City/25/01736/MDC — Poultry Market Charterhouse Street London EC1A 9LH
2026-10-02 12:38:09 INFO LEAD new: [Permitted] City/25/01735/LDC — Poultry Market Charterhouse Street London EC1A 9LH
2026-10-02 12:38:10 INFO LEAD new: [Permitted] City/25/01728/LBC — 1 Royal Exchange Avenue London EC3V 3LT
2026-10-02 12:38:10 INFO LEAD new: [Permitted] City/25/01772/5REG — 167 Fleet Street London EC4A 2EA
2026-10-02 12:38:10 INFO LEAD new: [Permitted] City/25/01726/FULL — 85 Cheapside London EC2V 6EB
2026-10-02 12:38:10 INFO LEAD new: [Permitted] City/25/01730/MDC — 7 Newgate Street London EC1A 7NX
2026-10-02 12:38:10 INFO LEAD new: [Permitted] City/25/01729/MDC — Peterborough Court And Daniel House 131 - 141 Fleet Street L
2026-10-02 12:38:10 INFO LEAD new: [Permitted] City/25/01725/MDC — Haberdashers Hall 18 West Smithfield London EC1A 9HQ
2026-10-02 12:38:10 INFO LEAD new: [Permitted] City/25/01724/FULL — The Minster Building 21 Mincing Lane London EC3R 7AG
2026-10-02 12:38:10 INFO LEAD new: [Permitted] City/25/01716/ADVT — 11 Leadenhall Street London EC3V 1LP
2026-10-02 12:38:10 INFO LEAD new: [Permitted] City/25/01711/NMA — Development Site 2 Aldermanbury Square London
2026-10-02 12:38:10 INFO LEAD new: [Permitted] City/25/01771/OBS — 7 - 8 Carthusian Street London EC1M 6EB
2026-10-02 12:38:11 INFO LEAD new: [Permitted] City/25/01721/LDC — Livery Hall Dyers Hall 10 Dowgate Hill London EC4R 2ST
2026-10-02 12:38:11 INFO LEAD new: [Permitted] City/25/01717/MDC — 120 Old Broad Street London EC2N 1AR
2026-10-02 12:38:11 INFO LEAD new: [Permitted] City/25/01710/NMA — 60 Queen Victoria Street London EC4N 4TZ
2026-10-02 12:38:11 INFO LEAD new: [Permitted] City/25/01718/MDC — Poultry Market Charterhouse Street London EC1A 9LH
2026-10-02 12:38:11 INFO LEAD new: [Permitted] City/25/01714/LBC — 1 Poultry London EC2R 8EJ
2026-10-02 12:38:11 INFO LEAD new: [Permitted] City/25/01713/FULL — 1 Poultry London EC2R 8EJ
2026-10-02 12:38:11 INFO LEAD new: [Permitted] City/25/01719/MDC — Poultry Market Charterhouse Street London EC1A 9LH
2026-10-02 12:38:11 INFO LEAD new: [Permitted] City/25/01708/MDC — Lloyds Chambers 1 Portsoken Street London E1 8BT
2026-10-02 12:38:11 INFO LEAD new: [Permitted] City/25/01707/MDC — 30 - 32 Ludgate Hill London EC4M 7DR
2026-10-02 12:38:12 INFO LEAD new: [Permitted] City/25/01706/MDC — Site Boundary 40 Leadenhall Street London
2026-10-02 12:38:12 INFO LEAD new: [Permitted] City/25/01748/5REG — Exchange House 12 Primrose Street London EC2A 2EG
2026-10-02 12:38:12 INFO LEAD new: [Permitted] City/25/01704/LDC — 117 Cannon Street London EC4N 5AX
2026-10-02 12:38:12 INFO LEAD new: [Permitted] City/25/01744/5REG — 1 Wallside Barbican London EC2Y 8BH
2026-10-02 12:38:12 INFO LEAD new: [Permitted] City/25/01746/5REG — Blomfield House 85 London Wall London EC2M 7AD
2026-10-02 12:38:12 INFO LEAD new: [Permitted] City/25/01696/MDC — Allianz House 60 Gracechurch Street London EC3V 0HR
2026-10-02 12:38:12 INFO LEAD new: [Permitted] City/25/01697/MDC — Allianz House 60 Gracechurch Street London EC3V 0HR
2026-10-02 12:38:12 INFO LEAD new: [Permitted] City/25/01699/MDC — Leadenhall Court 1 Leadenhall Street London EC3V 1PP
2026-10-02 12:38:13 INFO LEAD new: [Permitted] City/25/01694/LBC — The Bank of England Threadneedle Street London EC2R 8AH
2026-10-02 12:38:14 INFO LEAD new: [Permitted] City/25/01701/MDC — Finsbury Circus Gardens Finsbury Circus London
2026-10-02 12:38:14 INFO LEAD new: [Permitted] City/25/01698/FULL — 67 Long Lane London EC1A 9EJ
2026-10-02 12:38:15 INFO LEAD new: [Permitted] City/25/01702/LDC — Poultry Market Charterhouse Street London EC1A 9LH
2026-10-02 12:38:16 INFO LEAD new: [Permitted] City/25/01700/MDC — 81 Newgate Street London EC1A 7AJ
2026-10-02 12:38:16 INFO LEAD new: [Permitted] City/25/01695/MDC — Allianz House 60 Gracechurch Street London EC3V 0HR
2026-10-02 12:38:17 INFO LEAD new: [Permitted] City/25/01689/MDC — St Magnus House 3 Lower Thames Street London EC3R 6HD
2026-10-02 12:38:19 INFO LEAD new: [Permitted] City/25/01688/MDC — St Magnus House 3 Lower Thames Street London EC3R 6HD
2026-10-02 12:38:19 INFO LEAD new: [Permitted] City/25/01690/MDC — Livery Hall Dyers Hall 10 Dowgate Hill London EC4R 2ST
2026-10-02 12:38:19 INFO LEAD new: [Permitted] City/25/01693/MDC — 20 Giltspur Street London EC1A 9DD
2026-10-02 12:38:19 INFO LEAD new: [Permitted] City/25/01691/MDC — Land Bound By Fenchurch Street, Mark Lane, Dunster Court And
2026-10-02 12:38:20 INFO LEAD new: [Permitted] City/25/01692/FULL — Carriageway Adjacent To 3 Queen Victoria Street London EC4N 
2026-10-02 12:38:20 INFO LEAD new: [Permitted] City/25/01743/5REG — 25 Copthall Avenue London EC2R 7BP
2026-10-02 12:38:20 INFO LEAD new: [Permitted] City/25/01723/5REG — Moorgate Hall 143 - 171 Moorgate London EC2M 6XQ
2026-10-02 12:38:20 INFO LEAD new: [Permitted] City/25/01684/MDC — Providian House 16 - 18 Monument Street London EC3R 8AJ
2026-10-02 12:38:20 INFO LEAD new: [Permitted] City/25/01680/ADVT — 131 Middlesex Street London E1 7JF
2026-10-02 12:38:20 INFO LEAD new: [Permitted] City/25/01687/MDC — 120 Old Broad Street London EC2N 1AR
2026-10-02 12:38:20 INFO LEAD new: [Permitted] City/25/01685/MDC — Providian House 16 - 18 Monument Street London EC3R 8AJ
2026-10-02 12:38:20 INFO LEAD new: [Permitted] City/25/01686/MDC — Providian House 16 - 18 Monument Street London EC3R 8AJ
2026-10-02 12:38:20 INFO LEAD new: [Permitted] City/25/01676/MDC — 17 Black Friars Lane London EC4V 6ER
2026-10-02 12:38:21 INFO LEAD new: [Permitted] City/25/01674/NMA — 55 And 65 Old Broad Street London EC2M 1RX
2026-10-02 12:38:21 INFO LEAD new: [Permitted] City/25/01678/MDC — 15 - 17 Black Friars Lane London EC4V 6ER
2026-10-02 12:38:21 INFO LEAD new: [Permitted] City/25/01677/MDC — 99 Queen Victoria Street London EC4V 4EH
2026-10-02 12:38:21 INFO LEAD new: [Permitted] City/25/01675/MDC — 17 Black Friars Lane London EC4V 6ER
2026-10-02 12:38:22 INFO LEAD new: [Permitted] City/25/01679/LDC — Golden Lane Leisure Centre Golden Lane Estate London EC1Y 0S
2026-10-02 12:38:22 INFO LEAD new: [Permitted] City/25/01673/MDC — 54 King William Street London EC4R 9AD
2026-10-02 12:38:22 INFO LEAD new: [Permitted] City/25/01671/MDC — 3 Middle Street London EC1A 7JA
2026-10-02 12:38:23 INFO LEAD new: [Permitted] City/25/01667/MDC — The Derby London City 5 - 10 Great Tower Street London EC3R 
2026-10-02 12:38:23 INFO LEAD new: [Permitted] City/25/01778/TTT — Tideway Working Area Blackfriars Bridge Foreshore Victoria E
2026-10-02 12:38:23 INFO LEAD new: [Permitted] City/25/01666/FULL — 3 Devonshire Row 150 Bishopsgate London EC2M 4AF
2026-10-02 12:38:23 INFO LEAD new: [Permitted] City/25/01670/MDC — 99 Queen Victoria Street London EC4V 4EH
2026-10-02 12:38:23 INFO LEAD new: [Permitted] City/25/01669/MDC — Development Site Salisbury Square London
2026-10-02 12:38:23 INFO LEAD new: [Permitted] City/25/01660/MDC — The Derby London City 5 - 10 Great Tower Street London EC3R 
2026-10-02 12:38:24 INFO LEAD new: [Permitted] City/25/01662/ADVT — Princes 7 Prince's Street London EC2R 8AQ
2026-10-02 12:38:24 INFO LEAD new: [Permitted] City/25/01659/MDC — Millennium Bridge House 2 Lambeth Hill London EC4V 4AG
2026-10-02 12:38:24 INFO LEAD new: [Permitted] City/25/01658/NMA — America House 2 America Square London EC3N 2LU
2026-10-02 12:38:25 INFO LEAD new: [Permitted] City/25/01655/MDC — Winchester House 75 London Wall London
2026-10-02 12:38:26 INFO LEAD new: [Permitted] City/25/01661/NMA — 20 Giltspur Street London EC1A 9DD
2026-10-02 12:38:26 INFO LEAD new: [Permitted] City/25/01657/MDC — 9 - 11 Angel Court London EC2R 7HB
2026-10-02 12:38:26 INFO LEAD new: [Permitted] City/25/01649/PODC — 1 Appold Street London EC2A 2UU
2026-10-02 12:38:26 INFO LEAD new: [Permitted] City/25/01650/PODC — 1 Appold Street London EC2A 2UU
2026-10-02 12:38:26 INFO LEAD new: [Permitted] City/25/01645/LDC — Golden Lane Leisure Centre Golden Lane Estate London EC1Y 0S
2026-10-02 12:38:26 INFO LEAD new: [Permitted] City/25/01642/MDC — 105 - 108 Old Broad Street London EC2N 1EX
2026-10-02 12:38:26 INFO LEAD new: [Permitted] City/25/01644/LDC — Golden Lane Leisure Centre Golden Lane Estate London EC1Y 0S
2026-10-02 12:38:26 INFO LEAD new: [Permitted] City/25/01646/LDC — Golden Lane Leisure Centre Golden Lane Estate London EC1Y 0S
2026-10-02 12:38:27 INFO LEAD new: [Permitted] City/25/01641/LDC — 83 - 87 Gracechurch Street London EC3V 0AA
2026-10-02 12:38:27 INFO LEAD new: [Permitted] City/25/01641/MDC — 83 - 87 Gracechurch Street London EC3V 0AA
2026-10-02 12:38:33 INFO [city-of-london/Permitted] page at offset 900: 100 records
2026-10-02 12:38:33 INFO LEAD new: [Permitted] City/25/01636/MDC — 105 - 108 Old Broad Street London EC2N 1EX
2026-10-02 12:38:34 INFO LEAD new: [Permitted] City/25/01639/MDC — Alban Gate 125 - 130 London Wall London EC2
2026-10-02 12:38:34 INFO LEAD new: [Permitted] City/25/01637/MDC — St Magnus House 3 Lower Thames Street London EC3R 6HD
2026-10-02 12:38:35 INFO LEAD new: [Permitted] City/25/01628/MDC — The Derby London City 5 - 10 Great Tower Street London EC3R 
2026-10-02 12:38:35 INFO LEAD new: [Permitted] City/25/01630/PODC — 6-8 Bishopsgate & 150 Leadenhall Street London EC3V 4QT
2026-10-02 12:38:36 INFO LEAD new: [Permitted] City/25/01631/MDC — 33 Old Broad Street London EC2N 1HW
2026-10-02 12:38:37 INFO LEAD new: [Permitted] City/25/01632/MDC — Development Site Salisbury Square London
2026-10-02 12:38:38 INFO LEAD new: [Permitted] City/25/01629/5REG — 1 - 5 Moorgate London EC2R 6AB
2026-10-02 12:38:38 INFO LEAD new: [Permitted] City/25/01623/MDC — Alban Gate 125 - 130 London Wall London EC2
2026-10-02 12:38:39 INFO LEAD new: [Permitted] City/25/01625/LBC — 28 Tudor Street London EC4Y 0AY
2026-10-02 12:38:39 INFO LEAD new: [Permitted] City/25/01626/LBC — 508 Gilbert House Barbican London EC2Y 8BD
2026-10-02 12:38:39 INFO LEAD new: [Permitted] City/25/01622/ADVT — 1 Ludgate Circus London EC4M 7LW
2026-10-02 12:38:39 INFO LEAD new: [Permitted] City/25/01619/FULL — 74 Old Broad Street London EC2M 1QT
2026-10-02 12:38:39 INFO LEAD new: [Permitted] City/25/01620/MDC — Alder Castle House 10 Noble Street London EC2V 7JX
2026-10-02 12:38:39 INFO LEAD new: [Permitted] City/25/01621/FULL — 1 Ludgate Circus London EC4M 7LW
2026-10-02 12:38:39 INFO LEAD new: [Permitted] City/25/01610/NMA — The Ned Hotel 27 Poultry London EC2R 8AJ
2026-10-02 12:38:39 INFO LEAD new: [Permitted] City/25/01612/MDC — The Derby London City 5 - 10 Great Tower Street London EC3R 
2026-10-02 12:38:39 INFO LEAD new: [Permitted] City/25/01605/LDC — 65 Fleet Street London EC4Y 1HT
2026-10-02 12:38:40 INFO LEAD new: [Permitted] City/25/01614/FULL — 88 Wood Street London EC2V 7DA
2026-10-02 12:38:40 INFO LEAD new: [Permitted] City/25/01615/ADVT — 60 Fleet Street London EC4Y 1JU
2026-10-02 12:38:40 INFO LEAD new: [Permitted] City/25/01604/MDC — Site Bounded By King William Street, Cannon Street, Abchurch
2026-10-02 12:38:40 INFO LEAD new: [Permitted] City/25/01602/PODC — 9 - 11 Angel Court London EC2R 7HB
2026-10-02 12:38:40 INFO LEAD new: [Permitted] City/25/01594/NMA — The Ned Hotel 27 Poultry London EC2R 8AJ
2026-10-02 12:38:41 INFO LEAD new: [Permitted] City/25/01595/NMA — 68 Lombard Street London EC3V 9LJ
2026-10-02 12:38:41 INFO LEAD new: [Permitted] City/25/01593/FULL — Thames Exchange Building 10 Queen Street Place London EC4R 1
2026-10-02 12:38:41 INFO LEAD new: [Permitted] City/25/01594/LBC — The Ned Hotel 27 Poultry London EC2R 8AJ
2026-10-02 12:38:42 INFO LEAD new: [Permitted] City/25/01596/FULL — Senator House 85 Queen Victoria Street London EC4V 4AB
2026-10-02 12:38:42 INFO LEAD new: [Permitted] City/25/01597/ADVT — Senator House 85 Queen Victoria Street London EC4V 4AB
2026-10-02 12:38:42 INFO LEAD new: [Permitted] City/25/01618/PODC — Allianz House 60 Gracechurch Street London EC3V 0HR
2026-10-02 12:38:42 INFO LEAD new: [Permitted] City/25/01582/LDC — Golden Lane Leisure Centre Golden Lane Estate London EC1Y 0S
2026-10-02 12:38:42 INFO LEAD new: [Permitted] City/25/01591/ADVT — 1 Finsbury Avenue London EC2M 2PA
2026-10-02 12:38:42 INFO LEAD new: [Permitted] City/25/01592/LBC — 1 Finsbury Avenue London EC2M 2PA
2026-10-02 12:38:42 INFO LEAD new: [Permitted] City/25/01589/FULL — 1 Finsbury Avenue London EC2M 2PA
2026-10-02 12:38:42 INFO LEAD new: [Permitted] City/25/01590/LBC — 1 Finsbury Avenue London EC2M 2PA
2026-10-02 12:38:43 INFO LEAD new: [Permitted] City/25/01580/FULL — 10 Godliman Street London EC4V 5AJ
2026-10-02 12:38:43 INFO LEAD new: [Permitted] City/25/01577/ADVT — 70 Mark Lane London EC3R 7NQ
2026-10-02 12:38:43 INFO LEAD new: [Permitted] City/25/01581/FULLR3 — 1 Guildhall Buildings London EC2P 2EJ
2026-10-02 12:38:43 INFO LEAD new: [Permitted] City/25/01581/FULL — 1 Guildhall Buildings London EC2P 2EJ
2026-10-02 12:38:43 INFO LEAD new: [Permitted] City/25/01566/LDC — 7 King's Bench Walk London EC4Y 7DS
2026-10-02 12:38:43 INFO LEAD new: [Permitted] City/25/01568/MDC — Barbican Estate London EC2Y 8EN
2026-10-02 12:38:44 INFO LEAD new: [Permitted] City/25/01564/LDC — 7 King's Bench Walk London EC4Y 7DS
2026-10-02 12:38:44 INFO LEAD new: [Permitted] City/25/01565/LDC — 6 King's Bench Walk London EC4Y 7DR
2026-10-02 12:38:44 INFO LEAD new: [Permitted] City/25/01572/NMA — Alban Gate 125 - 130 London Wall London EC2
2026-10-02 12:38:44 INFO LEAD new: [Permitted] City/25/01573/FULL — 41 Bow Lane London EC4M 9DT
2026-10-02 12:38:44 INFO LEAD new: [Permitted] City/25/01570/LDC — Cripplegate House 1 Golden Lane London EC1Y 0RR
2026-10-02 12:38:44 INFO LEAD new: [Permitted] City/25/01556/LBC — 80 Farringdon Street London EC4A 4BL
2026-10-02 12:38:44 INFO LEAD new: [Permitted] City/25/01558/PODC — Tenter House 45 Moorfields London EC2Y 9AE
2026-10-02 12:38:45 INFO LEAD new: [Permitted] City/25/01607/PODC — Allianz House 60 Gracechurch Street London EC3V 0HR
2026-10-02 12:38:45 INFO LEAD new: [Permitted] City/25/01554/FULL — 39 Eastcheap London EC3M 1DT
2026-10-02 12:38:45 INFO LEAD new: [Permitted] City/25/01562/MDC — 1 Appold Street London EC2A 2UU
2026-10-02 12:38:45 INFO LEAD new: [Permitted] City/25/01563/MDC — Leadenhall Court 1 Leadenhall Street London EC3V 1PP
2026-10-02 12:38:45 INFO LEAD new: [Permitted] City/25/01541/MDC — Tenter House 45 Moorfields London EC2Y 9AE
2026-10-02 12:38:45 INFO LEAD new: [Permitted] City/25/01537/MDC — Tenter House 45 Moorfields London EC2Y 9AE
2026-10-02 12:38:45 INFO LEAD new: [Permitted] City/25/01536/MDC — Tenter House 45 Moorfields London EC2Y 9AE
2026-10-02 12:38:45 INFO LEAD new: [Permitted] City/25/01534/MDC — Tenter House 45 Moorfields London EC2Y 9AE
2026-10-02 12:38:46 INFO LEAD new: [Permitted] City/26/00239/PODC — Allianz House 60 Gracechurch Street London EC3V 0HR
2026-10-02 12:38:46 INFO LEAD new: [Permitted] City/25/01540/MDC — Tenter House 45 Moorfields London EC2Y 9AE
2026-10-02 12:38:48 INFO LEAD new: [Permitted] City/25/01531/NMA — Tenter House 45 Moorfields London EC2Y 9AE
2026-10-02 12:38:49 INFO LEAD new: [Permitted] City/25/01542/MDC — Tenter House 45 Moorfields London EC2Y 9AE
2026-10-02 12:38:50 INFO LEAD new: [Permitted] City/25/01550/FULL — 60 Fenchurch Street London EC3M 4AD
2026-10-02 12:38:50 INFO LEAD new: [Permitted] City/25/01544/MDC — 20 Giltspur Street London EC1A 9DD
2026-10-02 12:38:50 INFO LEAD new: [Permitted] City/25/01546/LDC — Snow Hill Police Station 5 Snow Hill London EC1A 2DP
2026-10-02 12:38:50 INFO LEAD new: [Permitted] City/25/01547/MDC — Snow Hill Police Station 5 Snow Hill London EC1A 2DP
2026-10-02 12:38:50 INFO LEAD new: [Permitted] City/25/01530/MDC — Tenter House 45 Moorfields London EC2Y 9AE
2026-10-02 12:38:51 INFO LEAD new: [Permitted] City/25/01539/MDC — Tenter House 45 Moorfields London EC2Y 9AE
2026-10-02 12:38:51 INFO LEAD new: [Permitted] City/25/01543/MDC — Tenter House 45 Moorfields London EC2Y 9AE
2026-10-02 12:38:51 INFO LEAD new: [Permitted] City/25/01545/LBC — 9 Gracechurch Street London EC3V 0DR
2026-10-02 12:38:51 INFO LEAD new: [Permitted] City/25/01535/MDC — Tenter House 45 Moorfields London EC2Y 9AE
2026-10-02 12:38:52 INFO LEAD new: [Permitted] City/25/01538/MDC — Tenter House 45 Moorfields London EC2Y 9AE
2026-10-02 12:38:52 INFO LEAD new: [Permitted] City/25/01551/ADVT — 60 Fenchurch Street London EC3M 4AD
2026-10-02 12:38:52 INFO LEAD new: [Permitted] City/25/01559/OBS — 85, The Lift House, Charterhouse Street, London, EC1M 6HJ
2026-10-02 12:38:52 INFO LEAD new: [Permitted] City/25/01523/MDC — Cripplegate House 1 Golden Lane London EC1Y 0RR
2026-10-02 12:38:52 INFO LEAD new: [Permitted] City/25/01528/PODC — Land Bounded By Charterhouse Street, Lindsey Street, Long La
2026-10-02 12:38:52 INFO LEAD new: [Permitted] City/25/01526/MDC — 68 Lombard Street London EC3V 9LJ
2026-10-02 12:38:52 INFO LEAD new: [Permitted] City/25/01524/MDC — Thavies Inn House 3 - 4 Holborn Circus London EC1N 2HA
2026-10-02 12:38:53 INFO LEAD new: [Permitted] City/25/01520/LDC — 14 New Bridge Street London EC4V 6AG
2026-10-02 12:38:53 INFO LEAD new: [Permitted] City/25/01515/NMA — Thavies Inn House 3 - 4 Holborn Circus London EC1N 2HA
2026-10-02 12:38:53 INFO LEAD new: [Permitted] City/25/01517/LBC — 335 High Holborn London WC1V 7PX
2026-10-02 12:38:53 INFO LEAD new: [Permitted] City/25/01518/ADVT — 335 High Holborn London WC1V 7PX
2026-10-02 12:38:54 INFO LEAD new: [Permitted] City/25/01508/LBC — The Baltic Exchange 38 St Mary Axe London EC3A 8EX
2026-10-02 12:38:54 INFO LEAD new: [Permitted] City/25/01506/FULL — Ibex House 42 - 47 Minories London EC3N 1DY
2026-10-02 12:38:54 INFO LEAD new: [Permitted] City/25/01507/LBC — Ibex House 42 - 47 Minories London EC3N 1DY
2026-10-02 12:38:54 INFO LEAD new: [Permitted] City/25/01502/LDC — The Baltic Exchange 38 St Mary Axe London EC3A 8EX
2026-10-02 12:38:54 INFO LEAD new: [Permitted] City/25/01504/LDC — The Baltic Exchange 38 St Mary Axe London EC3A 8EX
2026-10-02 12:38:55 INFO LEAD new: [Permitted] City/25/01505/MDC — The Baltic Exchange 38 St Mary Axe London EC3A 8EX
2026-10-02 12:38:55 INFO LEAD new: [Permitted] City/25/01503/MDC — The Baltic Exchange 38 St Mary Axe London EC3A 8EX
2026-10-02 12:38:55 INFO LEAD new: [Permitted] City/25/01500/TTT — Tideway Working Area Blackfriars Bridge Foreshore London Vic
2026-10-02 12:38:56 INFO LEAD new: [Permitted] City/25/01504/MDC — The Baltic Exchange 38 St Mary Axe London EC3A 8EX
2026-10-02 12:38:56 INFO LEAD new: [Permitted] City/25/01498/LDC — 80 Farringdon Street London EC4A 4BL
2026-10-02 12:38:56 INFO LEAD new: [Permitted] City/25/01497/MDC — 80 Farringdon Street London EC4A 4BL
2026-10-02 12:38:57 INFO LEAD new: [Permitted] City/25/01499/MDC — 1 Appold Street London EC2A 2UU
2026-10-02 12:38:57 INFO LEAD new: [Permitted] City/25/01514/5REG — 3 Lombard Street London EC3V 9AA
2026-10-02 12:38:57 INFO LEAD new: [Permitted] City/25/01495/LBC — Guildhall Building Structure Guildhall Yard London EC2V 7HH
2026-10-02 12:38:57 INFO LEAD new: [Permitted] City/25/01496/LBC — Retail Unit 32 Upper Concourse Liverpool Street Station Live
2026-10-02 12:38:57 INFO LEAD new: [Permitted] City/25/01486/NMA — 38 - 41 Houndsditch London EC3A 7DB
2026-10-02 12:38:57 INFO LEAD new: [Permitted] City/25/01494/PODC — Tenter House 45 Moorfields London EC2Y 9AE
2026-10-02 12:38:58 INFO LEAD new: [Permitted] City/25/01510/5REG — Telecommunications Mast New Bridge Street House 30 - 34 New 
2026-10-02 12:39:05 INFO [city-of-london/Permitted] page at offset 1000: 100 records
2026-10-02 12:39:05 INFO LEAD new: [Permitted] City/25/01491/LDC — 65 Fleet Street London EC4Y 1HT
2026-10-02 12:39:06 INFO LEAD new: [Permitted] City/25/01489/LDC — 65 Fleet Street London EC4Y 1HT
2026-10-02 12:39:07 INFO LEAD new: [Permitted] City/25/01490/LDC — 65 Fleet Street London EC4Y 1HT
2026-10-02 12:39:08 INFO LEAD new: [Permitted] City/25/01487/MDC — 65 Fleet Street London EC4Y 1HT
2026-10-02 12:39:08 INFO LEAD new: [Permitted] City/25/01484/FULL — Phoenix House 18 King William Street London EC4N 7BP
2026-10-02 12:39:09 INFO LEAD new: [Permitted] City/25/01478/LBC — Founders Hall 1 Cloth Fair London EC1A 7JQ
2026-10-02 12:39:10 INFO LEAD new: [Permitted] City/25/01465/LDC — 80 Farringdon Street London EC4A 4BL
2026-10-02 12:39:10 INFO LEAD new: [Permitted] City/25/01483/PODC — Tenter House 45 Moorfields London EC2Y 9AE
2026-10-02 12:39:11 INFO LEAD new: [Permitted] City/25/01461/LBC — 85 Andrewes House Barbican London EC2Y 8AY
2026-10-02 12:39:11 INFO LEAD new: [Permitted] City/25/01454/NMA — 6 - 11 Crescent London EC3N 2LY
2026-10-02 12:39:12 INFO LEAD new: [Permitted] City/25/01460/FULL — 3 - 6 Gracechurch Street London EC3V 0AT
2026-10-02 12:39:12 INFO LEAD new: [Permitted] City/25/01462/NMA — Thavies Inn House 3 - 4 Holborn Circus London EC1N 2HA
2026-10-02 12:39:13 INFO LEAD new: [Permitted] City/25/01453/NMA — 20 Black Friars Lane London EC4V 6EB
2026-10-02 12:39:13 INFO LEAD new: [Permitted] City/25/01459/PODC — 5 Chancery Lane London WC2A 1LG
2026-10-02 12:39:14 INFO LEAD new: [Permitted] City/25/01451/LDC — Mersey House And Daniel House 131 - 141 Fleet Street London 
2026-10-02 12:39:14 INFO LEAD new: [Permitted] City/25/01450/MDC — Mersey House And Daniel House 131 - 141 Fleet Street London 
2026-10-02 12:39:15 INFO LEAD new: [Permitted] City/25/01475/5REG — 36 - 37 Old Jewry London EC2R 8DD
2026-10-02 12:39:15 INFO LEAD new: [Permitted] City/25/01449/LBC — Mersey House And Daniel House 131 - 141 Fleet Street London 
2026-10-02 12:39:15 INFO LEAD new: [Permitted] City/25/01448/ADVT — Mersey House And Daniel House 131 - 141 Fleet Street London 
2026-10-02 12:39:15 INFO LEAD new: [Permitted] City/25/01452/LDC — 80 Farringdon Street London EC4A 4BL
2026-10-02 12:39:16 INFO LEAD new: [Permitted] City/25/01471/5REG — 5 Moor Lane London EC2Y 9BA
2026-10-02 12:39:16 INFO LEAD new: [Permitted] City/25/01442/MDC — Land Bound By Fenchurch Street, Mark Lane, Dunster Court And
2026-10-02 12:39:16 INFO LEAD new: [Permitted] City/25/01439/LBC — 1 Knightrider Court London EC4V 5BJ
2026-10-02 12:39:16 INFO LEAD new: [Permitted] City/25/01440/MDC — Land Bound By Fenchurch Street, Mark Lane, Dunster Court And
2026-10-02 12:39:16 INFO LEAD new: [Permitted] City/25/01474/LBC — Bevis Marks Synagogue Bevis Marks London EC3A 7LH
2026-10-02 12:39:16 INFO LEAD new: [Permitted] City/25/01441/FULL — 1 George Yard London EC3V 9DF
2026-10-02 12:39:16 INFO LEAD new: [Permitted] City/25/01438/LBC — Daniel House And Mersey House (Former Daily Telegraph Buildi
2026-10-02 12:39:16 INFO LEAD new: [Permitted] City/25/01455/OBS — Land Bounded By Wandsworth Road, Parry Street, Bondway, Mile
2026-10-02 12:39:16 INFO LEAD new: [Permitted] City/25/01437/ADVT — Bevis Marks Synagogue Bevis Marks London EC3A 7LH
2026-10-02 12:39:17 INFO LEAD new: [Permitted] City/25/01436/LDC — Poultry Market And General Market And The Annexe Buildings W
2026-10-02 12:39:17 INFO LEAD new: [Permitted] City/25/01425/ADVT — 1 Broadgate London EC2M 2QS
2026-10-02 12:39:17 INFO LEAD new: [Permitted] City/25/01430/OBS — 194 Fleet Street,London,EC4A 2LT
2026-10-02 12:39:17 INFO LEAD new: [Permitted] City/25/01429/PODC — 60 Gracechurch Street London EC3V 0HR
2026-10-02 12:39:17 INFO LEAD new: [Permitted] City/25/01423/NMA — 160 Queen Victoria Street London EC4V 4BF
2026-10-02 12:39:17 INFO LEAD new: [Permitted] City/25/01444/OBS — London College of Printing And Graphic Art, Elephant And Cas
2026-10-02 12:39:17 INFO LEAD new: [Permitted] City/25/01428/LDC — The Baltic Exchange 38 St Mary Axe London EC3A 8EX
2026-10-02 12:39:17 INFO LEAD new: [Permitted] City/25/01426/MDC — 65 Fleet Street London EC4Y 1HT
2026-10-02 12:39:17 INFO LEAD new: [Permitted] City/25/01424/5REG — 3RD FLOOR SERVER/COMMS ROOM Dixon House 1 Lloyd's Avenue Lon
2026-10-02 12:39:18 INFO LEAD new: [Permitted] City/25/01418/NMA — 71 Fenchurch Street London EC3M 4BR
2026-10-02 12:39:18 INFO LEAD new: [Permitted] City/25/01416/MDC — Princes Court 7 Prince's Street London EC2R 8AQ
2026-10-02 12:39:18 INFO LEAD new: [Permitted] City/25/01417/MDC — Princes Court 7 Prince's Street London EC2R 8AQ
2026-10-02 12:39:18 INFO LEAD new: [Permitted] City/25/01415/MDC — Princes Court 7 Prince's Street London EC2R 8AQ
2026-10-02 12:39:18 INFO LEAD new: [Permitted] City/25/01419/LBC — 71 Fenchurch Street London EC3M 4BR
2026-10-02 12:39:18 INFO LEAD new: [Permitted] City/25/01422/DPAR — 4 Lindsey Street London EC1A 9HP
2026-10-02 12:39:18 INFO LEAD new: [Permitted] City/25/01420/MDC — 11 Pilgrim Street London EC4V 6RN
2026-10-02 12:39:18 INFO LEAD new: [Permitted] City/25/01414/MDC — Princes Court 7 Prince's Street London EC2R 8AQ
2026-10-02 12:39:19 INFO LEAD new: [Permitted] City/25/01412/MDC — 5 Chancery Lane London WC2A 1LG
2026-10-02 12:39:19 INFO LEAD new: [Permitted] City/25/01411/LBC — 520 Bunyan Court Barbican London EC2Y 8DH
2026-10-02 12:39:19 INFO LEAD new: [Permitted] City/25/01413/MDC — Leadenhall Court 1 Leadenhall Street London EC3V 1PP
2026-10-02 12:39:19 INFO LEAD new: [Permitted] City/25/01403/NMA — 150 Aldersgate Street 3-4 Bartholomew Place London EC1A
2026-10-02 12:39:19 INFO LEAD new: [Permitted] City/25/01402/MDC — The Bank of England Threadneedle Street London EC2R 8AH
2026-10-02 12:39:19 INFO LEAD new: [Permitted] City/25/01401/MDC — 9 Newbury Street London EC1A 7HU
2026-10-02 12:39:19 INFO LEAD new: [Permitted] City/25/01405/5REG — 59 Broadgate Link Lower Concourse Liverpool Street Station L
2026-10-02 12:39:19 INFO LEAD new: [Permitted] City/25/01389/MDC — Thavies Inn House 3 - 4 Holborn Circus London EC1N 2HA
2026-10-02 12:39:19 INFO LEAD new: [Permitted] City/25/01390/MDC — Daniel House And Mersey House (Former Daily Telegraph Buildi
2026-10-02 12:39:20 INFO LEAD new: [Permitted] City/25/01392/LDC — The Bank of England Threadneedle Street London EC2R 8AH
2026-10-02 12:39:20 INFO LEAD new: [Permitted] City/25/01400/MDC — 1 Exchange Square London EC2A 2JN
2026-10-02 12:39:20 INFO LEAD new: [Permitted] City/25/01387/FULL — 60 Gresham Street London EC2V 7BB
2026-10-02 12:39:20 INFO LEAD new: [Permitted] City/25/01396/ADVT — Bank of England Museum Bartholomew Lane London EC2R 8AH
2026-10-02 12:39:21 INFO LEAD new: [Permitted] City/25/01394/FULL — 17 Godliman Street London EC4V 5BD
2026-10-02 12:39:21 INFO LEAD new: [Permitted] City/25/01395/LBC — Bank of England Museum Bartholomew Lane London EC2R 8AH
2026-10-02 12:39:21 INFO LEAD new: [Permitted] City/25/01385/MDC — 5 Chancery Lane London WC2A 1LG
2026-10-02 12:39:21 INFO LEAD new: [Permitted] City/25/01380/FULL — 33 Old Broad Street London EC2N 1HW
2026-10-02 12:39:21 INFO LEAD new: [Permitted] City/25/01404/PODC — 60 Queen Victoria Street London EC4N 4TZ
2026-10-02 12:39:22 INFO LEAD new: [Permitted] City/25/01406/OBS — Site Bounded By Worship Street, Curtain Road, Scrutton Stree
2026-10-02 12:39:22 INFO LEAD new: [Permitted] City/25/01381/FULL — 29 Clement's Lane London EC4N 7AE
2026-10-02 12:39:22 INFO LEAD new: [Permitted] City/25/01382/MDC — 14 New Bridge Street London EC4V 6AG
2026-10-02 12:39:22 INFO LEAD new: [Permitted] City/25/01370/MDC — 80 Farringdon Street London EC4A 4BL
2026-10-02 12:39:22 INFO LEAD new: [Permitted] City/25/01371/FULL — 27 - 28 Newbury Street London EC1A 7HU
2026-10-02 12:39:22 INFO LEAD new: [Permitted] City/25/01373/MDC — Thavies Inn House 3 - 4 Holborn Circus London EC1N 2HA
2026-10-02 12:39:22 INFO LEAD new: [Permitted] City/25/01367/FULL — Carpmael Building Middle Temple Lane London EC4Y 7AT
2026-10-02 12:39:22 INFO LEAD new: [Permitted] City/25/01368/ADVT — Unit 3 Plantation Place 30 Fenchurch Street London EC3M 3BD
2026-10-02 12:39:23 INFO LEAD new: [Permitted] City/25/01361/NMA — 1 Appold Street London EC2A 2UU
2026-10-02 12:39:23 INFO LEAD new: [Permitted] City/25/01360/LDC — Golden Lane Leisure Centre Golden Lane Estate London EC1Y 0S
2026-10-02 12:39:23 INFO LEAD new: [Permitted] City/25/01374/5REG — Pavement O/S 31 Eldon Street London EC2M 7LA
2026-10-02 12:39:23 INFO LEAD new: [Permitted] City/25/01377/5REG — 1 Bartholomew Lane London EC2N 2AX
2026-10-02 12:39:23 INFO LEAD new: [Permitted] City/25/01366/PODC — Allianz House 60 Gracechurch Street London EC3V 0HR
2026-10-02 12:39:23 INFO LEAD new: [Permitted] City/25/01356/NMA — 83 - 87 Gracechurch Street London EC3V 0AA
2026-10-02 12:39:23 INFO LEAD new: [Permitted] City/25/01386/PODC — Allianz House 60 Gracechurch Street London EC3V 0HR
2026-10-02 12:39:23 INFO LEAD new: [Permitted] City/25/01358/CLEUD — 2 Burgon Street London EC4V 5DR
2026-10-02 12:39:23 INFO LEAD new: [Permitted] City/25/01357/MDC — Thavies Inn House 3 - 4 Holborn Circus London EC1N 2HA
2026-10-02 12:39:24 INFO LEAD new: [Permitted] City/25/01351/ADVT — 19 - 21 Great Tower Street London EC3R 5AR
2026-10-02 12:39:24 INFO LEAD new: [Permitted] City/25/01350/ADVT — 170 Fleet Street London EC4A 2EA
2026-10-02 12:39:24 INFO LEAD new: [Permitted] City/25/01343/MDC — 65 Fleet Street London
2026-10-02 12:39:24 INFO LEAD new: [Permitted] City/25/01345/MDC — 65 Fleet Street London
2026-10-02 12:39:24 INFO LEAD new: [Permitted] City/25/01355/LBC — 313 Lauderdale Tower Barbican London EC2Y 8NA
2026-10-02 12:39:24 INFO LEAD new: [Permitted] City/25/01354/MDC — Peterborough Court 141 Fleet Street London EC4A 2BB
2026-10-02 12:39:24 INFO LEAD new: [Permitted] City/25/01352/MDC — 150 - 152 Fenchurch Street London EC3M 6BB
2026-10-02 12:39:25 INFO LEAD new: [Permitted] City/25/01340/MDC — 80 Farringdon Street London EC4A 4BL
2026-10-02 12:39:25 INFO LEAD new: [Permitted] City/25/01339/FULL — 2 Plowden Buildings Middle Temple Lane London EC4Y 9BU
2026-10-02 12:39:25 INFO LEAD new: [Permitted] City/25/01338/FULL — 7 Devonshire Square London EC2M 4YH
2026-10-02 12:39:25 INFO LEAD new: [Permitted] City/25/01363/5REG — 37 Old Jewry London EC2R 8DD
2026-10-02 12:39:25 INFO LEAD new: [Permitted] City/25/01519/PODC — Leadenhall Court 1 Leadenhall Street London EC3V 1PP
2026-10-02 12:39:25 INFO LEAD new: [Permitted] City/25/01327/MDC — 1 New Change London EC4M 9AF
2026-10-02 12:39:26 INFO LEAD new: [Permitted] City/25/01324/FULL — 81 Newgate Street London EC1A 7AJ
2026-10-02 12:39:26 INFO LEAD new: [Permitted] City/25/01325/LDC — 7 - 8 Bishopsgate Churchyard London EC2M 3TJ
2026-10-02 12:39:26 INFO LEAD new: [Permitted] City/25/01335/PODC — Leadenhall Court 1 Leadenhall Street London EC3V 1PP
2026-10-02 12:39:27 INFO LEAD new: [Permitted] City/25/01326/MDC — 38 Chancery Lane London WC2A 1EN
2026-10-02 12:39:28 INFO LEAD new: [Permitted] City/25/01334/PODC — Thavies Inn House 3 - 4 Holborn Circus London EC1N 2HA
2026-10-02 12:39:34 INFO [city-of-london/Permitted] page at offset 1100: 100 records
2026-10-02 12:39:34 INFO LEAD new: [Permitted] City/25/01349/OBS — Morrison Flats North, 35A Commercial Road, London
2026-10-02 12:39:35 INFO LEAD new: [Permitted] City/25/01323/MDC — 4 - 5 Devonshire Square London City of London EC2M 4YE
2026-10-02 12:39:35 INFO LEAD new: [Permitted] City/25/01322/LBC — The Old Deanery Dean's Court London EC4V 5AA
2026-10-02 12:39:36 INFO LEAD new: [Permitted] City/25/01321/FULL — The Old Deanery Dean's Court London EC4V 5AA
2026-10-02 12:39:37 INFO LEAD new: [Permitted] City/25/01318/NMA — Snow Hill Police Station 5 Snow Hill London EC1A 2DP
2026-10-02 12:39:37 INFO LEAD new: [Permitted] City/25/01319/MDC — Snow Hill Police Station 5 Snow Hill London EC1A 2DP
2026-10-02 12:39:38 INFO LEAD new: [Permitted] City/25/01309/MDC — 15 - 17 Black Friars Lane London EC4V 6ER
2026-10-02 12:39:39 INFO LEAD new: [Permitted] City/25/01303/ADVT — 39 Eastcheap London EC3M 1DT
2026-10-02 12:39:39 INFO LEAD new: [Permitted] City/25/01304/LBC — Snow Hill Police Station 5 Snow Hill London EC1A 2DP
2026-10-02 12:39:39 INFO LEAD new: [Permitted] City/25/01306/LDC — Snow Hill Police Station 5 Snow Hill London EC1A 2DP
2026-10-02 12:39:40 INFO LEAD new: [Permitted] City/25/01305/LDC — Snow Hill Police Station 5 Snow Hill London EC1A 2DP
2026-10-02 12:39:40 INFO LEAD new: [Permitted] City/25/01311/FULL — Irongate House 22 - 30 Dukes Place London EC3A 7LP
2026-10-02 12:39:40 INFO LEAD new: [Permitted] City/25/01310/MDC — 15 - 17 Black Friars Lane London EC4V 6ER
2026-10-02 12:39:40 INFO LEAD new: [Permitted] City/25/01300/MDC — Chartered Accountants Hall Moorgate Place London EC2R 6EA
2026-10-02 12:39:40 INFO LEAD new: [Permitted] City/25/01308/5REG — Peterborough Court 133 Fleet Street London EC4A 2BB
2026-10-02 12:39:40 INFO LEAD new: [Permitted] City/25/01294/MDC — 20 Giltspur Street London EC1A 9DD
2026-10-02 12:39:40 INFO LEAD new: [Permitted] City/25/01307/OBS — Calcutta House Old Castle Street London E1 7NT
2026-10-02 12:39:41 INFO LEAD new: [Permitted] City/25/01296/LDC — Chartered Accountants Hall Moorgate Place London EC2R 6EA
2026-10-02 12:39:41 INFO LEAD new: [Permitted] City/25/01295/FULL — Corner of Limeburner Lane And Ludgate Hill London EC4M 7AX
2026-10-02 12:39:41 INFO LEAD new: [Permitted] City/25/01289/PODC — 1 Appold Street London EC2A 2UU
2026-10-02 12:39:41 INFO LEAD new: [Permitted] City/25/01290/LBC — 117 Cannon Street London EC4N 5AX
2026-10-02 12:39:41 INFO LEAD new: [Permitted] City/25/01291/MDC — 1 Appold Street London EC2A 2UU
2026-10-02 12:39:41 INFO LEAD new: [Permitted] City/25/01301/5REG — 3 Lombard Street London EC3V 9AA
2026-10-02 12:39:41 INFO LEAD new: [Permitted] City/25/01283/MDC — Snow Hill Police Station 5 Snow Hill London EC1A 2DP
2026-10-02 12:39:41 INFO LEAD new: [Permitted] City/25/01287/ADVT — 117 Cannon Street London EC4N 5AX
2026-10-02 12:39:42 INFO LEAD new: [Permitted] City/25/01280/MDC — Thavies Inn House 3 - 4 Holborn Circus London EC1N 2HA
2026-10-02 12:39:42 INFO LEAD new: [Permitted] City/25/01281/MDC — Thavies Inn House 3 - 4 Holborn Circus London EC1N 2HA
2026-10-02 12:39:42 INFO LEAD new: [Permitted] City/25/01286/FULL — 128 Queen Victoria Street London EC4V 4BJ
2026-10-02 12:39:42 INFO LEAD new: [Permitted] City/25/01282/MDC — Thavies Inn House 3 - 4 Holborn Circus London EC1N 2HA
2026-10-02 12:39:42 INFO LEAD new: [Permitted] City/25/01278/MDC — 61 - 65 Holborn Viaduct London EC1A 2FD
2026-10-02 12:39:42 INFO LEAD new: [Permitted] City/25/01274/FULL — 1 Old Jewry London EC2R 8DN
2026-10-02 12:39:42 INFO LEAD new: [Permitted] City/25/01277/PODC — 20 Giltspur Street London EC1A 9DD
2026-10-02 12:39:42 INFO LEAD new: [Permitted] City/25/01273/LBC — Simpsons Tavern 38 And A Half Cornhill London EC3V 9DR
2026-10-02 12:39:42 INFO LEAD new: [Permitted] City/25/01279/OBS — TOWER HILL GARDEN Tower Hill
2026-10-02 12:39:43 INFO LEAD new: [Permitted] City/25/01272/MDC — 81 Newgate Street London EC1A 7AJ
2026-10-02 12:39:43 INFO LEAD new: [Permitted] City/25/01262/LDC — Daniel House And Mersey House (Former Daily Telegraph Buildi
2026-10-02 12:39:43 INFO LEAD new: [Permitted] City/25/01267/MDC — 81 Newgate Street London EC1A 7AJ
2026-10-02 12:39:44 INFO LEAD new: [Permitted] City/25/01269/MDC — Daniel House And Mersey House (Former Daily Telegraph Buildi
2026-10-02 12:39:44 INFO LEAD new: [Permitted] City/25/01268/NMA — 5 - 10 Great Tower Street London EC3R 5AA
2026-10-02 12:39:44 INFO LEAD new: [Permitted] City/25/01258/FULLR3 — Waste Transfer Facility Walbrook Wharf 79 - 83 Upper Thames 
2026-10-02 12:39:44 INFO LEAD new: [Permitted] City/25/01258/FULL — Waste Transfer Facility Walbrook Wharf 79 - 83 Upper Thames 
2026-10-02 12:39:44 INFO LEAD new: [Permitted] City/25/01257/MDC — Snow Hill Police Station 5 Snow Hill London EC1A 2DP
2026-10-02 12:39:44 INFO LEAD new: [Permitted] City/25/01248/ADVT — Lloyds Chambers 1 Portsoken Street London E1 8BT
2026-10-02 12:39:44 INFO LEAD new: [Permitted] City/25/01256/LBC — Bishopsgate Institute 230 Bishopsgate London EC2M 4QH
2026-10-02 12:39:44 INFO LEAD new: [Permitted] City/25/01254/CLOPD — Lloyds Chambers 1 Portsoken Street London E1 8BT
2026-10-02 12:39:45 INFO LEAD new: [Permitted] City/25/01250/LDC — 15 - 17 Black Friars Lane London EC4V 6ER
2026-10-02 12:39:45 INFO LEAD new: [Permitted] City/25/01253/LDC — 15 - 17 Black Friars Lane London EC4V 6ER
2026-10-02 12:39:45 INFO LEAD new: [Permitted] City/25/01251/LDC — 15 - 17 Black Friars Lane London EC4V 6ER
2026-10-02 12:39:45 INFO LEAD new: [Permitted] City/25/01252/LDC — 15 - 17 Black Friars Lane London EC4V 6ER
2026-10-02 12:39:45 INFO LEAD new: [Permitted] City/25/01255/FULL — Bishopsgate Institute 230 Bishopsgate London EC2M 4QH
2026-10-02 12:39:45 INFO LEAD new: [Permitted] City/25/01246/ADVT — 100 Liverpool Street London EC2M 2AT
2026-10-02 12:39:45 INFO LEAD new: [Permitted] City/25/01245/FULL — London Stock Exchange 10 Paternoster Square London EC4M 7DY
2026-10-02 12:39:45 INFO LEAD new: [Permitted] City/25/01243/MDC — Land Bounded By Fleet Street, Salisbury Court, Salisbury Squ
2026-10-02 12:39:45 INFO LEAD new: [Permitted] City/25/01244/FULL — The Guild Church of St Mary Abchurch Abchurch Yard London EC
2026-10-02 12:39:46 INFO LEAD new: [Permitted] City/25/01242/MDC — 100 New Bridge Street London EC4V 6JA
2026-10-02 12:39:46 INFO LEAD new: [Permitted] City/25/01241/PODC — Allianz House 60 Gracechurch Street London EC3V 0HR
2026-10-02 12:39:46 INFO LEAD new: [Permitted] City/25/01239/PODC — Allianz House 60 Gracechurch Street London EC3V 0HR
2026-10-02 12:39:47 INFO LEAD new: [Permitted] City/25/01240/LBC — 6 Lloyd's Avenue London EC3N 3AX
2026-10-02 12:39:47 INFO LEAD new: [Permitted] City/25/01227/LBC — 263 Shakespeare Tower Barbican London EC2Y 8DR
2026-10-02 12:39:48 INFO LEAD new: [Permitted] City/25/01231/MDC — 20 Giltspur Street London EC1A 9DD
2026-10-02 12:39:49 INFO LEAD new: [Permitted] City/25/01228/MDC — Daniel House And Mersey House (Former Daily Telegraph Buildi
2026-10-02 12:39:49 INFO LEAD new: [Permitted] City/25/01232/MDC — 178 Bishopsgate London EC2M 4NQ
2026-10-02 12:39:49 INFO LEAD new: [Permitted] City/25/01229/FULL — Snow Hill Police Station 5 Snow Hill London EC1A 2DP
2026-10-02 12:39:49 INFO LEAD new: [Permitted] City/25/01230/LBC — Snow Hill Police Station 5 Snow Hill London EC1A 2DP
2026-10-02 12:39:50 INFO LEAD new: [Permitted] City/25/01236/LBC — 709 Frobisher Crescent London EC2Y 8HD
2026-10-02 12:39:50 INFO LEAD new: [Permitted] City/25/01235/LBC — 5 Pump Court Middle Temple London EC4Y 7AP
2026-10-02 12:39:50 INFO LEAD new: [Permitted] City/25/01233/MDC — 178 Bishopsgate London EC2M 4NQ
2026-10-02 12:39:50 INFO LEAD new: [Permitted] City/25/01234/FULL — 5 Pump Court Middle Temple London EC4Y 7AP
2026-10-02 12:39:50 INFO LEAD new: [Permitted] City/25/01225/LDC — Daniel House And Mersey House (Former Daily Telegraph Buildi
2026-10-02 12:39:50 INFO LEAD new: [Permitted] City/25/01224/MDC — City of London School 107 Queen Victoria Street London EC4V 
2026-10-02 12:39:51 INFO LEAD new: [Permitted] City/25/01223/ADVT — 110 Cannon Street London EC4N 6EU
2026-10-02 12:39:51 INFO LEAD new: [Permitted] City/25/01222/FULL — 2 Burgon Street London EC4V 5DR
2026-10-02 12:39:51 INFO LEAD new: [Permitted] City/25/01226/FULL — 1 Goodman's Yard London E1 8AT
2026-10-02 12:39:51 INFO LEAD new: [Permitted] City/25/01219/MDC — Land Bounded By Fleet Street, Salisbury Court, Salisbury Squ
2026-10-02 12:39:51 INFO LEAD new: [Permitted] City/25/01221/LBC — West Market Building London Central Markets London EC1A 9PS
2026-10-02 12:39:51 INFO LEAD new: [Permitted] City/25/01218/MDC — Land Bounded By Fleet Street, Salisbury Court, Salisbury Squ
2026-10-02 12:39:51 INFO LEAD new: [Permitted] City/25/01220/MDC — Land Bounded By Fleet Street, Salisbury Court, Salisbury Squ
2026-10-02 12:39:52 INFO LEAD new: [Permitted] City/25/01208/MDC — St Brides House 10 Salisbury Square London EC4Y 8EH
2026-10-02 12:39:52 INFO LEAD new: [Permitted] City/25/01215/FULL — Aldersgate House 135 - 137 Aldersgate Street London EC1A 4JA
2026-10-02 12:39:52 INFO LEAD new: [Permitted] City/25/01213/MDC — Snow Hill Police Station 5 Snow Hill London EC1A 2DP
2026-10-02 12:39:52 INFO LEAD new: [Permitted] City/25/01217/DPAR — 15 Fetter Lane London EC4A 1BW
2026-10-02 12:39:52 INFO LEAD new: [Permitted] City/25/01209/MDC — St Brides House 10 Salisbury Square London EC4Y 8EH
2026-10-02 12:39:52 INFO LEAD new: [Permitted] City/25/01214/MDC — Snow Hill Police Station 5 Snow Hill London EC1A 2DP
2026-10-02 12:39:52 INFO LEAD new: [Permitted] City/25/01204/MDC — 40 Holborn Viaduct London EC1N 2PB
2026-10-02 12:39:53 INFO LEAD new: [Permitted] City/25/01207/MDC — 61 - 65 Holborn Viaduct London EC1A 2FD
2026-10-02 12:39:53 INFO LEAD new: [Permitted] City/25/01203/FULL — St Paul's House 8 - 12 Warwick Lane London EC4M 7BP
2026-10-02 12:39:53 INFO LEAD new: [Permitted] City/25/01205/FULL — Lord Mayors Residence The Mansion House Mansion House Street
2026-10-02 12:39:53 INFO LEAD new: [Permitted] City/25/01206/LBC — Lord Mayors Residence The Mansion House Mansion House Street
2026-10-02 12:39:53 INFO LEAD new: [Permitted] City/25/01198/LDC — The Ned Hotel 27 Poultry London EC2R 8AJ
2026-10-02 12:39:53 INFO LEAD new: [Permitted] City/25/01197/LDC — The Ned Hotel 27 Poultry London EC2R 8AJ
2026-10-02 12:39:53 INFO LEAD new: [Permitted] City/25/01202/LBC — 605 Gilbert House Barbican London EC2Y 8BD
2026-10-02 12:39:53 INFO LEAD new: [Permitted] City/21/00272/FULMAJ/DOV — 1-5 London Wall Buildings London Wall London EC2M 5PG
2026-10-02 12:39:54 INFO LEAD new: [Permitted] City/25/01199/MDC — 62 Fleet Street London EC4Y 1JU
2026-10-02 12:39:54 INFO LEAD new: [Permitted] City/25/01210/PODC — 65 Gresham Street London EC2V 7NQ
2026-10-02 12:39:55 INFO LEAD new: [Permitted] City/25/01201/MDC — The Ned Hotel 27 Poultry London EC2R 8AJ
2026-10-02 12:39:55 INFO LEAD new: [Permitted] City/25/01184/MDC — Allianz House 60 Gracechurch Street London EC3V 0HR
2026-10-02 12:39:55 INFO LEAD new: [Permitted] City/25/01187/LBC — 253 Lauderdale Tower Barbican London EC2Y 8BY
2026-10-02 12:39:55 INFO LEAD new: [Permitted] City/25/01186/MDC — 2-3 Finsbury Avenue London EC2M 2PF
2026-10-02 12:39:55 INFO LEAD new: [Permitted] City/25/01191/CLOPD — Fleet Place House 2 Fleet Place London EC4M 7RF
2026-10-02 12:39:56 INFO LEAD new: [Permitted] City/25/01189/MDC — 1 Appold Street London EC2A 2UU
2026-10-02 12:40:02 INFO [city-of-london/Permitted] page at offset 1200: 100 records
2026-10-02 12:40:03 INFO LEAD new: [Permitted] City/25/01188/MDC — 10-16 Bevis Marks London EC3A 7LH
2026-10-02 12:40:04 INFO LEAD new: [Permitted] City/25/01183/MDC — Allianz House 60 Gracechurch Street London EC3V 0HR
2026-10-02 12:40:04 INFO LEAD new: [Permitted] City/25/01179/FULL — Warwick Court 5 Paternoster Square London EC4M 7DX
2026-10-02 12:40:05 INFO LEAD new: [Permitted] City/25/01177/MDC — 115 - 123 Houndsditch London EC3A 7BU
2026-10-02 12:40:05 INFO LEAD new: [Permitted] City/25/01178/PODC — Allianz House 60 Gracechurch Street London EC3V 0HR
2026-10-02 12:40:06 INFO LEAD new: [Permitted] City/25/01193/PODC — Leadenhall Court 1 Leadenhall Street London EC3V 1PP
2026-10-02 12:40:07 INFO LEAD new: [Permitted] City/25/01173/MDC — 40 Holborn Viaduct London EC1N 2PB
2026-10-02 12:40:07 INFO LEAD new: [Permitted] City/25/01216/PODC — Allianz House 60 Gracechurch Street London EC3V 0HR
2026-10-02 12:40:08 INFO LEAD new: [Permitted] City/25/01175/MDC — 1 Appold Street London EC2A 2UU
2026-10-02 12:40:08 INFO LEAD new: [Permitted] City/25/01174/FULL — 75 King William Street London EC4N 7BE
2026-10-02 12:40:08 INFO LEAD new: [Permitted] City/25/01171/MDC — 1 Appold Street London EC2A 2UU
2026-10-02 12:40:08 INFO LEAD new: [Permitted] City/25/01157/MDC — Poultry Market And General Market And The Annexe Buildings W
2026-10-02 12:40:08 INFO LEAD new: [Permitted] City/25/01165/OBS — 120 Holborn London Camden EC1N 2TD
2026-10-02 12:40:08 INFO LEAD new: [Permitted] City/25/01167/MDC — Livery Hall Dyers Hall 10 Dowgate Hill London EC4R 2ST
2026-10-02 12:40:08 INFO LEAD new: [Permitted] City/25/01159/MDC — 115 - 123 Houndsditch London EC3A 7BU
2026-10-02 12:40:09 INFO LEAD new: [Permitted] City/25/01158/MDC — 115 - 123 Houndsditch London EC3A 7BU
2026-10-02 12:40:09 INFO LEAD new: [Permitted] City/25/01170/MDC — Newbury House 10 - 13 Newbury Street London EC1A 7HU
2026-10-02 12:40:09 INFO LEAD new: [Permitted] City/25/01161/MDC — 7 Devonshire Square London EC2M 4YH
2026-10-02 12:40:09 INFO LEAD new: [Permitted] City/25/01166/FULL — 200 Aldersgate Street London EC1A 4HD
2026-10-02 12:40:09 INFO LEAD new: [Permitted] City/25/01160/MDC — 115 - 123 Houndsditch London EC3A 7BU
2026-10-02 12:40:09 INFO LEAD new: [Permitted] City/25/01156/MDC — Poultry Market And General Market And The Annexe Buildings W
2026-10-02 12:40:09 INFO LEAD new: [Permitted] City/25/01169/MDC — 10 Fleet Place London EC4M 7RB
2026-10-02 12:40:09 INFO LEAD new: [Permitted] City/25/01168/MDC — 112 - 114 Houndsditch London EC3A 7BD
2026-10-02 12:40:10 INFO LEAD new: [Permitted] City/25/01148/MDC — 115 - 123 Houndsditch London EC3A 7BU
2026-10-02 12:40:10 INFO LEAD new: [Permitted] City/25/01147/ADVT — 75 London Wall London EC2M 5ND
2026-10-02 12:40:10 INFO LEAD new: [Permitted] City/25/01149/MDC — 115 - 123 Houndsditch London EC3A 7BU
2026-10-02 12:40:10 INFO LEAD new: [Permitted] City/25/01152/MDC — Alban Gate 125 - 130 London Wall London EC2
2026-10-02 12:40:10 INFO LEAD new: [Permitted] City/25/01155/MDC — 115 - 123 Houndsditch London EC3A 7BU
2026-10-02 12:40:10 INFO LEAD new: [Permitted] City/25/01154/MDC — 115 - 123 Houndsditch London EC3A 7BU
2026-10-02 12:40:10 INFO LEAD new: [Permitted] City/25/01153/MDC — 115 - 123 Houndsditch London EC3A 7BU
2026-10-02 12:40:10 INFO LEAD new: [Permitted] City/25/01151/MDC — 115 - 123 Houndsditch London EC3A 7BU
2026-10-02 12:40:10 INFO LEAD new: [Permitted] City/25/01140/FULL — Guildhall North Block Basinghall Street London EC2P 2EJ
2026-10-02 12:40:11 INFO LEAD new: [Permitted] City/25/01138/MDC — 112 - 114 Houndsditch London EC3A 7BD
2026-10-02 12:40:11 INFO LEAD new: [Permitted] City/25/01140/FULLR3 — Guildhall North Block Basinghall Street London EC2P 2EJ
2026-10-02 12:40:11 INFO LEAD new: [Permitted] City/25/01134/MDC — Leadenhall Court 1 Leadenhall Street London EC3V 1PP
2026-10-02 12:40:11 INFO LEAD new: [Permitted] City/25/01131/FULL — Livery Hall Dyers Hall 10 Dowgate Hill London EC4R 2ST
2026-10-02 12:40:12 INFO LEAD new: [Permitted] City/25/01144/MDC — 115 - 123 Houndsditch London EC3A 7BU
2026-10-02 12:40:12 INFO LEAD new: [Permitted] City/25/01132/LBC — Livery Hall Dyers Hall 10 Dowgate Hill London EC4R 2ST
2026-10-02 12:40:12 INFO LEAD new: [Permitted] City/25/01143/MDC — 115 - 123 Houndsditch London EC3A 7BU
2026-10-02 12:40:12 INFO LEAD new: [Permitted] City/25/01133/MDC — 85 Gracechurch Street London EC3V 0AA
2026-10-02 12:40:12 INFO LEAD new: [Permitted] City/25/01142/MDC — 115 - 123 Houndsditch London EC3A 7BU
2026-10-02 12:40:12 INFO LEAD new: [Permitted] City/25/01145/MDC — 115 - 123 Houndsditch London EC3A 7BU
2026-10-02 12:40:12 INFO LEAD new: [Permitted] City/25/01141/MDC — 115 - 123 Houndsditch London EC3A 7BU
2026-10-02 12:40:12 INFO LEAD new: [Permitted] City/25/01137/MDC — 112 - 114 Houndsditch London EC3A 7BD
2026-10-02 12:40:12 INFO LEAD new: [Permitted] City/25/01127/FULL — 41 Moorgate London EC2R 6PP
2026-10-02 12:40:13 INFO LEAD new: [Permitted] City/25/01130/TTT — Tideway Working Area Blackfriars Bridge Foreshore London Vic
2026-10-02 12:40:13 INFO LEAD new: [Permitted] City/25/01128/TTT — Tideway Working Area Blackfriars Bridge Foreshore London Vic
2026-10-02 12:40:13 INFO LEAD new: [Permitted] City/25/01129/FULL — Blackfriars Railway Bridge Puddle Dock London
2026-10-02 12:40:13 INFO LEAD new: [Permitted] City/25/01124/FULL — 1 - 3 St Paul's Churchyard London EC4M 8AP
2026-10-02 12:40:13 INFO LEAD new: [Permitted] City/25/01123/LBC — 21 Whitefriars Street London EC4Y 8JJ
2026-10-02 12:40:13 INFO LEAD new: [Permitted] City/25/01122/FULMAJ — 21 Whitefriars Street London EC4Y 8JJ
2026-10-02 12:40:13 INFO LEAD new: [Permitted] City/25/01176/LDC — Snow Hill Police Station 5 Snow Hill London EC1A 2DP
2026-10-02 12:40:13 INFO LEAD new: [Permitted] City/25/01116/MDC — Snow Hill Police Station 5 Snow Hill London EC1A 2DP
2026-10-02 12:40:13 INFO LEAD new: [Permitted] City/25/01114/MDC — 101 Moorgate London EC2M 6SA
2026-10-02 12:40:14 INFO LEAD new: [Permitted] City/25/01112/MDC — 155 Bishopsgate London EC2M 3TQ
2026-10-02 12:40:14 INFO LEAD new: [Permitted] City/25/01115/NMA — Exchequer Court 33 St Mary Axe London EC3A 8AA
2026-10-02 12:40:14 INFO LEAD new: [Permitted] City/25/01126/5REG — 14 Austin Friars London EC2N 2HE
2026-10-02 12:40:14 INFO LEAD new: [Permitted] City/25/01120/NMA — 85 Gracechurch Street London EC3V 0AA
2026-10-02 12:40:14 INFO LEAD new: [Permitted] City/25/01107/MDC — 40 Holborn Viaduct London EC1N 2PB
2026-10-02 12:40:15 INFO LEAD new: [Permitted] City/25/01109/MDC — 155 Bishopsgate London EC2M 3TQ
2026-10-02 12:40:15 INFO LEAD new: [Permitted] City/25/01110/MDC — 60 Queen Victoria Street London EC4N 4TZ
2026-10-02 12:40:15 INFO LEAD new: [Permitted] City/25/01108/LDC — The Baltic Exchange 38 St Mary Axe London EC3A 8EX
2026-10-02 12:40:15 INFO LEAD new: [Permitted] City/25/01103/LBC — 132 Defoe House Barbican London EC2Y 8ND
2026-10-02 12:40:15 INFO LEAD new: [Permitted] City/25/01098/LBC — 37 Fleet Street London EC4Y 1BT
2026-10-02 12:40:15 INFO LEAD new: [Permitted] City/25/01102/FULL — The Broadgate Tower 20 Primrose Street London EC2A 2EW
2026-10-02 12:40:15 INFO LEAD new: [Permitted] City/25/01097/FULL — 37 Fleet Street London EC4Y 1BT
2026-10-02 12:40:15 INFO LEAD new: [Permitted] City/25/01101/MDC — 85 Gracechurch Street London EC3V 0AA
2026-10-02 12:40:16 INFO LEAD new: [Permitted] City/25/01095/MDC — 5 Chancery Lane London WC2A 1LG
2026-10-02 12:40:16 INFO LEAD new: [Permitted] City/25/01096/MDC — 65 Gresham Street London EC2V 7NQ
2026-10-02 12:40:16 INFO LEAD new: [Permitted] City/25/01084/MDC — St Magnus House 3 Lower Thames Street London EC3R 6HD
2026-10-02 12:40:16 INFO LEAD new: [Permitted] City/25/01085/FULL — 2 Hosier Lane London EC1A 9HB
2026-10-02 12:40:16 INFO LEAD new: [Permitted] City/25/01086/NMA — Cripplegate House 1 Golden Lane London EC1Y 0RR
2026-10-02 12:40:16 INFO LEAD new: [Permitted] City/25/01087/MDC — 1 Appold Street London EC2A 2UU
2026-10-02 12:40:16 INFO LEAD new: [Permitted] City/25/01089/MDC — Stonecutter Court 1 Stonecutter Street London EC4A 4TR
2026-10-02 12:40:17 INFO LEAD new: [Permitted] City/25/01092/MDC — 65 Gresham Street London EC2V 7NQ
2026-10-02 12:40:17 INFO LEAD new: [Permitted] City/25/01099/PODC — Thavies Inn House 3 - 4 Holborn Circus London EC1N 2HA
2026-10-02 12:40:17 INFO LEAD new: [Permitted] City/25/01091/MDC — 65 Gresham Street London EC2V 7NQ
2026-10-02 12:40:17 INFO LEAD new: [Permitted] City/25/01090/MDC — 65 Gresham Street London EC2V 7NQ
2026-10-02 12:40:17 INFO LEAD new: [Permitted] City/25/01088/LBC — Cripplegate House 1 Golden Lane London EC1Y 0RR
2026-10-02 12:40:17 INFO LEAD new: [Permitted] City/25/01082/LDC — Poultry Market Charterhouse Street London EC1A 9LH
2026-10-02 12:40:18 INFO LEAD new: [Permitted] City/25/01078/FULL — Warwick Court 5 Paternoster Square London EC4M 7DX
2026-10-02 12:40:18 INFO LEAD new: [Permitted] City/25/01094/PODC — 61 - 65 Holborn Viaduct London EC1A 2FD
2026-10-02 12:40:18 INFO LEAD new: [Permitted] City/25/01074/MDC — 1 Exchange Square London EC2A 2JN
2026-10-02 12:40:18 INFO LEAD new: [Permitted] City/25/01079/PODC — Thavies Inn House 3 - 4 Holborn Circus London EC1N 2HA
2026-10-02 12:40:18 INFO LEAD new: [Permitted] City/25/01073/NMA — 61 - 65 Holborn Viaduct London EC1A 2FD
2026-10-02 12:40:18 INFO LEAD new: [Permitted] City/25/01075/MDC — 40 Holborn Viaduct London EC1N 2PB
2026-10-02 12:40:18 INFO LEAD new: [Permitted] City/25/01105/PODC — Snow Hill Police Station 5 Snow Hill London EC1A 2DP
2026-10-02 12:40:18 INFO LEAD new: [Permitted] City/25/01077/MDC — 1 Exchange Square London EC2A 2JN
2026-10-02 12:40:19 INFO LEAD new: [Permitted] City/25/01076/MDC — 1 Appold Street London EC2A 2UU
2026-10-02 12:40:19 INFO LEAD new: [Permitted] City/25/01072/MDC — 85 Gracechurch Street London EC3V 0AA
2026-10-02 12:40:19 INFO LEAD new: [Permitted] City/25/01063/CLEUD — Retail Unit 4 Castle Court London EC3V 9DL
2026-10-02 12:40:19 INFO LEAD new: [Permitted] City/25/01068/FULL — 1 - 2 Broadgate London EC2M 2QS
2026-10-02 12:40:19 INFO LEAD new: [Permitted] City/25/01071/LBC — Barbican Arts And Conference Centre Silk Street London EC2Y 
2026-10-02 12:40:19 INFO LEAD new: [Permitted] City/25/01069/MDC — Aldersgate House 135 - 137 Aldersgate Street London EC1A 4JA
2026-10-02 12:40:19 INFO LEAD new: [Permitted] City/25/01056/LBC — 4 College Hill London EC4R 2RB
2026-10-02 12:40:19 INFO LEAD new: [Permitted] City/25/01059/MDC — 65 Gresham Street London EC2V 7NQ
2026-10-02 12:40:26 INFO [city-of-london/Permitted] page at offset 1300: 100 records
2026-10-02 12:40:26 INFO LEAD new: [Permitted] City/25/01058/LBC — 1 Royal Exchange Buildings London EC3V 3LF
2026-10-02 12:40:27 INFO LEAD new: [Permitted] City/25/01065/PODC — 85 Gracechurch Street London EC3V 0AA
2026-10-02 12:40:29 INFO LEAD new: [Permitted] City/25/01057/FULL — 1 Royal Exchange Buildings London EC3V 3LF
2026-10-02 12:40:30 INFO LEAD new: [Permitted] City/25/01067/PODC — 85 Gracechurch Street London EC3V 0AA
2026-10-02 12:40:32 INFO LEAD new: [Permitted] City/25/01070/PODC — 81 Newgate Street London EC1A 7AJ
2026-10-02 12:40:33 INFO LEAD new: [Permitted] City/25/01066/PODC — 85 Gracechurch Street London EC3V 0AA
2026-10-02 12:40:33 INFO LEAD new: [Permitted] City/25/01062/FULL — Jarvis House 12 Smithfield Street London EC1A 9LA
2026-10-02 12:40:35 INFO LEAD new: [Permitted] City/25/01055/FULL — 4 College Hill London EC4R 2RB
2026-10-02 12:40:36 INFO LEAD new: [Permitted] City/25/01288/PODC — 85 Gracechurch Street London EC3V 0AA
2026-10-02 12:40:36 INFO LEAD new: [Permitted] City/25/01054/FULL — 38th And 39th Floor Retail Unit 110 Bishopsgate London EC2N 
2026-10-02 12:40:36 INFO LEAD new: [Permitted] City/25/01052/MDC — Snow Hill Police Station 5 Snow Hill London EC1A 2DP
2026-10-02 12:40:36 INFO LEAD new: [Permitted] City/25/01046/MDC — Thavies Inn House 3 - 4 Holborn Circus London EC1N 2HA
2026-10-02 12:40:36 INFO LEAD new: [Permitted] City/25/01045/MDC — Thavies Inn House 3 - 4 Holborn Circus London EC1N 2HA
2026-10-02 12:40:37 INFO LEAD new: [Permitted] City/25/01104/PODC — Snow Hill Police Station 5 Snow Hill London EC1A 2DP
2026-10-02 12:40:37 INFO LEAD new: [Permitted] City/25/01053/FULL — 38th And 39th Floor Retail Unit 110 Bishopsgate London EC2N 
2026-10-02 12:40:38 INFO LEAD new: [Permitted] City/25/01049/MDC — 2-3 Finsbury Avenue London EC2M 2PF
2026-10-02 12:40:39 INFO LEAD new: [Permitted] City/25/01030/CLOPD — 30 Queen Street London EC4R 1BR
2026-10-02 12:40:39 INFO LEAD new: [Permitted] City/25/01034/CLOPD — 30 Queen Street London EC4R 1BR
2026-10-02 12:40:39 INFO LEAD new: [Permitted] City/25/01031/CLOPD — 30 Queen Street London EC4R 1BR
2026-10-02 12:40:40 INFO LEAD new: [Permitted] City/25/01033/CLOPD — 30 Queen Street London EC4R 1BR
2026-10-02 12:40:40 INFO LEAD new: [Permitted] City/25/01024/MDC — 59 Carter Lane London EC4V 5AQ
2026-10-02 12:40:40 INFO LEAD new: [Permitted] City/25/01038/CLEUD — 30 Queen Street London EC4R 1BR
2026-10-02 12:40:40 INFO LEAD new: [Permitted] City/25/01027/CLOPD — 30 Queen Street London EC4R 1BR
2026-10-02 12:40:40 INFO LEAD new: [Permitted] City/25/01040/MDC — City Tower And City Place House 40 - 55 Basinghall Street Lo
2026-10-02 12:40:41 INFO LEAD new: [Permitted] City/25/01026/CLOPD — 30 Queen Street London EC4R 1BR
2026-10-02 12:40:41 INFO LEAD new: [Permitted] City/25/01039/CLEUD — 30 Queen Street London EC4R 1BR
2026-10-02 12:40:41 INFO LEAD new: [Permitted] City/25/01032/CLOPD — 30 Queen Street London EC4R 1BR
2026-10-02 12:40:41 INFO LEAD new: [Permitted] City/25/01035/CLOPD — 30 Queen Street London EC4R 1BR
2026-10-02 12:40:41 INFO LEAD new: [Permitted] City/25/01037/CLEUD — 30 Queen Street London EC4R 1BR
2026-10-02 12:40:41 INFO LEAD new: [Permitted] City/25/01036/CLEUD — 30 Queen Street London EC4R 1BR
2026-10-02 12:40:41 INFO LEAD new: [Permitted] City/25/01029/CLOPD — 30 Queen Street London EC4R 1BR
2026-10-02 12:40:42 INFO LEAD new: [Permitted] City/25/01028/CLOPD — 30 Queen Street London EC4R 1BR
2026-10-02 12:40:42 INFO LEAD new: [Permitted] City/25/01044/MDC — St Magnus House 3 Lower Thames Street London EC3R 6HD
2026-10-02 12:40:42 INFO LEAD new: [Permitted] City/25/01023/MDC — Dining Wall Retail Unit Cheapside House 138 Cheapside London
2026-10-02 12:40:42 INFO LEAD new: [Permitted] City/25/01081/OBS — 39 Bell Lane, London, E1 7LA
2026-10-02 12:40:42 INFO LEAD new: [Permitted] City/25/01022/MDC — 60 Queen Victoria Street London EC4N 4TZ
2026-10-02 12:40:42 INFO LEAD new: [Permitted] City/25/01010/FULL — Guildhall School of Music And Drama Silk Street London EC2Y 
2026-10-02 12:40:42 INFO LEAD new: [Permitted] City/25/01012/CLOPD — 158 - 170 Aldersgate Street London EC1A 4HT
2026-10-02 12:40:43 INFO LEAD new: [Permitted] City/25/01014/ADVT — 80 Farringdon Street London EC4A 4BL
2026-10-02 12:40:43 INFO LEAD new: [Permitted] City/25/01005/NMA — Allianz House 60 Gracechurch Street London EC3V 0HR
2026-10-02 12:40:43 INFO LEAD new: [Permitted] City/25/01007/MDC — 61 - 65 Holborn Viaduct London EC1A 2FD
2026-10-02 12:40:43 INFO LEAD new: [Permitted] City/25/01013/FULL — Tower 42 International Financial Centre 25 Old Broad Street 
2026-10-02 12:40:43 INFO LEAD new: [Permitted] City/25/01011/LBC — Guildhall School of Music And Drama Silk Street London EC2Y 
2026-10-02 12:40:43 INFO LEAD new: [Permitted] City/25/01008/NMA — Hill House 1 Little New Street London EC4A 3JR
2026-10-02 12:40:43 INFO LEAD new: [Permitted] City/25/01006/NMA — 85 Gracechurch Street London EC3V 0AA
2026-10-02 12:40:44 INFO LEAD new: [Permitted] City/25/01015/LBC — 2 Temple Gardens Middle Temple Lane London EC4Y 9AY
2026-10-02 12:40:44 INFO LEAD new: [Permitted] City/25/01009/MDC — Chartered Accountants Hall Moorgate Place London EC2R 6EA
2026-10-02 12:40:44 INFO LEAD new: [Permitted] City/25/00996/MDC — 6 - 11 Crescent London EC3N 2LY
2026-10-02 12:40:45 INFO LEAD new: [Permitted] City/25/00998/FULL — The Leadenhall Building 122 Leadenhall Street London EC3V 4A
2026-10-02 12:40:45 INFO LEAD new: [Permitted] City/25/01003/MDC — 6 - 11 Crescent London EC3N 2LY
2026-10-02 12:40:45 INFO LEAD new: [Permitted] City/25/01043/5REG — PNB House 77 Queen Victoria Street London EC4V 4AY
2026-10-02 12:40:45 INFO LEAD new: [Permitted] City/25/00995/MDC — Thavies Inn House 3 - 4 Holborn Circus London EC1N 2HA
2026-10-02 12:40:45 INFO LEAD new: [Permitted] City/25/00993/MDC — 200 Aldersgate Street London EC1A 4HD
2026-10-02 12:40:46 INFO LEAD new: [Permitted] City/25/00997/MDC — 6 - 11 Crescent London EC3N 2LY
2026-10-02 12:40:46 INFO LEAD new: [Permitted] City/25/01002/MDC — 6 - 11 Crescent London EC3N 2LY
2026-10-02 12:40:46 INFO LEAD new: [Permitted] City/25/01000/MDC — 65 Fleet Street London EC4Y 1HT
2026-10-02 12:40:46 INFO LEAD new: [Permitted] City/25/01004/MDC — 65 Fleet Street London EC4Y 1HT
2026-10-02 12:40:46 INFO LEAD new: [Permitted] City/25/00999/MDC — 65 Fleet Street London EC4Y 1HT
2026-10-02 12:40:46 INFO LEAD new: [Permitted] City/25/01001/LDC — Chartered Accountants Hall Moorgate Place London EC2R 6EA
2026-10-02 12:40:46 INFO LEAD new: [Permitted] City/25/00988/FULL — 48 - 54 Moorgate London EC2R 6EJ
2026-10-02 12:40:46 INFO LEAD new: [Permitted] City/25/00991/MDC — 1 - 2 Broadgate London EC2M 2QS
2026-10-02 12:40:47 INFO LEAD new: [Permitted] City/25/00989/FULL — 48 - 54 Moorgate London EC2R 6EJ
2026-10-02 12:40:47 INFO LEAD new: [Permitted] City/25/00990/ADVT — 48 - 54 Moorgate London EC2R 6EJ
2026-10-02 12:40:47 INFO LEAD new: [Permitted] City/25/00986/MDC — Poultry Market And General Market And The Annexe Buildings W
2026-10-02 12:40:47 INFO LEAD new: [Permitted] City/25/00987/FULL — The Rex Building 62 Queen Street London EC4R 1EB
2026-10-02 12:40:47 INFO LEAD new: [Permitted] City/25/00992/LDC — The Baltic Exchange 38 St Mary Axe London EC3A 8EX
2026-10-02 12:40:47 INFO LEAD new: [Permitted] City/25/00985/MDC — 85 Gracechurch Street London EC3V 0AA
2026-10-02 12:40:47 INFO LEAD new: [Permitted] City/25/00984/MDC — 20 Giltspur Street London EC1A 9DD
2026-10-02 12:40:47 INFO LEAD new: [Permitted] City/25/00978/MDC — 60 Queen Victoria Street London EC4N 4TZ
2026-10-02 12:40:48 INFO LEAD new: [Permitted] City/25/00981/MDC — 20 Giltspur Street London EC1A 9DD
2026-10-02 12:40:48 INFO LEAD new: [Permitted] City/25/00976/MDC — 60 Queen Victoria Street London EC4N 4TZ
2026-10-02 12:40:48 INFO LEAD new: [Permitted] City/25/01042/5REG — The Woolgate 25 Basinghall Street London EC2V 5HA
2026-10-02 12:40:48 INFO LEAD new: [Permitted] City/25/00979/ADVT — 1 - 2 Broadgate London EC2M 2QS
2026-10-02 12:40:48 INFO LEAD new: [Permitted] City/25/00977/MDC — Land Bounded By Fleet Street, Salisbury Court, Salisbury Squ
2026-10-02 12:40:48 INFO LEAD new: [Permitted] City/25/00980/MDC — Leadenhall Court 1 Leadenhall Street London EC3V 1PP
2026-10-02 12:40:48 INFO LEAD new: [Permitted] City/25/00973/CLEUD — 30 Queen Street London EC4R 1BR
2026-10-02 12:40:48 INFO LEAD new: [Permitted] City/25/00974/CLOPD — 25 Furnival Street London EC4A 1JS
2026-10-02 12:40:49 INFO LEAD new: [Permitted] City/25/00972/CLOPD — 30 Queen Street London EC4R 1BR
2026-10-02 12:40:49 INFO LEAD new: [Permitted] City/25/00966/MDC — 85 Gracechurch Street London EC3V 0AA
2026-10-02 12:40:49 INFO LEAD new: [Permitted] City/25/01041/5REG — Salisbury House 1 Circus Place London EC2M 5QQ
2026-10-02 12:40:49 INFO LEAD new: [Permitted] City/25/01047/OBS — 10 Leake Street, Lambeth SE1 7NN
2026-10-02 12:40:50 INFO LEAD new: [Permitted] City/25/00970/FULMAJ — Offices Morley House 26 - 30 Holborn Viaduct London EC1A 2AT
2026-10-02 12:40:50 INFO LEAD new: [Permitted] City/25/00971/LBC — 160 - 161 London Wall London EC2M 5QD
2026-10-02 12:40:51 INFO LEAD new: [Permitted] City/25/00965/LBC — City Temple 31 Holborn Viaduct London EC1A 2DE
2026-10-02 12:40:51 INFO LEAD new: [Permitted] City/25/00968/MDC — 85 Gracechurch Street London EC3V 0AA
2026-10-02 12:40:51 INFO LEAD new: [Permitted] City/25/00964/FULL — City Temple 31 Holborn Viaduct London EC1A 2DE
2026-10-02 12:40:51 INFO LEAD new: [Permitted] City/25/00963/MDC — Old Change House 128 Queen Victoria Street London EC4V 4BJ
2026-10-02 12:40:51 INFO LEAD new: [Permitted] City/25/00967/MDC — 85 Gracechurch Street London EC3V 0AA
2026-10-02 12:40:51 INFO LEAD new: [Permitted] City/25/00957/MDC — Princes Court 7 Prince's Street London EC2R 8AQ
2026-10-02 12:40:51 INFO LEAD new: [Permitted] City/25/00958/MDC — Thavies Inn House 3 - 4 Holborn Circus London EC1N 2HA
2026-10-02 12:40:52 INFO LEAD new: [Permitted] City/25/00946/LBC — Hasilwood House 60 - 64 Bishopsgate London EC2N 4AW
2026-10-02 12:40:52 INFO LEAD new: [Permitted] City/25/00956/ADVT — 140 Leadenhall Street London EC3V 4QT
2026-10-02 12:40:52 INFO LEAD new: [Permitted] City/25/00950/LBC — 140 Leadenhall Street London EC3V 4QT
2026-10-02 12:40:52 INFO LEAD new: [Permitted] City/25/00953/ADVT — 74 Aldgate High Street London EC3N 1BD
2026-10-02 12:40:52 INFO LEAD new: [Permitted] City/25/00951/MDC — Site Bounded By Fenchurch Street, Mark Lane, Dunster Court A
2026-10-02 12:40:52 INFO LEAD new: [Permitted] City/25/00959/MDC — Thavies Inn House 3 - 4 Holborn Circus London EC1N 2HA
2026-10-02 12:40:52 INFO LEAD new: [Permitted] City/25/00955/FULL — 140 Leadenhall Street London EC3V 4QT
2026-10-02 12:40:52 INFO LEAD new: [Permitted] City/25/00954/MDC — St Magnus House 3 Lower Thames Street London EC3R 6HD
2026-10-02 12:40:59 INFO [city-of-london/Permitted] page at offset 1400: 100 records
2026-10-02 12:40:59 INFO LEAD new: [Permitted] City/25/00938/MDC — 20 Giltspur Street London EC1A 9DD
2026-10-02 12:41:00 INFO LEAD new: [Permitted] City/25/00942/MDC — 6-8 Bishopsgate & 150 Leadenhall Street London EC3V 4QT
2026-10-02 12:41:00 INFO LEAD new: [Permitted] City/25/00937/LDC — Kings College Maughan Library Chancery Lane London WC2A 1LR
2026-10-02 12:41:01 INFO LEAD new: [Permitted] City/25/00943/MDC — 20 Giltspur Street London EC1A 9DD
2026-10-02 12:41:01 INFO LEAD new: [Permitted] City/25/00941/NMA — 1 Appold Street London EC2A 2UU
2026-10-02 12:41:01 INFO LEAD new: [Permitted] City/25/00939/LBC — 51 Lauderdale Tower Barbican London EC2Y 8BY
2026-10-02 12:41:02 INFO LEAD new: [Permitted] City/25/00934/LDC — 65 Fleet Street London EC4Y 1HT
2026-10-02 12:41:03 INFO LEAD new: [Permitted] City/25/00935/LDC — 65 Fleet Street London EC4Y 1HT
2026-10-02 12:41:03 INFO LEAD new: [Permitted] City/25/00936/MDC — 7 Devonshire Square London EC2M 4YH
2026-10-02 12:41:04 INFO LEAD new: [Permitted] City/25/00931/FULL — Retail Unit 39 Ludgate Hill London EC4M 7JN
2026-10-02 12:41:04 INFO LEAD new: [Permitted] City/25/00969/PODC — 1 - 14 Liverpool Street And 11 - 12 Blomfield Street London 
2026-10-02 12:41:04 INFO LEAD new: [Permitted] City/25/00929/MDC — 178 Bishopsgate London EC2M 4NQ
2026-10-02 12:41:04 INFO LEAD new: [Permitted] City/25/00930/MDC — Friary Court 65 Crutched Friars London EC3N 2AE
2026-10-02 12:41:04 INFO LEAD new: [Permitted] City/25/00928/LDC — 27 Bream's Buildings London EC4A 1DZ
2026-10-02 12:41:04 INFO LEAD new: [Permitted] City/25/00927/NMA — Poultry Market And General Market And The Annexe Buildings W
2026-10-02 12:41:04 INFO LEAD new: [Permitted] City/25/00920/FULL — 1 - 4 Great Tower Street London EC3R 5AA
2026-10-02 12:41:05 INFO LEAD new: [Permitted] City/25/00924/MDC — 2 Burgon Street London EC4V 5DR
2026-10-02 12:41:05 INFO LEAD new: [Permitted] City/25/00925/ADVT — 7 - 9 Copthall Avenue London EC2R 7NJ
2026-10-02 12:41:05 INFO LEAD new: [Permitted] City/25/00919/NMA — 2 Burgon Street London EC4V 5DR
2026-10-02 12:41:05 INFO LEAD new: [Permitted] City/25/00918/MDC — Bow Bells House 9 Bread Street London EC4M 9BE
2026-10-02 12:41:05 INFO LEAD new: [Permitted] City/25/00926/ADVT — 6 Queen Street London EC4N 1SP
2026-10-02 12:41:05 INFO LEAD new: [Permitted] City/25/00917/FULL — Barbican Centre And Pavement Outside The Service Road Entran
2026-10-02 12:41:05 INFO LEAD new: [Permitted] City/25/00921/MDC — 2 Burgon Street London EC4V 5DR
2026-10-02 12:41:05 INFO LEAD new: [Permitted] City/25/00916/MDC — 40 Holborn Viaduct London EC1N 2PB
2026-10-02 12:41:06 INFO LEAD new: [Permitted] City/25/00912/LBC — Ironmongers' Hall Shaftesbury Place London EC2Y 8AA
2026-10-02 12:41:06 INFO LEAD new: [Permitted] City/25/00944/OBS — Finsgate House, 5-7 Cranwood Street, Hackney, London, EC1V 9
2026-10-02 12:41:06 INFO LEAD new: [Permitted] City/25/00911/FULL — Barbican Centre And Pavement Outside The Service Road Entran
2026-10-02 12:41:06 INFO LEAD new: [Permitted] City/25/00910/LBC — Barbican Centre And Pavement Outside The Service Road Entran
2026-10-02 12:41:06 INFO LEAD new: [Permitted] City/25/00915/LBC — Poultry Market Charterhouse Street London EC1A 9LH
2026-10-02 12:41:06 INFO LEAD new: [Permitted] City/25/00901/LBC — Liverpool Street Railway Station Liverpool Street London EC2
2026-10-02 12:41:06 INFO LEAD new: [Permitted] City/25/00908/MDC — 5 Chancery Lane London WC2A 1LG
2026-10-02 12:41:07 INFO LEAD new: [Permitted] City/25/00904/MDC — St Magnus House 3 Lower Thames Street London EC3R 6HD
2026-10-02 12:41:08 INFO LEAD new: [Permitted] City/25/00909/MDC — 187 Fleet Street London EC4A 2HS
2026-10-02 12:41:08 INFO LEAD new: [Permitted] City/25/00900/NMA — Thavies Inn House 3 - 4 Holborn Circus London EC1N 2HA
2026-10-02 12:41:08 INFO LEAD new: [Permitted] City/25/00922/PODC — Princes 7 Prince's Street London EC2R 8AQ
2026-10-02 12:41:08 INFO LEAD new: [Permitted] City/25/00907/MDC — 94 Moorgate London EC2M 6UR
2026-10-02 12:41:08 INFO LEAD new: [Permitted] City/25/00898/MDC — 81 Newgate Street London EC1A 7AJ
2026-10-02 12:41:08 INFO LEAD new: [Permitted] City/25/00899/MDC — 81 Newgate Street London EC1A 7AJ
2026-10-02 12:41:08 INFO LEAD new: [Permitted] City/25/00897/MDC — 1 - 14 Liverpool Street And 11 - 12 Blomfield Street London 
2026-10-02 12:41:08 INFO LEAD new: [Permitted] City/25/00893/LBC — 7 King's Bench Walk London EC4Y 7DS
2026-10-02 12:41:08 INFO LEAD new: [Permitted] City/25/00894/MDC — 15 - 17 Black Friars Lane London EC4V 6ER
2026-10-02 12:41:09 INFO LEAD new: [Permitted] City/25/00895/MDC — 15 - 17 Black Friars Lane London EC4V 6ER
2026-10-02 12:41:09 INFO LEAD new: [Permitted] City/25/00896/5REG — The Parish Church of St Olave Hart Street Hart Street London
2026-10-02 12:41:09 INFO LEAD new: [Permitted] City/25/00891/MDC — Snow Hill Police Station 5 Snow Hill London EC1A 2DP
2026-10-02 12:41:09 INFO LEAD new: [Permitted] City/25/00889/FULL — 11 Pilgrim Street London EC4V 6RN
2026-10-02 12:41:09 INFO LEAD new: [Permitted] City/25/00892/MDC — 1 Old Jewry London EC2R 8DN
2026-10-02 12:41:09 INFO LEAD new: [Permitted] City/25/00888/NMA — St Magnus House 3 Lower Thames Street London EC3R 6HD
2026-10-02 12:41:09 INFO LEAD new: [Permitted] City/25/00890/ADVT — 100 Fetter Lane London EC4A 1ES
2026-10-02 12:41:09 INFO LEAD new: [Permitted] City/25/00884/MDC — 59 Carter Lane London EC4V 5AQ
2026-10-02 12:41:09 INFO LEAD new: [Permitted] City/25/00883/NMA — Tower 42 International Financial Centre 25 Old Broad Street 
2026-10-02 12:41:10 INFO LEAD new: [Permitted] City/25/00887/PODC — 1 - 2 Broadgate London EC2M 2QS
2026-10-02 12:41:10 INFO LEAD new: [Permitted] City/25/00886/LBC — 362 Lauderdale Tower Barbican London EC2Y 8NA
2026-10-02 12:41:10 INFO LEAD new: [Permitted] City/25/00873/MDC — 1 - 14 Liverpool Street And 11 - 12 Blomfield Street London 
2026-10-02 12:41:10 INFO LEAD new: [Permitted] City/25/00876/FULL — Art Gallery Barbican Arts And Conference Centre Silk Street 
2026-10-02 12:41:11 INFO LEAD new: [Permitted] City/25/00878/ADVT — Art Gallery Barbican Arts And Conference Centre Silk Street 
2026-10-02 12:41:12 INFO LEAD new: [Permitted] City/25/00872/MDC — 40 Holborn Viaduct London EC1N 2PB
2026-10-02 12:41:12 INFO LEAD new: [Permitted] City/25/00879/MDC — 10-16 Bevis Marks London EC3A 7LH
2026-10-02 12:41:14 INFO LEAD new: [Permitted] City/25/00877/LBC — Art Gallery Barbican Arts And Conference Centre Silk Street 
2026-10-02 12:41:15 INFO LEAD new: [Permitted] City/25/00870/CLEUD — 110 Cannon Street London EC4N 6EU
2026-10-02 12:41:15 INFO LEAD new: [Permitted] City/25/00875/MDC — City Tower And City Place House 40 - 55 Basinghall Street Lo
2026-10-02 12:41:15 INFO LEAD new: [Permitted] City/25/00865/FULL — 15 Devonshire Square London EC2M 4YW
2026-10-02 12:41:15 INFO LEAD new: [Permitted] City/25/00868/MDC — 40 Holborn Viaduct London EC1N 2PB
2026-10-02 12:41:15 INFO LEAD new: [Permitted] City/25/00867/NMA — 6 Bream's Buildings London EC4A 1HP
2026-10-02 12:41:15 INFO LEAD new: [Permitted] City/25/00869/MDC — 14-21 Holborn Viaduct 32-33 & 34-35 Farringdon Street London
2026-10-02 12:41:16 INFO LEAD new: [Permitted] City/25/00866/OBS — Vorley Road Bus Stand & 4 Vorley Road, London N19 5JH
2026-10-02 12:41:16 INFO LEAD new: [Permitted] City/25/00864/NMA — First To Third Floor Clinic 118 Middlesex Street London E1 7
2026-10-02 12:41:16 INFO LEAD new: [Permitted] City/25/00863/ADVT — The Monument Public House 18 Fish Street Hill London EC3R 6D
2026-10-02 12:41:16 INFO LEAD new: [Permitted] City/25/00862/OBS — 10 Leake Street, London, SE1 7NN
2026-10-02 12:41:16 INFO LEAD new: [Permitted] City/25/00855/MDC — 59 Carter Lane London EC4V 5AQ
2026-10-02 12:41:16 INFO LEAD new: [Permitted] City/25/00861/ADVT — Retail Unit 16 - 18 Eastcheap London EC3M 1BD
2026-10-02 12:41:16 INFO LEAD new: [Permitted] City/25/00858/LBC — 13 Old Broad Street London EC2N 1DW
2026-10-02 12:41:16 INFO LEAD new: [Permitted] City/25/00923/PODC — 1 - 2 Broadgate London EC2M 2QS
2026-10-02 12:41:16 INFO LEAD new: [Permitted] City/25/00857/MDC — 1 - 2 Broadgate London EC2M 2QS
2026-10-02 12:41:17 INFO LEAD new: [Permitted] City/25/00859/MDC — 59 Carter Lane London EC4V 5AQ
2026-10-02 12:41:17 INFO LEAD new: [Permitted] City/25/00856/MDC — 1 - 2 Broadgate London EC2M 2QS
2026-10-02 12:41:17 INFO LEAD new: [Permitted] City/25/00860/MDC — 1 - 2 Broadgate London EC2M 2QS
2026-10-02 12:41:17 INFO LEAD new: [Permitted] City/25/00854/MDC — 40 Holborn Viaduct London EC1N 2PB
2026-10-02 12:41:17 INFO LEAD new: [Permitted] City/25/00851/MDC — 60 Queen Victoria Street London EC4N 4TZ
2026-10-02 12:41:17 INFO LEAD new: [Permitted] City/25/00853/MDC — St Andrew Undershaft Church St Mary Axe London EC3A 8BN
2026-10-02 12:41:17 INFO LEAD new: [Permitted] City/25/00852/LBC — Basildon House 7 - 11 Moorgate London EC2R 6AF
2026-10-02 12:41:18 INFO LEAD new: [Permitted] City/25/00849/LBC — Unilever House Victoria Embankment London EC4Y 0DY
2026-10-02 12:41:18 INFO LEAD new: [Permitted] City/25/00848/FULL — Unilever House Victoria Embankment London EC4Y 0DY
2026-10-02 12:41:18 INFO LEAD new: [Permitted] City/25/00844/LBC — 56 Speed House Barbican London EC2Y 8AT
2026-10-02 12:41:18 INFO LEAD new: [Permitted] City/25/00843/MDC — 65 Fleet Street London EC4Y 1HT
2026-10-02 12:41:18 INFO LEAD new: [Permitted] City/25/00847/NMA — Woolgate Exchange 25 Basinghall Street London EC2V 5HA
2026-10-02 12:41:18 INFO LEAD new: [Permitted] City/25/00838/LBC — The Baltic Exchange 38 St Mary Axe London EC3A 8EX
2026-10-02 12:41:18 INFO LEAD new: [Permitted] City/25/00837/MDC — 100 New Bridge Street London EC4V 6JA
2026-10-02 12:41:19 INFO LEAD new: [Permitted] City/25/00839/FULL — St Mary Moorfields Catholic Church Eldon Street London EC2M 
2026-10-02 12:41:19 INFO LEAD new: [Permitted] City/25/00836/MDC — 60 Queen Victoria Street London EC4N 4TZ
2026-10-02 12:41:19 INFO LEAD new: [Permitted] City/25/00841/MDC — 59 Carter Lane London EC4V 5AQ
2026-10-02 12:41:19 INFO LEAD new: [Permitted] City/25/00850/OBS — Bowling Green, Finsbury Square, London EC2A 1RR
2026-10-02 12:41:19 INFO LEAD new: [Permitted] City/25/00835/LBC — Bevis Marks Synagogue Bevis Marks London EC3A 7LH
2026-10-02 12:41:19 INFO LEAD new: [Permitted] City/25/00833/MDC — Land Bounded By Fleet Street, Salisbury Court, Salisbury Squ
2026-10-02 12:41:20 INFO LEAD new: [Permitted] City/25/00881/OBS — London College of Printing And Graphic Art Elephant And Cast
2026-10-02 12:41:20 INFO LEAD new: [Permitted] City/25/00824/LBC — Cripplegate House 1 Golden Lane London EC1Y 0RR
2026-10-02 12:41:20 INFO LEAD new: [Permitted] City/25/00826/MDC — 1 Exchange Square London EC2A 2JN
2026-10-02 12:41:20 INFO LEAD new: [Permitted] City/25/00831/PODC — 61 - 65 Holborn Viaduct London EC1A 2FD
2026-10-02 12:41:20 INFO LEAD new: [Permitted] City/25/00827/LBC — 324 Ben Jonson House Barbican London EC2Y 8NQ
2026-10-02 12:41:20 INFO LEAD new: [Permitted] City/25/00825/MDC — 65 Gresham Street London EC2V 7NQ
2026-10-02 12:41:26 INFO [city-of-london/Permitted] page at offset 1500: 100 records
2026-10-02 12:41:26 INFO LEAD new: [Permitted] City/25/00818/MDC — Rector's Flat St Mary Le Bow Church Cheapside London EC2V 6A
2026-10-02 12:41:27 INFO LEAD new: [Permitted] City/25/00845/OBS — Site At Mastmaker Court, 20-34 Mastmaker Road, London, E14 9
2026-10-02 12:41:27 INFO LEAD new: [Permitted] City/25/00823/MDC — Former Richard Cloudesley School Golden Lane Estate London E
2026-10-02 12:41:27 INFO LEAD new: [Permitted] City/25/00822/NMA — Daniel House And Mersey House (Former Daily Telegraph Buildi
2026-10-02 12:41:28 INFO LEAD new: [Permitted] City/25/00820/LBC — Daniel House And Mersey House (Former Daily Telegraph Buildi
2026-10-02 12:41:28 INFO LEAD new: [Permitted] City/25/00880/PODC — Site Bounded By 34-38, 39-41, 45-47 & 57B Little Britain, & 
2026-10-02 12:41:30 INFO LEAD new: [Permitted] City/25/00821/ADVT — 49 Farringdon Street London EC4A 4LL
2026-10-02 12:41:31 INFO LEAD new: [Permitted] City/25/00817/LDC — Snow Hill Police Station 5 Snow Hill London EC1A 2DP
2026-10-02 12:41:32 INFO LEAD new: [Permitted] City/25/00816/ADVT — 19 - 21 Great Tower Street London EC3R 5AR
2026-10-02 12:41:33 INFO LEAD new: [Permitted] City/25/00812/MDC — Site Bounded By Fenchurch Street, Mark Lane, Dunster Court A
2026-10-02 12:41:34 INFO LEAD new: [Permitted] City/25/00815/MDC — 65 Fleet Street London EC4Y 1HT
2026-10-02 12:41:35 INFO LEAD new: [Permitted] City/25/00813/ADVT — City Tower And City Place House 40 - 55 Basinghall Street Lo
2026-10-02 12:41:36 INFO LEAD new: [Permitted] City/25/00814/LBC — Guildhall Building Structure Guildhall Yard London
2026-10-02 12:41:37 INFO LEAD new: [Permitted] City/25/00811/MDC — Site Bounded By Fenchurch Street, Mark Lane, Dunster Court A
2026-10-02 12:41:37 INFO LEAD new: [Permitted] City/25/00808/LDC — Tower of All Hallows Staining Mark Lane London EC3M 3JY
2026-10-02 12:41:37 INFO LEAD new: [Permitted] City/25/00810/MDC — Tower of All Hallows Staining Mark Lane London EC3M 3JY
2026-10-02 12:41:37 INFO LEAD new: [Permitted] City/25/00809/LDC — Lambe's Chapel Crypt Mark Lane London EC3R 7LQ
2026-10-02 12:41:37 INFO LEAD new: [Permitted] City/25/00803/LBC — 41 Lothbury London EC2R 7HF
2026-10-02 12:41:37 INFO LEAD new: [Permitted] City/25/00805/MDC — 59 Carter Lane London EC4V 5AQ
2026-10-02 12:41:37 INFO LEAD new: [Permitted] City/25/00800/FULL — 15 Old Bailey London EC4M 7EF
2026-10-02 12:41:38 INFO LEAD new: [Permitted] City/25/00801/LBC — 15 Old Bailey London EC4M 7EF
2026-10-02 12:41:38 INFO LEAD new: [Permitted] City/25/00804/CLOPD — Sir John Lyon House 8 High Timber Street London EC4V 3PA
2026-10-02 12:41:38 INFO LEAD new: [Permitted] City/25/00807/LBC — College of Arms 130 Queen Victoria Street London EC4V 4BT
2026-10-02 12:41:38 INFO LEAD new: [Permitted] City/25/00799/NMA — 15 Old Bailey London EC4M 7EF
2026-10-02 12:41:38 INFO LEAD new: [Permitted] City/25/00806/MDC — Furnival Chambers 32 Furnival Street London EC4A 1JQ
2026-10-02 12:41:38 INFO LEAD new: [Permitted] City/25/00802/FULL — 41 Lothbury London EC2R 7HF
2026-10-02 12:41:38 INFO LEAD new: [Permitted] City/25/00797/MDC — 1 Basinghall Avenue London EC2V 5DD
2026-10-02 12:41:38 INFO LEAD new: [Permitted] City/25/00794/FULL — 55 King William Street London EC4R 9AD
2026-10-02 12:41:38 INFO LEAD new: [Permitted] City/25/00791/LBC — Livery Hall Coopers Hall 13 Devonshire Square London EC2M 4T
2026-10-02 12:41:39 INFO LEAD new: [Permitted] City/25/00795/ADVT — 52 Lime Street London EC3M 7AF
2026-10-02 12:41:39 INFO LEAD new: [Permitted] City/25/00792/LBC — 15 Old Bailey London EC4M 7EF
2026-10-02 12:41:39 INFO LEAD new: [Permitted] City/25/00793/FULL — 74 Aldgate High Street London EC3N 1BD
2026-10-02 12:41:40 INFO LEAD new: [Permitted] City/25/00787/FULL — 8 - 9 Lovat Lane London EC3R 8DW
2026-10-02 12:41:40 INFO LEAD new: [Permitted] City/25/00789/MDC — 60 Threadneedle Street London EC2R 8HP
2026-10-02 12:41:42 INFO LEAD new: [Permitted] City/25/00796/MDC — 1 Basinghall Avenue London EC2V 5DD
2026-10-02 12:41:42 INFO LEAD new: [Permitted] City/25/00786/LDC — Snow Hill Police Station 5 Snow Hill London EC1A 2DP
2026-10-02 12:41:42 INFO LEAD new: [Permitted] City/25/00781/MDC — 38 - 41 Houndsditch London EC3A 7DB
2026-10-02 12:41:42 INFO LEAD new: [Permitted] City/25/00779/MDC — 7 Devonshire Square London EC2M 4YH
2026-10-02 12:41:42 INFO LEAD new: [Permitted] City/25/00782/MDC — 38 - 41 Houndsditch London EC3A 7DB
2026-10-02 12:41:42 INFO LEAD new: [Permitted] City/25/00788/PODC — 5 - 10 Great Tower Street London EC3R 5AA
2026-10-02 12:41:43 INFO LEAD new: [Permitted] City/25/00790/PODC — 1 - 2 Broadgate London EC2M 2QS
2026-10-02 12:41:43 INFO LEAD new: [Permitted] City/25/00785/FULL — 22 Chancery Lane London WC2A 1LS
2026-10-02 12:41:43 INFO LEAD new: [Permitted] City/25/00783/MDC — Middlesex Street Estate Gravel Lane London E1 7AF
2026-10-02 12:41:43 INFO LEAD new: [Permitted] City/25/00784/MDC — 40 Holborn Viaduct London EC1N 2PB
2026-10-02 12:41:43 INFO LEAD new: [Permitted] City/25/00780/MDC — Princes 7 Prince's Street London EC2R 8AQ
2026-10-02 12:41:44 INFO LEAD new: [Permitted] City/25/00774/FULL — 49 Cheapside London EC2V 6AT
2026-10-02 12:41:44 INFO LEAD new: [Permitted] City/25/00778/LBC — 564 Ben Jonson House Barbican London EC2Y 8NH
2026-10-02 12:41:44 INFO LEAD new: [Permitted] City/25/00777/LBC — 41 Bayer House Golden Lane Estate London EC1Y 0RN
2026-10-02 12:41:44 INFO LEAD new: [Permitted] City/25/00775/LDC — Land Bounded By Fleet Street, Salisbury Court, Salisbury Squ
2026-10-02 12:41:44 INFO LEAD new: [Permitted] City/25/00776/MDC — Land Bounded By Fleet Street, Salisbury Court, Salisbury Squ
2026-10-02 12:41:44 INFO LEAD new: [Permitted] City/25/00773/5REG — Salisbury Square House 8 Salisbury Square London EC4Y 8AP
2026-10-02 12:41:44 INFO LEAD new: [Permitted] City/25/00770/MDC — 33 Old Broad Street London EC2N 1HW
2026-10-02 12:41:45 INFO LEAD new: [Permitted] City/22/00882/FULMAJ/DOV — Friary Court 65 Crutched Friars London EC3N 2AE
2026-10-02 12:41:45 INFO LEAD new: [Permitted] City/25/00769/NMA — 5 Chancery Lane London WC2A 1LG
2026-10-02 12:41:45 INFO LEAD new: [Permitted] City/25/00767/MDC — Winchester House 75 London Wall London EC2M 5NG
2026-10-02 12:41:45 INFO LEAD new: [Permitted] City/25/00768/FULL — Providian House 16 - 18 Monument Street London EC3R 8AJ
2026-10-02 12:41:45 INFO LEAD new: [Permitted] City/25/00763/PODC — Millennium Bridge House 2 Lambeth Hill London EC4V 4AG
2026-10-02 12:41:45 INFO LEAD new: [Permitted] City/25/00761/LBC — New Moon Public House 88 Gracechurch Street London EC3V 0DN
2026-10-02 12:41:45 INFO LEAD new: [Permitted] City/25/00759/MDC — 60 Queen Victoria Street London EC4N 4TZ
2026-10-02 12:41:45 INFO LEAD new: [Permitted] City/25/00764/MDC — 27 Bream's Buildings London EC4A 1DZ
2026-10-02 12:41:46 INFO LEAD new: [Permitted] City/25/00758/FULL — 16 St Clare Street London EC3N 1LQ
2026-10-02 12:41:46 INFO LEAD new: [Permitted] City/25/00756/LBC — North Wing St Bartholomews Hospital West Smithfield London E
2026-10-02 12:41:46 INFO LEAD new: [Permitted] City/25/00760/LBC — 133 Thomas More House Barbican London EC2Y 8BU
2026-10-02 12:41:46 INFO LEAD new: [Permitted] City/25/00750/FULL — The Baltic Exchange 38 St Mary Axe London EC3A 8EX
2026-10-02 12:41:47 INFO LEAD new: [Permitted] City/25/00749/LBC — 6 King's Bench Walk London EC4Y 7DR
2026-10-02 12:41:47 INFO LEAD new: [Permitted] City/25/00754/LDC — Land Bounded By Fleet Street, Salisbury Court, Salisbury Squ
2026-10-02 12:41:48 INFO LEAD new: [Permitted] City/25/00753/MDC — 40 Holborn Viaduct London EC1N 2PB
2026-10-02 12:41:48 INFO LEAD new: [Permitted] City/25/00755/MDC — Land Bounded By Fleet Street, Salisbury Court, Salisbury Squ
2026-10-02 12:41:48 INFO LEAD new: [Permitted] City/25/00746/LBC — Kings College Maughan Library Chancery Lane London WC2A 1LR
2026-10-02 12:41:48 INFO LEAD new: [Permitted] City/25/00748/MDC — 71 Fenchurch Street London EC3M 4BR
2026-10-02 12:41:48 INFO LEAD new: [Permitted] City/25/00747/FULL — Underground Car Park Mitre House 160 Aldersgate Street Londo
2026-10-02 12:41:48 INFO LEAD new: [Permitted] City/25/00745/ADVT — 33 Broadgate Circle London EC2M 2QS
2026-10-02 12:41:48 INFO LEAD new: [Permitted] City/25/00744/LBC — St Clements House 27 Clement's Lane London EC4N 7AE
2026-10-02 12:41:48 INFO LEAD new: [Permitted] City/25/00742/FULL — Public Convenience Monument Street London
2026-10-02 12:41:49 INFO LEAD new: [Permitted] City/25/00743/FULMAJ — St Clements House 27 & 28 Clement's Lane London EC4N 7AE
2026-10-02 12:41:49 INFO LEAD new: [Permitted] City/25/00733/NMA — Site Bounded By King William Street, Cannon Street, Abchurch
2026-10-02 12:41:49 INFO LEAD new: [Permitted] City/25/00738/MDC — Portsoken Pavilion 1 Aldgate Square London EC3N 1AF
2026-10-02 12:41:49 INFO LEAD new: [Permitted] City/25/00739/NMA — Peterborough Court 141 Fleet Street London EC4A 2BB
2026-10-02 12:41:49 INFO LEAD new: [Permitted] City/25/00732/ADVT — 10 Gresham Street London EC2V 7JD
2026-10-02 12:41:49 INFO LEAD new: [Permitted] City/25/00734/LBC — Apartment 1 Tapestry Building 16 New Street London EC2M 4TR
2026-10-02 12:41:49 INFO LEAD new: [Permitted] City/25/00728/FULL — Bow Bells House 1 Bread Street London EC4M 9BE
2026-10-02 12:41:49 INFO LEAD new: [Permitted] City/25/00721/ADVT — 1 Lime Street Passage London EC3V 1AY
2026-10-02 12:41:49 INFO LEAD new: [Permitted] City/25/00730/MDC — 20 Giltspur Street London EC1A 9DD
2026-10-02 12:41:50 INFO LEAD new: [Permitted] City/25/00727/NMA — Cripplegate House 1 Golden Lane London EC1Y 0RR
2026-10-02 12:41:50 INFO LEAD new: [Permitted] City/25/00720/MDC — Furnival Chambers 32 Furnival Street London EC4A 1JQ
2026-10-02 12:41:50 INFO LEAD new: [Permitted] City/25/00722/MDC — 1 Appold Street London EC2A 2UU
2026-10-02 12:41:50 INFO LEAD new: [Permitted] City/25/00719/MDC — 60 Queen Victoria Street London EC4N 4TZ
2026-10-02 12:41:50 INFO LEAD new: [Permitted] City/25/00717/LBC — 1 Prince's Street London EC2R 8BP
2026-10-02 12:41:50 INFO LEAD new: [Permitted] City/25/00716/FULL — 1 Prince's Street London EC2R 8BP
2026-10-02 12:41:50 INFO LEAD new: [Permitted] City/25/00715/MDC — 61 - 65 Holborn Viaduct London EC1A 2FD
2026-10-02 12:41:50 INFO LEAD new: [Permitted] City/25/00709/CLOPD — 1 Bartholomew Close London EC1A 7BL
2026-10-02 12:41:51 INFO LEAD new: [Permitted] City/25/00710/LDC — Finsbury Circus Gardens Finsbury Circus London EC2M 7DT
2026-10-02 12:41:51 INFO LEAD new: [Permitted] City/25/00702/MDC — Alban Gate 125 - 130 London Wall London EC2
2026-10-02 12:41:51 INFO LEAD new: [Permitted] City/25/00704/NMA — 40 Holborn Viaduct London EC1N 2PB
2026-10-02 12:41:51 INFO LEAD new: [Permitted] City/25/00708/LBC — St Mary Abchurch House 123 - 127 Cannon Street London EC4N 5
2026-10-02 12:41:51 INFO LEAD new: [Permitted] City/25/00703/FULL — Aldgate Underground Station Aldgate High Street London EC3N 
2026-10-02 12:41:51 INFO LEAD new: [Permitted] City/25/00707/MDC — 5 - 10 Great Tower Street London EC3R 5AA
2026-10-02 12:41:51 INFO LEAD new: [Permitted] City/25/00701/MDC — 1 - 2 Broadgate London EC2M 2QS
2026-10-02 12:41:52 INFO LEAD new: [Permitted] City/25/00700/5REG — 1 East Poultry Avenue London EC1A 9PT
2026-10-02 12:41:57 WARNING Rate limited (429); waiting 243s before retry 1/6
2026-10-02 12:46:02 INFO [city-of-london/Permitted] page at offset 1600: 100 records
2026-10-02 12:46:02 INFO LEAD new: [Permitted] City/25/00698/MDC — 33 Old Broad Street London EC2N 1HW
2026-10-02 12:46:03 INFO LEAD new: [Permitted] City/25/00737/PODC — Stonecutter Court 1 Stonecutter Street London EC4A 4TR
2026-10-02 12:46:03 INFO LEAD new: [Permitted] City/25/00699/LBC — Trinity House Trinity Square London EC3N 4DH
2026-10-02 12:46:04 INFO LEAD new: [Permitted] City/25/00696/MDC — 20 Giltspur Street London EC1A 9DD
2026-10-02 12:46:04 INFO LEAD new: [Permitted] City/25/00697/MDC — 20 Giltspur Street London EC1A 9DD
2026-10-02 12:46:04 INFO LEAD new: [Permitted] City/25/00695/LBC — The Mansion House Mansion House Street London EC4N 8BH
2026-10-02 12:46:04 INFO LEAD new: [Permitted] City/25/00692/5REG — Telecommunications Mast Plantation Place 30 Fenchurch Street
2026-10-02 12:46:05 INFO LEAD new: [Permitted] City/25/00694/MDC — 1 Appold Street London EC2A 2UU
2026-10-02 12:46:05 INFO LEAD new: [Permitted] City/25/00688/LBC — 7 King's Bench Walk London EC4Y 7DS
2026-10-02 12:46:06 INFO LEAD new: [Permitted] City/25/00687/NMA — 90 Liverpool Street London EC2M 2AT
2026-10-02 12:46:06 INFO LEAD new: [Permitted] City/25/00691/LBC — 4 Paper Buildings King's Bench Walk London EC4Y 7EX
2026-10-02 12:46:06 INFO LEAD new: [Permitted] City/25/00690/FULL — 4 Paper Buildings King's Bench Walk London EC4Y 7EX
2026-10-02 12:46:06 INFO LEAD new: [Permitted] City/25/00693/MDC — 1 Appold Street London EC2A 2UU
2026-10-02 12:46:07 INFO LEAD new: [Permitted] City/25/00683/NMA — 100 New Bridge Street London EC4V 6JA
2026-10-02 12:46:07 INFO LEAD new: [Permitted] City/25/00680/MDC — Daniel House And Mersey House (Former Daily Telegraph Buildi
2026-10-02 12:46:07 INFO LEAD new: [Permitted] City/25/00686/MDC — Alban Gate 125 - 130 London Wall London EC2
2026-10-02 12:46:08 INFO LEAD new: [Permitted] City/25/00685/FULL — 5 Aldermanbury Square London EC2V 7HR
2026-10-02 12:46:08 INFO LEAD new: [Permitted] City/25/00684/MDC — 6-8 Bishopsgate & 150 Leadenhall Street London EC3V 4QT
2026-10-02 12:46:09 INFO LEAD new: [Permitted] City/25/00736/PODC — 40 Holborn Viaduct London EC1N 2PB
2026-10-02 12:46:10 INFO LEAD new: [Permitted] City/25/00675/LBC — Scottish Provident Building 1 - 6 Lombard Street London EC3V
2026-10-02 12:46:11 INFO LEAD new: [Permitted] City/25/00689/OBS — Teviot Estate London E14 6QU
2026-10-02 12:46:12 INFO LEAD new: [Permitted] City/25/00681/PODC — 61 - 65 Holborn Viaduct London EC1A 2FD
2026-10-02 12:46:12 INFO LEAD new: [Permitted] City/25/00682/PODC — 40 Holborn Viaduct London EC1N 2PB
2026-10-02 12:46:12 INFO LEAD new: [Permitted] City/25/00676/MDC — 65 Gresham Street London EC2V 7NQ
2026-10-02 12:46:13 INFO LEAD new: [Permitted] City/25/00673/PODC — 60 Queen Victoria Street London EC4N 4TZ
2026-10-02 12:46:13 INFO LEAD new: [Permitted] City/25/00679/LDC — Daniel House And Mersey House (Former Daily Telegraph Buildi
2026-10-02 12:46:13 INFO LEAD new: [Permitted] City/25/00670/MDC — St Mary Abchurch House 123 - 127 Cannon Street London EC4N 5
2026-10-02 12:46:14 INFO LEAD new: [Permitted] City/25/00671/MDC — Woolgate Exchange 25 Basinghall Street London EC2V 5HA
2026-10-02 12:46:14 INFO LEAD new: [Permitted] City/25/00666/LBC — 9 Carmelite Street London EC4Y 0DR
2026-10-02 12:46:14 INFO LEAD new: [Permitted] City/25/00664/FULMAJ — St Brides House 10 Salisbury Square London EC4Y 8EH
2026-10-02 12:46:14 INFO LEAD new: [Permitted] City/25/00662/MDC — 60 Threadneedle Street London EC2R 8HP
2026-10-02 12:46:15 INFO LEAD new: [Permitted] City/25/00665/ADVT — 5 - 10 Great Tower Street London EC3R 5AA
2026-10-02 12:46:16 INFO LEAD new: [Permitted] City/25/00663/NMA — 65 Fleet Street London EC4Y 1HT
2026-10-02 12:46:17 INFO LEAD new: [Permitted] City/25/00660/MDC — 1 - 2 Broadgate London EC2M 2QS
2026-10-02 12:46:17 INFO LEAD new: [Permitted] City/25/00661/FULL — Offices 87 Moorgate London EC2M 6SA
2026-10-02 12:46:17 INFO LEAD new: [Permitted] City/25/00659/MDC — 60 Queen Victoria Street London EC4N 4TZ
2026-10-02 12:46:18 INFO LEAD new: [Permitted] City/25/00650/MDC — Site Bounded By King William Street, Cannon Street, Abchurch
2026-10-02 12:46:18 INFO LEAD new: [Permitted] City/25/00654/MDC — 200 Aldersgate Street London EC1A 4HD
2026-10-02 12:46:18 INFO LEAD new: [Permitted] City/25/00655/MDC — Winchester House 75 London Wall London EC2M 5NG
2026-10-02 12:46:18 INFO LEAD new: [Permitted] City/25/00652/NMA — 10 Gresham Street London EC2V 7JD
2026-10-02 12:46:19 INFO LEAD new: [Permitted] City/25/00656/MDC — Woolgate Exchange 25 Basinghall Street London EC2V 5HA
2026-10-02 12:46:19 INFO LEAD new: [Permitted] City/25/00649/MDC — Site Bounded By King William Street, Cannon Street, Abchurch
2026-10-02 12:46:19 INFO LEAD new: [Permitted] City/25/00645/FULL — America House 2 America Square London EC3N 2LU
2026-10-02 12:46:19 INFO LEAD new: [Permitted] City/25/00647/LBC — 4 Lombard Street London EC3V 9AA
2026-10-02 12:46:19 INFO LEAD new: [Permitted] City/25/00646/FULL — 9 - 11 Angel Court London EC2R 7HB
2026-10-02 12:46:20 INFO LEAD new: [Permitted] City/25/01135/PODC — 1 Broadgate London EC2M 2QS
2026-10-02 12:46:21 INFO LEAD new: [Permitted] City/25/00648/ADVT — 5 Chancery Lane London WC2A 1LG
2026-10-02 12:46:21 INFO LEAD new: [Permitted] City/25/00633/MDC — Land Bounded By Fleet Street, Salisbury Court, Salisbury Squ
2026-10-02 12:46:22 INFO LEAD new: [Permitted] City/25/00640/LBC — 331 Lauderdale Tower Barbican London EC2Y 8NA
2026-10-02 12:46:22 INFO LEAD new: [Permitted] City/25/00635/MDC — 33 Old Broad Street London EC2N 1HW
2026-10-02 12:46:22 INFO LEAD new: [Permitted] City/25/00634/MDC — Land Bounded By Fleet Street, Salisbury Court, Salisbury Squ
2026-10-02 12:46:23 INFO LEAD new: [Permitted] City/25/00639/FULL — 25 - 26 Lime Street London EC3M 7HR
2026-10-02 12:46:23 INFO LEAD new: [Permitted] City/25/00636/LDC — 7 - 8 Bishopsgate Churchyard London EC2M 3TJ
2026-10-02 12:46:23 INFO LEAD new: [Permitted] City/25/00631/ADVT — 216 Bishopsgate London EC2M 4PT
2026-10-02 12:46:24 INFO LEAD new: [Permitted] City/25/00627/LBC — 1 London Wall Buildings London EC2M 5PG
2026-10-02 12:46:24 INFO LEAD new: [Permitted] City/25/00629/MDC — St Magnus House 3 Lower Thames Street London EC3R 6HD
2026-10-02 12:46:24 INFO LEAD new: [Permitted] City/25/00632/NMA — 1-5 London Wall Buildings London Wall London EC2M 5PG
2026-10-02 12:46:24 INFO LEAD new: [Permitted] City/25/00628/LBC — 1 London Wall Buildings London EC2M 5PG
2026-10-02 12:46:25 INFO LEAD new: [Permitted] City/25/00630/MDC — 120 Old Broad Street London EC2N 1AR
2026-10-02 12:46:25 INFO LEAD new: [Permitted] City/25/00623/ADVT — 25 Moorgate London EC2R 6AR
2026-10-02 12:46:25 INFO LEAD new: [Permitted] City/25/00620/ADVT — 160 - 161 Salisbury House London Wall London EC2M 5QD
2026-10-02 12:46:26 INFO LEAD new: [Permitted] City/25/00612/LDC — 7 - 8 Bishopsgate Churchyard London EC2M 3TJ
2026-10-02 12:46:27 INFO LEAD new: [Permitted] City/25/00611/FULLR3 — 70 St Mary Axe London EC3A 8BA
2026-10-02 12:46:27 INFO LEAD new: [Permitted] City/25/00605/FULLR3 — St Botolph-Without-Bishopgate Bishopsgate London EC2M 3TL
2026-10-02 12:46:28 INFO LEAD new: [Permitted] City/25/00607/LBC — Chapter House St Paul's Churchyard London EC4M 8AD
2026-10-02 12:46:28 INFO LEAD new: [Permitted] City/25/00606/FULL — Offices 1 Fleet Place London EC4M 7RA
2026-10-02 12:46:28 INFO LEAD new: [Permitted] City/25/00600/LBC — 38 - 40 Ludgate Hill London EC4M 7DE
2026-10-02 12:46:28 INFO LEAD new: [Permitted] City/25/00597/FULL — The Ship Public House 11 Talbot Court London EC3V 0BP
2026-10-02 12:46:28 INFO LEAD new: [Permitted] City/21/00622/FULEIA/DOV — 115 - 123 Houndsditch London EC3A 7BU
2026-10-02 12:46:29 INFO LEAD new: [Permitted] City/25/00598/ADVT — The Ship Public House 11 Talbot Court London EC3V 0BP
2026-10-02 12:46:29 INFO LEAD new: [Permitted] City/25/00592/LDC — St Mary Abchurch House 123 - 127 Cannon Street London EC4N 5
2026-10-02 12:46:29 INFO LEAD new: [Permitted] City/25/00589/CLOPD — 30 St Mary Axe London EC3A 8BF
2026-10-02 12:46:29 INFO LEAD new: [Permitted] City/25/00590/ADVT — 34 London Wall London EC2M 5QX
2026-10-02 12:46:30 INFO LEAD new: [Permitted] City/25/00584/FULL — Exchange Square London EC2A 2BR
2026-10-02 12:46:30 INFO LEAD new: [Permitted] City/25/00581/MDC — 160 Queen Victoria Street London EC4V 4BF
2026-10-02 12:46:31 INFO LEAD new: [Permitted] City/25/00585/ADVT — Exchange Square London EC2A 2BR
2026-10-02 12:46:32 INFO LEAD new: [Permitted] City/25/00578/MDC — 1 Appold Street London EC2A 2UU
2026-10-02 12:46:32 INFO LEAD new: [Permitted] City/25/00574/MDC — 1 Appold Street London EC2A 2UU
2026-10-02 12:46:32 INFO LEAD new: [Permitted] City/25/00571/MDC — City Tower And City Place House 40 - 55 Basinghall Street Lo
2026-10-02 12:46:32 INFO LEAD new: [Permitted] City/25/00567/MDC — 1 Appold Street London EC2A 2UU
2026-10-02 12:46:33 INFO LEAD new: [Permitted] City/25/00575/MDC — 1 Appold Street London EC2A 2UU
2026-10-02 12:46:33 INFO LEAD new: [Permitted] City/25/00569/MDC — 1 Basinghall Avenue London EC2V 5DD
2026-10-02 12:46:33 INFO LEAD new: [Permitted] City/25/00576/MDC — 1 Appold Street London EC2A 2UU
2026-10-02 12:46:34 INFO LEAD new: [Permitted] City/25/00573/MDC — 1 - 2 Broadgate London EC2M 2QS
2026-10-02 12:46:34 INFO LEAD new: [Permitted] City/25/00568/FULL — 3 Middle Street London EC1A 7JA
2026-10-02 12:46:34 INFO LEAD new: [Permitted] City/25/00582/5REG — Octagon Point 5 Cheapside London EC2V 6AA
2026-10-02 12:46:34 INFO LEAD new: [Permitted] City/25/00572/MDC — 1 Appold Street London EC2A 2UU
2026-10-02 12:46:35 INFO LEAD new: [Permitted] City/25/00577/MDC — 1 Appold Street London EC2A 2UU
2026-10-02 12:46:35 INFO LEAD new: [Permitted] City/25/00579/MDC — Snow Hill Police Station 5 Snow Hill London EC1A 2DP
2026-10-02 12:46:35 INFO LEAD new: [Permitted] City/25/00566/CLOPD — 5 Ave Maria Lane London EC4M 7AQ
2026-10-02 12:46:35 INFO LEAD new: [Permitted] City/25/00570/MDC — City Tower And City Place House 40 - 55 Basinghall Street Lo
2026-10-02 12:46:36 INFO LEAD new: [Permitted] City/25/00562/LDC — Daniel House And Mersey House (Former Daily Telegraph Buildi
2026-10-02 12:46:36 INFO LEAD new: [Permitted] City/25/00563/MDC — Finsbury Circus Gardens Finsbury Circus London
2026-10-02 12:46:36 INFO LEAD new: [Permitted] City/25/00561/MDC — Winchester House 75 London Wall London EC2M 5NG
2026-10-02 12:46:37 INFO LEAD new: [Permitted] City/25/00564/LBC — Scottish Provident Building 1 - 6 Lombard Street London EC3V
2026-10-02 12:46:37 INFO LEAD new: [Permitted] City/25/00560/MDC — 100 New Bridge Street London EC4V 6JA
2026-10-02 12:46:38 INFO LEAD new: [Permitted] City/25/00559/NMA — 40 Holborn Viaduct London EC1N 2PB
2026-10-02 12:46:38 INFO LEAD new: [Permitted] City/25/00613/PODC — 65 Gresham Street London EC2V 7NQ
2026-10-02 12:46:38 INFO LEAD new: [Permitted] City/25/00548/LBC — 83 - 87 Gracechurch Street London EC3V 0AA
2026-10-02 12:46:39 INFO LEAD new: [Permitted] City/25/00542/ADVT — 2 Old Change Court London EC4M 8EN
2026-10-02 12:46:45 INFO [city-of-london/Permitted] page at offset 1700: 100 records
2026-10-02 12:46:45 INFO LEAD new: [Permitted] City/25/00537/FULL — 30 Gresham Street London EC2V 7PG
2026-10-02 12:46:46 INFO LEAD new: [Permitted] City/25/00531/FULL — 1 Basinghall Avenue London EC2V 5DD
2026-10-02 12:46:46 INFO LEAD new: [Permitted] City/25/00762/PODC — 1 - 2 Broadgate London EC2M 2QS
2026-10-02 12:46:47 INFO LEAD new: [Permitted] City/20/00462/FULL/DOV — 1 - 2 Broadgate London EC2M 2QS
2026-10-02 12:46:48 INFO LEAD new: [Permitted] City/25/00517/MDC — Finsbury Circus Gardens Finsbury Circus London
2026-10-02 12:46:48 INFO LEAD new: [Permitted] City/25/00521/MDC — Woolgate Exchange 25 Basinghall Street London EC2V 5HA
2026-10-02 12:46:49 INFO LEAD new: [Permitted] City/25/00514/OBS — Land Bounded By Wandsworth Road To The West, Parry Street To
2026-10-02 12:46:49 INFO LEAD new: [Permitted] City/25/00523/MDC — Winchester House 75 London Wall London EC2M 5NG
2026-10-02 12:46:51 INFO LEAD new: [Permitted] City/25/00515/MDC — Finsbury Circus Gardens Finsbury Circus London
2026-10-02 12:46:51 INFO LEAD new: [Permitted] City/25/00505/MDC — Dining Wall Retail Unit Cheapside House 138 Cheapside London
2026-10-02 12:46:51 INFO LEAD new: [Permitted] City/25/00705/PODC — Site Bounded By King William Street, Cannon Street, Abchurch
2026-10-02 12:46:51 INFO LEAD new: [Permitted] City/25/00706/PODC — Site Bounded By King William Street, Cannon Street, Abchurch
2026-10-02 12:46:52 INFO LEAD new: [Permitted] City/25/00488/OBS — Teviot Estate, London, E14 6QU
2026-10-02 12:46:53 INFO LEAD new: [Permitted] City/25/00486/SCOP — Swan Pier Swan Lane London
2026-10-02 12:46:53 INFO LEAD new: [Permitted] City/25/00558/PODC — 65 Fleet Street London EC4Y 1HT
2026-10-02 12:46:53 INFO LEAD new: [Permitted] City/25/00461/FULL — City of London School For Girls St Giles' Terrace Barbican L
2026-10-02 12:46:54 INFO LEAD new: [Permitted] City/25/00459/FULL — City of London School For Girls St Giles' Terrace Barbican L
2026-10-02 12:46:54 INFO LEAD new: [Permitted] City/25/00460/LBC — City of London School For Girls St Giles' Terrace Barbican L
2026-10-02 12:46:54 INFO LEAD new: [Permitted] City/25/00462/LBC — City of London School For Girls St Giles' Terrace Barbican L
2026-10-02 12:46:54 INFO LEAD new: [Permitted] City/25/00466/LDC — Daniel House And Mersey House (Former Daily Telegraph Buildi
2026-10-02 12:46:56 INFO LEAD new: [Permitted] City/25/00464/LBC — Guildhall Building Structure Guildhall Yard London EC2V 7HH
2026-10-02 12:46:56 INFO LEAD new: [Permitted] City/25/00457/MDC — River Foreshore Adjacent To Riverbank House Swan Lane EC4R 3
2026-10-02 12:46:56 INFO LEAD new: [Permitted] City/25/00449/NMA — 65 Gresham Street London EC2V 7NQ
2026-10-02 12:46:57 INFO LEAD new: [Permitted] City/25/00446/PODC — The Broadgate Tower 20 Primrose Street London EC2A 2EW
2026-10-02 12:46:58 INFO LEAD new: [Permitted] City/25/00487/PODC — Site Bounded By Fenchurch Street, Mark Lane, Dunster Court A
2026-10-02 12:47:00 INFO LEAD new: [Permitted] City/25/00437/MDC — 43 - 47 Leadenhall Market London EC3V 1LT
2026-10-02 12:47:03 INFO LEAD new: [Permitted] City/25/00432/LDC — Adelaide House London Bridge London EC4R 9HA
2026-10-02 12:47:05 INFO LEAD new: [Permitted] City/25/00422/MDC — 38 Chancery Lane London WC2A 1EN
2026-10-02 12:47:08 INFO LEAD new: [Permitted] City/25/00427/PODC — 65 Fleet Street London EC4Y 1HT
2026-10-02 12:47:10 INFO LEAD new: [Permitted] City/25/00403/MDC — Poultry Market And General Market And The Annexe Buildings W
2026-10-02 12:47:13 INFO LEAD new: [Permitted] City/25/00405/MDC — Dashwood House 69 Old Broad Street London EC2M 1QS
2026-10-02 12:47:17 INFO LEAD new: [Permitted] City/25/00406/OBS — 77 Marsh Wall, London, E14 9SH
2026-10-02 12:47:19 INFO LEAD new: [Permitted] City/25/00391/MDC — 1 Undershaft London EC3P 3DQ
2026-10-02 12:47:23 INFO LEAD new: [Permitted] City/25/00381/NMA — Lloyds Chambers 1 Portsoken Street London E1 8BT
2026-10-02 12:47:26 INFO LEAD new: [Permitted] City/25/00384/PODC — Friary Court 65 Crutched Friars London EC3N 2AE
2026-10-02 12:47:28 INFO LEAD new: [Permitted] City/25/00373/ADVT — 134 Aldersgate Street London EC1A 4JA
2026-10-02 12:47:31 INFO LEAD new: [Permitted] City/25/00376/MDC — 9 Bridewell Place London EC4V 6AW
2026-10-02 12:47:33 INFO LEAD new: [Permitted] City/25/00375/FULL — 101 Moorgate London EC2M 6SA
2026-10-02 12:47:37 INFO LEAD new: [Permitted] City/25/00587/PODC — Leadenhall Court 1 Leadenhall Street London EC3V 1PP
2026-10-02 12:47:40 INFO LEAD new: [Permitted] City/25/00366/FULL — City of London School For Girls St Giles' Terrace Barbican L
2026-10-02 12:47:44 INFO LEAD new: [Permitted] City/25/00365/MDC — Friary Court 65 Crutched Friars London EC3N 2AE
2026-10-02 12:47:47 INFO LEAD new: [Permitted] City/25/00364/DPAR — 5 Broadgate London EC2M 2QS
2026-10-02 12:47:51 INFO LEAD new: [Permitted] City/25/00369/FULL — 15 Austin Friars London EC2N 2HE
2026-10-02 12:47:52 INFO LEAD new: [Permitted] City/25/00363/NMA — Site Bounded By King William Street, Cannon Street, Abchurch
2026-10-02 12:47:54 INFO LEAD new: [Permitted] City/25/00361/NMA — Site Bounded By King William Street, Cannon Street, Abchurch
2026-10-02 12:47:58 INFO LEAD new: [Permitted] City/25/00367/LBC — City of London School For Girls St Giles' Terrace Barbican L
2026-10-02 12:47:59 INFO LEAD new: [Permitted] City/25/00350/LBC — 26 Throgmorton Street London EC2N 2AN
2026-10-02 12:48:02 INFO LEAD new: [Permitted] City/25/00357/MDC — 100 And 108 Fetter Lane London EC4A 1ES
2026-10-02 12:48:05 INFO LEAD new: [Permitted] City/25/00334/NMA — The Broadgate Tower 20 Primrose Street London EC2A 2EW
2026-10-02 12:48:09 INFO LEAD new: [Permitted] City/25/00340/5REG — Middlesex Street Estate Petticoat Square London
2026-10-02 12:48:10 INFO LEAD new: [Permitted] City/25/00328/FULL — 158 - 170 Aldersgate Street London EC1A 4HT
2026-10-02 12:48:13 INFO LEAD new: [Permitted] City/25/00339/PODC — 65 Fleet Street London EC4Y 1HT
2026-10-02 12:48:15 INFO LEAD new: [Permitted] City/25/00326/ADVT — 66 London Wall London EC2M 5TN
2026-10-02 12:48:18 INFO LEAD new: [Permitted] City/25/00327/PODC — 55 And 65 Old Broad Street London EC2M 1RX
2026-10-02 12:48:19 INFO LEAD new: [Permitted] City/25/00318/FULL — 90 Liverpool Street London EC2M 2AT
2026-10-02 12:48:21 INFO LEAD new: [Permitted] City/25/00317/OBS — 6, Farringdon Road, London
2026-10-02 12:48:24 INFO LEAD new: [Permitted] City/25/00309/MDC — Site Bounded By Fenchurch Street, Mark Lane, Dunster Court A
2026-10-02 12:48:26 INFO LEAD new: [Permitted] City/25/00308/MDC — Peterborough Court 133 Fleet Street London EC4A 2BB
2026-10-02 12:48:28 INFO LEAD new: [Permitted] City/25/00298/MDC — Daniel House And Mersey House (Former Daily Telegraph Buildi
2026-10-02 12:48:30 INFO LEAD new: [Permitted] City/25/00296/MDC — Woolgate Exchange 25 Basinghall Street London EC2V 5HA
2026-10-02 12:48:32 INFO LEAD new: [Permitted] City/25/00292/LBC — Royal Exchange Cornhill London EC3V 3DG
2026-10-02 12:48:35 INFO LEAD new: [Permitted] City/25/00289/FULL — 18 - 19 Eldon Street London EC2M 7LA
2026-10-02 12:48:38 INFO LEAD new: [Permitted] City/25/00290/ADVT — 18 - 19 Eldon Street London EC2M 7LA
2026-10-02 12:48:41 INFO LEAD new: [Permitted] City/25/00286/MDC — City of London School 107 Queen Victoria Street London EC4V 
2026-10-02 12:48:43 INFO LEAD new: [Permitted] City/25/00283/MDC — 1 - 2 Broadgate London EC2M 2QS
2026-10-02 12:48:45 INFO LEAD new: [Permitted] City/25/00282/CLOPD — Walbrook Wharf 79 - 83 Upper Thames Street London EC4R 3TD
2026-10-02 12:48:48 INFO LEAD new: [Permitted] City/25/00277/MDC — Site Bounded By King William Street, Cannon Street, Abchurch
2026-10-02 12:48:51 INFO LEAD new: [Permitted] City/25/00275/MDC — Site Bounded By King William Street, Cannon Street, Abchurch
2026-10-02 12:48:53 INFO LEAD new: [Permitted] City/25/00281/LBC — 701 Frobisher Crescent London EC2Y 8HD
2026-10-02 12:48:56 INFO LEAD new: [Permitted] City/25/00264/PODC — 100 Fetter Lane London EC4A 1ES
2026-10-02 12:48:59 INFO LEAD new: [Permitted] City/25/00265/PODC — 61 - 65 Holborn Viaduct, London, EC1A 2FD
2026-10-02 12:49:01 INFO LEAD new: [Permitted] City/25/00266/OBS — New City Court, 4-26 St Thomas Street, London
2026-10-02 12:49:03 INFO LEAD new: [Permitted] City/25/00263/MDC — 1 Undershaft London EC3A 8EE
2026-10-02 12:49:05 INFO LEAD new: [Permitted] City/25/00259/MDC — 14-21 Holborn Viaduct 32-33 & 34-35 Farringdon Street London
2026-10-02 12:49:07 INFO LEAD new: [Permitted] City/25/00257/LDC — Daniel House And Mersey House (Former Daily Telegraph Buildi
2026-10-02 12:49:10 INFO LEAD new: [Permitted] City/25/00255/LDC — Daniel House And Mersey House (Former Daily Telegraph Buildi
2026-10-02 12:49:12 INFO LEAD new: [Permitted] City/25/00447/PODC — 2-3 Finsbury Avenue London EC2M 2PF
2026-10-02 12:49:14 INFO LEAD new: [Permitted] City/25/00254/MDC — Daniel House And Mersey House (Former Daily Telegraph Buildi
2026-10-02 12:49:16 INFO LEAD new: [Permitted] City/25/00251/MDC — Winchester House 75 London Wall London EC2M 5NG
2026-10-02 12:49:17 INFO LEAD new: [Permitted] City/25/00249/LDC — Daniel House And Mersey House (Former Daily Telegraph Buildi
2026-10-02 12:49:19 INFO LEAD new: [Permitted] City/25/00246/LBC — St Martins House 16 St Martin's-le-grand London EC1A 4EN
2026-10-02 12:49:20 INFO LEAD new: [Permitted] City/25/00235/FULL — 2 Bayer House Golden Lane Estate London EC1Y 0RN
2026-10-02 12:49:22 INFO LEAD new: [Permitted] City/25/00236/LBC — 2 Bayer House Golden Lane Estate London EC1Y 0RN
2026-10-02 12:49:23 INFO LEAD new: [Permitted] City/25/00234/FULL — 36 Coleman Street London EC2R 5EH
2026-10-02 12:49:25 INFO LEAD new: [Permitted] City/25/00233/ADVT — From Lambeth Hill To Old Fish Street Hill Queen Victoria Str
2026-10-02 12:49:26 INFO LEAD new: [Permitted] City/25/00228/PODC — 55 And 65 Old Broad Street London EC2M 1RX
2026-10-02 12:49:28 INFO LEAD new: [Permitted] City/25/00229/ADVT — 24 King William Street London EC4R 9AT
2026-10-02 12:49:29 INFO LEAD new: [Permitted] City/25/00227/PODC — 55 And 65 Old Broad Street London EC2M 1RX
2026-10-02 12:49:31 INFO LEAD new: [Permitted] City/25/00225/MDC — 61 - 65 Holborn Viaduct London EC1A 2FD
2026-10-02 12:49:32 INFO LEAD new: [Permitted] City/25/00224/ADVT — Retail Unit 1 140 Aldersgate Street London EC1A 4HY
2026-10-02 12:49:32 INFO LEAD new: [Permitted] City/25/00207/MDC — 55 And 65 Old Broad Street London EC2M 1RX
2026-10-02 12:49:33 INFO LEAD new: [Permitted] City/25/00215/LDC — Daniel House And Mersey House (Former Daily Telegraph Buildi
2026-10-02 12:49:33 INFO LEAD new: [Permitted] City/25/00216/MDC — Daniel House And Mersey House (Former Daily Telegraph Buildi
2026-10-02 12:49:34 INFO LEAD new: [Permitted] City/25/00206/NMA — Northcliffe House 26-30 Tudor Street, 16-22 Bouverie Street 
2026-10-02 12:49:34 INFO LEAD new: [Permitted] City/25/00208/MDC — 55 And 65 Old Broad Street London EC2M 1RX
2026-10-02 12:49:36 INFO LEAD new: [Permitted] City/25/00220/PODC — The Broadgate Tower 20 Primrose Street London EC2A 2EW
2026-10-02 12:49:37 INFO LEAD new: [Permitted] City/25/00219/PODC — The Broadgate Tower 20 Primrose Street London EC2A 2EW
2026-10-02 12:49:39 INFO LEAD new: [Permitted] City/25/00221/PODC — The Broadgate Tower 20 Primrose Street London EC2A 2EW
2026-10-02 12:49:39 INFO LEAD new: [Permitted] City/25/00205/MDC — 1 New Change London EC4M 9AF
2026-10-02 12:49:41 INFO LEAD new: [Permitted] City/25/00204/LBC — Basildon House 7 - 11 Moorgate London EC2R 6AF
2026-10-02 12:49:50 INFO [city-of-london/Permitted] page at offset 1800: 100 records
2026-10-02 12:49:50 INFO LEAD new: [Permitted] City/25/00194/MDC — 155 Bishopsgate London EC2M 3TQ
2026-10-02 12:49:50 INFO LEAD new: [Permitted] City/25/00193/ADVT — Lloyds Chambers 1 Portsoken Street London E1 8BT
2026-10-02 12:49:51 INFO LEAD new: [Permitted] City/25/00198/LBC — 20 Andrewes House Barbican London EC2Y 8AX
2026-10-02 12:49:53 INFO LEAD new: [Permitted] City/25/00190/MDC — Mersey House And Daniel House 131 - 141 Fleet Street London 
2026-10-02 12:49:54 INFO LEAD new: [Permitted] City/25/00189/LDC — Mersey House And Daniel House 131 - 141 Fleet Street London 
2026-10-02 12:49:55 INFO LEAD new: [Permitted] City/25/00195/MDC — 155 Bishopsgate London EC2M 3TQ
2026-10-02 12:49:56 INFO LEAD new: [Permitted] City/25/00183/MDC — 90 Liverpool Street London EC2M 2AT
2026-10-02 12:49:56 INFO LEAD new: [Permitted] City/25/00184/FULL — Pavilion Unit 4 Tower 42 25 Old Broad Street London EC2N 1HQ
2026-10-02 12:49:56 INFO LEAD new: [Permitted] City/25/00191/LBC — St Mary Abchurch House 123 - 127 Cannon Street London EC4N 5
2026-10-02 12:49:57 INFO LEAD new: [Permitted] City/25/00182/LBC — 310 Willoughby House Barbican London EC2Y 8BL
2026-10-02 12:49:57 INFO LEAD new: [Permitted] City/25/00180/MDC — 1 Undershaft London EC3A 8EE
2026-10-02 12:49:58 INFO LEAD new: [Permitted] City/25/00178/NMA — St Mary Abchurch House 123 - 127 Cannon Street London EC4N 5
2026-10-02 12:49:58 INFO LEAD new: [Permitted] City/25/00181/PODC — Stonecutter Court 1 Stonecutter Street London EC4A 4TR
2026-10-02 12:49:58 INFO LEAD new: [Permitted] City/25/00179/PODC — 1 Undershaft London EC3A 8EE
2026-10-02 12:49:59 INFO LEAD new: [Permitted] City/25/00169/MDC — 16 Eastcheap London EC3M 1BD
2026-10-02 12:49:59 INFO LEAD new: [Permitted] City/25/00163/FULL — 94 Moorgate London EC2M 6UR
2026-10-02 12:50:00 INFO LEAD new: [Permitted] City/25/00164/LBC — 94 Moorgate London EC2M 6UR
2026-10-02 12:50:00 INFO LEAD new: [Permitted] City/25/00160/FULL — 4 - 6 Throgmorton Avenue London EC2N 2DL
2026-10-02 12:50:00 INFO LEAD new: [Permitted] City/25/00165/ADVT — 94 Moorgate London EC2M 6UR
2026-10-02 12:50:01 INFO LEAD new: [Permitted] City/25/00159/NMA — 30 Gresham Street London EC2V 7PG
2026-10-02 12:50:01 INFO LEAD new: [Permitted] City/25/00130/MDC — 65 Fleet Street London EC4Y 1HT
2026-10-02 12:50:02 INFO LEAD new: [Permitted] City/25/00128/NMA — 55 And 65 Old Broad Street London EC2M 1RX
2026-10-02 12:50:02 INFO LEAD new: [Permitted] City/25/00142/PODC — Winchester House 75 London Wall London EC2M 5NG
2026-10-02 12:50:03 INFO LEAD new: [Permitted] City/25/00131/MDC — 65 Fleet Street London EC4Y 1HT
2026-10-02 12:50:04 INFO LEAD new: [Permitted] City/25/00129/MDC — 65 Fleet Street London EC4Y 1HT
2026-10-02 12:50:05 INFO LEAD new: [Permitted] City/25/00151/FULL — The Irish Chamber 1 Guildhall Yard London EC2V 5AE
2026-10-02 12:50:07 INFO LEAD new: [Permitted] City/25/00152/LBC — The Irish Chamber 1 Guildhall Yard London EC2V 5AE
2026-10-02 12:50:08 INFO LEAD new: [Permitted] City/25/00104/LBC — Golden Lane Leisure Centre Golden Lane Estate London EC1Y 0S
2026-10-02 12:50:09 INFO LEAD new: [Permitted] City/25/00109/MDC — 100 And 108 Fetter Lane London EC4A 1ES
2026-10-02 12:50:11 INFO LEAD new: [Permitted] City/25/00106/PODC — 55 And 65 Old Broad Street London EC2M 1RX
2026-10-02 12:50:11 INFO LEAD new: [Permitted] City/25/00100/MDC — 55 And 65 Old Broad Street London EC2M 1RX
2026-10-02 12:50:12 INFO LEAD new: [Permitted] City/25/00097/NMA — 100 New Bridge Street London EC4V 6JA
2026-10-02 12:50:14 INFO LEAD new: [Permitted] City/25/00095/LBC — Central Criminal Court Old Bailey London EC4M 7EH
2026-10-02 12:50:15 INFO LEAD new: [Permitted] City/25/00096/FULL — Haberdashers Hall 18 West Smithfield London EC1A 9HQ
2026-10-02 12:50:18 INFO LEAD new: [Permitted] City/25/00099/MDC — 55 And 65 Old Broad Street London EC2M 1RX
2026-10-02 12:50:19 INFO LEAD new: [Permitted] City/25/00091/MDC — 60 Threadneedle Street London EC2R 8HP
2026-10-02 12:50:21 INFO LEAD new: [Permitted] City/25/00086/ADVT — 115 - 123 Houndsditch London EC3A 7BU
2026-10-02 12:50:23 INFO LEAD new: [Permitted] City/25/00084/ADVT — Site Bounded By King William Street, Cannon Street, Abchurch
2026-10-02 12:50:25 INFO LEAD new: [Permitted] City/25/00088/PPA — Carpenters Hall 1 Throgmorton Avenue London
2026-10-02 12:50:26 INFO LEAD new: [Permitted] City/25/00071/LDC — St Martins House 16 St Martin's-le-grand London EC1A 4EN
2026-10-02 12:50:26 INFO LEAD new: [Permitted] City/25/00070/NMA — Stonecutter Court 1 Stonecutter Street London EC4A 4TR
2026-10-02 12:50:27 INFO LEAD new: [Permitted] City/25/00079/MDC — 55 And 65 Old Broad Street London EC2M 1RX
2026-10-02 12:50:28 INFO LEAD new: [Permitted] City/25/00077/PODC — 65 Fleet Street London EC4Y 1HT
2026-10-02 12:50:28 INFO LEAD new: [Permitted] City/25/00074/ADVT — Retail Unit 3-5 Paternoster Row London EC4M 8AB
2026-10-02 12:50:28 INFO LEAD new: [Permitted] City/25/00078/MDC — 55 And 65 Old Broad Street London EC2M 1RX
2026-10-02 12:50:28 INFO LEAD new: [Permitted] City/25/00066/MDC — 7 Devonshire Square London EC2M 4YH
2026-10-02 12:50:29 INFO LEAD new: [Permitted] City/25/00067/MDC — 4 Frederick's Place London EC2R 8AB
2026-10-02 12:50:29 INFO LEAD new: [Permitted] City/25/00057/MDC — Peterborough Court 133 Fleet Street London EC4A 2BB
2026-10-02 12:50:30 INFO LEAD new: [Permitted] City/25/00056/MDC — Peterborough Court 133 Fleet Street London EC4A 2BB
2026-10-02 12:50:30 INFO LEAD new: [Permitted] City/25/00064/ADVT — 71 Fenchurch Street London EC3M 4BR
2026-10-02 12:50:30 INFO LEAD new: [Permitted] City/25/00065/MDC — 94 Moorgate London EC2M 6UR
2026-10-02 12:50:31 INFO LEAD new: [Permitted] City/25/00060/MDC — 55 And 65 Old Broad Street London EC2M 1RX
2026-10-02 12:50:31 INFO LEAD new: [Permitted] City/25/00061/MDC — 55 And 65 Old Broad Street London EC2M 1RX
2026-10-02 12:50:31 INFO LEAD new: [Permitted] City/25/00062/MDC — 55 And 65 Old Broad Street London EC2M 1RX
2026-10-02 12:50:32 INFO LEAD new: [Permitted] City/25/00054/OBS — London College of Communications Site (West Site), Elephant 
2026-10-02 12:50:33 INFO LEAD new: [Permitted] City/25/00055/MDC — 65 Fleet Street London EC4Y 1HT
2026-10-02 12:50:33 INFO LEAD new: [Permitted] City/25/00046/ADVT — 26 Wormwood Street London EC2M 1RP
2026-10-02 12:50:33 INFO LEAD new: [Permitted] City/25/00047/MDC — 1 Great St Helen's London EC3A 6AP
2026-10-02 12:50:34 INFO LEAD new: [Permitted] City/25/00045/LBC — 1-5 London Wall Buildings London Wall London EC2M 5NS
2026-10-02 12:50:34 INFO LEAD new: [Permitted] City/25/00042/FULL — Dining Wall Retail Unit Cheapside House 138 Cheapside London
2026-10-02 12:50:34 INFO LEAD new: [Permitted] City/25/00039/LBC — Art Gallery Barbican Arts And Conference Centre Silk Street 
2026-10-02 12:50:35 INFO LEAD new: [Permitted] City/25/00037/ADVT — Seal House 1 Swan Lane London EC4R 3TN
2026-10-02 12:50:35 INFO LEAD new: [Permitted] City/25/00035/ADVT — City Place House 55 Basinghall Street London EC2V 5DX
2026-10-02 12:50:35 INFO LEAD new: [Permitted] City/25/00030/MDC — Land Bounded By Fleet Street, Salisbury Court, Salisbury Squ
2026-10-02 12:50:36 INFO LEAD new: [Permitted] City/25/00028/MDC — 120 Old Broad Street London EC2N 1AR
2026-10-02 12:50:36 INFO LEAD new: [Permitted] City/25/00022/LBC — 6 Wallside Barbican London EC2Y 8BH
2026-10-02 12:50:36 INFO LEAD new: [Permitted] City/25/00023/PODC — 5 - 10 Great Tower Street London EC3R 5AA
2026-10-02 12:50:37 INFO LEAD new: [Permitted] City/25/00026/MDC — Winchester House 75 London Wall London EC2M 5NG
2026-10-02 12:50:37 INFO LEAD new: [Permitted] City/25/00020/OBS — Euston Tower 286 Euston Road London NW1 3DP
2026-10-02 12:50:37 INFO LEAD new: [Permitted] City/25/00024/PODC — 5 - 10 Great Tower Street London EC3R 5AA
2026-10-02 12:50:37 INFO LEAD new: [Permitted] City/25/00027/OBS — New City Court, 4-26 St Thomas Street, London
2026-10-02 12:50:38 INFO LEAD new: [Permitted] City/25/00017/ADVT — 82 Moorgate London EC2M 6SE
2026-10-02 12:50:39 INFO LEAD new: [Permitted] City/25/00015/NMA — St Paul's Cathedral School 2 New Change London EC4M 9AD
2026-10-02 12:50:39 INFO LEAD new: [Permitted] City/25/00018/ADVT — 25 Birchin Lane London EC3V 9DJ
2026-10-02 12:50:39 INFO LEAD new: [Permitted] City/25/00014/MDC — 5 Chancery Lane London WC2A 1LG
2026-10-02 12:50:40 INFO LEAD new: [Permitted] City/25/00007/MDC — 10-16 Bevis Marks London EC3A 7LH
2026-10-02 12:50:40 INFO LEAD new: [Permitted] City/25/00009/LDC — 71 Fenchurch Street London EC3M 4BR
2026-10-02 12:50:40 INFO LEAD new: [Permitted] City/25/00002/ADVT — Unit 20 5 New Street Square New Fetter Lane London EC4A 3BF
2026-10-02 12:50:41 INFO LEAD new: [Permitted] City/25/00001/DPAR — Tower Place West Tower Place London EC3R 5BU
2026-10-02 12:50:41 INFO LEAD new: [Permitted] City/24/01374/5REG — Telecommunications Mast Salisbury Square House 8 Salisbury S
2026-10-02 12:50:41 INFO LEAD new: [Permitted] City/24/01375/OBS — 79-161 Ilderton Road, London, Southwark
2026-10-02 12:50:41 INFO LEAD new: [Permitted] City/24/01371/MDC — 10-16 Bevis Marks London EC3A 7LH
2026-10-02 12:50:42 INFO LEAD new: [Permitted] City/24/01370/MDC — 10-16 Bevis Marks London EC3A 7LH
2026-10-02 12:50:42 INFO LEAD new: [Permitted] City/24/01373/LBC — Offices 9 Carmelite Street London EC4Y 0DR
2026-10-02 12:50:42 INFO LEAD new: [Permitted] City/24/01366/MDC — 5 New Street Square London EC4A 3BF
2026-10-02 12:50:42 INFO LEAD new: [Permitted] City/24/01364/PODC — 101 Moorgate London EC2M 6SA
2026-10-02 12:50:43 INFO LEAD new: [Permitted] City/24/01351/ADVT — Alder Castle House 10 Noble Street London EC2V 7JX
2026-10-02 12:50:44 INFO LEAD new: [Permitted] City/24/01346/MDC — The Broadgate Tower 20 Primrose Street London EC2A 2EW
2026-10-02 12:50:44 INFO LEAD new: [Permitted] City/24/01350/MDC — The Broadgate Tower 20 Primrose Street London EC2A 2EW
2026-10-02 12:50:44 INFO LEAD new: [Permitted] City/24/01355/LBC — The Ned Hotel 27 Poultry London EC2R 8AJ
2026-10-02 12:50:45 INFO LEAD new: [Permitted] City/24/01353/FULL — 80 Cheapside London EC2V 6EE
2026-10-02 12:50:45 INFO LEAD new: [Permitted] City/24/01344/MDC — The Broadgate Tower 20 Primrose Street London EC2A 2EW
2026-10-02 12:50:45 INFO LEAD new: [Permitted] City/24/01345/LBC — 9 Carmelite Street London EC4Y 0DR
2026-10-02 12:50:46 INFO LEAD new: [Permitted] City/24/01349/FULL — St Magnus House 3 Lower Thames Street London EC3R 6HD
2026-10-02 12:50:46 INFO LEAD new: [Permitted] City/24/01342/MDC — The Broadgate Tower 20 Primrose Street London EC2A 2EW
2026-10-02 12:50:46 INFO LEAD new: [Permitted] City/24/01357/LBC — 2 Seething Lane London EC3N 4AT
2026-10-02 12:50:47 INFO LEAD new: [Permitted] City/24/01356/MDC — City of London School 107 Queen Victoria Street London EC4V 
2026-10-02 12:50:47 INFO LEAD new: [Permitted] City/24/01340/NMA — Daniel House And Mersey House (Former Daily Telegraph Buildi
2026-10-02 12:50:54 INFO [city-of-london/Permitted] page at offset 1900: 100 records
2026-10-02 12:50:54 INFO LEAD new: [Permitted] City/24/01339/MDC — 61 - 65 Holborn Viaduct London EC1A 2FD
2026-10-02 12:50:54 INFO LEAD new: [Permitted] City/24/01335/MDC — Peterborough Court 133 Fleet Street London EC4A 2BB
2026-10-02 12:50:54 INFO LEAD new: [Permitted] City/24/01341/LBC — Daniel House And Mersey House (Former Daily Telegraph Buildi
2026-10-02 12:50:55 INFO LEAD new: [Permitted] City/24/01334/FULL — Peterborough Court 133 Fleet Street London EC4A 2BB
2026-10-02 12:50:55 INFO LEAD new: [Permitted] City/24/01331/FULL — 25 Hosier Lane London EC1A 9LQ
2026-10-02 12:50:56 INFO LEAD new: [Permitted] City/24/01332/FULL — 10 Devonshire Square London EC2M 4YP
2026-10-02 12:50:58 INFO LEAD new: [Permitted] City/24/01333/MDC — 100 Fetter Lane London EC4A 1ES
2026-10-02 12:50:59 INFO LEAD new: [Permitted] City/24/01326/NMA — 1-5 London Wall Buildings London Wall London EC2M 5PG
2026-10-02 12:50:59 INFO LEAD new: [Permitted] City/24/01325/FULL — 62 Fleet Street London EC4Y 1JU
2026-10-02 12:51:01 INFO LEAD new: [Permitted] City/24/01324/ADVT — Exchequer Court 33 St Mary Axe London EC3A 8AA
2026-10-02 12:51:01 INFO LEAD new: [Permitted] City/24/01317/MDC — Land Bounded By Fleet Street, Salisbury Court, Salisbury Squ
2026-10-02 12:51:02 INFO LEAD new: [Permitted] City/24/01320/FULL — 27 - 29 Eastcheap London EC3M 1DT
2026-10-02 12:51:03 INFO LEAD new: [Permitted] City/24/01316/ADVT — 1 Basinghall Avenue London EC2V 5DD
2026-10-02 12:51:03 INFO LEAD new: [Permitted] City/24/01315/MDC — 150 - 152 Fenchurch Street London EC3M 6BB
2026-10-02 12:51:03 INFO LEAD new: [Permitted] City/24/01314/CLEUD — Dovetail Building 115 - 123 Houndsditch London EC3A 7BU
2026-10-02 12:51:04 INFO LEAD new: [Permitted] City/24/01311/FULL — 10 Gough Square London EC4A 3DE
2026-10-02 12:51:04 INFO LEAD new: [Permitted] City/24/01307/MDC — 61 - 65 Holborn Viaduct London EC1A 2FD
2026-10-02 12:51:04 INFO LEAD new: [Permitted] City/24/01308/FULL — Aldersgate House 135 - 137 Aldersgate Street London EC1A 4JA
2026-10-02 12:51:04 INFO LEAD new: [Permitted] City/24/01300/LBC — Salisbury House 31 Finsbury Circus London EC2M 5SQ
2026-10-02 12:51:05 INFO LEAD new: [Permitted] City/24/01303/FULL — 140 Leadenhall Street London EC3V 4QT
2026-10-02 12:51:06 INFO LEAD new: [Permitted] City/24/01312/OBS — 40 - 42 Charterhouse Street London EC1M 6AG
2026-10-02 12:51:07 INFO LEAD new: [Permitted] City/24/01304/LBC — 140 Leadenhall Street London EC3V 4QT
2026-10-02 12:51:08 INFO LEAD new: [Permitted] City/24/01302/ADVT — 53 Fleet Street London EC4Y 1JU
2026-10-02 12:51:10 INFO LEAD new: [Permitted] City/24/01299/MDC — 62-63 Threadneedle Street London EC2R 8HP
2026-10-02 12:51:11 INFO LEAD new: [Permitted] City/24/01295/ADVT — 70 Mark Lane London EC3R 7NQ
2026-10-02 12:51:12 INFO LEAD new: [Permitted] City/24/01292/MDC — 33 Old Broad Street London EC2N 1HW
2026-10-02 12:51:15 INFO LEAD new: [Permitted] City/24/01291/MDC — St Magnus House 3 Lower Thames Street London EC3R 6HD
2026-10-02 12:51:16 INFO LEAD new: [Permitted] City/24/01289/MDC — St Magnus House 3 Lower Thames Street London EC3R 6HD
2026-10-02 12:51:19 INFO LEAD new: [Permitted] City/24/01290/MDC — St Magnus House 3 Lower Thames Street London EC3R 6HD
2026-10-02 12:51:21 INFO LEAD new: [Permitted] City/24/01294/MDC — 101 Moorgate London EC2M 6SA
2026-10-02 12:51:23 INFO LEAD new: [Permitted] City/24/01287/MDC — St Paul's Cathedral School 2 New Change London EC4M 9AD
2026-10-02 12:51:24 INFO LEAD new: [Permitted] City/24/01286/OBS — Borough Triangle Site At, 18-54 Newington Causeway, 69 Borou
2026-10-02 12:51:26 INFO LEAD new: [Permitted] City/24/01283/LDC — 187 Fleet Street London EC4A 2HS
2026-10-02 12:51:28 INFO LEAD new: [Permitted] City/24/01285/FULL — Devonshire House 3 Bishopsgate Plaza London EC2M 4AJ
2026-10-02 12:51:30 INFO LEAD new: [Permitted] City/24/01276/MDC — Basildon House 7 - 11 Moorgate London EC2R 6AF
2026-10-02 12:51:32 INFO LEAD new: [Permitted] City/24/01277/MDC — Middlesex Street Estate Gravel Lane London E1 7AF
2026-10-02 12:51:33 INFO LEAD new: [Permitted] City/24/01270/MDC — Crescent House Golden Lane Estate London EC1Y 0SL
2026-10-02 12:51:35 INFO LEAD new: [Permitted] City/24/01271/LDC — Crescent House Golden Lane Estate London EC1Y 0SL
2026-10-02 12:51:37 INFO LEAD new: [Permitted] City/24/01272/MDC — Middlesex Street Estate Gravel Lane London E1 7AF
2026-10-02 12:51:38 INFO LEAD new: [Permitted] City/24/01274/OBS — 7 - 21 Wilson Street London EC2M 2TE
2026-10-02 12:51:39 INFO LEAD new: [Permitted] City/24/01268/FULL — Devonshire House 3 Bishopsgate Plaza London EC2M 4AJ
2026-10-02 12:51:40 INFO LEAD new: [Permitted] City/24/01269/PODC — 7 Devonshire Square London EC2M 4YH
2026-10-02 12:51:41 INFO LEAD new: [Permitted] City/24/01264/MDC — 1 Exchange Square London EC2A 2JN
2026-10-02 12:51:41 INFO LEAD new: [Permitted] City/24/01265/NMA — 115 - 123 Houndsditch London EC3A 7BU
2026-10-02 12:51:42 INFO LEAD new: [Permitted] City/24/01275/OBS — 33 Charterhouse Street, London, EC1M 6HA
2026-10-02 12:51:42 INFO LEAD new: [Permitted] City/24/01263/LBC — 81 Gracechurch Street London EC3V 0AU
2026-10-02 12:51:43 INFO LEAD new: [Permitted] City/24/01258/MDC — 6 St Andrew Street London EC4A 3AE
2026-10-02 12:51:43 INFO LEAD new: [Permitted] City/24/01256/LBC — 9 Devonshire Square London EC2M 4YF
2026-10-02 12:51:43 INFO LEAD new: [Permitted] City/24/01257/MDC — Friary Court 65 Crutched Friars London EC3N 2AE
2026-10-02 12:51:44 INFO LEAD new: [Permitted] City/24/01260/ADVT — Lloyds Chambers 1 Portsoken Street London E1 8BT
2026-10-02 12:51:45 INFO LEAD new: [Permitted] City/24/01259/LBC — 19 - 21 Billiter Street London EC3M 2RY
2026-10-02 12:51:45 INFO LEAD new: [Permitted] City/24/01254/MDC — 14-21 Holborn Viaduct 32-33 & 34-35 Farringdon Street London
2026-10-02 12:51:46 INFO LEAD new: [Permitted] City/24/01255/ADVT — 120 Cannon Street London EC4N 6AS
2026-10-02 12:51:46 INFO LEAD new: [Permitted] City/24/01252/LDC — Liverpool Street Railway Station Liverpool Street London EC2
2026-10-02 12:51:46 INFO LEAD new: [Permitted] City/24/01253/FULL — 140 Leadenhall Street London EC3V 4QT
2026-10-02 12:51:47 INFO LEAD new: [Permitted] City/24/01250/MDC — Middlesex Street Estate Gravel Lane London E1 7AF
2026-10-02 12:51:47 INFO LEAD new: [Permitted] City/24/01237/MDC — 150 Aldersgate Street 3-4 Bartholomew Place London EC1A
2026-10-02 12:51:47 INFO LEAD new: [Permitted] City/24/01242/MDC — 61 - 65 Holborn Viaduct London EC1A 2FD
2026-10-02 12:51:48 INFO LEAD new: [Permitted] City/24/01243/MDC — 61 - 65 Holborn Viaduct London EC1A 2FD
2026-10-02 12:51:48 INFO LEAD new: [Permitted] City/24/01240/MDC — 187 Fleet Street London EC4A 2HS
2026-10-02 12:51:48 INFO LEAD new: [Permitted] City/24/01244/NMA — 5 Chancery Lane London WC2A 1LG
2026-10-02 12:51:49 INFO LEAD new: [Permitted] City/24/01232/FULL — The Bank of England Threadneedle Street London EC2R 8AH
2026-10-02 12:51:49 INFO LEAD new: [Permitted] City/24/01235/LDC — 187 Fleet Street London EC4A 2HS
2026-10-02 12:51:49 INFO LEAD new: [Permitted] City/24/01233/LBC — The Bank of England Threadneedle Street London EC2R 8AH
2026-10-02 12:51:50 INFO LEAD new: [Permitted] City/24/01245/SCOP — 1 Silk Street London EC2Y 8AL
2026-10-02 12:51:51 INFO LEAD new: [Permitted] City/24/01225/FULL — Basildon House 7 - 11 Moorgate London EC2R 6AF
2026-10-02 12:51:51 INFO LEAD new: [Permitted] City/24/01226/LBC — Basildon House 7 - 11 Moorgate London EC2R 6AF
2026-10-02 12:51:51 INFO LEAD new: [Permitted] City/24/01224/ADVT — 15 Bishopsgate London EC2N 3AR
2026-10-02 12:51:51 INFO LEAD new: [Permitted] City/24/01223/MDC — Alder Castle House 10 Noble Street London EC2V 7JX
2026-10-02 12:51:52 INFO LEAD new: [Permitted] City/24/01217/ADVT — 155 Bishopsgate London EC2M 3TQ
2026-10-02 12:51:52 INFO LEAD new: [Permitted] City/24/01221/FULL — 75 King William Street London EC4N 7BE
2026-10-02 12:51:52 INFO LEAD new: [Permitted] City/24/01214/LBC — 123 Andrewes House Barbican London EC2Y 8AY
2026-10-02 12:51:53 INFO LEAD new: [Permitted] City/24/01220/MDC — Site Bounded By Fenchurch Street, Mark Lane, Dunster Court A
2026-10-02 12:51:54 INFO LEAD new: [Permitted] City/24/01210/ADVT — 85 London Wall London EC2M 7AD
2026-10-02 12:51:54 INFO LEAD new: [Permitted] City/24/01211/FULL — 10 Fleet Place London EC4M 7RB
2026-10-02 12:51:54 INFO LEAD new: [Permitted] City/24/01212/LBC — 123 Shakespeare Tower Barbican London EC2Y 8DR
2026-10-02 12:51:54 INFO LEAD new: [Permitted] City/24/01208/MDC — 38 Chancery Lane London WC2A 1EN
2026-10-02 12:51:55 INFO LEAD new: [Permitted] City/24/01209/MDC — 38 Chancery Lane London WC2A 1EN
2026-10-02 12:51:55 INFO LEAD new: [Permitted] City/24/01218/SCOP — Custom House 20 Lower Thames Street London EC3R 6EA
2026-10-02 12:51:55 INFO LEAD new: [Permitted] City/24/01206/NMA — Winchester House 75 London Wall London EC2M 5NG
2026-10-02 12:51:56 INFO LEAD new: [Permitted] City/24/01204/FULL — Merchant Taylors Hall 30 Threadneedle Street London EC2R 8JB
2026-10-02 12:51:57 INFO LEAD new: [Permitted] City/24/01205/MDC — 12 East Passage London EC1A 7LP
2026-10-02 12:51:57 INFO LEAD new: [Permitted] City/24/01197/ADVT — 30 - 31 Furnival Street London EC4A 1JQ
2026-10-02 12:51:58 INFO LEAD new: [Permitted] City/24/01193/NMA — 12 East Passage London EC1A 7LP
2026-10-02 12:51:58 INFO LEAD new: [Permitted] City/24/01219/OBS — Sampson House 64 Hopton Street London Southwark SE1 9JH
2026-10-02 12:51:58 INFO LEAD new: [Permitted] City/24/01191/ADVT — 15 Trinity Square London EC3N 4AA
2026-10-02 12:51:59 INFO LEAD new: [Permitted] City/24/01187/FULL — 100 Fenchurch Street London EC3M 5JD
2026-10-02 12:51:59 INFO LEAD new: [Permitted] City/24/01189/MDC — City Place House 55 Basinghall Street London EC2V 5DX
2026-10-02 12:51:59 INFO LEAD new: [Permitted] City/24/01185/MDC — 150 - 152 Fenchurch Street London EC3M 6BB
2026-10-02 12:51:59 INFO LEAD new: [Permitted] City/24/01183/FULL — Eldon House 2 - 3 Eldon Street London EC2M 7LS
2026-10-02 12:52:00 INFO LEAD new: [Permitted] City/24/01184/FULL — The Leadenhall Building 122 Leadenhall Street London EC3V 4A
2026-10-02 12:52:00 INFO LEAD new: [Permitted] City/24/01186/MDC — 150 Aldersgate Street London EC1A 4AB
2026-10-02 12:52:00 INFO LEAD new: [Permitted] City/24/01181/PODC — Stonecutter Court 1 Stonecutter Street London EC4A 4TR
2026-10-02 12:52:01 INFO LEAD new: [Permitted] City/24/01177/CLOPD — Flat 14 30 Queen Street London EC4R 1BR
2026-10-02 12:52:01 INFO LEAD new: [Permitted] City/24/01178/MDC — 37 Fleet Street London EC4Y 1BT
2026-10-02 12:52:01 INFO LEAD new: [Permitted] City/24/01174/NMA — Wood Street Police Station 37 Wood Street London EC2P 2NQ
2026-10-02 12:52:02 INFO LEAD new: [Permitted] City/24/01179/ADVT — 120 Fenchurch Street London EC3M 5AL
2026-10-02 12:52:02 INFO LEAD new: [Permitted] City/24/01175/ADVT — 39 St Mary Axe London EC3A 8AA
2026-10-02 12:52:03 INFO LEAD new: [Permitted] City/24/01168/FULL — 12 East Passage London EC1A 7LP
2026-10-02 12:52:03 INFO LEAD new: [Permitted] City/24/01172/LBC — Wood Street Police Station 37 Wood Street London EC2P 2NQ
2026-10-02 12:52:10 INFO [city-of-london/Permitted] page at offset 2000: 100 records
2026-10-02 12:52:10 INFO LEAD new: [Permitted] City/24/01164/MDC — 20 Giltspur Street London EC1A 9DD
2026-10-02 12:52:11 INFO LEAD new: [Permitted] City/24/01163/MDC — Site Bounded By King William Street, Cannon Street, Abchurch
2026-10-02 12:52:11 INFO LEAD new: [Permitted] City/24/01162/MDC — Site Bounded By King William Street, Cannon Street, Abchurch
2026-10-02 12:52:12 INFO LEAD new: [Permitted] City/24/01160/LDC — 94 Moorgate London EC2M 6UR
2026-10-02 12:52:14 INFO LEAD new: [Permitted] City/24/01159/MDC — 94 Moorgate London EC2M 6UR
2026-10-02 12:52:15 INFO LEAD new: [Permitted] City/24/01161/LBC — Telephone House 2 - 4 Temple Avenue London EC4Y 0HB
2026-10-02 12:52:15 INFO LEAD new: [Permitted] City/24/01158/FULL — Haberdashers Hall 18 West Smithfield London EC1A 9HQ
2026-10-02 12:52:16 INFO LEAD new: [Permitted] City/24/01154/LDC — Stonecutter Court 1 Stonecutter Street London EC4A 4TR
2026-10-02 12:52:16 INFO LEAD new: [Permitted] City/24/01182/PODC — 20 Giltspur Street London EC1A 9DD
2026-10-02 12:52:16 INFO LEAD new: [Permitted] City/24/01155/MDC — Stonecutter Court 1 Stonecutter Street London EC4A 4TR
2026-10-02 12:52:17 INFO LEAD new: [Permitted] City/24/01157/ADVT — Retail Unit 4 Condor House 10 St Paul's Churchyard London EC
2026-10-02 12:52:17 INFO LEAD new: [Permitted] City/24/01149/FULL — St Andrew Holborn Garden Holborn Viaduct London EC4A 3AF
2026-10-02 12:52:18 INFO LEAD new: [Permitted] City/24/01152/ADVT — 70 Mark Lane London EC3R 7NQ
2026-10-02 12:52:18 INFO LEAD new: [Permitted] City/24/01151/CLEUD — 1 Undershaft London EC3A 8EE
2026-10-02 12:52:18 INFO LEAD new: [Permitted] City/24/01148/CLOPD — 105 - 108 Old Broad Street London EC2N 1EX
2026-10-02 12:52:19 INFO LEAD new: [Permitted] City/24/01146/MDC — 120 Old Broad Street London EC2N 1AR
2026-10-02 12:52:20 INFO LEAD new: [Permitted] City/24/01147/FULL — 30 Gresham Street London EC2V 7PG
2026-10-02 12:52:20 INFO LEAD new: [Permitted] City/24/01145/MDC — 20 Giltspur Street London EC1A 9DD
2026-10-02 12:52:20 INFO LEAD new: [Permitted] City/24/01143/MDC — 81 Newgate Street London EC1A 7AJ
2026-10-02 12:52:21 INFO LEAD new: [Permitted] City/24/01142/MDC — Princes Court 7 Prince's Street London EC2R 8AQ
2026-10-02 12:52:21 INFO LEAD new: [Permitted] City/24/01140/FULL — 1 Basinghall Avenue London EC2V 5DD
2026-10-02 12:52:22 INFO LEAD new: [Permitted] City/24/01139/FULL — 130 Fenchurch Street London EC3M 5DJ
2026-10-02 12:52:22 INFO LEAD new: [Permitted] City/24/01141/MDC — 1 Basinghall Avenue London EC2V 5DD
2026-10-02 12:52:22 INFO LEAD new: [Permitted] City/24/01138/MDC — 155 Bishopsgate London EC2M 3TQ
2026-10-02 12:52:23 INFO LEAD new: [Permitted] City/24/01153/PODC — Winchester House 75 London Wall London EC2M 5NG
2026-10-02 12:52:24 INFO LEAD new: [Permitted] City/24/01137/MDC — 178 Bishopsgate London EC2M 4NQ
2026-10-02 12:52:25 INFO LEAD new: [Permitted] City/24/01136/ADVT — 81 - 82 Gracechurch Street London EC3V 0AU
2026-10-02 12:52:26 INFO LEAD new: [Permitted] City/24/01134/FULL — Land Adjacent To Former Rack And Tenter Public House Citypoi
2026-10-02 12:52:29 INFO LEAD new: [Permitted] City/24/01132/OBS — Vorley Road Bus Stand & 4 Vorley Road, London N19 5JH
2026-10-02 12:52:30 INFO LEAD new: [Permitted] City/24/01133/FULL — 43 - 47 Leadenhall Market London EC3V 1LT
2026-10-02 12:52:33 INFO LEAD new: [Permitted] City/24/01124/NMA — 81 Newgate Street London EC1A 7AJ
2026-10-02 12:52:34 INFO LEAD new: [Permitted] City/24/01129/MDC — 2 Royal Exchange Buildings London EC3V 3LF
2026-10-02 12:52:36 INFO LEAD new: [Permitted] City/24/01125/MDC — 65 Gresham Street London EC2V 7NQ
2026-10-02 12:52:38 INFO LEAD new: [Permitted] City/24/01123/ADVT — Sea Horse Public House 64 Queen Victoria Street London EC4N 
2026-10-02 12:52:40 INFO LEAD new: [Permitted] City/24/01119/LBC — Art Gallery Barbican Arts And Conference Centre Silk Street 
2026-10-02 12:52:41 INFO LEAD new: [Permitted] City/24/01121/MDC — Friary Court 65 Crutched Friars London EC3N 2AE
2026-10-02 12:52:43 INFO LEAD new: [Permitted] City/24/01120/MDC — 5 - 10 Great Tower Street London EC3R 5AA
2026-10-02 12:52:44 INFO LEAD new: [Permitted] City/24/01118/MDC — 81 Newgate Street London EC1A 7AJ
2026-10-02 12:52:44 INFO LEAD new: [Permitted] City/24/01127/OBS — Lincoln Arms, 52 York Way, London, N1 9AB
2026-10-02 12:52:45 INFO LEAD new: [Permitted] City/24/01109/LBC — 402 Gilbert House Barbican London EC2Y 8BD
2026-10-02 12:52:45 INFO LEAD new: [Permitted] City/24/01110/OBS — Wood Wharf Prestons Road London E14 9SF
2026-10-02 12:52:45 INFO LEAD new: [Permitted] City/24/01114/MDC — Rector's Flat St Mary Le Bow Church Cheapside London EC2V 6A
2026-10-02 12:52:46 INFO LEAD new: [Permitted] City/24/01113/LBC — Holborn Viaduct London EC1A 2BP
2026-10-02 12:52:46 INFO LEAD new: [Permitted] City/24/01108/MDC — Winchester House 75 London Wall London EC2M 5NG
2026-10-02 12:52:47 INFO LEAD new: [Permitted] City/24/01101/MDC — Middlesex Street Estate Gravel Lane London E1 7AF
2026-10-02 12:52:48 INFO LEAD new: [Permitted] City/24/01107/FULL — 1 Pump Court Middle Temple London EC4Y 7AB
2026-10-02 12:52:48 INFO LEAD new: [Permitted] City/24/01102/MDC — Middlesex Street Estate Gravel Lane London E1 7AF
2026-10-02 12:52:48 INFO LEAD new: [Permitted] City/24/01128/PODC — Alban Gate 125 - 130 London Wall London EC2
2026-10-02 12:52:49 INFO LEAD new: [Permitted] City/24/01105/PODC — S G House 41 Tower Hill London EC3N 4SG
2026-10-02 12:52:49 INFO LEAD new: [Permitted] City/24/01099/MDC — Holyer House 20 - 21 Red Lion Court London EC4A 3EB
2026-10-02 12:52:50 INFO LEAD new: [Permitted] City/24/01098/LDC — 41 Lothbury London EC2R 7HF
2026-10-02 12:52:50 INFO LEAD new: [Permitted] City/24/01097/LBC — Barbican Arts And Conference Centre Silk Street London EC2Y 
2026-10-02 12:52:50 INFO LEAD new: [Permitted] City/24/01095/MDC — 5 - 10 Great Tower Street London EC3R 5AA
2026-10-02 12:52:51 INFO LEAD new: [Permitted] City/24/01090/FULL — 37 Fleet Street London EC4Y 1BT
2026-10-02 12:52:51 INFO LEAD new: [Permitted] City/24/01091/LBC — 37 Fleet Street London EC4Y 1BT
2026-10-02 12:52:51 INFO LEAD new: [Permitted] City/24/01093/PODC — 61 - 65 Holborn Viaduct London EC1A 2FD
2026-10-02 12:52:52 INFO LEAD new: [Permitted] City/24/01086/ADVT — 133 Cheapside London EC2V 6BJ
2026-10-02 12:52:52 INFO LEAD new: [Permitted] City/24/01085/MDC — Middlesex Street Estate London E1
2026-10-02 12:52:53 INFO LEAD new: [Permitted] City/24/01104/OBS — Archway Campus, 2-10 Highgate Hill, London, N19 5LP
2026-10-02 12:52:53 INFO LEAD new: [Permitted] City/24/01087/FULL — 133 Cheapside London EC2V 6BJ
2026-10-02 12:52:54 INFO LEAD new: [Permitted] City/24/01084/PODC — Site Bounded By 19-21 & 22 Billiter Street, 49 Leadenhall St
2026-10-02 12:52:54 INFO LEAD new: [Permitted] City/24/01082/MDC — Middlesex Street Estate Gravel Lane London E1 7AF
2026-10-02 12:52:55 INFO LEAD new: [Permitted] City/24/01083/LBC — 1 Poultry London EC2R 8EJ
2026-10-02 12:52:55 INFO LEAD new: [Permitted] City/24/01078/MDC — Leadenhall Court 1 Leadenhall Street London EC3V 1PP
2026-10-02 12:52:55 INFO LEAD new: [Permitted] City/24/01068/MDC — 20 Giltspur Street London EC1A 9DD
2026-10-02 12:52:56 INFO LEAD new: [Permitted] City/24/01073/MDC — Leadenhall Court 1 Leadenhall Street London EC3V 1PP
2026-10-02 12:52:56 INFO LEAD new: [Permitted] City/24/01069/MDC — Winchester House 75 London Wall London EC2M 5NG
2026-10-02 12:52:56 INFO LEAD new: [Permitted] City/24/01064/MDC — 81 Newgate Street London EC1A 7AJ
2026-10-02 12:52:57 INFO LEAD new: [Permitted] City/24/01065/FULL — 90 Liverpool Street London EC2M 2AT
2026-10-02 12:52:57 INFO LEAD new: [Permitted] City/24/01066/MDC — 100 New Bridge Street London EC4V 6JA
2026-10-02 12:52:58 INFO LEAD new: [Permitted] City/24/01067/CLEUD — Unilever House Victoria Embankment London EC4Y 0DY
2026-10-02 12:52:58 INFO LEAD new: [Permitted] City/24/01063/MDC — 81 Newgate Street London EC1A 7AJ
2026-10-02 12:52:59 INFO LEAD new: [Permitted] City/24/01061/MDC — 81 Newgate Street London EC1A 7AJ
2026-10-02 12:52:59 INFO LEAD new: [Permitted] City/24/01062/MDC — 81 Newgate Street London EC1A 7AJ
2026-10-02 12:53:00 INFO LEAD new: [Permitted] City/24/01058/MDC — 2-3 Finsbury Avenue London EC2M 2PF
2026-10-02 12:53:00 INFO LEAD new: [Permitted] City/24/01059/MDC — Finsbury Circus Gardens Finsbury Circus London
2026-10-02 12:53:01 INFO LEAD new: [Permitted] City/24/01060/FULL — 155 Bishopsgate London EC2M 3TQ
2026-10-02 12:53:01 INFO LEAD new: [Permitted] City/24/01043/FULL — Retail Unit 1 10 Fleet Place London
2026-10-02 12:53:01 INFO LEAD new: [Permitted] City/24/01055/MDC — Site Bounded By Fenchurch Street, Mark Lane, Dunster Court A
2026-10-02 12:53:02 INFO LEAD new: [Permitted] City/24/01047/MDC — Crescent House Golden Lane Estate London EC1Y 0SL
2026-10-02 12:53:02 INFO LEAD new: [Permitted] City/24/01042/FULL — Retail Unit 68 Cannon Street London EC4N 6AE
2026-10-02 12:53:02 INFO LEAD new: [Permitted] City/24/01049/FULL — 80 Fenchurch Street London EC3M 4BT
2026-10-02 12:53:03 INFO LEAD new: [Permitted] City/24/01044/FULL — 47-50 Mark Lane London EC3R 5AS
2026-10-02 12:53:03 INFO LEAD new: [Permitted] City/24/01048/LDC — Crescent House Golden Lane Estate London EC1Y 0SL
2026-10-02 12:53:04 INFO LEAD new: [Permitted] City/24/01050/ADVT — Unit 2 65 St Paul's Churchyard London EC4M 8AB
2026-10-02 12:53:05 INFO LEAD new: [Permitted] City/24/01045/NMA — 10-16 Bevis Marks London EC3A 7LH
2026-10-02 12:53:05 INFO LEAD new: [Permitted] City/24/01036/MDC — Winchester House 75 London Wall London EC2M 5NG
2026-10-02 12:53:06 INFO LEAD new: [Permitted] City/24/01040/LBC — YHA London St Paul's 36 Carter Lane London EC4V 5AB
2026-10-02 12:53:07 INFO LEAD new: [Permitted] City/24/01039/TTT — Tideway Working Area Blackfriars Bridge Foreshore London Vic
2026-10-02 12:53:07 INFO LEAD new: [Permitted] City/24/01051/PODC — 150 Aldersgate Street 3-4 Bartholomew Place London EC1A
2026-10-02 12:53:07 INFO LEAD new: [Permitted] City/24/01052/PODC — 150 Aldersgate Street 3-4 Bartholomew Place London EC1A
2026-10-02 12:53:08 INFO LEAD new: [Permitted] City/24/01041/LBC — Merchant Taylors Hall 30 Threadneedle Street London EC2R 8JB
2026-10-02 12:53:08 INFO LEAD new: [Permitted] City/24/01038/MDC — Footway Adjacent To Christchurch Greyfriars Churchyard, Newg
2026-10-02 12:53:09 INFO LEAD new: [Permitted] City/24/01037/MDC — Winchester House 75 London Wall London EC2M 5NG
2026-10-02 12:53:09 INFO LEAD new: [Permitted] City/24/01033/MDC — 150 Cheapside London EC2V 6ET
2026-10-02 12:53:09 INFO LEAD new: [Permitted] City/24/01030/ADVT — 95 Fetter Lane London EC4A 1EP
2026-10-02 12:53:09 INFO LEAD new: [Permitted] City/24/01032/MDC — Eldon House 2 - 3 Eldon Street London EC2M 7LS
2026-10-02 12:53:10 INFO LEAD new: [Permitted] City/24/01031/BANK — Bank Underground Station Prince's Street London EC3V 3LA
2026-10-02 12:53:11 INFO LEAD new: [Permitted] City/24/01027/NMA — Alder Castle House 10 Noble Street London EC2V 7JX
2026-10-02 12:53:11 INFO LEAD new: [Permitted] City/24/01024/MDC — Eldon House 2 - 3 Eldon Street London EC2M 7LS
2026-10-02 12:53:18 INFO [city-of-london/Permitted] page at offset 2100: 100 records
2026-10-02 12:53:18 INFO LEAD new: [Permitted] City/24/01025/NMA — Daniel House And Mersey House (Former Daily Telegraph Buildi
2026-10-02 12:53:19 INFO LEAD new: [Permitted] City/24/01026/LBC — Daniel House And Mersey House (Former Daily Telegraph Buildi
2026-10-02 12:53:20 INFO LEAD new: [Permitted] City/24/01018/LBC — Smithfield Car Park West Smithfield London EC1A 9DS
2026-10-02 12:53:21 INFO LEAD new: [Permitted] City/24/01019/MDC — 56 Long Lane London EC1A 9EJ
2026-10-02 12:53:22 INFO LEAD new: [Permitted] City/24/01023/NMA — Peterborough Court 133 Fleet Street London EC4A 2BB
2026-10-02 12:53:22 INFO LEAD new: [Permitted] City/24/01020/MDC — 37 Fleet Street London EC4Y 1BT
2026-10-02 12:53:24 INFO LEAD new: [Permitted] City/24/01017/FULL — Smithfield Car Park West Smithfield London EC1A 9DS
2026-10-02 12:53:24 INFO LEAD new: [Permitted] City/24/01022/MDC — 1 Great St Helen's London EC3A 6AP
2026-10-02 12:53:24 INFO LEAD new: [Permitted] City/24/01016/MDC — 81 Newgate Street London EC1A 7AJ
2026-10-02 12:53:25 INFO LEAD new: [Permitted] City/24/01012/MDC — 100 New Bridge Street London EC4V 6JA
2026-10-02 12:53:25 INFO LEAD new: [Permitted] City/24/01014/FULL — 15 - 17 Furnival Street London EC4A 1AB
2026-10-02 12:53:26 INFO LEAD new: [Permitted] City/24/01011/MDC — 101 Moorgate London EC2M 6SA
2026-10-02 12:53:26 INFO LEAD new: [Permitted] City/24/01006/ADVT — 155A Fenchurch Street London EC3M 6AL
2026-10-02 12:53:27 INFO LEAD new: [Permitted] City/24/01008/LBC — Jamaica Buildings St Michael's Alley London EC3V 9DS
2026-10-02 12:53:28 INFO LEAD new: [Permitted] City/24/01009/LDC — Middle Temple Hall Middle Temple Lane London EC4Y 9AT
2026-10-02 12:53:29 INFO LEAD new: [Permitted] City/24/01004/FULL — 59 Carter Lane London EC4V 5AQ
2026-10-02 12:53:29 INFO LEAD new: [Permitted] City/24/01002/MDC — Middle Temple Hall Middle Temple Lane London EC4Y 9AT
2026-10-02 12:53:30 INFO LEAD new: [Permitted] City/24/00998/FULL — 78 Cannon Street London EC4N 6HL
2026-10-02 12:53:31 INFO LEAD new: [Permitted] City/24/00999/MDC — 5 New Street Square London EC4A 3TW
2026-10-02 12:53:32 INFO LEAD new: [Permitted] City/24/00996/LBC — St Mary Abchurch House 123 - 127 Cannon Street London EC4N 5
2026-10-02 12:53:34 INFO LEAD new: [Permitted] City/24/00992/LBC — 9A Devonshire Square London EC2M 4YN
2026-10-02 12:53:35 INFO LEAD new: [Permitted] City/24/00995/FULL — St Mary Abchurch House 123 - 127 Cannon Street London EC4N 5
2026-10-02 12:53:35 INFO LEAD new: [Permitted] City/24/00987/FULL — The Broadgate Tower 20 Primrose Street London EC2A 2EW
2026-10-02 12:53:36 INFO LEAD new: [Permitted] City/24/00991/FULL — 150 - 152 Fenchurch Street London EC3M 6BB
2026-10-02 12:53:36 INFO LEAD new: [Permitted] City/24/00984/FULL — New Court Middle Temple London EC4Y 9BE
2026-10-02 12:53:36 INFO LEAD new: [Permitted] City/24/00989/MDC — 4 - 5 Devonshire Square London City of London EC2M 4YE
2026-10-02 12:53:37 INFO LEAD new: [Permitted] City/24/00986/MDC — Newbury House 10 - 13 Newbury Street London EC1A 7HU
2026-10-02 12:53:37 INFO LEAD new: [Permitted] City/24/00985/MDC — 81 Newgate Street London EC1A 7AJ
2026-10-02 12:53:38 INFO LEAD new: [Permitted] City/24/00990/MDC — 101 Moorgate London EC2M 6SA
2026-10-02 12:53:38 INFO LEAD new: [Permitted] City/24/00980/MDC — 100 New Bridge Street London EC4V 6JA
2026-10-02 12:53:38 INFO LEAD new: [Permitted] City/24/00982/OBS — Borough Triangle Site At, 18-54 Newington Causeway, 69 Borou
2026-10-02 12:53:40 INFO LEAD new: [Permitted] City/24/00974/CLOPD — Dovetail Building 115 - 123 Houndsditch London EC3A 7BU
2026-10-02 12:53:40 INFO LEAD new: [Permitted] City/24/00976/NMA — Bevis Marks House 24 Bevis Marks London EC3A 7JB
2026-10-02 12:53:41 INFO LEAD new: [Permitted] City/24/00973/LBC — 9A Devonshire Square London EC2M 4YN
2026-10-02 12:53:41 INFO LEAD new: [Permitted] City/24/00970/MDC — 5 - 10 Great Tower Street London EC3R 5AA
2026-10-02 12:53:41 INFO LEAD new: [Permitted] City/24/00972/MDC — 1 - 14 Liverpool Street And 11 - 12 Blomfield Street London 
2026-10-02 12:53:42 INFO LEAD new: [Permitted] City/24/00969/MDC — 1 Undershaft London EC3P 3DQ
2026-10-02 12:53:42 INFO LEAD new: [Permitted] City/24/00971/LBC — 147 - 148 Leadenhall Street London EC3V 4QT
2026-10-02 12:53:43 INFO LEAD new: [Permitted] City/24/00965/ADVT — 33 Old Broad Street London EC2N 1HW
2026-10-02 12:53:43 INFO LEAD new: [Permitted] City/24/00968/PODC — 1 Undershaft London EC3A 8EE
2026-10-02 12:53:43 INFO LEAD new: [Permitted] City/24/00960/MDC — 110-114 Middlesex Street London E1 7HY
2026-10-02 12:53:43 INFO LEAD new: [Permitted] City/24/00962/LBC — 14 Cornhill London EC3V 3ND
2026-10-02 12:53:44 INFO LEAD new: [Permitted] City/24/00963/ADVT — 120 Cheapside London EC2V 6BT
2026-10-02 12:53:45 INFO LEAD new: [Permitted] City/24/00958/MDC — 56 Long Lane London EC1A 9EJ
2026-10-02 12:53:45 INFO LEAD new: [Permitted] City/24/00959/MDC — 101 Moorgate London EC2M 6SA
2026-10-02 12:53:46 INFO LEAD new: [Permitted] City/24/00957/NMA — 56 Long Lane London EC1A 9EJ
2026-10-02 12:53:46 INFO LEAD new: [Permitted] City/24/00967/PODC — 101 Moorgate London EC2M 6SA
2026-10-02 12:53:47 INFO LEAD new: [Permitted] City/24/00956/FULL — 9 Newbury Street London EC1A 7HU
2026-10-02 12:53:47 INFO LEAD new: [Permitted] City/24/00946/MDC — The Baltic Exchange 38 St Mary Axe London EC3A 8EX
2026-10-02 12:53:47 INFO LEAD new: [Permitted] City/24/00947/LBC — The Mansion House Mansion House Street London EC4N 8BH
2026-10-02 12:53:48 INFO LEAD new: [Permitted] City/24/00944/ADVT — 16 Eastcheap London EC3M 1BD
2026-10-02 12:53:48 INFO LEAD new: [Permitted] City/24/00941/NMA — 47-50 Mark Lane London EC3R 5AS
2026-10-02 12:53:48 INFO LEAD new: [Permitted] City/24/00945/MDC — 20 Giltspur Street London EC1A 9DD
2026-10-02 12:53:49 INFO LEAD new: [Permitted] City/24/00954/PODC — 5 - 10 Great Tower Street London EC3R 5AA
2026-10-02 12:53:50 INFO LEAD new: [Permitted] City/24/00953/PODC — 5 - 10 Great Tower Street London EC3R 5AA
2026-10-02 12:53:50 INFO LEAD new: [Permitted] City/24/00940/FULL — West Wing St Bartholomews Hospital West Smithfield London
2026-10-02 12:53:50 INFO LEAD new: [Permitted] City/24/00934/FULL — Faraday Building 136 - 144A Queen Victoria Street London EC4
2026-10-02 12:53:51 INFO LEAD new: [Permitted] City/24/00938/FULL — River Foreshore Adjacent To Riverbank House Swan Lane EC4R 3
2026-10-02 12:53:52 INFO LEAD new: [Permitted] City/24/00932/NMA — Alban Gate 125 - 130 London Wall London EC2
2026-10-02 12:53:52 INFO LEAD new: [Permitted] City/24/00935/LDC — The Baltic Exchange 38 St Mary Axe London EC3A 8EX
2026-10-02 12:53:52 INFO LEAD new: [Permitted] City/24/00931/MDC — Alban Gate 125 - 130 London Wall London EC2
2026-10-02 12:53:53 INFO LEAD new: [Permitted] City/24/00938/FULLR3 — River Foreshore Adjacent To Riverbank House Swan Lane EC4R 3
2026-10-02 12:53:53 INFO LEAD new: [Permitted] City/24/00930/LBC — Kings College Maughan Library Chancery Lane London WC2A 1LR
2026-10-02 12:53:54 INFO LEAD new: [Permitted] City/24/00939/FULL — 5 Lloyd's Avenue London EC3N 3AE
2026-10-02 12:53:54 INFO LEAD new: [Permitted] City/24/00936/ADVT — 31 - 35 Blomfield Street London EC2M 7BD
2026-10-02 12:53:55 INFO LEAD new: [Permitted] City/24/00955/OBS — 110 The Queens Walk, London, Southwark
2026-10-02 12:53:56 INFO LEAD new: [Permitted] City/24/00925/FULL — 17 Black Friars Lane London EC4V 6ER
2026-10-02 12:53:56 INFO LEAD new: [Permitted] City/24/00921/ADVT — Governors House 5 Laurence Pountney Hill London EC4R 0HH
2026-10-02 12:53:57 INFO LEAD new: [Permitted] City/24/00929/MDC — Alban Gate 125 - 130 London Wall London EC2
2026-10-02 12:53:58 INFO LEAD new: [Permitted] City/24/00922/MDC — 7 Devonshire Square London EC2M 4YH
2026-10-02 12:53:58 INFO LEAD new: [Permitted] City/24/00926/LBC — 15 - 17 Black Friars Lane London EC4V 6ER
2026-10-02 12:53:58 INFO LEAD new: [Permitted] City/24/00928/LBC — 15 - 17 Black Friars Lane London EC4V 6ER
2026-10-02 12:53:59 INFO LEAD new: [Permitted] City/24/00927/FULL — 17 Black Friars Lane London EC4V 6ER
2026-10-02 12:54:00 INFO LEAD new: [Permitted] City/24/00920/LBC — West Wing St Bartholomews Hospital West Smithfield London EC
2026-10-02 12:54:00 INFO LEAD new: [Permitted] City/24/00915/FULL — 52 Lime Street London EC3M 7AF
2026-10-02 12:54:01 INFO LEAD new: [Permitted] City/24/00916/FULL — Chartered Accountants Hall Moorgate Place London EC2R 6EA
2026-10-02 12:54:02 INFO LEAD new: [Permitted] City/24/00917/LBC — Chartered Accountants Hall Moorgate Place London EC2R 6EA
2026-10-02 12:54:02 INFO LEAD new: [Permitted] City/24/00918/LDC — Second Floor South New Court Middle Temple London EC4Y 9BE
2026-10-02 12:54:03 INFO LEAD new: [Permitted] City/24/00911/FULL — East Wing St Bartholomews Hospital West Smithfield London EC
2026-10-02 12:54:04 INFO LEAD new: [Permitted] City/24/00914/LBC — 222 Ben Jonson House Barbican London EC2Y 8DL
2026-10-02 12:54:04 INFO LEAD new: [Permitted] City/24/00908/LBC — Central Criminal Court Old Bailey London EC4M 7EH
2026-10-02 12:54:04 INFO LEAD new: [Permitted] City/24/00909/OBS — The Garden House Vale of Health London NW3 1AN
2026-10-02 12:54:04 INFO LEAD new: [Permitted] City/24/00903/MDC — 10 - 16 Bevis Marks London EC3A 7LH
2026-10-02 12:54:05 INFO LEAD new: [Permitted] City/24/00906/FULL — Basildon House 7 - 11 Moorgate London EC2R 6AF
2026-10-02 12:54:05 INFO LEAD new: [Permitted] City/24/00907/LBC — Basildon House 7 - 11 Moorgate London EC2R 6AF
2026-10-02 12:54:06 INFO LEAD new: [Permitted] City/24/00896/MDC — 5 - 10 Great Tower Street London EC3R 5AA
2026-10-02 12:54:07 INFO LEAD new: [Permitted] City/24/00898/LBC — 401 Lauderdale Tower Barbican London EC2Y 8NA
2026-10-02 12:54:07 INFO LEAD new: [Permitted] City/24/00900/SCOP — 130 Fenchurch Street London EC3M 5DJ
2026-10-02 12:54:07 INFO LEAD new: [Permitted] City/24/00901/ADVT — 1 Leadenhall Street London EC3V 1AB
2026-10-02 12:54:08 INFO LEAD new: [Permitted] City/24/00899/MDC — 71 Fenchurch Street London EC3M 4BR
2026-10-02 12:54:08 INFO LEAD new: [Permitted] City/24/00893/MDC — 4 - 5 Devonshire Square London EC2M 4YE
2026-10-02 12:54:09 INFO LEAD new: [Permitted] City/24/00891/MDC — Princes Court 7 Prince's Street London EC2R 8AQ
2026-10-02 12:54:09 INFO LEAD new: [Permitted] City/24/00892/LBC — 37 Fleet Street London EC4Y 1BT
2026-10-02 12:54:09 INFO LEAD new: [Permitted] City/24/00894/FULL — Monument House 18 King William Street London EC4N 7BP
2026-10-02 12:54:10 INFO LEAD new: [Permitted] City/24/00883/NMA — 9 Aldgate High Street London EC3N 1AH
2026-10-02 12:54:10 INFO LEAD new: [Permitted] City/24/00882/MDC — Kildare House 3 Dorset Rise London EC4Y 8EN
2026-10-02 12:54:10 INFO LEAD new: [Permitted] City/24/00879/NMA — 101 Moorgate London EC2M 6SA
2026-10-02 12:54:11 INFO LEAD new: [Permitted] City/24/00880/MDC — 1-27 The Arcade Liverpool Street London EC2M 7PN
2026-10-02 12:54:18 INFO [city-of-london/Permitted] page at offset 2200: 100 records
2026-10-02 12:54:18 INFO LEAD new: [Permitted] City/24/00875/FULEIA — Site Bounded By Fenchurch Street, Mark Lane, Dunster Court A
2026-10-02 12:54:18 INFO LEAD new: [Permitted] City/24/00869/LDC — 2 - 7 Salisbury Court London EC4Y 8AA
2026-10-02 12:54:19 INFO LEAD new: [Permitted] City/24/00868/LDC — Land Bounded By Fleet Street, Salisbury Court, Salisbury Squ
2026-10-02 12:54:20 INFO LEAD new: [Permitted] City/24/00870/FULL — The Courtyard Royal Exchange London EC3V 3LQ
2026-10-02 12:54:20 INFO LEAD new: [Permitted] City/24/00871/MDC — Building Structure 14-21 Holborn Viaduct London EC1A 2AT
2026-10-02 12:54:21 INFO LEAD new: [Permitted] City/24/00868/MDC — Land Bounded By Fleet Street, Salisbury Court, Salisbury Squ
2026-10-02 12:54:22 INFO LEAD new: [Permitted] City/24/00862/MDC — Site Bounded By King William Street, Cannon Street,Abchurch 
2026-10-02 12:54:22 INFO LEAD new: [Permitted] City/24/00865/ADVT — 311 High Holborn London WC1V 7BN
2026-10-02 12:54:23 INFO LEAD new: [Permitted] City/24/00867/MDC — 150 - 152 Fenchurch Street London EC3M 6BB
2026-10-02 12:54:23 INFO LEAD new: [Permitted] City/24/00886/SCOP — 1 - 2 Minster Court London EC3R 7AA
2026-10-02 12:54:23 INFO LEAD new: [Permitted] City/24/00861/LDC — 3 Wallside Barbican London EC2Y 8BH
2026-10-02 12:54:23 INFO LEAD new: [Permitted] City/24/00866/ADVT — 101 Cheapside London EC2V 6DT
2026-10-02 12:54:26 INFO LEAD new: [Permitted] City/24/00860/ADVT — 24 Monument Street London EC3R 8AJ
2026-10-02 12:54:32 INFO LEAD new: [Permitted] City/24/00856/FULL — St Paul's House 8 - 12 Warwick Lane London EC4M 7BP
2026-10-02 12:54:35 INFO LEAD new: [Permitted] City/24/00890/OBS — 1-10 Bishops Square London E1 6DU
2026-10-02 12:54:37 INFO LEAD new: [Permitted] City/24/00853/FULL — 3 - 4 Bartholomew Place London EC1A 7HH
2026-10-02 12:54:40 INFO LEAD new: [Permitted] City/24/00855/MDC — 1 Exchange Square London EC2A 2JN
2026-10-02 12:54:43 INFO LEAD new: [Permitted] City/24/00852/FULL — First Floor Flat 42 Charterhouse Square London EC1M 6EA
2026-10-02 12:54:47 INFO LEAD new: [Permitted] City/24/00846/ADVT — 78A Cannon Street London EC4N 6HL
2026-10-02 12:54:49 INFO LEAD new: [Permitted] City/24/00888/OBS — Royal Mint Court London EC3N 4QN
2026-10-02 12:54:52 INFO LEAD new: [Permitted] City/24/00849/FULL — Old Change House 128 Queen Victoria Street London EC4V 4BJ
2026-10-02 12:54:55 INFO LEAD new: [Permitted] City/24/00847/NMA — 60 Threadneedle Street London EC2R 8HP
2026-10-02 12:54:57 INFO LEAD new: [Permitted] City/24/00848/FULL — 60 Threadneedle Street London EC2R 8HP
2026-10-02 12:54:59 INFO LEAD new: [Permitted] City/24/00850/MDC — Ocean House, Fur Trade House, Queensbridge House 10 Little T
2026-10-02 12:55:01 INFO LEAD new: [Permitted] City/24/00889/OBS — Royal Mint Court London EC3N 4QN
2026-10-02 12:55:04 INFO LEAD new: [Permitted] City/24/00845/NMA — 11 Pilgrim Street London EC4V 6RN
2026-10-02 12:55:05 INFO LEAD new: [Permitted] City/24/00841/ADVT — Ye Olde London Public House 42 Ludgate Hill London EC4M 7DE
2026-10-02 12:55:07 INFO LEAD new: [Permitted] City/24/00843/ADVT — 17 - 18 Lime Street London EC3M 7AN
2026-10-02 12:55:08 INFO LEAD new: [Permitted] City/24/00840/MDC — Site Bounded By Fenchurch Street, Mark Lane, Dunster Court A
2026-10-02 12:55:10 INFO LEAD new: [Permitted] City/24/00839/MDC — 1 - 2 Broadgate London EC2M 2QS
2026-10-02 12:55:11 INFO LEAD new: [Permitted] City/24/00837/MDC — Alban Gate 125 - 130 London Wall London EC2
2026-10-02 12:55:12 INFO LEAD new: [Permitted] City/24/00835/MDC — 1 Undershaft London EC3A 8EE
2026-10-02 12:55:13 INFO LEAD new: [Permitted] City/24/00833/MDC — 1 America Square London EC3N 2LS
2026-10-02 12:55:14 INFO LEAD new: [Permitted] City/24/00832/MDC — 16 Eastcheap London EC3M 1BD
2026-10-02 12:55:15 INFO LEAD new: [Permitted] City/24/00834/LDC — Land Bound By Fenchurch Street, Mark Lane, Dunster Court And
2026-10-02 12:55:16 INFO LEAD new: [Permitted] City/24/00828/LBC — Basildon House 7 - 11 Moorgate London EC2R 6AF
2026-10-02 12:55:18 INFO LEAD new: [Permitted] City/24/00858/PODC — 61 - 65 Holborn Viaduct London EC1A 2FD
2026-10-02 12:55:19 INFO LEAD new: [Permitted] City/24/00829/LBC — The Baltic Exchange 38 St Mary Axe London EC3A 8EX
2026-10-02 12:55:19 INFO LEAD new: [Permitted] City/24/00831/MDC — 4 Frederick's Place London EC2R 8AB
2026-10-02 12:55:20 INFO LEAD new: [Permitted] City/24/00824/MDC — 65 Holborn Viaduct London EC1A 2FD
2026-10-02 12:55:20 INFO LEAD new: [Permitted] City/24/00823/MDC — 65 Holborn Viaduct London EC1A 2FD
2026-10-02 12:55:21 INFO LEAD new: [Permitted] City/24/00820/NMA — Hamilton House 1 Temple Avenue London EC4Y 0HA
2026-10-02 12:55:21 INFO LEAD new: [Permitted] City/24/00821/LBC — Hamilton House 1 Temple Avenue London EC4Y 0HA
2026-10-02 12:55:21 INFO LEAD new: [Permitted] City/24/00826/FULL — Paternoster Lodge Paternoster Square London EC4M 7DX
2026-10-02 12:55:21 INFO LEAD new: [Permitted] City/24/00822/ADVT — Woolgate Exchange 25 Basinghall Street London EC2V 5HA
2026-10-02 12:55:21 INFO LEAD new: [Permitted] City/24/00819/MDC — London Metropolitan University 84 Moorgate London EC2M 6SQ
2026-10-02 12:55:22 INFO LEAD new: [Permitted] City/24/00812/LBC — 13 Bishopsgate London EC2N 3BA
2026-10-02 12:55:22 INFO LEAD new: [Permitted] City/24/00816/LBC — 43 - 47 Leadenhall Market London EC3V 1LT
2026-10-02 12:55:22 INFO LEAD new: [Permitted] City/24/00811/FULL — 56 Long Lane London EC1A 9EJ
2026-10-02 12:55:22 INFO LEAD new: [Permitted] City/24/00813/MDC — Land Bounded By Fleet Street, Salisbury Court, Salisbury Squ
2026-10-02 12:55:22 INFO LEAD new: [Permitted] City/24/00815/MDC — 118 Middlesex Street London E1 7HY
2026-10-02 12:55:22 INFO LEAD new: [Permitted] City/24/00814/MDC — St Paul's Cathedral School 2 New Change London EC4M 9AD
2026-10-02 12:55:22 INFO LEAD new: [Permitted] City/24/00806/FULL — 94 Moorgate London EC2M 6UR
2026-10-02 12:55:22 INFO LEAD new: [Permitted] City/24/00805/MDC — 118 Middlesex Street London E1 7HY
2026-10-02 12:55:23 INFO LEAD new: [Permitted] City/24/00807/LBC — 94 Moorgate London EC2M 6UR
2026-10-02 12:55:23 INFO LEAD new: [Permitted] City/24/00818/PODC — 1 Undershaft London EC3A 8EE
2026-10-02 12:55:23 INFO LEAD new: [Permitted] City/24/00808/LBC — 121 Lauderdale Tower Barbican London EC2Y 8BY
2026-10-02 12:55:23 INFO LEAD new: [Permitted] City/24/00803/FULL — The Railway Tavern Public House 15 Liverpool Street London E
2026-10-02 12:55:23 INFO LEAD new: [Permitted] City/24/00800/FULL — Cathedral Court 68-74 Carter Lane London EC4V 5EG
2026-10-02 12:55:23 INFO LEAD new: [Permitted] City/24/00801/MDC — 2 Royal Exchange Buildings London EC3V 3LF
2026-10-02 12:55:23 INFO LEAD new: [Permitted] City/24/00795/MDC — 1 Exchange Square London EC2A 2JN
2026-10-02 12:55:23 INFO LEAD new: [Permitted] City/24/00796/MDC — 1 Undershaft London EC3A 8EE
2026-10-02 12:55:24 INFO LEAD new: [Permitted] City/24/00797/MDC — 1 Undershaft London EC3A 8EE
2026-10-02 12:55:24 INFO LEAD new: [Permitted] City/24/00792/MDC — 100 New Bridge Street London EC4V 6JA
2026-10-02 12:55:24 INFO LEAD new: [Permitted] City/24/00789/FULL — 59 Fleet Street London EC4Y 1JU
2026-10-02 12:55:24 INFO LEAD new: [Permitted] City/24/00787/NMA — Poultry Market And General Market And The Annexe Buildings W
2026-10-02 12:55:24 INFO LEAD new: [Permitted] City/24/00785/LBC — Poultry Market And General Market And The Annexe Buildings W
2026-10-02 12:55:24 INFO LEAD new: [Permitted] City/24/00786/LBC — 72 - 74 Lombard Street London EC3V 9AY
2026-10-02 12:55:24 INFO LEAD new: [Permitted] City/24/00782/TTT — Tideway Working Area Blackfriars Bridge Foreshore London Vic
2026-10-02 12:55:24 INFO LEAD new: [Permitted] City/24/00781/FULL — 10 Paternoster Row London EC4M 7EJ
2026-10-02 12:55:25 INFO LEAD new: [Permitted] City/24/00784/TTT — Tideway Working Area Blackfriars Bridge Foreshore London Vic
2026-10-02 12:55:25 INFO LEAD new: [Permitted] City/24/00778/MDC — 100 New Bridge Street London EC4V 6JA
2026-10-02 12:55:25 INFO LEAD new: [Permitted] City/24/00764/LBC — St Martins House 16 St Martin's-le-grand London EC1A 4EN
2026-10-02 12:55:25 INFO LEAD new: [Permitted] City/24/00763/FULL — St Martins House 16 St Martin's-le-grand London EC1A 4EN
2026-10-02 12:55:25 INFO LEAD new: [Permitted] City/24/00773/ADVT — Cripplegate House 1 Golden Lane London EC1Y 0RR
2026-10-02 12:55:25 INFO LEAD new: [Permitted] City/24/00761/FULL — St Bartholomews Hospital West Smithfield London EC1A 7BE
2026-10-02 12:55:25 INFO LEAD new: [Permitted] City/24/00765/PODC — Site Bounded By King William Street, Cannon Street,Abchurch 
2026-10-02 12:55:25 INFO LEAD new: [Permitted] City/24/00760/FULLR3 — St Andrew Undershaft Church St Mary Axe London EC3A 8BN
2026-10-02 12:55:25 INFO LEAD new: [Permitted] City/24/00766/PODC — Site Bounded By King William Street, Cannon Street, Abchurch
2026-10-02 12:55:27 INFO LEAD new: [Permitted] City/24/00767/PODC — Site Bounded By King William Street, Cannon Street, Abchurch
2026-10-02 12:55:27 INFO LEAD new: [Permitted] City/24/00768/PODC — Site Bounded By King William Street, Cannon Street, Abchurch
2026-10-02 12:55:27 INFO LEAD new: [Permitted] City/24/00762/MDC — 15 Old Bailey London EC4M 7EF
2026-10-02 12:55:27 INFO LEAD new: [Permitted] City/24/00759/MDC — 4 Frederick's Place London EC2R 8AB
2026-10-02 12:55:27 INFO LEAD new: [Permitted] City/24/00756/MDC — 65 Fleet Street London EC4Y 1HT
2026-10-02 12:55:27 INFO LEAD new: [Permitted] City/24/00755/ADVT — From Farringdon Street To West Poultry Avenue West Smithfiel
2026-10-02 12:55:27 INFO LEAD new: [Permitted] City/24/00758/MDC — 5 Frederick's Place London EC2R 8AB
2026-10-02 12:55:27 INFO LEAD new: [Permitted] City/24/00757/MDC — 65 Fleet Street London EC4Y 1HT
2026-10-02 12:55:28 INFO LEAD new: [Permitted] City/24/00747/FULL — 43 - 45 Eastcheap London EC3M 1JA
2026-10-02 12:55:28 INFO LEAD new: [Permitted] City/24/00753/NMA — 81 Newgate Street London EC1A 7AJ
2026-10-02 12:55:28 INFO LEAD new: [Permitted] City/24/00751/MDC — Princes Court 7 Prince's Street London EC2R 8AQ
2026-10-02 12:55:28 INFO LEAD new: [Permitted] City/24/00750/MDC — Princes Court 7 Prince's Street London EC2R 8AQ
2026-10-02 12:55:28 INFO LEAD new: [Permitted] City/24/00754/LBC — Selbourne House 11 Ironmonger Lane London EC2V 8EY
2026-10-02 12:55:28 INFO LEAD new: [Permitted] City/24/00746/FULL — 11 - 13 Devonshire Row London EC2M 4RH
2026-10-02 12:55:28 INFO LEAD new: [Permitted] City/24/00744/MDC — 100 And 108 Fetter Lane London EC4A 1ES
2026-10-02 12:55:28 INFO LEAD new: [Permitted] City/24/00745/NMA — Guildhall Guildhall Yard London EC2V 5AF
2026-10-02 12:55:28 INFO LEAD new: [Permitted] City/24/00739/MDC — 100 Bishopsgate London EC2N 4AA
2026-10-02 12:55:28 INFO LEAD new: [Permitted] City/24/00737/FULL — Atlas House 1 - 7 King Street London EC2V 8AU
2026-10-02 12:55:29 INFO LEAD new: [Permitted] City/24/00738/LBC — Atlas House 1 - 7 King Street London EC2V 8AU
2026-10-02 12:55:29 INFO LEAD new: [Permitted] City/24/00735/MDC — Crescent House Golden Lane Estate London EC1Y 0SL
2026-10-02 12:55:35 INFO [city-of-london/Permitted] page at offset 2300: 100 records
2026-10-02 12:55:35 INFO LEAD new: [Permitted] City/24/00734/SCOP — 63 St Mary Axe London EC3A 8AA
2026-10-02 12:55:35 INFO LEAD new: [Permitted] City/24/00733/FULL — 20 Finsbury Circus London EC2M 1UT
2026-10-02 12:55:36 INFO LEAD new: [Permitted] City/24/00736/LDC — Crescent House Golden Lane Estate London EC1Y 0SL
2026-10-02 12:55:37 INFO LEAD new: [Permitted] City/24/00730/MDC — (Development Site) 1 Stonecutter Street London EC4A 4TR
2026-10-02 12:55:37 INFO LEAD new: [Permitted] City/24/00749/OBS — 12 - 20 Wyvil Road, London, SW8 2TG
2026-10-02 12:55:38 INFO LEAD new: [Permitted] City/24/00731/FULL — 41 Charterhouse Square London EC1M 6EA
2026-10-02 12:55:38 INFO LEAD new: [Permitted] City/24/00724/LBC — Liverpool Street Railway Station Liverpool Street London EC2
2026-10-02 12:55:39 INFO LEAD new: [Permitted] City/24/00715/MDC — Site Bounded By King William Street, Cannon Street,Abchurch 
2026-10-02 12:55:39 INFO LEAD new: [Permitted] City/24/00722/LBC — Livery Hall Drapers Hall Throgmorton Avenue London EC2N 2DQ
2026-10-02 12:55:40 INFO LEAD new: [Permitted] City/24/00718/NMA — Woolgate Exchange 25 Basinghall Street London EC2V 5HA
2026-10-02 12:55:40 INFO LEAD new: [Permitted] City/24/00721/LBC — East Wing St Bartholomews Hospital West Smithfield London EC
2026-10-02 12:55:40 INFO LEAD new: [Permitted] City/24/00719/ADVT — 4 - 5 Devonshire Square London EC2M 4YE
2026-10-02 12:55:40 INFO LEAD new: [Permitted] City/24/00717/FULLR3 — Outside 40 Leadenhall Street London EC3A 2BJ
2026-10-02 12:55:40 INFO LEAD new: [Permitted] City/24/00716/LBC — 4 - 5 Devonshire Square London EC2M 4YE
2026-10-02 12:55:40 INFO LEAD new: [Permitted] City/24/00723/MDC — Livery Hall Skinners' Hall 8 Dowgate Hill London EC4R 2SP
2026-10-02 12:55:40 INFO LEAD new: [Permitted] City/24/00711/FULL — 22 Birchin Lane London EC3V 9DJ
2026-10-02 12:55:40 INFO LEAD new: [Permitted] City/24/00709/FULL — St Bartholomews Hospital West Smithfield London EC1A 7BE
2026-10-02 12:55:41 INFO LEAD new: [Permitted] City/24/00706/MDC — Winchester House 75 London Wall London EC2M 5NG
2026-10-02 12:55:41 INFO LEAD new: [Permitted] City/24/00707/ADVT — The Cursitor Building 38 Chancery Lane London WC2A 1EN
2026-10-02 12:55:41 INFO LEAD new: [Permitted] City/24/00703/FULLR3 — Mitre Square London EC3A 5DH
2026-10-02 12:55:41 INFO LEAD new: [Permitted] City/24/00696/MDC — Dauntsey House 4A & 4B Frederick's Place London EC2R 8AB
2026-10-02 12:55:41 INFO LEAD new: [Permitted] City/24/00478/ADVT — 94 Moorgate London EC2M 6UR
2026-10-02 12:55:41 INFO LEAD new: [Permitted] City/24/00708/LBC — 172 Shakespeare Tower Barbican London EC2Y 8DR
2026-10-02 12:55:41 INFO LEAD new: [Permitted] City/24/00691/MDC — 56 Long Lane London EC1A 9EJ
2026-10-02 12:55:41 INFO LEAD new: [Permitted] City/24/00690/MDC — The Baltic Exchange 38 St Mary Axe London EC3A 8EX
2026-10-02 12:55:41 INFO LEAD new: [Permitted] City/24/00686/MDC — City Place House 55 Basinghall Street London EC2V 5DX
2026-10-02 12:55:42 INFO LEAD new: [Permitted] City/24/00689/MDC — The Baltic Exchange 38 St Mary Axe London EC3A 8EX
2026-10-02 12:55:42 INFO LEAD new: [Permitted] City/24/00693/PODC — 5 Chancery Lane London WC2A 1LG
2026-10-02 12:55:42 INFO LEAD new: [Permitted] City/24/00678/LBC — Albert Buildings 49 Queen Victoria Street London EC4N 4SA
2026-10-02 12:55:42 INFO LEAD new: [Permitted] City/24/00682/LDC — The Baltic Exchange 38 St Mary Axe London EC3A 8EX
2026-10-02 12:55:42 INFO LEAD new: [Permitted] City/24/00677/FULL — Albert Buildings 49 Queen Victoria Street London EC4N 4SA
2026-10-02 12:55:42 INFO LEAD new: [Permitted] City/24/00681/LDC — The Baltic Exchange 38 St Mary Axe London EC3A 8EX
2026-10-02 12:55:42 INFO LEAD new: [Permitted] City/24/00683/LDC — The Baltic Exchange 38 St Mary Axe London EC3A 8EX
2026-10-02 12:55:42 INFO LEAD new: [Permitted] City/24/00676/MDC — 2-3 Finsbury Avenue London EC2M 2PF
2026-10-02 12:55:42 INFO LEAD new: [Permitted] City/24/00680/CLOPD — Wood Street Police Station 37 Wood Street London EC2P 2NQ
2026-10-02 12:55:42 INFO LEAD new: [Permitted] City/24/00679/FULL — 38 Chancery Lane London WC2A 1EN
2026-10-02 12:55:43 INFO LEAD new: [Permitted] City/24/00684/LDC — The Baltic Exchange 38 St Mary Axe London EC3A 8EX
2026-10-02 12:55:43 INFO LEAD new: [Permitted] City/24/00675/MDC — Stonecutter Court 1 Stonecutter Street London EC4A 4TR
2026-10-02 12:55:43 INFO LEAD new: [Permitted] City/24/00668/LBC — Guildhall Guildhall Yard London EC2V 5AF
2026-10-02 12:55:43 INFO LEAD new: [Permitted] City/24/00671/MDC — The Arcade Liverpool Street London EC2M 7PN
2026-10-02 12:55:43 INFO LEAD new: [Permitted] City/24/00669/MDC — 6 St Andrew Street London EC4A 3AE
2026-10-02 12:55:44 INFO LEAD new: [Permitted] City/24/00670/MDC — 6 St Andrew Street London EC4A 3AE
2026-10-02 12:55:44 INFO LEAD new: [Permitted] City/24/00674/MDC — 118 Middlesex Street London E1 7HY
2026-10-02 12:55:44 INFO LEAD new: [Permitted] City/24/00664/MDC — The Arcade Liverpool Street London EC2M 7PN
2026-10-02 12:55:44 INFO LEAD new: [Permitted] City/24/00667/ADVT — St Marys Court 20 St Mary At Hill London EC3R 8EE
2026-10-02 12:55:44 INFO LEAD new: [Permitted] City/24/00663/ADVT — 21 Copthall Avenue London EC2R 7BS
2026-10-02 12:55:44 INFO LEAD new: [Permitted] City/24/00665/MDC — The Arcade Liverpool Street London EC2M 7PN
2026-10-02 12:55:44 INFO LEAD new: [Permitted] City/24/00662/LBC — 192 Shakespeare Tower Barbican London EC2Y 8DR
2026-10-02 12:55:44 INFO LEAD new: [Permitted] City/24/00661/MDC — Land Bounded By Fleet Street, Salisbury Court, Salisbury Squ
2026-10-02 12:55:44 INFO LEAD new: [Permitted] City/24/00656/MDC — 147 Leadenhall Street London EC3V 4QT
2026-10-02 12:55:45 INFO LEAD new: [Permitted] City/24/00657/MDC — 147 Leadenhall Street London EC3V 4QT
2026-10-02 12:55:45 INFO LEAD new: [Permitted] City/24/00659/ADVT — St Botolph Without Aldgate Aldgate High Street London EC3N 1
2026-10-02 12:55:45 INFO LEAD new: [Permitted] City/24/00658/PODC — Alban Gate 125 - 130 London Wall London EC2
2026-10-02 12:55:45 INFO LEAD new: [Permitted] City/24/00651/FULLR3 — Footway South of St Botolph Without Aldgate Aldgate High Str
2026-10-02 12:55:45 INFO LEAD new: [Permitted] City/24/00652/FULLR3 — The Leadenhall Building 122 Leadenhall Street London EC3V 4A
2026-10-02 12:55:45 INFO LEAD new: [Permitted] City/24/00647/LBC — 108 Bryer Court Barbican London EC2Y 8DE
2026-10-02 12:55:45 INFO LEAD new: [Permitted] City/24/00650/MDC — 10 Great Tower Street London EC3R 5AA
2026-10-02 12:55:45 INFO LEAD new: [Permitted] City/24/00714/OBS — London Fruit & Wool Exchange Brushfield Street London E1 6PW
2026-10-02 12:55:45 INFO LEAD new: [Permitted] City/24/00649/LBC — 65 Fleet Street London EC4Y 1HT
2026-10-02 12:55:46 INFO LEAD new: [Permitted] City/24/00648/FULMAJ — 65 Fleet Street London EC4Y 1HT
2026-10-02 12:55:46 INFO LEAD new: [Permitted] City/24/00644/LBC — 103 Defoe House Barbican London EC2Y 8ND
2026-10-02 12:55:46 INFO LEAD new: [Permitted] City/24/00653/FULLR3 — Clerks Place London EC3A 8AQ
2026-10-02 12:55:46 INFO LEAD new: [Permitted] City/24/00639/LBC — 9A Devonshire Square London EC2M 4YN
2026-10-02 12:55:46 INFO LEAD new: [Permitted] City/24/00641/FULL — 1 New Change London EC4M 9AF
2026-10-02 12:55:46 INFO LEAD new: [Permitted] City/24/00642/MDC — Winchester House 75 London Wall London EC2M 5NG
2026-10-02 12:55:46 INFO LEAD new: [Permitted] City/24/00646/OBS — Teviot Estate London E14 6QU
2026-10-02 12:55:46 INFO LEAD new: [Permitted] City/24/00645/OBS — 33 Charterhouse Street London EC1M 6HA
2026-10-02 12:55:46 INFO LEAD new: [Permitted] City/24/00629/MDC — 66 - 73 Shoe Lane London EC4A 3BQ
2026-10-02 12:55:46 INFO LEAD new: [Permitted] City/24/00632/MDC — 150 Aldersgate Street 3-4 Bartholomew Place London EC1A
2026-10-02 12:55:47 INFO LEAD new: [Permitted] City/24/00625/MDC — City Place House 55 Basinghall Street London EC2V 5DX
2026-10-02 12:55:47 INFO LEAD new: [Permitted] City/24/00622/FULLR3 — Pavement Outside 1 Great St Helen's London EC3A 6AP
2026-10-02 12:55:47 INFO LEAD new: [Permitted] City/24/00624/MDC — City Place House 55 Basinghall Street London EC2V 5DX
2026-10-02 12:55:47 INFO LEAD new: [Permitted] City/24/00627/MDC — City Place House 55 Basinghall Street London EC2V 5DX
2026-10-02 12:55:47 INFO LEAD new: [Permitted] City/24/00628/MDC — City Place House 55 Basinghall Street London EC2V 5DX
2026-10-02 12:55:47 INFO LEAD new: [Permitted] City/24/00626/MDC — City Place House 55 Basinghall Street London EC2V 5DX
2026-10-02 12:55:47 INFO LEAD new: [Permitted] City/24/00620/LBC — Cripplegate House 1 Golden Lane London EC1Y 0RR
2026-10-02 12:55:47 INFO LEAD new: [Permitted] City/24/00619/CLOPD — 43 Bartholomew Close London EC1A 7HN
2026-10-02 12:55:48 INFO LEAD new: [Permitted] City/24/00616/FULL — 155 Bishopsgate London EC2M 3TQ
2026-10-02 12:55:48 INFO LEAD new: [Permitted] City/24/00610/LDC — 187 Fleet Street London EC4A 2HS
2026-10-02 12:55:48 INFO LEAD new: [Permitted] City/24/00612/ADVT — Kings House 36 - 37 King Street London EC2V 8BB
2026-10-02 12:55:48 INFO LEAD new: [Permitted] City/24/00613/LBC — 6 Lloyd's Avenue London EC3N 3AX
2026-10-02 12:55:49 INFO LEAD new: [Permitted] City/24/00617/MDC — Poultry Market And General Market And The Annexe Buildings W
2026-10-02 12:55:49 INFO LEAD new: [Permitted] City/24/00618/LBC — 5 Thomas More House Barbican London EC2Y 8BT
2026-10-02 12:55:49 INFO LEAD new: [Permitted] City/24/00611/MDC — 187 Fleet Street London EC4A 2HS
2026-10-02 12:55:50 INFO LEAD new: [Permitted] City/24/00614/MDC — 100 And 108 Fetter Lane London EC4A 1ES
2026-10-02 12:55:50 INFO LEAD new: [Permitted] City/24/00609/LDC — 187 Fleet Street London EC4A 2HS
2026-10-02 12:55:50 INFO LEAD new: [Permitted] City/24/00607/MDC — Holyer House 20 - 21 Red Lion Court London EC4A 3EB
2026-10-02 12:55:50 INFO LEAD new: [Permitted] City/24/00654/PODC — Winchester House 75 London Wall London EC2M 5NG
2026-10-02 12:55:50 INFO LEAD new: [Permitted] City/24/00608/MDC — 187 Fleet Street London EC4A 2HS
2026-10-02 12:55:50 INFO LEAD new: [Permitted] City/24/00606/FULLR3 — Pavement Outside 99 Bishopsgate London EC2M 3XD
2026-10-02 12:55:50 INFO LEAD new: [Permitted] City/24/00605/FULL — 25 Cannon Street London EC4M 5SB
2026-10-02 12:55:50 INFO LEAD new: [Permitted] City/24/00604/FULLR3 — Pavement Outside 70 St Mary Axe London EC3A 8BA
2026-10-02 12:55:50 INFO LEAD new: [Permitted] City/24/00603/MDC — 100 New Bridge Street London EC4V 6JA
2026-10-02 12:55:51 INFO LEAD new: [Permitted] City/24/00599/MDC — Central Criminal Court Old Bailey London EC4M 7EH
2026-10-02 12:55:51 INFO LEAD new: [Permitted] City/24/00602/MDC — 101 Moorgate London EC2M 6SL
2026-10-02 12:55:51 INFO LEAD new: [Permitted] City/24/00597/MDC — Site Bounded By King William Street, Cannon Street, Abchurch
2026-10-02 12:55:51 INFO LEAD new: [Permitted] City/24/00590/MDC — Woolgate Exchange 25 Basinghall Street London EC2V 5HA
2026-10-02 12:55:51 INFO LEAD new: [Permitted] City/24/00580/NMA — Cripplegate House 1 Golden Lane London EC1Y 0RR
2026-10-02 12:55:51 INFO LEAD new: [Permitted] City/24/00596/MDC — Site Bounded By King William Street, Cannon Street, Abchurch
2026-10-02 12:55:51 INFO LEAD new: [Permitted] City/24/00598/LDC — Central Criminal Court Old Bailey London EC4M 7EH
2026-10-02 12:55:58 INFO [city-of-london/Permitted] page at offset 2400: 100 records
2026-10-02 12:55:58 INFO LEAD new: [Permitted] City/24/00713/OBS — Docklands Car Park, Billingsgate Market Trafalgar Way London
2026-10-02 12:55:58 INFO LEAD new: [Permitted] City/24/00574/ADVT — 6 St Andrew Street London EC4A 3AE
2026-10-02 12:55:58 INFO LEAD new: [Permitted] City/24/00872/PODC — 1 Undershaft London EC3A 8EE
2026-10-02 12:55:58 INFO LEAD new: [Permitted] City/24/00577/MDC — Finsbury Circus Gardens Finsbury Circus London EC2M 7DT
2026-10-02 12:55:59 INFO LEAD new: [Permitted] City/24/00588/LBC — 135 Defoe House Barbican London EC2Y 8ND
2026-10-02 12:55:59 INFO LEAD new: [Permitted] City/24/00591/LDC — 20 King Street London EC2V 8EG
2026-10-02 12:55:59 INFO LEAD new: [Permitted] City/24/00573/FULL — Giltspur House 5 - 7 Giltspur Street London EC1A 9DE
2026-10-02 12:56:00 INFO LEAD new: [Permitted] City/24/00595/MDC — Site Bounded By King William Street, Cannon Street, Abchurch
2026-10-02 12:56:01 INFO LEAD new: [Permitted] City/24/00583/MDC — 147 Leadenhall Street London EC3V 4QT
2026-10-02 12:56:02 INFO LEAD new: [Permitted] City/24/00615/OBS — Former Westferry Printworks 235 Westferry Road London, E14
2026-10-02 12:56:02 INFO LEAD new: [Permitted] City/24/00581/MDC — 15-16 Minories 62 Aldgate High Street London EC3N 1AL
2026-10-02 12:56:03 INFO LEAD new: [Permitted] City/24/00589/LDC — St Paul's Cathedral School 2 New Change London EC4M 9AD
2026-10-02 12:56:03 INFO LEAD new: [Permitted] City/24/00569/CLOPD — 30 St Mary Axe London EC3A 8BF
2026-10-02 12:56:03 INFO LEAD new: [Permitted] City/24/00565/FULL — 10 Old Bailey London EC4M 7NG
2026-10-02 12:56:04 INFO LEAD new: [Permitted] City/24/00566/ADVT — St Martins House 16 St Martin's-le-grand London EC1A 4EN
2026-10-02 12:56:04 INFO LEAD new: [Permitted] City/24/00568/CLEUD — 30 St Mary Axe London EC3A 8BF
2026-10-02 12:56:04 INFO LEAD new: [Permitted] City/24/00571/FULL — 30 St Mary Axe London EC3A 8BF
2026-10-02 12:56:04 INFO LEAD new: [Permitted] City/24/00554/ADVT — 122 Cannon Street London EC4N 6AS
2026-10-02 12:56:04 INFO LEAD new: [Permitted] City/24/00555/LBC — St Martins House 16 St Martin's-le-grand London EC1A 4EN
2026-10-02 12:56:04 INFO LEAD new: [Permitted] City/24/00561/MDC — Site Bounded By King William Street, Cannon Street,Abchurch 
2026-10-02 12:56:05 INFO LEAD new: [Permitted] City/24/00558/MDC — Site Bounded By King William Street, Cannon Street,Abchurch 
2026-10-02 12:56:05 INFO LEAD new: [Permitted] City/24/00552/MDC — 118 Middlesex Street London E1 7HY
2026-10-02 12:56:05 INFO LEAD new: [Permitted] City/24/00562/MDC — Site Bounded By King William Street, Cannon Street,Abchurch 
2026-10-02 12:56:05 INFO LEAD new: [Permitted] City/24/00551/MDC — 11 Rood Lane London EC3M 8AZ
2026-10-02 12:56:05 INFO LEAD new: [Permitted] City/24/00557/MDC — Site Bounded By King William Street, Cannon Street, Abchurch
2026-10-02 12:56:05 INFO LEAD new: [Permitted] City/24/00560/MDC — Site Bounded By King William Street, Cannon Street,Abchurch 
2026-10-02 12:56:05 INFO LEAD new: [Permitted] City/24/00548/MDC — Middlesex Street Estate Gravel Lane London E1 7AF
2026-10-02 12:56:06 INFO LEAD new: [Permitted] City/24/00547/MDC — 20 Giltspur Street London EC1A 9DD
2026-10-02 12:56:06 INFO LEAD new: [Permitted] City/24/00549/FULL — 10 Trinity Square London EC3N 4AJ
2026-10-02 12:56:06 INFO LEAD new: [Permitted] City/24/00543/MDC — 81 Newgate Street London EC1A 7AJ
2026-10-02 12:56:06 INFO LEAD new: [Permitted] City/24/00538/LBC — 71 Fenchurch Street London EC3M 4BR
2026-10-02 12:56:06 INFO LEAD new: [Permitted] City/24/00531/MDC — 100 New Bridge Street London EC4V 6JA
2026-10-02 12:56:06 INFO LEAD new: [Permitted] City/24/00532/FULL — New Street Square London EC4A 3BZ
2026-10-02 12:56:06 INFO LEAD new: [Permitted] City/24/00530/MDC — Exchequer Court 33 St Mary Axe London EC3A 8AA
2026-10-02 12:56:06 INFO LEAD new: [Permitted] City/24/00539/CLOPD — 100 Bishopsgate London EC2N 4AG
2026-10-02 12:56:07 INFO LEAD new: [Permitted] City/24/00524/LBC — 93 Fleet Street London EC4Y 1DH
2026-10-02 12:56:07 INFO LEAD new: [Permitted] City/24/00520/MDC — 40 Queen Street London EC4R 1DD
2026-10-02 12:56:07 INFO LEAD new: [Permitted] City/24/00521/MDC — 40 Queen Street London EC4R 1DD
2026-10-02 12:56:07 INFO LEAD new: [Permitted] City/24/00522/LDC — 41 Lothbury London EC2R 7HF
2026-10-02 12:56:07 INFO LEAD new: [Permitted] City/24/00516/MDC — 20 Giltspur Street London EC1A 9DD
2026-10-02 12:56:07 INFO LEAD new: [Permitted] City/24/00514/MDC — Rector's Flat St Mary Le Bow Church Cheapside London EC2V 6A
2026-10-02 12:56:07 INFO LEAD new: [Permitted] City/24/00519/LBC — Furnival Chambers 32 Furnival Street London EC4A 1JQ
2026-10-02 12:56:07 INFO LEAD new: [Permitted] City/24/00518/FULL — Furnival Chambers 32 Furnival Street London EC4A 1JQ
2026-10-02 12:56:08 INFO LEAD new: [Permitted] City/24/00515/MDC — 25 Moorgate London EC2R 6AR
2026-10-02 12:56:08 INFO LEAD new: [Permitted] City/24/00517/NMA — 10 Gresham Street London EC2V 7JD
2026-10-02 12:56:08 INFO LEAD new: [Permitted] City/24/00513/MDC — Site Bounded By King William Street, Cannon Street, Abchurch
2026-10-02 12:56:08 INFO LEAD new: [Permitted] City/24/00528/LBC — Garden On Site of St Mary Aldermanbury London EC2P 2NQ
2026-10-02 12:56:08 INFO LEAD new: [Permitted] City/24/00525/FULL — 15 Eastcheap London EC3M 1BU
2026-10-02 12:56:08 INFO LEAD new: [Permitted] City/24/00508/LDC — 147 Leadenhall Street London EC3V 4QT
2026-10-02 12:56:08 INFO LEAD new: [Permitted] City/24/00533/NMA — 41 Lothbury London EC2R 7HF
2026-10-02 12:56:08 INFO LEAD new: [Permitted] City/24/00506/MDC — 99 Queen Victoria Street London EC4V 4EH
2026-10-02 12:56:08 INFO LEAD new: [Permitted] City/24/00501/MDC — Central Criminal Court Old Bailey London EC4M 7EH
2026-10-02 12:56:09 INFO LEAD new: [Permitted] City/24/00504/FULL — 54 King William Street London EC4R 9AD
2026-10-02 12:56:09 INFO LEAD new: [Permitted] City/24/00540/FULL — 10 - 15 Newgate Street London EC1A 7HD
2026-10-02 12:56:09 INFO LEAD new: [Permitted] City/24/00507/MDC — 100 And 108 Fetter Lane London EC4A 1ES
2026-10-02 12:56:09 INFO LEAD new: [Permitted] City/24/00503/ADVT — 54 King William Street London EC4R 9AD
2026-10-02 12:56:09 INFO LEAD new: [Permitted] City/24/00502/LDC — Central Criminal Court Old Bailey London EC4M 7EH
2026-10-02 12:56:09 INFO LEAD new: [Permitted] City/24/00505/LBC — 41 Lothbury London EC2R 7HF
2026-10-02 12:56:09 INFO LEAD new: [Permitted] City/24/00500/LBC — 202 Cromwell Tower Barbican London EC2Y 8DD
2026-10-02 12:56:09 INFO LEAD new: [Permitted] City/24/00497/MDC — London Metropolitan University 84 Moorgate London EC2M 6SQ
2026-10-02 12:56:09 INFO LEAD new: [Permitted] City/24/00498/NMA — Alder Castle House 10 Noble Street London EC2V 7JX
2026-10-02 12:56:10 INFO LEAD new: [Permitted] City/24/00492/MDC — 150 Aldersgate Street 3-4 Bartholomew Place London EC1A
2026-10-02 12:56:10 INFO LEAD new: [Permitted] City/24/00496/FULL — Barbican Arts And Conference Centre Silk Street London EC2Y 
2026-10-02 12:56:10 INFO LEAD new: [Permitted] City/24/00488/LDC — London Metropolitan University 84 Moorgate London EC2M 6SQ
2026-10-02 12:56:10 INFO LEAD new: [Permitted] City/24/00490/FULL — 10 Devonshire Square London EC2M 4YP
2026-10-02 12:56:10 INFO LEAD new: [Permitted] City/24/00491/LBC — 10 Devonshire Square London EC2M 4YP
2026-10-02 12:56:10 INFO LEAD new: [Permitted] City/24/00493/FULL — 37 Fleet Street London EC4Y 1BT
2026-10-02 12:56:11 INFO LEAD new: [Permitted] City/24/00494/LBC — 37 Fleet Street London EC4Y 1BT
2026-10-02 12:56:11 INFO LEAD new: [Permitted] City/24/00495/LBC — 610 Gilbert House Barbican London EC2Y 8BD
2026-10-02 12:56:12 INFO LEAD new: [Permitted] City/24/00499/MDC — 14-21 Holborn Viaduct 32-33 & 34-35 Farringdon Street London
2026-10-02 12:56:12 INFO LEAD new: [Permitted] City/24/00486/MDC — 81 Newgate Street London EC1A 7AJ
2026-10-02 12:56:13 INFO LEAD new: [Permitted] City/24/00485/MDC — St Paul's Cathedral School 2 New Change London EC4M 9AD
2026-10-02 12:56:14 INFO LEAD new: [Permitted] City/24/00484/FULL — Land Along Sun Street Passage Broadgate Campus London EC2M 2
2026-10-02 12:56:14 INFO LEAD new: [Permitted] City/24/00481/FULL — 1 New Change London EC4M 9AF
2026-10-02 12:56:15 INFO LEAD new: [Permitted] City/24/00482/MDC — Middlesex Street Estate Gravel Lane London E1 7AF
2026-10-02 12:56:15 INFO LEAD new: [Permitted] City/24/00480/MDC — 101 Moorgate London EC2M 6SL
2026-10-02 12:56:15 INFO LEAD new: [Permitted] City/24/00479/PODC — Princes Court 7 Prince's Street London EC2R 8AQ
2026-10-02 12:56:15 INFO LEAD new: [Permitted] City/24/00475/MDC — Middlesex Street Estate Gravel Lane London E1 7AF
2026-10-02 12:56:15 INFO LEAD new: [Permitted] City/24/00474/LBC — Retail Unit 32 Upper Concourse Liverpool Street Station Live
2026-10-02 12:56:15 INFO LEAD new: [Permitted] City/24/00470/LBC — 609 Gilbert House Barbican London EC2Y 8BD
2026-10-02 12:56:15 INFO LEAD new: [Permitted] City/24/00477/PODC — Middlesex Street Estate Gravel Lane London E1 7AF
2026-10-02 12:56:15 INFO LEAD new: [Permitted] City/24/00469/MDC — City Tower And City Place House 40 - 55 Basinghall Street Lo
2026-10-02 12:56:15 INFO LEAD new: [Permitted] City/24/00472/FULL — Middlesex Street Estate Gravel Lane London E1 7AF
2026-10-02 12:56:16 INFO LEAD new: [Permitted] City/24/00473/MDC — 81 Newgate Street London EC1A 7AJ
2026-10-02 12:56:16 INFO LEAD new: [Permitted] City/24/00467/NMA — Site Bounded By King William Street, Cannon Street, Abchurch
2026-10-02 12:56:16 INFO LEAD new: [Permitted] City/24/00471/MDC — 40 Queen Street London EC4R 1DD
2026-10-02 12:56:16 INFO LEAD new: [Permitted] City/24/00468/NMA — Site Bounded By King William Street, Cannon Street, Abchurch
2026-10-02 12:56:16 INFO LEAD new: [Permitted] City/24/00462/MDC — Middlesex Street Estate Gravel Lane London E1 7AF
2026-10-02 12:56:16 INFO LEAD new: [Permitted] City/24/00465/MDC — Northcliffe House 26-30 Tudor Street, 16-22 Bouverie Street 
2026-10-02 12:56:16 INFO LEAD new: [Permitted] City/24/00457/LBC — St Mary Abchurch House 123 - 127 Cannon Street London EC4N 5
2026-10-02 12:56:18 INFO LEAD new: [Permitted] City/24/00458/MDC — 9 - 10 Angel Court London EC2R 7HP
2026-10-02 12:56:18 INFO LEAD new: [Permitted] City/24/00456/FULL — 1 - 2 Broadgate London EC2M 2QS
2026-10-02 12:56:19 INFO LEAD new: [Permitted] City/24/00459/MDC — 9 - 10 Angel Court London EC2R 7HP
2026-10-02 12:56:19 INFO LEAD new: [Permitted] City/24/00455/LBC — 71 Fenchurch Street London EC3M 4BR
2026-10-02 12:56:19 INFO LEAD new: [Permitted] City/24/00452/MDC — 6 St Andrew Street London EC4A 3AE
2026-10-02 12:56:19 INFO LEAD new: [Permitted] City/24/00450/MDC — St Martins House 16 St Martin's-le-grand London EC1A 4EN
2026-10-02 12:56:19 INFO LEAD new: [Permitted] City/24/00442/ADVT — 15 Eastcheap London EC3M 1BU
2026-10-02 12:56:20 INFO LEAD new: [Permitted] City/24/00444/MDC — Site Bounded By King William Street, Cannon Street, Abchurch
2026-10-02 12:56:20 INFO LEAD new: [Permitted] City/24/00441/FULL — 15 Eastcheap London EC3M 1BU
2026-10-02 12:56:20 INFO LEAD new: [Permitted] City/24/00448/ADVT — 26 Copthall Avenue London EC2R 7DN
2026-10-02 12:56:26 WARNING Rate limited (429); waiting 1174s before retry 1/6
2026-10-02 13:16:00 WARNING Request failed (403 Client Error: Forbidden for url: https://www.planit.org.uk/api/applics/json?app_state=Permitted&start_date=2023-10-01&end_date=2026-10-01&pg_sz=100&auth=City&offset=2500); retry 2/6 in 10s
2026-10-02 13:16:11 INFO [city-of-london/Permitted] page at offset 2500: 100 records
2026-10-02 13:16:11 INFO LEAD new: [Permitted] City/24/00443/MDC — Site Bounded By King William Street, Cannon Street, Abchurch
2026-10-02 13:16:12 INFO LEAD new: [Permitted] City/24/00449/LBC — 26 - 27 Eldon Street London EC2M 7LA
2026-10-02 13:16:12 INFO LEAD new: [Permitted] City/24/00445/MDC — Site Bounded By King William Street, Cannon Street, Abchurch
2026-10-02 13:16:12 INFO LEAD new: [Permitted] City/24/00447/LBC — City of London School For Girls St Giles' Terrace Barbican L
2026-10-02 13:16:12 INFO LEAD new: [Permitted] City/24/00438/MDC — 4 - 5 Devonshire Square London City of London EC2M 4YE
2026-10-02 13:16:12 INFO LEAD new: [Permitted] City/24/00439/FULL — 27 Bream's Buildings London EC4A 1DZ
2026-10-02 13:16:12 INFO LEAD new: [Permitted] City/24/00440/LBC — 27 Bream's Buildings London EC4A 1DZ
2026-10-02 13:16:12 INFO LEAD new: [Permitted] City/24/00436/MDC — The Baltic Exchange 38 St Mary Axe London EC3A 8EX
2026-10-02 13:16:12 INFO LEAD new: [Permitted] City/24/00437/NMA — Walsingham House 35 Seething Lane London EC3N 4AH
2026-10-02 13:16:12 INFO LEAD new: [Permitted] City/24/00435/LDC — The Baltic Exchange 38 St Mary Axe London EC3A 8EX
2026-10-02 13:16:13 INFO LEAD new: [Permitted] City/24/00434/LBC — 94 Moorgate London EC2M 6UR
2026-10-02 13:16:13 INFO LEAD new: [Permitted] City/24/00433/FULL — 94 Moorgate London EC2M 6UR
2026-10-02 13:16:13 INFO LEAD new: [Permitted] City/24/00427/PODC — Site Bounded By 19-21 & 22 Billiter Street, 49 Leadenhall St
2026-10-02 13:16:13 INFO LEAD new: [Permitted] City/24/00425/FULL — Temple Chambers 3 - 7 Temple Avenue London EC4Y 0HP
2026-10-02 13:16:13 INFO LEAD new: [Permitted] City/24/00426/LBC — 1 Bishopsgate London EC2N 3AQ
2026-10-02 13:16:13 INFO LEAD new: [Permitted] City/24/00423/LDC — 187 Fleet Street London EC4A 2HS
2026-10-02 13:16:13 INFO LEAD new: [Permitted] City/24/00424/MDC — 187 Fleet Street London EC4A 2HS
2026-10-02 13:16:13 INFO LEAD new: [Permitted] City/24/00428/MDC — 20 Giltspur Street London EC1A 9DD
2026-10-02 13:16:13 INFO LEAD new: [Permitted] City/24/00422/MDC — 150 Aldersgate Street 3-4 Bartholomew Place London EC1A
2026-10-02 13:16:14 INFO LEAD new: [Permitted] City/24/00421/MDC — Footway Adjacent To Christchurch Greyfriars Churchyard, Newg
2026-10-02 13:16:14 INFO LEAD new: [Permitted] City/24/00416/LDC — St Martins House 16 St Martin's-le-grand London EC1A 4EN
2026-10-02 13:16:14 INFO LEAD new: [Permitted] City/24/00419/DPAR — 5 Broadgate London EC2M 2QS
2026-10-02 13:16:14 INFO LEAD new: [Permitted] City/24/00418/FULL — Retail Unit 5 Tower Place East Tower Place London EC3R 5BT
2026-10-02 13:16:14 INFO LEAD new: [Permitted] City/24/00414/MDC — Site Bounded By 19-21 & 22 Billiter Street, 49 Leadenhall St
2026-10-02 13:16:14 INFO LEAD new: [Permitted] City/24/00413/NMA — 99 Queen Victoria Street London EC4V 4EH
2026-10-02 13:16:14 INFO LEAD new: [Permitted] City/24/00415/MDC — Site Bounded By 19-21 & 22 Billiter Street, 49 Leadenhall St
2026-10-02 13:16:14 INFO LEAD new: [Permitted] City/24/00412/OBS — Land Bounded By Buxton Street, Spital Street, Brick Lane And
2026-10-02 13:16:14 INFO LEAD new: [Permitted] City/24/00409/LDC — Land Bounded By Fleet Street, Salisbury Court, Salisbury Squ
2026-10-02 13:16:14 INFO LEAD new: [Permitted] City/24/00408/MDC — Land Bounded By Fleet Street, Salisbury Court, Salisbury Squ
2026-10-02 13:16:15 INFO LEAD new: [Permitted] City/24/00411/NMA — Land Bounded By Fleet Street, Salisbury Court, Salisbury Squ
2026-10-02 13:16:15 INFO LEAD new: [Permitted] City/24/00402/MDC — Woolgate Exchange 25 Basinghall Street London EC2V 5HA
2026-10-02 13:16:15 INFO LEAD new: [Permitted] City/24/00406/MDC — 95 Queen Victoria Street London EC4V 4HN
2026-10-02 13:16:15 INFO LEAD new: [Permitted] City/24/00407/LBC — 72 Fenchurch Street London EC3M 4BR
2026-10-02 13:16:15 INFO LEAD new: [Permitted] City/24/00405/ADVT — Umi House 4 - 10 Artillery Lane London E1 7LS
2026-10-02 13:16:15 INFO LEAD new: [Permitted] City/24/00400/MDC — 20 Giltspur Street London EC1A 9DD
2026-10-02 13:16:15 INFO LEAD new: [Permitted] City/24/00401/MDC — Woolgate Exchange 25 Basinghall Street London EC2V 5HA
2026-10-02 13:16:15 INFO LEAD new: [Permitted] City/24/00397/MDC — St Martins House 16 St Martin's-le-grand London EC1A 4EN
2026-10-02 13:16:15 INFO LEAD new: [Permitted] City/24/00398/FULL — City of London School 107 Queen Victoria Street London EC4V 
2026-10-02 13:16:16 INFO LEAD new: [Permitted] City/24/00399/FULL — 332 High Holborn London WC1V 7PS
2026-10-02 13:16:16 INFO LEAD new: [Permitted] City/24/00396/FULL — 2 King Edward Street London EC1A 1HQ
2026-10-02 13:16:16 INFO LEAD new: [Permitted] City/24/00395/MDC — Friary Court 65 Crutched Friars London EC3N 2AE
2026-10-02 13:16:16 INFO LEAD new: [Permitted] City/24/00394/MDC — 72 Fenchurch Street London EC3M 4BR
2026-10-02 13:16:16 INFO LEAD new: [Permitted] City/24/00393/MDC — Adelaide House London Bridge London EC4R 9HA
2026-10-02 13:16:16 INFO LEAD new: [Permitted] City/24/00392/LDC — Adelaide House London Bridge London EC4R 9HA
2026-10-02 13:16:16 INFO LEAD new: [Permitted] City/24/00388/LBC — 15 Old Bailey London EC4M 7EF
2026-10-02 13:16:17 INFO LEAD new: [Permitted] City/24/00391/FULL — 33 Holborn London EC1N 2HT
2026-10-02 13:16:17 INFO LEAD new: [Permitted] City/24/00389/LBC — 71 Fenchurch Street London EC3M 4BR
2026-10-02 13:16:17 INFO LEAD new: [Permitted] City/24/00386/MDC — 100 Liverpool Street London EC2M 2AT
2026-10-02 13:16:17 INFO LEAD new: [Permitted] City/24/00384/FULL — Exchange Square London EC2A 2BR
2026-10-02 13:16:18 INFO LEAD new: [Permitted] City/24/00380/MDC — 11 Pilgrim Street London EC4V 6RN
2026-10-02 13:16:18 INFO LEAD new: [Permitted] City/24/00382/ADVT — Unit 1 Juxon House 100 St Paul's Churchyard London EC4M 8BU
2026-10-02 13:16:18 INFO LEAD new: [Permitted] City/24/00385/ADVT — Exchange Square London EC2A 2BR
2026-10-02 13:16:18 INFO LEAD new: [Permitted] City/24/00383/ADVT — Unit 4 150 Cheapside London EC2V 6ET
2026-10-02 13:16:18 INFO LEAD new: [Permitted] City/24/00373/FULL — Pavement O/s 60 Holborn Viaduct London EC1A 2FD
2026-10-02 13:16:18 INFO LEAD new: [Permitted] City/24/00366/FULL — 10 Devonshire Square London EC2M 4YP
2026-10-02 13:16:18 INFO LEAD new: [Permitted] City/24/00371/FULL — Pavement O/s 139 - 140 Cheapside London EC2V 6BJ
2026-10-02 13:16:18 INFO LEAD new: [Permitted] City/24/00364/MDC — 66 - 73 Shoe Lane London EC4A 3BQ
2026-10-02 13:16:18 INFO LEAD new: [Permitted] City/24/00370/MDC — 4 - 5 Devonshire Square London City of London EC2M 4YE
2026-10-02 13:16:19 INFO LEAD new: [Permitted] City/24/00377/FULL — Pavement O/s 30 Fenchurch Street London EC3M 3BD
2026-10-02 13:16:19 INFO LEAD new: [Permitted] City/24/00375/FULL — Pavement O/s 29 - 31 Wormwood Street London EC2M 1RP
2026-10-02 13:16:19 INFO LEAD new: [Permitted] City/24/00365/MDC — 2 - 3 Finsbury Avenue London EC2M 2PF
2026-10-02 13:16:19 INFO LEAD new: [Permitted] City/24/00367/LBC — 10 Devonshire Square London EC2M 4YP
2026-10-02 13:16:19 INFO LEAD new: [Permitted] City/24/00379/MDC — Leadenhall Court 1 Leadenhall Street London EC3V 1PP
2026-10-02 13:16:19 INFO LEAD new: [Permitted] City/24/00403/PODC — Cripplegate House 1 Golden Lane London EC1Y 0RR
2026-10-02 13:16:19 INFO LEAD new: [Permitted] City/24/00356/FULL — 147 - 148 Leadenhall Street London EC3V 4QT
2026-10-02 13:16:19 INFO LEAD new: [Permitted] City/24/00358/LBC — Hasilwood House 60 - 62 Bishopsgate London EC2N 4AW
2026-10-02 13:16:19 INFO LEAD new: [Permitted] City/24/00362/MDC — Site Bounded By King William Street, Cannon Street, Abchurch
2026-10-02 13:16:19 INFO LEAD new: [Permitted] City/24/00363/LBC — 81 John Trundle Court Barbican London EC2Y 8NE
2026-10-02 13:16:20 INFO LEAD new: [Permitted] City/24/00357/NMA — 51-53 Moorgate London EC2R 6BH
2026-10-02 13:16:20 INFO LEAD new: [Permitted] City/24/00360/NMA — Eldon House 2 - 3 Eldon Street London EC2M 7LS
2026-10-02 13:16:20 INFO LEAD new: [Permitted] City/24/00353/MDC — Cripplegate House 1 Golden Lane London EC1Y 0RR
2026-10-02 13:16:20 INFO LEAD new: [Permitted] City/24/00355/FULL — 120 - 122 Fenchurch Street London EC3M 5AL
2026-10-02 13:16:20 INFO LEAD new: [Permitted] City/24/00351/MDC — 7 Devonshire Square London EC2M 4YH
2026-10-02 13:16:20 INFO LEAD new: [Permitted] City/24/00352/NMA — 9 - 11 Angel Court London EC2R 7HP
2026-10-02 13:16:20 INFO LEAD new: [Permitted] City/24/00349/LBC — 192 Shakespeare Tower Barbican London EC2Y 8DR
2026-10-02 13:16:20 INFO LEAD new: [Permitted] City/24/00347/ADVT — Retail Unit 93 Fleet Street London EC4Y 1DH
2026-10-02 13:16:20 INFO LEAD new: [Permitted] City/24/00404/PODC — 7 Devonshire Square London EC2M 4YH
2026-10-02 13:16:21 INFO LEAD new: [Permitted] City/24/00343/LBC — Tower of All Hallows Staining 50 Fenchurch Street London EC3
2026-10-02 13:16:21 INFO LEAD new: [Permitted] City/24/00354/OBS — 64 -76 Clifton Street And 4-8 Holywell Row, EC2A 4HB
2026-10-02 13:16:21 INFO LEAD new: [Permitted] City/24/00344/ADVT — 19 Holborn London EC1N 2JS
2026-10-02 13:16:21 INFO LEAD new: [Permitted] City/24/00345/MDC — 4 - 5 Devonshire Square London EC2M 4YE
2026-10-02 13:16:21 INFO LEAD new: [Permitted] City/24/00338/MDC — Mersey House And Daniel House 131-141 Fleet Street London EC
2026-10-02 13:16:21 INFO LEAD new: [Permitted] City/24/00336/MDC — Exchequer Court 33 St Mary Axe London EC3A 8AA
2026-10-02 13:16:21 INFO LEAD new: [Permitted] City/24/00340/ADVT — 102 Cheapside London EC2V 6DT
2026-10-02 13:16:21 INFO LEAD new: [Permitted] City/24/00339/MDC — Mersey House And Daniel House 131-141 Fleet Street London EC
2026-10-02 13:16:21 INFO LEAD new: [Permitted] City/24/00333/MDC — Kildare House 3 Dorset Rise London EC4Y 8EN
2026-10-02 13:16:21 INFO LEAD new: [Permitted] City/24/00332/FULL — 150 Cheapside London EC2V 6ET
2026-10-02 13:16:22 INFO LEAD new: [Permitted] City/24/00330/ADVT — The Albion Public House 2 - 3 New Bridge Street London EC4V 
2026-10-02 13:16:22 INFO LEAD new: [Permitted] City/24/00346/OBS — The London Eye The Queen's Walk London SE1
2026-10-02 13:16:23 INFO LEAD new: [Permitted] City/24/00329/FULL — The Albion Public House 2 - 3 New Bridge Street London EC4V 
2026-10-02 13:16:23 INFO LEAD new: [Permitted] City/24/00326/MDC — Cripplegate House 1 Golden Lane London EC1Y 0RR
2026-10-02 13:16:23 INFO LEAD new: [Permitted] City/24/00324/LBC — 28 Tudor Street London EC4Y 0AY
2026-10-02 13:16:23 INFO LEAD new: [Permitted] City/24/00320/MDC — Newbury House 10 - 13 Newbury Street London EC1A 7HU
2026-10-02 13:16:23 INFO LEAD new: [Permitted] City/24/00327/MDC — Cripplegate House 1 Golden Lane London EC1Y 0RR
2026-10-02 13:16:23 INFO LEAD new: [Permitted] City/24/00328/MDC — Cripplegate House 1 Golden Lane London EC1Y 0RR
2026-10-02 13:16:24 INFO LEAD new: [Permitted] City/24/00316/LBC — Second Floor South New Court Middle Temple London EC4Y 9BE
2026-10-02 13:16:24 INFO LEAD new: [Permitted] City/24/00312/MDC — Woolgate Exchange 25 Basinghall Street London EC2V 5HA
2026-10-02 13:16:24 INFO LEAD new: [Permitted] City/24/00308/MDC — 41 Lothbury London EC2R 7HF
2026-10-02 13:16:24 INFO LEAD new: [Permitted] City/24/00310/MDC — Tenter House 45 Moorfields London EC2Y 9AE
2026-10-02 13:16:24 INFO LEAD new: [Permitted] City/24/00309/MDC — Creechurch House 24 Creechurch Lane London EC3A 5JX
2026-10-02 13:16:30 INFO [city-of-london/Permitted] page at offset 2600: 100 records
2026-10-02 13:16:30 INFO LEAD new: [Permitted] City/24/00302/LBC — 601 Willoughby House Barbican London EC2Y 8BN
2026-10-02 13:16:31 INFO LEAD new: [Permitted] City/24/00304/CLOPD — Christchurch Court 10 - 15 Newgate Street London EC1A 7HD
2026-10-02 13:16:31 INFO LEAD new: [Permitted] City/24/00300/MDC — Millennium Bridge House 2 Lambeth Hill London EC4V 4AG
2026-10-02 13:16:32 INFO LEAD new: [Permitted] City/24/00298/LDC — Adelaide House London Bridge London EC4R 9HA
2026-10-02 13:16:32 INFO LEAD new: [Permitted] City/24/00301/FULL — 4 New Street Square London EC4A 3BF
2026-10-02 13:16:33 INFO LEAD new: [Permitted] City/24/00296/MDC — Central Criminal Court Old Bailey London EC4M 7EH
2026-10-02 13:16:33 INFO LEAD new: [Permitted] City/24/00297/LDC — Central Criminal Court Old Bailey London EC4M 7EH
2026-10-02 13:16:33 INFO LEAD new: [Permitted] City/24/00299/MDC — Adelaide House London Bridge London EC4R 9HA
2026-10-02 13:16:33 INFO LEAD new: [Permitted] City/24/00318/OBS — Land At Royal Mint St Mansell St And Chamber St, Royal Mint 
2026-10-02 13:16:33 INFO LEAD new: [Permitted] City/24/00293/NMA — Land Bound By Fenchurch Street, Mark Lane, Dunster ,London E
2026-10-02 13:16:33 INFO LEAD new: [Permitted] City/24/00295/ADVT — 72 Fenchurch Street London EC3M 4BR
2026-10-02 13:16:34 INFO LEAD new: [Permitted] City/24/00292/NMA — Land Bound By Fenchurch Street, Mark Lane, Dunster ,London E
2026-10-02 13:16:34 INFO LEAD new: [Permitted] City/24/00290/LBC — Land Bound By Fenchurch Street, Mark Lane, Dunster ,London E
2026-10-02 13:16:34 INFO LEAD new: [Permitted] City/24/00283/MDC — Adelaide House London Bridge London EC4R 9HA
2026-10-02 13:16:34 INFO LEAD new: [Permitted] City/24/00286/MDC — Princes Court 7 Prince's Street London EC2R 8AQ
2026-10-02 13:16:34 INFO LEAD new: [Permitted] City/24/00282/LDC — Adelaide House London Bridge London EC4R 9HA
2026-10-02 13:16:34 INFO LEAD new: [Permitted] City/24/00288/LDC — London Metropolitan University 84 Moorgate London EC2M 6SQ
2026-10-02 13:16:34 INFO LEAD new: [Permitted] City/24/00287/NMA — 2 - 3 Finsbury Avenue London EC2M 2PF
2026-10-02 13:16:35 INFO LEAD new: [Permitted] City/24/00284/MDC — 7 Newgate Street London EC1A 7NX
2026-10-02 13:16:35 INFO LEAD new: [Permitted] City/24/00289/FULL — Faith House 23 - 24 Lovat Lane London EC3R 8EB
2026-10-02 13:16:35 INFO LEAD new: [Permitted] City/24/00285/MDC — City Place House 55 Basinghall Street London EC2V 5DX
2026-10-02 13:16:35 INFO LEAD new: [Permitted] City/24/00279/LBC — 343 Crescent House Golden Lane Estate London EC1Y 0SN
2026-10-02 13:16:35 INFO LEAD new: [Permitted] City/24/00277/LDC — Scottish Provident Building 1 - 6 Lombard Street London EC3V
2026-10-02 13:16:35 INFO LEAD new: [Permitted] City/24/00281/ADVT — 65 Fenchurch Street London EC3M 4BE
2026-10-02 13:16:35 INFO LEAD new: [Permitted] City/24/00317/OBS — 2-6 Commercial Street, 98,101-105 Whitechapel High Street An
2026-10-02 13:16:36 INFO LEAD new: [Permitted] City/24/00273/MDC — Scottish Provident Building 1 - 6 Lombard Street London EC3V
2026-10-02 13:16:36 INFO LEAD new: [Permitted] City/24/00263/LBC — 1 Royal Exchange London EC3V 3DG
2026-10-02 13:16:36 INFO LEAD new: [Permitted] City/24/00270/MDC — Poultry Market East Poultry Avenue London EC1A 9LH
2026-10-02 13:16:36 INFO LEAD new: [Permitted] City/24/00269/LBC — The Dutch Church 7 Austin Friars London EC2N 2HA
2026-10-02 13:16:36 INFO LEAD new: [Permitted] City/24/00268/FULL — The Dutch Church 7 Austin Friars London EC2N 2HA
2026-10-02 13:16:36 INFO LEAD new: [Permitted] City/24/00272/MDC — 4A Frederick's Place London EC2R 8AB
2026-10-02 13:16:36 INFO LEAD new: [Permitted] City/24/00258/FULL — 112 - 114 Houndsditch London EC3A 7BD
2026-10-02 13:16:36 INFO LEAD new: [Permitted] City/24/00257/LDC — Site Bounded By Fenchurch Street, Mark Lane, Dunster Court A
2026-10-02 13:16:36 INFO LEAD new: [Permitted] City/24/00256/MDC — Site Bounded By Fenchurch Street, Mark Lane, Dunster Court A
2026-10-02 13:16:36 INFO LEAD new: [Permitted] City/24/00254/ADVT — 56 - 57 Cheapside London EC2V 6AU
2026-10-02 13:16:37 INFO LEAD new: [Permitted] City/24/00253/FULL — 56 - 57 Cheapside London EC2V 6AU
2026-10-02 13:16:37 INFO LEAD new: [Permitted] City/24/00255/MDC — 25 Basinghall Street London EC2V 5HA
2026-10-02 13:16:37 INFO LEAD new: [Permitted] City/24/00252/LDC — 86 Moorgate London EC2M 6SE
2026-10-02 13:16:37 INFO LEAD new: [Permitted] City/24/00250/CLOPD — Museum of London London Wall London EC2Y 5HN
2026-10-02 13:16:37 INFO LEAD new: [Permitted] City/24/00245/ADVT — The Bank of England Threadneedle Street London EC2R 8AH
2026-10-02 13:16:37 INFO LEAD new: [Permitted] City/24/00249/MDC — 5 Aldermanbury Square London EC2V 7HR
2026-10-02 13:16:37 INFO LEAD new: [Permitted] City/24/00240/LBC — Bank 1 Prince's Street London EC2R 8BP
2026-10-02 13:16:37 INFO LEAD new: [Permitted] City/24/00239/FULL — 10 Devonshire Square London EC2M 4YP
2026-10-02 13:16:38 INFO LEAD new: [Permitted] City/24/00237/MDC — Site Bounded By Fenchurch Street, Mark Lane, Dunster Court A
2026-10-02 13:16:38 INFO LEAD new: [Permitted] City/24/00234/ADVT — 1 Aldgate London EC3N 1RE
2026-10-02 13:16:38 INFO LEAD new: [Permitted] City/24/00236/FULL — Ground Floor And Basement Retail Unit 165 Fleet Street Londo
2026-10-02 13:16:38 INFO LEAD new: [Permitted] City/24/00232/FULL — 69 Cheapside London EC2V 6AZ
2026-10-02 13:16:38 INFO LEAD new: [Permitted] City/24/00233/ADVT — 69 Cheapside London EC2V 6AZ
2026-10-02 13:16:38 INFO LEAD new: [Permitted] City/24/00235/FULL — 85 King William Street London EC4N 7BL
2026-10-02 13:16:38 INFO LEAD new: [Permitted] City/24/00231/FULL — Exchequer Court 33 St Mary Axe London EC3A 8AA
2026-10-02 13:16:38 INFO LEAD new: [Permitted] City/24/00227/NMA — 20 Giltspur Street London EC1A 9DD
2026-10-02 13:16:38 INFO LEAD new: [Permitted] City/24/00228/NMA — Development Site 14 - 21 Holborn Viaduct London EC1A 2AT
2026-10-02 13:16:38 INFO LEAD new: [Permitted] City/24/00223/MDC — 15-16 Minories 62 Aldgate High Street London EC3N 1BD
2026-10-02 13:16:39 INFO LEAD new: [Permitted] City/24/00224/MDC — St Martins House 16 St Martin's-le-grand London EC1A 4EN
2026-10-02 13:16:39 INFO LEAD new: [Permitted] City/24/00226/FULL — 1 Old Jewry London EC2R 8DN
2026-10-02 13:16:39 INFO LEAD new: [Permitted] City/24/00225/LBC — 232 Shakespeare Tower Barbican London EC2Y 8DR
2026-10-02 13:16:39 INFO LEAD new: [Permitted] City/24/00220/MDC — 101 Moorgate London EC2M 6SL
2026-10-02 13:16:39 INFO LEAD new: [Permitted] City/24/00221/MDC — St Botolph Without Aldgate Aldgate High Street London EC3N 1
2026-10-02 13:16:39 INFO LEAD new: [Permitted] City/24/00222/ADVT — Farmers' And Fletchers' Hall 3 Cloth Street London EC1A 7LD
2026-10-02 13:16:39 INFO LEAD new: [Permitted] City/24/00217/MDC — City Place House 55 Basinghall Street London EC2V 5DX
2026-10-02 13:16:40 INFO LEAD new: [Permitted] City/24/00218/LBC — Guildhall Building Structure Guildhall Yard London EC2V 7HH
2026-10-02 13:16:41 INFO LEAD new: [Permitted] City/24/00214/LBC — Sun Court 67 Cornhill London EC3V 3NB
2026-10-02 13:16:41 INFO LEAD new: [Permitted] City/24/00215/MDC — 15 Old Bailey London EC4M 7EF
2026-10-02 13:16:41 INFO LEAD new: [Permitted] City/24/00219/LBC — 122 Defoe House Barbican London EC2Y 8ND
2026-10-02 13:16:41 INFO LEAD new: [Permitted] City/24/00213/FULL — 160 Queen Victoria Street London EC4V 4BF
2026-10-02 13:16:41 INFO LEAD new: [Permitted] City/24/00206/MDC — Development Site 100 Fetter Lane London EC4A 1ES
2026-10-02 13:16:41 INFO LEAD new: [Permitted] City/24/00211/MDC — 122 Minories London EC3N 1NT
2026-10-02 13:16:41 INFO LEAD new: [Permitted] City/24/00204/MDC — 4 - 7 Lombard Lane London EC4Y 8AD
2026-10-02 13:16:41 INFO LEAD new: [Permitted] City/24/00205/FULL — 160 Queen Victoria Street London EC4V 4BF
2026-10-02 13:16:41 INFO LEAD new: [Permitted] City/24/00199/MDC — 13 Eastcheap London EC3M 1BU
2026-10-02 13:16:42 INFO LEAD new: [Permitted] City/24/00202/MDC — 85 Gracechurch Street London EC3V 0AA
2026-10-02 13:16:42 INFO LEAD new: [Permitted] City/24/00200/CLOPD — The Great Hall 60 Victoria Embankment London EC4Y 0JP
2026-10-02 13:16:42 INFO LEAD new: [Permitted] City/24/00197/LDC — St Martins House 16 St Martin's-le-grand London EC1A 4EN
2026-10-02 13:16:42 INFO LEAD new: [Permitted] City/24/00198/FULL — The Royal Exchange London EC3V 3LL
2026-10-02 13:16:42 INFO LEAD new: [Permitted] City/24/00196/FULL — Calico House 42 Bow Lane London EC4M 9DT
2026-10-02 13:16:42 INFO LEAD new: [Permitted] City/24/00194/NMA — 4 - 7 Lombard Lane London EC4Y 8AD
2026-10-02 13:16:42 INFO LEAD new: [Permitted] City/24/00195/MDC — 100 New Bridge Street London EC4V 6JA
2026-10-02 13:16:42 INFO LEAD new: [Permitted] City/24/00188/MDC — New Bridge Street House 30 - 34 New Bridge Street London EC4
2026-10-02 13:16:42 INFO LEAD new: [Permitted] City/24/00189/MDC — Site Bounded By Fenchurch Street, Mark Lane, Dunster Court A
2026-10-02 13:16:43 INFO LEAD new: [Permitted] City/24/00187/LBC — John Trundle Court John Trundle Highwalk Barbican London EC2
2026-10-02 13:16:43 INFO LEAD new: [Permitted] City/24/00186/FULL — Livery Hall 39A Bartholomew Close London EC1A 7JN
2026-10-02 13:16:43 INFO LEAD new: [Permitted] City/24/00180/MDC — Tenter House 45 Moorfields London EC2Y 9AE
2026-10-02 13:16:43 INFO LEAD new: [Permitted] City/24/00179/LDC — Salisbury Square 2 - 7 Salisbury Court London EC4Y 8AA
2026-10-02 13:16:43 INFO LEAD new: [Permitted] City/24/00175/LDC — Royal Exchange Cornhill London EC3V 3DG
2026-10-02 13:16:44 INFO LEAD new: [Permitted] City/24/00174/LBC — 9 Devonshire Square London EC2M 4YF
2026-10-02 13:16:44 INFO LEAD new: [Permitted] City/24/00168/LDC — Central Criminal Court Old Bailey London EC4M 7EH
2026-10-02 13:16:44 INFO LEAD new: [Permitted] City/24/00166/NMA — Mersey House And Daniel House 131 - 141 Fleet Street London 
2026-10-02 13:16:45 INFO LEAD new: [Permitted] City/24/00173/LDC — City Place House 55 Basinghall Street London EC2V 5DX
2026-10-02 13:16:47 INFO LEAD new: [Permitted] City/24/00167/MDC — 81 Newgate Street London EC1A 7AJ
2026-10-02 13:16:47 INFO LEAD new: [Permitted] City/24/00170/MDC — 4 - 7 Lombard Lane London EC4Y 8AD
2026-10-02 13:16:48 INFO LEAD new: [Permitted] City/24/00169/MDC — 4 - 7 Lombard Lane London EC4Y 8AD
2026-10-02 13:16:48 INFO LEAD new: [Permitted] City/24/00177/FULL — Rector's Flat St Mary Le Bow Church Cheapside London EC2V 6A
2026-10-02 13:16:48 INFO LEAD new: [Permitted] City/24/00165/LBC — Mersey House And Daniel House 131-141 Fleet Street London EC
2026-10-02 13:16:48 INFO LEAD new: [Permitted] City/24/00164/LBC — Retail Unit 7 Lower Concourse Liverpool Street Station Liver
2026-10-02 13:16:48 INFO LEAD new: [Permitted] City/24/00158/ADVT — 43 - 45 Eastcheap London EC3M 1JA
2026-10-02 13:16:48 INFO LEAD new: [Permitted] City/24/00157/FULL — Peterborough Court 133 Fleet Street London EC4A 2BB
2026-10-02 13:16:48 INFO LEAD new: [Permitted] City/24/00159/LBC — 43 - 45 Eastcheap London EC3M 1JA
2026-10-02 13:16:48 INFO LEAD new: [Permitted] City/24/00161/OBS — Former London Chest Hospital Bonner Road London E2 9JX
2026-10-02 13:16:48 INFO LEAD new: [Permitted] City/24/00156/MDC — Livery Hall Skinners' Hall 8 Dowgate Hill London EC4R 2SP
2026-10-02 13:16:49 INFO LEAD new: [Permitted] City/24/00154/NMA — Kildare House 3 Dorset Rise London EC4Y 8EN
2026-10-02 13:16:55 INFO [city-of-london/Permitted] page at offset 2700: 100 records
2026-10-02 13:16:55 INFO LEAD new: [Permitted] City/24/00155/FULL — 42 - 43 Charterhouse Square London EC1M 6EW
2026-10-02 13:16:55 INFO LEAD new: [Permitted] City/24/00151/FULL — Retail Unit 16 - 18 Eastcheap London EC3M 1BD
2026-10-02 13:16:56 INFO LEAD new: [Permitted] City/24/00152/NMA — Former Richard Cloudesley School Golden Lane Estate London E
2026-10-02 13:16:56 INFO LEAD new: [Permitted] City/24/00150/NMA — 25 Moorgate London EC2R 6AR
2026-10-02 13:16:56 INFO LEAD new: [Permitted] City/24/00208/OBS — City Business Centre Lower Road London SE16 2XB
2026-10-02 13:16:57 INFO LEAD new: [Permitted] City/24/00153/FULL — 18 - 19 Long Lane London EC1A 9PL
2026-10-02 13:16:58 INFO LEAD new: [Permitted] City/24/00149/FULL — 1 New Change London EC4M 9AF
2026-10-02 13:16:58 INFO LEAD new: [Permitted] City/24/00146/LDC — St Martins House 16 St Martin's-le-grand London EC1A 4EN
2026-10-02 13:16:59 INFO LEAD new: [Permitted] City/24/00145/LDC — St Martins House 16 St Martin's-le-grand London EC1A 4EN
2026-10-02 13:16:59 INFO LEAD new: [Permitted] City/24/00143/ADVT — 31 Holborn London EC1N 2HR
2026-10-02 13:17:00 INFO LEAD new: [Permitted] City/24/00144/ADVT — 31 Holborn London EC1N 2HR
2026-10-02 13:17:00 INFO LEAD new: [Permitted] City/24/00143/FULL — 31 Holborn London EC1N 2HR
2026-10-02 13:17:01 INFO LEAD new: [Permitted] City/24/00148/LBC — 1 Essex Court Middle Temple London EC4Y 9AR
2026-10-02 13:17:01 INFO LEAD new: [Permitted] City/24/00140/LBC — St Martins House 16 St Martin's-le-grand London EC1A 4EN
2026-10-02 13:17:01 INFO LEAD new: [Permitted] City/24/00137/MDC — Brushfield House 12 Brushfield Street London E1 6AN
2026-10-02 13:17:01 INFO LEAD new: [Permitted] City/24/00138/MDC — 19 - 21 Billiter Street London EC3M 2RY
2026-10-02 13:17:01 INFO LEAD new: [Permitted] City/24/00139/MDC — 66 - 73 Shoe Lane London EC4A 3BQ
2026-10-02 13:17:01 INFO LEAD new: [Permitted] City/24/00142/MDC — 3 New Street Square London EC4A 3BT
2026-10-02 13:17:01 INFO LEAD new: [Permitted] City/24/00135/FULL — 10 Fenchurch Avenue London EC3M 5AG
2026-10-02 13:17:01 INFO LEAD new: [Permitted] City/24/00136/LDC — 37 Fleet Street London EC4Y 1BT
2026-10-02 13:17:01 INFO LEAD new: [Permitted] City/24/00133/LBC — 323 Cromwell Tower Barbican London EC2Y 8NB
2026-10-02 13:17:02 INFO LEAD new: [Permitted] City/24/00134/FULL — 150 - 152 Fenchurch Street London EC3M 6BB
2026-10-02 13:17:02 INFO LEAD new: [Permitted] City/24/00141/PODC — Site Bounded By Fenchurch Street, Mark Lane, Dunster Court A
2026-10-02 13:17:02 INFO LEAD new: [Permitted] City/24/00129/CLOPD — 199 Bishopsgate London EC2M 3TY
2026-10-02 13:17:02 INFO LEAD new: [Permitted] City/24/00127/LBC — 179 Andrewes House Barbican London EC2Y 8BA
2026-10-02 13:17:02 INFO LEAD new: [Permitted] City/24/00122/LBC — 94 Moorgate London EC2M 6UR
2026-10-02 13:17:02 INFO LEAD new: [Permitted] City/24/00120/MDC — Livery Hall Skinners' Hall 8 Dowgate Hill London EC4R 2SP
2026-10-02 13:17:02 INFO LEAD new: [Permitted] City/24/00119/MDC — 150 Aldersgate Street London EC1A 4AB
2026-10-02 13:17:02 INFO LEAD new: [Permitted] City/24/00128/LBC — 7 The Postern Barbican London EC2Y 8BJ
2026-10-02 13:17:02 INFO LEAD new: [Permitted] City/24/00123/NMA — 5 Chancery Lane London WC2A 1LG
2026-10-02 13:17:03 INFO LEAD new: [Permitted] City/24/00121/MDC — 65 Crutched Friars London EC3N 2AE
2026-10-02 13:17:03 INFO LEAD new: [Permitted] City/24/00126/FULMAJ — 21 Lombard Street London EC3V 9AH
2026-10-02 13:17:03 INFO LEAD new: [Permitted] City/24/00111/LDC — Central Criminal Court Old Bailey London EC4M 7EH
2026-10-02 13:17:03 INFO LEAD new: [Permitted] City/24/00112/MDC — 65 Crutched Friars London EC3N 2AE
2026-10-02 13:17:03 INFO LEAD new: [Permitted] City/24/00116/MDC — Land Bound By Fenchurch Street, Mark Lane, Dunster Court And
2026-10-02 13:17:03 INFO LEAD new: [Permitted] City/24/00117/MDC — Land Bound By Fenchurch Street, Mark Lane, Dunster Court And
2026-10-02 13:17:04 INFO LEAD new: [Permitted] City/24/00105/NMA — 65 Crutched Friars London EC3N 2AE
2026-10-02 13:17:04 INFO LEAD new: [Permitted] City/24/00106/FULL — 57 Moorgate London EC2R 6BH
2026-10-02 13:17:04 INFO LEAD new: [Permitted] City/24/00108/ADVT — 94 Moorgate London EC2M 6UR
2026-10-02 13:17:04 INFO LEAD new: [Permitted] City/24/00107/LBC — 27 Bayer House Golden Lane Estate London EC1Y 0RN
2026-10-02 13:17:04 INFO LEAD new: [Permitted] City/24/00110/ADVT — 26 - 27 Eldon Street London EC2M 7LA
2026-10-02 13:17:04 INFO LEAD new: [Permitted] City/24/00103/FULL — 122 Cannon Street London EC4N 6AS
2026-10-02 13:17:04 INFO LEAD new: [Permitted] City/24/00100/ADVT — Bank 62 - 63 Threadneedle Street London EC2R 8HP
2026-10-02 13:17:04 INFO LEAD new: [Permitted] City/24/00101/FULL — 30 Gresham Street London EC2V 7PG
2026-10-02 13:17:05 INFO LEAD new: [Permitted] City/24/00098/MDC — 1B Snow Hill Court London EC1A 2EJ
2026-10-02 13:17:05 INFO LEAD new: [Permitted] City/24/00085/LBC — Electra House 84 Moorgate London EC2M 6SQ
2026-10-02 13:17:05 INFO LEAD new: [Permitted] City/24/00087/LBC — Guildhall School of Music And Drama Silk Street London EC2Y 
2026-10-02 13:17:05 INFO LEAD new: [Permitted] City/24/00094/FULL — Retail Unit Hill House Shoe Lane London EC4A 3BQ
2026-10-02 13:17:05 INFO LEAD new: [Permitted] City/24/00095/ADVT — 74 Coleman Street London EC2R 5BT
2026-10-02 13:17:05 INFO LEAD new: [Permitted] City/24/00083/ADVT — Land Bounded By Fleet Street, Salisbury Court, Salisbury Squ
2026-10-02 13:17:05 INFO LEAD new: [Permitted] City/24/00089/ADVT — Guildhall School of Music And Drama Silk Street London EC2Y 
2026-10-02 13:17:05 INFO LEAD new: [Permitted] City/24/00088/ADVT — Guildhall School of Music And Drama Silk Street London EC2Y 
2026-10-02 13:17:05 INFO LEAD new: [Permitted] City/24/00086/LBC — Guildhall School of Music And Drama Silk Street London EC2Y 
2026-10-02 13:17:06 INFO LEAD new: [Permitted] City/24/00125/PODC — Site Bounded By Fenchurch Street, Mark Lane, Dunster Court A
2026-10-02 13:17:06 INFO LEAD new: [Permitted] City/24/00084/FULL — Electra House 84 Moorgate London EC2M 6SQ
2026-10-02 13:17:06 INFO LEAD new: [Permitted] City/24/00081/MDC — City Place House 55 Basinghall Street London EC2V 5DX
2026-10-02 13:17:06 INFO LEAD new: [Permitted] City/24/00080/NMA — 199 Bishopsgate London EC2M 3TY
2026-10-02 13:17:06 INFO LEAD new: [Permitted] City/24/00082/NMA — St Martins House 16 St Martin's-le-grand London EC1A 4EN
2026-10-02 13:17:06 INFO LEAD new: [Permitted] City/24/00082/LBC — St Martins House 16 St Martin's-le-grand London EC1A 4EN
2026-10-02 13:17:06 INFO LEAD new: [Permitted] City/24/00076/ADVT — Development Site 65 Holborn Viaduct London
2026-10-02 13:17:06 INFO LEAD new: [Permitted] City/24/00078/MDC — 81 Newgate Street London EC1A 7AJ
2026-10-02 13:17:06 INFO LEAD new: [Permitted] City/24/00099/PODC — 15-16 Minories 62 Aldgate High Street London EC3N 1AL
2026-10-02 13:17:07 INFO LEAD new: [Permitted] City/24/00071/MDC — 100 New Bridge Street London EC4V 6JA
2026-10-02 13:17:07 INFO LEAD new: [Permitted] City/24/00077/MDC — Poultry Market And General Market And The Annexe Buildings W
2026-10-02 13:17:07 INFO LEAD new: [Permitted] City/24/00066/MDC — 150 Aldersgate Street London EC1A 4AB
2026-10-02 13:17:07 INFO LEAD new: [Permitted] City/24/00065/ADVT — 1 Great St Helen's London EC3A 6AP
2026-10-02 13:17:07 INFO LEAD new: [Permitted] City/24/00216/PODC — Northcliffe House 26-30 Tudor Street, 16-22 Bouverie Street 
2026-10-02 13:17:07 INFO LEAD new: [Permitted] City/24/00061/FULL — 10 - 16 Bevis Marks London EC3A 7LH
2026-10-02 13:17:07 INFO LEAD new: [Permitted] City/24/00060/NMA — 6 St Andrew Street London EC4A 3AE
2026-10-02 13:17:07 INFO LEAD new: [Permitted] City/24/00059/MDC — Finsbury Circus Gardens Finsbury Circus London
2026-10-02 13:17:08 INFO LEAD new: [Permitted] City/24/00062/MDC — 2 Royal Exchange Buildings London EC3V 3LF
2026-10-02 13:17:09 INFO LEAD new: [Permitted] City/24/00055/LBC — 5 Pemberton Row London EC4A 3BA
2026-10-02 13:17:10 INFO LEAD new: [Permitted] City/24/00056/MDC — Land Bound By Fenchurch Street, Mark Lane, Dunster Court And
2026-10-02 13:17:11 INFO LEAD new: [Permitted] City/24/00054/LDC — 84 Moorgate London EC2M 6SQ
2026-10-02 13:17:11 INFO LEAD new: [Permitted] City/24/00058/LBC — St Mary Abchurch House 123 - 127 Cannon Street London EC4N 5
2026-10-02 13:17:12 INFO LEAD new: [Permitted] City/24/00070/SCOP — Tenter House 45 Moorfields London EC2Y 9AE
2026-10-02 13:17:12 INFO LEAD new: [Permitted] City/24/00051/LDC — Tower of All Hallows Staining Mark Lane London EC3M 3JY
2026-10-02 13:17:12 INFO LEAD new: [Permitted] City/24/00052/MDC — 150 - 152 Fenchurch Street London EC3M 6BB
2026-10-02 13:17:12 INFO LEAD new: [Permitted] City/24/00053/MDC — 150 - 152 Fenchurch Street London EC3M 6BB
2026-10-02 13:17:12 INFO LEAD new: [Permitted] City/24/00092/OBS — Former Westferry Printworks 235 Westferry Road London E14
2026-10-02 13:17:12 INFO LEAD new: [Permitted] City/24/00050/MDC — 180 Fleet Street London EC4A 2HG
2026-10-02 13:17:13 INFO LEAD new: [Permitted] City/24/00042/NMA — 1 Stonecutter Street London EC4A 4AH
2026-10-02 13:17:13 INFO LEAD new: [Permitted] City/24/00048/FULL — 1 America Square London EC3N 2LS
2026-10-02 13:17:13 INFO LEAD new: [Permitted] City/24/00039/MDC — 81 Newgate Street London EC1A 7AJ
2026-10-02 13:17:13 INFO LEAD new: [Permitted] City/24/00041/ADVT — Sun Court 67 Cornhill London EC3V 3NB
2026-10-02 13:17:13 INFO LEAD new: [Permitted] City/24/00040/FULL — The Minster Building 21 Mincing Lane London EC3R 7AG
2026-10-02 13:17:13 INFO LEAD new: [Permitted] City/24/00034/LBC — 109 Speed House Barbican London EC2Y 8AU
2026-10-02 13:17:13 INFO LEAD new: [Permitted] City/24/00093/OBS — 48 Chiswell Street London EC1Y 4XX
2026-10-02 13:17:13 INFO LEAD new: [Permitted] City/24/00038/MDC — 150 Aldersgate Street London EC1A 4AB
2026-10-02 13:17:14 INFO LEAD new: [Permitted] City/24/00036/MDC — Snow Hill Police Station 5 Snow Hill London EC1A 2DP
2026-10-02 13:17:14 INFO LEAD new: [Permitted] City/24/00035/ADVT — 100 Liverpool Street London EC2M 2AT
2026-10-02 13:17:14 INFO LEAD new: [Permitted] City/24/00037/MDC — City Place House 55 Basinghall Street London EC2V 5DX
2026-10-02 13:17:14 INFO LEAD new: [Permitted] City/24/00124/PODC — Site Bounded By Fenchurch Street, Mark Lane, Dunster Court A
2026-10-02 13:17:15 INFO LEAD new: [Permitted] City/24/00030/MDC — The Haydon 15-16 Minories 62 Aldgate High Street London EC3
2026-10-02 13:17:15 INFO LEAD new: [Permitted] City/24/00029/MDC — 15-16 Minories 62 Aldgate High Street London EC3N 1AL
2026-10-02 13:17:15 INFO LEAD new: [Permitted] City/24/00031/MDC — 1 Bishopsgate London EC2N 3AQ
2026-10-02 13:17:15 INFO LEAD new: [Permitted] City/24/00027/MDC — 37 Fleet Street London EC4Y 1BT
2026-10-02 13:17:15 INFO LEAD new: [Permitted] City/24/00026/FULL — 216 Bishopsgate London EC2M 4PT
2026-10-02 13:17:15 INFO LEAD new: [Permitted] City/24/00057/PODC — 15-16 Minories 62 Aldgate High Street London EC3N 1AL
2026-10-02 13:17:15 INFO LEAD new: [Permitted] City/24/00027/LDC — 37 Fleet Street London EC4Y 1BT
2026-10-02 13:17:21 INFO [city-of-london/Permitted] page at offset 2800: 100 records
2026-10-02 13:17:21 INFO LEAD new: [Permitted] City/24/00022/MDC — 14-21 Holborn Viaduct 32-33 & 34-35 Farringdon Street London
2026-10-02 13:17:22 INFO LEAD new: [Permitted] City/24/00024/FULL — 71 Fenchurch Street London EC3M 4BR
2026-10-02 13:17:22 INFO LEAD new: [Permitted] City/24/00023/NMA — 150 Aldersgate Street London EC1A 4AB
2026-10-02 13:17:22 INFO LEAD new: [Permitted] City/24/00025/LBC — 71 Fenchurch Street London EC3M 4BR
2026-10-02 13:17:22 INFO LEAD new: [Permitted] City/24/00018/MDC — Land Bounded By Fleet Street, Salisbury Court, Salisbury Squ
2026-10-02 13:17:22 INFO LEAD new: [Permitted] City/24/00020/MDC — Land Bound By Fenchurch Street, Mark Lane, Dunster Court And
2026-10-02 13:17:22 INFO LEAD new: [Permitted] City/24/00019/LBC — 20 King Street London EC2V 8EG
2026-10-02 13:17:22 INFO LEAD new: [Permitted] City/24/00090/OBS — Euston Tower 286 Euston Road London NW1 3DP
2026-10-02 13:17:22 INFO LEAD new: [Permitted] City/24/00016/MDC — 7 Devonshire Square London EC2M 4YH
2026-10-02 13:17:24 INFO LEAD new: [Permitted] City/24/00012/LDC — 4 Frederick's Place London EC2R 8AB
2026-10-02 13:17:24 INFO LEAD new: [Permitted] City/24/00012/MDC — 4 Frederick's Place London EC2R 8AB
2026-10-02 13:17:25 INFO LEAD new: [Permitted] City/24/00015/FULL — Footway Adjacent To Christchurch Greyfriars Churchyard, Newg
2026-10-02 13:17:26 INFO LEAD new: [Permitted] City/24/00017/LDC — Tower of All Hallows Staining Mark Lane London EC3M 3JY
2026-10-02 13:17:26 INFO LEAD new: [Permitted] City/24/00007/LDC — Snow Hill Police Station 5 Snow Hill London EC1A 2DP
2026-10-02 13:17:27 INFO LEAD new: [Permitted] City/24/00007/MDC — Snow Hill Police Station 5 Snow Hill London EC1A 2DP
2026-10-02 13:17:27 INFO LEAD new: [Permitted] City/24/00010/ADVT — 5 New Street Square London EC4A 3BF
2026-10-02 13:17:28 INFO LEAD new: [Permitted] City/24/00009/FULL — 5 New Street Square London EC4A 3BF
2026-10-02 13:17:28 INFO LEAD new: [Permitted] City/24/00008/FULL — 30 Coleman Street London EC2R 5AL
2026-10-02 13:17:28 INFO LEAD new: [Permitted] City/24/00006/LBC — 252 Shakespeare Tower Barbican London EC2Y 8DR
2026-10-02 13:17:29 INFO LEAD new: [Permitted] City/24/00004/LDC — Salisbury Square 2 - 7 Salisbury Court London EC4Y 8AA
2026-10-02 13:17:29 INFO LEAD new: [Permitted] City/24/00002/MDC — Friary Court 65 Crutched Friars London EC3N 2AE
2026-10-02 13:17:29 INFO LEAD new: [Permitted] City/24/00005/FULL — Staple Inn High Holborn London WC1V 7QH
2026-10-02 13:17:29 INFO LEAD new: [Permitted] City/24/00003/MDC — 25 Moorgate London EC2R 6AR
2026-10-02 13:17:29 INFO LEAD new: [Permitted] City/24/00001/LBC — 2 - 7 Salisbury Court London EC4Y 8AA
2026-10-02 13:17:29 INFO LEAD new: [Permitted] City/23/01422/FULMAJ — 60 Queen Victoria Street London EC4N 4TZ
2026-10-02 13:17:29 INFO LEAD new: [Permitted] City/23/01419/MDC — Electra House 84 Moorgate London EC2M 6SQ
2026-10-02 13:17:29 INFO LEAD new: [Permitted] City/23/01421/LBC — Electra House 84 Moorgate London EC2M 6SQ
2026-10-02 13:17:29 INFO LEAD new: [Permitted] City/23/01420/LDC — Electra House 84 Moorgate London EC2M 6SQ
2026-10-02 13:17:30 INFO LEAD new: [Permitted] City/23/01418/FULL — 40 Queen Street London EC4R 1DD
2026-10-02 13:17:30 INFO LEAD new: [Permitted] City/23/01412/MDC — Brushfield House 12 Brushfield Street London E1 6AN
2026-10-02 13:17:30 INFO LEAD new: [Permitted] City/23/01410/FULL — Ibex House 42 - 47 Minories London EC3N 1DY
2026-10-02 13:17:30 INFO LEAD new: [Permitted] City/23/01415/MDC — Poultry Market And General Market And The Annexe Buildings W
2026-10-02 13:17:30 INFO LEAD new: [Permitted] City/23/01409/LBC — Ibex House 42 - 47 Minories London EC3N 1DY
2026-10-02 13:17:30 INFO LEAD new: [Permitted] City/23/01408/FULL — Ibex House 42 - 47 Minories London EC3N 1DY
2026-10-02 13:17:30 INFO LEAD new: [Permitted] City/23/01406/LDC — 19 - 21 Billiter Street London EC3M 2RY
2026-10-02 13:17:30 INFO LEAD new: [Permitted] City/23/01414/FULL — 1 New Change London EC4M 9AF
2026-10-02 13:17:31 INFO LEAD new: [Permitted] City/23/01411/LBC — Ibex House 42 - 47 Minories London EC3N 1DY
2026-10-02 13:17:31 INFO LEAD new: [Permitted] City/23/01401/MDC — Site Bounded By Fenchurch Street, Mark Lane, Dunster Court A
2026-10-02 13:17:31 INFO LEAD new: [Permitted] City/23/01402/LBC — 187 Fleet Street London EC4A 2AT
2026-10-02 13:17:31 INFO LEAD new: [Permitted] City/23/01405/CLEUD — 503 Marlyn Lodge 2 Portsoken Street London E1 8RB
2026-10-02 13:17:31 INFO LEAD new: [Permitted] City/23/01404/FULL — 1 New Change London EC4M 9AF
2026-10-02 13:17:31 INFO LEAD new: [Permitted] City/23/01442/PODC — 15-16 Minories 62 Aldgate High Street London EC3N 1AL
2026-10-02 13:17:32 INFO LEAD new: [Permitted] City/23/01399/FULL — 187 Fleet Street London EC4A 2AT
2026-10-02 13:17:32 INFO LEAD new: [Permitted] City/23/01400/LBC — 187 Fleet Street London EC4A 2AT
2026-10-02 13:17:32 INFO LEAD new: [Permitted] City/23/01397/MDC — Stonecutter Court 1 Stonecutter Street London EC4A 4TR
2026-10-02 13:17:32 INFO LEAD new: [Permitted] City/23/01389/NMA — 81 Newgate Street London EC1A 7AJ
2026-10-02 13:17:32 INFO LEAD new: [Permitted] City/23/01395/ADVT — 30 - 32 Watling Street, London, EC4M 9BR
2026-10-02 13:17:32 INFO LEAD new: [Permitted] City/23/01441/PODC — Site Bounded By 19-21 & 22 Billiter Street, 49 Leadenhall St
2026-10-02 13:17:32 INFO LEAD new: [Permitted] City/23/01439/PODC — 150 Aldersgate Street 3-4 Bartholomew Place London EC1A
2026-10-02 13:17:32 INFO LEAD new: [Permitted] City/23/01396/FULL — 30 - 32 Watling Street London EC4M 9BR
2026-10-02 13:17:32 INFO LEAD new: [Permitted] City/23/01391/MDC — 21 Moorfields London EC2Y 9AE
2026-10-02 13:17:33 INFO LEAD new: [Permitted] City/23/01398/ADVT — St Mary Abchurch House 123 - 127 Cannon Street London EC4N 5
2026-10-02 13:17:33 INFO LEAD new: [Permitted] City/23/01390/OBS — Whitechapel Road Development Site Whitechapel Road London E1
2026-10-02 13:17:33 INFO LEAD new: [Permitted] City/23/01385/ADVT — 1 Old Billingsgate Walk London EC3R 6DX
2026-10-02 13:17:33 INFO LEAD new: [Permitted] City/23/01384/FULL — 120 Old Broad Street London EC2N 1AR
2026-10-02 13:17:33 INFO LEAD new: [Permitted] City/23/01388/MDC — 1 Exchange Square London EC2A 2JN
2026-10-02 13:17:33 INFO LEAD new: [Permitted] City/23/01383/ADVT — 14 St Paul's Churchyard London EC4M 8AY
2026-10-02 13:17:33 INFO LEAD new: [Permitted] City/23/01381/MDC — 1-5 London Wall Buildings London EC2M 5PG
2026-10-02 13:17:33 INFO LEAD new: [Permitted] City/23/01382/MDC — 2 Royal Exchange Buildings London EC3V 3LF
2026-10-02 13:17:34 INFO LEAD new: [Permitted] City/23/01379/NMA — Site Bounded By King William Street, Cannon Street, Abchurch
2026-10-02 13:17:34 INFO LEAD new: [Permitted] City/23/01380/FULL — 100 Wood Street London EC2V 7AN
2026-10-02 13:17:34 INFO LEAD new: [Permitted] City/23/01377/MDC — 100 New Bridge Street London EC4V 6JA
2026-10-02 13:17:34 INFO LEAD new: [Permitted] City/23/01376/LDC — St Martins House 16 St Martin's-le-grand London EC1A 4EN
2026-10-02 13:17:34 INFO LEAD new: [Permitted] City/23/01375/LDC — St Martins House 16 St Martin's-le-grand London EC1A 4EN
2026-10-02 13:17:34 INFO LEAD new: [Permitted] City/23/01374/NMA — 4 St Paul's Churchyard London EC4M 8AY
2026-10-02 13:17:34 INFO LEAD new: [Permitted] City/23/01378/MDC — 100 New Bridge Street London EC4V 6JA
2026-10-02 13:17:34 INFO LEAD new: [Permitted] City/23/01432/PODC — Seal House 1 Swan Lane London EC4R 3TN
2026-10-02 13:17:35 INFO LEAD new: [Permitted] City/23/01373/NMA — New Street Archway To Devonshire Square London EC2M 4WY
2026-10-02 13:17:35 INFO LEAD new: [Permitted] City/23/01371/NMA — 120 Fleet Street London EC4A 2BE
2026-10-02 13:17:35 INFO LEAD new: [Permitted] City/23/01372/LBC — New Street Archway To Devonshire Square London EC2M 4WY
2026-10-02 13:17:35 INFO LEAD new: [Permitted] City/23/01364/MDC — Livery Hall Skinners' Hall 8 Dowgate Hill London EC4R 2SP
2026-10-02 13:17:36 INFO LEAD new: [Permitted] City/23/01369/MDC — Livery Hall Skinners' Hall 8 Dowgate Hill London EC4R 2SP
2026-10-02 13:17:36 INFO LEAD new: [Permitted] City/23/01433/PODC — 15-16 Minories 62 Aldgate High Street London EC3N 1AL
2026-10-02 13:17:38 INFO LEAD new: [Permitted] City/23/01362/NMA — Daniel House And Mersey House (Former Daily Telegraph Buildi
2026-10-02 13:17:38 INFO LEAD new: [Permitted] City/23/01366/ADVT — 4-5 Devonshire Square London EC2M 4YE
2026-10-02 13:17:39 INFO LEAD new: [Permitted] City/23/01367/LBC — 4-5 Devonshire Square London EC2M 4YE
2026-10-02 13:17:39 INFO LEAD new: [Permitted] City/23/01370/MDC — Creechurch House 24 Creechurch Lane London EC3A 5JX
2026-10-02 13:17:39 INFO LEAD new: [Permitted] City/23/01434/PODC — 100 New Bridge Street London EC4V 6JA
2026-10-02 13:17:39 INFO LEAD new: [Permitted] City/23/01363/LBC — Barbican Arts And Conference Centre Silk Street London EC2Y 
2026-10-02 13:17:40 INFO LEAD new: [Permitted] City/23/01365/MDC — Poultry Market And General Market And The Annexe Buildings W
2026-10-02 13:17:40 INFO LEAD new: [Permitted] City/23/01368/ADVT — 323 - 324 High Holborn London WC1V 7PU
2026-10-02 13:17:40 INFO LEAD new: [Permitted] City/23/01359/MDC — 10 - 15 Newgate Street London EC1A 7HD
2026-10-02 13:17:40 INFO LEAD new: [Permitted] City/23/01360/LBC — Daniel House And Mersey House (Former Daily Telegraph Buildi
2026-10-02 13:17:40 INFO LEAD new: [Permitted] City/23/01361/FULL — 323 - 324 High Holborn London WC1V 7PU
2026-10-02 13:17:40 INFO LEAD new: [Permitted] City/23/01429/PODC — 6-8 Bishopsgate & 150 Leadenhall Street London EC3V 4QT
2026-10-02 13:17:40 INFO LEAD new: [Permitted] City/23/01440/PODC — 7 Devonshire Square London EC2M 4YH
2026-10-02 13:17:40 INFO LEAD new: [Permitted] City/23/01355/LBC — 518 Willoughby House Barbican London EC2Y 8BN
2026-10-02 13:17:41 INFO LEAD new: [Permitted] City/23/01357/FULL — 155 Bishopsgate London EC2M 3TQ
2026-10-02 13:17:41 INFO LEAD new: [Permitted] City/23/01354/ADVT — The George And Vulture 2 - 3 Castle Court London EC3V 9DL
2026-10-02 13:17:41 INFO LEAD new: [Permitted] City/23/01350/LDC — 19 - 21 Billiter Street London EC3M 2RY
2026-10-02 13:17:41 INFO LEAD new: [Permitted] City/23/01351/FULL — 34 London Wall London EC2M 5QX
2026-10-02 13:17:41 INFO LEAD new: [Permitted] City/23/01349/LDC — Electra House 84 Moorgate London EC2M 6SQ
2026-10-02 13:17:41 INFO LEAD new: [Permitted] City/23/01353/LBC — The George And Vulture 2 - 3 Castle Court London EC3V 9DL
2026-10-02 13:17:41 INFO LEAD new: [Permitted] City/23/01348/LBC — 187 Fleet Street London EC4A 2AT
2026-10-02 13:17:41 INFO LEAD new: [Permitted] City/23/01347/FULL — 187 Fleet Street London EC4A 2AT
2026-10-02 13:17:41 INFO LEAD new: [Permitted] City/23/01341/FULL — Retail Unit 176 Bishopsgate London EC2M 4NQ
2026-10-02 13:17:42 INFO LEAD new: [Permitted] City/23/01344/MDC — 55 Moorgate London EC2R 6BH
2026-10-02 13:17:42 INFO LEAD new: [Permitted] City/23/01345/LDC — Electra House 84 Moorgate London EC2M 6SQ
2026-10-02 13:17:42 INFO LEAD new: [Permitted] City/23/01346/MDC — 65 Crutched Friars London EC3N 2AE
2026-10-02 13:17:42 INFO LEAD new: [Permitted] City/23/01343/MDC — 55 Moorgate London EC2R 6BH
2026-10-02 13:17:49 INFO [city-of-london/Permitted] page at offset 2900: 100 records
2026-10-02 13:17:49 INFO LEAD new: [Permitted] City/23/01342/MDC — 5 Chancery Lane London WC2A 1LG
2026-10-02 13:17:50 INFO LEAD new: [Permitted] City/23/01335/ADVT — Retail Unit 128 Cheapside London EC2V 6BT
2026-10-02 13:17:51 INFO LEAD new: [Permitted] City/23/01332/MDC — Princes Court 7 Prince's Street London EC2R 8AQ
2026-10-02 13:17:51 INFO LEAD new: [Permitted] City/23/01333/MDC — 15-16 Minories 62 Aldgate High Street London EC3N 1AL
2026-10-02 13:17:52 INFO LEAD new: [Permitted] City/23/01336/MDC — 81 Newgate Street London EC1A 7AJ
2026-10-02 13:17:52 INFO LEAD new: [Permitted] City/23/01334/LDC — South Staple Inn Buildings London WC1V 7PZ
2026-10-02 13:17:53 INFO LEAD new: [Permitted] City/23/01337/MDC — 7 Devonshire Square London EC2M 4YH
2026-10-02 13:17:54 INFO LEAD new: [Permitted] City/23/01330/MDC — Snow Hill Police Station 5 Snow Hill London EC1A 2DP
2026-10-02 13:17:55 INFO LEAD new: [Permitted] City/23/01331/FULL — 19 Holborn London EC1N 2JS
2026-10-02 13:17:56 INFO LEAD new: [Permitted] City/23/01329/LBC — 4 - 5 Devonshire Square London EC2
2026-10-02 13:17:56 INFO LEAD new: [Permitted] City/23/01323/MDC — 1 Stonecutter Street London EC4A 4AH
2026-10-02 13:17:57 INFO LEAD new: [Permitted] City/23/01325/FULL — Lands Adjacent To Rack And Tenter Public House Citypoint Pla
2026-10-02 13:17:57 INFO LEAD new: [Permitted] City/23/01319/ADVT — Retail Unit 62 - 63 Cheapside London EC2V 6BP
2026-10-02 13:17:57 INFO LEAD new: [Permitted] City/23/01320/FULL — 1 Shaftesbury Place London EC2Y 8AA
2026-10-02 13:17:57 INFO LEAD new: [Permitted] City/23/01327/LBC — Retail Unit 4 Moorfields London EC2Y 9AA
2026-10-02 13:17:57 INFO LEAD new: [Permitted] City/23/01324/MDC — 1 Stonecutter Street London EC4A 4AH
2026-10-02 13:17:57 INFO LEAD new: [Permitted] City/23/01315/MDC — 10 Gresham Street London EC2V 7JD
2026-10-02 13:17:57 INFO LEAD new: [Permitted] City/23/01311/LDC — London Metropolitan University 84 Moorgate London EC2M 6SQ
2026-10-02 13:17:57 INFO LEAD new: [Permitted] City/23/01316/MDC — 10 Gresham Street London EC2V 7JD
2026-10-02 13:17:57 INFO LEAD new: [Permitted] City/23/01312/ADVT — St Martins House 16 St Martin's-le-grand London EC1A 4EN
2026-10-02 13:17:58 INFO LEAD new: [Permitted] City/23/01328/OBS — The London Institute Baltic Street East London EC1Y 0UU
2026-10-02 13:17:58 INFO LEAD new: [Permitted] City/23/01307/LDC — Mersey House And Daniel House 131-141 Fleet Street London EC
2026-10-02 13:17:58 INFO LEAD new: [Permitted] City/23/01305/MDC — Monument House 18 King William Street London EC4N 7BP
2026-10-02 13:17:58 INFO LEAD new: [Permitted] City/23/01298/MDC — 25 Moorgate London EC2R 6AR
2026-10-02 13:17:58 INFO LEAD new: [Permitted] City/23/01300/ADVT — Unit 3-4 120 Fenchurch Street London EC3M 5AL
2026-10-02 13:17:58 INFO LEAD new: [Permitted] City/23/01299/FULL — Merchant Taylors Hall 30 Threadneedle Street London EC2R 8JB
2026-10-02 13:17:58 INFO LEAD new: [Permitted] City/23/01294/LBC — Drapers Hall Throgmorton Avenue London EC2N 2DQ
2026-10-02 13:17:58 INFO LEAD new: [Permitted] City/23/01296/CLEUD — River House 119 - 121 Minories London EC3N 1DR
2026-10-02 13:17:59 INFO LEAD new: [Permitted] City/23/01297/FULL — 1 Basinghall Avenue London EC2V 5DD
2026-10-02 13:17:59 INFO LEAD new: [Permitted] City/23/01290/LBC — 3 - 16 Wallside Barbican London EC2Y 8BH
2026-10-02 13:17:59 INFO LEAD new: [Permitted] City/23/01291/MDC — 1 Exchange Square London EC2A 2JN
2026-10-02 13:17:59 INFO LEAD new: [Permitted] City/23/01289/MDC — 150 - 152 Fenchurch Street London EC3M 6BB
2026-10-02 13:17:59 INFO LEAD new: [Permitted] City/23/01288/LBC — 1B Snow Hill Court London EC1A 2EJ
2026-10-02 13:17:59 INFO LEAD new: [Permitted] City/23/01283/LDC — 4 Frederick's Place London EC2R 8AB
2026-10-02 13:18:00 INFO LEAD new: [Permitted] City/23/01282/LBC — 4 Frederick's Place London EC2R 8AB
2026-10-02 13:18:00 INFO LEAD new: [Permitted] City/23/01287/FULL — Smithfield House 1 Cloth Court London
2026-10-02 13:18:00 INFO LEAD new: [Permitted] City/23/01286/LBC — 6 Lloyd's Avenue London EC3N 3AX
2026-10-02 13:18:00 INFO LEAD new: [Permitted] City/23/01280/ADVT — 1 Aldermanbury Square London EC2V 7HR
2026-10-02 13:18:00 INFO LEAD new: [Permitted] City/23/01281/ADVT — 7 Artillery Lane London E1 7LP
2026-10-02 13:18:00 INFO LEAD new: [Permitted] City/23/01278/NMA — 71 Fenchurch Street London EC3M 4BR
2026-10-02 13:18:00 INFO LEAD new: [Permitted] City/23/01275/LDC — Daniel House And Mersey House (Former Daily Telegraph Buildi
2026-10-02 13:18:00 INFO LEAD new: [Permitted] City/23/01276/LBC — Livery Hall Ironmongers' Hall Shaftesbury Place London EC2Y 
2026-10-02 13:18:00 INFO LEAD new: [Permitted] City/23/01277/LBC — 140 London Wall, 150 London Wall, Shaftsbury Place, And Lond
2026-10-02 13:18:01 INFO LEAD new: [Permitted] City/23/01274/MDC — Retail Unit 68 King William Street London EC4N 7HR
2026-10-02 13:18:01 INFO LEAD new: [Permitted] City/23/01304/FULEIA — London Wall West, 140 London Wall, 150 London Wall, Ironmong
2026-10-02 13:18:02 INFO LEAD new: [Permitted] City/23/01268/NMA — 1B Snow Hill Court London EC1A 2EJ
2026-10-02 13:18:02 INFO LEAD new: [Permitted] City/23/01269/NMA — Finsbury Circus Gardens Finsbury Circus London
2026-10-02 13:18:03 INFO LEAD new: [Permitted] City/23/01271/LBC — Liverpool Street Railway Station Liverpool Street London EC2
2026-10-02 13:18:03 INFO LEAD new: [Permitted] City/23/01270/FULMAJ — Development Site Winchester House 75 London Wall London
2026-10-02 13:18:04 INFO LEAD new: [Permitted] City/23/01272/ADVT — Retail Unit 81 - 82 Cheapside London EC2V 6EB
2026-10-02 13:18:04 INFO LEAD new: [Permitted] City/23/01260/FULMAJ — 100 New Bridge Street London EC4V 6JA
2026-10-02 13:18:05 INFO LEAD new: [Permitted] City/23/01263/FULL — 326 - 328 High Holborn London WC1V 7PE
2026-10-02 13:18:05 INFO LEAD new: [Permitted] City/23/01264/LBC — City of London School For Girls St Giles' Terrace Barbican L
2026-10-02 13:18:05 INFO LEAD new: [Permitted] City/23/01262/FULL — Dashwood House 69 Old Broad Street London EC2M 1QS
2026-10-02 13:18:05 INFO LEAD new: [Permitted] City/23/01302/FULL — Alpha House 24A Lime Street London EC3M 7HJ
2026-10-02 13:18:05 INFO LEAD new: [Permitted] City/23/01256/MDC — Alder Castle House 10 Noble Street London EC2V 7JX
2026-10-02 13:18:06 INFO LEAD new: [Permitted] City/23/01443/OBS — 4-5 Paris Garden And 18-19 Hatfields (Including Part 6 Paris
2026-10-02 13:18:06 INFO LEAD new: [Permitted] City/23/01301/FULL — 120 Cannon Street London EC4N 6AS
2026-10-02 13:18:06 INFO LEAD new: [Permitted] City/23/01255/NMA — 60 Upper Thames Street London EC4V 3AD
2026-10-02 13:18:06 INFO LEAD new: [Permitted] City/23/01303/ADVT — Alpha House 24A Lime Street London EC3M 7HJ
2026-10-02 13:18:06 INFO LEAD new: [Permitted] City/23/01249/CLEUD — 210 Marlyn Lodge 2 Portsoken Street London E1 8RB
2026-10-02 13:18:06 INFO LEAD new: [Permitted] City/23/01243/CLEUD — 206 Marlyn Lodge 2 Portsoken Street London E1 8RB
2026-10-02 13:18:06 INFO LEAD new: [Permitted] City/23/01252/CLEUD — 409 Marlyn Lodge 2 Portsoken Street London E1 8RB
2026-10-02 13:18:07 INFO LEAD new: [Permitted] City/23/01241/CLEUD — 107 Marlyn Lodge 2 Portsoken Street London E1 8RB
2026-10-02 13:18:07 INFO LEAD new: [Permitted] City/23/01240/CLEUD — 101 Marlyn Lodge 2 Portsoken Street London E1 8RB
2026-10-02 13:18:07 INFO LEAD new: [Permitted] City/23/01248/CLEUD — 205 Marlyn Lodge 2 Portsoken Street London E1 8RB
2026-10-02 13:18:07 INFO LEAD new: [Permitted] City/23/01242/CLEUD — 201 Marlyn Lodge 2 Portsoken Street London E1 8RB
2026-10-02 13:18:07 INFO LEAD new: [Permitted] City/23/01245/CLEUD — 207 Marlyn Lodge 2 Portsoken Street London E1 8RB
2026-10-02 13:18:07 INFO LEAD new: [Permitted] City/23/01253/MDC — 4 Frederick's Place London EC2R 8AB
2026-10-02 13:18:07 INFO LEAD new: [Permitted] City/23/01244/CLEUD — 501 Marlyn Lodge 2 Portsoken Street London E1 8RB
2026-10-02 13:18:07 INFO LEAD new: [Permitted] City/23/01250/CLEUD — 304 Marlyn Lodge 2 Portsoken Street London E1 8RB
2026-10-02 13:18:08 INFO LEAD new: [Permitted] City/23/01254/FULMAJ — The Derby London City 5 - 10 Great Tower Street London EC3R 
2026-10-02 13:18:08 INFO LEAD new: [Permitted] City/23/01251/CLEUD — 402 Marlyn Lodge 2 Portsoken Street London E1 8RB
2026-10-02 13:18:08 INFO LEAD new: [Permitted] City/23/01246/CLEUD — 105 Marlyn Lodge 2 Portsoken Street London E1 8RB
2026-10-02 13:18:08 INFO LEAD new: [Permitted] City/23/01247/CLEUD — 108 Marlyn Lodge 2 Portsoken Street London E1 8RB
2026-10-02 13:18:08 INFO LEAD new: [Permitted] City/Q23/01242/CLEUD — 201 Marlyn Lodge 2 Portsoken Street London E1 8RB
2026-10-02 13:18:08 INFO LEAD new: [Permitted] City/23/01261/FULL — 29 Ludgate Hill London EC4M 7JR
2026-10-02 13:18:08 INFO LEAD new: [Permitted] City/23/01236/LBC — Barbican Arts And Conference Centre Silk Street London EC2Y 
2026-10-02 13:18:09 INFO LEAD new: [Permitted] City/23/01238/NMA — Holyer House 20 - 21 Red Lion Court London EC4A 3EB
2026-10-02 13:18:09 INFO LEAD new: [Permitted] City/23/01239/LBC — 102 Seddon House Barbican London EC2Y 8BX
2026-10-02 13:18:09 INFO LEAD new: [Permitted] City/23/01232/ADVT — 111 Fleet Street London EC4A 2AB
2026-10-02 13:18:09 INFO LEAD new: [Permitted] City/23/01234/FULL — 15-16 Minories 62 Aldgate High Street London EC3N 1AL
2026-10-02 13:18:09 INFO LEAD new: [Permitted] City/23/01265/PODC — Bevis Marks House 24 Bevis Marks London EC3A 7JB
2026-10-02 13:18:09 INFO LEAD new: [Permitted] City/23/01230/MDC — Temple Chambers 3 - 7 Temple Avenue London EC4Y 0HP
2026-10-02 13:18:10 INFO LEAD new: [Permitted] City/23/01223/FULL — 48 Gracechurch Street London EC3V 0EJ
2026-10-02 13:18:10 INFO LEAD new: [Permitted] City/23/01222/MDC — 10 Gresham Street London EC2V 7JD
2026-10-02 13:18:10 INFO LEAD new: [Permitted] City/23/01225/LBC — City of London School For Girls St Giles' Terrace Barbican L
2026-10-02 13:18:10 INFO LEAD new: [Permitted] City/23/01224/CLEUD — Bevis Marks House 24 Bevis Marks London EC3A 7JB
2026-10-02 13:18:11 INFO LEAD new: [Permitted] City/23/01219/MDC — Temple Chambers 3 - 7 Temple Avenue London EC4Y 0HP
2026-10-02 13:18:11 INFO LEAD new: [Permitted] City/23/01267/SCOP — 39-40 Furnival Street & 31-30 High Holborn London EC4A 1JQ &
2026-10-02 13:18:11 INFO LEAD new: [Permitted] City/23/01213/FULL — Public Telephone Outside 81 Farringdon Street 1 London EC4A 
2026-10-02 13:18:11 INFO LEAD new: [Permitted] City/23/01220/MDC — Finsbury Circus Gardens Finsbury Circus London
2026-10-02 13:18:11 INFO LEAD new: [Permitted] City/23/01228/FULL — St Botolph Street London EC3A 7AA
2026-10-02 13:18:11 INFO LEAD new: [Permitted] City/23/01211/FULL — Telephone Box Outside 26 - 30 Holborn Viaduct London EC1A 2A
2026-10-02 13:18:11 INFO LEAD new: [Permitted] City/23/01215/FULL — Friday Street London
2026-10-02 13:18:11 INFO LEAD new: [Permitted] City/23/01221/CLEUD — 1-5 London Wall Buildings London Wall London EC2M 5PG
2026-10-02 13:18:11 INFO LEAD new: [Permitted] City/23/01217/FULL — Mansell Street London
2026-10-02 13:18:12 INFO LEAD new: [Permitted] City/23/01208/FULL — 80 Basinghall Street London EC2V 5AG
2026-10-02 13:18:18 INFO [city-of-london/Permitted] page at offset 3000: 99 records
2026-10-02 13:18:18 INFO LEAD new: [Permitted] City/23/01207/MDC — Site Bounded By Fenchurch Street, Mark Lane, Dunster Court A
2026-10-02 13:18:19 INFO LEAD new: [Permitted] City/23/01308/OBS — 6 More London Place London Southwark
2026-10-02 13:18:19 INFO LEAD new: [Permitted] City/23/01210/MDC — 150 Aldersgate Street London EC1A 4AB
2026-10-02 13:18:20 INFO LEAD new: [Permitted] City/23/01206/MDC — 115-123 Houndsditch London EC3A 7BU
2026-10-02 13:18:20 INFO LEAD new: [Permitted] City/23/01202/FULL — 160 Queen Victoria Street London EC4V 4BF
2026-10-02 13:18:21 INFO LEAD new: [Permitted] City/23/01195/LBC — Barbican Arts And Conference Centre Silk Street London EC2Y 
2026-10-02 13:18:22 INFO LEAD new: [Permitted] City/23/01203/FULL — 160 Queen Victoria Street London EC4V 4BF
2026-10-02 13:18:22 INFO LEAD new: [Permitted] City/23/01194/FULL — Barbican Arts And Conference Centre Silk Street London EC2Y 
2026-10-02 13:18:22 INFO LEAD new: [Permitted] City/23/01201/MDC — Finsbury Circus Gardens Finsbury Circus London EC2M 7DT
2026-10-02 13:18:23 INFO LEAD new: [Permitted] City/23/01200/NMA — 22 Bishopsgate London EC2N 4BQ
2026-10-02 13:18:23 INFO LEAD new: [Permitted] City/23/01196/MDC — Eldon House 2 - 3 Eldon Street London EC2M 7LS
2026-10-02 13:18:24 INFO LEAD new: [Permitted] City/23/01199/MDC — 95 Queen Victoria Street London EC4V 4HN
2026-10-02 13:18:24 INFO LEAD new: [Permitted] City/23/01204/LDC — Tower of All Hallows Staining Mark Lane London EC3M 3JY
2026-10-02 13:18:24 INFO LEAD new: [Permitted] City/23/01198/LBC — The Furniture Makers Co 12 Austin Friars London EC2N 2HE
2026-10-02 13:18:24 INFO LEAD new: [Permitted] City/23/01197/MDC — 15-16 Minories 62 Aldgate High Street London EC3N 1AL
2026-10-02 13:18:24 INFO LEAD new: [Permitted] City/23/01193/NMA — New Bridge Street House 30 - 34 New Bridge Street London EC4
2026-10-02 13:18:24 INFO LEAD new: [Permitted] City/23/01192/MDC — 1 Paul's Walk London EC4V 3QH
2026-10-02 13:18:24 INFO LEAD new: [Permitted] City/23/01314/PODC — 7 Devonshire Square London EC2M 4YH
2026-10-02 13:18:24 INFO LEAD new: [Permitted] City/23/01191/FULL — Jubilee Gardens Houndsditch London EC2M 4UJ
2026-10-02 13:18:24 INFO LEAD new: [Permitted] City/23/01188/MDC — 10 Gresham Street London EC2V 7JD
2026-10-02 13:18:25 INFO LEAD new: [Permitted] City/23/01189/MDC — Mersey House And Daniel House 131-141 Fleet Street London EC
2026-10-02 13:18:25 INFO LEAD new: [Permitted] City/23/01184/ADVT — Princes Court 7 Prince's Street London EC2R 8AQ
2026-10-02 13:18:25 INFO LEAD new: [Permitted] City/23/01187/FULL — The Guild Church of St Martin Within Ludgate Ludgate Hill Lo
2026-10-02 13:18:25 INFO LEAD new: [Permitted] City/23/01185/PODC — Bevis Marks House 24 Bevis Marks London EC3A 7JB
2026-10-02 13:18:25 INFO LEAD new: [Permitted] City/23/01170/ADVT — Kings House 36 - 37 King Street London EC2V 8BB
2026-10-02 13:18:25 INFO LEAD new: [Permitted] City/23/01176/FULL — On The Traffic Island Close To The Intersection of St Brides
2026-10-02 13:18:25 INFO LEAD new: [Permitted] City/23/01172/LBC — The Avenue Devonshire Square London EC2M 4YP
2026-10-02 13:18:25 INFO LEAD new: [Permitted] City/23/01171/FULL — The Avenue Devonshire Square London EC2M 4YP
2026-10-02 13:18:26 INFO LEAD new: [Permitted] City/23/01178/ADVT — 1 - 14 Liverpool Street And 11 - 12 Blomfield Street London 
2026-10-02 13:18:26 INFO LEAD new: [Permitted] City/23/01173/MDC — Land Bounded By Fleet Street, Salisbury Court, Salisbury Squ
2026-10-02 13:18:26 INFO LEAD new: [Permitted] City/23/01177/MDC — 5 Chancery Lane London WC2A 1LG
2026-10-02 13:18:26 INFO LEAD new: [Permitted] City/23/01165/LBC — Middle Temple Hall Middle Temple Lane London EC4Y 9AT
2026-10-02 13:18:26 INFO LEAD new: [Permitted] City/23/01164/FULL — Middle Temple Hall Middle Temple Lane London EC4Y 9AT
2026-10-02 13:18:26 INFO LEAD new: [Permitted] City/23/01167/MDC — Finsbury Circus Gardens Finsbury Circus London EC2M 7DT
2026-10-02 13:18:26 INFO LEAD new: [Permitted] City/23/01166/FULL — 10 Foster Lane London EC2V 6HR
2026-10-02 13:18:26 INFO LEAD new: [Permitted] City/23/01168/LBC — Five Kings House 1 Queen Street Place London EC4R 1QS
2026-10-02 13:18:27 INFO LEAD new: [Permitted] City/23/01183/PODC — 15-16 Minories 62 Aldgate High Street London EC3N 1AL
2026-10-02 13:18:27 INFO LEAD new: [Permitted] City/23/01430/PODC — Dauntsey House 4A & 4B Frederick's Place London EC2R 8AB
2026-10-02 13:18:28 INFO LEAD new: [Permitted] City/23/01160/MDC — 115 - 123 Houndsditch London EC3A 7BU
2026-10-02 13:18:28 INFO LEAD new: [Permitted] City/23/01156/MDC — 10 Gresham Street London EC2V 7JD
2026-10-02 13:18:28 INFO LEAD new: [Permitted] City/23/01158/ADVT — 48 Gracechurch Street London EC3V 0EJ
2026-10-02 13:18:28 INFO LEAD new: [Permitted] City/23/01157/NMA — Northcliffe House 26-30 Tudor Street, 16-22 Bouverie Street 
2026-10-02 13:18:28 INFO LEAD new: [Permitted] City/23/01155/MDC — 1B Snow Hill Court London EC1A 2EJ
2026-10-02 13:18:28 INFO LEAD new: [Permitted] City/23/01153/CLEUD — Tenter House 45 Moorfields London EC2Y 9AE
2026-10-02 13:18:28 INFO LEAD new: [Permitted] City/23/01152/FULL — 5 - 10 Great Tower Street London EC3R 5AA
2026-10-02 13:18:28 INFO LEAD new: [Permitted] City/23/01147/FULL — St Paul's Cathedral School 2 New Change London EC4M 9AD
2026-10-02 13:18:28 INFO LEAD new: [Permitted] City/23/01148/LBC — St Paul's Cathedral School 2 New Change London EC4M 9AD
2026-10-02 13:18:29 INFO LEAD new: [Permitted] City/23/01150/ADVT — 9 Devonshire Square London EC2M 4YF
2026-10-02 13:18:29 INFO LEAD new: [Permitted] City/23/01141/FULL — The Ned Hotel 27 Poultry London EC2R 8AJ
2026-10-02 13:18:29 INFO LEAD new: [Permitted] City/23/01139/FULL — 13 Eastcheap London EC3M 1BU
2026-10-02 13:18:29 INFO LEAD new: [Permitted] City/23/01140/ADVT — 13 Eastcheap London EC3M 1BU
2026-10-02 13:18:29 INFO LEAD new: [Permitted] City/23/01142/LBC — The Ned Hotel 27 Poultry London EC2R 8AJ
2026-10-02 13:18:29 INFO LEAD new: [Permitted] City/23/01138/ADVT — 74 Old Broad Street London EC2M 1QT
2026-10-02 13:18:29 INFO LEAD new: [Permitted] City/23/01144/MDC — Friary Court 65 Crutched Friars London EC3N 2AE
2026-10-02 13:18:29 INFO LEAD new: [Permitted] City/23/01145/MDC — Central Criminal Court Old Bailey London EC4M 7EH
2026-10-02 13:18:29 INFO LEAD new: [Permitted] City/23/01143/FULEIA — 1 - 14 Liverpool Street And 11 - 12 Blomfield Street London 
2026-10-02 13:18:30 INFO LEAD new: [Permitted] City/23/01146/LDC — 120 Fleet Street London EC4A 2BE
2026-10-02 13:18:30 INFO LEAD new: [Permitted] City/23/01163/OBS — 35 - 37 Lincoln's Inn Fields, London, WC2A 3PE,
2026-10-02 13:18:30 INFO LEAD new: [Permitted] City/23/01136/MDC — Token House 14 - 18 Copthall Avenue London EC2R 7BN
2026-10-02 13:18:30 INFO LEAD new: [Permitted] City/23/01149/PODC — 1 Exchange Square London EC2A 2JN
2026-10-02 13:18:30 INFO LEAD new: [Permitted] City/23/01135/MDC — Site Bounded By Fenchurch Street, Mark Lane, Dunster Court A
2026-10-02 13:18:30 INFO LEAD new: [Permitted] City/23/01133/FULL — The Mansion House Mansion House Street London EC4N 8BH
2026-10-02 13:18:30 INFO LEAD new: [Permitted] City/23/01134/MDC — Token House 14 - 18 Copthall Avenue London EC2R 7BN
2026-10-02 13:18:30 INFO LEAD new: [Permitted] City/23/01130/MDC — The Counting House Hotel 50 Cornhill London EC3V 3PD
2026-10-02 13:18:31 INFO LEAD new: [Permitted] City/23/01127/ADVT — 35 - 37 Vine Street London EC3N 2PX
2026-10-02 13:18:31 INFO LEAD new: [Permitted] City/23/01131/ADVT — 15 Cullum Street London EC3M 7JJ
2026-10-02 13:18:31 INFO LEAD new: [Permitted] City/23/01124/MDC — Finsbury House 23 Finsbury Circus London EC2M 7EA
2026-10-02 13:18:31 INFO LEAD new: [Permitted] City/23/01428/PODC — 6-8 Bishopsgate & 150 Leadenhall Street London EC3V 4QT
2026-10-02 13:18:31 INFO LEAD new: [Permitted] City/23/01125/MDC — Finsbury House 23 Finsbury Circus London EC2M 7EA
2026-10-02 13:18:31 INFO LEAD new: [Permitted] City/23/01122/SCOP — 99 Bishopsgate London EC2M 3XD
2026-10-02 13:18:31 INFO LEAD new: [Permitted] City/23/01109/MDC — 40 Leadenhall Street London EC3A 2BJ
2026-10-02 13:18:31 INFO LEAD new: [Permitted] City/23/01113/LDC — Land Bound By Fenchurch Street, Mark Lane, Dunster Court And
2026-10-02 13:18:31 INFO LEAD new: [Permitted] City/23/01114/LDC — Land Bound By Fenchurch Street, Mark Lane, Dunster Court And
2026-10-02 13:18:32 INFO LEAD new: [Permitted] City/23/01110/MDC — 40 Leadenhall Street London EC3A 2BJ
2026-10-02 13:18:32 INFO LEAD new: [Permitted] City/23/01111/MDC — Livery Hall Skinners' Hall 8 Dowgate Hill London EC4R 2SP
2026-10-02 13:18:32 INFO LEAD new: [Permitted] City/23/01115/FULL — Alban Gate 125 - 130 London Wall London EC2
2026-10-02 13:18:32 INFO LEAD new: [Permitted] City/23/01106/ADVT — 22 Birchin Lane London EC3V 9DJ
2026-10-02 13:18:32 INFO LEAD new: [Permitted] City/23/01107/FULL — 5 Aldermanbury Square London EC2V 7HR
2026-10-02 13:18:32 INFO LEAD new: [Permitted] City/23/01108/FULL — 13 - 15 Moorgate London EC2R 6AD
2026-10-02 13:18:32 INFO LEAD new: [Permitted] City/23/01103/MDC — Tenter House 45 Moorfields London EC2Y 9AE
2026-10-02 13:18:33 INFO LEAD new: [Permitted] City/23/01105/MDC — Cripplegate House 1 Golden Lane London EC1Y 0RR
2026-10-02 13:18:33 INFO LEAD new: [Permitted] City/23/01099/MDC — 1 Exchange Square London EC2A 2JN
2026-10-02 13:18:33 INFO LEAD new: [Permitted] City/23/01100/MDC — 1 Broadgate London EC2M 2QS
2026-10-02 13:18:33 INFO LEAD new: [Permitted] City/23/01098/MDC — 1 - 14 Liverpool Street And 11 - 12 Blomfield Street London 
2026-10-02 13:18:33 INFO LEAD new: [Permitted] City/23/01097/FULL — Creechurch House 24 Creechurch Lane London EC3A 5JX
2026-10-02 13:18:33 INFO LEAD new: [Permitted] City/23/01095/MDC — 5 Chancery Lane London WC2A 1LG
2026-10-02 13:18:34 INFO LEAD new: [Permitted] City/23/01096/MDC — Friary Court 65 Crutched Friars London EC3N 2AE
2026-10-02 13:18:34 INFO LEAD new: [Permitted] City/23/01227/SCOP — Winchester House 75 London Wall London EC2M 5NG
2026-10-02 13:18:34 INFO LEAD new: [Permitted] City/23/01094/MDC — 101 Moorgate London EC2M 6SL
2026-10-02 13:18:34 INFO LEAD new: [Permitted] City/23/01091/MDC — Snow Hill Police Station 5 Snow Hill London EC1A 2DP
2026-10-02 13:18:34 INFO LEAD new: [Permitted] City/23/01126/OBS — The London Eye The Queen's Walk London SE1
2026-10-02 13:18:34 INFO LEAD new: [Permitted] City/23/01102/FULMAJ — Hill House 1 Little New Street London EC4A 3JR
2026-10-02 13:18:34 INFO LEAD new: [Permitted] City/23/01087/MDC — Newbury House 10 - 13 Newbury Street London EC1A 7HU
2026-10-02 13:18:34 INFO LEAD new: [Permitted] City/23/01090/LBC — 2 Royal Exchange Buildings London EC3V 3LF
2026-10-02 13:18:34 INFO LEAD new: [Permitted] City/23/01089/FULL — 2 Royal Exchange Buildings London EC3V 3LF
2026-10-02 13:18:35 INFO LEAD new: [Permitted] City/23/01088/MDC — Salisbury House 31 Finsbury Circus London EC2M 5SQ
2026-10-02 13:18:41 INFO [city-of-london/Conditions] page at offset 0: 0 records
2026-10-02 13:18:48 INFO [city-of-london/Undecided] page at offset 0: 100 records
2026-10-02 13:19:10 INFO [city-of-london/Undecided] page at offset 100: 100 records
2026-10-02 13:19:41 INFO [city-of-london/Undecided] page at offset 200: 100 records
2026-10-02 13:19:59 INFO [city-of-london/Undecided] page at offset 300: 100 records
2026-10-02 13:20:23 INFO [city-of-london/Undecided] page at offset 400: 100 records
2026-10-02 13:20:49 WARNING Rate limited (429); waiting 311s before retry 1/6
2026-10-02 13:26:01 INFO [city-of-london/Undecided] page at offset 500: 100 records
2026-10-02 13:26:18 INFO [city-of-london/Undecided] page at offset 600: 100 records
2026-10-02 13:26:44 INFO [city-of-london/Undecided] page at offset 700: 100 records
2026-10-02 13:27:05 INFO [city-of-london/Undecided] page at offset 800: 100 records
2026-10-02 13:27:40 INFO [city-of-london/Undecided] page at offset 900: 100 records
2026-10-02 13:28:02 INFO [city-of-london/Undecided] page at offset 1000: 100 records
2026-10-02 13:28:30 INFO [city-of-london/Undecided] page at offset 1100: 2 records
2026-10-02 13:28:41 INFO Done. fetched=4175 newly_tracked=1097 leads_added=3062 leads_updated=0
