2026-10-01 12:47:59 INFO Window: 2023-10-01 -> 2026-10-01 | areas: westminster
2026-10-01 12:48:20 INFO [westminster/Permitted] page at offset 0: 100 records
2026-10-01 12:48:20 INFO LEAD new: [Permitted] Westminster/26/05944/ADFULL — 10 Chapel Street London SW1X 7BY
2026-10-01 12:48:20 INFO LEAD new: [Permitted] Westminster/26/05847/ADLBC — 118 Cambridge Street London SW1V 4QF
2026-10-01 12:48:20 INFO LEAD new: [Permitted] Westminster/26/05376/ADLBC — 1B - 1C Tottenham Court Road London W1T 1BB
2026-10-01 12:48:20 INFO LEAD new: [Permitted] Westminster/26/05382/ADFULL — 456 - 472 Oxford Street London W1C 1AP
2026-10-01 12:48:20 INFO LEAD new: [Permitted] Westminster/26/05178/AADV — Niketown 236 Oxford Street London W1C 1DE
2026-10-01 12:48:20 INFO LEAD new: [Permitted] Westminster/26/05150/ADFULL — 17 Alexander Street London W2 5NT
2026-10-01 12:48:20 INFO LEAD new: [Permitted] Westminster/26/05955/TELNOT — 135 Inverness Terrace London W2 6JF
2026-10-01 12:48:20 INFO LEAD new: [Permitted] Westminster/26/05113/NMA — Parliamentary Estate Parliament Street London SW1A 2NU
2026-10-01 12:48:20 INFO LEAD new: [Permitted] Westminster/26/05096/ADLBC — The Ritz Hotel 150 - 156 Piccadilly London W1J 9BR
2026-10-01 12:48:20 INFO LEAD new: [Permitted] Westminster/26/05006/ADFULL — South West Wing Bush House Strand London WC2B 4RD
2026-10-01 12:48:20 INFO LEAD new: [Permitted] Westminster/26/04982/ADFULL — 87A St John's Wood Terrace London NW8 6PY
2026-10-01 12:48:20 INFO LEAD new: [Permitted] Westminster/26/04843/ADLBC — New Zealand House 80 Haymarket London SW1Y 4TE
2026-10-01 12:48:20 INFO LEAD new: [Permitted] Westminster/26/04824/ADFULL — New Zealand House 80 Haymarket London SW1Y 4TE
2026-10-01 12:48:20 INFO LEAD new: [Permitted] Westminster/26/04851/ADV — 192 Baker Street London NW1 5RT
2026-10-01 12:48:20 INFO LEAD new: [Permitted] Westminster/26/04841/ADFULL — 29 Henstridge Place London NW8 6QD
2026-10-01 12:48:20 INFO LEAD new: [Permitted] Westminster/26/04829/ADFULL — New Zealand House 80 Haymarket London SW1Y 4TE
2026-10-01 12:48:20 INFO LEAD new: [Permitted] Westminster/26/04860/ADLBC — New Zealand House 80 Haymarket London SW1Y 4TE
2026-10-01 12:48:20 INFO LEAD new: [Permitted] Westminster/26/04764/ADV — 409 - 410 Strand London WC2R 0NS
2026-10-01 12:48:21 INFO LEAD new: [Permitted] Westminster/26/04688/TELNOT — Tresco House 65 Lisson Grove London NW1 6UH
2026-10-01 12:48:21 INFO LEAD new: [Permitted] Westminster/26/04480/NMA — Development Site At 180 Piccadilly And 48 To 50 Jermyn Stree
2026-10-01 12:48:21 INFO LEAD new: [Permitted] Westminster/26/03931/ADV — Royal Geographical Society 1 Kensington Gore London SW7 2AR
2026-10-01 12:48:21 INFO LEAD new: [Permitted] Westminster/26/03842/TELNOT — 80 Bravington Road London W9 3AJ
2026-10-01 12:48:21 INFO LEAD new: [Permitted] Westminster/26/03780/AADV — Niketown 236 Oxford Street London W1C 1DE
2026-10-01 12:48:21 INFO LEAD new: [Permitted] Westminster/26/03768/ADFULL — 4 Biddulph Road London W9 1JB
2026-10-01 12:48:21 INFO LEAD new: [Permitted] Westminster/26/03769/TELNOT — Kensington Road London
2026-10-01 12:48:21 INFO LEAD new: [Permitted] Westminster/26/03770/TELNOT — British Telecom 41 - 43 Townshend Road London NW8 6LL
2026-10-01 12:48:21 INFO LEAD new: [Permitted] Westminster/26/03716/OBS — Houndsditch City Of London London EC3A 7BD
2026-10-01 12:48:21 INFO LEAD new: [Permitted] Westminster/26/04486/ADV — 6 King Street Covent Garden London
2026-10-01 12:48:21 INFO LEAD new: [Permitted] Westminster/26/03684/TELNOT — 16 Stanhope Terrace London W2 2SH
2026-10-01 12:48:21 INFO LEAD new: [Permitted] Westminster/26/03527/TELNOT — London Diocesan House 36 Causton Street London SW1P 4AU
2026-10-01 12:48:21 INFO LEAD new: [Permitted] Westminster/26/03489/ADFULL — Development Site At 268-282 Vauxhall Bridge Road London
2026-10-01 12:48:21 INFO LEAD new: [Permitted] Westminster/26/03463/TELNOT — Forset Court Edgware Road London W2 2RD
2026-10-01 12:48:21 INFO LEAD new: [Permitted] Westminster/26/03418/ADLBC — 72 - 74 Lancaster Gate London W2 3NH
2026-10-01 12:48:21 INFO LEAD new: [Permitted] Westminster/26/03389/TELNOT — Paddington Fire Station 156 Harrow Road London W2 6NL
2026-10-01 12:48:21 INFO LEAD new: [Permitted] Westminster/26/03300/COGADF — Land Bound By Edgware Rd, Boscobel St, Penfold St, Church St
2026-10-01 12:48:21 INFO LEAD new: [Permitted] Westminster/26/03359/TELNOT — 55 - 59 Oxford Street London W1R 1RD
2026-10-01 12:48:21 INFO LEAD new: [Permitted] Westminster/26/03064/LBC — The Albert 52 Victoria Street London SW1H 0NP
2026-10-01 12:48:21 INFO LEAD new: [Permitted] Westminster/26/03324/TELNOT — Griffith House 280 Old Marylebone Road London NW1 5RJ
2026-10-01 12:48:21 INFO LEAD new: [Permitted] Westminster/26/02929/NMA — Top Flat 48 St Stephen's Gardens London W2 5NJ
2026-10-01 12:48:21 INFO LEAD new: [Permitted] Westminster/26/02623/NMA — Underground Car Park Cavendish Square London W1G 0PG
2026-10-01 12:48:21 INFO LEAD new: [Permitted] Westminster/26/02607/ADFULL — St Johns Wood Barracks Ordnance Hill London NW8 6PT
2026-10-01 12:48:21 INFO LEAD new: [Permitted] Westminster/26/02515/ADLBC — 15 South Molton Street London W1K 5QR
2026-10-01 12:48:21 INFO LEAD new: [Permitted] Westminster/26/02745/TELNOT — Telephone Exchange 742 Harrow Road London W10 4NB
2026-10-01 12:48:21 INFO LEAD new: [Permitted] Westminster/26/02284/ADV — 40 Wellington Road London NW8 9TJ
2026-10-01 12:48:21 INFO LEAD new: [Permitted] Westminster/26/02194/ADFULL — 34 Old Queen Street London SW1H 9HP
2026-10-01 12:48:21 INFO LEAD new: [Permitted] Westminster/26/02078/ADV — Basement And Ground Floor 16 Warwick Way London SW1V 1RX
2026-10-01 12:48:21 INFO LEAD new: [Permitted] Westminster/26/02478/TELNOT — Forset Court Edgware Road London W2 2RD
2026-10-01 12:48:21 INFO LEAD new: [Permitted] Westminster/26/02027/ADV — Kings Arms 2 Shepherd Market London W1J 7QA
2026-10-01 12:48:21 INFO LEAD new: [Permitted] Westminster/26/01907/LBC — 22 Norfolk Road London NW8 6HG
2026-10-01 12:48:21 INFO LEAD new: [Permitted] Westminster/26/01826/ADFULL — 171 Victoria Street London SW1E 5NN
2026-10-01 12:48:21 INFO LEAD new: [Permitted] Westminster/26/01712/ADV — 4 Leicester Street London WC2H 7BL
2026-10-01 12:48:21 INFO LEAD new: [Permitted] Westminster/26/01711/FULL — 4 Leicester Street London WC2H 7BL
2026-10-01 12:48:21 INFO LEAD new: [Permitted] Westminster/26/01636/OBS — 1 - 2 Citadel Place Lambeth London SE11 5EF
2026-10-01 12:48:21 INFO LEAD new: [Permitted] Westminster/26/01997/TELNOT — Strand Palace Hotel 372 Strand London WC2R 0JJ
2026-10-01 12:48:21 INFO LEAD new: [Permitted] Westminster/26/01998/TELNOT — Strand Palace Hotel 372 Strand London WC2R 0JJ
2026-10-01 12:48:21 INFO LEAD new: [Permitted] Westminster/26/01605/LBC — Flat 4 189 Sussex Gardens London W2 2RH
2026-10-01 12:48:27 INFO [westminster/Permitted] page at offset 100: 100 records
2026-10-01 12:48:27 INFO LEAD new: [Permitted] Westminster/26/01509/ADFULL — 54 Chester Square London SW1W 9EA
2026-10-01 12:48:27 INFO LEAD new: [Permitted] Westminster/26/01484/LBC — Flat 8 6 Savoy Court London WC2R 0EY
2026-10-01 12:48:27 INFO LEAD new: [Permitted] Westminster/26/01481/ADFULL — First Floor Flat 75 - 77 Elizabeth Street London SW1W 9PJ
2026-10-01 12:48:27 INFO LEAD new: [Permitted] Westminster/26/01482/ADLBC — First Floor Flat 75 - 77 Elizabeth Street London SW1W 9PJ
2026-10-01 12:48:28 INFO LEAD new: [Permitted] Westminster/26/01472/ADFULL — 40 - 46 Brook Street West End London W1K 5DB
2026-10-01 12:48:28 INFO LEAD new: [Permitted] Westminster/26/01486/LBC — 18 Seymour Street London W1H 7HU
2026-10-01 12:48:28 INFO LEAD new: [Permitted] Westminster/26/01493/LBC — Flat 93 Dorset House Gloucester Place London NW1 5AF
2026-10-01 12:48:28 INFO LEAD new: [Permitted] Westminster/26/01495/CLEUD — Beethoven Centre Third Avenue London
2026-10-01 12:48:28 INFO LEAD new: [Permitted] Westminster/26/01475/ADV — 6 Dering Street London W1S 1AD
2026-10-01 12:48:28 INFO LEAD new: [Permitted] Westminster/26/01463/ADV — 21 - 22 Coventry Street London W1D 7AE
2026-10-01 12:48:28 INFO LEAD new: [Permitted] Westminster/26/01446/LBC — Development Site At Chelsea Barracks Chelsea Bridge Road Lon
2026-10-01 12:48:28 INFO LEAD new: [Permitted] Westminster/26/01387/ADV — Marlborough Head 24 North Audley Street London W1K 6WD
2026-10-01 12:48:28 INFO LEAD new: [Permitted] Westminster/26/01807/ADLBC — 24 Bloomfield Terrace London SW1W 8PQ
2026-10-01 12:48:28 INFO LEAD new: [Permitted] Westminster/26/01399/ADFULL — 24 Bloomfield Terrace London SW1W 8PQ
2026-10-01 12:48:28 INFO LEAD new: [Permitted] Westminster/26/01999/TELNOT — Hope House 45 Great Peter Street London SW1P 3LT
2026-10-01 12:48:28 INFO LEAD new: [Permitted] Westminster/26/01282/FULL — Ground Flat 48 Blomfield Road London W9 2PD
2026-10-01 12:48:28 INFO LEAD new: [Permitted] Westminster/26/01250/ADV — 30 Dover Street London W1S 4NB
2026-10-01 12:48:28 INFO LEAD new: [Permitted] Westminster/26/01238/ADFULL — 16D Abercorn Place NW8 9XP
2026-10-01 12:48:28 INFO LEAD new: [Permitted] Westminster/26/01241/ADV — Prince Edward Theatre 28 Old Compton Street London W1D 4HS
2026-10-01 12:48:28 INFO LEAD new: [Permitted] Westminster/26/01220/ADV — West End House 91 - 92 Dean Street London W1D 3SY
2026-10-01 12:48:28 INFO LEAD new: [Permitted] Westminster/26/01224/ADFULL — 37 Lanark Road London W9 1DE
2026-10-01 12:48:28 INFO LEAD new: [Permitted] Westminster/26/01212/NMA — 3 Berwick Street London W1F 0DR
2026-10-01 12:48:28 INFO LEAD new: [Permitted] Westminster/26/01228/ADFULL — Site At 1 - 15 Portsea Mews London W2 2BN
2026-10-01 12:48:28 INFO LEAD new: [Permitted] Westminster/26/01938/ADLBC — Tate Britain Millbank London SW1P 4RG
2026-10-01 12:48:28 INFO LEAD new: [Permitted] Westminster/26/01225/LBC — 52 Eaton Place London SW1X 8AL
2026-10-01 12:48:28 INFO LEAD new: [Permitted] Westminster/26/01244/FULL — 8 - 9 Dover Street London W1S 4LF
2026-10-01 12:48:28 INFO LEAD new: [Permitted] Westminster/26/02001/TELNOT — St Marys Hospital South Wharf Road London W2 1BL
2026-10-01 12:48:28 INFO LEAD new: [Permitted] Westminster/26/01210/ADLBC — Flat 3 35 Hyde Park Square London W2 2NW
2026-10-01 12:48:28 INFO LEAD new: [Permitted] Westminster/26/01208/FULL — 11 Thornton Place London W1H 1FG
2026-10-01 12:48:28 INFO LEAD new: [Permitted] Westminster/26/01200/LBC — Flat 1 51 Mount Street London W1K 2SB
2026-10-01 12:48:28 INFO LEAD new: [Permitted] Westminster/26/01211/ADLBC — 16D Abercorn Place NW8 9XP
2026-10-01 12:48:28 INFO LEAD new: [Permitted] Westminster/26/01187/FULL — 41 - 43 Bell Street London NW1 5BY
2026-10-01 12:48:28 INFO LEAD new: [Permitted] Westminster/26/01197/ADFULL — 95 New Cavendish Street London W1W 6XF
2026-10-01 12:48:28 INFO LEAD new: [Permitted] Westminster/26/01190/ADV — 1 Portman Square London W1H 6DG
2026-10-01 12:48:28 INFO LEAD new: [Permitted] Westminster/26/01188/ADFULL — 62 - 64 Horseferry Road London SW1P 2AF
2026-10-01 12:48:28 INFO LEAD new: [Permitted] Westminster/26/01185/ADFULL — Tate Britain Millbank London SW1P 4RG
2026-10-01 12:48:28 INFO LEAD new: [Permitted] Westminster/26/01201/ADLBC — 15 Upper Wimpole Street London W1G 6LS
2026-10-01 12:48:28 INFO LEAD new: [Permitted] Westminster/26/01209/ADV — Basement And Ground Floor 522 Oxford Street London W1C 1LL
2026-10-01 12:48:28 INFO LEAD new: [Permitted] Westminster/26/01162/NMA — Development Site At 2-6 Stanhope Row, 16 Stanhope Row, 36-37
2026-10-01 12:48:28 INFO LEAD new: [Permitted] Westminster/26/01161/ADLBC — 1 Hanover Street London W1S 1YZ
2026-10-01 12:48:28 INFO LEAD new: [Permitted] Westminster/26/01145/P3JPA — Stone House 9 Weymouth Street London W1W 6DB
2026-10-01 12:48:28 INFO LEAD new: [Permitted] Westminster/26/01144/ADV — 3 Berwick Street London W1F 0DR
2026-10-01 12:48:28 INFO LEAD new: [Permitted] Westminster/26/01167/ADFULL — New Zealand House 80 Haymarket London SW1Y 4TE
2026-10-01 12:48:28 INFO LEAD new: [Permitted] Westminster/26/01169/LBC — 170 New Bond Street London W1S 4RB
2026-10-01 12:48:28 INFO LEAD new: [Permitted] Westminster/26/01165/ADV — 26 Old Bond Street London W1S 4QD
2026-10-01 12:48:28 INFO LEAD new: [Permitted] Westminster/26/01149/CLOPUD — 37 Clifton Gardens London W9 1AR
2026-10-01 12:48:28 INFO LEAD new: [Permitted] Westminster/26/01159/ADV — 27 - 35 Mortimer Street London W1T 3BL
2026-10-01 12:48:28 INFO LEAD new: [Permitted] Westminster/26/01912/ADLBC — New Zealand House 80 Haymarket London SW1Y 4TE
2026-10-01 12:48:28 INFO LEAD new: [Permitted] Westminster/26/01166/ADLBC — 41 Manchester Street London W1U 7LN
2026-10-01 12:48:28 INFO LEAD new: [Permitted] Westminster/26/01913/ADLBC — New Zealand House 80 Haymarket London SW1Y 4TE
2026-10-01 12:48:28 INFO LEAD new: [Permitted] Westminster/26/01110/ADFULL — Grosvenor Square Gardens Grosvenor Square London W1K 6LD
2026-10-01 12:48:28 INFO LEAD new: [Permitted] Westminster/26/01119/LBC — 2 - 3 Robert Street London WC2N 6BH
2026-10-01 12:48:28 INFO LEAD new: [Permitted] Westminster/26/01136/FULL — 9 Leinster Mews London W2 3EY
2026-10-01 12:48:28 INFO LEAD new: [Permitted] Westminster/26/01107/ADFULL — Temple Station Victoria Embankment London WC2R 2PH
2026-10-01 12:48:28 INFO LEAD new: [Permitted] Westminster/26/01131/ADFULL — Development Site At Carrington Street Car Park, 51-53 Brick 
2026-10-01 12:48:28 INFO LEAD new: [Permitted] Westminster/26/01142/LBC — 20 Portsea Place London W2 2BL
2026-10-01 12:48:28 INFO LEAD new: [Permitted] Westminster/26/01102/ADV — 36 Marylebone High Street London W1U 4QD
2026-10-01 12:48:28 INFO LEAD new: [Permitted] Westminster/26/01114/ADFULL — 6 - 10 Bruton Street London W1J 6PU
2026-10-01 12:48:28 INFO LEAD new: [Permitted] Westminster/26/01106/ADFULL — 24 Warwick Avenue London W9 2PT
2026-10-01 12:48:28 INFO LEAD new: [Permitted] Westminster/26/01085/ADFULL — Site At 1 - 15 Portsea Mews London W2 2BN
2026-10-01 12:48:28 INFO LEAD new: [Permitted] Westminster/26/01080/ADFULL — 8 - 9 Berkeley Street London W1J 8DW
2026-10-01 12:48:28 INFO LEAD new: [Permitted] Westminster/26/01082/ADFULL — 9 Clifford Street London W1S 2FT
2026-10-01 12:48:28 INFO LEAD new: [Permitted] Westminster/26/01094/TCH — 1 Woodstock Street London W1C 2AA
2026-10-01 12:48:28 INFO LEAD new: [Permitted] Westminster/26/01090/ADLBC — 25 - 31 Wellington Street London WC2E 7DD
2026-10-01 12:48:28 INFO LEAD new: [Permitted] Westminster/26/01086/ADFULL — Development Site At 268-282 Vauxhall Bridge Road London
2026-10-01 12:48:28 INFO LEAD new: [Permitted] Westminster/26/01072/LBC — 13 Cunningham Place London NW8 8JT
2026-10-01 12:48:28 INFO LEAD new: [Permitted] Westminster/26/01060/ADV — 127 Edgware Road London W2 2HS
2026-10-01 12:48:28 INFO LEAD new: [Permitted] Westminster/26/01064/ADLBC — Dover House Whitehall London SW1A 2AU
2026-10-01 12:48:28 INFO LEAD new: [Permitted] Westminster/26/01065/ADFULL — Flat 1 187 Bravington Road London W9 3AR
2026-10-01 12:48:28 INFO LEAD new: [Permitted] Westminster/26/01066/NMA — 42 - 44 Beak Street London W1F 9RH
2026-10-01 12:48:28 INFO LEAD new: [Permitted] Westminster/26/01058/CLEUD — 70 Park Street London W1K 2JT
2026-10-01 12:48:28 INFO LEAD new: [Permitted] Westminster/26/01039/ADFULL — 24 Upper Wimpole Street London W1G 6NE
2026-10-01 12:48:28 INFO LEAD new: [Permitted] Westminster/26/01041/NMA — 26 Berwick Street London W1F 8RG
2026-10-01 12:48:28 INFO LEAD new: [Permitted] Westminster/26/01044/FULL — 180 Ashley Gardens Emery Hill Street London SW1P 1PD
2026-10-01 12:48:28 INFO LEAD new: [Permitted] Westminster/26/01032/CLOPUD — 1 Eaton Place London SW1X 8BN
2026-10-01 12:48:28 INFO LEAD new: [Permitted] Westminster/26/01037/ADFULL — 14 St James's Square London SW1Y 4LG
2026-10-01 12:48:28 INFO LEAD new: [Permitted] Westminster/26/01737/ADLBC — 14 St James's Square London SW1Y 4LG
2026-10-01 12:48:28 INFO LEAD new: [Permitted] Westminster/26/01042/ADFULL — 1 - 4 Eaton Mews West London SW1W 9ET
2026-10-01 12:48:28 INFO LEAD new: [Permitted] Westminster/26/01049/ADV — Two Chairmen 39 Dartmouth Street London SW1H 9BP
2026-10-01 12:48:28 INFO LEAD new: [Permitted] Westminster/26/01033/ADFULL — 23 Grafton Street London W1S 4EY
2026-10-01 12:48:28 INFO LEAD new: [Permitted] Westminster/26/01036/ADFULL — Site At 94 Piccadilly, 95 Piccadilly, 12 White Horse Street,
2026-10-01 12:48:28 INFO LEAD new: [Permitted] Westminster/26/01040/LBC — Royal Courts Of Justice Strand London WC2A 2LL
2026-10-01 12:48:28 INFO LEAD new: [Permitted] Westminster/26/01025/ADLBC — 23 Grafton Street London W1S 4EY
2026-10-01 12:48:28 INFO LEAD new: [Permitted] Westminster/26/01011/LBC — The Lyceum Theatre 17 - 21 Wellington Street London WC2E 7RQ
2026-10-01 12:48:28 INFO LEAD new: [Permitted] Westminster/26/00984/NMA — Northumberland House 155 - 157 Great Portland Street London 
2026-10-01 12:48:28 INFO LEAD new: [Permitted] Westminster/26/00998/NMA — 37 Berwick Street London W1F 8RS
2026-10-01 12:48:28 INFO LEAD new: [Permitted] Westminster/26/00982/LBC — 67 Eaton Place London SW1X 8DF
2026-10-01 12:48:28 INFO LEAD new: [Permitted] Westminster/26/00985/LBC — Gardens South Central Eaton Square London SW1W 9DA
2026-10-01 12:48:28 INFO LEAD new: [Permitted] Westminster/26/00981/FULL — 67 Eaton Place London SW1X 8DF
2026-10-01 12:48:28 INFO LEAD new: [Permitted] Westminster/26/00992/AD7 — 2 Cavendish Square London W1G 0PA
2026-10-01 12:48:28 INFO LEAD new: [Permitted] Westminster/26/01014/ADFULL — 56 Queen's Gardens London W2 3AF
2026-10-01 12:48:29 INFO LEAD new: [Permitted] Westminster/26/00986/ADFULL — Development Site At 18 - 20 Savile Row London
2026-10-01 12:48:35 INFO [westminster/Permitted] page at offset 200: 100 records
2026-10-01 12:48:35 INFO LEAD new: [Permitted] Westminster/26/00962/NMA — 25 Taunton Place London NW1 6HB
2026-10-01 12:48:35 INFO LEAD new: [Permitted] Westminster/26/00944/ADV — Development Site At 4 And 5 Audley Square, 5-7 Waverton St, 
2026-10-01 12:48:35 INFO LEAD new: [Permitted] Westminster/26/00975/ADFULL — 16 - 16A Churton Street London SW1V 2LL
2026-10-01 12:48:35 INFO LEAD new: [Permitted] Westminster/26/00978/AD7 — 44 Welbeck Street London W1G 8DY
2026-10-01 12:48:35 INFO LEAD new: [Permitted] Westminster/26/00940/ADLBC — Orbis House 5 Mansfield Street London W1G 9NG
2026-10-01 12:48:35 INFO LEAD new: [Permitted] Westminster/26/02003/TELNOT — St Marys Hospital South Wharf Road London W2 1BL
2026-10-01 12:48:35 INFO LEAD new: [Permitted] Westminster/26/00968/ADV — 51 Dean Street London W1D 5BH
2026-10-01 12:48:35 INFO LEAD new: [Permitted] Westminster/26/00954/ADFULL — Orbis House 5 Mansfield Street London W1G 9NG
2026-10-01 12:48:35 INFO LEAD new: [Permitted] Westminster/26/00972/ADFULL — St Johns Wood Barracks Ordnance Hill London NW8 6PT
2026-10-01 12:48:35 INFO LEAD new: [Permitted] Westminster/26/00976/AD7 — Bridle House 36 Bridle Lane London W1F 9BZ
2026-10-01 12:48:35 INFO LEAD new: [Permitted] Westminster/26/00941/FULL — 193A Portnall Road London W9 3BN
2026-10-01 12:48:35 INFO LEAD new: [Permitted] Westminster/26/00977/AD7 — 12 Soho Square London W1D 3QF
2026-10-01 12:48:35 INFO LEAD new: [Permitted] Westminster/26/00969/ADFULL — Development Site At 8-10 Grafton Street, 11-14 Grafton Stree
2026-10-01 12:48:35 INFO LEAD new: [Permitted] Westminster/25/09388/ADLBC — 1 Connaught Place London W2 2ET
2026-10-01 12:48:35 INFO LEAD new: [Permitted] Westminster/26/01536/FULL — 1 A Block Albany W1J 0AL
2026-10-01 12:48:35 INFO LEAD new: [Permitted] Westminster/26/01537/LBC — 1 A Block Albany W1J 0AL
2026-10-01 12:48:35 INFO LEAD new: [Permitted] Westminster/26/00921/ADLBC — 9 Clifford Street London W1S 2FT
2026-10-01 12:48:35 INFO LEAD new: [Permitted] Westminster/26/00920/ADFULL — 23 Rose Street London WC2E 9EA
2026-10-01 12:48:35 INFO LEAD new: [Permitted] Westminster/26/00923/ADFULL — 35 - 37 Lincoln's Inn Fields London WC2A 3PE
2026-10-01 12:48:35 INFO LEAD new: [Permitted] Westminster/26/00909/LBC — Clement House 99 - 101 Aldwych London WC2B 4JF
2026-10-01 12:48:35 INFO LEAD new: [Permitted] Westminster/26/00917/FULL — 8 Albert Court Prince Consort Road London SW7 2BE
2026-10-01 12:48:35 INFO LEAD new: [Permitted] Westminster/26/00908/FULL — Clement House 99 - 101 Aldwych London WC2B 4JF
2026-10-01 12:48:35 INFO LEAD new: [Permitted] Westminster/26/00893/ADFULL — 6 Rutland Court Rutland Gardens London SW7 1BN
2026-10-01 12:48:35 INFO LEAD new: [Permitted] Westminster/26/00869/LBC — 31 Chester Street London SW1X 7BL
2026-10-01 12:48:35 INFO LEAD new: [Permitted] Westminster/26/00819/ADFULL — Pegasus House 37 - 43 Sackville Street London W1S 3EH
2026-10-01 12:48:35 INFO LEAD new: [Permitted] Westminster/26/00823/LBC — Basement To Ground Floor 26 Pimlico Road London SW1W 8LJ
2026-10-01 12:48:35 INFO LEAD new: [Permitted] Westminster/26/00822/FULL — Basement To Ground Floor 26 Pimlico Road London SW1W 8LJ
2026-10-01 12:48:35 INFO LEAD new: [Permitted] Westminster/26/00827/ADLBC — Warwick House Stable Yard Road London SW1A 1BD
2026-10-01 12:48:35 INFO LEAD new: [Permitted] Westminster/26/00816/ADFULL — Pegasus House 37 - 43 Sackville Street London W1S 3EH
2026-10-01 12:48:35 INFO LEAD new: [Permitted] Westminster/26/00814/ADLBC — 51 Upper Montagu Street London W1H 1FQ
2026-10-01 12:48:35 INFO LEAD new: [Permitted] Westminster/26/00813/LBC — Maisonette Basement And Ground Floor Flat 59 Eaton Place Lon
2026-10-01 12:48:35 INFO LEAD new: [Permitted] Westminster/26/02008/TELNOT — Dolphin Square Hotel Dolphin Square London SW1V 3LX
2026-10-01 12:48:35 INFO LEAD new: [Permitted] Westminster/26/00806/ADFULL — 171 Victoria Street London SW1E 5NN
2026-10-01 12:48:35 INFO LEAD new: [Permitted] Westminster/26/02006/TELNOT — Royal Lancaster Hotel Lancaster Terrace London W2 2TY
2026-10-01 12:48:35 INFO LEAD new: [Permitted] Westminster/26/02007/TELNOT — Aberdeen Place
2026-10-01 12:48:35 INFO LEAD new: [Permitted] Westminster/26/00801/FULL — Flat F 46 St George's Drive London SW1V 4BT
2026-10-01 12:48:35 INFO LEAD new: [Permitted] Westminster/26/00788/FULL — 28 Berkeley Square London W1J 6HD
2026-10-01 12:48:35 INFO LEAD new: [Permitted] Westminster/26/00794/LBC — Flat 7 Crofton House 1 New Cavendish Street London W1G 8US
2026-10-01 12:48:35 INFO LEAD new: [Permitted] Westminster/26/00791/FULL — 21 Abbey Gardens London NW8 9AS
2026-10-01 12:48:35 INFO LEAD new: [Permitted] Westminster/26/00799/CLOPUD — Flat 4 104 Shirland Road London W9 2EQ
2026-10-01 12:48:35 INFO LEAD new: [Permitted] Westminster/26/00757/FULL — Flat I And Flat J 48 Berkeley Square London W1J 5AX
2026-10-01 12:48:35 INFO LEAD new: [Permitted] Westminster/26/00773/LBC — 138 Regent Street London W1B 5SG
2026-10-01 12:48:35 INFO LEAD new: [Permitted] Westminster/26/00774/FULL — 5 - 6 Wellington Place London NW8 7PB
2026-10-01 12:48:35 INFO LEAD new: [Permitted] Westminster/26/00761/LBC — 34 Rutland Gate London SW7 1PD
2026-10-01 12:48:35 INFO LEAD new: [Permitted] Westminster/26/00767/FULL — Hotel Inter-Continental 1 Hamilton Place London W1J 7QY
2026-10-01 12:48:35 INFO LEAD new: [Permitted] Westminster/26/00777/ADV — 138 Regent Street London W1B 5SG
2026-10-01 12:48:35 INFO LEAD new: [Permitted] Westminster/26/00743/FULL — 151A Ashmore Road London W9 3DA
2026-10-01 12:48:35 INFO LEAD new: [Permitted] Westminster/26/00759/ADFULL — The Ritz Hotel 150 - 156 Piccadilly London W1J 9BR
2026-10-01 12:48:35 INFO LEAD new: [Permitted] Westminster/26/00744/FULL — 6C Winchester Street London SW1V 4ND
2026-10-01 12:48:35 INFO LEAD new: [Permitted] Westminster/26/00741/COLBC — Hallfield Primary School Porchester Gardens London W2 6JJ
2026-10-01 12:48:35 INFO LEAD new: [Permitted] Westminster/26/00765/ADV — Ground Floor 488 Oxford Street London W1C 1LE
2026-10-01 12:48:35 INFO LEAD new: [Permitted] Westminster/26/00752/ADFULL — Development Site Bound By Brook Street, Davies Street And So
2026-10-01 12:48:35 INFO LEAD new: [Permitted] Westminster/26/00745/CLOPUD — 21 Belgrave Gardens London NW8 0QY
2026-10-01 12:48:35 INFO LEAD new: [Permitted] Westminster/26/00778/ADFULL — 30 Grosvenor Square London W1K 6AN
2026-10-01 12:48:35 INFO LEAD new: [Permitted] Westminster/26/00756/ADV — 1 Cavendish Square London W1G 0LA
2026-10-01 12:48:35 INFO LEAD new: [Permitted] Westminster/26/00746/FULL — 76 Warwick Avenue London W9 2PU
2026-10-01 12:48:35 INFO LEAD new: [Permitted] Westminster/26/00768/ADLBC — 30 Grosvenor Square London W1K 6AN
2026-10-01 12:48:35 INFO LEAD new: [Permitted] Westminster/26/00740/COFUL — Hallfield Primary School Porchester Gardens London W2 6JJ
2026-10-01 12:48:35 INFO LEAD new: [Permitted] Westminster/26/00722/NMA — The Westbury Hotel 37 Conduit Street London W1S 2YF
2026-10-01 12:48:35 INFO LEAD new: [Permitted] Westminster/26/00725/ADFULL — West One Shopping Centre 381 Oxford Street London W1C 2JS
2026-10-01 12:48:35 INFO LEAD new: [Permitted] Westminster/26/00721/NMA — The Westbury Hotel 37 Conduit Street London W1S 2YF
2026-10-01 12:48:35 INFO LEAD new: [Permitted] Westminster/26/00720/ADV — The Westbury Hotel 37 Conduit Street London W1S 2YF
2026-10-01 12:48:35 INFO LEAD new: [Permitted] Westminster/26/00730/ADLBC — 36 Hertford Street London W1J 7SE
2026-10-01 12:48:35 INFO LEAD new: [Permitted] Westminster/26/00729/ADLBC — 36 Hertford Street London W1J 7SE
2026-10-01 12:48:35 INFO LEAD new: [Permitted] Westminster/26/00728/ADLBC — Princess Mary Adelaide House 19 Paddington Green London W2 1
2026-10-01 12:48:35 INFO LEAD new: [Permitted] Westminster/26/00713/ADFULL — 15 Upper Wimpole Street London W1G 6LS
2026-10-01 12:48:35 INFO LEAD new: [Permitted] Westminster/26/00712/ADFULL — 15 Upper Wimpole Street London W1G 6LS
2026-10-01 12:48:35 INFO LEAD new: [Permitted] Westminster/26/00726/ADFULL — West One Shopping Centre 381 Oxford Street London W1C 2JS
2026-10-01 12:48:35 INFO LEAD new: [Permitted] Westminster/26/00719/ADFULL — 1 Hanover Street London W1S 1YZ
2026-10-01 12:48:36 INFO LEAD new: [Permitted] Westminster/26/00727/ADFULL — 144 Praed Street London W2 1HU
2026-10-01 12:48:36 INFO LEAD new: [Permitted] Westminster/26/00736/ADFULL — Development Site Bound By Brook Street, Davies Street And So
2026-10-01 12:48:36 INFO LEAD new: [Permitted] Westminster/26/00708/ADFULL — 43 - 45 Portman Square London W1H 6LY
2026-10-01 12:48:36 INFO LEAD new: [Permitted] Westminster/26/00705/ADLBC — 15 Upper Wimpole Street London W1G 6LS
2026-10-01 12:48:36 INFO LEAD new: [Permitted] Westminster/26/02012/TELNOT — 5 Golden Square London W1F 9HT
2026-10-01 12:48:36 INFO LEAD new: [Permitted] Westminster/26/01248/CLLB — Flat 76 Edric House Page Street London SW1P 4ES
2026-10-01 12:48:36 INFO LEAD new: [Permitted] Westminster/26/00710/ADFULL — 43 - 45 Portman Square London W1H 6LY
2026-10-01 12:48:36 INFO LEAD new: [Permitted] Westminster/26/00700/ADLBC — 1 Hanover Street London W1S 1YZ
2026-10-01 12:48:36 INFO LEAD new: [Permitted] Westminster/26/00709/ADFULL — 43 - 45 Portman Square London W1H 6LY
2026-10-01 12:48:36 INFO LEAD new: [Permitted] Westminster/26/00695/NMA — Serpentine Gallery Kensington Gardens Exhibition Road London
2026-10-01 12:48:36 INFO LEAD new: [Permitted] Westminster/26/00691/ADLBC — 6 - 7 Grosvenor Place London
2026-10-01 12:48:36 INFO LEAD new: [Permitted] Westminster/26/00707/ADFULL — Dev Site At 19-35 Baker Street, 88-110 George Street, 69-71 
2026-10-01 12:48:36 INFO LEAD new: [Permitted] Westminster/26/00683/AADV — Niketown 236 Oxford Street London W1C 1DE
2026-10-01 12:48:36 INFO LEAD new: [Permitted] Westminster/26/00688/ADFULL — 134 Oxford Street London W1D 1LU
2026-10-01 12:48:36 INFO LEAD new: [Permitted] Westminster/26/01246/CLLB — 36 Cropthorne Court 20 - 28 Maida Vale London W9 1TA
2026-10-01 12:48:36 INFO LEAD new: [Permitted] Westminster/26/00661/LBC — 6 - 7 Grosvenor Place London
2026-10-01 12:48:36 INFO LEAD new: [Permitted] Westminster/26/00655/FULL — 31 Culross Street London W1K 7HF
2026-10-01 12:48:36 INFO LEAD new: [Permitted] Westminster/26/00663/ADLBC — 17 Sutherland Street London SW1V 4JU
2026-10-01 12:48:36 INFO LEAD new: [Permitted] Westminster/26/00656/NMA — 33 Jermyn Street London SW1Y 6DN
2026-10-01 12:48:36 INFO LEAD new: [Permitted] Westminster/26/01245/FULL — 20 Crown Passage London SW1Y 6PP
2026-10-01 12:48:36 INFO LEAD new: [Permitted] Westminster/26/00664/FULL — 2 Park Street London W1K 2XA
2026-10-01 12:48:36 INFO LEAD new: [Permitted] Westminster/26/00649/LBC — Part Basement And Ground Floor 28 Bruton Street London W1J 6
2026-10-01 12:48:42 INFO [westminster/Permitted] page at offset 300: 100 records
2026-10-01 12:48:42 INFO LEAD new: [Permitted] Westminster/26/00650/ADV — Part Basement And Ground Floor 28 Bruton Street London W1J 6
2026-10-01 12:48:42 INFO LEAD new: [Permitted] Westminster/26/00665/ADV — 1 Dorset Square London NW1 6PU
2026-10-01 12:48:42 INFO LEAD new: [Permitted] Westminster/26/00626/LBC — 34 Upper Berkeley Street London W1H 5QE
2026-10-01 12:48:42 INFO LEAD new: [Permitted] Westminster/26/00625/FULL — 34 Upper Berkeley Street London W1H 5QE
2026-10-01 12:48:42 INFO LEAD new: [Permitted] Westminster/26/00636/ADFULL — 36 Great Pulteney Street London W1F 9NS
2026-10-01 12:48:42 INFO LEAD new: [Permitted] Westminster/26/00629/FULL — 2 Rutland Mews West London SW7 1NY
2026-10-01 12:48:42 INFO LEAD new: [Permitted] Westminster/26/00607/LBC — Victoria Station Terminus Place London SW1V 1JT
2026-10-01 12:48:42 INFO LEAD new: [Permitted] Westminster/26/00603/ADLBC — 11 Cavendish Avenue London NW8 9JD
2026-10-01 12:48:42 INFO LEAD new: [Permitted] Westminster/26/00638/ADV — 12A Little Portland Street London W1W 8BJ
2026-10-01 12:48:42 INFO LEAD new: [Permitted] Westminster/26/00618/NMA — Soho Square London W1D 3DZ
2026-10-01 12:48:42 INFO LEAD new: [Permitted] Westminster/26/01172/ADLBC — 36 Great Pulteney Street London W1F 9NS
2026-10-01 12:48:43 INFO LEAD new: [Permitted] Westminster/26/00575/LBC — Flat 7 1A Grosvenor Gardens London SW1W 0BD
2026-10-01 12:48:43 INFO LEAD new: [Permitted] Westminster/26/00580/AD7 — 54 Brewer Street London W1F 9TH
2026-10-01 12:48:43 INFO LEAD new: [Permitted] Westminster/26/00582/ADFULL — 45 Old Bond Street London W1S 4QP
2026-10-01 12:48:43 INFO LEAD new: [Permitted] Westminster/26/00595/ADV — Kings Head 33 Moscow Road London W2 4AH
2026-10-01 12:48:43 INFO LEAD new: [Permitted] Westminster/26/00594/ADV — 51 Moscow Road London W2 4AL
2026-10-01 12:48:43 INFO LEAD new: [Permitted] Westminster/26/00593/ADFULL — Portland House Bressenden Place London SW1E 5BH
2026-10-01 12:48:43 INFO LEAD new: [Permitted] Westminster/26/00682/OBS — O2 Centre 255 Finchley Road Camden London NW3 6LU
2026-10-01 12:48:43 INFO LEAD new: [Permitted] Westminster/26/00586/FULL — 108 Oxford Street London W1D 1LR
2026-10-01 12:48:43 INFO LEAD new: [Permitted] Westminster/26/00579/AD7 — 45 Oxford Street London W1D 2DZ
2026-10-01 12:48:43 INFO LEAD new: [Permitted] Westminster/26/00574/FULL — Flat 7 1A Grosvenor Gardens London SW1W 0BD
2026-10-01 12:48:43 INFO LEAD new: [Permitted] Westminster/26/00564/ADLBC — House Of Commons Palace Of Westminster Parliament Square Lon
2026-10-01 12:48:43 INFO LEAD new: [Permitted] Westminster/26/00544/ADFULL — Development Site At 38-70 Baker Street, 64-66 Blandford Stre
2026-10-01 12:48:43 INFO LEAD new: [Permitted] Westminster/26/00553/NMA — Development Site At 29-43 Oxford Street And 16 And 17-19 Soh
2026-10-01 12:48:43 INFO LEAD new: [Permitted] Westminster/26/00566/ADFULL — Development Site At 38-70 Baker Street, 64-66 Blandford Stre
2026-10-01 12:48:43 INFO LEAD new: [Permitted] Westminster/26/00555/NMA — 23 Grafton Street London W1S 4EY
2026-10-01 12:48:43 INFO LEAD new: [Permitted] Westminster/26/00543/LBC — 96 Hereford Road London W2 5AL
2026-10-01 12:48:43 INFO LEAD new: [Permitted] Westminster/26/00567/NMA — 15 Princes Mews London W2 4NX
2026-10-01 12:48:43 INFO LEAD new: [Permitted] Westminster/26/00551/LBC — 72 Hereford Road London W2 5AL
2026-10-01 12:48:43 INFO LEAD new: [Permitted] Westminster/26/00546/LBC — 100 Hereford Road London W2 5AL
2026-10-01 12:48:43 INFO LEAD new: [Permitted] Westminster/26/00552/LBC — 98 Hereford Road London W2 5AL
2026-10-01 12:48:43 INFO LEAD new: [Permitted] Westminster/26/00559/LBC — 25 Victoria Square London SW1W 0RB
2026-10-01 12:48:43 INFO LEAD new: [Permitted] Westminster/26/00545/ADFULL — 58 Queen Anne Street London W1G 8HW
2026-10-01 12:48:43 INFO LEAD new: [Permitted] Westminster/26/00563/FULL — Film House 142 - 150 Wardour Street London W1F 8ZR
2026-10-01 12:48:43 INFO LEAD new: [Permitted] Westminster/26/00565/ADFULL — 34 Old Queen Street London SW1H 9HP
2026-10-01 12:48:43 INFO LEAD new: [Permitted] Westminster/26/00568/FULL — 1 Marylebone Road London NW1 4AQ
2026-10-01 12:48:43 INFO LEAD new: [Permitted] Westminster/26/00569/FULL — 1 Clifton Hill London NW8 0QE
2026-10-01 12:48:43 INFO LEAD new: [Permitted] Westminster/26/00524/LBC — The Queens Chapel Of The Savoy Savoy Hill London WC2R 0DA
2026-10-01 12:48:43 INFO LEAD new: [Permitted] Westminster/26/00528/CLEUD — 35 Kensington Gardens Square London W2 4BQ
2026-10-01 12:48:43 INFO LEAD new: [Permitted] Westminster/26/00531/ADV — 102 George Street London W1U 8PB
2026-10-01 12:48:43 INFO LEAD new: [Permitted] Westminster/26/00520/FULL — 15 Stratford Place London W1C 1BE
2026-10-01 12:48:43 INFO LEAD new: [Permitted] Westminster/26/00538/LBC — 5 Carlos Place London W1K 3AP
2026-10-01 12:48:43 INFO LEAD new: [Permitted] Westminster/26/00527/CLOPUD — 19 Ashbridge Street London NW8 8DH
2026-10-01 12:48:43 INFO LEAD new: [Permitted] Westminster/26/00534/NMA — Portland House Bressenden Place London SW1E 5BH
2026-10-01 12:48:43 INFO LEAD new: [Permitted] Westminster/26/00526/LBC — Flat 146 4 Whitehall Court London SW1A 2EP
2026-10-01 12:48:43 INFO LEAD new: [Permitted] Westminster/26/00525/FULL — Flat 146 4 Whitehall Court London SW1A 2EP
2026-10-01 12:48:43 INFO LEAD new: [Permitted] Westminster/26/00516/NMA — 4 - 5 Cavendish Mews North London W1W 6LA
2026-10-01 12:48:43 INFO LEAD new: [Permitted] Westminster/26/00535/NMA — 12 Chester Street London SW1X 7BB
2026-10-01 12:48:43 INFO LEAD new: [Permitted] Westminster/26/00508/NMA — 29 - 30 Leicester Square London WC2H 7LA
2026-10-01 12:48:43 INFO LEAD new: [Permitted] Westminster/26/00513/LBC — Flat B 39 Eaton Square London SW1W 9DH
2026-10-01 12:48:43 INFO LEAD new: [Permitted] Westminster/26/02032/TELNOT — Hotel Inter-Continental 1 Hamilton Place London W1J 7QY
2026-10-01 12:48:43 INFO LEAD new: [Permitted] Westminster/26/00499/LBC — Westminster Chapel Buckingham Gate London SW1E 6BS
2026-10-01 12:48:43 INFO LEAD new: [Permitted] Westminster/26/00504/NMA — Manor House Marylebone Road London NW1 5NP
2026-10-01 12:48:43 INFO LEAD new: [Permitted] Westminster/26/00502/FULL — Westminster Chapel Buckingham Gate London SW1E 6BS
2026-10-01 12:48:43 INFO LEAD new: [Permitted] Westminster/26/00503/LBC — Westminster Chapel Buckingham Gate London SW1E 6BS
2026-10-01 12:48:43 INFO LEAD new: [Permitted] Westminster/26/00488/ADFULL — Development Site At 38-70 Baker Street, 64-66 Blandford Stre
2026-10-01 12:48:43 INFO LEAD new: [Permitted] Westminster/26/00498/ADFULL — 42 St George's Drive London SW1V 4BT
2026-10-01 12:48:43 INFO LEAD new: [Permitted] Westminster/26/00511/ADLBC — 13 Chester Row London SW1W 9JF
2026-10-01 12:48:43 INFO LEAD new: [Permitted] Westminster/26/00492/LBC — 19 Kingly Street London W1B 5PY
2026-10-01 12:48:43 INFO LEAD new: [Permitted] Westminster/26/00500/ADFULL — 20 Chesham Mews London SW1X 8HS
2026-10-01 12:48:43 INFO LEAD new: [Permitted] Westminster/26/00476/ADFULL — 25 Eccleston Square London SW1V 1NS
2026-10-01 12:48:43 INFO LEAD new: [Permitted] Westminster/26/01680/ADV — Dev Site At 19-35 Baker Street, 88-110 George Street, 69-71 
2026-10-01 12:48:43 INFO LEAD new: [Permitted] Westminster/26/00472/FULL — 61 - 62 Long Acre London WC2E 9JL
2026-10-01 12:48:43 INFO LEAD new: [Permitted] Westminster/26/00475/ADFULL — 25 Eccleston Square London SW1V 1NS
2026-10-01 12:48:43 INFO LEAD new: [Permitted] Westminster/26/00478/FULL — Flat 1 22 Moreton Place London SW1V 2NP
2026-10-01 12:48:43 INFO LEAD new: [Permitted] Westminster/26/00481/LBC — 15 Bloomfield Terrace London SW1W 8PG
2026-10-01 12:48:43 INFO LEAD new: [Permitted] Westminster/26/00473/LBC — 61 - 62 Long Acre London WC2E 9JL
2026-10-01 12:48:43 INFO LEAD new: [Permitted] Westminster/26/00477/FULL — 102 Great Portland Street London W1W 6PD
2026-10-01 12:48:43 INFO LEAD new: [Permitted] Westminster/26/00484/ADFULL — Development Site At 38-70 Baker Street, 64-66 Blandford Stre
2026-10-01 12:48:43 INFO LEAD new: [Permitted] Westminster/26/00471/ADLBC — 25 Eccleston Square London SW1V 1NS
2026-10-01 12:48:43 INFO LEAD new: [Permitted] Westminster/26/00480/NMA — Grand Buildings 1 - 3 Strand London WC2N 5HE
2026-10-01 12:48:43 INFO LEAD new: [Permitted] Westminster/26/00474/ADV — 9 Old Bond Street London W1S 4PJ
2026-10-01 12:48:43 INFO LEAD new: [Permitted] Westminster/26/00457/ADV — 20 Bruton Place London W1J 6LY
2026-10-01 12:48:43 INFO LEAD new: [Permitted] Westminster/26/00461/LBC — Unit 54 Main Concourse Victoria Station Terminus Place Londo
2026-10-01 12:48:43 INFO LEAD new: [Permitted] Westminster/26/00448/ADFULL — Tate Britain Millbank London SW1P 4RG
2026-10-01 12:48:43 INFO LEAD new: [Permitted] Westminster/26/00433/ADFULL — 2 Foubert's Place London W1F 7PA
2026-10-01 12:48:43 INFO LEAD new: [Permitted] Westminster/26/00444/ADFULL — Development Site At 1-11 And 13-15 Carteret Street 40 Broadw
2026-10-01 12:48:43 INFO LEAD new: [Permitted] Westminster/26/00452/FULL — 30 Westmoreland Terrace London SW1V 4AL
2026-10-01 12:48:43 INFO LEAD new: [Permitted] Westminster/26/00435/FULL — 116A Bravington Road London W9 3AL
2026-10-01 12:48:43 INFO LEAD new: [Permitted] Westminster/26/00451/ADFULL — Royal Institute Of British Architects 66 Portland Place Lond
2026-10-01 12:48:44 INFO LEAD new: [Permitted] Westminster/26/00437/FULL — The Cottage Greenberry Street London NW8 7AB
2026-10-01 12:48:44 INFO LEAD new: [Permitted] Westminster/26/00432/CLOPUD — 21 Boundary Road London NW8 0JE
2026-10-01 12:48:44 INFO LEAD new: [Permitted] Westminster/26/02033/TELNOT — Kennet House Church Street Estate London NW8 8HB
2026-10-01 12:48:44 INFO LEAD new: [Permitted] Westminster/26/00434/NMA — 64 - 65 St James's Street London SW1A 1NF
2026-10-01 12:48:44 INFO LEAD new: [Permitted] Westminster/26/00441/NMA — 209 Great Portland Street London W1W 5AH
2026-10-01 12:48:44 INFO LEAD new: [Permitted] Westminster/26/00439/ADV — 1 New Burlington Street London W1S 2JA
2026-10-01 12:48:44 INFO LEAD new: [Permitted] Westminster/26/00418/LBC — 6 Burlington Gardens London W1S 3ET
2026-10-01 12:48:44 INFO LEAD new: [Permitted] Westminster/26/00393/FULL — 14 - 16 Foubert's Place London W1F 7PH
2026-10-01 12:48:50 INFO [westminster/Permitted] page at offset 400: 100 records
2026-10-01 12:48:50 INFO LEAD new: [Permitted] Westminster/26/00394/ADV — 14 - 16 Foubert's Place London W1F 7PH
2026-10-01 12:48:50 INFO LEAD new: [Permitted] Westminster/26/00426/LBC — 6 - 7 Grosvenor Place London
2026-10-01 12:48:50 INFO LEAD new: [Permitted] Westminster/26/00425/FULL — Suite Sixth Third Floor 8 - 10 North Audley Street London W1
2026-10-01 12:48:50 INFO LEAD new: [Permitted] Westminster/26/00423/LBC — Flat 3 6 Upper Belgrave Street London SW1X 8BD
2026-10-01 12:48:50 INFO LEAD new: [Permitted] Westminster/26/00413/ADV — 10 Harewood Avenue London NW1 6AA
2026-10-01 12:48:50 INFO LEAD new: [Permitted] Westminster/26/00414/ADV — Basement And Ground Floor 74 New Bond Street London W1S 1RT
2026-10-01 12:48:50 INFO LEAD new: [Permitted] Westminster/26/00427/ADFULL — Tate Britain Millbank London SW1P 4RG
2026-10-01 12:48:50 INFO LEAD new: [Permitted] Westminster/26/00372/NMA — 8 - 10 Great George Street London SW1P 3AE
2026-10-01 12:48:50 INFO LEAD new: [Permitted] Westminster/26/00358/FULL — 153 - 157 New Bond Street London W1S 2UE
2026-10-01 12:48:50 INFO LEAD new: [Permitted] Westminster/26/00359/LBC — 153 - 157 New Bond Street London W1S 2UE
2026-10-01 12:48:50 INFO LEAD new: [Permitted] Westminster/26/00373/COFUL — Queen Elizabeth II Jubilee School Kennet Road London W9 3LG
2026-10-01 12:48:50 INFO LEAD new: [Permitted] Westminster/26/00371/FULL — Globe House 4 Temple Place London WC2R 2PG
2026-10-01 12:48:50 INFO LEAD new: [Permitted] Westminster/26/00366/CLOPUD — Kensington Gardens Serpentine Road London W2 2UH
2026-10-01 12:48:50 INFO LEAD new: [Permitted] Westminster/26/00384/LBC — House Of Commons Palace Of Westminster Parliament Square Lon
2026-10-01 12:48:51 INFO LEAD new: [Permitted] Westminster/26/01618/CLLB — 26 St James's Place London SW1A 1NH
2026-10-01 12:48:51 INFO LEAD new: [Permitted] Westminster/26/00369/ADV — Basement And Ground Floor Lisa House 52 - 55 Carnaby Street 
2026-10-01 12:48:51 INFO LEAD new: [Permitted] Westminster/26/00386/LBC — Francis Holland School 39 Ivor Place London NW1 6XR
2026-10-01 12:48:51 INFO LEAD new: [Permitted] Westminster/26/00368/ADFULL — Broadbent House 64 - 65 Grosvenor Street London W1K 3JH
2026-10-01 12:48:51 INFO LEAD new: [Permitted] Westminster/26/00348/LBC — 79 Piccadilly London W1J 8EU
2026-10-01 12:48:51 INFO LEAD new: [Permitted] Westminster/26/00346/FULL — 3 Artillery Row SW1P 1RH
2026-10-01 12:48:51 INFO LEAD new: [Permitted] Westminster/26/00346/CLEUD — 3 Artillery Row SW1P 1RH
2026-10-01 12:48:51 INFO LEAD new: [Permitted] Westminster/26/00706/OBS — 10 Godliman Street City Of London London EC4V 5AJ
2026-10-01 12:48:51 INFO LEAD new: [Permitted] Westminster/26/00345/FULL — 31 Maunsel Street London SW1P 2QN
2026-10-01 12:48:51 INFO LEAD new: [Permitted] Westminster/26/00344/LBC — 28 Argyll Street London W1F 7EB
2026-10-01 12:48:51 INFO LEAD new: [Permitted] Westminster/26/00347/FULL — 49 Grosvenor Square London W1K 3EP
2026-10-01 12:48:51 INFO LEAD new: [Permitted] Westminster/26/00301/FULL — Flat G 128 Belgrave Road London SW1V 2BL
2026-10-01 12:48:51 INFO LEAD new: [Permitted] Westminster/26/00311/LBC — Basement Flat 58 Eaton Place London SW1X 8AT
2026-10-01 12:48:51 INFO LEAD new: [Permitted] Westminster/26/00310/ADFULL — 14 Acacia Road NW8 6AN
2026-10-01 12:48:51 INFO LEAD new: [Permitted] Westminster/26/00323/NMA — Palladium House 1 - 4 Argyll Street London W1F 7TA
2026-10-01 12:48:51 INFO LEAD new: [Permitted] Westminster/26/00333/FULL — 4A Wellington Close London W11 2AN
2026-10-01 12:48:51 INFO LEAD new: [Permitted] Westminster/26/00300/FULL — Passage House 1 - 5 Longmoore Street London SW1V 1JH
2026-10-01 12:48:51 INFO LEAD new: [Permitted] Westminster/26/00302/LBC — Flat G 128 Belgrave Road London SW1V 2BL
2026-10-01 12:48:51 INFO LEAD new: [Permitted] Westminster/26/00299/ADFULL — 41 Manchester Street London W1U 7LN
2026-10-01 12:48:51 INFO LEAD new: [Permitted] Westminster/26/00330/FULL — 15 - 16 Montagu Mews South London W1H 7ET
2026-10-01 12:48:51 INFO LEAD new: [Permitted] Westminster/26/00317/ADFULL — Admiralty Arch The Mall London SW1A 2WH
2026-10-01 12:48:51 INFO LEAD new: [Permitted] Westminster/26/00321/FULL — Flat 10 7 Hide Place London SW1P 4HD
2026-10-01 12:48:51 INFO LEAD new: [Permitted] Westminster/26/00308/FULL — Pollen House 10 - 12 Cork Street London W1S 3NP
2026-10-01 12:48:51 INFO LEAD new: [Permitted] Westminster/26/00322/LBC — 28 Argyll Street London W1F 7EB
2026-10-01 12:48:51 INFO LEAD new: [Permitted] Westminster/26/00334/FULL — 28 Argyll Street London W1F 7EB
2026-10-01 12:48:51 INFO LEAD new: [Permitted] Westminster/26/00335/LBC — 28 Argyll Street London W1F 7EB
2026-10-01 12:48:51 INFO LEAD new: [Permitted] Westminster/26/00297/LBC — 68 Upper Berkeley Street London W1H 7QY
2026-10-01 12:48:51 INFO LEAD new: [Permitted] Westminster/26/00316/ADFULL — Admiralty Arch The Mall London SW1A 2WH
2026-10-01 12:48:51 INFO LEAD new: [Permitted] Westminster/26/00283/COGADF — Land Bound By Edgware Rd, Boscobel St, Penfold St, Church St
2026-10-01 12:48:51 INFO LEAD new: [Permitted] Westminster/26/00275/ADLBC — 41 Manchester Street London W1U 7LN
2026-10-01 12:48:51 INFO LEAD new: [Permitted] Westminster/26/00282/LBC — 24 Westbourne Terrace London W2 3UP
2026-10-01 12:48:51 INFO LEAD new: [Permitted] Westminster/26/00273/FULL — 20 Air Street London W1B 5AN
2026-10-01 12:48:51 INFO LEAD new: [Permitted] Westminster/26/00281/FULL — 103 - 105 Jermyn Street London SW1Y 6EE
2026-10-01 12:48:51 INFO LEAD new: [Permitted] Westminster/26/00292/ADV — 112 Edgware Road London W2 2DZ
2026-10-01 12:48:51 INFO LEAD new: [Permitted] Westminster/26/00270/LBC — 73 - 75 Harley Street London W1G 8QJ
2026-10-01 12:48:51 INFO LEAD new: [Permitted] Westminster/26/00271/ADLBC — 44 Manchester Street London W1U 7LR
2026-10-01 12:48:51 INFO LEAD new: [Permitted] Westminster/26/00288/ADFULL — 20 Rathbone Place London W1T 1HY
2026-10-01 12:48:51 INFO LEAD new: [Permitted] Westminster/26/00285/FULL — Second Floor Flat 28 Hormead Road London W9 3NG
2026-10-01 12:48:51 INFO LEAD new: [Permitted] Westminster/26/00274/LBC — 20 Air Street London W1B 5AN
2026-10-01 12:48:51 INFO LEAD new: [Permitted] Westminster/26/00278/ADV — Ground Floor 6 Brook Street West End London W1S 1BB
2026-10-01 12:48:51 INFO LEAD new: [Permitted] Westminster/26/00279/FULL — 12 Ashworth Road W9 1JY
2026-10-01 12:48:51 INFO LEAD new: [Permitted] Westminster/26/00266/ADV — Bus Shelter Outside 25 Charing Cross Road London
2026-10-01 12:48:51 INFO LEAD new: [Permitted] Westminster/26/00251/AD7 — 82 Dean Street London W1D 3SP
2026-10-01 12:48:51 INFO LEAD new: [Permitted] Westminster/26/00244/ADFULL — Development Site At 180 Piccadilly And 48 To 50 Jermyn Stree
2026-10-01 12:48:51 INFO LEAD new: [Permitted] Westminster/26/00250/AD7 — 18 - 20 York Buildings London WC2N 6JU
2026-10-01 12:48:51 INFO LEAD new: [Permitted] Westminster/26/00252/ADV — Basement And Ground Floor 409 Oxford Street London W1C 2PD
2026-10-01 12:48:51 INFO LEAD new: [Permitted] Westminster/26/00269/CLEUD — 11 St Edmund's Terrace London NW8 7QP
2026-10-01 12:48:51 INFO LEAD new: [Permitted] Westminster/26/00268/FULL — 395 - 397 Oxford Street London W1C 2JS
2026-10-01 12:48:51 INFO LEAD new: [Permitted] Westminster/26/00250/ADV — 18 - 20 York Buildings London WC2N 6JU
2026-10-01 12:48:51 INFO LEAD new: [Permitted] Westminster/26/00258/FULL — Serpentine Gallery Pavilion Serpentine Gallery Kensington Ga
2026-10-01 12:48:51 INFO LEAD new: [Permitted] Westminster/26/00243/CLOPUD — 13 St John's Wood High Street London NW8 7NG
2026-10-01 12:48:51 INFO LEAD new: [Permitted] Westminster/26/00253/ADFULL — Airwork House 35 Piccadilly London
2026-10-01 12:48:51 INFO LEAD new: [Permitted] Westminster/26/00263/FULL — 200 Strand London WC2R 1DJ
2026-10-01 12:48:51 INFO LEAD new: [Permitted] Westminster/26/00257/LBC — The National Gallery Trafalgar Square London WC2N 5DN
2026-10-01 12:48:51 INFO LEAD new: [Permitted] Westminster/26/00238/ADV — Basement And Ground Floor 9 Mount Street London W1K 3NG
2026-10-01 12:48:51 INFO LEAD new: [Permitted] Westminster/26/00265/ADV — Bus Shelter On Pavement Outside Leicester Square Station Cha
2026-10-01 12:48:51 INFO LEAD new: [Permitted] Westminster/26/00264/ADV — Bus Shelters Opposite Lanesborough Hotel Knightsbridge Londo
2026-10-01 12:48:51 INFO LEAD new: [Permitted] Westminster/26/00215/FULL — Telephone Exchange Building 12 Lisle Street London WC2H 7BQ
2026-10-01 12:48:51 INFO LEAD new: [Permitted] Westminster/26/00225/ADFULL — 64 Marlborough Place London NW8 0PL
2026-10-01 12:48:51 INFO LEAD new: [Permitted] Westminster/26/00232/FULL — 20 Upper Berkeley Street London W1H 7PF
2026-10-01 12:48:51 INFO LEAD new: [Permitted] Westminster/26/00233/ADV — 112 Edgware Road London W2 2DZ
2026-10-01 12:48:51 INFO LEAD new: [Permitted] Westminster/26/00216/LBC — 72 Harley Street London W1G 7HG
2026-10-01 12:48:51 INFO LEAD new: [Permitted] Westminster/26/00213/ADFULL — 100 Piccadilly London W1J 7NH
2026-10-01 12:48:51 INFO LEAD new: [Permitted] Westminster/26/00212/ADFULL — Development Site At 19 To 24 Dering Street London W1S 1BL
2026-10-01 12:48:51 INFO LEAD new: [Permitted] Westminster/26/00230/FULL — 8 Abbey Gardens London NW8 9AT
2026-10-01 12:48:51 INFO LEAD new: [Permitted] Westminster/26/00224/ADV — 254 Regent Street London W1B 3AA
2026-10-01 12:48:58 INFO [westminster/Permitted] page at offset 500: 100 records
2026-10-01 12:48:58 INFO LEAD new: [Permitted] Westminster/26/00237/ADFULL — 16 Jay Mews London SW7 2EP
2026-10-01 12:48:58 INFO LEAD new: [Permitted] Westminster/26/00214/FULL — Kings College 160 Strand London WC2R 2LS
2026-10-01 12:48:58 INFO LEAD new: [Permitted] Westminster/26/00221/ADV — 28 - 28A Carnaby Street London W1F 7DQ
2026-10-01 12:48:58 INFO LEAD new: [Permitted] Westminster/26/00200/ADFULL — 32 - 34 Woodfield Road London W9 2BE
2026-10-01 12:48:58 INFO LEAD new: [Permitted] Westminster/26/00195/LBC — Basement And Ground Floor 74 New Bond Street London W1S 1RT
2026-10-01 12:48:58 INFO LEAD new: [Permitted] Westminster/26/00191/FULL — 2 Lupus Street London SW1V 3DY
2026-10-01 12:48:58 INFO LEAD new: [Permitted] Westminster/26/00192/LBC — 2 Lupus Street London SW1V 3DY
2026-10-01 12:48:58 INFO LEAD new: [Permitted] Westminster/26/00198/FULL — 84 Queensway London W2 3RL
2026-10-01 12:48:58 INFO LEAD new: [Permitted] Westminster/26/00197/ADFULL — Methodist Church House 25 Marylebone Road London NW1 5JR
2026-10-01 12:48:58 INFO LEAD new: [Permitted] Westminster/26/00186/ADFULL — 87 Chester Row London SW1W 8JL
2026-10-01 12:48:58 INFO LEAD new: [Permitted] Westminster/26/00182/FULL — The Westbury Hotel 37 Conduit Street London W1S 2YF
2026-10-01 12:48:58 INFO LEAD new: [Permitted] Westminster/26/00181/COLBC — 35 St Martin's Street London WC2H 7HP
2026-10-01 12:48:58 INFO LEAD new: [Permitted] Westminster/26/00201/COGADF — Torridon House Randolph Gardens London NW6 5HP
2026-10-01 12:48:58 INFO LEAD new: [Permitted] Westminster/26/00183/NMA — Westminster House 7 Millbank London SW1P 3JA
2026-10-01 12:48:58 INFO LEAD new: [Permitted] Westminster/26/00180/LBC — 8 Albert Court Prince Consort Road London SW7 2BE
2026-10-01 12:48:58 INFO LEAD new: [Permitted] Westminster/26/00189/ADLBC — 1 - 4 Suffolk Street London SW1Y 4HG
2026-10-01 12:48:58 INFO LEAD new: [Permitted] Westminster/26/00187/ADFULL — 68 - 71 Newman Street London W1T 3EQ
2026-10-01 12:48:58 INFO LEAD new: [Permitted] Westminster/26/00172/LBC — 39 Wellington Street London WC2E 7BB
2026-10-01 12:48:58 INFO LEAD new: [Permitted] Westminster/26/00153/COFUL — Site Of Street Art At Canal Path At Harrow Road London
2026-10-01 12:48:58 INFO LEAD new: [Permitted] Westminster/26/00163/FULL — 35 Charing Cross Road London WC2H 0AT
2026-10-01 12:48:58 INFO LEAD new: [Permitted] Westminster/26/02034/TELNOT — Winchester House 259 - 269 Old Marylebone Road London NW1 5R
2026-10-01 12:48:58 INFO LEAD new: [Permitted] Westminster/26/00678/COGADF — Ebury Bridge Estate Ebury Bridge Road London SW1W 8PX
2026-10-01 12:48:58 INFO LEAD new: [Permitted] Westminster/26/00164/FULL — Craven House 16 Northumberland Avenue London WC2N 5AP
2026-10-01 12:48:58 INFO LEAD new: [Permitted] Westminster/26/00166/FULL — 70 Marylebone High Street London W1U 5JL
2026-10-01 12:48:58 INFO LEAD new: [Permitted] Westminster/26/00158/LBC — 30 Pimlico Road London SW1W 8LJ
2026-10-01 12:48:58 INFO LEAD new: [Permitted] Westminster/26/02041/TELNOT — The Marylebone Hotel 47 Welbeck Street London W1G 8DN
2026-10-01 12:48:58 INFO LEAD new: [Permitted] Westminster/26/00171/ADFULL — 17 - 19 Rochester Row London SW1P 1JB
2026-10-01 12:48:58 INFO LEAD new: [Permitted] Westminster/26/00167/ADFULL — 60 Ledbury Road London W11 2AJ
2026-10-01 12:48:58 INFO LEAD new: [Permitted] Westminster/26/00168/AD7 — Second Floor 111 Baker Street London W1U 6SG
2026-10-01 12:48:58 INFO LEAD new: [Permitted] Westminster/26/00677/NMA — 45 Kilburn Park Road London NW6 5XD
2026-10-01 12:48:58 INFO LEAD new: [Permitted] Westminster/26/00146/NMA — 82 Margaret Street London W1W 8LH
2026-10-01 12:48:58 INFO LEAD new: [Permitted] Westminster/26/00136/ADFULL — 97 Mount Street London W1K 2TD
2026-10-01 12:48:58 INFO LEAD new: [Permitted] Westminster/26/00140/LBC — 24 Queen Anne's Gate London SW1H 9AA
2026-10-01 12:48:58 INFO LEAD new: [Permitted] Westminster/26/00145/LBC — North Wing Courtauld Institute Of Art Somerset House Strand 
2026-10-01 12:48:58 INFO LEAD new: [Permitted] Westminster/26/00139/FULL — 35 Curzon Street London W1J 7TT
2026-10-01 12:48:58 INFO LEAD new: [Permitted] Westminster/26/00149/FULL — 11 - 25 Granville Place London W1H 6PA
2026-10-01 12:48:58 INFO LEAD new: [Permitted] Westminster/26/00141/LBC — 1 - 7 Davies Mews London W1K 5AB
2026-10-01 12:48:58 INFO LEAD new: [Permitted] Westminster/26/00127/FULL — 3 Kingly Court London W1B 5PW
2026-10-01 12:48:58 INFO LEAD new: [Permitted] Westminster/26/00125/FULL — 76 - 78 Queensway London W2 3RL
2026-10-01 12:48:58 INFO LEAD new: [Permitted] Westminster/26/00142/LBC — Flat 2 71 Eccleston Square London SW1V 1PJ
2026-10-01 12:48:58 INFO LEAD new: [Permitted] Westminster/26/00126/FULL — 3 Kingly Court London W1B 5PW
2026-10-01 12:48:58 INFO LEAD new: [Permitted] Westminster/26/00134/CLOPUD — Ground Floor 230 Baker Street London NW1 5RT
2026-10-01 12:48:58 INFO LEAD new: [Permitted] Westminster/26/00143/AD7 — First Floor 37 Foley Street London W1W 7TN
2026-10-01 12:48:58 INFO LEAD new: [Permitted] Westminster/26/00150/LBC — Top Flat 8A Randolph Road London W9 1AN
2026-10-01 12:48:58 INFO LEAD new: [Permitted] Westminster/26/00137/FULL — 6 London Street London W2 1HL
2026-10-01 12:48:58 INFO LEAD new: [Permitted] Westminster/26/00144/ADFULL — 24 Springfield Road London NW8 0QN
2026-10-01 12:48:59 INFO LEAD new: [Permitted] Westminster/26/00147/ADFULL — Admiralty Arch The Mall London SW1A 2WH
2026-10-01 12:48:59 INFO LEAD new: [Permitted] Westminster/26/00111/FULL — 2 Savoy Place London WC2R 0BL
2026-10-01 12:48:59 INFO LEAD new: [Permitted] Westminster/26/00960/ADLBC — New Zealand House 80 Haymarket London SW1Y 4TE
2026-10-01 12:48:59 INFO LEAD new: [Permitted] Westminster/26/00112/FULL — 106 Hamilton Terrace London NW8 9UP
2026-10-01 12:48:59 INFO LEAD new: [Permitted] Westminster/26/00110/ADFULL — 103 Elgin Avenue London W9 2NP
2026-10-01 12:48:59 INFO LEAD new: [Permitted] Westminster/26/00121/ADV — 1 Bear Street London WC2H 7DZ
2026-10-01 12:48:59 INFO LEAD new: [Permitted] Westminster/26/00122/ADFULL — 25 Taunton Place London NW1 6HB
2026-10-01 12:48:59 INFO LEAD new: [Permitted] Westminster/26/00116/LBC — Normandy Court 32 - 33 Kensington Gardens Square London W2 4
2026-10-01 12:48:59 INFO LEAD new: [Permitted] Westminster/26/00115/FULL — Normandy Court 32 - 33 Kensington Gardens Square London W2 4
2026-10-01 12:48:59 INFO LEAD new: [Permitted] Westminster/26/00118/ADFULL — New Zealand House 80 Haymarket London SW1Y 4TE
2026-10-01 12:48:59 INFO LEAD new: [Permitted] Westminster/25/00117/ADLBC — New Zealand House 80 Haymarket London SW1Y 4TE
2026-10-01 12:48:59 INFO LEAD new: [Permitted] Westminster/26/00120/ADV — 9 Bridge Street London SW1A 2JR
2026-10-01 12:48:59 INFO LEAD new: [Permitted] Westminster/26/00114/FULL — 27 Eaton Row London SW1W 0JA
2026-10-01 12:48:59 INFO LEAD new: [Permitted] Westminster/26/00109/ADFULL — 45 Kilburn Park Road London NW6 5XD
2026-10-01 12:48:59 INFO LEAD new: [Permitted] Westminster/26/00119/ADV — Westminster Station Bridge Street London SW1A 2JR
2026-10-01 12:48:59 INFO LEAD new: [Permitted] Westminster/26/00123/ADV — 102 Westbourne Grove London W2 5RU
2026-10-01 12:48:59 INFO LEAD new: [Permitted] Westminster/26/00095/LBC — Smithson Tower 25 St James's Street London SW1A 1HA
2026-10-01 12:48:59 INFO LEAD new: [Permitted] Westminster/26/00086/FULL — 30 Maiden Lane London WC2E 7JS
2026-10-01 12:48:59 INFO LEAD new: [Permitted] Westminster/26/02046/TELNOT — Ivor Court Gloucester Place London NW1 6BJ
2026-10-01 12:48:59 INFO LEAD new: [Permitted] Westminster/26/00082/FULL — 4A Melina Place London NW8 9SA
2026-10-01 12:48:59 INFO LEAD new: [Permitted] Westminster/26/00083/ADV — House Of Commons Palace Of Westminster Parliament Square Lon
2026-10-01 12:48:59 INFO LEAD new: [Permitted] Westminster/26/00098/LBC — Spencer House 27 St James's Place London SW1A 1NR
2026-10-01 12:48:59 INFO LEAD new: [Permitted] Westminster/26/00091/ADLBC — New Zealand House 80 Haymarket London SW1Y 4TE
2026-10-01 12:48:59 INFO LEAD new: [Permitted] Westminster/25/00099/ADLBC — 3 Belgrave Place London SW1X 8BU
2026-10-01 12:48:59 INFO LEAD new: [Permitted] Westminster/26/00096/ADV — Basement To First Floor 123 New Bond Street London W1S 1EJ
2026-10-01 12:48:59 INFO LEAD new: [Permitted] Westminster/26/00094/AD7 — Ground Floor 110 Park Street London W1K 6NX
2026-10-01 12:48:59 INFO LEAD new: [Permitted] Westminster/26/00093/ADLBC — New Zealand House 80 Haymarket London SW1Y 4TE
2026-10-01 12:48:59 INFO LEAD new: [Permitted] Westminster/26/00092/LBC — 6 Grafton Street London W1S 4EQ
2026-10-01 12:48:59 INFO LEAD new: [Permitted] Westminster/26/00067/LBC — St Sophias Church Vicarage Moscow Road London W2 4LQ
2026-10-01 12:48:59 INFO LEAD new: [Permitted] Westminster/26/00066/ADLBC — 16 Cavendish Avenue London NW8 9JE
2026-10-01 12:48:59 INFO LEAD new: [Permitted] Westminster/26/00065/LBC — 1 Carlos Place London W1K 3AJ
2026-10-01 12:48:59 INFO LEAD new: [Permitted] Westminster/26/09395/ADLBC — 113 Eaton Square London SW1W 9AA
2026-10-01 12:48:59 INFO LEAD new: [Permitted] Westminster/26/00081/FULL — Basement And Ground Floor Maisonette 72 Charlwood Street Lon
2026-10-01 12:48:59 INFO LEAD new: [Permitted] Westminster/26/00069/COLBC — Fairchild House Charlwood Street London SW1V 2DP
2026-10-01 12:49:05 WARNING Rate limited (429); waiting 131s before retry 1/6
2026-10-01 12:51:16 WARNING Request failed (403 Client Error: Forbidden for url: https://www.planit.org.uk/api/applics/json?app_state=Permitted&start_date=2023-10-01&end_date=2026-10-01&pg_sz=100&auth=Westminster&offset=600); retry 2/6 in 10s
2026-10-01 12:51:28 INFO [westminster/Permitted] page at offset 600: 100 records
2026-10-01 12:51:28 INFO LEAD new: [Permitted] Westminster/26/00068/COFUL — Fairchild House Charlwood Street London SW1V 2DP
2026-10-01 12:51:28 INFO LEAD new: [Permitted] Westminster/26/00063/CLOPUD — The Nag's Head Public House 10 James Street Covent Garden Lo
2026-10-01 12:51:28 INFO LEAD new: [Permitted] Westminster/26/00069/LBC — Fairchild House Charlwood Street London SW1V 2DP
2026-10-01 12:51:28 INFO LEAD new: [Permitted] Westminster/26/00074/AD7 — Ground Floor 35 Soho Square London W1D 3QX
2026-10-01 12:51:28 INFO LEAD new: [Permitted] Westminster/26/00078/LBC — 24 Chester Street London SW1X 7BL
2026-10-01 12:51:28 INFO LEAD new: [Permitted] Westminster/26/00077/FULL — 24 Chester Street London SW1X 7BL
2026-10-01 12:51:28 INFO LEAD new: [Permitted] Westminster/26/00076/ADFULL — 113 Eaton Square London SW1W 9AA
2026-10-01 12:51:28 INFO LEAD new: [Permitted] Westminster/26/00050/ADFULL — 16 Palace Street London SW1E 5JD
2026-10-01 12:51:28 INFO LEAD new: [Permitted] Westminster/26/00040/COLBC — 12 South Molton Street London W1K 5QN
2026-10-01 12:51:28 INFO LEAD new: [Permitted] Westminster/26/00039/COLBC — 10 South Molton Street London W1K 5QJ
2026-10-01 12:51:28 INFO LEAD new: [Permitted] Westminster/26/00041/ADFULL — 1 Hanover Street London W1S 1YZ
2026-10-01 12:51:28 INFO LEAD new: [Permitted] Westminster/26/00058/FULL — Basement 30 Maida Avenue London W2 1ST
2026-10-01 12:51:28 INFO LEAD new: [Permitted] Westminster/26/00044/ADV — 21 Long Acre London WC2E 9LD
2026-10-01 12:51:28 INFO LEAD new: [Permitted] Westminster/26/00047/ADV — 221 Regent Street London W1B 4NJ
2026-10-01 12:51:28 INFO LEAD new: [Permitted] Westminster/26/00038/ADLBC — 1 Hanover Street London W1S 1YZ
2026-10-01 12:51:28 INFO LEAD new: [Permitted] Westminster/26/00036/FULL — 16 Upper Grosvenor Street London W1K 7PL
2026-10-01 12:51:28 INFO LEAD new: [Permitted] Westminster/26/00037/LBC — 16 Upper Grosvenor Street London W1K 7PL
2026-10-01 12:51:28 INFO LEAD new: [Permitted] Westminster/26/00046/LBC — 221 Regent Street London W1B 4NJ
2026-10-01 12:51:28 INFO LEAD new: [Permitted] Westminster/26/00055/LBC — Admiralty Arch The Mall London SW1A 2WH
2026-10-01 12:51:28 INFO LEAD new: [Permitted] Westminster/26/00023/FULL — Flat 2 107 Hamilton Terrace London NW8 9QY
2026-10-01 12:51:28 INFO LEAD new: [Permitted] Westminster/26/00035/ADV — 1 Bear Street London WC2H 7DZ
2026-10-01 12:51:28 INFO LEAD new: [Permitted] Westminster/26/00033/LBC — 144 - 146 New Bond Street London W1S 2TR
2026-10-01 12:51:28 INFO LEAD new: [Permitted] Westminster/26/02048/TELNOT — Falkirk House 165 Maida Vale London W9 1QU
2026-10-01 12:51:28 INFO LEAD new: [Permitted] Westminster/26/00031/FULL — 86 Fifth Avenue London W10 4DP
2026-10-01 12:51:28 INFO LEAD new: [Permitted] Westminster/26/00029/ADFULL — 4E Shirland Mews London W9 3DY
2026-10-01 12:51:28 INFO LEAD new: [Permitted] Westminster/26/00018/FULL — 70 - 71 Wilton Road London SW1V 1DE
2026-10-01 12:51:28 INFO LEAD new: [Permitted] Westminster/26/00013/FULL — 20 Air Street London W1B 5AN
2026-10-01 12:51:28 INFO LEAD new: [Permitted] Westminster/26/00020/FULL — Flat 5 Merchant House 184 - 186 Sutherland Avenue London W9 
2026-10-01 12:51:28 INFO LEAD new: [Permitted] Westminster/26/00030/TCH — 32 Crawford Place London W1H 5NN
2026-10-01 12:51:28 INFO LEAD new: [Permitted] Westminster/26/00021/LBC — Flat 5 Merchant House 184 - 186 Sutherland Avenue London W9 
2026-10-01 12:51:29 INFO LEAD new: [Permitted] Westminster/26/00012/NMA — 53 Avenue Road NW8 6HR
2026-10-01 12:51:29 INFO LEAD new: [Permitted] Westminster/26/00014/AD7 — 21 - 22 Great Castle Street London W1G 0HY
2026-10-01 12:51:29 INFO LEAD new: [Permitted] Westminster/26/00015/ADFULL — 22 Hill Street London W1J 5NJ
2026-10-01 12:51:29 INFO LEAD new: [Permitted] Westminster/26/00028/ADFULL — Abercorn School 28 Abercorn Place NW8 9XP
2026-10-01 12:51:29 INFO LEAD new: [Permitted] Westminster/26/00009/FULL — 230 Vauxhall Bridge Road London SW1V 1AU
2026-10-01 12:51:29 INFO LEAD new: [Permitted] Westminster/26/00017/ADV — West End Quay South Wharf Road London W2 1LA
2026-10-01 12:51:29 INFO LEAD new: [Permitted] Westminster/26/00016/ADFULL — 45 Charles Street London W1J 5EQ
2026-10-01 12:51:29 INFO LEAD new: [Permitted] Westminster/25/09404/LSP — Cavendish Square London
2026-10-01 12:51:29 INFO LEAD new: [Permitted] Westminster/26/00004/FULL — Queens Court Queensway London W2 4QN
2026-10-01 12:51:29 INFO LEAD new: [Permitted] Westminster/26/00006/FULL — Flat 19 Lanark Mansions 14 Lanark Road London W9 1DB
2026-10-01 12:51:29 INFO LEAD new: [Permitted] Westminster/25/09372/FULL — 110 Horseferry Road London SW1P 2EF
2026-10-01 12:51:29 INFO LEAD new: [Permitted] Westminster/25/09364/LBC — 75 Knightsbridge London SW1X 7BF
2026-10-01 12:51:29 INFO LEAD new: [Permitted] Westminster/25/09368/ADV — 5 Circus Road London NW8 6NX
2026-10-01 12:51:29 INFO LEAD new: [Permitted] Westminster/25/09367/LBC — 132 - 134 Sussex Gardens London W2 1UB
2026-10-01 12:51:29 INFO LEAD new: [Permitted] Westminster/25/09366/FULL — 132 - 134 Sussex Gardens London W2 1UB
2026-10-01 12:51:29 INFO LEAD new: [Permitted] Westminster/25/09362/FULL — Flat 13 4 Regency Street London SW1P 4BZ
2026-10-01 12:51:29 INFO LEAD new: [Permitted] Westminster/25/09361/ADFULL — 36 Lancaster Mews London W2 3QF
2026-10-01 12:51:29 INFO LEAD new: [Permitted] Westminster/25/09360/LBC — 87A Duke Street London W1K 5PQ
2026-10-01 12:51:29 INFO LEAD new: [Permitted] Westminster/25/09344/FULL — 49 Marylands Road London W9 2DU
2026-10-01 12:51:29 INFO LEAD new: [Permitted] Westminster/25/09352/ADFULL — 1 Bear Street London WC2H 7DZ
2026-10-01 12:51:29 INFO LEAD new: [Permitted] Westminster/25/09358/FULL — Second Floor Flat 41 Leamington Road Villas London W11 1HT
2026-10-01 12:51:29 INFO LEAD new: [Permitted] Westminster/25/09339/ADV — 17 - 18 Irving Street London WC2H 7AU
2026-10-01 12:51:29 INFO LEAD new: [Permitted] Westminster/25/09338/FULL — 17 - 18 Irving Street London WC2H 7AU
2026-10-01 12:51:29 INFO LEAD new: [Permitted] Westminster/25/09346/NMA — Site At 94 Piccadilly, 95 Piccadilly, 12 White Horse Street,
2026-10-01 12:51:29 INFO LEAD new: [Permitted] Westminster/25/09353/ADV — 66 Harley Street London W1G 7HD
2026-10-01 12:51:29 INFO LEAD new: [Permitted] Westminster/25/09312/LBC — 45 York Street London W1H 1PW
2026-10-01 12:51:29 INFO LEAD new: [Permitted] Westminster/25/09322/ADFULL — 30 Grosvenor Square London W1K 6AN
2026-10-01 12:51:29 INFO LEAD new: [Permitted] Westminster/25/09321/ADV — 77 Park Lane London W1K 7TP
2026-10-01 12:51:29 INFO LEAD new: [Permitted] Westminster/25/09303/FULL — 8 Norfolk Road London NW8 6HE
2026-10-01 12:51:29 INFO LEAD new: [Permitted] Westminster/25/09315/FULL — Chelwood House Gloucester Square London W2 2SY
2026-10-01 12:51:29 INFO LEAD new: [Permitted] Westminster/25/09320/ADFULL — 1 Palace Street London SW1E 5DX
2026-10-01 12:51:29 INFO LEAD new: [Permitted] Westminster/25/09308/ADV — Ground Floor And First Floor Part 373 Oxford Street London W
2026-10-01 12:51:29 INFO LEAD new: [Permitted] Westminster/25/09323/LBC — Archbishops House Ambrosden Avenue London SW1P 1QJ
2026-10-01 12:51:29 INFO LEAD new: [Permitted] Westminster/26/02052/TELNOT — 292 Vauxhall Bridge Road London SW1V 1AE
2026-10-01 12:51:29 INFO LEAD new: [Permitted] Westminster/25/09329/FULL — 11 Chesterfield Street London W1J 5JN
2026-10-01 12:51:29 INFO LEAD new: [Permitted] Westminster/25/09298/ADV — 245 Regent Street London W1B 2EN
2026-10-01 12:51:29 INFO LEAD new: [Permitted] Westminster/25/09331/LBC — Flat 37 Maclise House Marsham Street London SW1P 4JJ
2026-10-01 12:51:29 INFO LEAD new: [Permitted] Westminster/25/09328/LBC — 26 Aberdeen Place NW8 8JR
2026-10-01 12:51:29 INFO LEAD new: [Permitted] Westminster/25/09330/LBC — 11 Chesterfield Street London W1J 5JN
2026-10-01 12:51:29 INFO LEAD new: [Permitted] Westminster/25/09324/ADV — 108 - 112 Rochester Row London SW1P 1JP
2026-10-01 12:51:29 INFO LEAD new: [Permitted] Westminster/25/09301/LBC — 39 Wilton Crescent London SW1X 8RX
2026-10-01 12:51:29 INFO LEAD new: [Permitted] Westminster/25/09316/FULL — The Water Gardens Burwood Place London W2 2DA
2026-10-01 12:51:29 INFO LEAD new: [Permitted] Westminster/25/09300/FULL — 39 Wilton Crescent London SW1X 8RX
2026-10-01 12:51:29 INFO LEAD new: [Permitted] Westminster/25/09317/ADV — Development Site At Former Whiteleys Centre Queensway London
2026-10-01 12:51:29 INFO LEAD new: [Permitted] Westminster/25/09309/ADFULL — York House 23 Kingsway London WC2B 6UJ
2026-10-01 12:51:29 INFO LEAD new: [Permitted] Westminster/25/09293/LBC — National Portrait Gallery 2 St Martin's Place London WC2H 0H
2026-10-01 12:51:29 INFO LEAD new: [Permitted] Westminster/25/09292/FULL — National Portrait Gallery 2 St Martin's Place London WC2H 0H
2026-10-01 12:51:29 INFO LEAD new: [Permitted] Westminster/25/09318/ADFULL — Paddington Green Police Station 4 Harrow Road London W2 1XJ
2026-10-01 12:51:29 INFO LEAD new: [Permitted] Westminster/25/09311/CLOPUD — 46 Eaton Place London SW1X 8AL
2026-10-01 12:51:36 INFO [westminster/Permitted] page at offset 700: 100 records
2026-10-01 12:51:36 INFO LEAD new: [Permitted] Westminster/25/09325/LBC — Site At 94 Piccadilly, 95 Piccadilly, 12 White Horse Street,
2026-10-01 12:51:36 INFO LEAD new: [Permitted] Westminster/25/09326/CLEUD — 27 Soho Square London W1D 3QR
2026-10-01 12:51:36 INFO LEAD new: [Permitted] Westminster/25/09294/LBC — Basement And Ground Floor Masionette 3 Upper Brook Street Lo
2026-10-01 12:51:36 INFO LEAD new: [Permitted] Westminster/25/09302/CLEUD — 11A Belgrave Square London SW1X 8PH
2026-10-01 12:51:36 INFO LEAD new: [Permitted] Westminster/25/09275/NMA — Gillingham House 38 - 44 Gillingham Street London SW1V 1HU
2026-10-01 12:51:36 INFO LEAD new: [Permitted] Westminster/25/09268/ADFULL — 12 Upper Belgrave Street London SW1X 8BA
2026-10-01 12:51:36 INFO LEAD new: [Permitted] Westminster/26/00704/OBS — 120-136 Camley Street And 3-30 Cedar Way Camden London
2026-10-01 12:51:36 INFO LEAD new: [Permitted] Westminster/26/00703/OBS — 120-136 Camley Street And 3-30 Cedar Way Camden London
2026-10-01 12:51:36 INFO LEAD new: [Permitted] Westminster/25/09245/LBC — 2 Chesham Hotel 2 Chesham Street London SW1X 8DT
2026-10-01 12:51:36 INFO LEAD new: [Permitted] Westminster/25/09244/FULL — 2 Chesham Hotel 2 Chesham Street London SW1X 8DT
2026-10-01 12:51:36 INFO LEAD new: [Permitted] Westminster/25/09239/LBC — 31 Eccleston Square London SW1V 1NZ
2026-10-01 12:51:36 INFO LEAD new: [Permitted] Westminster/25/09237/ADV — 95 Wigmore Street London W1U 1FB
2026-10-01 12:51:36 INFO LEAD new: [Permitted] Westminster/25/09286/FULL — 50 Hay's Mews London W1J 5QE
2026-10-01 12:51:36 INFO LEAD new: [Permitted] Westminster/25/09276/LBC — 12 Upper Belgrave Street London SW1X 8BA
2026-10-01 12:51:36 INFO LEAD new: [Permitted] Westminster/25/09263/ADV — Development Site At 8-10 Grafton Street, 11-14 Grafton Stree
2026-10-01 12:51:36 INFO LEAD new: [Permitted] Westminster/25/09261/ADLBC — 12 Upper Belgrave Street London SW1X 8BA
2026-10-01 12:51:36 INFO LEAD new: [Permitted] Westminster/25/09279/LBC — 28 James Street Covent Garden London WC2E 8PA
2026-10-01 12:51:36 INFO LEAD new: [Permitted] Westminster/25/09290/FULL — Flat 8 7 Curzon Street London W1J 5HG
2026-10-01 12:51:36 INFO LEAD new: [Permitted] Westminster/25/09249/FULL — 26 St Marys Mansions St Mary's Terrace London W2 1SQ
2026-10-01 12:51:36 INFO LEAD new: [Permitted] Westminster/25/09252/NMA — 28 James Street Covent Garden London WC2E 8PA
2026-10-01 12:51:36 INFO LEAD new: [Permitted] Westminster/25/09264/LBC — Hudson House 8 Tavistock Street London WC2E 7PP
2026-10-01 12:51:36 INFO LEAD new: [Permitted] Westminster/25/09270/FULL — 30 Grosvenor Square London W1K 6AN
2026-10-01 12:51:36 INFO LEAD new: [Permitted] Westminster/25/09271/FULL — 12 Chester Street London SW1X 7BB
2026-10-01 12:51:36 INFO LEAD new: [Permitted] Westminster/25/09272/LBC — 12 Chester Street London SW1X 7BB
2026-10-01 12:51:36 INFO LEAD new: [Permitted] Westminster/25/09273/FULL — Buckingham Palace The Mall London SW1A 1AA
2026-10-01 12:51:36 INFO LEAD new: [Permitted] Westminster/25/09274/LBC — Buckingham Palace The Mall London SW1A 1AA
2026-10-01 12:51:36 INFO LEAD new: [Permitted] Westminster/25/09258/FULL — Westminster School Playing Fields Vincent Square London SW1P
2026-10-01 12:51:36 INFO LEAD new: [Permitted] Westminster/25/09269/NMA — 95 New Cavendish Street London W1W 6XF
2026-10-01 12:51:36 INFO LEAD new: [Permitted] Westminster/25/09285/FULL — 60 Circus Road London NW8 9SE
2026-10-01 12:51:36 INFO LEAD new: [Permitted] Westminster/25/09283/LBC — Development Site At Former Whiteleys Centre Queensway London
2026-10-01 12:51:36 INFO LEAD new: [Permitted] Westminster/25/09266/LBC — 43 Weymouth Street London W1G 8NB
2026-10-01 12:51:36 INFO LEAD new: [Permitted] Westminster/25/09288/ADFULL — 40 Ordnance Hill London NW8 6PU
2026-10-01 12:51:36 INFO LEAD new: [Permitted] Westminster/25/09287/LBC — 50 Hay's Mews London W1J 5QE
2026-10-01 12:51:36 INFO LEAD new: [Permitted] Westminster/25/09253/LBC — 79 Harley Street London W1G 9HW
2026-10-01 12:51:36 INFO LEAD new: [Permitted] Westminster/25/09265/FULL — 43 Weymouth Street London W1G 8NB
2026-10-01 12:51:36 INFO LEAD new: [Permitted] Westminster/25/09259/FULL — 52 Jermyn Street London SW1Y 6LX
2026-10-01 12:51:36 INFO LEAD new: [Permitted] Westminster/25/09250/ADLBC — 31 Eccleston Square London SW1V 1NZ
2026-10-01 12:51:36 INFO LEAD new: [Permitted] Westminster/25/09284/FULL — 40 Grosvenor Place London SW1X 7HJ
2026-10-01 12:51:36 INFO LEAD new: [Permitted] Westminster/25/09251/LBC — 31 Eccleston Square London SW1V 1NZ
2026-10-01 12:51:36 INFO LEAD new: [Permitted] Westminster/25/09242/FULL — 6 Queen's Mews London W2 4BZ
2026-10-01 12:51:36 INFO LEAD new: [Permitted] Westminster/25/09262/ADFULL — National Portrait Gallery 2 St Martin's Place London WC2H 0H
2026-10-01 12:51:36 INFO LEAD new: [Permitted] Westminster/25/09260/LBC — 52 Jermyn Street London SW1Y 6LX
2026-10-01 12:51:36 INFO LEAD new: [Permitted] Westminster/25/09210/ADFULL — 29 Henstridge Place London NW8 6QD
2026-10-01 12:51:36 INFO LEAD new: [Permitted] Westminster/25/09205/LBC — Tournament House Paddington Station Praed Street London W2 1
2026-10-01 12:51:36 INFO LEAD new: [Permitted] Westminster/25/09192/ADV — Basement And Ground Floor 16 South Molton Street London W1K 
2026-10-01 12:51:36 INFO LEAD new: [Permitted] Westminster/25/09194/LBC — 47 The Royal Mews London SW1W 0QH
2026-10-01 12:51:36 INFO LEAD new: [Permitted] Westminster/25/09204/FULL — Tournament House Paddington Station Praed Street London W2 1
2026-10-01 12:51:36 INFO LEAD new: [Permitted] Westminster/25/09202/LBC — The London Pavillion 1 Piccadilly London W1J 0DA
2026-10-01 12:51:36 INFO LEAD new: [Permitted] Westminster/25/09236/ADFULL — 57 Clifton Hill London NW8 0JN
2026-10-01 12:51:36 INFO LEAD new: [Permitted] Westminster/26/01067/CLLB — 70 Whitehall London SW1A 2AS
2026-10-01 12:51:36 INFO LEAD new: [Permitted] Westminster/25/09208/FULL — 41 Devonshire Place London W1G 6JY
2026-10-01 12:51:36 INFO LEAD new: [Permitted] Westminster/25/09226/FULL — 50 Wilton Crescent London SW1X 8RX
2026-10-01 12:51:36 INFO LEAD new: [Permitted] Westminster/25/09227/LBC — 50 Wilton Crescent London SW1X 8RX
2026-10-01 12:51:36 INFO LEAD new: [Permitted] Westminster/25/09220/FULL — Flat 4 7 - 11 Princes Gate London SW7 1QL
2026-10-01 12:51:36 INFO LEAD new: [Permitted] Westminster/26/02498/MOD106 — Development Site At Olympia Mews And 28 To 34 Queensway Lond
2026-10-01 12:51:36 INFO LEAD new: [Permitted] Westminster/25/09209/LBC — 41 Devonshire Place London W1G 6JY
2026-10-01 12:51:36 INFO LEAD new: [Permitted] Westminster/25/09221/FULL — Dorchester Hotel 53 Park Lane London W1K 1QA
2026-10-01 12:51:36 INFO LEAD new: [Permitted] Westminster/25/09222/LBC — 38 Belgrave Square London SW1X 8NT
2026-10-01 12:51:36 INFO LEAD new: [Permitted] Westminster/25/09230/ADLBC — 6 Upper Wimpole Street London W1G 6LG
2026-10-01 12:51:36 INFO LEAD new: [Permitted] Westminster/25/09229/ADFULL — 6 Upper Wimpole Street London W1G 6LG
2026-10-01 12:51:36 INFO LEAD new: [Permitted] Westminster/25/09219/ADV — 69 Charing Cross Road London WC2H 0NE
2026-10-01 12:51:36 INFO LEAD new: [Permitted] Westminster/25/09188/LBC — 11 - 13 Lower Grosvenor Place London SW1W 0EX
2026-10-01 12:51:36 INFO LEAD new: [Permitted] Westminster/25/09218/ADLBC — National Portrait Gallery 2 St Martin's Place London WC2H 0H
2026-10-01 12:51:36 INFO LEAD new: [Permitted] Westminster/25/09228/ADFULL — 6 Upper Wimpole Street London W1G 6LG
2026-10-01 12:51:36 INFO LEAD new: [Permitted] Westminster/25/09215/FULL — 1 James Street Marylebone High Street London W1U 1DR
2026-10-01 12:51:36 INFO LEAD new: [Permitted] Westminster/25/09191/ADLBC — 45 Manchester Street London W1U 7LS
2026-10-01 12:51:36 INFO LEAD new: [Permitted] Westminster/25/09198/FULL — 35 Northumberland Place London W2 5AS
2026-10-01 12:51:36 INFO LEAD new: [Permitted] Westminster/25/09216/FULL — 1 James Street Marylebone High Street London W1U 1DR
2026-10-01 12:51:36 INFO LEAD new: [Permitted] Westminster/25/09183/ADV — Paddington Green Police Station 4 Harrow Road London W2 1XJ
2026-10-01 12:51:36 INFO LEAD new: [Permitted] Westminster/25/09200/FULL — Hilton London Metropole And Conference Centre 225 Edgware Ro
2026-10-01 12:51:36 INFO LEAD new: [Permitted] Westminster/25/09203/FULL — 123 Buckingham Palace Road London SW1W 9SL
2026-10-01 12:51:36 INFO LEAD new: [Permitted] Westminster/25/09195/NMA — 47 The Royal Mews London SW1W 0QH
2026-10-01 12:51:36 INFO LEAD new: [Permitted] Westminster/25/09197/FULL — 1 Portland Place London W1B 1PR
2026-10-01 12:51:36 INFO LEAD new: [Permitted] Westminster/25/09214/FULL — 79 Harley Street London W1G 9HW
2026-10-01 12:51:36 INFO LEAD new: [Permitted] Westminster/25/09235/LBC — 26 Rutland Gate London SW7 1BB
2026-10-01 12:51:36 INFO LEAD new: [Permitted] Westminster/25/09234/FULL — 26 Rutland Gate London SW7 1BB
2026-10-01 12:51:36 INFO LEAD new: [Permitted] Westminster/25/09165/LBC — 20 Upper Berkeley Street London W1H 7PF
2026-10-01 12:51:36 INFO LEAD new: [Permitted] Westminster/25/09171/LBC — First Floor And Second Floor Flat 84 Eaton Square London SW1
2026-10-01 12:51:37 INFO LEAD new: [Permitted] Westminster/25/09170/LBC — Dorchester Hotel 53 Park Lane London W1K 1QA
2026-10-01 12:51:37 INFO LEAD new: [Permitted] Westminster/25/09161/ADV — 63 - 65 Piccadilly London W1J 0DY
2026-10-01 12:51:37 INFO LEAD new: [Permitted] Westminster/25/09151/FULL — Ground Floor Flat 57 Fifth Avenue London W10 4DL
2026-10-01 12:51:37 INFO LEAD new: [Permitted] Westminster/25/09176/FULL — Westminster Academy - The Naim Dangoor Centre 255 Harrow Roa
2026-10-01 12:51:37 INFO LEAD new: [Permitted] Westminster/25/09182/ADLBC — The National Gallery Trafalgar Square London WC2N 5DN
2026-10-01 12:51:37 INFO LEAD new: [Permitted] Westminster/25/09181/LBC — 20 Hill Street London W1J 5NJ
2026-10-01 12:51:37 INFO LEAD new: [Permitted] Westminster/25/09168/FULL — Smithson Tower 25 St James's Street London SW1A 1HA
2026-10-01 12:51:37 INFO LEAD new: [Permitted] Westminster/25/09180/LBC — 6 - 11 Harcourt Street London W1H 4AG
2026-10-01 12:51:37 INFO LEAD new: [Permitted] Westminster/25/09166/LBC — 33 Vauxhall Bridge Road London SW1V 2TB
2026-10-01 12:51:43 INFO [westminster/Permitted] page at offset 800: 100 records
2026-10-01 12:51:43 INFO LEAD new: [Permitted] Westminster/25/09173/FULL — Flat 1 26 Alexander Street London W2 5NT
2026-10-01 12:51:43 INFO LEAD new: [Permitted] Westminster/25/09169/LBC — Smithson Tower 25 St James's Street London SW1A 1HA
2026-10-01 12:51:43 INFO LEAD new: [Permitted] Westminster/25/09117/FULL — 43 William Mews London SW1X 9HQ
2026-10-01 12:51:43 INFO LEAD new: [Permitted] Westminster/25/09110/AADV — Niketown 236 Oxford Street London W1C 1DE
2026-10-01 12:51:43 INFO LEAD new: [Permitted] Westminster/25/09113/LBC — Flat 6 140 - 142 Randolph Avenue London W9 1PG
2026-10-01 12:51:43 INFO LEAD new: [Permitted] Westminster/25/09118/ADV — 167 - 169 Great Portland Street London W1W 5PA
2026-10-01 12:51:43 INFO LEAD new: [Permitted] Westminster/25/09123/FULL — Balmoral Apartments 2 Praed Street London W2 1JL
2026-10-01 12:51:43 INFO LEAD new: [Permitted] Westminster/25/09142/LBC — The Dilly 21 Piccadilly London W1J 0BH
2026-10-01 12:51:43 INFO LEAD new: [Permitted] Westminster/25/09109/LBC — Flat 1 40 Montagu Square London W1H 2LL
2026-10-01 12:51:43 INFO LEAD new: [Permitted] Westminster/25/09112/FULL — 17 Grosvenor Street London W1K 4QH
2026-10-01 12:51:43 INFO LEAD new: [Permitted] Westminster/25/09120/ADFULL — 20 - 22 Mortimer Street London W1T 3JW
2026-10-01 12:51:43 INFO LEAD new: [Permitted] Westminster/25/09111/ADLBC — Basement And Ground Floor 13 Motcomb Street London SW1X 8LB
2026-10-01 12:51:43 INFO LEAD new: [Permitted] Westminster/25/09144/LBC — 27 Shouldham Street London W1H 5FL
2026-10-01 12:51:43 INFO LEAD new: [Permitted] Westminster/25/09143/FULL — 27 Shouldham Street London W1H 5FL
2026-10-01 12:51:43 INFO LEAD new: [Permitted] Westminster/25/09136/ADFULL — Development Site At 26 To 46 Lisson Grove And 18 Hayes Place
2026-10-01 12:51:43 INFO LEAD new: [Permitted] Westminster/25/09139/ADFULL — 25 - 27 St George Street London W1S 1FS
2026-10-01 12:51:43 INFO LEAD new: [Permitted] Westminster/25/09115/ADLBC — Buckingham Palace The Mall London SW1A 1AA
2026-10-01 12:51:43 INFO LEAD new: [Permitted] Westminster/25/09130/FULL — 2 Oxford Square London W2 2PA
2026-10-01 12:51:43 INFO LEAD new: [Permitted] Westminster/25/09110/ADFULL — Niketown 236 Oxford Street London W1C 1DE
2026-10-01 12:51:43 INFO LEAD new: [Permitted] Westminster/25/09096/ADLBC — 70 Whitehall London SW1A 2AS
2026-10-01 12:51:43 INFO LEAD new: [Permitted] Westminster/26/02053/TELNOT — Blackett Building Imperial College Prince Consort Road Londo
2026-10-01 12:51:43 INFO LEAD new: [Permitted] Westminster/25/09096/ADFULL — 70 Whitehall London SW1A 2AS
2026-10-01 12:51:43 INFO LEAD new: [Permitted] Westminster/25/09094/LBC — 14 - 16 Cockspur Street London SW1Y 5BL
2026-10-01 12:51:43 INFO LEAD new: [Permitted] Westminster/25/09085/FULL — 333 Oxford Street London W1C 2HY
2026-10-01 12:51:43 INFO LEAD new: [Permitted] Westminster/25/09101/LBC — Basement To Mezzanine Floor 254 Regent Street London W1B 3AA
2026-10-01 12:51:43 INFO LEAD new: [Permitted] Westminster/25/09099/FULL — The Westbury Hotel 37 Conduit Street London W1S 2YF
2026-10-01 12:51:43 INFO LEAD new: [Permitted] Westminster/25/09098/LBC — 1 Horse Guards Road London SW1A 2HQ
2026-10-01 12:51:43 INFO LEAD new: [Permitted] Westminster/25/09091/NMA — 29 Henstridge Place London NW8 6QD
2026-10-01 12:51:43 INFO LEAD new: [Permitted] Westminster/25/09095/AD7 — First Floor Aldine House 33 Welbeck Street London W1G 8EX
2026-10-01 12:51:43 INFO LEAD new: [Permitted] Westminster/25/09100/FULL — Hanover Square Garden Hanover Square London W1S 1HQ
2026-10-01 12:51:43 INFO LEAD new: [Permitted] Westminster/25/09092/FULL — Penthouse Fourth Floor 84 Mount Street London W1K 2SP
2026-10-01 12:51:43 INFO LEAD new: [Permitted] Westminster/25/09106/FULL — 12 Denbigh Street London SW1V 2ER
2026-10-01 12:51:43 INFO LEAD new: [Permitted] Westminster/25/09049/LBC — Sanctuary Buildings 20 Great Smith Street London SW1P 3BT
2026-10-01 12:51:43 INFO LEAD new: [Permitted] Westminster/25/09063/FULL — The Penthouse Target House 66 St James's Street London SW1A 
2026-10-01 12:51:43 INFO LEAD new: [Permitted] Westminster/25/09069/ADV — 178 - 180 Edgware Road London W2 2DS
2026-10-01 12:51:43 INFO LEAD new: [Permitted] Westminster/25/09054/FULL — 28 Argyll Street London W1F 7EB
2026-10-01 12:51:43 INFO LEAD new: [Permitted] Westminster/25/09068/FULL — 178 - 180 Edgware Road London W2 2DS
2026-10-01 12:51:43 INFO LEAD new: [Permitted] Westminster/25/09076/LBC — Flat 1 34 Hyde Park Square London W2 2NW
2026-10-01 12:51:43 INFO LEAD new: [Permitted] Westminster/25/09079/NMA — 1 Victoria Street London SW1H 0ET
2026-10-01 12:51:43 INFO LEAD new: [Permitted] Westminster/25/09055/LBC — 28 Argyll Street London W1F 7EB
2026-10-01 12:51:43 INFO LEAD new: [Permitted] Westminster/25/09062/ADFULL — South West Wing Bush House Strand London WC2B 4RD
2026-10-01 12:51:43 INFO LEAD new: [Permitted] Westminster/25/09065/FULL — 240 Kilburn Lane London W10 4BA
2026-10-01 12:51:43 INFO LEAD new: [Permitted] Westminster/25/09060/ADV — 26 Old Bond Street London W1S 4QD
2026-10-01 12:51:43 INFO LEAD new: [Permitted] Westminster/25/09081/ADFULL — 1 Sherlock Mews London W1U 6DW
2026-10-01 12:51:43 INFO LEAD new: [Permitted] Westminster/25/09059/FULL — 26 Old Bond Street London W1S 4QD
2026-10-01 12:51:43 INFO LEAD new: [Permitted] Westminster/25/09044/FULL — 37 Carnaby Street London W1F 7DT
2026-10-01 12:51:43 INFO LEAD new: [Permitted] Westminster/25/09045/ADV — 37 Carnaby Street London W1F 7DT
2026-10-01 12:51:43 INFO LEAD new: [Permitted] Westminster/25/09048/FULL — 6 Culross Street London W1K 2DS
2026-10-01 12:51:43 INFO LEAD new: [Permitted] Westminster/25/09042/FULL — 97 Mount Street London W1K 2TD
2026-10-01 12:51:43 INFO LEAD new: [Permitted] Westminster/25/09041/ADFULL — 97 Mount Street London W1K 2TD
2026-10-01 12:51:43 INFO LEAD new: [Permitted] Westminster/25/09078/LBC — 17 Porchester Terrace London W2 3TH
2026-10-01 12:51:43 INFO LEAD new: [Permitted] Westminster/25/09077/FULL — 17 Porchester Terrace London W2 3TH
2026-10-01 12:51:43 INFO LEAD new: [Permitted] Westminster/25/09050/ADV — Libertys Tudor Building Great Marlborough Street London W1F 
2026-10-01 12:51:43 INFO LEAD new: [Permitted] Westminster/25/09030/COFUL — Parkinson House Tachbrook Street London SW1V 2QB
2026-10-01 12:51:43 INFO LEAD new: [Permitted] Westminster/25/09022/LBC — 1 Chester Row London SW1W 9JF
2026-10-01 12:51:43 INFO LEAD new: [Permitted] Westminster/25/09019/LBC — Flat 1 43 Harrowby Street London W1H 5HX
2026-10-01 12:51:43 INFO LEAD new: [Permitted] Westminster/25/09039/FULL — Basement And Ground Floor Lisa House 52 - 55 Carnaby Street 
2026-10-01 12:51:43 INFO LEAD new: [Permitted] Westminster/25/09038/FULL — 24 Alperton Street London W10 4NQ
2026-10-01 12:51:43 INFO LEAD new: [Permitted] Westminster/25/09031/COLBC — Parkinson House Tachbrook Street London SW1V 2QB
2026-10-01 12:51:43 INFO LEAD new: [Permitted] Westminster/26/00687/OBS — Neasden Goods Depot Neasden Lane Brent London NW10 2UG
2026-10-01 12:51:43 INFO LEAD new: [Permitted] Westminster/25/09029/LBC — Basement And Ground Floor 11 - 12 Pall Mall London SW1Y 5LU
2026-10-01 12:51:44 INFO LEAD new: [Permitted] Westminster/25/09021/LBC — 32 Eccleston Square London SW1V 1PB
2026-10-01 12:51:44 INFO LEAD new: [Permitted] Westminster/25/09028/LBC — Flat 1 33 Ennismore Gardens London SW7 1AE
2026-10-01 12:51:44 INFO LEAD new: [Permitted] Westminster/25/09026/ADFULL — 167 - 169 Great Portland Street London W1W 5PA
2026-10-01 12:51:44 INFO LEAD new: [Permitted] Westminster/25/09032/ADFULL — 88 Cambridge Street London SW1V 4QG
2026-10-01 12:51:44 INFO LEAD new: [Permitted] Westminster/25/09025/ADFULL — Development Site At Olympia Mews And 28 To 34 Queensway Lond
2026-10-01 12:51:44 INFO LEAD new: [Permitted] Westminster/25/09033/LBC — 110 Harley Street London W1G 7JG
2026-10-01 12:51:44 INFO LEAD new: [Permitted] Westminster/25/09027/ADFULL — Devon House 171 - 177 Great Portland Street London W1W 5PQ
2026-10-01 12:51:44 INFO LEAD new: [Permitted] Westminster/25/09030/FULL — Parkinson House Tachbrook Street London SW1V 2QB
2026-10-01 12:51:44 INFO LEAD new: [Permitted] Westminster/25/09023/LBC — Third Floor Flat 135A Hamilton Terrace London NW8 9QR
2026-10-01 12:51:44 INFO LEAD new: [Permitted] Westminster/25/09031/LBC — Parkinson House Tachbrook Street London SW1V 2QB
2026-10-01 12:51:44 INFO LEAD new: [Permitted] Westminster/25/09035/ADV — Basement And Ground Floor 11 - 12 Pall Mall London SW1Y 5LU
2026-10-01 12:51:44 INFO LEAD new: [Permitted] Westminster/25/09015/PACU2F — 33 Southampton Street London WC2E 7HE
2026-10-01 12:51:44 INFO LEAD new: [Permitted] Westminster/25/09010/FULL — 79 Hereford Road London W2 5BB
2026-10-01 12:51:44 INFO LEAD new: [Permitted] Westminster/25/09009/FULL — 22 Ponsonby Terrace London SW1P 4QA
2026-10-01 12:51:44 INFO LEAD new: [Permitted] Westminster/25/08986/LBC — 18 Eaton Place London SW1X 8AE
2026-10-01 12:51:44 INFO LEAD new: [Permitted] Westminster/25/09011/LBC — 79 Hereford Road London W2 5BB
2026-10-01 12:51:44 INFO LEAD new: [Permitted] Westminster/25/09013/FULL — 6 - 7 Clifford Street London W1S 2FT
2026-10-01 12:51:44 INFO LEAD new: [Permitted] Westminster/25/08985/FULL — 18 Eaton Place London SW1X 8AE
2026-10-01 12:51:44 INFO LEAD new: [Permitted] Westminster/25/08997/ADFULL — De Beers Jewellers Limited 45 - 50 Old Bond Street London W1
2026-10-01 12:51:44 INFO LEAD new: [Permitted] Westminster/25/08989/ADFULL — West One Shopping Centre 381 Oxford Street London W1C 2JS
2026-10-01 12:51:44 INFO LEAD new: [Permitted] Westminster/25/08998/NMA — 334 - 348 Oxford Street London W1C 1JG
2026-10-01 12:51:44 INFO LEAD new: [Permitted] Westminster/25/08987/LBC — Flat B 39 Eaton Square London SW1W 9DH
2026-10-01 12:51:44 INFO LEAD new: [Permitted] Westminster/26/00690/OBS — Development Site At 22-24 Southwark Bridge Road Southwark Lo
2026-10-01 12:51:44 INFO LEAD new: [Permitted] Westminster/25/09012/LBC — 10 Carlton House Terrace London SW1Y 5AH
2026-10-01 12:51:44 INFO LEAD new: [Permitted] Westminster/25/08993/FULL — 55 Eresby House Rutland Gate London SW7 1BG
2026-10-01 12:51:50 INFO [westminster/Permitted] page at offset 900: 100 records
2026-10-01 12:51:50 INFO LEAD new: [Permitted] Westminster/25/08994/ADLBC — De Beers Jewellers Limited 45 - 50 Old Bond Street London W1
2026-10-01 12:51:50 INFO LEAD new: [Permitted] Westminster/25/08982/LBC — Sanctuary House 33 Tothill Street London SW1H 9LA
2026-10-01 12:51:50 INFO LEAD new: [Permitted] Westminster/26/00702/OBS — Senator House 85 Queen Victoria Street City Of London London
2026-10-01 12:51:50 INFO LEAD new: [Permitted] Westminster/25/08972/FULL — Flat 4A Albert Hall Mansions Kensington Gore London SW7 2AN
2026-10-01 12:51:50 INFO LEAD new: [Permitted] Westminster/25/08966/LBC — Venture House 27 - 29 Glasshouse Street London W1B 5DF
2026-10-01 12:51:50 INFO LEAD new: [Permitted] Westminster/25/08973/LBC — Flat 4A Albert Hall Mansions Kensington Gore London SW7 2AN
2026-10-01 12:51:50 INFO LEAD new: [Permitted] Westminster/26/08979/TCH — Basement To First Floor 11 - 13 Market Place London W1W 8AH
2026-10-01 12:51:50 INFO LEAD new: [Permitted] Westminster/25/08970/NMA — Venture House 27 - 29 Glasshouse Street London W1B 5DF
2026-10-01 12:51:50 INFO LEAD new: [Permitted] Westminster/25/08977/CLOPUD — 8 Artillery Row SW1P 1RZ
2026-10-01 12:51:50 INFO LEAD new: [Permitted] Westminster/25/08976/NMA — 415 Oxford Street London W1C 2PG
2026-10-01 12:51:50 INFO LEAD new: [Permitted] Westminster/25/08962/AADV — Niketown 236 Oxford Street London W1C 1DE
2026-10-01 12:51:50 INFO LEAD new: [Permitted] Westminster/25/08964/AD7 — 10 Charles II Street London SW1Y 4AA
2026-10-01 12:51:50 INFO LEAD new: [Permitted] Westminster/25/08961/LBC — 35 Great Cumberland Place London W1H 7DS
2026-10-01 12:51:50 INFO LEAD new: [Permitted] Westminster/25/08980/ADLBC — 97 Mount Street London W1K 2TD
2026-10-01 12:51:50 INFO LEAD new: [Permitted] Westminster/25/08960/FULL — 19 Cumberland Street London SW1V 4LS
2026-10-01 12:51:50 INFO LEAD new: [Permitted] Westminster/25/08948/FULL — The Dilly 21 Piccadilly London W1J 0BH
2026-10-01 12:51:50 INFO LEAD new: [Permitted] Westminster/25/08941/FULL — 78 Duke Street London W1K 6JG
2026-10-01 12:51:50 INFO LEAD new: [Permitted] Westminster/25/08949/LBC — The Dilly 21 Piccadilly London W1J 0BH
2026-10-01 12:51:50 INFO LEAD new: [Permitted] Westminster/25/08952/LBC — 59 Eaton Place London SW1X 8DF
2026-10-01 12:51:50 INFO LEAD new: [Permitted] Westminster/25/08951/FULL — 59 Eaton Place London SW1X 8DF
2026-10-01 12:51:50 INFO LEAD new: [Permitted] Westminster/26/08957/ADLBC — 10 South Molton Lane London W1K 5LE
2026-10-01 12:51:50 INFO LEAD new: [Permitted] Westminster/25/08943/FULL — Adelphi Theatre 411 - 412 Strand London WC2R 0NS
2026-10-01 12:51:50 INFO LEAD new: [Permitted] Westminster/25/08945/ADV — Adelphi Theatre 411 - 412 Strand London WC2R 0NS
2026-10-01 12:51:50 INFO LEAD new: [Permitted] Westminster/26/08959/ADLBC — 15 South Molton Street London W1K 5QR
2026-10-01 12:51:50 INFO LEAD new: [Permitted] Westminster/25/08931/NMA — 23 Savile Row London W1S 2ET
2026-10-01 12:51:50 INFO LEAD new: [Permitted] Westminster/26/00674/CLLB — Royal College Of Art Kensington Gore London SW7 2EU
2026-10-01 12:51:50 INFO LEAD new: [Permitted] Westminster/25/08944/LBC — Adelphi Theatre 411 - 412 Strand London WC2R 0NS
2026-10-01 12:51:50 INFO LEAD new: [Permitted] Westminster/25/08934/ADV — 532 Harrow Road London W9 3QF
2026-10-01 12:51:50 INFO LEAD new: [Permitted] Westminster/25/08933/FULL — 532 Harrow Road London W9 3QF
2026-10-01 12:51:50 INFO LEAD new: [Permitted] Westminster/25/08947/FULL — First Floor Flat 51 Warrington Crescent London W9 1EJ
2026-10-01 12:51:50 INFO LEAD new: [Permitted] Westminster/25/08932/FULL — 4 Randolph Crescent London W9 1DR
2026-10-01 12:51:50 INFO LEAD new: [Permitted] Westminster/25/08942/ADLBC — 31 Bryanston Square London W1H 2DT
2026-10-01 12:51:50 INFO LEAD new: [Permitted] Westminster/25/08958/FULL — 3 Lanark Road London W9 1DD
2026-10-01 12:51:50 INFO LEAD new: [Permitted] Westminster/25/08902/ADLBC — 95 Park Lane London W1K 7TE
2026-10-01 12:51:50 INFO LEAD new: [Permitted] Westminster/25/08908/LBC — The Dilly 21 Piccadilly London W1J 0BH
2026-10-01 12:51:51 INFO LEAD new: [Permitted] Westminster/25/08898/ADLBC — 94 Park Lane London W1K 7TD
2026-10-01 12:51:51 INFO LEAD new: [Permitted] Westminster/25/08877/FULL — 1 - 10 Praed Mews London W2 1QY
2026-10-01 12:51:51 INFO LEAD new: [Permitted] Westminster/25/08876/FULL — Flat 12 Lampard House 8 Maida Avenue London W2 1SS
2026-10-01 12:51:51 INFO LEAD new: [Permitted] Westminster/25/08911/FULL — The George 213 Strand London WC2R 1AP
2026-10-01 12:51:51 INFO LEAD new: [Permitted] Westminster/25/08924/ADFULL — 8 Vincent Square London SW1P 2LX
2026-10-01 12:51:51 INFO LEAD new: [Permitted] Westminster/25/08881/ADFULL — 1 Hanover Square London W1S 1HA
2026-10-01 12:51:51 INFO LEAD new: [Permitted] Westminster/25/08915/FULL — 15 Great Cumberland Place London W1H 7AS
2026-10-01 12:51:51 INFO LEAD new: [Permitted] Westminster/25/08884/ADLBC — 25 - 31 Wellington Street London WC2E 7DD
2026-10-01 12:51:51 INFO LEAD new: [Permitted] Westminster/25/08883/FULL — 46 Manchester Street London W1U 7LS
2026-10-01 12:51:51 INFO LEAD new: [Permitted] Westminster/26/00696/OBS — Site Bounded By 40 Liverpool Street, 50 Liverpool Street, Op
2026-10-01 12:51:51 INFO LEAD new: [Permitted] Westminster/25/08882/ADFULL — 1 Connaught Place London W2 2ET
2026-10-01 12:51:51 INFO LEAD new: [Permitted] Westminster/25/08886/FULL — 13 Grosvenor Place London SW1X 7HH
2026-10-01 12:51:51 INFO LEAD new: [Permitted] Westminster/25/08907/ADV — Basement And Ground Floor 381 Harrow Road London W9 3NA
2026-10-01 12:51:51 INFO LEAD new: [Permitted] Westminster/25/08897/FULL — 21 Stafford Place London SW1E 6NP
2026-10-01 12:51:51 INFO LEAD new: [Permitted] Westminster/25/08899/ADV — Fenwicks 58 - 63 New Bond Street London W1S 1RJ
2026-10-01 12:51:51 INFO LEAD new: [Permitted] Westminster/25/08874/ADV — 1 Victoria Street London SW1H 0ET
2026-10-01 12:51:51 INFO LEAD new: [Permitted] Westminster/25/08925/FULL — Marlborough 38 - 40 Maida Vale London W9 1RW
2026-10-01 12:51:51 INFO LEAD new: [Permitted] Westminster/25/08889/AD7 — 100 Gloucester Place London W1U 6HT
2026-10-01 12:51:51 INFO LEAD new: [Permitted] Westminster/25/08927/NMA — 25A Randolph Crescent London W9 1DP
2026-10-01 12:51:51 INFO LEAD new: [Permitted] Westminster/26/01084/NMA — 12 Finchley Road London NW8 6EB
2026-10-01 12:51:51 INFO LEAD new: [Permitted] Westminster/25/08894/ADLBC — 36 Hertford Street London W1J 7SE
2026-10-01 12:51:51 INFO LEAD new: [Permitted] Westminster/25/08923/NMA — Development Site At Former Whiteleys Centre Queensway London
2026-10-01 12:51:51 INFO LEAD new: [Permitted] Westminster/25/08903/FULL — 19 Windsor Gardens London W9 3RQ
2026-10-01 12:51:51 INFO LEAD new: [Permitted] Westminster/25/08887/LBC — 13 Grosvenor Place London SW1X 7HH
2026-10-01 12:51:51 INFO LEAD new: [Permitted] Westminster/25/08890/LBC — 37 Belgrave Square London SW1X 8NS
2026-10-01 12:51:51 INFO LEAD new: [Permitted] Westminster/25/08900/LBC — Venture House 27 - 29 Glasshouse Street London W1B 5DF
2026-10-01 12:51:51 INFO LEAD new: [Permitted] Westminster/25/08888/FULL — 111 Luxborough Tower Luxborough Street London W1U 5BL
2026-10-01 12:51:51 INFO LEAD new: [Permitted] Westminster/26/02056/TELNOT — 11 - 12 Haymarket London SW1Y 4BP
2026-10-01 12:51:51 INFO LEAD new: [Permitted] Westminster/25/08892/FULL — Methodist Church House 25 Marylebone Road London NW1 5JR
2026-10-01 12:51:51 INFO LEAD new: [Permitted] Westminster/25/08891/FULL — Methodist Church House 25 Marylebone Road London NW1 5JR
2026-10-01 12:51:51 INFO LEAD new: [Permitted] Westminster/25/08843/ADV — 58 Blandford Street London W1U 7JB
2026-10-01 12:51:51 INFO LEAD new: [Permitted] Westminster/25/08861/LBC — 67 Balcombe Street London NW1 6HD
2026-10-01 12:51:51 INFO LEAD new: [Permitted] Westminster/25/08849/ADV — 16 Motcomb Street London SW1X 8LB
2026-10-01 12:51:51 INFO LEAD new: [Permitted] Westminster/25/08866/ADFULL — 30 Carlton Hill London NW8 0JY
2026-10-01 12:51:51 INFO LEAD new: [Permitted] Westminster/25/08842/LBC — 2 Spanish Place London W1U 3HF
2026-10-01 12:51:51 INFO LEAD new: [Permitted] Westminster/25/08845/FULL — Flat 5 Aquarius House 57A Lisson Street London NW1 5DA
2026-10-01 12:51:51 INFO LEAD new: [Permitted] Westminster/25/08840/FULL — 79 Fermoy Road London W9 3NJ
2026-10-01 12:51:51 INFO LEAD new: [Permitted] Westminster/25/08860/FULL — Development Site At Former Whiteleys Centre Queensway London
2026-10-01 12:51:51 INFO LEAD new: [Permitted] Westminster/25/08858/FULL — Third Floor And Fourth Floor Flat 45 Gloucester Street Londo
2026-10-01 12:51:51 INFO LEAD new: [Permitted] Westminster/25/08852/FULL — 35B Panton Street London SW1Y 4EA
2026-10-01 12:51:51 INFO LEAD new: [Permitted] Westminster/25/08859/FULL — 39 Chepstow Place London W2 4TS
2026-10-01 12:51:51 INFO LEAD new: [Permitted] Westminster/25/08863/LBC — House Of Commons Palace Of Westminster Parliament Square Lon
2026-10-01 12:51:51 INFO LEAD new: [Permitted] Westminster/25/08871/CLOPUD — Flat 46 Arthur Court Queensway London W2 5HW
2026-10-01 12:51:51 INFO LEAD new: [Permitted] Westminster/25/08865/FULL — 36 Green Street London W1K 7FH
2026-10-01 12:51:51 INFO LEAD new: [Permitted] Westminster/25/08868/ADV — 62 Victoria Street London SW1E 6QP
2026-10-01 12:51:57 INFO [westminster/Permitted] page at offset 1000: 100 records
2026-10-01 12:51:57 INFO LEAD new: [Permitted] Westminster/25/08854/NMA — 60 Marlborough Place London NW8 0PL
2026-10-01 12:51:57 INFO LEAD new: [Permitted] Westminster/25/08847/ADFULL — 8 Elm Tree Road London NW8 9JX
2026-10-01 12:51:57 INFO LEAD new: [Permitted] Westminster/25/08841/FULL — 2 Spanish Place London W1U 3HF
2026-10-01 12:51:57 INFO LEAD new: [Permitted] Westminster/25/08850/LBC — 60 Marlborough Place London NW8 0PL
2026-10-01 12:51:57 INFO LEAD new: [Permitted] Westminster/25/08835/LBC — 4 Shepherd Street London W1J 7JD
2026-10-01 12:51:57 INFO LEAD new: [Permitted] Westminster/25/08834/LBC — 46 Manchester Street London W1U 7LS
2026-10-01 12:51:57 INFO LEAD new: [Permitted] Westminster/25/08815/FULL — 8 Carlos Place London W1K 3AW
2026-10-01 12:51:57 INFO LEAD new: [Permitted] Westminster/25/08828/COGADF — 581 - 587 Harrow Road London W10 4RH
2026-10-01 12:51:57 INFO LEAD new: [Permitted] Westminster/25/08816/LBC — 8 Carlos Place London W1K 3AW
2026-10-01 12:51:57 INFO LEAD new: [Permitted] Westminster/25/08818/FULL — 12A Norfolk Road London NW8 6HE
2026-10-01 12:51:57 INFO LEAD new: [Permitted] Westminster/25/08821/FULL — 29 Chiltern Street London W1U 7PL
2026-10-01 12:51:57 INFO LEAD new: [Permitted] Westminster/25/08811/LBC — Castleton Court 4 - 5 Cleveland Gardens London W2 6HA
2026-10-01 12:51:57 INFO LEAD new: [Permitted] Westminster/25/08826/ADLBC — 97 Mount Street London W1K 2TD
2026-10-01 12:51:57 INFO LEAD new: [Permitted] Westminster/25/08813/LBC — 44 Welbeck Street London W1G 8DY
2026-10-01 12:51:57 INFO LEAD new: [Permitted] Westminster/25/08839/ADV — 411 Oxford Street London W1C 2PE
2026-10-01 12:51:57 INFO LEAD new: [Permitted] Westminster/25/08812/FULL — 21 Montagu Street London W1H 7EX
2026-10-01 12:51:57 INFO LEAD new: [Permitted] Westminster/25/08830/ADLBC — 22 Hill Street London W1J 5NJ
2026-10-01 12:51:57 INFO LEAD new: [Permitted] Westminster/25/08810/FULL — Castleton Court 4 - 5 Cleveland Gardens London W2 6HA
2026-10-01 12:51:58 INFO LEAD new: [Permitted] Westminster/25/08836/LBC — 12 Sussex Place London W2 2TP
2026-10-01 12:51:58 INFO LEAD new: [Permitted] Westminster/25/08829/NMA — Development Site At 180 Piccadilly And 48 To 50 Jermyn Stree
2026-10-01 12:51:58 INFO LEAD new: [Permitted] Westminster/25/08832/FULL — 9 Old Bond Street London W1S 4PJ
2026-10-01 12:51:58 INFO LEAD new: [Permitted] Westminster/25/08833/ADV — 9 Old Bond Street London W1S 4PJ
2026-10-01 12:51:58 INFO LEAD new: [Permitted] Westminster/25/08831/NMA — 415 Oxford Street London W1C 2PG
2026-10-01 12:51:58 INFO LEAD new: [Permitted] Westminster/25/08824/ADFULL — 1 - 7 Livonia Street London W1F 8AD
2026-10-01 12:51:58 INFO LEAD new: [Permitted] Westminster/25/08806/ADFULL — 29 - 30 Leicester Square London WC2H 7LA
2026-10-01 12:51:58 INFO LEAD new: [Permitted] Westminster/25/08822/ADFULL — 45 Kilburn Park Road London NW6 5XD
2026-10-01 12:51:58 INFO LEAD new: [Permitted] Westminster/25/08817/ADV — 30 King Street Covent Garden London WC2E 8JD
2026-10-01 12:51:58 INFO LEAD new: [Permitted] Westminster/25/08808/LBC — 4 - 8 Newport Place London WC2H 7JP
2026-10-01 12:51:58 INFO LEAD new: [Permitted] Westminster/25/08837/ADFULL — Ground Floor Flat 25 Randolph Crescent London W9 1DP
2026-10-01 12:51:58 INFO LEAD new: [Permitted] Westminster/25/08819/ADFULL — Flat 34 Gladstone Court 97 Regency Street London SW1P 4AL
2026-10-01 12:51:58 INFO LEAD new: [Permitted] Westminster/25/08781/ADV — 143 New Bond Street London W1S 2TP
2026-10-01 12:51:58 INFO LEAD new: [Permitted] Westminster/25/08789/ADLBC — Flat 3 61 Randolph Avenue London W9 1DW
2026-10-01 12:51:58 INFO LEAD new: [Permitted] Westminster/25/08791/FULL — 86 - 100 Edgware Road London W2 2EA
2026-10-01 12:51:58 INFO LEAD new: [Permitted] Westminster/25/08793/LBC — Churchill War Rooms At Clive Steps King Charles Street Londo
2026-10-01 12:51:58 INFO LEAD new: [Permitted] Westminster/25/08787/ADFULL — 35 - 37 Grosvenor Square London W1K 2HN
2026-10-01 12:51:58 INFO LEAD new: [Permitted] Westminster/26/00955/NMA — 26 Warwick Avenue London W9 2PT
2026-10-01 12:51:58 INFO LEAD new: [Permitted] Westminster/25/08804/LBC — York Bridge London NW1 4NS
2026-10-01 12:51:58 INFO LEAD new: [Permitted] Westminster/25/08800/FULL — 18 Dartmouth Street London SW1H 9BL
2026-10-01 12:51:58 INFO LEAD new: [Permitted] Westminster/25/08796/NMA — Basement 8 Grittleton Road London W9 2DD
2026-10-01 12:51:58 INFO LEAD new: [Permitted] Westminster/25/08799/LBC — 16 Motcomb Street London SW1X 8LB
2026-10-01 12:51:58 INFO LEAD new: [Permitted] Westminster/25/08776/ADFULL — 4 Devonshire Close London W1G 7BA
2026-10-01 12:51:58 INFO LEAD new: [Permitted] Westminster/25/08755/ADLBC — 27 Manchester Street London W1U 4DJ
2026-10-01 12:51:58 INFO LEAD new: [Permitted] Westminster/25/08775/ADFULL — 4 Devonshire Close London W1G 7BA
2026-10-01 12:51:58 INFO LEAD new: [Permitted] Westminster/25/08762/ADV — 35 Broadwick Street London W1F 0DH
2026-10-01 12:51:58 INFO LEAD new: [Permitted] Westminster/25/08754/NMA — 20 Manchester Square London W1U 3PZ
2026-10-01 12:51:58 INFO LEAD new: [Permitted] Westminster/25/08764/FULL — 24 Wigmore Street London W1U 2RJ
2026-10-01 12:51:58 INFO LEAD new: [Permitted] Westminster/25/08766/ADFULL — 34 Old Queen Street London SW1H 9HP
2026-10-01 12:51:58 INFO LEAD new: [Permitted] Westminster/25/08769/LBC — Flat 3 Albert Hall Mansions Kensington Gore London SW7 2AN
2026-10-01 12:51:58 INFO LEAD new: [Permitted] Westminster/26/08777/ADLBC — 14 Upper Wimpole Street London W1G 6LR
2026-10-01 12:51:58 INFO LEAD new: [Permitted] Westminster/25/08761/ADV — 10 Vauxhall Bridge Road London SW1V 2SD
2026-10-01 12:51:58 INFO LEAD new: [Permitted] Westminster/25/08760/FULL — 10 Vauxhall Bridge Road London SW1V 2SD
2026-10-01 12:51:58 INFO LEAD new: [Permitted] Westminster/25/08757/ADV — 8 Marylebone High Street London W1U 4NN
2026-10-01 12:51:58 INFO LEAD new: [Permitted] Westminster/25/08759/LBC — 18 Suffolk Street London SW1Y 4HG
2026-10-01 12:51:58 INFO LEAD new: [Permitted] Westminster/25/08763/FULL — 7 Chilworth Mews London W2 3RG
2026-10-01 12:51:58 INFO LEAD new: [Permitted] Westminster/25/08768/FULL — 74 Lupus Street London SW1V 3EL
2026-10-01 12:51:58 INFO LEAD new: [Permitted] Westminster/25/08765/LBC — 24 Wigmore Street London W1U 2RJ
2026-10-01 12:51:58 INFO LEAD new: [Permitted] Westminster/25/08771/LBC — 4 - 6 Soho Square London W1D 3PZ
2026-10-01 12:51:58 INFO LEAD new: [Permitted] Westminster/25/08732/LBC — 21 - 22 Coventry Street London W1D 7AE
2026-10-01 12:51:58 INFO LEAD new: [Permitted] Westminster/25/08724/ADFULL — 14 Upper Wimpole Street London W1G 6LR
2026-10-01 12:51:58 INFO LEAD new: [Permitted] Westminster/25/08736/LBC — 143 New Bond Street London W1S 2TP
2026-10-01 12:51:58 INFO LEAD new: [Permitted] Westminster/25/08740/FULL — 75 Cumberland Street London SW1V 4NB
2026-10-01 12:51:58 INFO LEAD new: [Permitted] Westminster/25/08731/FULL — 21 - 22 Coventry Street London W1D 7AE
2026-10-01 12:51:58 INFO LEAD new: [Permitted] Westminster/25/08728/ADFULL — West One Shopping Centre 381 Oxford Street London W1C 2JS
2026-10-01 12:51:58 INFO LEAD new: [Permitted] Westminster/25/08726/FULL — Stafford House Cosway Street London NW1 6TJ
2026-10-01 12:51:58 INFO LEAD new: [Permitted] Westminster/25/08730/ADFULL — West One Shopping Centre 381 Oxford Street London W1C 2JS
2026-10-01 12:51:58 INFO LEAD new: [Permitted] Westminster/25/08744/ADV — 16A Bedford Street London WC2E 9HE
2026-10-01 12:51:58 INFO LEAD new: [Permitted] Westminster/25/08749/FULL — 3 Wellington Close London W11 2AN
2026-10-01 12:51:58 INFO LEAD new: [Permitted] Westminster/25/08745/LBC — 84 Carlton Hill London NW8 0ER
2026-10-01 12:51:58 INFO LEAD new: [Permitted] Westminster/25/08727/FULL — Ground Floor Flat 45 Fermoy Road London W9 3NH
2026-10-01 12:51:58 INFO LEAD new: [Permitted] Westminster/25/08735/LBC — 8 - 9 William Street London SW1X 9HL
2026-10-01 12:51:58 INFO LEAD new: [Permitted] Westminster/26/00675/ADFULL — 107 - 109 Great Portland Street London W1W 6QG
2026-10-01 12:51:58 INFO LEAD new: [Permitted] Westminster/25/08729/ADFULL — West One Shopping Centre 381 Oxford Street London W1C 2JS
2026-10-01 12:51:58 INFO LEAD new: [Permitted] Westminster/25/08734/FULL — 8 - 9 William Street London SW1X 9HL
2026-10-01 12:51:58 INFO LEAD new: [Permitted] Westminster/25/08696/ADV — Trafalgar Square Post Office 24 - 28 William Iv Street Londo
2026-10-01 12:51:58 INFO LEAD new: [Permitted] Westminster/25/08693/FULL — 19 Durham Terrace London W2 5PB
2026-10-01 12:51:58 INFO LEAD new: [Permitted] Westminster/25/08704/ADFULL — 75 Hereford Road London W2 5BB
2026-10-01 12:51:58 INFO LEAD new: [Permitted] Westminster/26/01299/ADLBC — Flat 3 68 Eccleston Square London SW1V 1PJ
2026-10-01 12:51:58 INFO LEAD new: [Permitted] Westminster/25/08695/COGADF — Westminster Cathedral Primary School Bessborough Place Londo
2026-10-01 12:51:58 INFO LEAD new: [Permitted] Westminster/25/08717/ADFULL — 1 Vincent Square London SW1P 2PN
2026-10-01 12:51:58 INFO LEAD new: [Permitted] Westminster/25/08710/ADV — 18 Rupert Street London W1D 6DD
2026-10-01 12:51:58 INFO LEAD new: [Permitted] Westminster/25/08713/FULL — 3 Great Cumberland Mews London W1H 7DZ
2026-10-01 12:51:58 INFO LEAD new: [Permitted] Westminster/25/08712/LBC — Albert Hall Mansions Kensington Gore London SW7 2AN
2026-10-01 12:52:05 INFO [westminster/Permitted] page at offset 1100: 100 records
2026-10-01 12:52:05 INFO LEAD new: [Permitted] Westminster/25/08688/ADV — St Mary Magdalene Church Rowington Close London W2 5TF
2026-10-01 12:52:05 INFO LEAD new: [Permitted] Westminster/25/08681/FULL — 87 Dean Street London W1D 3SR
2026-10-01 12:52:05 INFO LEAD new: [Permitted] Westminster/25/08686/ADV — 16 Moor Street London W1D 5AP
2026-10-01 12:52:05 INFO LEAD new: [Permitted] Westminster/25/08680/FULL — Flat 1 28 Westbourne Park Villas London W2 5EA
2026-10-01 12:52:05 INFO LEAD new: [Permitted] Westminster/25/08671/LBC — 30 Wellington Street London
2026-10-01 12:52:05 INFO LEAD new: [Permitted] Westminster/25/08670/FULL — 30 Wellington Street London
2026-10-01 12:52:05 INFO LEAD new: [Permitted] Westminster/25/08682/FULL — 3 St James's Square London SW1Y 4JU
2026-10-01 12:52:05 INFO LEAD new: [Permitted] Westminster/25/08669/FULL — 37 Floral Street London WC2E 9DJ
2026-10-01 12:52:05 INFO LEAD new: [Permitted] Westminster/25/08678/LBC — 62 Carlton Hill London NW8 0ET
2026-10-01 12:52:05 INFO LEAD new: [Permitted] Westminster/25/08677/FULL — 62 Carlton Hill London NW8 0ET
2026-10-01 12:52:05 INFO LEAD new: [Permitted] Westminster/25/08684/LBC — Third Floor Mappin House 4 Winsley Street London W1W 8HF
2026-10-01 12:52:05 INFO LEAD new: [Permitted] Westminster/25/08689/CLOPUD — Flat 14 35 Bryanston Square London W1H 2DZ
2026-10-01 12:52:05 INFO LEAD new: [Permitted] Westminster/25/08673/ADFULL — Third And Fourth Floor Grosvenor Suite 26 - 27 Belgrave Squa
2026-10-01 12:52:05 INFO LEAD new: [Permitted] Westminster/25/08675/ADFULL — 10 Formosa Street London W9 1EE
2026-10-01 12:52:05 INFO LEAD new: [Permitted] Westminster/25/08672/ADV — Coventry Street London
2026-10-01 12:52:05 INFO LEAD new: [Permitted] Westminster/25/08691/ADFULL — The Arcade Dolphin Square London SW1V 3LX
2026-10-01 12:52:05 INFO LEAD new: [Permitted] Westminster/25/08683/FULL — Third Floor Mappin House 4 Winsley Street London W1W 8HF
2026-10-01 12:52:05 INFO LEAD new: [Permitted] Westminster/26/02043/TELNOT — The Plaza 120 Oxford Street London W1D 1LT
2026-10-01 12:52:05 INFO LEAD new: [Permitted] Westminster/25/08638/LBC — 18 Clarendon Gardens London W9 1AZ
2026-10-01 12:52:05 INFO LEAD new: [Permitted] Westminster/25/08641/LBC — Basement And Ground Floor 41 Eaton Square London SW1W 9DH
2026-10-01 12:52:05 INFO LEAD new: [Permitted] Westminster/25/08656/ADV — Basement To Fourth Floor 40 - 42 Lexington Street London W1F
2026-10-01 12:52:05 INFO LEAD new: [Permitted] Westminster/25/08640/FULL — Basement And Ground Floor 41 Eaton Square London SW1W 9DH
2026-10-01 12:52:05 INFO LEAD new: [Permitted] Westminster/25/08662/FULL — 12 Alma Square NW8 9QA
2026-10-01 12:52:05 INFO LEAD new: [Permitted] Westminster/25/08649/FULL — Queen Elizabeth II Conference Centre Broad Sanctuary London 
2026-10-01 12:52:05 INFO LEAD new: [Permitted] Westminster/25/08667/LBC — The Penthouse Aria House 23 Craven Street London WC2N 5NS
2026-10-01 12:52:05 INFO LEAD new: [Permitted] Westminster/25/08642/LBC — 42 Eaton Square London SW1W 9BD
2026-10-01 12:52:05 INFO LEAD new: [Permitted] Westminster/25/08664/LBC — Linen Hall 162 - 168 Regent Street London
2026-10-01 12:52:05 INFO LEAD new: [Permitted] Westminster/25/08654/ADV — 78 Duke Street London W1K 6JG
2026-10-01 12:52:05 INFO LEAD new: [Permitted] Westminster/25/08655/ADV — 31 - 33 Bedford Street London WC2E 9ED
2026-10-01 12:52:05 INFO LEAD new: [Permitted] Westminster/25/08646/FULL — Caernarvon House Hallfield Estate London W2 6EG
2026-10-01 12:52:05 INFO LEAD new: [Permitted] Westminster/25/08647/LBC — Caernarvon House Hallfield Estate London W2 6EG
2026-10-01 12:52:05 INFO LEAD new: [Permitted] Westminster/25/08660/ADFULL — 170 Queen's Gate London SW7 5HF
2026-10-01 12:52:05 INFO LEAD new: [Permitted] Westminster/25/08645/FULL — 4 - 5 Cavendish Mews North London W1W 6LA
2026-10-01 12:52:05 INFO LEAD new: [Permitted] Westminster/25/08658/ADFULL — 73 Marlborough Place London NW8 0PT
2026-10-01 12:52:06 INFO LEAD new: [Permitted] Westminster/25/08634/ADFULL — Grosvenor Square Gardens Grosvenor Square London W1K 6LD
2026-10-01 12:52:06 INFO LEAD new: [Permitted] Westminster/26/08663/COGADF — Queens Park Court Ilbert Street London W10 4QA
2026-10-01 12:52:06 INFO LEAD new: [Permitted] Westminster/25/08657/ADLBC — Venture House 27 - 29 Glasshouse Street London W1B 5DF
2026-10-01 12:52:06 INFO LEAD new: [Permitted] Westminster/25/08659/ADFULL — 9 Clifford Street London W1S 2FT
2026-10-01 12:52:06 INFO LEAD new: [Permitted] Westminster/25/08637/ADFULL — 40 Argyll Street London W1B 3BR
2026-10-01 12:52:06 INFO LEAD new: [Permitted] Westminster/26/00988/EIASCR — St Marys N H S Trust Praed Street London W2 1NY
2026-10-01 12:52:06 INFO LEAD new: [Permitted] Westminster/25/08620/ADFULL — 36 Devonshire Place Mews London W1G 6DD
2026-10-01 12:52:06 INFO LEAD new: [Permitted] Westminster/25/08613/FULL — West End Quay South Wharf Road London W2 1LA
2026-10-01 12:52:06 INFO LEAD new: [Permitted] Westminster/25/08622/ADV — Basement And Ground Floor 123 - 123A Shirland Road London W9
2026-10-01 12:52:06 INFO LEAD new: [Permitted] Westminster/25/08606/LBC — 19 The Market Covent Garden London WC2E 8RB
2026-10-01 12:52:06 INFO LEAD new: [Permitted] Westminster/26/08623/CLEUD — 14A Goodwin's Court London WC2N 4LL
2026-10-01 12:52:06 INFO LEAD new: [Permitted] Westminster/25/08614/ADV — 1 Marble Arch London W1H 7EJ
2026-10-01 12:52:06 INFO LEAD new: [Permitted] Westminster/25/08618/FULL — 6 Arncliffe 22 Greville Place London NW6 5JG
2026-10-01 12:52:06 INFO LEAD new: [Permitted] Westminster/25/08619/FULL — 6 Arncliffe 22 Greville Place London NW6 5JG
2026-10-01 12:52:06 INFO LEAD new: [Permitted] Westminster/25/08630/ADV — Ground Floor South A M F Building 25 - 28 Old Burlington Str
2026-10-01 12:52:06 INFO LEAD new: [Permitted] Westminster/26/02058/TELNOT — Ralph Court Queensway London W2 5HT
2026-10-01 12:52:06 INFO LEAD new: [Permitted] Westminster/25/08603/FULL — 4 Mansfield Mews London W1G 9NL
2026-10-01 12:52:06 INFO LEAD new: [Permitted] Westminster/25/08617/FULL — 5 Arncliffe 22 Greville Place London NW6 5JG
2026-10-01 12:52:06 INFO LEAD new: [Permitted] Westminster/25/08602/NMA — 50 Stratton Street London W1J 8LL
2026-10-01 12:52:06 INFO LEAD new: [Permitted] Westminster/25/08624/FULL — Exeter House Hallfield Estate London W2 6EL
2026-10-01 12:52:06 INFO LEAD new: [Permitted] Westminster/25/08601/ADFULL — 50 Stratton Street London W1J 8LL
2026-10-01 12:52:06 INFO LEAD new: [Permitted] Westminster/25/08625/LBC — Exeter House Hallfield Estate London W2 6EL
2026-10-01 12:52:06 INFO LEAD new: [Permitted] Westminster/25/08629/FULL — 12 Arncliffe 22 Greville Place London NW6 5JG
2026-10-01 12:52:06 INFO LEAD new: [Permitted] Westminster/25/08605/NMA — Development Site At Former Berger House 36 To 38 Berkeley Sq
2026-10-01 12:52:06 INFO LEAD new: [Permitted] Westminster/25/08600/ADFULL — 8 Lancelot Place London SW7 1DR
2026-10-01 12:52:06 INFO LEAD new: [Permitted] Westminster/25/08616/FULL — Second Floor Flat 41 Alma Square NW8 9PY
2026-10-01 12:52:06 INFO LEAD new: [Permitted] Westminster/25/08609/ADFULL — Ground Floor South East Greencoat House Francis Street Londo
2026-10-01 12:52:06 INFO LEAD new: [Permitted] Westminster/25/08626/ADFULL — 17 Abbey Gardens London NW8 9AS
2026-10-01 12:52:06 INFO LEAD new: [Permitted] Westminster/25/08612/FULL — 10 Greycoat Place London SW1P 1SB
2026-10-01 12:52:06 INFO LEAD new: [Permitted] Westminster/25/08607/ADV — 19 The Market Covent Garden London WC2E 8RB
2026-10-01 12:52:06 INFO LEAD new: [Permitted] Westminster/25/08599/AADV — Fenwicks 58 - 63 New Bond Street London W1S 1RJ
2026-10-01 12:52:06 INFO LEAD new: [Permitted] Westminster/25/08611/LBC — 56 Eaton Place London SW1X 8AT
2026-10-01 12:52:06 INFO LEAD new: [Permitted] Westminster/25/08610/FULL — 56 Eaton Place London SW1X 8AT
2026-10-01 12:52:06 INFO LEAD new: [Permitted] Westminster/25/08604/LBC — 4 Mansfield Mews London W1G 9NL
2026-10-01 12:52:06 INFO LEAD new: [Permitted] Westminster/25/08627/FULL — 11 - 12 Chesham Place London SW1X 8HN
2026-10-01 12:52:06 INFO LEAD new: [Permitted] Westminster/25/08628/LBC — 11 - 12 Chesham Place London SW1X 8HN
2026-10-01 12:52:06 INFO LEAD new: [Permitted] Westminster/25/08598/FULL — Flat 19 Bray House Duke Of York Street London SW1Y 6JX
2026-10-01 12:52:06 INFO LEAD new: [Permitted] Westminster/25/08621/ADLBC — Venture House 27 - 29 Glasshouse Street London W1B 5DF
2026-10-01 12:52:06 INFO LEAD new: [Permitted] Westminster/25/08597/LBC — 20 Greek Street London W1D 4DU
2026-10-01 12:52:06 INFO LEAD new: [Permitted] Westminster/25/09398/FULL — 10 Downing Street London SW1A 2AA
2026-10-01 12:52:06 INFO LEAD new: [Permitted] Westminster/25/08583/FULL — 12 Sunderland Terrace London W2 5PA
2026-10-01 12:52:06 INFO LEAD new: [Permitted] Westminster/25/08595/FULL — Flat 3 171 Sussex Gardens London W2 2RH
2026-10-01 12:52:06 INFO LEAD new: [Permitted] Westminster/25/08582/LBC — Flat 3 32 Hyde Park Square London W2 2NW
2026-10-01 12:52:06 INFO LEAD new: [Permitted] Westminster/25/08593/COGADF — Garages At Adpar Street
2026-10-01 12:52:06 INFO LEAD new: [Permitted] Westminster/25/08577/ADFULL — 58 - 60 Lupus Street London SW1V 3EE
2026-10-01 12:52:06 INFO LEAD new: [Permitted] Westminster/25/08565/FULL — Glarus Court 1 Stalbridge Street London NW1 6TG
2026-10-01 12:52:06 INFO LEAD new: [Permitted] Westminster/25/08573/ADFULL — New Zealand House 80 Haymarket London SW1Y 4TE
2026-10-01 12:52:06 INFO LEAD new: [Permitted] Westminster/25/08576/FULL — Flat 1D Block 1 Portman Mansions Chiltern Street London W1U 
2026-10-01 12:52:06 INFO LEAD new: [Permitted] Westminster/25/08568/LBC — 11 Eccleston Square London SW1V 1NP
2026-10-01 12:52:06 INFO LEAD new: [Permitted] Westminster/25/08590/ADFULL — 21 Chester Row London SW1W 9JF
2026-10-01 12:52:06 INFO LEAD new: [Permitted] Westminster/25/08578/ADFULL — Flat 1 103A Park Street London W1K 7JW
2026-10-01 12:52:06 INFO LEAD new: [Permitted] Westminster/25/08589/LBC — Grosvenor Gardens House 35 - 37 Grosvenor Gardens London SW1
2026-10-01 12:52:13 INFO [westminster/Permitted] page at offset 1200: 100 records
2026-10-01 12:52:13 INFO LEAD new: [Permitted] Westminster/25/08586/FULL — Flat D 86 Eaton Square London SW1W 9AG
2026-10-01 12:52:13 INFO LEAD new: [Permitted] Westminster/25/08579/ADFULL — 58 - 60 Lupus Street London SW1V 3EE
2026-10-01 12:52:13 INFO LEAD new: [Permitted] Westminster/25/08575/ADFULL — 52 Acacia Road NW8 6AL
2026-10-01 12:52:13 INFO LEAD new: [Permitted] Westminster/25/08587/LBC — Flat D 86 Eaton Square London SW1W 9AG
2026-10-01 12:52:13 INFO LEAD new: [Permitted] Westminster/25/08591/LBC — 37 Belgrave Square London SW1X 8NS
2026-10-01 12:52:13 INFO LEAD new: [Permitted] Westminster/25/08533/FULL — 8 Devonshire Close London W1G 7BA
2026-10-01 12:52:13 INFO LEAD new: [Permitted] Westminster/25/08522/ADFULL — Newton Medical Centre 14 Newton Road London W2 5LT
2026-10-01 12:52:13 INFO LEAD new: [Permitted] Westminster/25/08532/LBC — North Wing Courtauld Institute Of Art Somerset House Strand 
2026-10-01 12:52:13 INFO LEAD new: [Permitted] Westminster/25/08524/ADFULL — Abercorn School 28 Abercorn Place NW8 9XP
2026-10-01 12:52:13 INFO LEAD new: [Permitted] Westminster/25/08563/FULL — 5 Warwick Place London W9 2PX
2026-10-01 12:52:13 INFO LEAD new: [Permitted] Westminster/25/08521/LBC — First Floor Front Flat 89 Westbourne Terrace London W2 6QS
2026-10-01 12:52:13 INFO LEAD new: [Permitted] Westminster/25/08537/FULL — Elsley House 24 - 30 Great Titchfield Street London W1W 8BF
2026-10-01 12:52:13 INFO LEAD new: [Permitted] Westminster/25/08562/FULL — Victoria Park Plaza Hotel 239 - 251 Vauxhall Bridge Road Lon
2026-10-01 12:52:13 INFO LEAD new: [Permitted] Westminster/25/08544/LBC — Clovelly House Hallfield Estate London W2 6EH
2026-10-01 12:52:13 INFO LEAD new: [Permitted] Westminster/25/08542/ADFULL — 29 Henstridge Place London NW8 6QD
2026-10-01 12:52:13 INFO LEAD new: [Permitted] Westminster/25/08543/FULL — Clovelly House Hallfield Estate London W2 6EH
2026-10-01 12:52:13 INFO LEAD new: [Permitted] Westminster/25/08520/FULL — First Floor Front Flat 89 Westbourne Terrace London W2 6QS
2026-10-01 12:52:13 INFO LEAD new: [Permitted] Westminster/25/08540/FULL — 19 Passmore Street London SW1W 8HR
2026-10-01 12:52:13 INFO LEAD new: [Permitted] Westminster/25/08554/ADV — First Floor Part Broadway Complex Petty France London SW1H 0
2026-10-01 12:52:13 INFO LEAD new: [Permitted] Westminster/25/08519/LBC — First Floor Front Flat 89 Westbourne Terrace London W2 6QS
2026-10-01 12:52:13 INFO LEAD new: [Permitted] Westminster/25/08553/LBC — Old War Office Whitehall London SW1A 2BX
2026-10-01 12:52:13 INFO LEAD new: [Permitted] Westminster/25/08559/FULL — 5 Howick Place London SW1P 1WG
2026-10-01 12:52:13 INFO LEAD new: [Permitted] Westminster/25/08525/LBC — 12 Abbey Gardens London NW8 9AT
2026-10-01 12:52:13 INFO LEAD new: [Permitted] Westminster/26/00673/ADLBC — 26C Clarendon Gardens London W9 1AZ
2026-10-01 12:52:13 INFO LEAD new: [Permitted] Westminster/25/08555/ADFULL — Proposed Development Site At 51 To 58 Rathbone Place And 54-
2026-10-01 12:52:13 INFO LEAD new: [Permitted] Westminster/25/08528/FULL — 35 Westbourne Park Road London W2 5QD
2026-10-01 12:52:13 INFO LEAD new: [Permitted] Westminster/25/08560/ADFULL — 57 Harley Street London W1G 8QS
2026-10-01 12:52:13 INFO LEAD new: [Permitted] Westminster/25/08518/ADFULL — Newton Medical Centre 14 Newton Road London W2 5LT
2026-10-01 12:52:13 INFO LEAD new: [Permitted] Westminster/25/08552/FULL — Old War Office Whitehall London SW1A 2BX
2026-10-01 12:52:13 INFO LEAD new: [Permitted] Westminster/25/08523/NMA — Newton Medical Centre 14 Newton Road London W2 5LT
2026-10-01 12:52:13 INFO LEAD new: [Permitted] Westminster/25/08551/ADLBC — 6 - 7 Grosvenor Place London
2026-10-01 12:52:13 INFO LEAD new: [Permitted] Westminster/25/08549/FULL — 30 Carlton Hill London NW8 0JY
2026-10-01 12:52:13 INFO LEAD new: [Permitted] Westminster/25/08539/ADV — 47 - 49 Charing Cross Road London WC2H 0AN
2026-10-01 12:52:13 INFO LEAD new: [Permitted] Westminster/25/08530/FULL — North Wing Courtauld Institute Of Art Somerset House Strand 
2026-10-01 12:52:13 INFO LEAD new: [Permitted] Westminster/25/08558/LBC — Venture House 27 - 29 Glasshouse Street London W1B 5DF
2026-10-01 12:52:13 INFO LEAD new: [Permitted] Westminster/25/08538/ADV — 107 - 109 Great Portland Street London W1W 6QG
2026-10-01 12:52:13 INFO LEAD new: [Permitted] Westminster/25/08527/ADFULL — West End House 91 - 92 Dean Street London W1D 3SY
2026-10-01 12:52:13 INFO LEAD new: [Permitted] Westminster/25/08557/ADFULL — Wellington Barracks Birdcage Walk SW1E 6HQ
2026-10-01 12:52:13 INFO LEAD new: [Permitted] Westminster/25/08548/LBC — House Of Commons Palace Of Westminster Parliament Square Lon
2026-10-01 12:52:13 INFO LEAD new: [Permitted] Westminster/25/08502/FULL — 138 Hamilton Terrace London NW8 9UX
2026-10-01 12:52:13 INFO LEAD new: [Permitted] Westminster/25/08499/FULL — Apartment 8 91 New Cavendish Street London W1W 6XF
2026-10-01 12:52:13 INFO LEAD new: [Permitted] Westminster/25/08514/FULL — 14 - 16 Cockspur Street London SW1Y 5BL
2026-10-01 12:52:13 INFO LEAD new: [Permitted] Westminster/25/08512/COGADF — Garages At Adpar Street
2026-10-01 12:52:13 INFO LEAD new: [Permitted] Westminster/25/08506/ADV — Flat 1 19 - 21 Warwick Way London SW1V 1QT
2026-10-01 12:52:13 INFO LEAD new: [Permitted] Westminster/25/08516/ADFULL — 14 - 16 Cockspur Street London SW1Y 5BL
2026-10-01 12:52:13 INFO LEAD new: [Permitted] Westminster/25/08507/ADLBC — 2D Hamilton Terrace London NW8 9UG
2026-10-01 12:52:13 INFO LEAD new: [Permitted] Westminster/25/08500/NMA — Torridon House Randolph Gardens London NW6 5HP
2026-10-01 12:52:13 INFO LEAD new: [Permitted] Westminster/25/08515/LBC — 14 - 16 Cockspur Street London SW1Y 5BL
2026-10-01 12:52:13 INFO LEAD new: [Permitted] Westminster/25/08510/FULL — Flat 3 26 Green Street London W1K 7AY
2026-10-01 12:52:13 INFO LEAD new: [Permitted] Westminster/25/08513/FULL — 14 - 16 Cockspur Street London SW1Y 5BL
2026-10-01 12:52:13 INFO LEAD new: [Permitted] Westminster/25/08504/LBC — 64 - 65 Burlington Arcade London W1J 0QT
2026-10-01 12:52:13 INFO LEAD new: [Permitted] Westminster/25/08503/ADFULL — 62 - 64 Horseferry Road London SW1P 2AF
2026-10-01 12:52:13 INFO LEAD new: [Permitted] Westminster/25/08487/FULL — The Westbury Hotel 37 Conduit Street London W1S 2YF
2026-10-01 12:52:13 INFO LEAD new: [Permitted] Westminster/25/08495/CLOPUD — 85 Blandford Street London W1U 8AD
2026-10-01 12:52:13 INFO LEAD new: [Permitted] Westminster/25/08497/FULL — 1 - 17 Shaftesbury Avenue London W1D 7EA
2026-10-01 12:52:13 INFO LEAD new: [Permitted] Westminster/25/08509/LBC — Libertys Tudor Building Great Marlborough Street London W1F 
2026-10-01 12:52:13 INFO LEAD new: [Permitted] Westminster/25/08488/FULL — Montrose House 44 Princes Gate London SW7 2QA
2026-10-01 12:52:13 INFO LEAD new: [Permitted] Westminster/25/08489/ADV — 21 Westmoreland Street London W1G 8PN
2026-10-01 12:52:13 INFO LEAD new: [Permitted] Westminster/25/08491/FULL — 5 Buckingham Place London SW1E 6HR
2026-10-01 12:52:13 INFO LEAD new: [Permitted] Westminster/25/08485/ADFULL — 7A Mozart Street London W10 4LA
2026-10-01 12:52:13 INFO LEAD new: [Permitted] Westminster/25/08483/FULL — 67 Balcombe Street London NW1 6HD
2026-10-01 12:52:14 INFO LEAD new: [Permitted] Westminster/25/08484/LBC — 67 Balcombe Street London NW1 6HD
2026-10-01 12:52:14 INFO LEAD new: [Permitted] Westminster/25/08498/FULL — 4 Biddulph Road London W9 1JB
2026-10-01 12:52:14 INFO LEAD new: [Permitted] Westminster/25/08492/COGADF — 291 Harrow Road London W9 3RN
2026-10-01 12:52:14 INFO LEAD new: [Permitted] Westminster/25/08511/ADLBC — New Zealand House 80 Haymarket London SW1Y 4TE
2026-10-01 12:52:14 INFO LEAD new: [Permitted] Westminster/25/08496/ADFULL — Venture House 27 - 29 Glasshouse Street London W1B 5DF
2026-10-01 12:52:14 INFO LEAD new: [Permitted] Westminster/25/08446/LBC — 5 Trevor Street London SW7 1DU
2026-10-01 12:52:14 INFO LEAD new: [Permitted] Westminster/25/08445/FULL — 5 Trevor Street London SW7 1DU
2026-10-01 12:52:14 INFO LEAD new: [Permitted] Westminster/25/08443/FULL — Basement And Ground Floor 124 Long Acre London WC2E 9PE
2026-10-01 12:52:14 INFO LEAD new: [Permitted] Westminster/25/08447/LBC — 68 Chandos Place London WC2N 4HG
2026-10-01 12:52:14 INFO LEAD new: [Permitted] Westminster/25/08450/ADV — 170 New Bond Street London W1S 4RB
2026-10-01 12:52:14 INFO LEAD new: [Permitted] Westminster/25/08448/FULL — Flat 9 Prince Edward Mansions Hereford Road London W2 4WB
2026-10-01 12:52:14 INFO LEAD new: [Permitted] Westminster/25/08476/LBC — Flat 6 30 Hyde Park Gardens London W2 2ND
2026-10-01 12:52:14 INFO LEAD new: [Permitted] Westminster/25/08458/FULL — 68 Chandos Place London WC2N 4HG
2026-10-01 12:52:14 INFO LEAD new: [Permitted] Westminster/25/08473/ADFULL — Development Site At 29-43 Oxford Street And 16 And 17-19 Soh
2026-10-01 12:52:14 INFO LEAD new: [Permitted] Westminster/25/08452/ADFULL — 6 Clifton Hill London NW8 0QG
2026-10-01 12:52:14 INFO LEAD new: [Permitted] Westminster/25/08453/ADFULL — 6 Clifton Hill London NW8 0QG
2026-10-01 12:52:14 INFO LEAD new: [Permitted] Westminster/25/08471/FULL — 116 - 117 New Bond Street London W1S 1EN
2026-10-01 12:52:14 INFO LEAD new: [Permitted] Westminster/25/08457/LBC — Montrose House 44 Princes Gate London SW7 2QA
2026-10-01 12:52:14 INFO LEAD new: [Permitted] Westminster/25/08463/LBC — 197 Queen's Gate London SW7 5EU
2026-10-01 12:52:14 INFO LEAD new: [Permitted] Westminster/25/08465/FULL — 16 Jay Mews London SW7 2EP
2026-10-01 12:52:14 INFO LEAD new: [Permitted] Westminster/25/08461/LBC — 1 Horse Guards Road London SW1A 2HQ
2026-10-01 12:52:14 INFO LEAD new: [Permitted] Westminster/25/08464/FULL — 34 Grosvenor Square London W1K 2HD
2026-10-01 12:52:14 INFO LEAD new: [Permitted] Westminster/25/08451/FULL — 73 Alderney Street London SW1V 4HH
2026-10-01 12:52:14 INFO LEAD new: [Permitted] Westminster/25/08479/ADFULL — 1 Clifton Hill London NW8 0QE
2026-10-01 12:52:14 INFO LEAD new: [Permitted] Westminster/25/08472/ADFULL — 4 - 5 Cavendish Mews North London W1W 6LA
2026-10-01 12:52:14 INFO LEAD new: [Permitted] Westminster/25/08474/FULL — Flat 11 Bentinck Close 76 - 82 Prince Albert Road London NW8
2026-10-01 12:52:14 INFO LEAD new: [Permitted] Westminster/25/08467/ADFULL — YSC Building 50 Floral Street London WC2E 9DA
2026-10-01 12:52:14 INFO LEAD new: [Permitted] Westminster/25/08470/ADFULL — 25 - 31 Wellington Street London WC2E 7DD
2026-10-01 12:52:14 INFO LEAD new: [Permitted] Westminster/25/08477/FULL — Bridgewater House Hallfield Estate London W2 6EE
2026-10-01 12:52:20 INFO [westminster/Permitted] page at offset 1300: 100 records
2026-10-01 12:52:20 INFO LEAD new: [Permitted] Westminster/25/08478/LBC — Bridgewater House Hallfield Estate London W2 6EE
2026-10-01 12:52:20 INFO LEAD new: [Permitted] Westminster/25/08444/ADV — Basement And Ground Floor 124 Long Acre London WC2E 9PE
2026-10-01 12:52:20 INFO LEAD new: [Permitted] Westminster/25/08428/LBC — South Africa House 2 - 4 Trafalgar Square London WC2N 5DP
2026-10-01 12:52:20 INFO LEAD new: [Permitted] Westminster/25/08427/FULL — South Africa House 2 - 4 Trafalgar Square London WC2N 5DP
2026-10-01 12:52:20 INFO LEAD new: [Permitted] Westminster/25/08419/ADLBC — 1 Hanover Street London W1S 1YZ
2026-10-01 12:52:20 INFO LEAD new: [Permitted] Westminster/25/08425/FULL — Ground Floor 104 Shaftesbury Avenue London W1D 5EG
2026-10-01 12:52:20 INFO LEAD new: [Permitted] Westminster/25/08414/FULL — 156 Oxford Street London W1D 1ND
2026-10-01 12:52:20 INFO LEAD new: [Permitted] Westminster/25/08436/LBC — 106 Clifton Hill London NW8 0JS
2026-10-01 12:52:20 INFO LEAD new: [Permitted] Westminster/25/08422/ADV — 38 Grosvenor Gardens London SW1W 0EB
2026-10-01 12:52:20 INFO LEAD new: [Permitted] Westminster/25/08423/LBC — 7 Langley Street London WC2H 9JA
2026-10-01 12:52:20 INFO LEAD new: [Permitted] Westminster/25/08415/LBC — 156 Oxford Street London W1D 1ND
2026-10-01 12:52:20 INFO LEAD new: [Permitted] Westminster/25/08440/ADV — 173 Regent Street London W1B 4JG
2026-10-01 12:52:20 INFO LEAD new: [Permitted] Westminster/25/08412/NMA — New Zealand House 80 Haymarket London SW1Y 4TE
2026-10-01 12:52:20 INFO LEAD new: [Permitted] Westminster/25/08435/FULL — 106 Clifton Hill London NW8 0JS
2026-10-01 12:52:20 INFO LEAD new: [Permitted] Westminster/25/08434/LBC — Warwick House Stable Yard Road London SW1A 1BD
2026-10-01 12:52:20 INFO LEAD new: [Permitted] Westminster/25/08429/FULL — 1 Vincent Square London SW1P 2PN
2026-10-01 12:52:21 INFO LEAD new: [Permitted] Westminster/25/08431/LBC — Flat 35 Manor House Marylebone Road London NW1 5NP
2026-10-01 12:52:21 INFO LEAD new: [Permitted] Westminster/25/08430/FULL — Bloomburg Court 124 Vauxhall Bridge Road London SW1V 2RQ
2026-10-01 12:52:21 INFO LEAD new: [Permitted] Westminster/25/08490/CLLB — 173 Regent Street London W1B 4JG
2026-10-01 12:52:21 INFO LEAD new: [Permitted] Westminster/25/08394/ADLBC — The Ritz Hotel 150 - 156 Piccadilly London W1J 9BR
2026-10-01 12:52:21 INFO LEAD new: [Permitted] Westminster/25/08386/LBC — Hudson House 8 Tavistock Street London WC2E 7PP
2026-10-01 12:52:21 INFO LEAD new: [Permitted] Westminster/25/08390/NMA — 28 - 32 Shelton Street London WC2H 9JE
2026-10-01 12:52:21 INFO LEAD new: [Permitted] Westminster/25/08385/FULL — Hudson House 8 Tavistock Street London WC2E 7PP
2026-10-01 12:52:21 INFO LEAD new: [Permitted] Westminster/25/08547/ADLBC — 11 Cavendish Avenue London NW8 9JD
2026-10-01 12:52:21 INFO LEAD new: [Permitted] Westminster/25/08393/LBC — Hudson House 8 Tavistock Street London WC2E 7PP
2026-10-01 12:52:21 INFO LEAD new: [Permitted] Westminster/25/08374/ADV — 4 Bell Street London NW1 5BU
2026-10-01 12:52:21 INFO LEAD new: [Permitted] Westminster/25/08371/FULL — Embankment Tea Rooms Victoria Embankment London WC2N 6PB
2026-10-01 12:52:21 INFO LEAD new: [Permitted] Westminster/25/08397/LBC — 9 The Market Covent Garden London WC2E 8RB
2026-10-01 12:52:21 INFO LEAD new: [Permitted] Westminster/26/02059/TELNOT — Forset Court Edgware Road London W2 2RD
2026-10-01 12:52:21 INFO LEAD new: [Permitted] Westminster/25/08409/LBC — Flat 4 62 Inverness Terrace London W2 3LB
2026-10-01 12:52:21 INFO LEAD new: [Permitted] Westminster/25/08404/ADFULL — 11 Cavendish Avenue London NW8 9JD
2026-10-01 12:52:21 INFO LEAD new: [Permitted] Westminster/25/08392/LBC — Brecon House Hallfield Estate London W2 6EF
2026-10-01 12:52:21 INFO LEAD new: [Permitted] Westminster/25/08391/FULL — Brecon House Hallfield Estate London W2 6EF
2026-10-01 12:52:21 INFO LEAD new: [Permitted] Westminster/25/08384/ADV — 2 Brewer Street London W1F 0SA
2026-10-01 12:52:21 INFO LEAD new: [Permitted] Westminster/25/08381/LBC — 30 Gloucester Place London W1U 8PL
2026-10-01 12:52:21 INFO LEAD new: [Permitted] Westminster/25/08362/FULL — 82 Eaton Terrace London SW1W 8UG
2026-10-01 12:52:21 INFO LEAD new: [Permitted] Westminster/25/08351/NMA — Grosvenor Gardens House 35 - 37 Grosvenor Gardens London SW1
2026-10-01 12:52:21 INFO LEAD new: [Permitted] Westminster/25/08363/LBC — 82 Eaton Terrace London SW1W 8UG
2026-10-01 12:52:21 INFO LEAD new: [Permitted] Westminster/25/08361/LBC — New Zealand House 80 Haymarket London SW1Y 4TE
2026-10-01 12:52:21 INFO LEAD new: [Permitted] Westminster/25/08360/FULL — 4 Chesterfield Hill London W1J 5BL
2026-10-01 12:52:21 INFO LEAD new: [Permitted] Westminster/25/08352/ADLBC — St Margarets House 19 - 23 Wells Street London W1T 3PQ
2026-10-01 12:52:21 INFO LEAD new: [Permitted] Westminster/25/08327/FULL — 66 Atherstone Court Delamere Terrace London W2 6PN
2026-10-01 12:52:21 INFO LEAD new: [Permitted] Westminster/25/08353/ADV — Basement And Ground Floor 28 - 28A Carnaby Street London W1F
2026-10-01 12:52:21 INFO LEAD new: [Permitted] Westminster/25/08357/LBC — 50 Grosvenor Street London
2026-10-01 12:52:21 INFO LEAD new: [Permitted] Westminster/25/08356/LBC — 32 Hamilton Terrace London NW8 9UG
2026-10-01 12:52:21 INFO LEAD new: [Permitted] Westminster/25/08323/FULL — 41 Albemarle Street London W1S 4BF
2026-10-01 12:52:21 INFO LEAD new: [Permitted] Westminster/25/08326/FULL — 1 Randolph Avenue London W9 1BH
2026-10-01 12:52:21 INFO LEAD new: [Permitted] Westminster/25/08331/FULL — Keats House Churchill Gardens Estate London SW1V 3HY
2026-10-01 12:52:21 INFO LEAD new: [Permitted] Westminster/25/08333/ADLBC — Canada House 5 Trafalgar Square London SW1Y 5BJ
2026-10-01 12:52:21 INFO LEAD new: [Permitted] Westminster/25/08340/ADFULL — 1B Chester Row London SW1W 9JF
2026-10-01 12:52:21 INFO LEAD new: [Permitted] Westminster/25/08337/CLEUD — 119 Warwick Way London SW1V 4HS
2026-10-01 12:52:21 INFO LEAD new: [Permitted] Westminster/25/08336/LBC — Charing Cross Station Strand London WC2N 5HS
2026-10-01 12:52:21 INFO LEAD new: [Permitted] Westminster/25/08354/LBC — 119 Lisson Grove London NW1 6UP
2026-10-01 12:52:21 INFO LEAD new: [Permitted] Westminster/25/08343/LBC — 13 Artillery Row SW1P 1RH
2026-10-01 12:52:21 INFO LEAD new: [Permitted] Westminster/25/08342/ADFULL — 116 - 117 New Bond Street London W1S 1EN
2026-10-01 12:52:21 INFO LEAD new: [Permitted] Westminster/25/08349/ADLBC — 101 Fifth Avenue London W10 4DR
2026-10-01 12:52:21 INFO LEAD new: [Permitted] Westminster/25/08334/NMA — Fenwicks 58 - 63 New Bond Street London W1S 1RJ
2026-10-01 12:52:21 INFO LEAD new: [Permitted] Westminster/25/08347/LBC — Basement And Ground Floor 28 - 28A Carnaby Street London W1F
2026-10-01 12:52:21 INFO LEAD new: [Permitted] Westminster/25/08324/LBC — 41 Albemarle Street London W1S 4BF
2026-10-01 12:52:21 INFO LEAD new: [Permitted] Westminster/25/08358/FULL — 87 Charlwood Street London SW1V 4PB
2026-10-01 12:52:21 INFO LEAD new: [Permitted] Westminster/25/08317/FULL — 94 - 96 Cochrane Street London NW8 7NN
2026-10-01 12:52:21 INFO LEAD new: [Permitted] Westminster/25/08328/OBS — Development Site At Juniper Crescent Chalk Farm London Borou
2026-10-01 12:52:21 INFO LEAD new: [Permitted] Westminster/25/08309/COGADF — Darwin House 104 Grosvenor Road London SW1V 3LH
2026-10-01 12:52:21 INFO LEAD new: [Permitted] Westminster/25/08301/LBC — 74 Eaton Terrace London SW1W 8TZ
2026-10-01 12:52:21 INFO LEAD new: [Permitted] Westminster/25/08300/FULL — 74 Eaton Terrace London SW1W 8TZ
2026-10-01 12:52:21 INFO LEAD new: [Permitted] Westminster/25/08321/FULL — 23 Ordnance Hill London NW8 6PR
2026-10-01 12:52:21 INFO LEAD new: [Permitted] Westminster/25/08312/ADV — 35 Carnaby Street London W1F 7DP
2026-10-01 12:52:21 INFO LEAD new: [Permitted] Westminster/25/08308/FULL — 266 Kilburn Lane London W10 4BA
2026-10-01 12:52:21 INFO LEAD new: [Permitted] Westminster/25/08289/ADFULL — 1 - 17 Shaftesbury Avenue London W1D 7EA
2026-10-01 12:52:21 INFO LEAD new: [Permitted] Westminster/25/08307/FULL — 93 - 94 Wilton Road London SW1V 1DW
2026-10-01 12:52:21 INFO LEAD new: [Permitted] Westminster/25/08293/LBC — 49 Aldwych London WC2B 4DF
2026-10-01 12:52:21 INFO LEAD new: [Permitted] Westminster/25/08292/LBC — Flat 1 32 Hyde Park Square London W2 2NW
2026-10-01 12:52:21 INFO LEAD new: [Permitted] Westminster/25/08302/ADV — 51 Westbourne Grove London W2 4UA
2026-10-01 12:52:21 INFO LEAD new: [Permitted] Westminster/25/08295/LBC — Buckingham Palace The Mall London SW1A 1AA
2026-10-01 12:52:21 INFO LEAD new: [Permitted] Westminster/25/08305/LBC — 80 Strand London WC2R 0RL
2026-10-01 12:52:21 INFO LEAD new: [Permitted] Westminster/25/08330/LBC — 1 - 2 Upper Belgrave Street London SW1X 8BD
2026-10-01 12:52:21 INFO LEAD new: [Permitted] Westminster/25/08313/ADFULL — 70 Eaton Terrace London SW1W 8UA
2026-10-01 12:52:21 INFO LEAD new: [Permitted] Westminster/25/08329/FULL — 1 - 2 Upper Belgrave Street London SW1X 8BD
2026-10-01 12:52:21 INFO LEAD new: [Permitted] Westminster/25/08332/CLLB — Former Pimlico Library Rampayne Street London SW1V 2PU
2026-10-01 12:52:21 INFO LEAD new: [Permitted] Westminster/25/08314/FULL — Claridges Hotel 47 - 57 Brook Street West End London W1K 4HR
2026-10-01 12:52:21 INFO LEAD new: [Permitted] Westminster/25/08315/LBC — Claridges Hotel 47 - 57 Brook Street West End London W1K 4HR
2026-10-01 12:52:21 INFO LEAD new: [Permitted] Westminster/25/08247/ADFULL — 2 Clifton Hill London NW8 0QG
2026-10-01 12:52:28 INFO [westminster/Permitted] page at offset 1400: 100 records
2026-10-01 12:52:28 INFO LEAD new: [Permitted] Westminster/25/08270/ADFULL — 41 - 54 Buckingham Gate London SW1E 6AF
2026-10-01 12:52:28 INFO LEAD new: [Permitted] Westminster/25/08287/FULL — 109A Kilburn Park Road London NW6 5LB
2026-10-01 12:52:28 INFO LEAD new: [Permitted] Westminster/25/08285/LBC — 8 Victoria Embankment London WC2R 2AB
2026-10-01 12:52:28 INFO LEAD new: [Permitted] Westminster/25/08242/LBC — Flat 9 50 St George's Drive London SW1V 4BU
2026-10-01 12:52:28 INFO LEAD new: [Permitted] Westminster/25/08264/ADFULL — 3 Eccleston Street London SW1W 9LZ
2026-10-01 12:52:28 INFO LEAD new: [Permitted] Westminster/25/08238/ADV — 54 Regent Street London W1B 5AS
2026-10-01 12:52:28 INFO LEAD new: [Permitted] Westminster/25/08411/ADLBC — Royal College Of Art Kensington Gore London SW7 2EU
2026-10-01 12:52:28 INFO LEAD new: [Permitted] Westminster/25/08271/ADFULL — 41 - 54 Buckingham Gate London SW1E 6AF
2026-10-01 12:52:28 INFO LEAD new: [Permitted] Westminster/25/08269/ADV — 41 - 54 Buckingham Gate London SW1E 6AF
2026-10-01 12:52:28 INFO LEAD new: [Permitted] Westminster/25/08241/LBC — 81 - 83 Inverness Terrace London W2 3JU
2026-10-01 12:52:28 INFO LEAD new: [Permitted] Westminster/25/08294/LBC — 2 Wallenberg Place London W1H 7TN
2026-10-01 12:52:28 INFO LEAD new: [Permitted] Westminster/25/08257/LBC — 1 Hanover Street London W1S 1YZ
2026-10-01 12:52:28 INFO LEAD new: [Permitted] Westminster/25/08284/FULL — 8 Victoria Embankment London WC2R 2AB
2026-10-01 12:52:28 INFO LEAD new: [Permitted] Westminster/25/08253/ADLBC — 13 Harley Street London W1G 9QG
2026-10-01 12:52:28 INFO LEAD new: [Permitted] Westminster/25/08263/ADFULL — Royal College Of Art Kensington Gore London SW7 2EU
2026-10-01 12:52:28 INFO LEAD new: [Permitted] Westminster/25/08282/ADFULL — Flat 8 58 Rutland Gate London SW7 1PL
2026-10-01 12:52:28 INFO LEAD new: [Permitted] Westminster/25/08240/FULL — 81 - 83 Inverness Terrace London W2 3JU
2026-10-01 12:52:28 INFO LEAD new: [Permitted] Westminster/25/08248/NMA — London Zoo Outer Circle Regent's Park London NW1 4RY
2026-10-01 12:52:28 INFO LEAD new: [Permitted] Westminster/25/08280/LBC — Dorset House Gloucester Place London NW1 5AH
2026-10-01 12:52:28 INFO LEAD new: [Permitted] Westminster/25/08286/NMA — Development Site At 2-6 Stanhope Row, 16 Stanhope Row, 36-37
2026-10-01 12:52:28 INFO LEAD new: [Permitted] Westminster/25/08274/COGADF — Garages At Adpar Street
2026-10-01 12:52:28 INFO LEAD new: [Permitted] Westminster/25/08259/ADFULL — Development Site At 29-43 Oxford Street And 16 And 17-19 Soh
2026-10-01 12:52:28 INFO LEAD new: [Permitted] Westminster/25/08272/ADFULL — Fenwicks 58 - 63 New Bond Street London W1S 1RJ
2026-10-01 12:52:28 INFO LEAD new: [Permitted] Westminster/25/08243/ADFULL — 1 Randolph Avenue London W9 1BH
2026-10-01 12:52:28 INFO LEAD new: [Permitted] Westminster/25/08256/ADLBC — 13 Harley Street London W1G 9QG
2026-10-01 12:52:28 INFO LEAD new: [Permitted] Westminster/25/08279/FULL — Dorset House Gloucester Place London NW1 5AH
2026-10-01 12:52:28 INFO LEAD new: [Permitted] Westminster/25/08266/ADFULL — Development Site Bound By Brook Street, Davies Street And So
2026-10-01 12:52:28 INFO LEAD new: [Permitted] Westminster/25/08273/NMA — 1 Hanover Street London W1S 1YZ
2026-10-01 12:52:28 INFO LEAD new: [Permitted] Westminster/25/08283/ADFULL — Development Site Bound By Brook Street, Davies Street And So
2026-10-01 12:52:28 INFO LEAD new: [Permitted] Westminster/25/08278/ADLBC — 10 South Molton Street London W1K 5QJ
2026-10-01 12:52:28 INFO LEAD new: [Permitted] Westminster/25/08221/FULL — 140 Wardour Street London W1F 8ZT
2026-10-01 12:52:28 INFO LEAD new: [Permitted] Westminster/25/08223/FULL — 47 Chester Square London SW1W 9EA
2026-10-01 12:52:28 INFO LEAD new: [Permitted] Westminster/25/08220/LBC — 222 Marylebone Road London NW1 6JQ
2026-10-01 12:52:28 INFO LEAD new: [Permitted] Westminster/25/08230/ADV — 105 - 107 Pimlico Road London SW1W 8PH
2026-10-01 12:52:28 INFO LEAD new: [Permitted] Westminster/25/08207/LBC — 22 Queen Anne's Gate London SW1H 9AA
2026-10-01 12:52:28 INFO LEAD new: [Permitted] Westminster/25/08196/FULL — 12 Berkeley Street London W1J 8DT
2026-10-01 12:52:28 INFO LEAD new: [Permitted] Westminster/25/08208/FULL — 22A Queen Anne's Gate London SW1H 9AA
2026-10-01 12:52:28 INFO LEAD new: [Permitted] Westminster/25/08209/LBC — 22A Queen Anne's Gate London SW1H 9AA
2026-10-01 12:52:28 INFO LEAD new: [Permitted] Westminster/25/08194/FULL — 41 - 42 Foley Street London W1W 7TS
2026-10-01 12:52:28 INFO LEAD new: [Permitted] Westminster/25/08231/ADV — 140 Wardour Street London W1F 8ZT
2026-10-01 12:52:28 INFO LEAD new: [Permitted] Westminster/25/08193/FULL — 41 - 42 Foley Street London W1W 7TS
2026-10-01 12:52:28 INFO LEAD new: [Permitted] Westminster/25/08210/FULL — Whitcomb Street Carpark 39 - 41 Whitcomb Street London WC2H 
2026-10-01 12:52:28 INFO LEAD new: [Permitted] Westminster/25/08204/ADLBC — Dorchester Hotel 53 Park Lane London W1K 1QA
2026-10-01 12:52:28 INFO LEAD new: [Permitted] Westminster/25/08198/LBC — Sanderson House 50 Berners Street London W1T 3NG
2026-10-01 12:52:28 INFO LEAD new: [Permitted] Westminster/25/08200/ADFULL — 1 Victoria Street London SW1H 0ET
2026-10-01 12:52:28 INFO LEAD new: [Permitted] Westminster/25/08225/ADV — 150 Bayswater Road London W2 4RT
2026-10-01 12:52:28 INFO LEAD new: [Permitted] Westminster/25/08197/LBC — 40 - 46 Brook Street West End London W1K 5DB
2026-10-01 12:52:28 INFO LEAD new: [Permitted] Westminster/25/08226/LBC — 47 Chester Square London SW1W 9EA
2026-10-01 12:52:28 INFO LEAD new: [Permitted] Westminster/25/08203/ADLBC — Dorchester Hotel 53 Park Lane London W1K 1QA
2026-10-01 12:52:28 INFO LEAD new: [Permitted] Westminster/25/08213/ADFULL — 30 Blenheim Road London NW8 0LX
2026-10-01 12:52:28 INFO LEAD new: [Permitted] Westminster/25/08206/FULL — 22 Queen Anne's Gate London SW1H 9AA
2026-10-01 12:52:28 INFO LEAD new: [Permitted] Westminster/25/08202/ADLBC — Dorchester Hotel 53 Park Lane London W1K 1QA
2026-10-01 12:52:29 INFO LEAD new: [Permitted] Westminster/25/08229/FULL — 17 Alexander Street London W2 5NT
2026-10-01 12:52:29 INFO LEAD new: [Permitted] Westminster/25/08201/ADFULL — 1 Victoria Street London SW1H 0ET
2026-10-01 12:52:29 INFO LEAD new: [Permitted] Westminster/25/08237/ADFULL — 1 Randolph Avenue London W9 1BH
2026-10-01 12:52:29 INFO LEAD new: [Permitted] Westminster/25/08199/ADFULL — 1 Hanover Street London W1S 1YZ
2026-10-01 12:52:29 INFO LEAD new: [Permitted] Westminster/25/08236/ADLBC — 41 Devonshire Place London W1G 6JY
2026-10-01 12:52:29 INFO LEAD new: [Permitted] Westminster/25/08234/LBC — 133 - 135 Regent Street London W1B 4HX
2026-10-01 12:52:29 INFO LEAD new: [Permitted] Westminster/25/08227/P3JPA — 1 St Mary's Terrace London W2 1SU
2026-10-01 12:52:29 INFO LEAD new: [Permitted] Westminster/25/08233/FULL — 133 - 135 Regent Street London W1B 4HX
2026-10-01 12:52:29 INFO LEAD new: [Permitted] Westminster/25/08195/ADV — Victory House 14 Leicester Square London WC2H 7NG
2026-10-01 12:52:29 INFO LEAD new: [Permitted] Westminster/25/08218/ADFULL — Ebury Bridge Estate Ebury Bridge Road London SW1W 8PX
2026-10-01 12:52:29 INFO LEAD new: [Permitted] Westminster/25/08216/ADFULL — Orwell House 16 - 18 Berners Street London W1T 3LN
2026-10-01 12:52:29 INFO LEAD new: [Permitted] Westminster/25/08228/ADFULL — 10 Orme Square London W2 4RS
2026-10-01 12:52:29 INFO LEAD new: [Permitted] Westminster/25/08180/LBC — 1 Savile Row London W1S 3JR
2026-10-01 12:52:29 INFO LEAD new: [Permitted] Westminster/25/08190/FULL — 9 Blenheim Road London NW8 0LU
2026-10-01 12:52:29 INFO LEAD new: [Permitted] Westminster/26/02055/TELNOT — Westminster Gardens Marsham Street London SW1P 4JA
2026-10-01 12:52:29 INFO LEAD new: [Permitted] Westminster/25/08173/LDO — Queens Park Avenues
2026-10-01 12:52:29 INFO LEAD new: [Permitted] Westminster/25/08191/LBC — 9 Blenheim Road London NW8 0LU
2026-10-01 12:52:29 INFO LEAD new: [Permitted] Westminster/25/08174/FULL — 25 - 31 Wellington Street London WC2E 7DD
2026-10-01 12:52:29 INFO LEAD new: [Permitted] Westminster/25/08169/ADV — Airwork House 35 Piccadilly London
2026-10-01 12:52:29 INFO LEAD new: [Permitted] Westminster/25/08177/FULL — 46 Sutherland Place London W2 5BY
2026-10-01 12:52:29 INFO LEAD new: [Permitted] Westminster/25/08176/LBC — 70 Gloucester Place London W1U 8HP
2026-10-01 12:52:29 INFO LEAD new: [Permitted] Westminster/25/08183/ADLBC — House Of Commons Palace Of Westminster Parliament Square Lon
2026-10-01 12:52:29 INFO LEAD new: [Permitted] Westminster/25/08189/ADFULL — 14 Buckingham Place London SW1E 6HX
2026-10-01 12:52:29 INFO LEAD new: [Permitted] Westminster/25/08182/ADFULL — Development Site At 1-11 And 13-15 Carteret Street 40 Broadw
2026-10-01 12:52:29 INFO LEAD new: [Permitted] Westminster/25/08212/FULL — 12 Abbey Gardens London NW8 9AT
2026-10-01 12:52:29 INFO LEAD new: [Permitted] Westminster/25/08181/ADFULL — Development Site At 1-11 And 13-15 Carteret Street 40 Broadw
2026-10-01 12:52:29 INFO LEAD new: [Permitted] Westminster/25/08185/ADFULL — 28 - 32 Shelton Street London WC2H 9JE
2026-10-01 12:52:29 INFO LEAD new: [Permitted] Westminster/25/08141/LBC — 25 - 31 Wellington Street London WC2E 7DD
2026-10-01 12:52:29 INFO LEAD new: [Permitted] Westminster/25/08138/ADLBC — Halcyon London International School 33 Seymour Place London 
2026-10-01 12:52:29 INFO LEAD new: [Permitted] Westminster/25/08142/FULL — 1 Marylebone Street London W1G 8JA
2026-10-01 12:52:29 INFO LEAD new: [Permitted] Westminster/25/08127/ADFULL — 47 Palace Court London W2 4LS
2026-10-01 12:52:29 INFO LEAD new: [Permitted] Westminster/25/08139/FULL — 3 Macclesfield Street London W1D 6AU
2026-10-01 12:52:29 INFO LEAD new: [Permitted] Westminster/25/08149/LBC — 39 Manchester Street London W1U 7LJ
2026-10-01 12:52:29 INFO LEAD new: [Permitted] Westminster/25/08146/FULL — Flat 37 Templar Court 43 St John's Wood Road London NW8 8QJ
2026-10-01 12:52:29 INFO LEAD new: [Permitted] Westminster/25/08143/ADFULL — 28 - 32 Shelton Street London WC2H 9JE
2026-10-01 12:52:29 INFO LEAD new: [Permitted] Westminster/25/08128/LBC — Flat 1 71 Eccleston Square London SW1V 1PJ
2026-10-01 12:52:36 WARNING Rate limited (429); waiting 1720s before retry 1/6
2026-10-01 13:21:16 WARNING Request failed (403 Client Error: Forbidden for url: https://www.planit.org.uk/api/applics/json?app_state=Permitted&start_date=2023-10-01&end_date=2026-10-01&pg_sz=100&auth=Westminster&offset=1500); retry 2/6 in 10s
2026-10-01 13:21:28 INFO [westminster/Permitted] page at offset 1500: 100 records
2026-10-01 13:21:28 INFO LEAD new: [Permitted] Westminster/25/08126/FULL — 1 Devonshire Close London W1G 7BA
2026-10-01 13:21:28 INFO LEAD new: [Permitted] Westminster/25/08140/ADFULL — 47 Chester Square London SW1W 9EA
2026-10-01 13:21:28 INFO LEAD new: [Permitted] Westminster/25/08137/FULL — 12 Macclesfield Street London W1D 5BP
2026-10-01 13:21:28 INFO LEAD new: [Permitted] Westminster/25/08158/NMA — 40 Ordnance Hill London NW8 6PU
2026-10-01 13:21:28 INFO LEAD new: [Permitted] Westminster/25/08157/ADV — 49 Rupert Street London W1D 7PE
2026-10-01 13:21:28 INFO LEAD new: [Permitted] Westminster/25/08160/LBC — First Floor And Second Floor Flat 2 47 Eaton Place London SW
2026-10-01 13:21:28 INFO LEAD new: [Permitted] Westminster/25/08211/FULL — 36 Longmoore Street London SW1V 1JF
2026-10-01 13:21:28 INFO LEAD new: [Permitted] Westminster/25/08159/FULL — First Floor And Second Floor Flat 2 47 Eaton Place London SW
2026-10-01 13:21:28 INFO LEAD new: [Permitted] Westminster/25/08144/FULL — 5A Goldney Road London W9 2AP
2026-10-01 13:21:28 INFO LEAD new: [Permitted] Westminster/25/08364/ADLBC — Pegasus House 37 - 43 Sackville Street London W1S 3EH
2026-10-01 13:21:28 INFO LEAD new: [Permitted] Westminster/25/08156/P3JPA — 115 Eastbourne Mews London W2 6LQ
2026-10-01 13:21:28 INFO LEAD new: [Permitted] Westminster/25/08155/AD7 — 12 Manchester Square London W1U 3PP
2026-10-01 13:21:28 INFO LEAD new: [Permitted] Westminster/25/08161/LBC — Flat 4 13 Hyde Park Square London W2 2JP
2026-10-01 13:21:28 INFO LEAD new: [Permitted] Westminster/25/08163/FULL — Triangle Development Site Situated Adjacent To Paddington St
2026-10-01 13:21:29 INFO LEAD new: [Permitted] Westminster/25/08152/LBC — 2 To 8 Hyde Park Gardens London W2 2LT
2026-10-01 13:21:29 INFO LEAD new: [Permitted] Westminster/25/08120/ADV — 8 Marylebone High Street London W1U 4NN
2026-10-01 13:21:29 INFO LEAD new: [Permitted] Westminster/25/08132/FULL — 74 Cumberland Street London SW1V 4NA
2026-10-01 13:21:29 INFO LEAD new: [Permitted] Westminster/25/08133/FULL — 90 Gloucester Street London SW1V 4ED
2026-10-01 13:21:29 INFO LEAD new: [Permitted] Westminster/25/08112/ADLBC — 30 Chepstow Road London W2 5BE
2026-10-01 13:21:29 INFO LEAD new: [Permitted] Westminster/25/08110/FULL — 93 Eastbourne Mews London W2 6LQ
2026-10-01 13:21:29 INFO LEAD new: [Permitted] Westminster/25/08101/NMA — Storeyard Inner Circle Regent's Park London NW1 4NR
2026-10-01 13:21:29 INFO LEAD new: [Permitted] Westminster/25/08075/ADV — 1 Sherwood Street London W1F 7BL
2026-10-01 13:21:29 INFO LEAD new: [Permitted] Westminster/25/08114/LBC — Flat 4 52 - 53 Leinster Square London W2 4PU
2026-10-01 13:21:29 INFO LEAD new: [Permitted] Westminster/25/08116/ADV — 36 Drury Lane London WC2B 5RR
2026-10-01 13:21:29 INFO LEAD new: [Permitted] Westminster/25/08115/LBC — 36 Drury Lane London WC2B 5RR
2026-10-01 13:21:29 INFO LEAD new: [Permitted] Westminster/25/08099/LBC — 318 - 322 Regent Street London W1B 3BL
2026-10-01 13:21:29 INFO LEAD new: [Permitted] Westminster/25/08107/LBC — 44 Welbeck Street London W1G 8DY
2026-10-01 13:21:29 INFO LEAD new: [Permitted] Westminster/25/08097/ADFULL — 30 Grosvenor Square London W1K 6AN
2026-10-01 13:21:29 INFO LEAD new: [Permitted] Westminster/25/08094/LBC — 107 Eaton Square London SW1W 9AA
2026-10-01 13:21:29 INFO LEAD new: [Permitted] Westminster/25/08109/ADFULL — 14A Caroline Terrace London SW1W 8JS
2026-10-01 13:21:29 INFO LEAD new: [Permitted] Westminster/25/08073/ADFULL — 70 Park Street London W1K 2JT
2026-10-01 13:21:29 INFO LEAD new: [Permitted] Westminster/25/08092/ADFULL — South West Wing Bush House Strand London WC2B 4RD
2026-10-01 13:21:29 INFO LEAD new: [Permitted] Westminster/25/09397/ADLBC — 30 Grosvenor Square London W1K 6AN
2026-10-01 13:21:29 INFO LEAD new: [Permitted] Westminster/25/08091/ADV — 156 Oxford Street London W1D 1ND
2026-10-01 13:21:29 INFO LEAD new: [Permitted] Westminster/25/08111/COFUL — Essendine Primary School Essendine Road London W9 2LR
2026-10-01 13:21:29 INFO LEAD new: [Permitted] Westminster/26/02062/TELNOT — Queen Elizabeth II Conference Centre Broad Sanctuary London 
2026-10-01 13:21:29 INFO LEAD new: [Permitted] Westminster/25/08083/ADV — 321 - 323 Oxford Street London W1C 2HX
2026-10-01 13:21:29 INFO LEAD new: [Permitted] Westminster/25/08081/ADFULL — 36 Hertford Street London W1J 7SE
2026-10-01 13:21:29 INFO LEAD new: [Permitted] Westminster/25/08080/CLEUD — Orbis House 5 Mansfield Street London W1G 9NG
2026-10-01 13:21:29 INFO LEAD new: [Permitted] Westminster/25/08078/FULL — 13 Upper Belgrave Street London SW1X 8BA
2026-10-01 13:21:29 INFO LEAD new: [Permitted] Westminster/25/08118/LBC — University 1 - 4 Portsmouth Street London WC2A 2ES
2026-10-01 13:21:29 INFO LEAD new: [Permitted] Westminster/25/08098/ADFULL — 53 Avenue Road NW8 6HR
2026-10-01 13:21:29 INFO LEAD new: [Permitted] Westminster/25/08027/ADFULL — Development Site At 14 To 17 Paddington Green London
2026-10-01 13:21:29 INFO LEAD new: [Permitted] Westminster/25/08028/FULL — 139 Castellain Mansions Castellain Road London W9 1HG
2026-10-01 13:21:29 INFO LEAD new: [Permitted] Westminster/25/08035/ADLBC — 70 Park Street London W1K 2JT
2026-10-01 13:21:29 INFO LEAD new: [Permitted] Westminster/25/08026/ADFULL — Development Site At 14 To 17 Paddington Green London
2026-10-01 13:21:29 INFO LEAD new: [Permitted] Westminster/25/08049/FULL — 2 Cavendish Square London W1G 0PA
2026-10-01 13:21:29 INFO LEAD new: [Permitted] Westminster/25/08034/ADFULL — West End Central Police Station 27 Savile Row London W1S 2EX
2026-10-01 13:21:29 INFO LEAD new: [Permitted] Westminster/25/08069/FULL — Flat 5 6 West Halkin Street London SW1X 8JA
2026-10-01 13:21:29 INFO LEAD new: [Permitted] Westminster/25/08070/LBC — Flat 5 6 West Halkin Street London SW1X 8JA
2026-10-01 13:21:29 INFO LEAD new: [Permitted] Westminster/25/08025/ADFULL — 1 Hanover Square London W1S 1HA
2026-10-01 13:21:29 INFO LEAD new: [Permitted] Westminster/25/08033/FULL — 7 - 14 Coventry Street London W1D 7DH
2026-10-01 13:21:29 INFO LEAD new: [Permitted] Westminster/25/08048/LBC — First Floor To Fourth Floor Maisonette 35 South Audley Stree
2026-10-01 13:21:29 INFO LEAD new: [Permitted] Westminster/25/08052/ADFULL — Fenwicks 58 - 63 New Bond Street London W1S 1RJ
2026-10-01 13:21:29 INFO LEAD new: [Permitted] Westminster/25/08050/NMA — Development Site At 105-106 New Bond Street And 18 Haunch Of
2026-10-01 13:21:29 INFO LEAD new: [Permitted] Westminster/25/08066/LBC — 15 Halkin Mews London SW1X 8JZ
2026-10-01 13:21:29 INFO LEAD new: [Permitted] Westminster/25/08067/LBC — Royal Courts Of Justice Strand London WC2A 2LL
2026-10-01 13:21:29 INFO LEAD new: [Permitted] Westminster/25/08064/LBC — 8 Bentinck Street London W1U 2BJ
2026-10-01 13:21:29 INFO LEAD new: [Permitted] Westminster/25/08063/FULL — 8 Bentinck Street London W1U 2BJ
2026-10-01 13:21:29 INFO LEAD new: [Permitted] Westminster/25/08061/LBC — 3 Cavendish Square London W1G 0LB
2026-10-01 13:21:29 INFO LEAD new: [Permitted] Westminster/25/08059/FULL — 69 - 71 Baker Street London W1U 6RB
2026-10-01 13:21:29 INFO LEAD new: [Permitted] Westminster/25/08037/ADV — Basement And Ground Floor 110 New Bond Street London W1S 1EB
2026-10-01 13:21:29 INFO LEAD new: [Permitted] Westminster/25/08057/LBC — Basement Flat 68 Gloucester Terrace London W2 3HH
2026-10-01 13:21:29 INFO LEAD new: [Permitted] Westminster/25/08056/LBC — 21 Upper Montagu Street London W1H 2PQ
2026-10-01 13:21:29 INFO LEAD new: [Permitted] Westminster/25/08053/CLOPUD — 45 William Mews London SW1X 9HQ
2026-10-01 13:21:29 INFO LEAD new: [Permitted] Westminster/25/08058/ADV — 99 Queensway London W2 4QH
2026-10-01 13:21:29 INFO LEAD new: [Permitted] Westminster/25/08051/LBC — 58 Queen Anne Street London W1G 8HW
2026-10-01 13:21:29 INFO LEAD new: [Permitted] Westminster/25/08055/FULL — 21 Upper Montagu Street London W1H 2PQ
2026-10-01 13:21:29 INFO LEAD new: [Permitted] Westminster/25/08045/ADV — Edgware Road London
2026-10-01 13:21:29 INFO LEAD new: [Permitted] Westminster/25/08054/FULL — Flat 1 127 Portnall Road London W9 3BB
2026-10-01 13:21:29 INFO LEAD new: [Permitted] Westminster/25/08068/LBC — 40 Cambridge Street London SW1V 4QH
2026-10-01 13:21:29 INFO LEAD new: [Permitted] Westminster/25/08065/ADLBC — 10 - 11 Lancaster Gate London W2 3LH
2026-10-01 13:21:29 INFO LEAD new: [Permitted] Westminster/25/08062/ADLBC — The Garden Cafe Brown Hart Gardens London W1K 8UH
2026-10-01 13:21:29 INFO LEAD new: [Permitted] Westminster/25/07985/FULL — 12C Warrington Crescent London W9 1EL
2026-10-01 13:21:29 INFO LEAD new: [Permitted] Westminster/25/07984/ADFULL — 85 Elizabeth Street London SW1W 9PG
2026-10-01 13:21:29 INFO LEAD new: [Permitted] Westminster/25/08016/FULL — 4 Lombardy Place London W2 4AU
2026-10-01 13:21:29 INFO LEAD new: [Permitted] Westminster/25/08088/FULL — 10 Moreton Place London SW1V 2NP
2026-10-01 13:21:29 INFO LEAD new: [Permitted] Westminster/25/07986/LBC — 12C Warrington Crescent London W9 1EL
2026-10-01 13:21:29 INFO LEAD new: [Permitted] Westminster/25/08024/ADFULL — Central Park Hotel 49 - 67 Queensborough Terrace London W2 3
2026-10-01 13:21:29 INFO LEAD new: [Permitted] Westminster/25/08006/ADLBC — 15 South Molton Lane London
2026-10-01 13:21:29 INFO LEAD new: [Permitted] Westminster/25/08087/ADLBC — Royal College Of Art Kensington Gore London SW7 2EU
2026-10-01 13:21:36 INFO [westminster/Permitted] page at offset 1600: 100 records
2026-10-01 13:21:36 INFO LEAD new: [Permitted] Westminster/25/08015/FULL — Clevedon House 79 - 81 St George's Drive London SW1V 4DB
2026-10-01 13:21:36 INFO LEAD new: [Permitted] Westminster/25/08007/ADFULL — 13 Harley Street London W1G 9QG
2026-10-01 13:21:36 INFO LEAD new: [Permitted] Westminster/25/08023/ADFULL — 54 South Eaton Place London SW1W 9JJ
2026-10-01 13:21:36 INFO LEAD new: [Permitted] Westminster/25/07995/COFUL — Public Convenience Site Near To 32-34 Broadwick Street Londo
2026-10-01 13:21:36 INFO LEAD new: [Permitted] Westminster/25/08022/LBC — Brooks St James's Street London SW1A 1LN
2026-10-01 13:21:36 INFO LEAD new: [Permitted] Westminster/25/08008/ADLBC — 15 South Molton Lane London
2026-10-01 13:21:36 INFO LEAD new: [Permitted] Westminster/25/08019/NMA — Development Site Bounded By Ebury Street, Pimlico Road, Aver
2026-10-01 13:21:36 INFO LEAD new: [Permitted] Westminster/25/07987/ADFULL — Paddington Green Police Station 4 Harrow Road London W2 1XJ
2026-10-01 13:21:36 INFO LEAD new: [Permitted] Westminster/25/08014/ADFULL — Development Site Bound By Brook Street, Davies Street And So
2026-10-01 13:21:36 INFO LEAD new: [Permitted] Westminster/25/07998/ADLBC — 13 Harley Street London W1G 9QG
2026-10-01 13:21:36 INFO LEAD new: [Permitted] Westminster/25/08000/ADFULL — 23 - 25 Charles Lane London NW8 7SB
2026-10-01 13:21:36 INFO LEAD new: [Permitted] Westminster/25/08002/LBC — 11 Garrick Street London WC2E 9AR
2026-10-01 13:21:36 INFO LEAD new: [Permitted] Westminster/25/08013/ADFULL — Development Site Bound By Brook Street, Davies Street And So
2026-10-01 13:21:36 INFO LEAD new: [Permitted] Westminster/25/08012/ADV — Royal Horseguards Hotel 2 Whitehall Court London SW1A 2EL
2026-10-01 13:21:36 INFO LEAD new: [Permitted] Westminster/25/07961/ADFULL — Dorchester Hotel 53 Park Lane London W1K 1QA
2026-10-01 13:21:37 INFO LEAD new: [Permitted] Westminster/25/07955/ADLBC — Serpentine Bridge Serpentine Road London
2026-10-01 13:21:37 INFO LEAD new: [Permitted] Westminster/25/07937/ADFULL — Flat 3 170 Tachbrook Street London SW1V 2NE
2026-10-01 13:21:37 INFO LEAD new: [Permitted] Westminster/25/07967/ADV — 35 Westbourne Park Road London W2 5QD
2026-10-01 13:21:37 INFO LEAD new: [Permitted] Westminster/25/07951/ADLBC — 16 Charles Street London W1J 5DR
2026-10-01 13:21:37 INFO LEAD new: [Permitted] Westminster/25/07978/LBC — 17 Alderney Street London SW1V 4ES
2026-10-01 13:21:37 INFO LEAD new: [Permitted] Westminster/25/07977/ADV — 35 Wigmore Street London W1U 1PW
2026-10-01 13:21:37 INFO LEAD new: [Permitted] Westminster/25/07972/LBC — 6 Wilton Place London SW1X 8RH
2026-10-01 13:21:37 INFO LEAD new: [Permitted] Westminster/25/07971/FULL — 6 Wilton Place London SW1X 8RH
2026-10-01 13:21:37 INFO LEAD new: [Permitted] Westminster/25/07957/ADV — Fortune Theatre Russell Street London WC2B 5HH
2026-10-01 13:21:37 INFO LEAD new: [Permitted] Westminster/25/07940/CLEUD — 98 Portnall Road London W9 3BE
2026-10-01 13:21:37 INFO LEAD new: [Permitted] Westminster/25/07974/LBC — 156 Oxford Street London W1D 1ND
2026-10-01 13:21:37 INFO LEAD new: [Permitted] Westminster/25/07956/LBC — Fortune Theatre Russell Street London WC2B 5HH
2026-10-01 13:21:37 INFO LEAD new: [Permitted] Westminster/25/07964/LBC — Old Admiralty Building Spring Gardens London SW1A 2AH
2026-10-01 13:21:37 INFO LEAD new: [Permitted] Westminster/25/07976/LBC — Flat 2 110 Gloucester Terrace London W2 6HP
2026-10-01 13:21:37 INFO LEAD new: [Permitted] Westminster/25/07946/NMA — 9 - 12 Bow Street London WC2E 7AA
2026-10-01 13:21:37 INFO LEAD new: [Permitted] Westminster/25/07947/ADV — 23 Old Bond Street London W1S 4PZ
2026-10-01 13:21:37 INFO LEAD new: [Permitted] Westminster/25/07969/ADV — 22 Hanover Square London W1S 1JP
2026-10-01 13:21:37 INFO LEAD new: [Permitted] Westminster/25/07965/FULL — Flat 18 Manor Apartments 40 - 42 Abbey Road London NW8 0AR
2026-10-01 13:21:37 INFO LEAD new: [Permitted] Westminster/25/07950/FULL — 16 Hyde Park Street London W2 2JN
2026-10-01 13:21:37 INFO LEAD new: [Permitted] Westminster/25/07952/FULL — 23 Old Bond Street London W1S 4PZ
2026-10-01 13:21:37 INFO LEAD new: [Permitted] Westminster/25/07954/NMA — 1 Berkeley Mews London W1H 7AT
2026-10-01 13:21:37 INFO LEAD new: [Permitted] Westminster/25/07963/LBC — 55 Blomfield Road London W9 2PD
2026-10-01 13:21:37 INFO LEAD new: [Permitted] Westminster/25/07962/FULL — 55 Blomfield Road London W9 2PD
2026-10-01 13:21:37 INFO LEAD new: [Permitted] Westminster/25/07966/ADFULL — 139 Hamilton Terrace London NW8 9QS
2026-10-01 13:21:37 INFO LEAD new: [Permitted] Westminster/25/07960/ADFULL — Dev Site At 19-35 Baker Street, 88-110 George Street, 69-71 
2026-10-01 13:21:37 INFO LEAD new: [Permitted] Westminster/25/07953/LBC — 23 Old Bond Street London W1S 4PZ
2026-10-01 13:21:37 INFO LEAD new: [Permitted] Westminster/25/07915/NMA — Buckingham Palace The Mall London SW1A 1AA
2026-10-01 13:21:37 INFO LEAD new: [Permitted] Westminster/25/07929/ADV — 94A Mount Street London W1S 3DU
2026-10-01 13:21:37 INFO LEAD new: [Permitted] Westminster/25/07912/P3JPA — 6 Balfour Place London W1K 2AX
2026-10-01 13:21:37 INFO LEAD new: [Permitted] Westminster/25/07918/LBC — Marylebone Station Melcombe Place London NW1 6JJ
2026-10-01 13:21:37 INFO LEAD new: [Permitted] Westminster/25/07913/ADLBC — Grosvenor Gardens House 35 - 37 Grosvenor Gardens London SW1
2026-10-01 13:21:37 INFO LEAD new: [Permitted] Westminster/25/07911/ADFULL — Grosvenor Gardens House 35 - 37 Grosvenor Gardens London SW1
2026-10-01 13:21:37 INFO LEAD new: [Permitted] Westminster/25/07924/ADFULL — 33 Grosvenor Crescent Mews London SW1X 7EX
2026-10-01 13:21:37 INFO LEAD new: [Permitted] Westminster/25/07897/ADV — 261 Oxford Street London W1C 2DE
2026-10-01 13:21:37 INFO LEAD new: [Permitted] Westminster/25/07902/LBC — 45 New Cavendish Street London W1G 9TJ
2026-10-01 13:21:37 INFO LEAD new: [Permitted] Westminster/25/07904/ADFULL — 108 Clifton Hill London NW8 0JS
2026-10-01 13:21:37 INFO LEAD new: [Permitted] Westminster/25/07903/LBC — Selbie House 13 Allsop Place NW1 5LF
2026-10-01 13:21:37 INFO LEAD new: [Permitted] Westminster/25/07900/LBC — 46 - 48 Upper Berkeley Street London W1H 5QW
2026-10-01 13:21:37 INFO LEAD new: [Permitted] Westminster/25/07901/FULL — 45 New Cavendish Street London W1G 9TJ
2026-10-01 13:21:37 INFO LEAD new: [Permitted] Westminster/25/07909/ADFULL — Grosvenor Gardens House 35 - 37 Grosvenor Gardens London SW1
2026-10-01 13:21:37 INFO LEAD new: [Permitted] Westminster/25/07907/NMA — 107 Eaton Square London SW1W 9AA
2026-10-01 13:21:37 INFO LEAD new: [Permitted] Westminster/25/07899/FULL — 24 Westbourne Park Villas London W2 5EA
2026-10-01 13:21:37 INFO LEAD new: [Permitted] Westminster/25/07925/ADFULL — Development Site At 38-70 Baker Street, 64-66 Blandford Stre
2026-10-01 13:21:37 INFO LEAD new: [Permitted] Westminster/25/07936/NMA — 103 - 105 Jermyn Street London SW1Y 6EE
2026-10-01 13:21:37 INFO LEAD new: [Permitted] Westminster/25/07923/FULL — Eresby House Rutland Gate London SW7 1BG
2026-10-01 13:21:37 INFO LEAD new: [Permitted] Westminster/25/07910/ADFULL — Grosvenor Gardens House 35 - 37 Grosvenor Gardens London SW1
2026-10-01 13:21:37 INFO LEAD new: [Permitted] Westminster/25/07931/LBC — 94A Mount Street London W1S 3DU
2026-10-01 13:21:37 INFO LEAD new: [Permitted] Westminster/25/07926/NMA — Development Site At 38-70 Baker Street, 64-66 Blandford Stre
2026-10-01 13:21:37 INFO LEAD new: [Permitted] Westminster/25/07927/FULL — 14 Wilton Street London SW1X 7AF
2026-10-01 13:21:37 INFO LEAD new: [Permitted] Westminster/25/07928/LBC — 14 Wilton Street London SW1X 7AF
2026-10-01 13:21:37 INFO LEAD new: [Permitted] Westminster/25/07916/LBC — 222 Regent Street London
2026-10-01 13:21:37 INFO LEAD new: [Permitted] Westminster/25/07874/LBC — Flat 6 237 - 239 Sussex Gardens London W2 3UD
2026-10-01 13:21:37 INFO LEAD new: [Permitted] Westminster/25/07896/FULL — Church House Newton Road London W2 5LS
2026-10-01 13:21:37 INFO LEAD new: [Permitted] Westminster/25/07862/FULL — Penthouse A 21 Davies Street London W1K 3DE
2026-10-01 13:21:37 INFO LEAD new: [Permitted] Westminster/25/07885/LBC — 6 Adam Street WC2N 6AA
2026-10-01 13:21:37 INFO LEAD new: [Permitted] Westminster/25/08041/ADLBC — York House St James's Palace Cleveland Row London SW1A 1BQ
2026-10-01 13:21:37 INFO LEAD new: [Permitted] Westminster/25/07857/ADV — 10A Northumberland Avenue London WC2N 5AE
2026-10-01 13:21:37 INFO LEAD new: [Permitted] Westminster/25/08040/ADFULL — York House St James's Palace Cleveland Row London SW1A 1BQ
2026-10-01 13:21:37 INFO LEAD new: [Permitted] Westminster/25/07887/LBC — 14 Cavendish Square London W1G 9DB
2026-10-01 13:21:37 INFO LEAD new: [Permitted] Westminster/25/07886/FULL — 14 Cavendish Square London W1G 9DB
2026-10-01 13:21:44 INFO [westminster/Permitted] page at offset 1700: 100 records
2026-10-01 13:21:44 INFO LEAD new: [Permitted] Westminster/25/07880/LBC — Flat 1 27 Bryanston Square London W1H 2DT
2026-10-01 13:21:44 INFO LEAD new: [Permitted] Westminster/25/07888/ADV — The London Pavillion 1 Piccadilly London W1J 0DA
2026-10-01 13:21:44 INFO LEAD new: [Permitted] Westminster/25/07858/ADV — Cumberland Hotel Great Cumberland Place London W1H 7DL
2026-10-01 13:21:44 INFO LEAD new: [Permitted] Westminster/25/07893/LBC — 7A Langley Street London WC2H 9JA
2026-10-01 13:21:44 INFO LEAD new: [Permitted] Westminster/25/07869/LBC — Buckingham Palace The Mall London SW1A 1AA
2026-10-01 13:21:44 INFO LEAD new: [Permitted] Westminster/25/07865/FULL — 27 - 29 Brook Street West End London W1K 4HE
2026-10-01 13:21:44 INFO LEAD new: [Permitted] Westminster/25/07894/FULL — 8 Vincent Square London SW1P 2LX
2026-10-01 13:21:44 INFO LEAD new: [Permitted] Westminster/25/07863/LBC — 147 Oxford Street London W1D 2JE
2026-10-01 13:21:44 INFO LEAD new: [Permitted] Westminster/25/07864/ADV — 6 Bedford Street London WC2E 9HZ
2026-10-01 13:21:44 INFO LEAD new: [Permitted] Westminster/25/07883/NMA — 200 Strand London WC2R 1DJ
2026-10-01 13:21:44 INFO LEAD new: [Permitted] Westminster/25/07884/LBC — 6 Bedford Street London WC2E 9HZ
2026-10-01 13:21:44 INFO LEAD new: [Permitted] Westminster/25/07872/FULL — 11 Adelphi Terrace WC2N 6BJ
2026-10-01 13:21:44 INFO LEAD new: [Permitted] Westminster/25/07873/LBC — 11 Adelphi Terrace WC2N 6BJ
2026-10-01 13:21:44 INFO LEAD new: [Permitted] Westminster/25/07881/LBC — 37 Albert Court West Block Prince Consort Road London SW7 2B
2026-10-01 13:21:44 INFO LEAD new: [Permitted] Westminster/25/07867/ADFULL — 28 - 32 Shelton Street London WC2H 9JE
2026-10-01 13:21:44 INFO LEAD new: [Permitted] Westminster/25/07859/FULL — 1 Southwold Mansions Widley Road London W9 2LE
2026-10-01 13:21:44 INFO LEAD new: [Permitted] Westminster/25/07892/ADLBC — Grosvenor Gardens House 35 - 37 Grosvenor Gardens London SW1
2026-10-01 13:21:44 INFO LEAD new: [Permitted] Westminster/25/07870/ADV — Kent House 14 - 17 Market Place London W1W 8AJ
2026-10-01 13:21:44 INFO LEAD new: [Permitted] Westminster/25/07878/LBC — Buckingham Palace The Mall London SW1A 1AA
2026-10-01 13:21:44 INFO LEAD new: [Permitted] Westminster/25/07882/ADFULL — 10 Orme Square London W2 4RS
2026-10-01 13:21:44 INFO LEAD new: [Permitted] Westminster/25/07876/FULL — 5 Kingdom Street London
2026-10-01 13:21:44 INFO LEAD new: [Permitted] Westminster/25/08042/LBC — York House St James's Palace Cleveland Row London SW1A 1BQ
2026-10-01 13:21:44 INFO LEAD new: [Permitted] Westminster/25/07890/ADLBC — Grosvenor Gardens House 35 - 37 Grosvenor Gardens London SW1
2026-10-01 13:21:44 INFO LEAD new: [Permitted] Westminster/25/07891/ADLBC — Grosvenor Gardens House 35 - 37 Grosvenor Gardens London SW1
2026-10-01 13:21:44 INFO LEAD new: [Permitted] Westminster/25/07852/LBC — 55 Whitehall London SW1A 2EY
2026-10-01 13:21:44 INFO LEAD new: [Permitted] Westminster/25/07837/ADFULL — 41 Devonshire Place London W1G 6JY
2026-10-01 13:21:44 INFO LEAD new: [Permitted] Westminster/25/07833/ADLBC — 41 Devonshire Place London W1G 6JY
2026-10-01 13:21:44 INFO LEAD new: [Permitted] Westminster/25/07831/LBC — Top Floor Flat 71 Randolph Avenue London W9 1DW
2026-10-01 13:21:44 INFO LEAD new: [Permitted] Westminster/25/07854/LBC — 6 Bedford Street London WC2E 9HZ
2026-10-01 13:21:44 INFO LEAD new: [Permitted] Westminster/25/07830/FULL — Top Floor Flat 71 Randolph Avenue London W9 1DW
2026-10-01 13:21:44 INFO LEAD new: [Permitted] Westminster/25/07843/FULL — 4 Bryanston Street London W1H 7BY
2026-10-01 13:21:44 INFO LEAD new: [Permitted] Westminster/25/07842/ADV — John Lewis 278 - 306 Oxford Street London W1C 1DX
2026-10-01 13:21:44 INFO LEAD new: [Permitted] Westminster/25/07836/ADFULL — Development Site Bound By Brook Street, Davies Street And So
2026-10-01 13:21:44 INFO LEAD new: [Permitted] Westminster/25/07848/LBC — 25 Hyde Park Gardens London W2 2LZ
2026-10-01 13:21:44 INFO LEAD new: [Permitted] Westminster/25/07825/FULL — 11 Belgrave Road London SW1V 1TS
2026-10-01 13:21:44 INFO LEAD new: [Permitted] Westminster/25/07845/ADFULL — Carnaby Street London W1F 9PB
2026-10-01 13:21:44 INFO LEAD new: [Permitted] Westminster/25/07841/FULL — Flat 58 Townshend Court 52-61 Allitsen Road London NW8 6LW
2026-10-01 13:21:44 INFO LEAD new: [Permitted] Westminster/25/07908/ADFULL — The Victoria Tower Gardens Millbank London SW1P 3YB
2026-10-01 13:21:44 INFO LEAD new: [Permitted] Westminster/25/07838/FULL — Basement And Ground Floor 360 Harrow Road London W9 2HT
2026-10-01 13:21:45 INFO LEAD new: [Permitted] Westminster/25/07850/LBC — 39 Hamilton Terrace London NW8 9RG
2026-10-01 13:21:45 INFO LEAD new: [Permitted] Westminster/25/07844/LBC — 4 Bryanston Street London W1H 7BY
2026-10-01 13:21:45 INFO LEAD new: [Permitted] Westminster/25/07853/ADV — 2 Wallenberg Place London W1H 7TN
2026-10-01 13:21:45 INFO LEAD new: [Permitted] Westminster/25/07849/FULL — 39 Hamilton Terrace London NW8 9RG
2026-10-01 13:21:45 INFO LEAD new: [Permitted] Westminster/25/07828/LBC — 17 Hertford Street London W1J 7RS
2026-10-01 13:21:45 INFO LEAD new: [Permitted] Westminster/25/07829/ADLBC — 2D Hamilton Terrace London NW8 9UG
2026-10-01 13:21:45 INFO LEAD new: [Permitted] Westminster/25/07847/FULL — 25 Hyde Park Gardens London W2 2LZ
2026-10-01 13:21:45 INFO LEAD new: [Permitted] Westminster/25/07824/NMA — Venture House 27 - 29 Glasshouse Street London W1B 5DF
2026-10-01 13:21:45 INFO LEAD new: [Permitted] Westminster/25/07818/FULL — 45 Eaton Terrace London SW1W 8TR
2026-10-01 13:21:45 INFO LEAD new: [Permitted] Westminster/25/07819/LBC — 45 Eaton Terrace London SW1W 8TR
2026-10-01 13:21:45 INFO LEAD new: [Permitted] Westminster/25/07822/LBC — 43 Eaton Square London SW1W 9BD
2026-10-01 13:21:45 INFO LEAD new: [Permitted] Westminster/25/07817/FULL — 350 - 352 Oxford Street London W1C 1JH
2026-10-01 13:21:45 INFO LEAD new: [Permitted] Westminster/25/07820/ADV — 27 Duke Street London W1U 1LE
2026-10-01 13:21:45 INFO LEAD new: [Permitted] Westminster/25/07809/LBC — 34 Park Street London W1K 2JD
2026-10-01 13:21:45 INFO LEAD new: [Permitted] Westminster/25/07793/ADV — 100 Regent Street London W1B 5SR
2026-10-01 13:21:45 INFO LEAD new: [Permitted] Westminster/25/07795/FULL — Basement Rear And Ground Floor Part And Mezzanine Part 11 Wa
2026-10-01 13:21:45 INFO LEAD new: [Permitted] Westminster/25/07810/ADFULL — 53 Avenue Road NW8 6HR
2026-10-01 13:21:45 INFO LEAD new: [Permitted] Westminster/25/07781/FULL — Pitch 1714 St Martin's Place London WC2N 5DN
2026-10-01 13:21:45 INFO LEAD new: [Permitted] Westminster/25/07803/FULL — 58 Oliphant Street London W10 4EF
2026-10-01 13:21:45 INFO LEAD new: [Permitted] Westminster/25/07784/FULL — 74 Eccleston Square Mews London SW1V 1QN
2026-10-01 13:21:45 INFO LEAD new: [Permitted] Westminster/25/07786/LBC — 7 Eaton Square London SW1W 9DA
2026-10-01 13:21:45 INFO LEAD new: [Permitted] Westminster/25/07785/FULL — 7 Eaton Square London SW1W 9DA
2026-10-01 13:21:45 INFO LEAD new: [Permitted] Westminster/25/07823/CLLB — 100 Parliament Street London SW1A 2BQ
2026-10-01 13:21:45 INFO LEAD new: [Permitted] Westminster/25/07808/FULL — 34 Park Street London W1K 2JD
2026-10-01 13:21:45 INFO LEAD new: [Permitted] Westminster/25/07814/LBC — 1 Cavendish Square London W1G 0LA
2026-10-01 13:21:45 INFO LEAD new: [Permitted] Westminster/25/07798/ADLBC — New Zealand House 80 Haymarket London SW1Y 4TE
2026-10-01 13:21:45 INFO LEAD new: [Permitted] Westminster/25/07797/LBC — Basement Rear And Ground Floor Part And Mezzanine Part 11 Wa
2026-10-01 13:21:45 INFO LEAD new: [Permitted] Westminster/25/07796/ADV — Basement Rear And Ground Floor Part And Mezzanine Part 11 Wa
2026-10-01 13:21:45 INFO LEAD new: [Permitted] Westminster/25/07801/ADV — 86 Great Titchfield Street London W1W 6SD
2026-10-01 13:21:45 INFO LEAD new: [Permitted] Westminster/25/07802/FULL — 42 - 49 St Martin's Lane London WC2N 4EJ
2026-10-01 13:21:45 INFO LEAD new: [Permitted] Westminster/25/07800/ADV — 8 Foubert's Place London W1F 7PD
2026-10-01 13:21:45 INFO LEAD new: [Permitted] Westminster/25/07806/ADFULL — 8 Norfolk Road London NW8 6HE
2026-10-01 13:21:45 INFO LEAD new: [Permitted] Westminster/25/07787/ADFULL — 19 Passmore Street London SW1W 8HR
2026-10-01 13:21:45 INFO LEAD new: [Permitted] Westminster/25/07807/LBC — Flat 4 3 Nottingham Street London W1U 5EG
2026-10-01 13:21:45 INFO LEAD new: [Permitted] Westminster/25/07738/ADFULL — 19 Dacre Street London SW1H 0DJ
2026-10-01 13:21:45 INFO LEAD new: [Permitted] Westminster/25/07732/LBC — Flat 6 96 - 100 Belgrave Road London SW1V 2BJ
2026-10-01 13:21:45 INFO LEAD new: [Permitted] Westminster/25/07733/FULL — 45 Southwold Mansions Widley Road London W9 2LF
2026-10-01 13:21:45 INFO LEAD new: [Permitted] Westminster/25/07739/ADFULL — 19 Dacre Street London SW1H 0DJ
2026-10-01 13:21:45 INFO LEAD new: [Permitted] Westminster/25/07729/FULL — 84 Southwold Mansions Widley Road London W9 2LF
2026-10-01 13:21:45 INFO LEAD new: [Permitted] Westminster/25/07727/FULL — 30 Woronzow Road London NW8 6QE
2026-10-01 13:21:45 INFO LEAD new: [Permitted] Westminster/25/07730/FULL — 44 Southwold Mansions Widley Road London W9 2LF
2026-10-01 13:21:45 INFO LEAD new: [Permitted] Westminster/25/07737/ADFULL — 19 Dacre Street London SW1H 0DJ
2026-10-01 13:21:45 INFO LEAD new: [Permitted] Westminster/25/07834/ADLBC — New Zealand House 80 Haymarket London SW1Y 4TE
2026-10-01 13:21:52 INFO [westminster/Permitted] page at offset 1800: 100 records
2026-10-01 13:21:52 INFO LEAD new: [Permitted] Westminster/25/07747/ADV — 31 Bruton Street London W1J 6HH
2026-10-01 13:21:52 INFO LEAD new: [Permitted] Westminster/25/07754/EIASCR — 10 Victoria Street London SW1H 0NN
2026-10-01 13:21:52 INFO LEAD new: [Permitted] Westminster/25/07748/ADFULL — 56 Westbourne Grove London W2 5SH
2026-10-01 13:21:52 INFO LEAD new: [Permitted] Westminster/25/07779/ADV — 36 Coventry Street London W1D 6BX
2026-10-01 13:21:52 INFO LEAD new: [Permitted] Westminster/25/07734/FULL — 11 Blenheim Street London W1S 1LL
2026-10-01 13:21:52 INFO LEAD new: [Permitted] Westminster/25/07780/FULL — Flat A 150 Elgin Avenue London W9 2NT
2026-10-01 13:21:52 INFO LEAD new: [Permitted] Westminster/25/07752/ADLBC — 41 Devonshire Place London W1G 6JY
2026-10-01 13:21:52 INFO LEAD new: [Permitted] Westminster/25/07751/ADFULL — 95 New Cavendish Street London W1W 6XF
2026-10-01 13:21:52 INFO LEAD new: [Permitted] Westminster/25/07755/ADFULL — 24 Upper Wimpole Street London W1G 6NE
2026-10-01 13:21:52 INFO LEAD new: [Permitted] Westminster/25/07759/OBS — 120-136 Camley Street And 3-30 Cedar Way Camden London
2026-10-01 13:21:52 INFO LEAD new: [Permitted] Westminster/25/07816/CLLB — 70 Whitehall London SW1A 2AS
2026-10-01 13:21:52 INFO LEAD new: [Permitted] Westminster/25/07835/ADLBC — New Zealand House 80 Haymarket London SW1Y 4TE
2026-10-01 13:21:52 INFO LEAD new: [Permitted] Westminster/25/07764/CLEUD — Albert Hall Mansions Kensington Gore London SW7 2AN
2026-10-01 13:21:52 INFO LEAD new: [Permitted] Westminster/25/07760/LBC — Selfridges 400 Oxford Street London W1A 1AB
2026-10-01 13:21:52 INFO LEAD new: [Permitted] Westminster/25/07758/ADLBC — 48 Portland Place London W1B 1NN
2026-10-01 13:21:52 INFO LEAD new: [Permitted] Westminster/25/07763/ADV — Selfridges 400 Oxford Street London W1A 1AB
2026-10-01 13:21:52 INFO LEAD new: [Permitted] Westminster/25/07766/LBC — Flat 2 61 Randolph Avenue London W9 1DW
2026-10-01 13:21:52 INFO LEAD new: [Permitted] Westminster/25/07765/FULL — Flat 2 61 Randolph Avenue London W9 1DW
2026-10-01 13:21:52 INFO LEAD new: [Permitted] Westminster/25/07777/FULL — 59 Blenheim Terrace London NW8 0EJ
2026-10-01 13:21:52 INFO LEAD new: [Permitted] Westminster/25/07770/LBC — House Of Commons Palace Of Westminster Parliament Square Lon
2026-10-01 13:21:52 INFO LEAD new: [Permitted] Westminster/25/07771/ADLBC — The Ritz Hotel 150 - 156 Piccadilly London W1J 9BR
2026-10-01 13:21:52 INFO LEAD new: [Permitted] Westminster/25/07756/FULL — 12A St George's Square London SW1V 2HP
2026-10-01 13:21:52 INFO LEAD new: [Permitted] Westminster/25/07757/LBC — 12A St George's Square London SW1V 2HP
2026-10-01 13:21:52 INFO LEAD new: [Permitted] Westminster/25/07776/ADLBC — Flat 1 68 Eccleston Square London SW1V 1PJ
2026-10-01 13:21:52 INFO LEAD new: [Permitted] Westminster/25/07749/LBC — Venture House 27 - 29 Glasshouse Street London W1B 5DF
2026-10-01 13:21:52 INFO LEAD new: [Permitted] Westminster/25/07775/CLOPUD — 13 Ranelagh Grove London SW1W 8PA
2026-10-01 13:21:52 INFO LEAD new: [Permitted] Westminster/25/07744/LBC — 12 Stratford Place London W1C 1BB
2026-10-01 13:21:52 INFO LEAD new: [Permitted] Westminster/25/07778/LBC — Flat 116 4 Whitehall Court London SW1A 2EP
2026-10-01 13:21:52 INFO LEAD new: [Permitted] Westminster/25/07772/ADV — 5 Albemarle Street London W1S 4HF
2026-10-01 13:21:52 INFO LEAD new: [Permitted] Westminster/25/07769/FULL — The Colonnades 34 Porchester Square London W2 6AP
2026-10-01 13:21:52 INFO LEAD new: [Permitted] Westminster/25/07725/LBC — 56 Blomfield Road London W9 2PD
2026-10-01 13:21:52 INFO LEAD new: [Permitted] Westminster/25/07700/FULL — Flat 5 24 Kensington Gore London SW7 2ET
2026-10-01 13:21:52 INFO LEAD new: [Permitted] Westminster/25/07720/LBC — Royal Horseguards Hotel 2 Whitehall Court London SW1A 2EL
2026-10-01 13:21:52 INFO LEAD new: [Permitted] Westminster/25/07719/FULL — Royal Horseguards Hotel 2 Whitehall Court London SW1A 2EL
2026-10-01 13:21:52 INFO LEAD new: [Permitted] Westminster/25/07710/FULL — 5 Hereford Road London W2 4AB
2026-10-01 13:21:52 INFO LEAD new: [Permitted] Westminster/25/07718/ADLBC — Flat 4 166 Gloucester Terrace London W2 6HR
2026-10-01 13:21:52 INFO LEAD new: [Permitted] Westminster/25/07708/ADFULL — 28 - 32 Shelton Street London WC2H 9JE
2026-10-01 13:21:52 INFO LEAD new: [Permitted] Westminster/25/07743/ADLBC — Pegasus House 37 - 43 Sackville Street London W1S 3EH
2026-10-01 13:21:52 INFO LEAD new: [Permitted] Westminster/25/07701/LBC — Paddington Station Praed Street London W2 1HB
2026-10-01 13:21:52 INFO LEAD new: [Permitted] Westminster/25/07753/ADLBC — Pegasus House 37 - 43 Sackville Street London W1S 3EH
2026-10-01 13:21:52 INFO LEAD new: [Permitted] Westminster/25/07706/ADFULL — Pegasus House 37 - 43 Sackville Street London W1S 3EH
2026-10-01 13:21:52 INFO LEAD new: [Permitted] Westminster/25/07705/ADV — Unit 1 Ilona Rose House Manette Street London W1D 4AL
2026-10-01 13:21:52 INFO LEAD new: [Permitted] Westminster/25/07697/FULL — 19D Warwick Square London SW1V 2AB
2026-10-01 13:21:52 INFO LEAD new: [Permitted] Westminster/25/07722/FULL — 1 Clifton Villas London W9 2PH
2026-10-01 13:21:52 INFO LEAD new: [Permitted] Westminster/25/07715/LBC — 14 Lord North Street London SW1P 3LD
2026-10-01 13:21:52 INFO LEAD new: [Permitted] Westminster/25/07723/LBC — 1 Clifton Villas London W9 2PH
2026-10-01 13:21:52 INFO LEAD new: [Permitted] Westminster/25/07714/LBC — Buckingham Palace The Mall London SW1A 1AA
2026-10-01 13:21:52 INFO LEAD new: [Permitted] Westminster/25/07704/ADFULL — 22 Park Street London W1K 2JB
2026-10-01 13:21:52 INFO LEAD new: [Permitted] Westminster/25/07698/LBC — 19D Warwick Square London SW1V 2AB
2026-10-01 13:21:52 INFO LEAD new: [Permitted] Westminster/25/07702/ADFULL — Development Site At Former 300 Harrow Road London
2026-10-01 13:21:52 INFO LEAD new: [Permitted] Westminster/25/07712/FULL — Basement 35 South Audley Street London W1K 2PJ
2026-10-01 13:21:52 INFO LEAD new: [Permitted] Westminster/25/07721/FULL — Basement And Ground Floor 47 - 49 Queensway London W2 4AH
2026-10-01 13:21:52 INFO LEAD new: [Permitted] Westminster/25/07707/ADFULL — Pegasus House 37 - 43 Sackville Street London W1S 3EH
2026-10-01 13:21:52 INFO LEAD new: [Permitted] Westminster/25/07724/FULL — 56 Blomfield Road London W9 2PD
2026-10-01 13:21:52 INFO LEAD new: [Permitted] Westminster/25/08032/LBC — 10 Downing Street London SW1A 2AA
2026-10-01 13:21:52 INFO LEAD new: [Permitted] Westminster/25/07713/LBC — Basement 35 South Audley Street London W1K 2PJ
2026-10-01 13:21:52 INFO LEAD new: [Permitted] Westminster/25/07716/FULL — 12 Abercorn Place NW8 9XP
2026-10-01 13:21:52 INFO LEAD new: [Permitted] Westminster/25/07717/LBC — 12 Abercorn Place NW8 9XP
2026-10-01 13:21:52 INFO LEAD new: [Permitted] Westminster/25/07670/FULL — Russell House Cambridge Street London SW1V 4EQ
2026-10-01 13:21:52 INFO LEAD new: [Permitted] Westminster/25/07690/FULL — 6 Hogan Mews London W2 1UP
2026-10-01 13:21:52 INFO LEAD new: [Permitted] Westminster/25/07673/ADFULL — 23 - 25 Charles Lane London NW8 7SB
2026-10-01 13:21:52 INFO LEAD new: [Permitted] Westminster/25/07672/FULL — 1 West Mews London SW1V 2DJ
2026-10-01 13:21:52 INFO LEAD new: [Permitted] Westminster/25/07677/FULL — First Floor Flat 75 - 77 Elizabeth Street London SW1W 9PJ
2026-10-01 13:21:52 INFO LEAD new: [Permitted] Westminster/25/07679/FULL — 39 Hereford Road London W2 4AB
2026-10-01 13:21:52 INFO LEAD new: [Permitted] Westminster/25/07683/FULL — Flat 9 Harrow Lodge St John's Wood Road London NW8 8HR
2026-10-01 13:21:52 INFO LEAD new: [Permitted] Westminster/25/07676/ADV — 10 Spring Gardens London SW1A 2BN
2026-10-01 13:21:52 INFO LEAD new: [Permitted] Westminster/25/07703/OBS — 1 - 2 Citadel Place Lambeth London SE11 5EF
2026-10-01 13:21:53 INFO LEAD new: [Permitted] Westminster/25/07691/FULL — 80 - 82 Great Titchfield Street London W1W 7QT
2026-10-01 13:21:53 INFO LEAD new: [Permitted] Westminster/25/07675/ADLBC — 83 Pall Mall London SW1Y 5ES
2026-10-01 13:21:53 INFO LEAD new: [Permitted] Westminster/25/07668/AD7 — 38 Dover Street London W1S 4NL
2026-10-01 13:21:53 INFO LEAD new: [Permitted] Westminster/25/07674/ADFULL — 83 Pall Mall London SW1Y 5ES
2026-10-01 13:21:53 INFO LEAD new: [Permitted] Westminster/25/07678/LBC — First Floor Flat 75 - 77 Elizabeth Street London SW1W 9PJ
2026-10-01 13:21:53 INFO LEAD new: [Permitted] Westminster/25/07684/ADFULL — 1 Clifton Hill London NW8 0QE
2026-10-01 13:21:53 INFO LEAD new: [Permitted] Westminster/25/08413/ADLBC — 83 Pall Mall London SW1Y 5ES
2026-10-01 13:21:53 INFO LEAD new: [Permitted] Westminster/25/07693/TELCOM — Vale Royal House 36 Newport Court London WC2H 7PS
2026-10-01 13:21:53 INFO LEAD new: [Permitted] Westminster/25/07692/ADLBC — 47 Berwick Street London W1F 8SJ
2026-10-01 13:21:53 INFO LEAD new: [Permitted] Westminster/25/07687/ADFULL — 25 - 31 Wellington Street London WC2E 7DD
2026-10-01 13:21:53 INFO LEAD new: [Permitted] Westminster/25/07666/LBC — 25 Old Bond Street London W1S 4QB
2026-10-01 13:21:53 INFO LEAD new: [Permitted] Westminster/25/07667/ADV — Basement And Ground Floor 35 Whitehall London SW1A 2BX
2026-10-01 13:21:53 INFO LEAD new: [Permitted] Westminster/25/07694/CLEUD — 39 Barrow Hill Road London NW8 7AH
2026-10-01 13:21:53 INFO LEAD new: [Permitted] Westminster/25/07665/FULL — 25 Old Bond Street London W1S 4QB
2026-10-01 13:21:53 INFO LEAD new: [Permitted] Westminster/25/07671/ADV — 7 St Martin's Place London WC2N 4JH
2026-10-01 13:21:53 INFO LEAD new: [Permitted] Westminster/25/07644/FULL — 135 - 137 Ebury Street London SW1W 9QU
2026-10-01 13:21:53 INFO LEAD new: [Permitted] Westminster/25/07645/LBC — 135 - 137 Ebury Street London SW1W 9QU
2026-10-01 13:21:53 INFO LEAD new: [Permitted] Westminster/25/07662/ADFULL — 16 Beaumont Mews London W1G 6EJ
2026-10-01 13:21:53 INFO LEAD new: [Permitted] Westminster/25/07681/ADLBC — 14 St George Street London W1S 1FE
2026-10-01 13:21:53 INFO LEAD new: [Permitted] Westminster/25/07661/ADLBC — 13 Harley Street London W1G 9QG
2026-10-01 13:21:53 INFO LEAD new: [Permitted] Westminster/25/07699/OBS — 120-136 Camley Street And 3-30 Cedar Way Camden London
2026-10-01 13:21:53 INFO LEAD new: [Permitted] Westminster/25/07646/ADFULL — 14 St George Street London W1S 1FE
2026-10-01 13:21:53 INFO LEAD new: [Permitted] Westminster/25/07658/ADFULL — 142 Hamilton Terrace London NW8 9UX
2026-10-01 13:21:53 INFO LEAD new: [Permitted] Westminster/25/07655/FULL — The Lanesborough Hotel 1 Lanesborough Place London SW1X 7TA
2026-10-01 13:21:53 INFO LEAD new: [Permitted] Westminster/25/07656/LBC — The Lanesborough Hotel 1 Lanesborough Place London SW1X 7TA
2026-10-01 13:21:59 INFO [westminster/Permitted] page at offset 1900: 100 records
2026-10-01 13:21:59 INFO LEAD new: [Permitted] Westminster/25/07659/FULL — 5A Burlington Gardens London W1S 3EP
2026-10-01 13:21:59 INFO LEAD new: [Permitted] Westminster/25/07654/FULL — Basement And Ground Floor Astoria House 62 Shaftesbury Avenu
2026-10-01 13:21:59 INFO LEAD new: [Permitted] Westminster/25/07664/FULL — 40 Leith Mansions Grantully Road London W9 1LH
2026-10-01 13:21:59 INFO LEAD new: [Permitted] Westminster/25/07625/LBC — Richmond House 79 Whitehall London SW1A 2NS
2026-10-01 13:21:59 INFO LEAD new: [Permitted] Westminster/25/07593/ADV — 14 Acacia Road NW8 6AN
2026-10-01 13:21:59 INFO LEAD new: [Permitted] Westminster/25/07635/FULL — 186 Ashmore Road London W9 3DE
2026-10-01 13:21:59 INFO LEAD new: [Permitted] Westminster/25/07623/LBC — 223A Sussex Gardens London W2 2RL
2026-10-01 13:21:59 INFO LEAD new: [Permitted] Westminster/25/07622/FULL — 223A Sussex Gardens London W2 2RL
2026-10-01 13:21:59 INFO LEAD new: [Permitted] Westminster/25/07614/FULL — Flat 3 Albert Hall Mansions Kensington Gore London SW7 2AN
2026-10-01 13:21:59 INFO LEAD new: [Permitted] Westminster/25/07628/FULL — Flat 2 17 Ennismore Gardens London SW7 1AA
2026-10-01 13:21:59 INFO LEAD new: [Permitted] Westminster/25/07624/CLEUD — 24 Kinnerton Street London SW1X 8ES
2026-10-01 13:21:59 INFO LEAD new: [Permitted] Westminster/25/07638/ADLBC — Admiralty Arch The Mall London SW1A 2WH
2026-10-01 13:21:59 INFO LEAD new: [Permitted] Westminster/25/07616/FULL — 17 Albemarle Street London W1S 4HP
2026-10-01 13:21:59 INFO LEAD new: [Permitted] Westminster/25/07620/FULL — 96 Gloucester Terrace London W2 6HP
2026-10-01 13:21:59 INFO LEAD new: [Permitted] Westminster/25/07617/LBC — 17 Albemarle Street London W1S 4HP
2026-10-01 13:21:59 INFO LEAD new: [Permitted] Westminster/25/07633/ADV — 3 Cranbourn Street London WC2H 7AL
2026-10-01 13:21:59 INFO LEAD new: [Permitted] Westminster/25/07632/LBC — 2A Duke Street London W1U 3EJ
2026-10-01 13:21:59 INFO LEAD new: [Permitted] Westminster/25/07630/ADLBC — House Of Commons Palace Of Westminster Parliament Square Lon
2026-10-01 13:21:59 INFO LEAD new: [Permitted] Westminster/25/07621/LBC — 96 Gloucester Terrace London W2 6HP
2026-10-01 13:21:59 INFO LEAD new: [Permitted] Westminster/25/07626/ADV — 1 Irving Street London WC2H 7AT
2026-10-01 13:21:59 INFO LEAD new: [Permitted] Westminster/25/07627/ADFULL — St Johns Wood Barracks Ordnance Hill London NW8 6PT
2026-10-01 13:22:00 INFO LEAD new: [Permitted] Westminster/25/07597/NMA — 17 - 19 Rochester Row London SW1P 1JB
2026-10-01 13:22:00 INFO LEAD new: [Permitted] Westminster/25/07594/FULL — 6 Montrose Court London SW7 2QH
2026-10-01 13:22:00 INFO LEAD new: [Permitted] Westminster/25/07605/LBC — Flat 3 Albert Hall Mansions Kensington Gore London SW7 2AN
2026-10-01 13:22:00 INFO LEAD new: [Permitted] Westminster/25/07606/ADFULL — 87A St John's Wood Terrace London NW8 6PY
2026-10-01 13:22:00 INFO LEAD new: [Permitted] Westminster/25/07637/LBC — 440 Strand London WC2R 0QS
2026-10-01 13:22:00 INFO LEAD new: [Permitted] Westminster/25/07601/ADFULL — Charing Cross Police Station Agar Street WC2N 4JP
2026-10-01 13:22:00 INFO LEAD new: [Permitted] Westminster/25/07611/CLEUD — 63 Prince's Square London W2 4PX
2026-10-01 13:22:00 INFO LEAD new: [Permitted] Westminster/25/07669/ADLBC — Charing Cross Police Station Agar Street WC2N 4JP
2026-10-01 13:22:00 INFO LEAD new: [Permitted] Westminster/25/07598/ADFULL — 47 Berkeley Square London W1J 5AU
2026-10-01 13:22:00 INFO LEAD new: [Permitted] Westminster/25/07629/LBC — Flat 2 17 Ennismore Gardens London SW7 1AA
2026-10-01 13:22:00 INFO LEAD new: [Permitted] Westminster/25/07589/NMA — Admiralty Arch The Mall London SW1A 2WH
2026-10-01 13:22:00 INFO LEAD new: [Permitted] Westminster/25/07615/LBC — Flat 3 Albert Hall Mansions Kensington Gore London SW7 2AN
2026-10-01 13:22:00 INFO LEAD new: [Permitted] Westminster/25/07602/NMA — 350 Edgware Road London W2 1EA
2026-10-01 13:22:00 INFO LEAD new: [Permitted] Westminster/25/07595/FULL — 118 - 120 Shaftesbury Avenue London W1D 5EP
2026-10-01 13:22:00 INFO LEAD new: [Permitted] Westminster/25/07631/FULL — 220 Ashley Gardens Emery Hill Street London SW1P 1PA
2026-10-01 13:22:00 INFO LEAD new: [Permitted] Westminster/25/07600/FULL — Flat 3 16 Thayer Street London W1U 3JU
2026-10-01 13:22:00 INFO LEAD new: [Permitted] Westminster/25/07592/LBC — 48 Eastcastle Street London W1W 8DX
2026-10-01 13:22:00 INFO LEAD new: [Permitted] Westminster/25/07639/FULL — 6 - 8 Irving Street London WC2H 7AT
2026-10-01 13:22:00 INFO LEAD new: [Permitted] Westminster/25/07580/FULL — 5 Mount Street London W1K 3NE
2026-10-01 13:22:00 INFO LEAD new: [Permitted] Westminster/25/07584/FULL — 13 Ranelagh Grove London SW1W 8PA
2026-10-01 13:22:00 INFO LEAD new: [Permitted] Westminster/25/07579/NMA — Development Site At 1-11 And 13-15 Carteret Street 40 Broadw
2026-10-01 13:22:00 INFO LEAD new: [Permitted] Westminster/25/07581/LBC — 5 Mount Street London W1K 3NE
2026-10-01 13:22:00 INFO LEAD new: [Permitted] Westminster/26/03855/ADV — 33 - 37 Wardour Street London W1D 6PT
2026-10-01 13:22:00 INFO LEAD new: [Permitted] Westminster/25/07567/NMA — Development Site At 1-11 And 13-15 Carteret Street 40 Broadw
2026-10-01 13:22:00 INFO LEAD new: [Permitted] Westminster/25/07565/FULL — 35 Soho Square London W1D 3QX
2026-10-01 13:22:00 INFO LEAD new: [Permitted] Westminster/25/07561/LBC — 119 Mount Street London W1K 3NL
2026-10-01 13:22:00 INFO LEAD new: [Permitted] Westminster/25/07559/FULL — 8 Oldbury Place London W1U 5PG
2026-10-01 13:22:00 INFO LEAD new: [Permitted] Westminster/25/07563/ADFULL — 8 Elm Tree Road London NW8 9JX
2026-10-01 13:22:00 INFO LEAD new: [Permitted] Westminster/25/07557/ADLBC — Flat 8 58 Rutland Gate London SW7 1PL
2026-10-01 13:22:00 INFO LEAD new: [Permitted] Westminster/25/07560/FULL — 2 Melina Place London NW8 9SA
2026-10-01 13:22:00 INFO LEAD new: [Permitted] Westminster/25/07571/ADLBC — Royal Institute Of British Architects 66 Portland Place Lond
2026-10-01 13:22:00 INFO LEAD new: [Permitted] Westminster/25/07586/FULL — First Floor And Second Floor Maisonette 25 Abbey Road London
2026-10-01 13:22:00 INFO LEAD new: [Permitted] Westminster/25/07587/LBC — First Floor And Second Floor Maisonette 25 Abbey Road London
2026-10-01 13:22:00 INFO LEAD new: [Permitted] Westminster/25/07569/ADFULL — 17 Three Kings Yard London W1K 4JT
2026-10-01 13:22:00 INFO LEAD new: [Permitted] Westminster/25/07582/ADLBC — 25 - 31 Wellington Street London WC2E 7DD
2026-10-01 13:22:00 INFO LEAD new: [Permitted] Westminster/25/07583/ADFULL — 39 Newton Road London W2 5JR
2026-10-01 13:22:00 INFO LEAD new: [Permitted] Westminster/25/07570/LBC — House Of Commons Palace Of Westminster Parliament Square Lon
2026-10-01 13:22:00 INFO LEAD new: [Permitted] Westminster/25/07572/FULL — 41 Devonshire Place London W1G 6JY
2026-10-01 13:22:00 INFO LEAD new: [Permitted] Westminster/25/07573/LBC — 41 Devonshire Place London W1G 6JY
2026-10-01 13:22:00 INFO LEAD new: [Permitted] Westminster/25/07585/ADFULL — 25 - 31 Wellington Street London WC2E 7DD
2026-10-01 13:22:00 INFO LEAD new: [Permitted] Westminster/25/07575/ADV — 108 Jermyn Street London SW1Y 6EE
2026-10-01 13:22:00 INFO LEAD new: [Permitted] Westminster/25/07576/AD7 — 53A Brewer Street London W1F 9UH
2026-10-01 13:22:00 INFO LEAD new: [Permitted] Westminster/25/07641/ADLBC — 25 - 31 Wellington Street London WC2E 7DD
2026-10-01 13:22:00 INFO LEAD new: [Permitted] Westminster/25/07596/OBS — Plot Bound By Parry Street And Bondway And 7 - 93 Wandsworth
2026-10-01 13:22:00 INFO LEAD new: [Permitted] Westminster/25/07578/CLEUD — 46 Chester Square London SW1W 9EA
2026-10-01 13:22:00 INFO LEAD new: [Permitted] Westminster/25/07548/LBC — 3 Red Lion Yard London W1J 5JR
2026-10-01 13:22:00 INFO LEAD new: [Permitted] Westminster/25/07526/FULL — 97 Edgware Road London W2 2HX
2026-10-01 13:22:00 INFO LEAD new: [Permitted] Westminster/25/07555/NMA — The Ritz Hotel 150 - 156 Piccadilly London W1J 9BR
2026-10-01 13:22:00 INFO LEAD new: [Permitted] Westminster/25/07540/ADFULL — 3 Northumberland Place London W2 5BS
2026-10-01 13:22:00 INFO LEAD new: [Permitted] Westminster/25/07542/NMA — Portland House Bressenden Place London SW1E 5BH
2026-10-01 13:22:00 INFO LEAD new: [Permitted] Westminster/25/07549/ADV — Connaught Hotel Carlos Place London W1K 2AL
2026-10-01 13:22:00 INFO LEAD new: [Permitted] Westminster/25/07529/LBC — The Ritz Hotel 150 - 156 Piccadilly London W1J 9BR
2026-10-01 13:22:00 INFO LEAD new: [Permitted] Westminster/25/07518/FULL — Development Site At Surrey Street London
2026-10-01 13:22:00 INFO LEAD new: [Permitted] Westminster/25/07537/FULL — 135 - 137 Ebury Street London SW1W 9QU
2026-10-01 13:22:00 INFO LEAD new: [Permitted] Westminster/25/07552/LBC — Admiralty Arch The Mall London SW1A 2WH
2026-10-01 13:22:00 INFO LEAD new: [Permitted] Westminster/25/07546/NMA — 3 Audley Square W1K 1DP
2026-10-01 13:22:00 INFO LEAD new: [Permitted] Westminster/25/07524/ADFULL — Ground Floor Lords Cricket Ground St John's Wood Road London
2026-10-01 13:22:00 INFO LEAD new: [Permitted] Westminster/25/07530/FULL — Gilbert House Churchill Gardens Estate London SW1V 3HN
2026-10-01 13:22:00 INFO LEAD new: [Permitted] Westminster/25/07531/LBC — Gilbert House Churchill Gardens Estate London SW1V 3HN
2026-10-01 13:22:00 INFO LEAD new: [Permitted] Westminster/25/07538/ADFULL — 3 Northumberland Place London W2 5BS
2026-10-01 13:22:00 INFO LEAD new: [Permitted] Westminster/25/07550/FULL — 4 Red Lion Yard London W1J 5JR
2026-10-01 13:22:00 INFO LEAD new: [Permitted] Westminster/25/07545/COLBC — Great Marlborough Street London
2026-10-01 13:22:00 INFO LEAD new: [Permitted] Westminster/25/07541/NMA — Portland House Bressenden Place London SW1E 5BH
2026-10-01 13:22:00 INFO LEAD new: [Permitted] Westminster/25/07547/FULL — 3 Red Lion Yard London W1J 5JR
2026-10-01 13:22:00 INFO LEAD new: [Permitted] Westminster/25/07523/FULL — Flat 7 34 Maida Vale London W9 1RS
2026-10-01 13:22:00 INFO LEAD new: [Permitted] Westminster/25/07527/FULL — 167 - 169 Great Portland Street London W1W 5PA
2026-10-01 13:22:01 INFO LEAD new: [Permitted] Westminster/25/07544/COFUL — Great Marlborough Street London
2026-10-01 13:22:07 INFO [westminster/Permitted] page at offset 2000: 100 records
2026-10-01 13:22:07 INFO LEAD new: [Permitted] Westminster/25/07485/ADV — Cathedral Piazza Victoria Street London SW1E 5NN
2026-10-01 13:22:07 INFO LEAD new: [Permitted] Westminster/25/07512/FULL — 11 Belgrave Road London SW1V 1TS
2026-10-01 13:22:07 INFO LEAD new: [Permitted] Westminster/25/07492/NMA — 26A Artesian Road W2 5DN
2026-10-01 13:22:07 INFO LEAD new: [Permitted] Westminster/25/07511/ADFULL — 9 - 12 Bow Street London WC2E 7AA
2026-10-01 13:22:07 INFO LEAD new: [Permitted] Westminster/25/07513/FULL — 2 Lord Hills Road London W2 6PD
2026-10-01 13:22:07 INFO LEAD new: [Permitted] Westminster/25/07509/FULL — 16 - 16A Churton Street London SW1V 2LL
2026-10-01 13:22:07 INFO LEAD new: [Permitted] Westminster/25/07508/LBC — 52 Jermyn Street London SW1Y 6LX
2026-10-01 13:22:07 INFO LEAD new: [Permitted] Westminster/25/07491/ADFULL — Southside 105 Victoria Street London SW1E 6QT
2026-10-01 13:22:07 INFO LEAD new: [Permitted] Westminster/25/07507/FULL — 52 Jermyn Street London SW1Y 6LX
2026-10-01 13:22:07 INFO LEAD new: [Permitted] Westminster/25/07486/CLEUD — Flat B Basement 26 Belgrave Road London SW1V 1RG
2026-10-01 13:22:07 INFO LEAD new: [Permitted] Westminster/25/07517/LBC — 116 Eaton Square London SW1W 9AA
2026-10-01 13:22:07 INFO LEAD new: [Permitted] Westminster/25/07516/FULL — 116 Eaton Square London SW1W 9AA
2026-10-01 13:22:07 INFO LEAD new: [Permitted] Westminster/25/07506/LBC — Top Flat 49 St George's Drive London SW1V 4DG
2026-10-01 13:22:07 INFO LEAD new: [Permitted] Westminster/25/07495/LBC — 26A Artesian Road W2 5DN
2026-10-01 13:22:07 INFO LEAD new: [Permitted] Westminster/25/07505/FULL — Top Flat 49 St George's Drive London SW1V 4DG
2026-10-01 13:22:07 INFO LEAD new: [Permitted] Westminster/25/07488/AD7 — 28 - 32 Aybrook Street W1U 4AW
2026-10-01 13:22:07 INFO LEAD new: [Permitted] Westminster/25/07481/FULL — Basement To Ground Floor 5 Noel Street London W1F 8GD
2026-10-01 13:22:07 INFO LEAD new: [Permitted] Westminster/25/07483/ADV — Basement To Ground Floor 5 Noel Street London W1F 8GD
2026-10-01 13:22:07 INFO LEAD new: [Permitted] Westminster/25/07482/LBC — Basement To Ground Floor 5 Noel Street London W1F 8GD
2026-10-01 13:22:07 INFO LEAD new: [Permitted] Westminster/25/07522/OBS — London College Of Communications Site (West Site) Elephant A
2026-10-01 13:22:07 INFO LEAD new: [Permitted] Westminster/25/07503/LBC — House Of Commons Palace Of Westminster Parliament Square Lon
2026-10-01 13:22:07 INFO LEAD new: [Permitted] Westminster/25/07502/FULL — Jubilee House 197 - 213 Oxford Street London W1D 2LF
2026-10-01 13:22:07 INFO LEAD new: [Permitted] Westminster/25/07515/ADFULL — 28 - 32 Shelton Street London WC2H 9JE
2026-10-01 13:22:07 INFO LEAD new: [Permitted] Westminster/25/07501/ADV — 35 Broadwick Street London W1F 0DH
2026-10-01 13:22:07 INFO LEAD new: [Permitted] Westminster/25/07456/FULL — 11 - 13 George Street London W1U 3QJ
2026-10-01 13:22:07 INFO LEAD new: [Permitted] Westminster/25/07465/FULL — Telecommunications Mast 81 - 84 Jermyn Street London
2026-10-01 13:22:07 INFO LEAD new: [Permitted] Westminster/25/07463/FULL — 22B Great Windmill Street London W1D 7LD
2026-10-01 13:22:07 INFO LEAD new: [Permitted] Westminster/25/07498/ADLBC — 7A Langley Street London WC2H 9JA
2026-10-01 13:22:07 INFO LEAD new: [Permitted] Westminster/25/07479/LBC — 3 Audley Square W1K 1DP
2026-10-01 13:22:07 INFO LEAD new: [Permitted] Westminster/25/07474/ADFULL — 7A Langley Street London WC2H 9JA
2026-10-01 13:22:07 INFO LEAD new: [Permitted] Westminster/25/07440/ADV — 20 - 21 Leicester Square London WC2H 7JX
2026-10-01 13:22:07 INFO LEAD new: [Permitted] Westminster/25/07461/FULL — Flat 5 25 St James's Place London SW1A 1NH
2026-10-01 13:22:07 INFO LEAD new: [Permitted] Westminster/25/07588/ADLBC — 1 Connaught Place London W2 2ET
2026-10-01 13:22:07 INFO LEAD new: [Permitted] Westminster/25/07480/ADFULL — 62B St John's Wood High Street London NW8 7SH
2026-10-01 13:22:07 INFO LEAD new: [Permitted] Westminster/25/07471/LBC — The Wallace Collection Gallery Manchester Square London
2026-10-01 13:22:07 INFO LEAD new: [Permitted] Westminster/25/07446/NMA — 25 - 27 St George Street London W1S 1FS
2026-10-01 13:22:07 INFO LEAD new: [Permitted] Westminster/25/07462/FULL — 96 Queensway London W2 3RR
2026-10-01 13:22:07 INFO LEAD new: [Permitted] Westminster/25/07450/ADFULL — 4 - 6 Lancashire Court London W1S 1EY
2026-10-01 13:22:07 INFO LEAD new: [Permitted] Westminster/25/07452/ADV — 160 - 162 New Bond Street London W1S 2UE
2026-10-01 13:22:07 INFO LEAD new: [Permitted] Westminster/25/07472/ADLBC — Warwick House Stable Yard Road London SW1A 1BD
2026-10-01 13:22:07 INFO LEAD new: [Permitted] Westminster/25/07442/NMA — Taxi House 11 Woodfield Road London W9 2BA
2026-10-01 13:22:07 INFO LEAD new: [Permitted] Westminster/25/07458/AD7 — Basement And Ground Floor 67 Upper Berkeley Street London W1
2026-10-01 13:22:07 INFO LEAD new: [Permitted] Westminster/25/07467/FULL — Restaurant 87 Allitsen Road London NW8 7AS
2026-10-01 13:22:07 INFO LEAD new: [Permitted] Westminster/25/07457/ADV — 28 New Bond Street London W1S 2RJ
2026-10-01 13:22:07 INFO LEAD new: [Permitted] Westminster/25/07464/FULL — 29 - 30 Leicester Square London WC2H 7LA
2026-10-01 13:22:07 INFO LEAD new: [Permitted] Westminster/25/07445/FULL — 26 - 27 Devonshire Street London W1G 6PH
2026-10-01 13:22:07 INFO LEAD new: [Permitted] Westminster/25/07453/FULL — 33 Lower Belgrave Street London SW1W 0LS
2026-10-01 13:22:07 INFO LEAD new: [Permitted] Westminster/25/07451/LBC — 80 Piccadilly London W1J 8HX
2026-10-01 13:22:07 INFO LEAD new: [Permitted] Westminster/25/07476/LBC — 72 Eccleston Square London SW1V 1PJ
2026-10-01 13:22:07 INFO LEAD new: [Permitted] Westminster/25/07475/FULL — 72 Eccleston Square London SW1V 1PJ
2026-10-01 13:22:07 INFO LEAD new: [Permitted] Westminster/25/07443/ADFULL — 1 Connaught Place London W2 2ET
2026-10-01 13:22:08 INFO LEAD new: [Permitted] Westminster/25/07402/ADV — 49 Villiers Street London WC2N 6NE
2026-10-01 13:22:08 INFO LEAD new: [Permitted] Westminster/25/07405/FULL — 5 - 7 Frith Street London W1D 3JA
2026-10-01 13:22:08 INFO LEAD new: [Permitted] Westminster/25/07406/LBC — 5 - 7 Frith Street London W1D 3JA
2026-10-01 13:22:08 INFO LEAD new: [Permitted] Westminster/25/07410/ADFULL — Pegasus House 37 - 43 Sackville Street London W1S 3EH
2026-10-01 13:22:08 INFO LEAD new: [Permitted] Westminster/25/07401/FULL — 16 Soho Square London W1D 3QH
2026-10-01 13:22:08 INFO LEAD new: [Permitted] Westminster/25/07460/ADLBC — Pegasus House 37 - 43 Sackville Street London W1S 3EH
2026-10-01 13:22:08 INFO LEAD new: [Permitted] Westminster/25/07408/ADFULL — Pegasus House 37 - 43 Sackville Street London W1S 3EH
2026-10-01 13:22:08 INFO LEAD new: [Permitted] Westminster/25/07413/ADFULL — Development Site Bound By Brook Street, Davies Street And So
2026-10-01 13:22:08 INFO LEAD new: [Permitted] Westminster/25/07525/ADLBC — Pegasus House 37 - 43 Sackville Street London W1S 3EH
2026-10-01 13:22:08 INFO LEAD new: [Permitted] Westminster/25/07400/ADV — Marylebone High Street London
2026-10-01 13:22:08 INFO LEAD new: [Permitted] Westminster/25/07436/LBC — St James's Palace Marlborough Road London SW1A 1BG
2026-10-01 13:22:08 INFO LEAD new: [Permitted] Westminster/25/07428/LBC — 16 Charles Street London W1J 5DR
2026-10-01 13:22:08 INFO LEAD new: [Permitted] Westminster/25/07417/LBC — Wyndhams Theatre Charing Cross Road London WC2H 0DA
2026-10-01 13:22:08 INFO LEAD new: [Permitted] Westminster/25/07418/ADV — Wyndhams Theatre Charing Cross Road London WC2H 0DA
2026-10-01 13:22:08 INFO LEAD new: [Permitted] Westminster/25/07426/ADV — 16 Old Bond Street London W1S 4PS
2026-10-01 13:22:08 INFO LEAD new: [Permitted] Westminster/25/07439/FULL — 23 - 25 Great Portland Street London W1W 8QD
2026-10-01 13:22:08 INFO LEAD new: [Permitted] Westminster/25/07409/ADFULL — Pegasus House 37 - 43 Sackville Street London W1S 3EH
2026-10-01 13:22:08 INFO LEAD new: [Permitted] Westminster/25/07431/ADFULL — 41 Elm Tree Road London NW8 9JR
2026-10-01 13:22:08 INFO LEAD new: [Permitted] Westminster/25/07427/COGADF — 291 Harrow Road London W9 3RN
2026-10-01 13:22:08 INFO LEAD new: [Permitted] Westminster/25/07430/ADFULL — 41 Elm Tree Road London NW8 9JR
2026-10-01 13:22:08 INFO LEAD new: [Permitted] Westminster/25/07484/ADLBC — Pegasus House 37 - 43 Sackville Street London W1S 3EH
2026-10-01 13:22:08 INFO LEAD new: [Permitted] Westminster/25/07403/ADV — Royal Opera House Covent Garden London WC2E 9DD
2026-10-01 13:22:08 INFO LEAD new: [Permitted] Westminster/25/07433/LBC — Buckingham Palace The Mall London SW1A 1AA
2026-10-01 13:22:08 INFO LEAD new: [Permitted] Westminster/25/07437/LBC — London District Horse Guards Whitehall London SW1A 2AX
2026-10-01 13:22:08 INFO LEAD new: [Permitted] Westminster/25/07412/FULL — 12A Eccleston Street London SW1W 9LT
2026-10-01 13:22:08 INFO LEAD new: [Permitted] Westminster/25/07424/FULL — First Floor Flat 28 Hormead Road London W9 3NG
2026-10-01 13:22:08 INFO LEAD new: [Permitted] Westminster/25/07407/ADFULL — Pegasus House 37 - 43 Sackville Street London W1S 3EH
2026-10-01 13:22:08 INFO LEAD new: [Permitted] Westminster/25/07422/FULL — 6 Eccleston Square London SW1V 1NP
2026-10-01 13:22:08 INFO LEAD new: [Permitted] Westminster/25/07415/FULL — Flat 7 55 Kensington Gardens Square London W2 4BA
2026-10-01 13:22:08 INFO LEAD new: [Permitted] Westminster/25/07423/LBC — 6 Eccleston Square London SW1V 1NP
2026-10-01 13:22:08 INFO LEAD new: [Permitted] Westminster/25/07411/FULL — 9 Telford Terrace Churchill Gardens Estate London SW1V 3AE
2026-10-01 13:22:08 INFO LEAD new: [Permitted] Westminster/25/07404/FULL — Eresby House Rutland Gate London SW7 1BG
2026-10-01 13:22:08 INFO LEAD new: [Permitted] Westminster/25/07416/LBC — Flat 7 55 Kensington Gardens Square London W2 4BA
2026-10-01 13:22:08 INFO LEAD new: [Permitted] Westminster/25/07438/FULL — 12 Carlton Hill London NW8 0JY
2026-10-01 13:22:08 INFO LEAD new: [Permitted] Westminster/25/07414/FULL — 30 Artesian Road W2 5DD
2026-10-01 13:22:08 INFO LEAD new: [Permitted] Westminster/25/07434/FULL — 80 Piccadilly London W1J 8HX
2026-10-01 13:22:08 INFO LEAD new: [Permitted] Westminster/25/07435/ADV — 80 Piccadilly London W1J 8HX
2026-10-01 13:22:08 INFO LEAD new: [Permitted] Westminster/25/07363/FULL — 8 Sussex Square London W2 2SJ
2026-10-01 13:22:08 INFO LEAD new: [Permitted] Westminster/25/07388/COGADF — 291 Harrow Road London W9 3RN
2026-10-01 13:22:08 INFO LEAD new: [Permitted] Westminster/25/07381/FULL — First Floor To Third Floor Maisonette 408 Edgware Road Londo
2026-10-01 13:22:08 INFO LEAD new: [Permitted] Westminster/25/07385/FULL — 6 Bedford Street London WC2E 9HZ
2026-10-01 13:22:08 INFO LEAD new: [Permitted] Westminster/25/07386/LBC — 6 Bedford Street London WC2E 9HZ
2026-10-01 13:22:14 INFO [westminster/Permitted] page at offset 2100: 100 records
2026-10-01 13:22:14 INFO LEAD new: [Permitted] Westminster/25/07397/ADV — 4 Soho Place London W1D 3BG
2026-10-01 13:22:15 INFO LEAD new: [Permitted] Westminster/25/07376/CLEUD — Ground Floor To Top Floor 53 Balcombe Street London NW1 6HD
2026-10-01 13:22:15 INFO LEAD new: [Permitted] Westminster/25/07370/ADFULL — 1 Hanover Square London W1S 1HA
2026-10-01 13:22:15 INFO LEAD new: [Permitted] Westminster/25/07455/ADLBC — 25 - 31 Wellington Street London WC2E 7DD
2026-10-01 13:22:15 INFO LEAD new: [Permitted] Westminster/25/07380/ADFULL — London Business School Sussex Place Regent's Park London NW1
2026-10-01 13:22:15 INFO LEAD new: [Permitted] Westminster/25/07368/LBC — 68 Dean Street London W1D 4QJ
2026-10-01 13:22:15 INFO LEAD new: [Permitted] Westminster/25/07378/FULL — 9 - 10 Floral Street London WC2E 9HW
2026-10-01 13:22:15 INFO LEAD new: [Permitted] Westminster/25/07371/ADFULL — 1 Hanover Square London W1S 1HA
2026-10-01 13:22:15 INFO LEAD new: [Permitted] Westminster/25/07388/ADFULL — 291 Harrow Road London W9 3RN
2026-10-01 13:22:15 INFO LEAD new: [Permitted] Westminster/25/07390/ADFULL — 25 - 31 Wellington Street London WC2E 7DD
2026-10-01 13:22:15 INFO LEAD new: [Permitted] Westminster/25/07399/NMA — 1 - 3 Belgrave Mews South London SW1X 8BT
2026-10-01 13:22:15 INFO LEAD new: [Permitted] Westminster/25/07398/LBC — Ground Floor To Top Floor 53 Balcombe Street London NW1 6HD
2026-10-01 13:22:15 INFO LEAD new: [Permitted] Westminster/25/07373/ADV — Basement And Ground Floor 6 - 7 Portman Square London W1H 6N
2026-10-01 13:22:15 INFO LEAD new: [Permitted] Westminster/25/07391/COGADF — 291 Harrow Road London W9 3RN
2026-10-01 13:22:15 INFO LEAD new: [Permitted] Westminster/25/07387/COGADF — 291 Harrow Road London W9 3RN
2026-10-01 13:22:15 INFO LEAD new: [Permitted] Westminster/25/07384/CLOPUD — 4 Sussex Square London W2 2SJ
2026-10-01 13:22:15 INFO LEAD new: [Permitted] Westminster/25/07392/LBC — Sackville House 40 Piccadilly London W1J 0DR
2026-10-01 13:22:15 INFO LEAD new: [Permitted] Westminster/25/07382/FULL — 31 Caird Street London W10 4RP
2026-10-01 13:22:15 INFO LEAD new: [Permitted] Westminster/25/07362/FULL — 154 New Cavendish Street London W1W 6YN
2026-10-01 13:22:15 INFO LEAD new: [Permitted] Westminster/25/07333/ADV — Bush House 30 Aldwych London WC2B 4BG
2026-10-01 13:22:15 INFO LEAD new: [Permitted] Westminster/25/07341/FULL — 24 Montpelier Street London SW7 1HD
2026-10-01 13:22:15 INFO LEAD new: [Permitted] Westminster/25/07342/LBC — 24 Montpelier Street London SW7 1HD
2026-10-01 13:22:15 INFO LEAD new: [Permitted] Westminster/25/07336/LBC — 15 - 16 Cornwall Terrace London NW1 4QP
2026-10-01 13:22:15 INFO LEAD new: [Permitted] Westminster/25/07359/CLOPUD — 13 Ashworth Road W9 1JW
2026-10-01 13:22:15 INFO LEAD new: [Permitted] Westminster/25/07329/ADFULL — 1 Hanover Square London W1S 1HA
2026-10-01 13:22:15 INFO LEAD new: [Permitted] Westminster/25/07330/NMA — North Wing Courtauld Institute Of Art Somerset House Strand 
2026-10-01 13:22:15 INFO LEAD new: [Permitted] Westminster/25/07337/COGADF — 291 Harrow Road London W9 3RN
2026-10-01 13:22:15 INFO LEAD new: [Permitted] Westminster/25/07344/ADFULL — 62 Carlton Hill London NW8 0ET
2026-10-01 13:22:15 INFO LEAD new: [Permitted] Westminster/25/07340/ADV — 23 Old Bond Street London W1S 4PZ
2026-10-01 13:22:15 INFO LEAD new: [Permitted] Westminster/25/07354/FULL — 24 Biddulph Road London W9 1JB
2026-10-01 13:22:15 INFO LEAD new: [Permitted] Westminster/25/07355/ADFULL — Development Site At 14 To 17 Paddington Green London
2026-10-01 13:22:15 INFO LEAD new: [Permitted] Westminster/25/07350/FULL — 35 Upper Brook Street London W1K 7QH
2026-10-01 13:22:15 INFO LEAD new: [Permitted] Westminster/25/07351/LBC — 35 Upper Brook Street London W1K 7QH
2026-10-01 13:22:15 INFO LEAD new: [Permitted] Westminster/25/07361/NMA — 33 - 35 Praed Street London W2 1NR
2026-10-01 13:22:15 INFO LEAD new: [Permitted] Westminster/25/07338/COGADF — 291 Harrow Road London W9 3RN
2026-10-01 13:22:15 INFO LEAD new: [Permitted] Westminster/25/07339/ADFULL — 45 Kilburn Park Road London NW6 5XD
2026-10-01 13:22:15 INFO LEAD new: [Permitted] Westminster/25/07356/ADFULL — Development Site At 285 - 329 Edgware Road London W2 1DH
2026-10-01 13:22:15 INFO LEAD new: [Permitted] Westminster/25/07328/NMA — 152-158 Strand London
2026-10-01 13:22:15 INFO LEAD new: [Permitted] Westminster/25/07352/NMA — Development Site At 8-10 Grafton Street, 11-14 Grafton Stree
2026-10-01 13:22:15 INFO LEAD new: [Permitted] Westminster/25/07347/ADFULL — 4 Bryanston Street London W1H 7BY
2026-10-01 13:22:15 INFO LEAD new: [Permitted] Westminster/25/07360/FULL — Ground Floor Flat 162 Fernhead Road London W9 3EL
2026-10-01 13:22:15 INFO LEAD new: [Permitted] Westminster/25/07348/ADLBC — 4 Bryanston Street London W1H 7BY
2026-10-01 13:22:15 INFO LEAD new: [Permitted] Westminster/25/07335/FULL — 53A Fernhead Road London W9 3EY
2026-10-01 13:22:15 INFO LEAD new: [Permitted] Westminster/25/07788/TELNOT — 23 Motcomb Street London SW1X 8LB
2026-10-01 13:22:15 INFO LEAD new: [Permitted] Westminster/25/07688/TELNOT — 153 New Bond Street London W1S 2TY
2026-10-01 13:22:15 INFO LEAD new: [Permitted] Westminster/25/07343/OBS — Snow Hill Police Station 5 Snow Hill City Of London London E
2026-10-01 13:22:15 INFO LEAD new: [Permitted] Westminster/25/07317/LBC — 100 Pall Mall London SW1Y 5NQ
2026-10-01 13:22:15 INFO LEAD new: [Permitted] Westminster/25/07311/ADFULL — 39 Newton Road London W2 5JR
2026-10-01 13:22:15 INFO LEAD new: [Permitted] Westminster/25/07310/ADV — 112 Shaftesbury Avenue London W1D 5EJ
2026-10-01 13:22:15 INFO LEAD new: [Permitted] Westminster/25/07292/ADFULL — St Anne's Gardens Wardour Street London W1F 0UN
2026-10-01 13:22:15 INFO LEAD new: [Permitted] Westminster/25/07295/FULL — 10 Nottingham Place London W1U 5ND
2026-10-01 13:22:15 INFO LEAD new: [Permitted] Westminster/25/07319/COGADF — 291 Harrow Road London W9 3RN
2026-10-01 13:22:15 INFO LEAD new: [Permitted] Westminster/25/07318/FULL — W London Leicester Square 10 Wardour Street London W1D 6QF
2026-10-01 13:22:15 INFO LEAD new: [Permitted] Westminster/25/07315/LBC — 52 St Martin's Lane London WC2N 4EA
2026-10-01 13:22:15 INFO LEAD new: [Permitted] Westminster/25/07309/OBS — Development Site 99 - 119 Waterloo Road And 109 - 126 Cornwa
2026-10-01 13:22:15 INFO LEAD new: [Permitted] Westminster/25/07321/COGADF — 291 Harrow Road London W9 3RN
2026-10-01 13:22:15 INFO LEAD new: [Permitted] Westminster/25/07291/ADV — Berkeley Hotel 40 Wilton Place London SW1X 7RL
2026-10-01 13:22:15 INFO LEAD new: [Permitted] Westminster/25/07320/COGADF — 291 Harrow Road London W9 3RN
2026-10-01 13:22:15 INFO LEAD new: [Permitted] Westminster/25/07299/ADFULL — St Marks Court Abercorn Place NW8 9AN
2026-10-01 13:22:15 INFO LEAD new: [Permitted] Westminster/25/07290/ADFULL — 33 Grosvenor Crescent Mews London SW1X 7EX
2026-10-01 13:22:15 INFO LEAD new: [Permitted] Westminster/25/07326/FULL — Basement 164 Westbourne Park Road London W11 1BT
2026-10-01 13:22:15 INFO LEAD new: [Permitted] Westminster/25/07685/TELNOT — 17 Lancaster Gate London W2 3LH
2026-10-01 13:22:15 INFO LEAD new: [Permitted] Westminster/25/07789/TELNOT — 153 New Bond Street London W1S 2TY
2026-10-01 13:22:15 INFO LEAD new: [Permitted] Westminster/25/07372/ADLBC — 13 Harley Street London W1G 9QG
2026-10-01 13:22:15 INFO LEAD new: [Permitted] Westminster/25/07275/ADFULL — 10 Blenheim Road London NW8 0LU
2026-10-01 13:22:15 INFO LEAD new: [Permitted] Westminster/25/07286/FULL — 3 Acacia Place NW8 6AJ
2026-10-01 13:22:15 INFO LEAD new: [Permitted] Westminster/25/07267/ADFULL — 46 Berkeley Square London W1J 5AT
2026-10-01 13:22:15 INFO LEAD new: [Permitted] Westminster/25/07276/ADLBC — Ground Floor Lords Cricket Ground St John's Wood Road London
2026-10-01 13:22:15 INFO LEAD new: [Permitted] Westminster/25/07263/FULL — 28 Blandford Street London W1U 4BZ
2026-10-01 13:22:15 INFO LEAD new: [Permitted] Westminster/25/07279/ADV — 118 Brompton Road London SW3 1JJ
2026-10-01 13:22:15 INFO LEAD new: [Permitted] Westminster/25/07264/ADV — 28 Blandford Street London W1U 4BZ
2026-10-01 13:22:15 INFO LEAD new: [Permitted] Westminster/25/07287/FULL — Flat B 25 Cleveland Square London W2 6DD
2026-10-01 13:22:15 INFO LEAD new: [Permitted] Westminster/25/07266/LBC — Claridges Hotel 47 - 57 Brook Street West End London W1K 4HR
2026-10-01 13:22:15 INFO LEAD new: [Permitted] Westminster/25/07282/FULL — 4 Queen Anne Street London W1G 9LQ
2026-10-01 13:22:15 INFO LEAD new: [Permitted] Westminster/25/07265/FULL — Claridges Hotel 47 - 57 Brook Street West End London W1K 4HR
2026-10-01 13:22:15 INFO LEAD new: [Permitted] Westminster/25/07262/FULL — 41 Upper Grosvenor Street London W1K 2NH
2026-10-01 13:22:15 INFO LEAD new: [Permitted] Westminster/25/07274/ADFULL — 13 Harley Street London W1G 9QG
2026-10-01 13:22:15 INFO LEAD new: [Permitted] Westminster/25/07280/LBC — Basement 30 Maida Avenue London W2 1ST
2026-10-01 13:22:15 INFO LEAD new: [Permitted] Westminster/25/07653/TELNOT — 11 - 13 Lower Grosvenor Place London SW1W 0EX
2026-10-01 13:22:15 INFO LEAD new: [Permitted] Westminster/25/07239/ADFULL — 29 Marylebone Road London NW1 5JX
2026-10-01 13:22:15 INFO LEAD new: [Permitted] Westminster/25/07248/FULL — 11 - 12 Russell Street London WC2B 5HZ
2026-10-01 13:22:15 INFO LEAD new: [Permitted] Westminster/25/07252/LBC — 4 Queen Anne Street London W1G 9LQ
2026-10-01 13:22:15 INFO LEAD new: [Permitted] Westminster/25/07254/ADFULL — Flat 98 North Gate Prince Albert Road London NW8 7EJ
2026-10-01 13:22:15 INFO LEAD new: [Permitted] Westminster/25/07253/ADLBC — Royal Institute Of British Architects 66 Portland Place Lond
2026-10-01 13:22:22 INFO [westminster/Permitted] page at offset 2200: 100 records
2026-10-01 13:22:22 INFO LEAD new: [Permitted] Westminster/25/07228/FULL — 37 - 41 Belgrave Road London SW1V 2BB
2026-10-01 13:22:22 INFO LEAD new: [Permitted] Westminster/25/07242/COGADF — Westmead 4 Tavistock Road London W11 1BA
2026-10-01 13:22:22 INFO LEAD new: [Permitted] Westminster/25/07235/ADFULL — Amphitheatre And Outdoor Spaces Sheldon Square London
2026-10-01 13:22:22 INFO LEAD new: [Permitted] Westminster/25/07238/ADV — St Mary Le Strand Church Strand London WC2R 1ES
2026-10-01 13:22:22 INFO LEAD new: [Permitted] Westminster/25/07240/ADFULL — 29 Farm Street London W1J 5RL
2026-10-01 13:22:22 INFO LEAD new: [Permitted] Westminster/25/07249/ADV — 11 - 12 Russell Street London WC2B 5HZ
2026-10-01 13:22:22 INFO LEAD new: [Permitted] Westminster/25/07241/ADV — 321 - 323 Oxford Street London W1C 2HX
2026-10-01 13:22:22 INFO LEAD new: [Permitted] Westminster/25/07230/FULL — 26 Castellain Road London W9 1EZ
2026-10-01 13:22:22 INFO LEAD new: [Permitted] Westminster/25/07236/AADV — Amphitheatre And Outdoor Spaces Sheldon Square London
2026-10-01 13:22:22 INFO LEAD new: [Permitted] Westminster/25/07255/FULL — 4 Queen Anne Street London W1G 9LQ
2026-10-01 13:22:22 INFO LEAD new: [Permitted] Westminster/25/07246/ADFULL — 23 - 25 Charles Lane London NW8 7SB
2026-10-01 13:22:22 INFO LEAD new: [Permitted] Westminster/25/07237/COGADF — 137 Lupus Street London SW1V 3HE
2026-10-01 13:22:22 INFO LEAD new: [Permitted] Westminster/25/07251/LBC — 4 Queen Anne Street London W1G 9LQ
2026-10-01 13:22:22 INFO LEAD new: [Permitted] Westminster/25/07243/ADFULL — 103 - 105 Jermyn Street London SW1Y 6EE
2026-10-01 13:22:22 INFO LEAD new: [Permitted] Westminster/25/07257/FULL — Flat 2 5 Bryanston Square London W1H 2DH
2026-10-01 13:22:22 INFO LEAD new: [Permitted] Westminster/25/07217/LBC — 35 Berkeley Square London W1J 5BF
2026-10-01 13:22:22 INFO LEAD new: [Permitted] Westminster/25/07197/ADV — 13 Artillery Row SW1P 1RH
2026-10-01 13:22:22 INFO LEAD new: [Permitted] Westminster/25/07183/LBC — 33 - 41 Surrey Street London WC2R 2ND
2026-10-01 13:22:22 INFO LEAD new: [Permitted] Westminster/25/07173/FULL — Ellerton House 11 Bryanston Square London W1H 2DQ
2026-10-01 13:22:22 INFO LEAD new: [Permitted] Westminster/25/07277/ADLBC — 14 St George Street London W1S 1FE
2026-10-01 13:22:22 INFO LEAD new: [Permitted] Westminster/25/07184/ADFULL — 14 St George Street London W1S 1FE
2026-10-01 13:22:22 INFO LEAD new: [Permitted] Westminster/25/07200/ADFULL — 5 Strand London WC2N 5HR
2026-10-01 13:22:22 INFO LEAD new: [Permitted] Westminster/25/07174/LBC — Ellerton House 11 Bryanston Square London W1H 2DQ
2026-10-01 13:22:22 INFO LEAD new: [Permitted] Westminster/25/07171/FULL — 58 Cleveland Mansions Widley Road London W9 2LB
2026-10-01 13:22:22 INFO LEAD new: [Permitted] Westminster/25/07187/ADFULL — 13 Salisbury Place London W1H 1FJ
2026-10-01 13:22:22 INFO LEAD new: [Permitted] Westminster/25/07203/FULL — Sanctuary Buildings 20 Great Smith Street London SW1P 3BT
2026-10-01 13:22:22 INFO LEAD new: [Permitted] Westminster/25/07220/ADLBC — Warwick House Stable Yard Road London SW1A 1BD
2026-10-01 13:22:22 INFO LEAD new: [Permitted] Westminster/25/07198/ADV — 33 - 41 Surrey Street London WC2R 2ND
2026-10-01 13:22:22 INFO LEAD new: [Permitted] Westminster/25/07199/ADLBC — Covent Garden London
2026-10-01 13:22:22 INFO LEAD new: [Permitted] Westminster/25/07185/LBC — Paddington Station Praed Street London W2 1HB
2026-10-01 13:22:22 INFO LEAD new: [Permitted] Westminster/25/07201/ADFULL — 5 Strand London WC2N 5HR
2026-10-01 13:22:22 INFO LEAD new: [Permitted] Westminster/25/07209/FULL — Basement 74 Ashmore Road London W9 3DG
2026-10-01 13:22:22 INFO LEAD new: [Permitted] Westminster/25/07193/LBC — Niketown 236 Oxford Street London W1C 1DE
2026-10-01 13:22:22 INFO LEAD new: [Permitted] Westminster/25/07205/FULL — Marcol House 289 - 293 Regent Street London W1B 2HJ
2026-10-01 13:22:22 INFO LEAD new: [Permitted] Westminster/25/07188/FULL — 19 Henrietta Street London WC2E 8QH
2026-10-01 13:22:22 INFO LEAD new: [Permitted] Westminster/25/07215/ADFULL — Development Site Bound By Brook Street, Davies Street And So
2026-10-01 13:22:22 INFO LEAD new: [Permitted] Westminster/25/07212/ADFULL — 142 Hamilton Terrace London NW8 9UX
2026-10-01 13:22:22 INFO LEAD new: [Permitted] Westminster/25/07210/NMA — Development Site At Chelsea Barracks Chelsea Bridge Road Lon
2026-10-01 13:22:22 INFO LEAD new: [Permitted] Westminster/25/07194/FULL — 41 Romney Street London SW1P 3RF
2026-10-01 13:22:22 INFO LEAD new: [Permitted] Westminster/25/07190/FULL — 37 Cavendish Square London W1G 0PP
2026-10-01 13:22:22 INFO LEAD new: [Permitted] Westminster/25/07225/LBC — 1 Horse Guards Road London SW1A 2HQ
2026-10-01 13:22:22 INFO LEAD new: [Permitted] Westminster/25/07214/ADFULL — Development Site Bound By Brook Street, Davies Street And So
2026-10-01 13:22:22 INFO LEAD new: [Permitted] Westminster/25/07211/LBC — Flat 2 5 Bryanston Square London W1H 2DH
2026-10-01 13:22:22 INFO LEAD new: [Permitted] Westminster/25/07224/LBC — Flat 9 Bishopsbourne 134 - 136 Westbourne Terrace London W2 
2026-10-01 13:22:22 INFO LEAD new: [Permitted] Westminster/25/07182/LBC — Bush House 30 Aldwych London WC2B 4BG
2026-10-01 13:22:22 INFO LEAD new: [Permitted] Westminster/25/07169/FULL — 47 Maida Vale London W9 1SD
2026-10-01 13:22:22 INFO LEAD new: [Permitted] Westminster/25/07448/EEN — St Peters Church Eaton Square London SW1W 0HQ
2026-10-01 13:22:22 INFO LEAD new: [Permitted] Westminster/25/07613/TELNOT — 7 - 14 Coventry Street London W1D 7DH
2026-10-01 13:22:22 INFO LEAD new: [Permitted] Westminster/25/07168/LBC — 19A Orsett Terrace London W2 6AJ
2026-10-01 13:22:22 INFO LEAD new: [Permitted] Westminster/25/07167/FULL — 19A Orsett Terrace London W2 6AJ
2026-10-01 13:22:22 INFO LEAD new: [Permitted] Westminster/25/07226/FULL — 45 Northumberland Place London W2 5AS
2026-10-01 13:22:22 INFO LEAD new: [Permitted] Westminster/25/07158/FULL — Ladbroke Apartments 3 Welbeck Street London W1G 0AR
2026-10-01 13:22:22 INFO LEAD new: [Permitted] Westminster/25/07152/FULL — 4 Portman Square London W1H 6LD
2026-10-01 13:22:22 INFO LEAD new: [Permitted] Westminster/25/07165/FULL — 4 Biddulph Road London W9 1JB
2026-10-01 13:22:22 INFO LEAD new: [Permitted] Westminster/25/07142/FULL — Wellington Barracks Birdcage Walk SW1E 6HQ
2026-10-01 13:22:22 INFO LEAD new: [Permitted] Westminster/25/07141/LBC — 70 Whitehall London SW1A 2AS
2026-10-01 13:22:22 INFO LEAD new: [Permitted] Westminster/25/07130/FULL — 3 Great Chapel Street London W1F 8FL
2026-10-01 13:22:22 INFO LEAD new: [Permitted] Westminster/25/07131/ADV — 3 Great Chapel Street London W1F 8FL
2026-10-01 13:22:22 INFO LEAD new: [Permitted] Westminster/25/07159/LBC — Ladbroke Apartments 3 Welbeck Street London W1G 0AR
2026-10-01 13:22:22 INFO LEAD new: [Permitted] Westminster/25/07144/COLBC — Westminster Bridge Public Convenience Westminster Pier Victo
2026-10-01 13:22:22 INFO LEAD new: [Permitted] Westminster/25/07162/COFUL — 88 Bravington Road London W9 3AL
2026-10-01 13:22:22 INFO LEAD new: [Permitted] Westminster/25/07129/FULL — 20 Broadwick Street London W1F 8HT
2026-10-01 13:22:22 INFO LEAD new: [Permitted] Westminster/25/07270/ADLBC — Pegasus House 37 - 43 Sackville Street London W1S 3EH
2026-10-01 13:22:22 INFO LEAD new: [Permitted] Westminster/25/07146/ADFULL — 25 - 31 Wellington Street London WC2E 7DD
2026-10-01 13:22:22 INFO LEAD new: [Permitted] Westminster/25/07166/CLOPUD — Development Site At 1-11 And 13-15 Carteret Street 40 Broadw
2026-10-01 13:22:22 INFO LEAD new: [Permitted] Westminster/25/07138/ADLBC — 15 South Molton Street London W1K 5QR
2026-10-01 13:22:22 INFO LEAD new: [Permitted] Westminster/25/07145/ADFULL — Pegasus House 37 - 43 Sackville Street London W1S 3EH
2026-10-01 13:22:22 INFO LEAD new: [Permitted] Westminster/25/07124/ADFULL — 72 - 74 Lancaster Gate London W2 3NH
2026-10-01 13:22:22 INFO LEAD new: [Permitted] Westminster/25/07126/ADFULL — 72 - 74 Lancaster Gate London W2 3NH
2026-10-01 13:22:22 INFO LEAD new: [Permitted] Westminster/25/07160/ADFULL — 4 - 5 Buckingham Gate London SW1E 6JP
2026-10-01 13:22:22 INFO LEAD new: [Permitted] Westminster/25/07127/ADLBC — 72 - 74 Lancaster Gate London W2 3NH
2026-10-01 13:22:22 INFO LEAD new: [Permitted] Westminster/25/07137/ADLBC — 10 South Molton Street London W1K 5QJ
2026-10-01 13:22:22 INFO LEAD new: [Permitted] Westminster/25/07136/ADFULL — Development Site Bound By Brook Street, Davies Street And So
2026-10-01 13:22:22 INFO LEAD new: [Permitted] Westminster/25/07161/ADV — 287 - 291 Oxford Street London W1C 2DR
2026-10-01 13:22:22 INFO LEAD new: [Permitted] Westminster/25/07164/LBC — 2 Manchester Square London W1U 3PA
2026-10-01 13:22:23 INFO LEAD new: [Permitted] Westminster/25/07149/FULL — 16 Beaumont Mews London W1G 6EJ
2026-10-01 13:22:23 INFO LEAD new: [Permitted] Westminster/25/07128/ADLBC — 72 - 74 Lancaster Gate London W2 3NH
2026-10-01 13:22:23 INFO LEAD new: [Permitted] Westminster/25/07153/ADV — 4 Portman Square London W1H 6LD
2026-10-01 13:22:23 INFO LEAD new: [Permitted] Westminster/25/07163/FULL — 2 Manchester Square London W1U 3PA
2026-10-01 13:22:23 INFO LEAD new: [Permitted] Westminster/25/07111/P3JPA — Ground Floor 8 Bristol Gardens London W9 2JG
2026-10-01 13:22:23 INFO LEAD new: [Permitted] Westminster/25/07121/ADLBC — 72 - 74 Lancaster Gate London W2 3NH
2026-10-01 13:22:23 INFO LEAD new: [Permitted] Westminster/25/07122/ADLBC — 72 - 74 Lancaster Gate London W2 3NH
2026-10-01 13:22:23 INFO LEAD new: [Permitted] Westminster/25/07087/CLOPUD — 95 Eastbourne Mews London W2 6LQ
2026-10-01 13:22:23 INFO LEAD new: [Permitted] Westminster/25/07114/FULL — 54 Kilburn Lane London W10 4AH
2026-10-01 13:22:23 INFO LEAD new: [Permitted] Westminster/25/07102/FULL — Flat 8 58 Rutland Gate London SW7 1PL
2026-10-01 13:22:29 INFO [westminster/Permitted] page at offset 2300: 100 records
2026-10-01 13:22:29 INFO LEAD new: [Permitted] Westminster/25/07113/ADLBC — 10 South Molton Lane London W1K 5LE
2026-10-01 13:22:29 INFO LEAD new: [Permitted] Westminster/25/07110/ADFULL — 24 Warwick Avenue London W9 2PT
2026-10-01 13:22:29 INFO LEAD new: [Permitted] Westminster/25/07119/FULL — Flat C 37 Connaught Street London W2 2AZ
2026-10-01 13:22:29 INFO LEAD new: [Permitted] Westminster/25/07118/LBC — 41 Eaton Terrace London SW1W 8TP
2026-10-01 13:22:29 INFO LEAD new: [Permitted] Westminster/25/07109/NMA — Garages At Adpar Street
2026-10-01 13:22:29 INFO LEAD new: [Permitted] Westminster/25/07120/ADLBC — 72 - 74 Lancaster Gate London W2 3NH
2026-10-01 13:22:29 INFO LEAD new: [Permitted] Westminster/25/07108/LBC — 25 - 31 Wellington Street London WC2E 7DD
2026-10-01 13:22:29 INFO LEAD new: [Permitted] Westminster/25/07100/NMA — 81 Knightsbridge London SW1X 7RB
2026-10-01 13:22:29 INFO LEAD new: [Permitted] Westminster/25/07105/ADV — 391 Oxford Street London W1C 2JY
2026-10-01 13:22:29 INFO LEAD new: [Permitted] Westminster/25/07086/LBC — 13 Motcomb Street London SW1X 8LB
2026-10-01 13:22:29 INFO LEAD new: [Permitted] Westminster/25/07104/FULL — 391 Oxford Street London W1C 2JY
2026-10-01 13:22:29 INFO LEAD new: [Permitted] Westminster/25/07085/FULL — 13 Motcomb Street London SW1X 8LB
2026-10-01 13:22:29 INFO LEAD new: [Permitted] Westminster/25/07098/ADLBC — 14 St James's Square London SW1Y 4LG
2026-10-01 13:22:29 INFO LEAD new: [Permitted] Westminster/25/07096/ADV — 175 - 177 New Bond Street London W1S 4RG
2026-10-01 13:22:29 INFO LEAD new: [Permitted] Westminster/25/07107/FULL — 25 - 31 Wellington Street London WC2E 7DD
2026-10-01 13:22:29 INFO LEAD new: [Permitted] Westminster/25/07094/ADFULL — 96A St John's Wood Terrace London NW8 6PP
2026-10-01 13:22:29 INFO LEAD new: [Permitted] Westminster/25/07081/LBC — 175 - 177 New Bond Street London W1S 4RG
2026-10-01 13:22:29 INFO LEAD new: [Permitted] Westminster/25/07112/CLEUD — 14 Rutland Gate London SW7 1BB
2026-10-01 13:22:29 INFO LEAD new: [Permitted] Westminster/25/07103/LBC — Flat 8 58 Rutland Gate London SW7 1PL
2026-10-01 13:22:29 INFO LEAD new: [Permitted] Westminster/25/07078/FULL — 40 Grosvenor Place London SW1X 7HJ
2026-10-01 13:22:29 INFO LEAD new: [Permitted] Westminster/25/07080/FULL — 36 - 38 Hanway Street London W1T 1UP
2026-10-01 13:22:29 INFO LEAD new: [Permitted] Westminster/25/07117/ADV — Market Hall Victoria 191 Victoria Street London SW1E 5NE
2026-10-01 13:22:29 INFO LEAD new: [Permitted] Westminster/25/07097/ADFULL — 23 Montagu Square London W1H 2LF
2026-10-01 13:22:29 INFO LEAD new: [Permitted] Westminster/25/07093/ADLBC — 23 Montagu Square London W1H 2LF
2026-10-01 13:22:29 INFO LEAD new: [Permitted] Westminster/25/07083/FULL — 1A Alexander Mews W2 5NX
2026-10-01 13:22:29 INFO LEAD new: [Permitted] Westminster/25/07115/FULL — 11 Berkeley Street London W1J 8DS
2026-10-01 13:22:29 INFO LEAD new: [Permitted] Westminster/25/07064/FULL — Crofton House 1 New Cavendish Street London W1G 8US
2026-10-01 13:22:29 INFO LEAD new: [Permitted] Westminster/25/07048/FULL — 28 Grosvenor Street London W1K 4QR
2026-10-01 13:22:29 INFO LEAD new: [Permitted] Westminster/25/07062/FULL — 10 Nottingham Place London W1U 5ND
2026-10-01 13:22:29 INFO LEAD new: [Permitted] Westminster/25/07055/FULL — Washington House 40 - 41 Conduit Street London W1S 2YQ
2026-10-01 13:22:29 INFO LEAD new: [Permitted] Westminster/25/07046/ADLBC — Pegasus House 37 - 43 Sackville Street London W1S 3EH
2026-10-01 13:22:29 INFO LEAD new: [Permitted] Westminster/25/07045/ADFULL — 36 Grove End Road London NW8 9LJ
2026-10-01 13:22:29 INFO LEAD new: [Permitted] Westminster/25/07050/FULL — 17 Gresse Street London W1T 1QL
2026-10-01 13:22:29 INFO LEAD new: [Permitted] Westminster/25/07049/ADFULL — 7A Mozart Street London W10 4LA
2026-10-01 13:22:29 INFO LEAD new: [Permitted] Westminster/25/07043/FULL — Statue Of The Allies New Bond Street London
2026-10-01 13:22:29 INFO LEAD new: [Permitted] Westminster/25/07065/LBC — Crofton House 1 New Cavendish Street London W1G 8US
2026-10-01 13:22:29 INFO LEAD new: [Permitted] Westminster/25/07058/FULL — Second Floor Flat 25 Croxley Road London W9 3HH
2026-10-01 13:22:29 INFO LEAD new: [Permitted] Westminster/25/07044/LBC — 27 Eccleston Square London SW1V 1NZ
2026-10-01 13:22:29 INFO LEAD new: [Permitted] Westminster/25/07056/LBC — 27 Manchester Street London W1U 4DJ
2026-10-01 13:22:29 INFO LEAD new: [Permitted] Westminster/25/07047/ADFULL — 32 Clifton Gardens London W9 1AU
2026-10-01 13:22:29 INFO LEAD new: [Permitted] Westminster/25/07072/ADFULL — 23 Abbey Court Abbey Road London NW8 0AU
2026-10-01 13:22:30 INFO LEAD new: [Permitted] Westminster/25/07073/COFUL — 61 Harewood Avenue London NW1 6PA
2026-10-01 13:22:30 INFO LEAD new: [Permitted] Westminster/25/07041/ADFULL — 21 Bruton Place London W1J 6QR
2026-10-01 13:22:30 INFO LEAD new: [Permitted] Westminster/25/07042/ADFULL — 22 Chapter Street London SW1P 4NP
2026-10-01 13:22:30 INFO LEAD new: [Permitted] Westminster/25/07067/LBC — 138 Park Lane London W1K 7FF
2026-10-01 13:22:30 INFO LEAD new: [Permitted] Westminster/25/07075/ADLBC — 43 Eaton Place London SW1X 8BX
2026-10-01 13:22:30 INFO LEAD new: [Permitted] Westminster/25/07061/ADFULL — 123 - 123A Shirland Road London W9 2EW
2026-10-01 13:22:30 INFO LEAD new: [Permitted] Westminster/25/07074/ADLBC — 43 Eaton Place London SW1X 8BX
2026-10-01 13:22:30 INFO LEAD new: [Permitted] Westminster/25/07007/LBC — 8 Buckingham Street London WC2N 6BX
2026-10-01 13:22:30 INFO LEAD new: [Permitted] Westminster/25/07030/NMA — Development Site At Olympia Mews And 28 To 34 Queensway Lond
2026-10-01 13:22:30 INFO LEAD new: [Permitted] Westminster/25/07032/NMA — Victoria Park Plaza Hotel 239 - 251 Vauxhall Bridge Road Lon
2026-10-01 13:22:30 INFO LEAD new: [Permitted] Westminster/25/07028/FULL — 37 St James's Street London SW1A 1JD
2026-10-01 13:22:30 INFO LEAD new: [Permitted] Westminster/25/07029/LBC — 37 St James's Street London SW1A 1JD
2026-10-01 13:22:30 INFO LEAD new: [Permitted] Westminster/25/07005/FULL — 90 - 92 Shaftesbury Avenue London W1D 5EA
2026-10-01 13:22:30 INFO LEAD new: [Permitted] Westminster/25/07006/ADV — 90 - 92 Shaftesbury Avenue London W1D 5EA
2026-10-01 13:22:30 INFO LEAD new: [Permitted] Westminster/25/07034/FULL — 41 Eaton Terrace London SW1W 8TP
2026-10-01 13:22:30 INFO LEAD new: [Permitted] Westminster/25/07025/LBC — Ground Floor West Front 94 Piccadilly London W1J 7BP
2026-10-01 13:22:30 INFO LEAD new: [Permitted] Westminster/25/07013/FULL — 143 New Bond Street London W1S 2TP
2026-10-01 13:22:30 INFO LEAD new: [Permitted] Westminster/25/07024/LBC — 100 Piccadilly London W1J 7NH
2026-10-01 13:22:30 INFO LEAD new: [Permitted] Westminster/25/07023/LBC — 10 Shepherd Market London W1J 7QF
2026-10-01 13:22:30 INFO LEAD new: [Permitted] Westminster/25/07021/LBC — 6 Shepherd Market London W1J 7QD
2026-10-01 13:22:30 INFO LEAD new: [Permitted] Westminster/25/07014/LBC — 143 New Bond Street London W1S 2TP
2026-10-01 13:22:30 INFO LEAD new: [Permitted] Westminster/25/07022/LBC — 8 Shepherd Market London W1J 7QE
2026-10-01 13:22:30 INFO LEAD new: [Permitted] Westminster/25/07036/ADFULL — Flat 54 Ledbury Road London W11 2AJ
2026-10-01 13:22:30 INFO LEAD new: [Permitted] Westminster/25/07035/ADV — 109 Oxford Street London W1D 2HQ
2026-10-01 13:22:30 INFO LEAD new: [Permitted] Westminster/25/07002/PACU2F — 214 Edgware Road London W2 1DH
2026-10-01 13:22:30 INFO LEAD new: [Permitted] Westminster/25/07016/LBC — 1 New Quebec Street London W1H 7DD
2026-10-01 13:22:30 INFO LEAD new: [Permitted] Westminster/25/07004/FULL — 1 Wellington Close London W11 2AN
2026-10-01 13:22:30 INFO LEAD new: [Permitted] Westminster/25/07019/LBC — 1 Shepherd Market London W1J 7PA
2026-10-01 13:22:30 INFO LEAD new: [Permitted] Westminster/25/07018/LBC — 20B The Market Covent Garden London WC2E 8RB
2026-10-01 13:22:30 INFO LEAD new: [Permitted] Westminster/25/07033/FULL — 29 Chapel Side London W2 4LL
2026-10-01 13:22:30 INFO LEAD new: [Permitted] Westminster/25/07008/LBC — 10 York Terrace West London NW1 4QA
2026-10-01 13:22:30 INFO LEAD new: [Permitted] Westminster/25/07308/TELNOT — 30 Portman Square London W1H 7BH
2026-10-01 13:22:30 INFO LEAD new: [Permitted] Westminster/25/07307/TELNOT — 33 Cavendish Square London W1G 0PS
2026-10-01 13:22:30 INFO LEAD new: [Permitted] Westminster/25/07010/ADFULL — 10 - 11 Lancaster Gate London W2 3LH
2026-10-01 13:22:30 INFO LEAD new: [Permitted] Westminster/25/06998/CLEUD — 172 Tachbrook Street London SW1V 2NE
2026-10-01 13:22:30 INFO LEAD new: [Permitted] Westminster/25/07181/ADLBC — 10 - 11 Lancaster Gate London W2 3LH
2026-10-01 13:22:30 INFO LEAD new: [Permitted] Westminster/25/07020/LBC — 4 Shepherd Market London W1J 7QB
2026-10-01 13:22:30 INFO LEAD new: [Permitted] Westminster/25/07001/ADFULL — 34 Bruton Place London W1J 6NR
2026-10-01 13:22:37 INFO [westminster/Permitted] page at offset 2400: 100 records
2026-10-01 13:22:37 INFO LEAD new: [Permitted] Westminster/25/06981/LBC — 55 Whitehall London SW1A 2EY
2026-10-01 13:22:37 INFO LEAD new: [Permitted] Westminster/25/06979/NMA — 28 - 32 Shelton Street London WC2H 9JE
2026-10-01 13:22:37 INFO LEAD new: [Permitted] Westminster/25/06992/FULL — 54 Eaton Square London SW1W 9BE
2026-10-01 13:22:37 INFO LEAD new: [Permitted] Westminster/25/06988/ADFULL — 14 St James's Square London SW1Y 4LG
2026-10-01 13:22:37 INFO LEAD new: [Permitted] Westminster/25/06966/FULL — 30B Orsett Terrace London W2 6AJ
2026-10-01 13:22:37 INFO LEAD new: [Permitted] Westminster/25/06967/LBC — 30B Orsett Terrace London W2 6AJ
2026-10-01 13:22:37 INFO LEAD new: [Permitted] Westminster/25/06975/FULL — 20 Carlton House Terrace London SW1Y 5AN
2026-10-01 13:22:37 INFO LEAD new: [Permitted] Westminster/25/06972/FULL — Lisa House 52 - 55 Carnaby Street London W1F 9QE
2026-10-01 13:22:37 INFO LEAD new: [Permitted] Westminster/25/06993/LBC — 54 Eaton Square London SW1W 9BE
2026-10-01 13:22:37 INFO LEAD new: [Permitted] Westminster/25/06965/NMA — 35 Gloucester Square London W2 2TD
2026-10-01 13:22:37 INFO LEAD new: [Permitted] Westminster/25/06974/FULL — Basement And Ground Floor 57 Victoria Street London SW1H 0HP
2026-10-01 13:22:37 INFO LEAD new: [Permitted] Westminster/25/06971/FULL — 3 Elm Tree Road London NW8 9JY
2026-10-01 13:22:37 INFO LEAD new: [Permitted] Westminster/25/06980/FULL — 15 Artesian Road W2 5DA
2026-10-01 13:22:37 INFO LEAD new: [Permitted] Westminster/25/06987/TCH — Basement Floor And Ground Floor 110 Westbourne Grove London 
2026-10-01 13:22:37 INFO LEAD new: [Permitted] Westminster/25/06964/FULL — 2 Mansfield Mews London W1G 9NL
2026-10-01 13:22:37 INFO LEAD new: [Permitted] Westminster/25/06994/ADV — First Floor 76 - 88 Wardour Street London W1F 0UR
2026-10-01 13:22:38 INFO LEAD new: [Permitted] Westminster/25/06962/P3JPA — 29 Alexander Street London W2 5NU
2026-10-01 13:22:38 INFO LEAD new: [Permitted] Westminster/25/06983/CLOPUD — 1A Alexander Mews W2 5NX
2026-10-01 13:22:38 INFO LEAD new: [Permitted] Westminster/25/06973/LBC — 54 Gloucester Gardens London W2 6BN
2026-10-01 13:22:38 INFO LEAD new: [Permitted] Westminster/25/06991/ADFULL — Land Bound By Edgware Rd, Boscobel St, Penfold St, Church St
2026-10-01 13:22:38 INFO LEAD new: [Permitted] Westminster/25/06919/LBC — Flat 1 151 - 153 Gloucester Terrace London W2 6DX
2026-10-01 13:22:38 INFO LEAD new: [Permitted] Westminster/25/06918/FULL — Flat 1 151 - 153 Gloucester Terrace London W2 6DX
2026-10-01 13:22:38 INFO LEAD new: [Permitted] Westminster/25/06938/ADV — 147 Oxford Street London W1D 2JE
2026-10-01 13:22:38 INFO LEAD new: [Permitted] Westminster/25/07306/TELNOT — 11A West Halkin Street London SW1X 8JL
2026-10-01 13:22:38 INFO LEAD new: [Permitted] Westminster/25/06924/ADV — 38 Maddox Street London W1S 1PY
2026-10-01 13:22:38 INFO LEAD new: [Permitted] Westminster/25/06954/FULL — 7 Leamington Road Villas London W11 1HS
2026-10-01 13:22:38 INFO LEAD new: [Permitted] Westminster/25/06927/ADFULL — 26 Grosvenor Street London W1K 4QJ
2026-10-01 13:22:38 INFO LEAD new: [Permitted] Westminster/25/06950/CLOPUD — 10 Rochester Row London SW1P 1NS
2026-10-01 13:22:38 INFO LEAD new: [Permitted] Westminster/25/06937/FULL — 21 Lees Place London W1K 6LR
2026-10-01 13:22:38 INFO LEAD new: [Permitted] Westminster/25/06936/LBC — 17 Belgrave Square London SW1X 8PG
2026-10-01 13:22:38 INFO LEAD new: [Permitted] Westminster/25/06953/LBC — 47 Francis Street London SW1P 1QR
2026-10-01 13:22:38 INFO LEAD new: [Permitted] Westminster/25/06946/ADFULL — Development Site At 14 To 17 Paddington Green London
2026-10-01 13:22:38 INFO LEAD new: [Permitted] Westminster/25/06958/LBC — 1 Horse Guards Road London SW1A 2HQ
2026-10-01 13:22:38 INFO LEAD new: [Permitted] Westminster/25/06957/ADFULL — 26 Grosvenor Street London W1K 4QJ
2026-10-01 13:22:38 INFO LEAD new: [Permitted] Westminster/25/06920/FULL — 66 Trafalgar Square London WC2N 5DS
2026-10-01 13:22:38 INFO LEAD new: [Permitted] Westminster/25/06942/ADV — 21 Bruton Place London W1J 6QR
2026-10-01 13:22:38 INFO LEAD new: [Permitted] Westminster/25/06921/LBC — 66 Trafalgar Square London WC2N 5DS
2026-10-01 13:22:38 INFO LEAD new: [Permitted] Westminster/25/06935/FULL — 17 Belgrave Square London SW1X 8PG
2026-10-01 13:22:38 INFO LEAD new: [Permitted] Westminster/25/06926/FULL — Imperial College Business School Exhibition Road London SW7 
2026-10-01 13:22:38 INFO LEAD new: [Permitted] Westminster/25/06960/ADLBC — 41 Devonshire Place London W1G 6JY
2026-10-01 13:22:38 INFO LEAD new: [Permitted] Westminster/25/06945/NMA — Paddington Green Police Station 4 Harrow Road London W2 1XJ
2026-10-01 13:22:38 INFO LEAD new: [Permitted] Westminster/25/06928/ADFULL — 26 Grosvenor Street London W1K 4QJ
2026-10-01 13:22:38 INFO LEAD new: [Permitted] Westminster/25/06929/FULL — 20 - 21 Leicester Square London WC2H 7JX
2026-10-01 13:22:38 INFO LEAD new: [Permitted] Westminster/25/06944/FULL — 21 Jacob's Well Mews London W1U 3DR
2026-10-01 13:22:38 INFO LEAD new: [Permitted] Westminster/25/06943/FULL — Smithson Tower 25 St James's Street London SW1A 1HA
2026-10-01 13:22:38 INFO LEAD new: [Permitted] Westminster/25/06941/FULL — 21 Bruton Place London W1J 6QR
2026-10-01 13:22:38 INFO LEAD new: [Permitted] Westminster/25/06947/TCH — 43 Buckingham Palace Road London SW1W 0PP
2026-10-01 13:22:38 INFO LEAD new: [Permitted] Westminster/25/06931/ADV — Basement And Ground Floor Smithson Tower 25 St James's Stree
2026-10-01 13:22:38 INFO LEAD new: [Permitted] Westminster/25/06934/ADV — 40 - 42 Chiltern Street London W1U 7QN
2026-10-01 13:22:38 INFO LEAD new: [Permitted] Westminster/25/06952/FULL — 47 Francis Street London SW1P 1QR
2026-10-01 13:22:38 INFO LEAD new: [Permitted] Westminster/25/06951/ADV — Old War Office Whitehall London SW1A 2BX
2026-10-01 13:22:38 INFO LEAD new: [Permitted] Westminster/25/06955/LBC — Old War Office Whitehall London SW1A 2BX
2026-10-01 13:22:38 INFO LEAD new: [Permitted] Westminster/25/06949/FULL — 14 Little Portland Street London W1W 8BN
2026-10-01 13:22:38 INFO LEAD new: [Permitted] Westminster/25/06948/LBC — 100 Piccadilly London W1J 7NH
2026-10-01 13:22:38 INFO LEAD new: [Permitted] Westminster/25/06914/FULL — 57A Catherine Place London SW1E 6DY
2026-10-01 13:22:38 INFO LEAD new: [Permitted] Westminster/25/06910/ADV — 162 Piccadilly London W1J 9ED
2026-10-01 13:22:38 INFO LEAD new: [Permitted] Westminster/25/07180/ADLBC — 42 Conduit Street London W1S 2YH
2026-10-01 13:22:38 INFO LEAD new: [Permitted] Westminster/25/06911/LBC — 162 Piccadilly London W1J 9ED
2026-10-01 13:22:38 INFO LEAD new: [Permitted] Westminster/25/06890/ADV — 25 - 31 Wellington Street London WC2E 7DD
2026-10-01 13:22:38 INFO LEAD new: [Permitted] Westminster/25/06880/ADFULL — 42 Acacia Road NW8 6AP
2026-10-01 13:22:38 INFO LEAD new: [Permitted] Westminster/25/06999/ADLBC — 42 Acacia Road NW8 6AP
2026-10-01 13:22:38 INFO LEAD new: [Permitted] Westminster/25/07012/CLLB — 12 Cavendish Avenue London NW8 9JE
2026-10-01 13:22:38 INFO LEAD new: [Permitted] Westminster/25/06916/ADLBC — 10 - 11 Lancaster Gate London W2 3LH
2026-10-01 13:22:38 INFO LEAD new: [Permitted] Westminster/25/06908/LBC — 87A St John's Wood Terrace London NW8 6PY
2026-10-01 13:22:38 INFO LEAD new: [Permitted] Westminster/25/06907/FULL — 87A St John's Wood Terrace London NW8 6PY
2026-10-01 13:22:38 INFO LEAD new: [Permitted] Westminster/25/06912/LBC — 51 Queen's Gardens London W2 3AA
2026-10-01 13:22:38 INFO LEAD new: [Permitted] Westminster/25/06905/ADFULL — Southside 105 Victoria Street London SW1E 6QT
2026-10-01 13:22:38 INFO LEAD new: [Permitted] Westminster/25/06884/ADLBC — 6 Burlington Gardens London W1S 3ET
2026-10-01 13:22:38 INFO LEAD new: [Permitted] Westminster/25/06909/ADV — The Z Hotel Soho 17 Moor Street London W1D 5AP
2026-10-01 13:22:38 INFO LEAD new: [Permitted] Westminster/25/06906/P3JPA — 4 Foscote Mews London W9 2HH
2026-10-01 13:22:38 INFO LEAD new: [Permitted] Westminster/25/06897/ADFULL — 75 Hereford Road London W2 5BB
2026-10-01 13:22:38 INFO LEAD new: [Permitted] Westminster/25/06915/FULL — 5 Alma Square NW8 9QD
2026-10-01 13:22:38 INFO LEAD new: [Permitted] Westminster/25/06899/FULL — 51 Queen's Gardens London W2 3AA
2026-10-01 13:22:38 INFO LEAD new: [Permitted] Westminster/25/06882/LBC — Basement And Ground Floor Smithson Tower 25 St James's Stree
2026-10-01 13:22:38 INFO LEAD new: [Permitted] Westminster/25/06891/FULL — Flat 49 North Gate Prince Albert Road London NW8 7EH
2026-10-01 13:22:38 INFO LEAD new: [Permitted] Westminster/25/06885/ADFULL — 318 - 322 Regent Street London W1B 3BL
2026-10-01 13:22:38 INFO LEAD new: [Permitted] Westminster/25/06901/ADV — 128 - 129 New Bond Street London W1S 1EA
2026-10-01 13:22:38 INFO LEAD new: [Permitted] Westminster/25/06887/ADFULL — 142 Hamilton Terrace London NW8 9UX
2026-10-01 13:22:38 INFO LEAD new: [Permitted] Westminster/25/06881/ADFULL — Flat 1 163 Fernhead Road London W9 3ED
2026-10-01 13:22:38 INFO LEAD new: [Permitted] Westminster/25/06886/ADV — Kings Chambers 29 - 31 Portugal Street London WC2A 2HE
2026-10-01 13:22:38 INFO LEAD new: [Permitted] Westminster/25/06896/NMA — The Z Hotel Soho 17 Moor Street London W1D 5AP
2026-10-01 13:22:38 INFO LEAD new: [Permitted] Westminster/25/06894/LBC — 25 - 31 Wellington Street London WC2E 7DD
2026-10-01 13:22:39 INFO LEAD new: [Permitted] Westminster/25/06900/ADFULL — 52 Dorset Street London W1U 7NQ
2026-10-01 13:22:39 INFO LEAD new: [Permitted] Westminster/25/06892/FULL — 31 - 33 Beethoven Street London W10 4LJ
2026-10-01 13:22:39 INFO LEAD new: [Permitted] Westminster/25/06883/ADFULL — Hyde Park Barracks Knightsbridge London SW7 1SE
2026-10-01 13:22:39 INFO LEAD new: [Permitted] Westminster/25/06854/FULL — 36 Wigmore Street London W1U 2BP
2026-10-01 13:22:39 INFO LEAD new: [Permitted] Westminster/25/06876/NMA — 1 - 17 Shaftesbury Avenue London W1D 7EA
2026-10-01 13:22:39 INFO LEAD new: [Permitted] Westminster/25/07303/TELNOT — 40 Grosvenor Gardens London SW1W 0EB
2026-10-01 13:22:39 INFO LEAD new: [Permitted] Westminster/25/06843/LBC — 43 Eaton Place London SW1X 8BX
2026-10-01 13:22:39 INFO LEAD new: [Permitted] Westminster/25/07302/TELNOT — 9 The Market Covent Garden London WC2E 8RB
2026-10-01 13:22:39 INFO LEAD new: [Permitted] Westminster/25/06842/FULL — 43 Eaton Place London SW1X 8BX
2026-10-01 13:22:39 INFO LEAD new: [Permitted] Westminster/25/06861/ADV — Venture House 27 - 29 Glasshouse Street London W1B 5DF
2026-10-01 13:22:39 INFO LEAD new: [Permitted] Westminster/25/06849/LBC — Westminster School 1 - 3 Little Dean's Yard London SW1P 3PF
2026-10-01 13:22:45 INFO [westminster/Permitted] page at offset 2500: 100 records
2026-10-01 13:22:45 INFO LEAD new: [Permitted] Westminster/25/06871/LBC — Dover House Whitehall London SW1A 2AU
2026-10-01 13:22:45 INFO LEAD new: [Permitted] Westminster/25/06864/FULL — Basement And Ground Floor 37 South Molton Street London W1K 
2026-10-01 13:22:45 INFO LEAD new: [Permitted] Westminster/25/06865/ADV — Basement And Ground Floor 37 South Molton Street London W1K 
2026-10-01 13:22:45 INFO LEAD new: [Permitted] Westminster/25/06870/ADFULL — 10 - 11 Lancaster Gate London W2 3LH
2026-10-01 13:22:45 INFO LEAD new: [Permitted] Westminster/25/06872/FULL — Basement Rear And Ground Floor Part And Mezzanine Part 11 Wa
2026-10-01 13:22:45 INFO LEAD new: [Permitted] Westminster/25/06873/LBC — Basement Rear And Ground Floor Part And Mezzanine Part 11 Wa
2026-10-01 13:22:45 INFO LEAD new: [Permitted] Westminster/25/06868/ADLBC — 10 - 11 Lancaster Gate London W2 3LH
2026-10-01 13:22:45 INFO LEAD new: [Permitted] Westminster/25/06869/ADFULL — 1 - 7 Harley Street London W1G 9QD
2026-10-01 13:22:45 INFO LEAD new: [Permitted] Westminster/25/06877/NMA — Development Site At Chelsea Barracks Chelsea Bridge Road Lon
2026-10-01 13:22:45 INFO LEAD new: [Permitted] Westminster/25/06844/FULL — Flat 113 20 Abbey Road London NW8 9BW
2026-10-01 13:22:45 INFO LEAD new: [Permitted] Westminster/25/06855/LBC — 36 Wigmore Street London W1U 2BP
2026-10-01 13:22:45 INFO LEAD new: [Permitted] Westminster/25/06845/FULL — Hereditable House 28 - 29 Dover Street London W1S 4NA
2026-10-01 13:22:45 INFO LEAD new: [Permitted] Westminster/25/06841/ADLBC — 41 Devonshire Place London W1G 6JY
2026-10-01 13:22:45 INFO LEAD new: [Permitted] Westminster/25/06850/FULL — 22 Palace Court London W2 4HU
2026-10-01 13:22:45 INFO LEAD new: [Permitted] Westminster/25/06840/ADLBC — 5 Wilton Crescent London SW1X 8RN
2026-10-01 13:22:45 INFO LEAD new: [Permitted] Westminster/25/06849/COLBC — Westminster School 1 - 3 Little Dean's Yard London SW1P 3PF
2026-10-01 13:22:45 INFO LEAD new: [Permitted] Westminster/25/06848/COFUL — Westminster School 1 - 3 Little Dean's Yard London SW1P 3PF
2026-10-01 13:22:45 INFO LEAD new: [Permitted] Westminster/25/06852/ADFULL — 21 Bruton Place London W1J 6QR
2026-10-01 13:22:45 INFO LEAD new: [Permitted] Westminster/25/06836/LBC — Kings Chambers 29 - 31 Portugal Street London WC2A 2HE
2026-10-01 13:22:45 INFO LEAD new: [Permitted] Westminster/25/06835/LBC — 49 Eaton Square London SW1W 9BD
2026-10-01 13:22:45 INFO LEAD new: [Permitted] Westminster/25/06832/ADV — 1 - 5 New Bond Street London W1S 3RL
2026-10-01 13:22:45 INFO LEAD new: [Permitted] Westminster/25/06827/ADFULL — 35 - 37 Lincoln's Inn Fields London WC2A 3PE
2026-10-01 13:22:45 INFO LEAD new: [Permitted] Westminster/25/06904/CLLB — Unit 2 Marylebone Station Melcombe Place London NW1 6JJ
2026-10-01 13:22:45 INFO LEAD new: [Permitted] Westminster/25/06825/COFUL — Hopkinson House 88 Vauxhall Bridge Road London SW1V 2RW
2026-10-01 13:22:45 INFO LEAD new: [Permitted] Westminster/25/06830/FULL — 31 Oldbury Place London W1U 5PT
2026-10-01 13:22:45 INFO LEAD new: [Permitted] Westminster/25/06818/ADFULL — 20 - 22 Mortimer Street London W1T 3JW
2026-10-01 13:22:45 INFO LEAD new: [Permitted] Westminster/25/06816/FULL — 33 Grosvenor Crescent Mews London SW1X 7EX
2026-10-01 13:22:45 INFO LEAD new: [Permitted] Westminster/25/06813/FULL — 117 Broadley Street London NW8 8BA
2026-10-01 13:22:45 INFO LEAD new: [Permitted] Westminster/25/06822/ADFULL — Arundel Great Court Surrey Street London WC2R 2NE
2026-10-01 13:22:45 INFO LEAD new: [Permitted] Westminster/25/06821/ADFULL — Arundel Great Court Surrey Street London WC2R 2NE
2026-10-01 13:22:45 INFO LEAD new: [Permitted] Westminster/25/06777/LBC — 63A Warwick Avenue London W9 2PR
2026-10-01 13:22:45 INFO LEAD new: [Permitted] Westminster/25/06776/FULL — 63A Warwick Avenue London W9 2PR
2026-10-01 13:22:45 INFO LEAD new: [Permitted] Westminster/25/07301/TELNOT — Liberty House 222 Regent Street London W1B 5TR
2026-10-01 13:22:45 INFO LEAD new: [Permitted] Westminster/25/06789/AADV — Fenwicks 58 - 63 New Bond Street London W1S 1RJ
2026-10-01 13:22:45 INFO LEAD new: [Permitted] Westminster/25/06789/ADFULL — Fenwicks 58 - 63 New Bond Street London W1S 1RJ
2026-10-01 13:22:45 INFO LEAD new: [Permitted] Westminster/25/06801/LBC — Flat 3 35 Hyde Park Square London W2 2NW
2026-10-01 13:22:46 INFO LEAD new: [Permitted] Westminster/25/06814/OBS — Development Site At 161 - 237 Kensington Church Street And 3
2026-10-01 13:22:46 INFO LEAD new: [Permitted] Westminster/25/06794/FULL — 194 Fleet Street London EC4A 2LT
2026-10-01 13:22:46 INFO LEAD new: [Permitted] Westminster/25/06795/LBC — 194 Fleet Street London EC4A 2LT
2026-10-01 13:22:46 INFO LEAD new: [Permitted] Westminster/25/06774/COGADF — 1 Ebury Bridge Road London SW1W 8PX
2026-10-01 13:22:46 INFO LEAD new: [Permitted] Westminster/25/06775/ADLBC — 63A Warwick Avenue London W9 2PR
2026-10-01 13:22:46 INFO LEAD new: [Permitted] Westminster/25/06802/FULL — 50 Morshead Mansions Morshead Road London W9 1LF
2026-10-01 13:22:46 INFO LEAD new: [Permitted] Westminster/25/06809/FULL — 23 Old Queen Street London SW1H 9JA
2026-10-01 13:22:46 INFO LEAD new: [Permitted] Westminster/25/06797/ADLBC — 31 Bryanston Square London W1H 2DT
2026-10-01 13:22:46 INFO LEAD new: [Permitted] Westminster/25/06805/ADFULL — 129 New Bond Street London W1S 1EA
2026-10-01 13:22:46 INFO LEAD new: [Permitted] Westminster/25/06773/NMA — 415 Oxford Street London W1C 2PG
2026-10-01 13:22:46 INFO LEAD new: [Permitted] Westminster/25/06785/ADFULL — 5 Wilton Crescent London SW1X 8RN
2026-10-01 13:22:46 INFO LEAD new: [Permitted] Westminster/25/06791/ADFULL — 26 Grosvenor Street London W1K 4QJ
2026-10-01 13:22:46 INFO LEAD new: [Permitted] Westminster/25/06807/LBC — 83 Pall Mall London SW1Y 5ES
2026-10-01 13:22:46 INFO LEAD new: [Permitted] Westminster/25/06800/FULL — 34 Kingly Street London W1B 5QH
2026-10-01 13:22:46 INFO LEAD new: [Permitted] Westminster/25/06811/LBC — 78 Harley Street London W1G 7HJ
2026-10-01 13:22:46 INFO LEAD new: [Permitted] Westminster/25/06788/ADFULL — Woolworth House 242 - 246 Marylebone Road London NW1 6JQ
2026-10-01 13:22:46 INFO LEAD new: [Permitted] Westminster/25/06799/ADFULL — Methodist Church House 25 Marylebone Road London NW1 5JR
2026-10-01 13:22:46 INFO LEAD new: [Permitted] Westminster/25/06779/LBC — 31 King Street Covent Garden London WC2E 8JD
2026-10-01 13:22:46 INFO LEAD new: [Permitted] Westminster/25/06780/ADV — 31 King Street Covent Garden London WC2E 8JD
2026-10-01 13:22:46 INFO LEAD new: [Permitted] Westminster/25/06781/FULL — Southwold Mansions Widley Road London W9 2LE
2026-10-01 13:22:46 INFO LEAD new: [Permitted] Westminster/25/06783/FULL — 3 Wilton Row London SW1X 7NR
2026-10-01 13:22:46 INFO LEAD new: [Permitted] Westminster/25/06784/FULL — 3 Wilton Row London SW1X 7NR
2026-10-01 13:22:46 INFO LEAD new: [Permitted] Westminster/25/07297/TELNOT — 80 Strand London WC2R 0RL
2026-10-01 13:22:46 INFO LEAD new: [Permitted] Westminster/25/06798/ADLBC — Savoy Theatre Savoy Court London WC2R 0ET
2026-10-01 13:22:46 INFO LEAD new: [Permitted] Westminster/25/06803/ADV — 60 Queensway London W2 3RL
2026-10-01 13:22:46 INFO LEAD new: [Permitted] Westminster/25/06750/ADV — Basement And Ground Floor 21 Whitcomb Street London WC2H 7HA
2026-10-01 13:22:46 INFO LEAD new: [Permitted] Westminster/25/06758/LBC — 10 Dorset Square London NW1 6QB
2026-10-01 13:22:46 INFO LEAD new: [Permitted] Westminster/25/06767/LBC — 27 - 29 Brook Street West End London W1K 4HE
2026-10-01 13:22:46 INFO LEAD new: [Permitted] Westminster/25/06749/NMA — Development Site At 19 To 24 Dering Street London W1S 1BL
2026-10-01 13:22:46 INFO LEAD new: [Permitted] Westminster/25/06768/ADV — Methodist Church House 25 Marylebone Road London NW1 5JR
2026-10-01 13:22:46 INFO LEAD new: [Permitted] Westminster/25/06796/OBS — 1 Silk Street City Of London London EC2Y 8HQ
2026-10-01 13:22:46 INFO LEAD new: [Permitted] Westminster/25/06761/NMA — 36 Devonshire Place Mews London W1G 6DD
2026-10-01 13:22:46 INFO LEAD new: [Permitted] Westminster/25/06764/ADV — 171 Edgware Road London W2 2HR
2026-10-01 13:22:46 INFO LEAD new: [Permitted] Westminster/25/06738/ADFULL — 41 Manchester Street London W1U 7LN
2026-10-01 13:22:46 INFO LEAD new: [Permitted] Westminster/25/06793/OBS — 99C Malvern Road London Borough Of Brent London NW6 5PU
2026-10-01 13:22:46 INFO LEAD new: [Permitted] Westminster/25/06739/ADV — 19 - 21 Long Acre London WC2E 9LD
2026-10-01 13:22:46 INFO LEAD new: [Permitted] Westminster/25/06740/FULL — 20 Upper Grosvenor Street London W1K 7PB
2026-10-01 13:22:46 INFO LEAD new: [Permitted] Westminster/25/06763/FULL — 171 Edgware Road London W2 2HR
2026-10-01 13:22:46 INFO LEAD new: [Permitted] Westminster/25/06751/LBC — Benjamin Franklin House 36 Craven Street London WC2N 5NF
2026-10-01 13:22:46 INFO LEAD new: [Permitted] Westminster/25/06742/FULL — 7 - 8 St Martin's Place London WC2N 4HA
2026-10-01 13:22:46 INFO LEAD new: [Permitted] Westminster/25/06743/ADLBC — Savoy Theatre Savoy Court London WC2R 0ET
2026-10-01 13:22:46 INFO LEAD new: [Permitted] Westminster/25/06757/ADFULL — 1 Marylebone High Street London W1U 4DL
2026-10-01 13:22:46 INFO LEAD new: [Permitted] Westminster/25/06752/FULL — 7 Charles Street London W1J 5DQ
2026-10-01 13:22:46 INFO LEAD new: [Permitted] Westminster/25/06753/LBC — 7 Charles Street London W1J 5DQ
2026-10-01 13:22:46 INFO LEAD new: [Permitted] Westminster/25/06754/FULL — 22 Seymour Place London W1H 7NJ
2026-10-01 13:22:53 INFO [westminster/Permitted] page at offset 2600: 100 records
2026-10-01 13:22:53 INFO LEAD new: [Permitted] Westminster/25/06744/FULL — 31 Rutland Court Rutland Gardens London SW7 1BW
2026-10-01 13:22:53 INFO LEAD new: [Permitted] Westminster/25/07208/TELNOT — Thistle Hotel 39 Coventry Street London W1D 6BZ
2026-10-01 13:22:53 INFO LEAD new: [Permitted] Westminster/25/06748/LBC — Basement And Ground Floor Maisonette 101 Ebury Street London
2026-10-01 13:22:53 INFO LEAD new: [Permitted] Westminster/25/06747/FULL — Basement And Ground Floor Maisonette 101 Ebury Street London
2026-10-01 13:22:53 INFO LEAD new: [Permitted] Westminster/25/06760/ADFULL — St Johns Wood Barracks Ordnance Hill London NW8 6PT
2026-10-01 13:22:53 INFO LEAD new: [Permitted] Westminster/25/06756/FULL — 10 Heddon Street London W1B 4BY
2026-10-01 13:22:53 INFO LEAD new: [Permitted] Westminster/25/06688/ADFULL — 72 South Audley Street London W1K 1JB
2026-10-01 13:22:53 INFO LEAD new: [Permitted] Westminster/25/06695/ADV — 174 New Bond Street London W1S 4RG
2026-10-01 13:22:53 INFO LEAD new: [Permitted] Westminster/25/06731/LBC — Sir Arthur Lewis Building 32 Lincoln's Inn Fields London WC2
2026-10-01 13:22:53 INFO LEAD new: [Permitted] Westminster/25/06688/ADLBC — 72 South Audley Street London W1K 1JB
2026-10-01 13:22:53 INFO LEAD new: [Permitted] Westminster/25/06736/FULL — Development SIte At 2 - 14 Brompton Road London SW1X 7QN
2026-10-01 13:22:53 INFO LEAD new: [Permitted] Westminster/25/07207/TELNOT — 80 Strand London WC2R 0RL
2026-10-01 13:22:53 INFO LEAD new: [Permitted] Westminster/25/06713/FULL — 15 Junction Mews London W2 1PN
2026-10-01 13:22:53 INFO LEAD new: [Permitted] Westminster/25/06734/ADFULL — 26 Warwick Avenue London W9 2PT
2026-10-01 13:22:53 INFO LEAD new: [Permitted] Westminster/25/06717/FULL — Niketown 236 Oxford Street London W1C 1DE
2026-10-01 13:22:53 INFO LEAD new: [Permitted] Westminster/25/06716/LBC — 26 Warwick Avenue London W9 2PT
2026-10-01 13:22:53 INFO LEAD new: [Permitted] Westminster/25/06718/LBC — Niketown 236 Oxford Street London W1C 1DE
2026-10-01 13:22:53 INFO LEAD new: [Permitted] Westminster/25/06715/FULL — 26 Warwick Avenue London W9 2PT
2026-10-01 13:22:53 INFO LEAD new: [Permitted] Westminster/25/07076/ADLBC — 26 Warwick Avenue London W9 2PT
2026-10-01 13:22:53 INFO LEAD new: [Permitted] Westminster/25/06692/LBC — Apartment 9 81 Lancaster Gate London W2 3NH
2026-10-01 13:22:53 INFO LEAD new: [Permitted] Westminster/25/06714/FULL — 19 Carlton Hill London NW8 0JX
2026-10-01 13:22:53 INFO LEAD new: [Permitted] Westminster/25/06729/FULL — 85 - 86 Newman Street London W1T 3EX
2026-10-01 13:22:53 INFO LEAD new: [Permitted] Westminster/25/06730/AD7 — 14 Hallam Street London W1W 6JG
2026-10-01 13:22:53 INFO LEAD new: [Permitted] Westminster/25/06703/ADFULL — 1 Berkeley Mews London W1H 7AT
2026-10-01 13:22:53 INFO LEAD new: [Permitted] Westminster/25/06706/LBC — 13 Lowndes Street London SW1X 9EX
2026-10-01 13:22:53 INFO LEAD new: [Permitted] Westminster/25/06685/CLEUD — 1 - 2 Castle Lane London SW1E 6DR
2026-10-01 13:22:53 INFO LEAD new: [Permitted] Westminster/25/06710/LBC — Ground Floor Left 169 Piccadilly London W1J 9EH
2026-10-01 13:22:53 INFO LEAD new: [Permitted] Westminster/25/06705/ADFULL — 28 Dorset Street London W1U 8AR
2026-10-01 13:22:53 INFO LEAD new: [Permitted] Westminster/25/06732/NMA — Pegasus House 37 - 43 Sackville Street London W1S 3EH
2026-10-01 13:22:53 INFO LEAD new: [Permitted] Westminster/25/06733/NMA — 21 Charles Street London W1J 5DT
2026-10-01 13:22:53 INFO LEAD new: [Permitted] Westminster/25/06698/ADLBC — 8 Northumberland Avenue London WC2N 5BY
2026-10-01 13:22:53 INFO LEAD new: [Permitted] Westminster/25/06735/FULL — 69 - 71 St George's Drive London SW1V 4DB
2026-10-01 13:22:53 INFO LEAD new: [Permitted] Westminster/25/06689/ADFULL — 72 South Audley Street London W1K 1JB
2026-10-01 13:22:53 INFO LEAD new: [Permitted] Westminster/25/06690/ADLBC — 72 South Audley Street London W1K 1JB
2026-10-01 13:22:53 INFO LEAD new: [Permitted] Westminster/25/06691/ADLBC — 72 South Audley Street London W1K 1JB
2026-10-01 13:22:53 INFO LEAD new: [Permitted] Westminster/25/06693/LBC — 43 - 49 Harley Street London W1G 8BT
2026-10-01 13:22:53 INFO LEAD new: [Permitted] Westminster/25/06712/ADFULL — 21 Woronzow Road London NW8 6BA
2026-10-01 13:22:53 INFO LEAD new: [Permitted] Westminster/25/06687/ADFULL — 72 South Audley Street London W1K 1JB
2026-10-01 13:22:53 INFO LEAD new: [Permitted] Westminster/25/06721/ADV — St Catherine's House 61 Aldwych London
2026-10-01 13:22:53 INFO LEAD new: [Permitted] Westminster/25/06709/ADV — Ground Floor Left 169 Piccadilly London W1J 9EH
2026-10-01 13:22:53 INFO LEAD new: [Permitted] Westminster/25/06699/ADLBC — 2 Spanish Place London W1U 3HF
2026-10-01 13:22:53 INFO LEAD new: [Permitted] Westminster/25/06648/LBC — 14 Wigmore Place London W1U 2LX
2026-10-01 13:22:53 INFO LEAD new: [Permitted] Westminster/25/06668/LBC — Pegasus House 37 - 43 Sackville Street London W1S 3EH
2026-10-01 13:22:53 INFO LEAD new: [Permitted] Westminster/25/06654/AADV — Savoy Theatre Savoy Court London WC2R 0ET
2026-10-01 13:22:53 INFO LEAD new: [Permitted] Westminster/25/06663/LBC — 24A Hay's Mews London W1J 5PY
2026-10-01 13:22:53 INFO LEAD new: [Permitted] Westminster/25/06661/LBC — 26J Gloucester Terrace London W2 3DD
2026-10-01 13:22:53 INFO LEAD new: [Permitted] Westminster/25/06660/FULL — 26J Gloucester Terrace London W2 3DD
2026-10-01 13:22:53 INFO LEAD new: [Permitted] Westminster/25/06662/FULL — 24A Hay's Mews London W1J 5PY
2026-10-01 13:22:53 INFO LEAD new: [Permitted] Westminster/25/06640/FULL — Flat 1 46 Queen's Gardens London W2 3AA
2026-10-01 13:22:53 INFO LEAD new: [Permitted] Westminster/25/06684/FULL — 70 Ledbury Road London W11 2AH
2026-10-01 13:22:53 INFO LEAD new: [Permitted] Westminster/25/06647/FULL — 14 Wigmore Place London W1U 2LX
2026-10-01 13:22:53 INFO LEAD new: [Permitted] Westminster/25/06641/LBC — Flat 1 46 Queen's Gardens London W2 3AA
2026-10-01 13:22:53 INFO LEAD new: [Permitted] Westminster/25/06657/ADFULL — Pegasus House 37 - 43 Sackville Street London W1S 3EH
2026-10-01 13:22:53 INFO LEAD new: [Permitted] Westminster/25/06658/ADFULL — Pegasus House 37 - 43 Sackville Street London W1S 3EH
2026-10-01 13:22:53 INFO LEAD new: [Permitted] Westminster/25/06659/ADV — 16 Dufour's Place London
2026-10-01 13:22:53 INFO LEAD new: [Permitted] Westminster/25/06670/ADFULL — 40 Ordnance Hill London NW8 6PU
2026-10-01 13:22:53 INFO LEAD new: [Permitted] Westminster/25/06645/FULL — 119 - 121 Baker Street London W1U 6RY
2026-10-01 13:22:53 INFO LEAD new: [Permitted] Westminster/25/06655/FULL — Charing Cross Hotel Strand London WC2N 5HX
2026-10-01 13:22:53 INFO LEAD new: [Permitted] Westminster/25/06656/LBC — Charing Cross Hotel Strand London WC2N 5HX
2026-10-01 13:22:53 INFO LEAD new: [Permitted] Westminster/25/06642/AADV — 1 Claverton Street London SW1V 3AY
2026-10-01 13:22:53 INFO LEAD new: [Permitted] Westminster/25/06643/ADFULL — 1 Victoria Street London SW1H 0ET
2026-10-01 13:22:53 INFO LEAD new: [Permitted] Westminster/25/06638/TELCOM — Communications Station 39 - 44 Grosvenor Square London W1K 2
2026-10-01 13:22:53 INFO LEAD new: [Permitted] Westminster/25/06644/LBC — 1 - 2 Upper Belgrave Street London SW1X 8BD
2026-10-01 13:22:53 INFO LEAD new: [Permitted] Westminster/25/06639/ADFULL — 334 - 348 Oxford Street London W1C 1JG
2026-10-01 13:22:53 INFO LEAD new: [Permitted] Westminster/25/06646/NMA — 1 - 2 Upper Belgrave Street London SW1X 8BD
2026-10-01 13:22:54 INFO LEAD new: [Permitted] Westminster/25/06664/ADLBC — Covent Garden London
2026-10-01 13:22:54 INFO LEAD new: [Permitted] Westminster/25/06649/ADLBC — 4 - 5 Buckingham Gate London SW1E 6JP
2026-10-01 13:22:54 INFO LEAD new: [Permitted] Westminster/25/06650/ADFULL — 16 Mortimer Street London W1T 3JL
2026-10-01 13:22:54 INFO LEAD new: [Permitted] Westminster/25/06636/FULL — 14 Cleveland Mansions Widley Road London W9 2LA
2026-10-01 13:22:54 INFO LEAD new: [Permitted] Westminster/25/06678/FULL — Flat 3 46 Sutherland Avenue London W9 2HQ
2026-10-01 13:22:54 INFO LEAD new: [Permitted] Westminster/25/06676/FULL — 31 Eccleston Square London SW1V 1NZ
2026-10-01 13:22:54 INFO LEAD new: [Permitted] Westminster/25/06677/ADV — 31 Eccleston Square London SW1V 1NZ
2026-10-01 13:22:54 INFO LEAD new: [Permitted] Westminster/25/06679/LBC — 31 Eccleston Square London SW1V 1NZ
2026-10-01 13:22:54 INFO LEAD new: [Permitted] Westminster/25/06667/ADFULL — 7 Soho Square London W1D 3QB
2026-10-01 13:22:54 INFO LEAD new: [Permitted] Westminster/25/06792/ADFULL — 39 Eaton Terrace London SW1W 8TP
2026-10-01 13:22:54 INFO LEAD new: [Permitted] Westminster/25/06626/ADFULL — 63 - 65 Portland Place London W1B 1QR
2026-10-01 13:22:54 INFO LEAD new: [Permitted] Westminster/25/06614/ADV — Unit 1 Ground Floor 1 - 4 Leicester Square London WC2H 7NA
2026-10-01 13:22:54 INFO LEAD new: [Permitted] Westminster/25/06609/ADFULL — 1 Victoria Street London SW1H 0ET
2026-10-01 13:22:54 INFO LEAD new: [Permitted] Westminster/25/06618/ADV — 18 - 21 Haymarket London SW1Y 4DQ
2026-10-01 13:22:54 INFO LEAD new: [Permitted] Westminster/25/06611/FULL — The National Gallery Trafalgar Square London WC2N 5DN
2026-10-01 13:22:54 INFO LEAD new: [Permitted] Westminster/25/06612/LBC — The National Gallery Trafalgar Square London WC2N 5DN
2026-10-01 13:22:54 INFO LEAD new: [Permitted] Westminster/25/06633/FULL — 1 Gloucester Place Mews London W1U 8BA
2026-10-01 13:22:54 INFO LEAD new: [Permitted] Westminster/25/06619/ADV — Basement To Second Floor 17 - 20 New Bond Street London W1S 
2026-10-01 13:22:54 INFO LEAD new: [Permitted] Westminster/25/06621/LBC — Fifth Floor 49 St James's Street London SW1A 1JR
2026-10-01 13:22:59 WARNING Rate limited (429); waiting 496s before retry 1/6
2026-10-01 13:31:16 WARNING Request failed (403 Client Error: Forbidden for url: https://www.planit.org.uk/api/applics/json?app_state=Permitted&start_date=2023-10-01&end_date=2026-10-01&pg_sz=100&auth=Westminster&offset=2700); retry 2/6 in 10s
2026-10-01 13:31:28 INFO [westminster/Permitted] page at offset 2700: 100 records
2026-10-01 13:31:28 INFO LEAD new: [Permitted] Westminster/25/06628/FULL — Basement Rear And Ground Floor Part And Mezzanine Part And F
2026-10-01 13:31:28 INFO LEAD new: [Permitted] Westminster/25/06631/LBC — 70 Eccleston Square London SW1V 1PJ
2026-10-01 13:31:28 INFO LEAD new: [Permitted] Westminster/25/06615/FULL — Marble Arch At Marble Arch London W1H 7DX
2026-10-01 13:31:28 INFO LEAD new: [Permitted] Westminster/25/06624/ADFULL — 25 - 31 Wellington Street London WC2E 7DD
2026-10-01 13:31:28 INFO LEAD new: [Permitted] Westminster/25/06634/FULL — 12 Macclesfield Street London W1D 5BP
2026-10-01 13:31:28 INFO LEAD new: [Permitted] Westminster/25/06623/ADFULL — 34 North Row London W1K 6DH
2026-10-01 13:31:28 INFO LEAD new: [Permitted] Westminster/25/06616/LBC — 1 Montagu Square London W1H 2LA
2026-10-01 13:31:28 INFO LEAD new: [Permitted] Westminster/25/06604/LBC — 19A Orsett Terrace London W2 6AJ
2026-10-01 13:31:28 INFO LEAD new: [Permitted] Westminster/25/06603/LBC — Flat 2 68 Upper Berkeley Street London W1H 7QY
2026-10-01 13:31:28 INFO LEAD new: [Permitted] Westminster/25/06592/ADV — 32 Wardour Street London W1D 6JJ
2026-10-01 13:31:28 INFO LEAD new: [Permitted] Westminster/25/06585/ADV — 40 Carnaby Street London W1F 7DU
2026-10-01 13:31:28 INFO LEAD new: [Permitted] Westminster/25/06586/LBC — 40 Carnaby Street London W1F 7DU
2026-10-01 13:31:28 INFO LEAD new: [Permitted] Westminster/25/06569/ADLBC — 14 Lowndes Street London SW1X 9EX
2026-10-01 13:31:28 INFO LEAD new: [Permitted] Westminster/25/06563/FULL — 6 Ponsonby Terrace London SW1P 4QA
2026-10-01 13:31:28 INFO LEAD new: [Permitted] Westminster/25/06564/FULL — Flat 12 89 - 91 St George's Square London SW1V 3QW
2026-10-01 13:31:28 INFO LEAD new: [Permitted] Westminster/25/06565/LBC — Flat 12 89 - 91 St George's Square London SW1V 3QW
2026-10-01 13:31:28 INFO LEAD new: [Permitted] Westminster/25/06595/LBC — Basement And Ground Floor Maisonette 21 Eaton Place London S
2026-10-01 13:31:28 INFO LEAD new: [Permitted] Westminster/25/06593/ADFULL — Development Site Bound By Brook Street, Davies Street And So
2026-10-01 13:31:28 INFO LEAD new: [Permitted] Westminster/25/06578/ADFULL — 3 Eccleston Street London SW1W 9LZ
2026-10-01 13:31:28 INFO LEAD new: [Permitted] Westminster/25/06587/LBC — 34 Grosvenor Gardens London SW1W 0DH
2026-10-01 13:31:28 INFO LEAD new: [Permitted] Westminster/25/06558/FULL — 1 Dorset Square London NW1 6PU
2026-10-01 13:31:28 INFO LEAD new: [Permitted] Westminster/25/06559/LBC — 1 Dorset Square London NW1 6PU
2026-10-01 13:31:28 INFO LEAD new: [Permitted] Westminster/25/06591/FULL — 32 Wardour Street London W1D 6JJ
2026-10-01 13:31:28 INFO LEAD new: [Permitted] Westminster/25/06575/ADLBC — Pegasus House 37 - 43 Sackville Street London W1S 3EH
2026-10-01 13:31:28 INFO LEAD new: [Permitted] Westminster/25/06576/FULL — 1 Leicester Place London WC2H 7BP
2026-10-01 13:31:28 INFO LEAD new: [Permitted] Westminster/25/06589/FULL — Unit 5 Colonnade Walk 151 Buckingham Palace Road London SW1W
2026-10-01 13:31:28 INFO LEAD new: [Permitted] Westminster/25/06560/FULL — 170 Westbourne Park Road London W11 1BT
2026-10-01 13:31:28 INFO LEAD new: [Permitted] Westminster/25/06570/FULL — Royal Opera House Covent Garden London WC2E 9DD
2026-10-01 13:31:28 INFO LEAD new: [Permitted] Westminster/25/06571/LBC — Royal Opera House Covent Garden London WC2E 9DD
2026-10-01 13:31:28 INFO LEAD new: [Permitted] Westminster/25/06580/AADV — John Lewis 278 - 306 Oxford Street London W1C 1DX
2026-10-01 13:31:29 INFO LEAD new: [Permitted] Westminster/25/06581/LBC — Sanctuary Buildings 20 Great Smith Street London SW1P 3BT
2026-10-01 13:31:29 INFO LEAD new: [Permitted] Westminster/25/06597/ADV — 54 St James's Street London SW1A 1JT
2026-10-01 13:31:29 INFO LEAD new: [Permitted] Westminster/25/06599/ADV — 98 Shaftesbury Avenue London W1D 5EB
2026-10-01 13:31:29 INFO LEAD new: [Permitted] Westminster/25/06579/ADV — John Lewis 278 - 306 Oxford Street London W1C 1DX
2026-10-01 13:31:29 INFO LEAD new: [Permitted] Westminster/25/06561/FULL — 14 Cunningham Place London NW8 8JT
2026-10-01 13:31:29 INFO LEAD new: [Permitted] Westminster/25/06590/ADFULL — First Floor Flat 39 Charlwood Street London SW1V 2DU
2026-10-01 13:31:29 INFO LEAD new: [Permitted] Westminster/25/06572/ADV — Royal Opera House Covent Garden London WC2E 9DD
2026-10-01 13:31:29 INFO LEAD new: [Permitted] Westminster/25/06598/FULL — 103 Warwick Way London SW1V 1QL
2026-10-01 13:31:29 INFO LEAD new: [Permitted] Westminster/25/06583/LBC — 30 Old Queen Street London SW1H 9HP
2026-10-01 13:31:29 INFO LEAD new: [Permitted] Westminster/25/06582/FULL — 30 Old Queen Street London SW1H 9HP
2026-10-01 13:31:29 INFO LEAD new: [Permitted] Westminster/25/06536/FULL — 95 Clifton Hill London NW8 0JN
2026-10-01 13:31:29 INFO LEAD new: [Permitted] Westminster/25/06549/ADLBC — The Ritz Hotel 150 - 156 Piccadilly London W1J 9BR
2026-10-01 13:31:29 INFO LEAD new: [Permitted] Westminster/25/06533/ADFULL — 47 Palace Court London W2 4LS
2026-10-01 13:31:29 INFO LEAD new: [Permitted] Westminster/25/06543/ADV — 37 - 38 Coventry Street London W1D 6BY
2026-10-01 13:31:29 INFO LEAD new: [Permitted] Westminster/25/06529/FULL — 40 Grosvenor Place London SW1X 7HJ
2026-10-01 13:31:29 INFO LEAD new: [Permitted] Westminster/25/06524/ADFULL — 87A St John's Wood Terrace London NW8 6PY
2026-10-01 13:31:29 INFO LEAD new: [Permitted] Westminster/25/06552/FULL — 56 - 60 Weymouth Street London W1G 6NX
2026-10-01 13:31:29 INFO LEAD new: [Permitted] Westminster/25/06537/LBC — 38 Hill Street London W1J 5JZ
2026-10-01 13:31:29 INFO LEAD new: [Permitted] Westminster/25/06554/LBC — Flat 4 Second Floor 66 Gloucester Place London W1U 8HW
2026-10-01 13:31:29 INFO LEAD new: [Permitted] Westminster/25/06530/LBC — 13 Berkeley Street London W1J 8DU
2026-10-01 13:31:29 INFO LEAD new: [Permitted] Westminster/25/06540/ADFULL — 28 - 32 Shelton Street London WC2H 9JE
2026-10-01 13:31:29 INFO LEAD new: [Permitted] Westminster/25/06538/FULL — 49 Gloucester Place London W1U 8JE
2026-10-01 13:31:29 INFO LEAD new: [Permitted] Westminster/25/06539/ADFULL — 28 - 32 Shelton Street London WC2H 9JE
2026-10-01 13:31:29 INFO LEAD new: [Permitted] Westminster/25/06541/ADFULL — 28 - 32 Shelton Street London WC2H 9JE
2026-10-01 13:31:29 INFO LEAD new: [Permitted] Westminster/25/06542/ADFULL — 28 - 32 Shelton Street London WC2H 9JE
2026-10-01 13:31:29 INFO LEAD new: [Permitted] Westminster/25/06532/ADLBC — Pegasus House 37 - 43 Sackville Street London W1S 3EH
2026-10-01 13:31:29 INFO LEAD new: [Permitted] Westminster/25/06534/ADFULL — Tang House 3 Gerrard Street London W1D 5PD
2026-10-01 13:31:29 INFO LEAD new: [Permitted] Westminster/25/06525/LBC — Canada House 5 Trafalgar Square London SW1Y 5BJ
2026-10-01 13:31:29 INFO LEAD new: [Permitted] Westminster/25/06546/LBC — 3 Newburgh Street London W1F 7RE
2026-10-01 13:31:29 INFO LEAD new: [Permitted] Westminster/25/06547/FULL — 30 - 31 Great Marlborough Street London W1F 7JA
2026-10-01 13:31:29 INFO LEAD new: [Permitted] Westminster/25/06548/ADV — 21 - 23 Shaftesbury Avenue London W1D 7EF
2026-10-01 13:31:29 INFO LEAD new: [Permitted] Westminster/25/06544/COADV — 215 - 217 Edgware Road London W2 1ES
2026-10-01 13:31:29 INFO LEAD new: [Permitted] Westminster/25/06555/ADLBC — 18 Molyneux Street London W1H 5HN
2026-10-01 13:31:29 INFO LEAD new: [Permitted] Westminster/25/07009/TELNOT — 105A Crawford Street London W1H 2HU
2026-10-01 13:31:29 INFO LEAD new: [Permitted] Westminster/25/06507/ADFULL — 42 Acacia Road NW8 6AP
2026-10-01 13:31:29 INFO LEAD new: [Permitted] Westminster/25/06488/ADFULL — 25 - 27 St George Street London W1S 1FS
2026-10-01 13:31:29 INFO LEAD new: [Permitted] Westminster/25/06498/FULL — 150 Bayswater Road London W2 4RT
2026-10-01 13:31:29 INFO LEAD new: [Permitted] Westminster/25/06508/FULL — Rutland Lodge Rutland Gardens London SW7 1BW
2026-10-01 13:31:29 INFO LEAD new: [Permitted] Westminster/25/06502/LBC — 47 Weymouth Street London W1G 8NE
2026-10-01 13:31:29 INFO LEAD new: [Permitted] Westminster/25/06493/FULL — Pollen House 10 - 12 Cork Street London W1S 3NP
2026-10-01 13:31:29 INFO LEAD new: [Permitted] Westminster/25/06486/FULL — Windsor House 40 - 41 Great Castle Street London W1W 8LU
2026-10-01 13:31:29 INFO LEAD new: [Permitted] Westminster/25/06522/FULL — Church House Conference Centre Dean's Yard London SW1P 3NZ
2026-10-01 13:31:29 INFO LEAD new: [Permitted] Westminster/25/06523/LBC — Church House Conference Centre Dean's Yard London SW1P 3NZ
2026-10-01 13:31:29 INFO LEAD new: [Permitted] Westminster/25/06509/ADLBC — 10 South Molton Street London W1K 5QJ
2026-10-01 13:31:29 INFO LEAD new: [Permitted] Westminster/25/06495/ADFULL — Development Site Bound By Brook Street, Davies Street And So
2026-10-01 13:31:29 INFO LEAD new: [Permitted] Westminster/25/06496/ADLBC — Second Floor 58 Westbourne Terrace London W2 3UJ
2026-10-01 13:31:29 INFO LEAD new: [Permitted] Westminster/25/06511/ADV — St Johns Wood Barracks Ordnance Hill London NW8 6PT
2026-10-01 13:31:29 INFO LEAD new: [Permitted] Westminster/25/06514/ADFULL — Carnaby Street London W1F 9PB
2026-10-01 13:31:29 INFO LEAD new: [Permitted] Westminster/25/06515/FULL — Flat N 29 Warwick Square London SW1V 2AD
2026-10-01 13:31:29 INFO LEAD new: [Permitted] Westminster/25/06516/LBC — Flat N 29 Warwick Square London SW1V 2AD
2026-10-01 13:31:29 INFO LEAD new: [Permitted] Westminster/25/06637/ADLBC — 42 Acacia Road NW8 6AP
2026-10-01 13:31:29 INFO LEAD new: [Permitted] Westminster/25/06505/FULL — Flat 3 7 Green Street London W1K 6RE
2026-10-01 13:31:29 INFO LEAD new: [Permitted] Westminster/25/06494/ADFULL — Development Site Bound By Brook Street, Davies Street And So
2026-10-01 13:31:29 INFO LEAD new: [Permitted] Westminster/25/06487/FULL — 26 Eastcastle Street London W1W 8DF
2026-10-01 13:31:29 INFO LEAD new: [Permitted] Westminster/25/06489/FULL — 9 Kean Street London WC2B 4AY
2026-10-01 13:31:29 INFO LEAD new: [Permitted] Westminster/25/06506/NMA — 10 Nottingham Place London W1U 5ND
2026-10-01 13:31:29 INFO LEAD new: [Permitted] Westminster/25/06510/LBC — Royal Mews Buckingham Palace Road London SW1W 0QH
2026-10-01 13:31:29 INFO LEAD new: [Permitted] Westminster/25/06517/ADLBC — 24 South Molton Street London W1K 5RE
2026-10-01 13:31:29 INFO LEAD new: [Permitted] Westminster/25/06492/ADFULL — 5 Lombardy Place London W2 4AU
2026-10-01 13:31:36 INFO [westminster/Permitted] page at offset 2800: 100 records
2026-10-01 13:31:36 INFO LEAD new: [Permitted] Westminster/25/06521/COLBC — Essendine Primary School Essendine Road London W9 2LR
2026-10-01 13:31:36 INFO LEAD new: [Permitted] Westminster/25/06482/LBC — The Reform Club 104 - 105 Pall Mall London SW1Y 5EW
2026-10-01 13:31:36 INFO LEAD new: [Permitted] Westminster/25/06461/FULL — 12 - 14 Cleveland Square London W2 6DH
2026-10-01 13:31:36 INFO LEAD new: [Permitted] Westminster/25/07331/ADV — 83 - 85 Regent Street London W1B 4EN
2026-10-01 13:31:36 INFO LEAD new: [Permitted] Westminster/25/06465/FULL — 37 Brendon Street London W1H 5JE
2026-10-01 13:31:36 INFO LEAD new: [Permitted] Westminster/25/06481/FULL — The Reform Club 104 - 105 Pall Mall London SW1Y 5EW
2026-10-01 13:31:36 INFO LEAD new: [Permitted] Westminster/25/06476/ADV — 188 - 196 Regent Street London W1B 5BT
2026-10-01 13:31:36 INFO LEAD new: [Permitted] Westminster/25/06477/LBC — Nursemaid's Tunnel Marylebone Road London
2026-10-01 13:31:36 INFO LEAD new: [Permitted] Westminster/25/06622/ADLBC — York House St James's Palace Cleveland Row London SW1A 1BQ
2026-10-01 13:31:36 INFO LEAD new: [Permitted] Westminster/25/06469/FULL — First Floor 15 Harley Street London W1G 9QQ
2026-10-01 13:31:36 INFO LEAD new: [Permitted] Westminster/25/06470/LBC — First Floor 15 Harley Street London W1G 9QQ
2026-10-01 13:31:36 INFO LEAD new: [Permitted] Westminster/25/06472/ADLBC — 41 Devonshire Place London W1G 6JY
2026-10-01 13:31:36 INFO LEAD new: [Permitted] Westminster/25/06473/LBC — Coach And Horses 5 Hill Street London W1J 5LD
2026-10-01 13:31:36 INFO LEAD new: [Permitted] Westminster/25/06454/ADFULL — 2 Clifton Hill London NW8 0QG
2026-10-01 13:31:36 INFO LEAD new: [Permitted] Westminster/25/06456/ADV — 80 Long Acre London WC2E 9NG
2026-10-01 13:31:36 INFO LEAD new: [Permitted] Westminster/25/06480/LBC — 1 West Halkin Street London SW1X 8JJ
2026-10-01 13:31:36 INFO LEAD new: [Permitted] Westminster/25/06457/ADV — 301 - 307 Oxford Street London W1C 2HW
2026-10-01 13:31:36 INFO LEAD new: [Permitted] Westminster/25/06526/OBS — Kelvin House 123 Judd Street Camden London WC1H 9NP
2026-10-01 13:31:36 INFO LEAD new: [Permitted] Westminster/25/06455/ADFULL — Orwell House 16 - 18 Berners Street London W1T 3LN
2026-10-01 13:31:36 INFO LEAD new: [Permitted] Westminster/25/06452/FULL — Ground Floor Flat 10 Denholme Road London W9 3HX
2026-10-01 13:31:36 INFO LEAD new: [Permitted] Westminster/25/06459/FULL — 58 Southwold Mansions Widley Road London W9 2LF
2026-10-01 13:31:36 INFO LEAD new: [Permitted] Westminster/25/06425/FULL — 1 Silver Place London W1F 0JW
2026-10-01 13:31:36 INFO LEAD new: [Permitted] Westminster/25/06435/LBC — 83 - 85 Regent Street London W1B 4EN
2026-10-01 13:31:36 INFO LEAD new: [Permitted] Westminster/25/06433/LBC — 52 Westbourne Terrace London W2 3UJ
2026-10-01 13:31:36 INFO LEAD new: [Permitted] Westminster/25/06443/FULL — 56 Lapworth Court Chichester Road London W2 6NN
2026-10-01 13:31:36 INFO LEAD new: [Permitted] Westminster/25/06449/FULL — 30 Charing Cross Road London WC2H 0DE
2026-10-01 13:31:36 INFO LEAD new: [Permitted] Westminster/25/06439/FULL — 28 - 32 Shelton Street London WC2H 9JE
2026-10-01 13:31:36 INFO LEAD new: [Permitted] Westminster/25/06421/FULL — 96 Marne Street London W10 4JG
2026-10-01 13:31:36 INFO LEAD new: [Permitted] Westminster/25/06434/LBC — Flat 3 112 Belgrave Road London SW1V 2BL
2026-10-01 13:31:36 INFO LEAD new: [Permitted] Westminster/25/06437/FULL — 17 Welbeck Street London W1G 9XJ
2026-10-01 13:31:36 INFO LEAD new: [Permitted] Westminster/25/06438/LBC — 17 Welbeck Street London W1G 9XJ
2026-10-01 13:31:36 INFO LEAD new: [Permitted] Westminster/25/06428/ADFULL — Development Site Bound By Brook Street, Davies Street And So
2026-10-01 13:31:36 INFO LEAD new: [Permitted] Westminster/25/06463/OBS — The Queen's Walk London London Borough Of Lambeth
2026-10-01 13:31:36 INFO LEAD new: [Permitted] Westminster/25/06430/ADV — Ground Floor 52 - 53 Margaret Street London W1W 8SQ
2026-10-01 13:31:36 INFO LEAD new: [Permitted] Westminster/25/06424/ADFULL — 18 Clifton Hill London NW8 0QG
2026-10-01 13:31:36 INFO LEAD new: [Permitted] Westminster/25/06426/ADFULL — 2 Harewood Place London W1S 1BX
2026-10-01 13:31:36 INFO LEAD new: [Permitted] Westminster/25/06427/ADFULL — Development Site Bound By Brook Street, Davies Street And So
2026-10-01 13:31:36 INFO LEAD new: [Permitted] Westminster/25/06442/ADV — 109 New Bond Street London W1S 1EG
2026-10-01 13:31:36 INFO LEAD new: [Permitted] Westminster/25/06422/ADFULL — 20 Newcourt Street London NW8 7AA
2026-10-01 13:31:36 INFO LEAD new: [Permitted] Westminster/25/06431/ADLBC — Admiralty Buildings Whitehall London SW1A 2PA
2026-10-01 13:31:36 INFO LEAD new: [Permitted] Westminster/25/06429/ADFULL — Development Site Bound By Brook Street, Davies Street And So
2026-10-01 13:31:36 INFO LEAD new: [Permitted] Westminster/25/06446/FULL — St Marys Mansions St Mary's Terrace London W2 1SQ
2026-10-01 13:31:36 INFO LEAD new: [Permitted] Westminster/25/06447/ADLBC — 24 South Molton Street London W1K 5RE
2026-10-01 13:31:36 INFO LEAD new: [Permitted] Westminster/25/06450/ADFULL — 42 Boscobel Place London SW1W 9PE
2026-10-01 13:31:36 INFO LEAD new: [Permitted] Westminster/25/06436/FULL — Flat 3 38 Claverton Street London SW1V 3AU
2026-10-01 13:31:36 INFO LEAD new: [Permitted] Westminster/25/06384/ADV — Basement And Ground Floor 34 Westbourne Grove London W2 5SH
2026-10-01 13:31:37 INFO LEAD new: [Permitted] Westminster/25/06410/FULL — 321 - 323 Oxford Street London W1C 2HX
2026-10-01 13:31:37 INFO LEAD new: [Permitted] Westminster/25/06416/FULL — 4A Abercorn Place NW8 9XR
2026-10-01 13:31:37 INFO LEAD new: [Permitted] Westminster/25/06350/ADFULL — 14 - 16 Cockspur Street London SW1Y 5BL
2026-10-01 13:31:37 INFO LEAD new: [Permitted] Westminster/25/06354/FULL — 101 Eaton Terrace London SW1W 8TW
2026-10-01 13:31:37 INFO LEAD new: [Permitted] Westminster/25/06381/NMA — Queens Park Court Ilbert Street London W10 4QA
2026-10-01 13:31:37 INFO LEAD new: [Permitted] Westminster/25/06417/FULL — 2 Orme Court London W2 4RL
2026-10-01 13:31:37 INFO LEAD new: [Permitted] Westminster/25/06500/ADLBC — 14 - 16 Cockspur Street London SW1Y 5BL
2026-10-01 13:31:37 INFO LEAD new: [Permitted] Westminster/25/06408/FULL — 8 Elm Tree Road London NW8 9JX
2026-10-01 13:31:37 INFO LEAD new: [Permitted] Westminster/25/06355/LBC — 101 Eaton Terrace London SW1W 8TW
2026-10-01 13:31:37 INFO LEAD new: [Permitted] Westminster/25/06366/ADFULL — John Lewis 278 - 306 Oxford Street London W1C 1DX
2026-10-01 13:31:37 INFO LEAD new: [Permitted] Westminster/25/06390/ADLBC — Flat 1 Basement And Ground Floor 98 Ebury Street London SW1W
2026-10-01 13:31:37 INFO LEAD new: [Permitted] Westminster/25/06394/ADV — 90 - 100 Edgware Road London W2 2EA
2026-10-01 13:31:37 INFO LEAD new: [Permitted] Westminster/25/06400/LBC — 58 Davies Street London W1K 5LP
2026-10-01 13:31:37 INFO LEAD new: [Permitted] Westminster/25/06366/AADV — John Lewis 278 - 306 Oxford Street London W1C 1DX
2026-10-01 13:31:37 INFO LEAD new: [Permitted] Westminster/25/06367/FULL — Hatherley Court Hatherley Grove London W2 5RD
2026-10-01 13:31:37 INFO LEAD new: [Permitted] Westminster/25/06393/FULL — 4 Celbridge Mews London W2 6EU
2026-10-01 13:31:37 INFO LEAD new: [Permitted] Westminster/25/06361/FULL — 90 Gloucester Place London W1U 6HS
2026-10-01 13:31:37 INFO LEAD new: [Permitted] Westminster/25/06362/LBC — 90 Gloucester Place London W1U 6HS
2026-10-01 13:31:37 INFO LEAD new: [Permitted] Westminster/25/06375/COLBC — 35 Craven Road London W2 3BX
2026-10-01 13:31:37 INFO LEAD new: [Permitted] Westminster/25/06353/ADFULL — 7 Bloomfield Terrace London SW1W 8PG
2026-10-01 13:31:37 INFO LEAD new: [Permitted] Westminster/25/06379/COADV — 35 Craven Road London W2 3BX
2026-10-01 13:31:37 INFO LEAD new: [Permitted] Westminster/25/06365/ADV — 20 Broadwick Street London W1F 8HT
2026-10-01 13:31:37 INFO LEAD new: [Permitted] Westminster/25/06404/FULL — 88 Cambridge Street London SW1V 4QG
2026-10-01 13:31:37 INFO LEAD new: [Permitted] Westminster/25/06370/FULL — Basement And Ground Floor 409 Oxford Street London W1C 2PD
2026-10-01 13:31:37 INFO LEAD new: [Permitted] Westminster/25/06371/ADV — Basement And Ground Floor 409 Oxford Street London W1C 2PD
2026-10-01 13:31:37 INFO LEAD new: [Permitted] Westminster/25/06374/COFUL — 35 Craven Road London W2 3BX
2026-10-01 13:31:37 INFO LEAD new: [Permitted] Westminster/25/06391/FULL — 120 Harley Street London W1G 7JW
2026-10-01 13:31:37 INFO LEAD new: [Permitted] Westminster/25/06392/LBC — 120 Harley Street London W1G 7JW
2026-10-01 13:31:37 INFO LEAD new: [Permitted] Westminster/25/06395/FULL — 32 - 34 Woodfield Road London W9 2BE
2026-10-01 13:31:37 INFO LEAD new: [Permitted] Westminster/25/06382/COFUL — 22 Spring Street London W2 1JA
2026-10-01 13:31:37 INFO LEAD new: [Permitted] Westminster/25/06383/COADV — 22 Spring Street London W2 1JA
2026-10-01 13:31:37 INFO LEAD new: [Permitted] Westminster/25/06401/LBC — 40 - 46 Brook Street West End London W1K 5DB
2026-10-01 13:31:37 INFO LEAD new: [Permitted] Westminster/25/06368/FULL — 9 Clifford Street London W1S 2FT
2026-10-01 13:31:37 INFO LEAD new: [Permitted] Westminster/25/06369/LBC — 9 Clifford Street London W1S 2FT
2026-10-01 13:31:37 INFO LEAD new: [Permitted] Westminster/25/06399/COADV — 9 Edgware Road London W2 2ER
2026-10-01 13:31:37 INFO LEAD new: [Permitted] Westminster/25/06387/FULL — 32 Belgrave Square London SW1X 8QB
2026-10-01 13:31:37 INFO LEAD new: [Permitted] Westminster/25/06388/LBC — 32 Belgrave Square London SW1X 8QB
2026-10-01 13:31:37 INFO LEAD new: [Permitted] Westminster/25/06402/FULL — 3 Kent Terrace London NW1 4RP
2026-10-01 13:31:37 INFO LEAD new: [Permitted] Westminster/25/06403/LBC — 3 Kent Terrace London NW1 4RP
2026-10-01 13:31:43 INFO [westminster/Permitted] page at offset 2900: 100 records
2026-10-01 13:31:43 INFO LEAD new: [Permitted] Westminster/25/06380/LBC — House Of Commons Palace Of Westminster Parliament Square Lon
2026-10-01 13:31:43 INFO LEAD new: [Permitted] Westminster/25/06385/FULL — Basement And Ground Floor 16 Warwick Way London SW1V 1RX
2026-10-01 13:31:43 INFO LEAD new: [Permitted] Westminster/25/06332/FULL — 40 Cambridge Street London SW1V 4QH
2026-10-01 13:31:43 INFO LEAD new: [Permitted] Westminster/25/06334/FULL — 2 Manchester Square London W1U 3PA
2026-10-01 13:31:43 INFO LEAD new: [Permitted] Westminster/25/06335/LBC — 2 Manchester Square London W1U 3PA
2026-10-01 13:31:43 INFO LEAD new: [Permitted] Westminster/25/06348/FULL — 165 Edgware Road London W2 2HR
2026-10-01 13:31:43 INFO LEAD new: [Permitted] Westminster/25/06349/ADV — 165 Edgware Road London W2 2HR
2026-10-01 13:31:44 INFO LEAD new: [Permitted] Westminster/25/06326/FULL — Ground Floor Station Approach 7A Marylebone Road London NW1 
2026-10-01 13:31:44 INFO LEAD new: [Permitted] Westminster/25/06346/ADFULL — 139 Hamilton Terrace London NW8 9QS
2026-10-01 13:31:44 INFO LEAD new: [Permitted] Westminster/25/06344/FULL — 24 Hamilton Terrace London NW8 9UG
2026-10-01 13:31:44 INFO LEAD new: [Permitted] Westminster/25/06345/LBC — 24 Hamilton Terrace London NW8 9UG
2026-10-01 13:31:44 INFO LEAD new: [Permitted] Westminster/25/06343/COFUL — 37B Barnsdale Road London W9 3LL
2026-10-01 13:31:44 INFO LEAD new: [Permitted] Westminster/25/06336/ADV — Kingly Street London
2026-10-01 13:31:44 INFO LEAD new: [Permitted] Westminster/25/06318/FULL — 2 Caroline Close London W2 4RW
2026-10-01 13:31:44 INFO LEAD new: [Permitted] Westminster/25/06327/LBC — 4 James Street Covent Garden London WC2E 8BH
2026-10-01 13:31:44 INFO LEAD new: [Permitted] Westminster/25/06322/FULL — 100 Piccadilly London W1J 7NH
2026-10-01 13:31:44 INFO LEAD new: [Permitted] Westminster/25/06320/ADFULL — 20 Wimpole Street London W1G 8GF
2026-10-01 13:31:44 INFO LEAD new: [Permitted] Westminster/25/06333/LBC — 51 Warwick Avenue London W9 2PR
2026-10-01 13:31:44 INFO LEAD new: [Permitted] Westminster/25/06337/ADFULL — 34 Lexington Street London
2026-10-01 13:31:44 INFO LEAD new: [Permitted] Westminster/25/06331/NMA — 47 Weymouth Street London W1G 8NE
2026-10-01 13:31:44 INFO LEAD new: [Permitted] Westminster/25/06329/ADFULL — 47 Weymouth Street London W1G 8NE
2026-10-01 13:31:44 INFO LEAD new: [Permitted] Westminster/25/06340/ADFULL — Development Site At 19 To 24 Dering Street London W1S 1BL
2026-10-01 13:31:44 INFO LEAD new: [Permitted] Westminster/25/06347/LBC — 8 Air Street W1B 5AB
2026-10-01 13:31:44 INFO LEAD new: [Permitted] Westminster/25/06324/ADLBC — 47 Weymouth Street London W1G 8NE
2026-10-01 13:31:44 INFO LEAD new: [Permitted] Westminster/25/06341/FULL — 29 Cambridge Street London SW1V 4PR
2026-10-01 13:31:44 INFO LEAD new: [Permitted] Westminster/25/06342/LBC — 29 Cambridge Street London SW1V 4PR
2026-10-01 13:31:44 INFO LEAD new: [Permitted] Westminster/25/06330/ADFULL — Development Site Bound By Brook Street, Davies Street And So
2026-10-01 13:31:44 INFO LEAD new: [Permitted] Westminster/25/06317/LBC — 3A The Market Covent Garden London WC2E 8RA
2026-10-01 13:31:44 INFO LEAD new: [Permitted] Westminster/25/06373/OBS — Kensal Green Cemetery Harrow Road Kensington And Chelsea Lon
2026-10-01 13:31:44 INFO LEAD new: [Permitted] Westminster/25/06312/FULL — 61 - 63 Sutherland Street London SW1V 4JY
2026-10-01 13:31:44 INFO LEAD new: [Permitted] Westminster/25/06283/FULL — 113 Eaton Square London SW1W 9AA
2026-10-01 13:31:44 INFO LEAD new: [Permitted] Westminster/25/06284/LBC — 113 Eaton Square London SW1W 9AA
2026-10-01 13:31:44 INFO LEAD new: [Permitted] Westminster/25/06285/ADFULL — Ground Floor Lords Cricket Ground St John's Wood Road London
2026-10-01 13:31:44 INFO LEAD new: [Permitted] Westminster/25/06270/FULL — 1A Alexander Mews W2 5NX
2026-10-01 13:31:44 INFO LEAD new: [Permitted] Westminster/25/06304/FULL — 20 Conduit Street London W1S 2XW
2026-10-01 13:31:44 INFO LEAD new: [Permitted] Westminster/25/06305/LBC — 20 Conduit Street London W1S 2XW
2026-10-01 13:31:44 INFO LEAD new: [Permitted] Westminster/25/06279/FULL — 33 Wigmore Street London W1U 1QX
2026-10-01 13:31:44 INFO LEAD new: [Permitted] Westminster/25/06300/ADV — Basement And Ground Floor 409 Oxford Street London W1C 2PD
2026-10-01 13:31:44 INFO LEAD new: [Permitted] Westminster/25/06301/ADV — Westminster College The Pulteney School Peter Street London 
2026-10-01 13:31:44 INFO LEAD new: [Permitted] Westminster/25/06271/FULL — 110 Lothrop Street London W10 4JA
2026-10-01 13:31:44 INFO LEAD new: [Permitted] Westminster/25/06292/ADFULL — Franklin House 151 Strand London WC2R 1HL
2026-10-01 13:31:44 INFO LEAD new: [Permitted] Westminster/25/06293/ADLBC — 15 South Molton Street London W1K 5QR
2026-10-01 13:31:44 INFO LEAD new: [Permitted] Westminster/25/06294/ADLBC — 10 South Molton Street London W1K 5QJ
2026-10-01 13:31:44 INFO LEAD new: [Permitted] Westminster/25/06295/ADLBC — 24 South Molton Street London W1K 5RE
2026-10-01 13:31:44 INFO LEAD new: [Permitted] Westminster/25/06278/ADFULL — 6 Wilton Place London SW1X 8RH
2026-10-01 13:31:44 INFO LEAD new: [Permitted] Westminster/25/06276/AD7 — Hahnemann House 32 Welbeck Street London W1G 8EU
2026-10-01 13:31:44 INFO LEAD new: [Permitted] Westminster/25/06302/ADFULL — 25 - 31 Wellington Street London WC2E 7DD
2026-10-01 13:31:44 INFO LEAD new: [Permitted] Westminster/25/06280/LBC — 33 Wigmore Street London W1U 1QX
2026-10-01 13:31:44 INFO LEAD new: [Permitted] Westminster/25/06273/ADFULL — 35 - 37 Lincoln's Inn Fields London WC2A 3PE
2026-10-01 13:31:44 INFO LEAD new: [Permitted] Westminster/25/06291/NMA — The Old Dairy Flats Chapel Side London W2 4LG
2026-10-01 13:31:44 INFO LEAD new: [Permitted] Westminster/25/06423/ADLBC — 25 - 31 Wellington Street London WC2E 7DD
2026-10-01 13:31:44 INFO LEAD new: [Permitted] Westminster/25/06288/AD7 — 19 - 21 Great Portland Street London W1W 8QB
2026-10-01 13:31:44 INFO LEAD new: [Permitted] Westminster/25/06261/LBC — 25 - 26 Motcomb Street London SW1X 8JU
2026-10-01 13:31:44 INFO LEAD new: [Permitted] Westminster/25/06889/TELNOT — 27 Upper Brook Street London W1K 7QF
2026-10-01 13:31:44 INFO LEAD new: [Permitted] Westminster/25/06847/TELNOT — Piccadilly Circus Station Piccadilly London W1J 9HS
2026-10-01 13:31:44 INFO LEAD new: [Permitted] Westminster/25/06238/FULL — 31 Coventry Street London W1D 6AS
2026-10-01 13:31:44 INFO LEAD new: [Permitted] Westminster/25/06282/OBS — 14 - 21 Holborn Viaduct City Of London London EC1A 2AT
2026-10-01 13:31:44 INFO LEAD new: [Permitted] Westminster/25/06239/COLBC — Repton House Charlwood Street London SW1V 2LD
2026-10-01 13:31:44 INFO LEAD new: [Permitted] Westminster/25/06268/LBC — Baker Street Station Marylebone Road London NW1 5LA
2026-10-01 13:31:44 INFO LEAD new: [Permitted] Westminster/25/06244/LBC — Buckingham Palace The Mall London SW1A 1AA
2026-10-01 13:31:44 INFO LEAD new: [Permitted] Westminster/25/06264/LBC — 57 Connaught Street London W2 2BB
2026-10-01 13:31:44 INFO LEAD new: [Permitted] Westminster/25/06267/LBC — Basement Rear And Ground Floor Part And Mezzanine Part 11 Wa
2026-10-01 13:31:44 INFO LEAD new: [Permitted] Westminster/25/06262/LBC — 3 Queen's Gardens London W2 3BA
2026-10-01 13:31:44 INFO LEAD new: [Permitted] Westminster/25/06263/ADFULL — Flat 8 64 Rutland Gate London SW7 1PJ
2026-10-01 13:31:44 INFO LEAD new: [Permitted] Westminster/25/06240/FULL — The Langham 1C Portland Place London W1B 1JA
2026-10-01 13:31:44 INFO LEAD new: [Permitted] Westminster/25/06277/OBS — London College Of Communications Site (West Site) Elephant A
2026-10-01 13:31:44 INFO LEAD new: [Permitted] Westminster/25/06246/FULL — 16D Abercorn Place NW8 9XP
2026-10-01 13:31:44 INFO LEAD new: [Permitted] Westminster/25/06248/ADV — Duke Of York 47 Rathbone Street London W1T 1NW
2026-10-01 13:31:44 INFO LEAD new: [Permitted] Westminster/25/06269/CLOPUD — 10 Hatherley Street London SW1P 2QT
2026-10-01 13:31:44 INFO LEAD new: [Permitted] Westminster/25/06378/ADLBC — Flat 8 64 Rutland Gate London SW7 1PJ
2026-10-01 13:31:44 INFO LEAD new: [Permitted] Westminster/25/06258/MOD106 — Development Site Bound By Brook Street, Davies Street And So
2026-10-01 13:31:44 INFO LEAD new: [Permitted] Westminster/25/06265/FULL — St Johns Wood Barracks Ordnance Hill London NW8 6PT
2026-10-01 13:31:44 INFO LEAD new: [Permitted] Westminster/25/06257/FULL — St Josephs RC Primary School Lanark Road London W9 1DF
2026-10-01 13:31:44 INFO LEAD new: [Permitted] Westminster/25/06234/FULL — Flat 27 Prince Edward Mansions Moscow Road London W2 4WA
2026-10-01 13:31:44 INFO LEAD new: [Permitted] Westminster/25/06235/FULL — 5 Ennismore Gardens Mews London SW7 1HX
2026-10-01 13:31:44 INFO LEAD new: [Permitted] Westminster/25/06888/TELNOT — 110 Harley Street London W1G 7JG
2026-10-01 13:31:44 INFO LEAD new: [Permitted] Westminster/25/06232/LBC — 1 Frith Street London W1D 3HZ
2026-10-01 13:31:44 INFO LEAD new: [Permitted] Westminster/25/06227/FULL — Methodist Church House 25 Marylebone Road London NW1 5JR
2026-10-01 13:31:44 INFO LEAD new: [Permitted] Westminster/25/06237/ADFULL — 27A Carlton Hill London NW8 0JX
2026-10-01 13:31:45 INFO LEAD new: [Permitted] Westminster/25/06230/ADFULL — 26 Grosvenor Street London W1K 4QJ
2026-10-01 13:31:45 INFO LEAD new: [Permitted] Westminster/25/06212/FULL — Marylebone Station Melcombe Place London NW1 6JJ
2026-10-01 13:31:45 INFO LEAD new: [Permitted] Westminster/25/06222/ADV — 22 Hill Street London W1J 5NJ
2026-10-01 13:31:45 INFO LEAD new: [Permitted] Westminster/25/06223/ADFULL — Development Site At Former Berger House 36 To 38 Berkeley Sq
2026-10-01 13:31:51 INFO [westminster/Permitted] page at offset 3000: 100 records
2026-10-01 13:31:51 INFO LEAD new: [Permitted] Westminster/25/06226/FULL — 42 - 44 Beak Street London W1F 9RH
2026-10-01 13:31:51 INFO LEAD new: [Permitted] Westminster/25/06233/FULL — 6 - 8 Mill Street London W1S 2AZ
2026-10-01 13:31:51 INFO LEAD new: [Permitted] Westminster/25/06199/NMA — 142 Hamilton Terrace London NW8 9UX
2026-10-01 13:31:51 INFO LEAD new: [Permitted] Westminster/25/06206/LBC — 6 Carlisle Street London W1D 3BN
2026-10-01 13:31:51 INFO LEAD new: [Permitted] Westminster/25/06181/ADV — 314 - 316 Elgin Avenue London W9 1JU
2026-10-01 13:31:51 INFO LEAD new: [Permitted] Westminster/25/06184/FULL — 26 - 27 Conduit Street London W1S 2XX
2026-10-01 13:31:51 INFO LEAD new: [Permitted] Westminster/25/06186/LBC — Cavendish House 18 Cavendish Square London W1G 0PJ
2026-10-01 13:31:51 INFO LEAD new: [Permitted] Westminster/25/06187/FULL — Flat 2 66 Sutherland Avenue London W9 2QS
2026-10-01 13:31:51 INFO LEAD new: [Permitted] Westminster/25/06194/ADV — Basement And Ground Floor 39 Old Compton Street London W1D 5
2026-10-01 13:31:51 INFO LEAD new: [Permitted] Westminster/25/06419/ADLBC — 12 Chesterfield Street London W1J 5JN
2026-10-01 13:31:51 INFO LEAD new: [Permitted] Westminster/25/06201/ADFULL — 12 Chesterfield Street London W1J 5JN
2026-10-01 13:31:51 INFO LEAD new: [Permitted] Westminster/25/06204/FULL — Flat 2 19 Upper Wimpole Street London W1G 6LY
2026-10-01 13:31:51 INFO LEAD new: [Permitted] Westminster/25/06205/LBC — Flat 2 19 Upper Wimpole Street London W1G 6LY
2026-10-01 13:31:51 INFO LEAD new: [Permitted] Westminster/25/06360/ADLBC — Old War Office Whitehall London SW1A 2BX
2026-10-01 13:31:51 INFO LEAD new: [Permitted] Westminster/25/06191/ADFULL — Old War Office Whitehall London SW1A 2BX
2026-10-01 13:31:51 INFO LEAD new: [Permitted] Westminster/25/06209/ADV — 158 - 159 New Bond Street London W1S 2UB
2026-10-01 13:31:51 INFO LEAD new: [Permitted] Westminster/25/06177/CLEUD — Grand Buildings Trafalgar Square London WC2N 5EJ
2026-10-01 13:31:51 INFO LEAD new: [Permitted] Westminster/25/06182/LBC — Regent's University London Inner Circle Regents Park London 
2026-10-01 13:31:51 INFO LEAD new: [Permitted] Westminster/25/06189/NMA — Vandon House 1 Vandon Street London SW1H 0AE
2026-10-01 13:31:51 INFO LEAD new: [Permitted] Westminster/25/06193/ADFULL — 134 Oxford Street London W1D 1LU
2026-10-01 13:31:51 INFO LEAD new: [Permitted] Westminster/25/06202/FULL — 5 - 6 Picton Place London W1U 1BL
2026-10-01 13:31:51 INFO LEAD new: [Permitted] Westminster/25/06203/FULL — 1 Cavendish Square London W1G 0LA
2026-10-01 13:31:51 INFO LEAD new: [Permitted] Westminster/25/06197/ADFULL — 31 Bloomfield Terrace London SW1W 8PQ
2026-10-01 13:31:51 INFO LEAD new: [Permitted] Westminster/25/06188/ADV — Grosvenor Square Gardens Grosvenor Square London W1K 6LD
2026-10-01 13:31:51 INFO LEAD new: [Permitted] Westminster/25/06192/ADFULL — West Lodge Park Square West London NW1 4LJ
2026-10-01 13:31:51 INFO LEAD new: [Permitted] Westminster/25/06196/ADFULL — 48 Blandford Street London W1U 7HU
2026-10-01 13:31:51 INFO LEAD new: [Permitted] Westminster/25/06179/CLOPUD — 58 The Marlowes London NW8 6NA
2026-10-01 13:31:51 INFO LEAD new: [Permitted] Westminster/25/06207/ADFULL — 25 - 27 St George Street London W1S 1FS
2026-10-01 13:31:51 INFO LEAD new: [Permitted] Westminster/25/06151/FULL — The Studio 7 Hill Road London NW8 9QE
2026-10-01 13:31:51 INFO LEAD new: [Permitted] Westminster/25/06167/LBC — Chagford House Chagford Street London NW1 6EG
2026-10-01 13:31:52 INFO LEAD new: [Permitted] Westminster/25/06156/FULL — 1 Neal Street London WC2H 9PU
2026-10-01 13:31:52 INFO LEAD new: [Permitted] Westminster/25/06173/FULL — 1 Clifton Hill London NW8 0QE
2026-10-01 13:31:52 INFO LEAD new: [Permitted] Westminster/25/06165/ADFULL — Methodist Church House 25 Marylebone Road London NW1 5JR
2026-10-01 13:31:52 INFO LEAD new: [Permitted] Westminster/25/06170/ADFULL — Proposed Development Site At 51 To 58 Rathbone Place And 54-
2026-10-01 13:31:52 INFO LEAD new: [Permitted] Westminster/25/06160/FULL — 22 Portman Square London W1H 7BG
2026-10-01 13:31:52 INFO LEAD new: [Permitted] Westminster/25/06175/FULL — 282 Elgin Avenue London W9 1JR
2026-10-01 13:31:52 INFO LEAD new: [Permitted] Westminster/25/06161/ADLBC — 6 Wilton Place London SW1X 8RH
2026-10-01 13:31:52 INFO LEAD new: [Permitted] Westminster/25/06162/ADLBC — 38 Grosvenor Gardens London SW1W 0EB
2026-10-01 13:31:52 INFO LEAD new: [Permitted] Westminster/25/06150/LBC — Flat G 45 Eaton Square London SW1W 9BD
2026-10-01 13:31:52 INFO LEAD new: [Permitted] Westminster/25/06159/FULL — 29 Henstridge Place London NW8 6QD
2026-10-01 13:31:52 INFO LEAD new: [Permitted] Westminster/25/06152/ADFULL — 20 Carlton House Terrace London SW1Y 5AN
2026-10-01 13:31:52 INFO LEAD new: [Permitted] Westminster/25/06166/ADFULL — 38 Grosvenor Gardens London SW1W 0EB
2026-10-01 13:31:52 INFO LEAD new: [Permitted] Westminster/25/06169/LBC — 19 Abbey Gardens London NW8 9AS
2026-10-01 13:31:52 INFO LEAD new: [Permitted] Westminster/25/06163/ADFULL — Basement And Ground Floor Maisonette 45 - 47 Grosvenor Squar
2026-10-01 13:31:52 INFO LEAD new: [Permitted] Westminster/25/06146/ADFULL — 43 Circus Lodge Circus Road London NW8 9JN
2026-10-01 13:31:52 INFO LEAD new: [Permitted] Westminster/25/06158/ADLBC — 127 Piccadilly London W1J 7PX
2026-10-01 13:31:52 INFO LEAD new: [Permitted] Westminster/25/06155/AADV — Niketown 236 Oxford Street London W1C 1DE
2026-10-01 13:31:52 INFO LEAD new: [Permitted] Westminster/25/06174/LBC — Flat G 54 Eaton Square London SW1W 9BE
2026-10-01 13:31:52 INFO LEAD new: [Permitted] Westminster/25/06125/ADV — 229 Regent Street London W1B 2EG
2026-10-01 13:31:52 INFO LEAD new: [Permitted] Westminster/25/06128/NMA — 12 - 13 Suffolk Street London SW1Y 4HG
2026-10-01 13:31:52 INFO LEAD new: [Permitted] Westminster/25/06130/FULL — Rankin House 97C Elgin Avenue London W9 2DA
2026-10-01 13:31:52 INFO LEAD new: [Permitted] Westminster/25/06133/NMA — Carlisle Mansions Carlisle Place London SW1P 1HX
2026-10-01 13:31:52 INFO LEAD new: [Permitted] Westminster/25/06123/ADLBC — 20 Wimpole Street London W1G 8GF
2026-10-01 13:31:52 INFO LEAD new: [Permitted] Westminster/25/06142/FULL — 22 First Avenue London W10 4NL
2026-10-01 13:31:52 INFO LEAD new: [Permitted] Westminster/25/06135/ADV — TKTS Leicester Square London WC2H 7LH
2026-10-01 13:31:52 INFO LEAD new: [Permitted] Westminster/25/06139/CLOPUD — Flat 71 3 Whitehall Court London SW1A 2EL
2026-10-01 13:31:52 INFO LEAD new: [Permitted] Westminster/25/06134/ADV — Venture House 27 - 29 Glasshouse Street London W1B 5DF
2026-10-01 13:31:52 INFO LEAD new: [Permitted] Westminster/25/06126/ADV — 36 South Audley Street London W1K 2PL
2026-10-01 13:31:52 INFO LEAD new: [Permitted] Westminster/25/06136/LBC — Flat 71 3 Whitehall Court London SW1A 2EL
2026-10-01 13:31:52 INFO LEAD new: [Permitted] Westminster/25/06127/LBC — 36 South Audley Street London W1K 2PL
2026-10-01 13:31:52 INFO LEAD new: [Permitted] Westminster/25/06129/FULL — Rutland Court 64 Upper Berkeley Street London W1H 7QT
2026-10-01 13:31:52 INFO LEAD new: [Permitted] Westminster/25/06137/ADFULL — 65 Eccleston Square Mews London SW1V 1QN
2026-10-01 13:31:52 INFO LEAD new: [Permitted] Westminster/25/06141/NMA — 4 - 5 Cavendish Mews North London W1W 6LA
2026-10-01 13:31:52 INFO LEAD new: [Permitted] Westminster/25/06116/ADFULL — 20 Rathbone Place London W1T 1HY
2026-10-01 13:31:52 INFO LEAD new: [Permitted] Westminster/25/06117/ADFULL — 38 Ashworth Road W9 1JY
2026-10-01 13:31:52 INFO LEAD new: [Permitted] Westminster/25/06138/LBC — 75 Eaton Place London SW1X 8DR
2026-10-01 13:31:52 INFO LEAD new: [Permitted] Westminster/25/06122/LBC — 134 - 136 Buckingham Palace Road London SW1W 9SA
2026-10-01 13:31:52 INFO LEAD new: [Permitted] Westminster/25/06124/AADV — Leicester Square London WC2H 7LE
2026-10-01 13:31:52 INFO LEAD new: [Permitted] Westminster/25/06120/ADV — 25 Old Bond Street London W1S 4QB
2026-10-01 13:31:52 INFO LEAD new: [Permitted] Westminster/25/06103/FULL — 8 Monmouth Road London W2 5SB
2026-10-01 13:31:52 INFO LEAD new: [Permitted] Westminster/25/06108/LBC — 1 The Market Covent Garden London WC2E 8RA
2026-10-01 13:31:52 INFO LEAD new: [Permitted] Westminster/25/06084/ADLBC — 6 Wilton Place London SW1X 8RH
2026-10-01 13:31:52 INFO LEAD new: [Permitted] Westminster/25/06095/ADLBC — 6 Wilton Place London SW1X 8RH
2026-10-01 13:31:52 INFO LEAD new: [Permitted] Westminster/25/06100/ADV — 101 - 103 Edgware Road London W2 2HX
2026-10-01 13:31:52 INFO LEAD new: [Permitted] Westminster/25/06085/FULL — 7 Wilton Crescent London SW1X 8RN
2026-10-01 13:31:52 INFO LEAD new: [Permitted] Westminster/25/06096/ADFULL — Development Site At 5 - 9 Great Newport Street London WC2H 7
2026-10-01 13:31:52 INFO LEAD new: [Permitted] Westminster/25/06086/LBC — 7 Wilton Crescent London SW1X 8RN
2026-10-01 13:31:52 INFO LEAD new: [Permitted] Westminster/25/06110/FULL — 23 Wilton Row London SW1X 7NS
2026-10-01 13:31:52 INFO LEAD new: [Permitted] Westminster/25/06101/OBS — Development Site At 130 Fenchurch Street City Of London Lond
2026-10-01 13:31:52 INFO LEAD new: [Permitted] Westminster/25/06256/FULL — 26A Lupus Street London SW1V 3DZ
2026-10-01 13:31:52 INFO LEAD new: [Permitted] Westminster/25/06815/TELNOT — Victoria Station Victoria Arcade London SW1E 5ND
2026-10-01 13:31:52 INFO LEAD new: [Permitted] Westminster/25/06057/ADV — 43 South Street London W1K 2XQ
2026-10-01 13:31:52 INFO LEAD new: [Permitted] Westminster/25/06070/COLBC — Basement And Ground Floor 33 Craven Road London W2 3BX
2026-10-01 13:31:52 INFO LEAD new: [Permitted] Westminster/25/06060/FULL — 18 Lauderdale Mansions Lauderdale Road London W9 1NE
2026-10-01 13:31:52 INFO LEAD new: [Permitted] Westminster/25/06075/COFUL — 136 Edgware Road London W2 2DZ
2026-10-01 13:31:52 INFO LEAD new: [Permitted] Westminster/25/06076/COADV — 136 Edgware Road London W2 2DZ
2026-10-01 13:31:52 INFO LEAD new: [Permitted] Westminster/25/06067/FULL — 7 Hertford Street London W1J 7RH
2026-10-01 13:31:52 INFO LEAD new: [Permitted] Westminster/25/06073/FULL — 28 Dorset Street London W1U 8AR
2026-10-01 13:31:52 INFO LEAD new: [Permitted] Westminster/25/06072/NMA — 28 Dorset Street London W1U 8AR
2026-10-01 13:31:52 INFO LEAD new: [Permitted] Westminster/25/06079/FULL — 7 Clarendon Street London SW1V 2EN
2026-10-01 13:31:52 INFO LEAD new: [Permitted] Westminster/25/06077/LBC — The Langham 1C Portland Place London W1B 1JA
2026-10-01 13:31:52 INFO LEAD new: [Permitted] Westminster/25/06078/LBC — 30 Sackville Street London W1S 3DY
2026-10-01 13:31:59 INFO [westminster/Permitted] page at offset 3100: 100 records
2026-10-01 13:31:59 INFO LEAD new: [Permitted] Westminster/25/06071/ADLBC — 97E St George's Square London SW1V 3QP
2026-10-01 13:31:59 INFO LEAD new: [Permitted] Westminster/25/06074/ADLBC — Buckingham Palace The Mall London SW1A 1AA
2026-10-01 13:31:59 INFO LEAD new: [Permitted] Westminster/25/06064/NMA — Arundel Great Court Surrey Street London WC2R 2NE
2026-10-01 13:31:59 INFO LEAD new: [Permitted] Westminster/25/06063/LBC — Flat 2 Montrose House 44 Princes Gate London SW7 2QA
2026-10-01 13:31:59 INFO LEAD new: [Permitted] Westminster/25/06059/NMA — 25 - 27 St George Street London W1S 1FS
2026-10-01 13:31:59 INFO LEAD new: [Permitted] Westminster/25/06068/LBC — 49 Gloucester Place London W1U 8JE
2026-10-01 13:31:59 INFO LEAD new: [Permitted] Westminster/25/06066/ADFULL — 40 Grosvenor Gardens London SW1W 0EB
2026-10-01 13:31:59 INFO LEAD new: [Permitted] Westminster/25/06061/ADFULL — West One Shopping Centre 381 Oxford Street London W1C 2JS
2026-10-01 13:31:59 INFO LEAD new: [Permitted] Westminster/25/06058/FULL — 24 Morshead Mansions Morshead Road London W9 1LE
2026-10-01 13:31:59 INFO LEAD new: [Permitted] Westminster/25/06051/FULL — 73 Alderney Street London SW1V 4HH
2026-10-01 13:31:59 INFO LEAD new: [Permitted] Westminster/25/06053/FULL — 29 Cleveland Mansions Widley Road London W9 2LA
2026-10-01 13:31:59 INFO LEAD new: [Permitted] Westminster/25/06054/LBC — 35 Southwick Street London W2 1JQ
2026-10-01 13:31:59 INFO LEAD new: [Permitted] Westminster/25/06050/ADV — 24 Brewer Street London W1F 0SN
2026-10-01 13:31:59 INFO LEAD new: [Permitted] Westminster/25/06048/LBC — 33 Southwick Street London W2 1JQ
2026-10-01 13:31:59 INFO LEAD new: [Permitted] Westminster/25/06044/LBC — Flat 19 58 Rutland Gate London SW7 1PL
2026-10-01 13:31:59 INFO LEAD new: [Permitted] Westminster/25/06055/ADLBC — 17 Sutherland Street London SW1V 4JU
2026-10-01 13:31:59 INFO LEAD new: [Permitted] Westminster/25/06008/LBC — 12A Warrington Crescent London W9 1EL
2026-10-01 13:31:59 INFO LEAD new: [Permitted] Westminster/25/05994/ADFULL — 22 Ebury Bridge Road London SW1W 8PZ
2026-10-01 13:31:59 INFO LEAD new: [Permitted] Westminster/25/06007/FULL — 12A Warrington Crescent London W9 1EL
2026-10-01 13:31:59 INFO LEAD new: [Permitted] Westminster/25/05997/LBC — 12A Warrington Crescent London W9 1EL
2026-10-01 13:31:59 INFO LEAD new: [Permitted] Westminster/25/06005/FULL — 12A Warrington Crescent London W9 1EL
2026-10-01 13:31:59 INFO LEAD new: [Permitted] Westminster/25/06004/FULL — Flat 3 75 Carlton Hill London NW8 0EN
2026-10-01 13:31:59 INFO LEAD new: [Permitted] Westminster/25/05998/FULL — 4 Mill Street London W1S 2AX
2026-10-01 13:31:59 INFO LEAD new: [Permitted] Westminster/25/06038/ADV — De Beers Jewellers Limited 45 - 50 Old Bond Street London W1
2026-10-01 13:31:59 INFO LEAD new: [Permitted] Westminster/25/06031/COFUL — 121 - 123 Praed Street London W2 1RL
2026-10-01 13:31:59 INFO LEAD new: [Permitted] Westminster/25/06032/COADV — 121 - 123 Praed Street London W2 1RL
2026-10-01 13:31:59 INFO LEAD new: [Permitted] Westminster/25/05991/FULL — 39 Wilton Crescent London SW1X 8RX
2026-10-01 13:31:59 INFO LEAD new: [Permitted] Westminster/25/05992/LBC — 39 Wilton Crescent London SW1X 8RX
2026-10-01 13:31:59 INFO LEAD new: [Permitted] Westminster/25/05996/FULL — 12A Warrington Crescent London W9 1EL
2026-10-01 13:31:59 INFO LEAD new: [Permitted] Westminster/25/06040/FULL — Flat 19 York House 39 Upper Montagu Street London W1H 1FR
2026-10-01 13:31:59 INFO LEAD new: [Permitted] Westminster/25/06006/LBC — 12A Warrington Crescent London W9 1EL
2026-10-01 13:31:59 INFO LEAD new: [Permitted] Westminster/25/06011/ADV — 37 Chiltern Street London W1U 7PW
2026-10-01 13:31:59 INFO LEAD new: [Permitted] Westminster/25/06015/CLOPUD — 60 Chester Square London SW1W 9EA
2026-10-01 13:31:59 INFO LEAD new: [Permitted] Westminster/25/05990/FULL — 74 Ashmore Road London W9 3DG
2026-10-01 13:31:59 INFO LEAD new: [Permitted] Westminster/25/06035/ADLBC — 40 Grosvenor Gardens London SW1W 0EB
2026-10-01 13:31:59 INFO LEAD new: [Permitted] Westminster/25/06043/CLOPUD — Eamont Court Shannon Place London NW8 7DN
2026-10-01 13:31:59 INFO LEAD new: [Permitted] Westminster/25/05995/ADV — 1A Tavistock Street London WC2E 7PG
2026-10-01 13:31:59 INFO LEAD new: [Permitted] Westminster/25/06022/ADV — 1 Irving Street London WC2H 7AT
2026-10-01 13:31:59 INFO LEAD new: [Permitted] Westminster/25/06009/LBC — 2 Villiers Street London WC2N 6NQ
2026-10-01 13:31:59 INFO LEAD new: [Permitted] Westminster/25/06012/ADV — 44 Chiltern Street London W1U 7QP
2026-10-01 13:31:59 INFO LEAD new: [Permitted] Westminster/25/06013/ADV — 16 Baker Street London W1U 3HS
2026-10-01 13:31:59 INFO LEAD new: [Permitted] Westminster/25/06041/ADFULL — Royal College Of Art Kensington Gore London SW7 2EU
2026-10-01 13:31:59 INFO LEAD new: [Permitted] Westminster/25/06026/FULL — Buckingham Palace The Mall London SW1A 1AA
2026-10-01 13:31:59 INFO LEAD new: [Permitted] Westminster/25/06211/ADLBC — Royal College Of Art Kensington Gore London SW7 2EU
2026-10-01 13:31:59 INFO LEAD new: [Permitted] Westminster/25/06034/ADFULL — Development Site At North, South, Alexandra And Mews Buildin
2026-10-01 13:31:59 INFO LEAD new: [Permitted] Westminster/25/06029/CLEUD — Second Floor Flat 2 Rossmore Road London NW1 6NJ
2026-10-01 13:31:59 INFO LEAD new: [Permitted] Westminster/25/06014/LBC — Oslo Court Prince Albert Road London NW8 7EN
2026-10-01 13:31:59 INFO LEAD new: [Permitted] Westminster/25/05999/ADV — 28 New Bond Street London W1S 2RJ
2026-10-01 13:31:59 INFO LEAD new: [Permitted] Westminster/25/06030/LBC — 9 Eccleston Square London SW1V 1NP
2026-10-01 13:32:00 INFO LEAD new: [Permitted] Westminster/25/06036/LBC — 168 New Bond Street London W1S 4AR
2026-10-01 13:32:00 INFO LEAD new: [Permitted] Westminster/25/06028/ADFULL — 26 Grosvenor Street London W1K 4QJ
2026-10-01 13:32:00 INFO LEAD new: [Permitted] Westminster/25/06033/ADFULL — 38 Grosvenor Gardens London SW1W 0EB
2026-10-01 13:32:00 INFO LEAD new: [Permitted] Westminster/25/06016/ADFULL — 61 - 71 Victoria Street London SW1H 0HW
2026-10-01 13:32:00 INFO LEAD new: [Permitted] Westminster/25/06017/ADFULL — 61 - 71 Victoria Street London SW1H 0HW
2026-10-01 13:32:00 INFO LEAD new: [Permitted] Westminster/25/06817/TELNOT — Aberach House 17 Savile Row London W1S 3PN
2026-10-01 13:32:00 INFO LEAD new: [Permitted] Westminster/25/05936/ADFULL — Arundel Great Court Surrey Street London WC2R 2NE
2026-10-01 13:32:00 INFO LEAD new: [Permitted] Westminster/25/05937/ADFULL — Arundel Great Court Surrey Street London WC2R 2NE
2026-10-01 13:32:00 INFO LEAD new: [Permitted] Westminster/25/05938/ADFULL — Arundel Great Court Surrey Street London WC2R 2NE
2026-10-01 13:32:00 INFO LEAD new: [Permitted] Westminster/25/05935/ADFULL — Arundel Great Court Surrey Street London WC2R 2NE
2026-10-01 13:32:00 INFO LEAD new: [Permitted] Westminster/25/05976/FULL — Westminster Cathedral Ambrosden Avenue London SW1P 1QW
2026-10-01 13:32:00 INFO LEAD new: [Permitted] Westminster/25/05977/LBC — Westminster Cathedral Ambrosden Avenue London SW1P 1QW
2026-10-01 13:32:00 INFO LEAD new: [Permitted] Westminster/25/05979/LBC — 45 Welbeck Street London W1G 8DZ
2026-10-01 13:32:00 INFO LEAD new: [Permitted] Westminster/25/05946/FULL — 21 Trevor Place London SW7 1LB
2026-10-01 13:32:00 INFO LEAD new: [Permitted] Westminster/25/05952/CLLB — 38 - 39 Rutland Gate London SW7 1PD
2026-10-01 13:32:00 INFO LEAD new: [Permitted] Westminster/25/05942/FULL — 45 Old Bond Street London W1S 4QP
2026-10-01 13:32:00 INFO LEAD new: [Permitted] Westminster/25/05980/FULL — 3 Southwold Mansions Widley Road London W9 2LE
2026-10-01 13:32:00 INFO LEAD new: [Permitted] Westminster/25/05955/FULL — 3 Second Avenue London W10 4RN
2026-10-01 13:32:00 INFO LEAD new: [Permitted] Westminster/25/05972/LBC — 2 Villiers Street London WC2N 6NQ
2026-10-01 13:32:00 INFO LEAD new: [Permitted] Westminster/25/05989/ADV — 44 Poland Street London W1F 7LZ
2026-10-01 13:32:00 INFO LEAD new: [Permitted] Westminster/25/05988/FULL — 44 Poland Street London W1F 7LZ
2026-10-01 13:32:00 INFO LEAD new: [Permitted] Westminster/25/05969/ADV — 2 Villiers Street London WC2N 6NQ
2026-10-01 13:32:00 INFO LEAD new: [Permitted] Westminster/25/05968/FULL — 2 Villiers Street London WC2N 6NQ
2026-10-01 13:32:00 INFO LEAD new: [Permitted] Westminster/25/05982/FULL — 34 Old Compton Street London W1D 4TR
2026-10-01 13:32:00 INFO LEAD new: [Permitted] Westminster/25/05983/ADV — 34 Old Compton Street London W1D 4TR
2026-10-01 13:32:00 INFO LEAD new: [Permitted] Westminster/25/05943/ADFULL — 108 Shirland Road London W9 2EQ
2026-10-01 13:32:00 INFO LEAD new: [Permitted] Westminster/25/05987/ADV — Basement And Ground Floor Astoria House 62 Shaftesbury Avenu
2026-10-01 13:32:00 INFO LEAD new: [Permitted] Westminster/25/05956/FULL — 27 - 35 Mortimer Street London W1T 3BL
2026-10-01 13:32:00 INFO LEAD new: [Permitted] Westminster/25/05960/ADFULL — 24 Kinnerton Street London SW1X 8ES
2026-10-01 13:32:00 INFO LEAD new: [Permitted] Westminster/25/05948/LBC — 24 Queen Anne's Gate London SW1H 9AA
2026-10-01 13:32:00 INFO LEAD new: [Permitted] Westminster/25/05966/ADFULL — 15 Warwick Way London SW1V 1QT
2026-10-01 13:32:00 INFO LEAD new: [Permitted] Westminster/25/05954/ADFULL — 4 - 5 Buckingham Gate London SW1E 6JP
2026-10-01 13:32:00 INFO LEAD new: [Permitted] Westminster/25/05978/ADFULL — 49 Gloucester Place London W1U 8JE
2026-10-01 13:32:00 INFO LEAD new: [Permitted] Westminster/25/06185/ADLBC — 49 Gloucester Place London W1U 8JE
2026-10-01 13:32:00 INFO LEAD new: [Permitted] Westminster/25/05945/FULL — 24 Queen Anne's Gate London SW1H 9AA
2026-10-01 13:32:00 INFO LEAD new: [Permitted] Westminster/25/05947/ADFULL — 22 Chapter Street London SW1P 4NP
2026-10-01 13:32:00 INFO LEAD new: [Permitted] Westminster/25/05970/ADFULL — 16 Cavendish Avenue London NW8 9JE
2026-10-01 13:32:00 INFO LEAD new: [Permitted] Westminster/25/05965/ADV — 168 New Bond Street London W1S 4AR
2026-10-01 13:32:00 INFO LEAD new: [Permitted] Westminster/25/05975/ADFULL — Gillingham House 38 - 44 Gillingham Street London SW1V 1HU
2026-10-01 13:32:00 INFO LEAD new: [Permitted] Westminster/25/05984/FULL — 39 Wilton Crescent London SW1X 8RX
2026-10-01 13:32:00 INFO LEAD new: [Permitted] Westminster/25/05957/FULL — First Floor To Third Floor 1 Lower John Street London W1F 9D
2026-10-01 13:32:00 INFO LEAD new: [Permitted] Westminster/25/05981/ADFULL — Savoy Pier Victoria Embankment London SW1A 2HR
2026-10-01 13:32:00 INFO LEAD new: [Permitted] Westminster/25/05922/LBC — Royal Courts Of Justice Strand London WC2A 2LL
2026-10-01 13:32:07 INFO [westminster/Permitted] page at offset 3200: 100 records
2026-10-01 13:32:07 INFO LEAD new: [Permitted] Westminster/25/05905/NMA — Belgrave House 76 Buckingham Palace Road London SW1W 9AX
2026-10-01 13:32:07 INFO LEAD new: [Permitted] Westminster/25/06149/ADLBC — Flat 1 118 Hamilton Terrace London NW8 9UT
2026-10-01 13:32:07 INFO LEAD new: [Permitted] Westminster/25/05907/FULL — Drury House 34 - 43 Russell Street London WC2B 5HA
2026-10-01 13:32:07 INFO LEAD new: [Permitted] Westminster/25/05908/ADFULL — 25 Taunton Place London NW1 6HB
2026-10-01 13:32:07 INFO LEAD new: [Permitted] Westminster/25/05915/COADV — 230 Edgware Road London W2 1DW
2026-10-01 13:32:07 INFO LEAD new: [Permitted] Westminster/25/05916/COFUL — 149 Edgware Road London W2 2HU
2026-10-01 13:32:07 INFO LEAD new: [Permitted] Westminster/25/05917/COADV — 149 Edgware Road London W2 2HU
2026-10-01 13:32:07 INFO LEAD new: [Permitted] Westminster/25/05914/COFUL — 230 Edgware Road London W2 1DW
2026-10-01 13:32:07 INFO LEAD new: [Permitted] Westminster/25/05933/FULL — Flat A 38 Warwick Avenue London W9 2PT
2026-10-01 13:32:07 INFO LEAD new: [Permitted] Westminster/25/05934/LBC — Flat A 38 Warwick Avenue London W9 2PT
2026-10-01 13:32:07 INFO LEAD new: [Permitted] Westminster/25/05931/ADV — Vigo Street London
2026-10-01 13:32:07 INFO LEAD new: [Permitted] Westminster/25/05901/TCH — 5 Newport Place London WC2H 7JN
2026-10-01 13:32:07 INFO LEAD new: [Permitted] Westminster/25/05920/FULL — 430 Strand London WC2R 0QN
2026-10-01 13:32:07 INFO LEAD new: [Permitted] Westminster/25/05921/LBC — 430 Strand London WC2R 0QN
2026-10-01 13:32:07 INFO LEAD new: [Permitted] Westminster/25/06010/NMA — 28 - 32 Shelton Street London WC2H 9JE
2026-10-01 13:32:07 INFO LEAD new: [Permitted] Westminster/25/05912/ADFULL — Flat 1 118 Hamilton Terrace London NW8 9UT
2026-10-01 13:32:07 INFO LEAD new: [Permitted] Westminster/25/05894/ADV — 105 Queensway London W2 4SJ
2026-10-01 13:32:07 INFO LEAD new: [Permitted] Westminster/25/06001/CLLB — 179 Harrow Road London W2 6NB
2026-10-01 13:32:07 INFO LEAD new: [Permitted] Westminster/25/05926/LBC — 39 Wilton Crescent London SW1X 8RX
2026-10-01 13:32:07 INFO LEAD new: [Permitted] Westminster/25/05898/ADFULL — Fenwicks 58 - 63 New Bond Street London W1S 1RJ
2026-10-01 13:32:07 INFO LEAD new: [Permitted] Westminster/25/05923/FULL — Flat 1 2 Warwick Square London SW1V 2AA
2026-10-01 13:32:07 INFO LEAD new: [Permitted] Westminster/25/05924/LBC — Flat 1 2 Warwick Square London SW1V 2AA
2026-10-01 13:32:07 INFO LEAD new: [Permitted] Westminster/25/05865/COADV — 29 Edgware Road London W2 2JE
2026-10-01 13:32:07 INFO LEAD new: [Permitted] Westminster/25/05891/ADV — 121 Long Acre London WC2E 9PA
2026-10-01 13:32:07 INFO LEAD new: [Permitted] Westminster/25/05871/ADV — 111 Oxford Street London W1D 2HJ
2026-10-01 13:32:07 INFO LEAD new: [Permitted] Westminster/25/05887/ADFULL — Ground Floor 425 Harrow Road London W10 4RE
2026-10-01 13:32:07 INFO LEAD new: [Permitted] Westminster/25/05868/ADLBC — 44 Welbeck Street London W1G 8DY
2026-10-01 13:32:07 INFO LEAD new: [Permitted] Westminster/25/05879/ADV — 1 Great Portland Street London W1W 8PZ
2026-10-01 13:32:07 INFO LEAD new: [Permitted] Westminster/25/05884/FULL — 318 - 322 Regent Street London W1B 3BL
2026-10-01 13:32:07 INFO LEAD new: [Permitted] Westminster/25/05885/LBC — 318 - 322 Regent Street London W1B 3BL
2026-10-01 13:32:07 INFO LEAD new: [Permitted] Westminster/25/05869/LBC — 1 Horse Guards Road London SW1A 2HQ
2026-10-01 13:32:07 INFO LEAD new: [Permitted] Westminster/25/05890/ADFULL — Ground Floor Flat 166 Fernhead Road London W9 3EL
2026-10-01 13:32:07 INFO LEAD new: [Permitted] Westminster/25/05882/ADFULL — 14 Craven Hill Mews London W2 3DY
2026-10-01 13:32:07 INFO LEAD new: [Permitted] Westminster/25/05860/AADV — Niketown 236 Oxford Street London W1C 1DE
2026-10-01 13:32:07 INFO LEAD new: [Permitted] Westminster/25/05862/FULL — 44 - 45 Dean Street London W1D 4QB
2026-10-01 13:32:07 INFO LEAD new: [Permitted] Westminster/25/05874/ADV — 9 Clifford Street London W1S 2FT
2026-10-01 13:32:07 INFO LEAD new: [Permitted] Westminster/25/05859/FULL — 16 Beaumont Mews London W1G 6EJ
2026-10-01 13:32:07 INFO LEAD new: [Permitted] Westminster/25/05858/FULL — Unlimited House 10 Great Pulteney Street London W1F 9NB
2026-10-01 13:32:07 INFO LEAD new: [Permitted] Westminster/25/05863/LBC — 10 Downing Street London SW1A 2AA
2026-10-01 13:32:07 INFO LEAD new: [Permitted] Westminster/25/05867/ADLBC — 24 Clarendon Gardens London W9 1AZ
2026-10-01 13:32:07 INFO LEAD new: [Permitted] Westminster/25/05880/FULL — 7A Langley Street London WC2H 9JA
2026-10-01 13:32:07 INFO LEAD new: [Permitted] Westminster/25/05872/ADFULL — 24 Clarendon Gardens London W9 1AZ
2026-10-01 13:32:07 INFO LEAD new: [Permitted] Westminster/25/05881/LBC — 7A Langley Street London WC2H 9JA
2026-10-01 13:32:07 INFO LEAD new: [Permitted] Westminster/25/05852/COADV — 45 Craven Road London W2 3BX
2026-10-01 13:32:07 INFO LEAD new: [Permitted] Westminster/25/05856/COLBC — 45 Craven Road London W2 3BX
2026-10-01 13:32:07 INFO LEAD new: [Permitted] Westminster/25/05811/LBC — 120 Mount Street London W1K 3NN
2026-10-01 13:32:07 INFO LEAD new: [Permitted] Westminster/25/05854/COFUL — 43 Craven Road London W2 3BX
2026-10-01 13:32:07 INFO LEAD new: [Permitted] Westminster/25/05855/COLBC — 43 Craven Road London W2 3BX
2026-10-01 13:32:07 INFO LEAD new: [Permitted] Westminster/25/05826/FULL — Second Floor Flat C 31 Fermoy Road London W9 3NH
2026-10-01 13:32:07 INFO LEAD new: [Permitted] Westminster/25/05828/FULL — Second Floor Flat C 39 Fermoy Road London W9 3NH
2026-10-01 13:32:07 INFO LEAD new: [Permitted] Westminster/25/05829/FULL — Ground Floor Flat A 39 Fermoy Road London W9 3NH
2026-10-01 13:32:07 INFO LEAD new: [Permitted] Westminster/25/05825/ADFULL — 6 Wilton Place London SW1X 8RH
2026-10-01 13:32:07 INFO LEAD new: [Permitted] Westminster/25/05809/FULL — Ground Floor Flat 25 Randolph Crescent London W9 1DP
2026-10-01 13:32:07 INFO LEAD new: [Permitted] Westminster/25/05840/ADFULL — 10 Sutherland Avenue London W9 2HQ
2026-10-01 13:32:07 INFO LEAD new: [Permitted] Westminster/25/05810/ADFULL — Ground Floor Flat 25 Randolph Crescent London W9 1DP
2026-10-01 13:32:07 INFO LEAD new: [Permitted] Westminster/25/05827/FULL — Ground Floor Flat A 31 Fermoy Road London W9 3NH
2026-10-01 13:32:07 INFO LEAD new: [Permitted] Westminster/25/05823/ADFULL — 6 Wilton Place London SW1X 8RH
2026-10-01 13:32:07 INFO LEAD new: [Permitted] Westminster/25/05824/ADFULL — 6 Wilton Place London SW1X 8RH
2026-10-01 13:32:07 INFO LEAD new: [Permitted] Westminster/25/06113/ADLBC — 6 Wilton Place London SW1X 8RH
2026-10-01 13:32:08 INFO LEAD new: [Permitted] Westminster/25/05807/FULL — 2 Clifton Hill London NW8 0QG
2026-10-01 13:32:08 INFO LEAD new: [Permitted] Westminster/25/05817/FULL — Flat 1 Welbeck House 62 Welbeck Street London W1G 9XE
2026-10-01 13:32:08 INFO LEAD new: [Permitted] Westminster/25/05836/FULL — 70 Castellain Road London W9 1EX
2026-10-01 13:32:08 INFO LEAD new: [Permitted] Westminster/25/05837/ADFULL — 22 Hill Street London W1J 5NJ
2026-10-01 13:32:08 INFO LEAD new: [Permitted] Westminster/25/05839/NMA — 45 Charles Street London W1J 5EQ
2026-10-01 13:32:08 INFO LEAD new: [Permitted] Westminster/25/05849/NMA — Radstock House 3 Eccleston Street London SW1W 9LZ
2026-10-01 13:32:08 INFO LEAD new: [Permitted] Westminster/25/05851/LBC — 9 Clifford Street London W1S 2FT
2026-10-01 13:32:08 INFO LEAD new: [Permitted] Westminster/25/05832/ADFULL — 87A St John's Wood Terrace London NW8 6PY
2026-10-01 13:32:08 INFO LEAD new: [Permitted] Westminster/25/05841/ADLBC — 22 Ebury Bridge Road London SW1W 8PZ
2026-10-01 13:32:08 INFO LEAD new: [Permitted] Westminster/25/05844/ADLBC — 5 Eaton Place London SW1X 8BN
2026-10-01 13:32:08 INFO LEAD new: [Permitted] Westminster/25/05830/FULL — 76 Vincent Square London SW1P 2PD
2026-10-01 13:32:08 INFO LEAD new: [Permitted] Westminster/25/05831/ADV — 76 Vincent Square London SW1P 2PD
2026-10-01 13:32:08 INFO LEAD new: [Permitted] Westminster/25/05834/LBC — 76 Vincent Square London SW1P 2PD
2026-10-01 13:32:08 INFO LEAD new: [Permitted] Westminster/25/05822/ADLBC — Buckingham Palace The Mall London SW1A 1AA
2026-10-01 13:32:08 INFO LEAD new: [Permitted] Westminster/25/05846/ADFULL — 5 Eaton Place London SW1X 8BN
2026-10-01 13:32:08 INFO LEAD new: [Permitted] Westminster/25/05843/ADLBC — Pegasus House 37 - 43 Sackville Street London W1S 3EH
2026-10-01 13:32:08 INFO LEAD new: [Permitted] Westminster/25/05848/NMA — Radstock House 3 Eccleston Street London SW1W 9LZ
2026-10-01 13:32:08 INFO LEAD new: [Permitted] Westminster/25/05818/FULL — Avenue House 25 - 27 Shaftesbury Avenue London W1D 7EG
2026-10-01 13:32:08 INFO LEAD new: [Permitted] Westminster/25/05819/LBC — Avenue House 25 - 27 Shaftesbury Avenue London W1D 7EG
2026-10-01 13:32:08 INFO LEAD new: [Permitted] Westminster/25/05804/FULL — 5 Hanson Street London W1W 6TD
2026-10-01 13:32:08 INFO LEAD new: [Permitted] Westminster/25/05816/ADFULL — 1 Victoria Street London SW1H 0ET
2026-10-01 13:32:08 INFO LEAD new: [Permitted] Westminster/25/05808/FULL — 25A Randolph Crescent London W9 1DP
2026-10-01 13:32:08 INFO LEAD new: [Permitted] Westminster/25/05805/FULL — 11 - 12 Terminus Place London SW1V 1JR
2026-10-01 13:32:08 INFO LEAD new: [Permitted] Westminster/25/05806/LBC — 11 - 12 Terminus Place London SW1V 1JR
2026-10-01 13:32:08 INFO LEAD new: [Permitted] Westminster/25/05833/FULL — Flat 2 49 Grosvenor Square London W1K 3EP
2026-10-01 13:32:08 INFO LEAD new: [Permitted] Westminster/25/05847/FULL — Flat 18 Ashworth Mansions Elgin Avenue London W9 1JL
2026-10-01 13:32:08 INFO LEAD new: [Permitted] Westminster/25/05850/FULL — Lydford Estates Tenants Club 74 Fernhead Road London W9 3EW
2026-10-01 13:32:08 INFO LEAD new: [Permitted] Westminster/25/05813/FULL — 1 Park Road London NW1 6XN
2026-10-01 13:32:08 INFO LEAD new: [Permitted] Westminster/25/05814/LBC — 1 Park Road London NW1 6XN
2026-10-01 13:32:08 INFO LEAD new: [Permitted] Westminster/25/05797/ADFULL — 20 Carlton House Terrace London SW1Y 5AN
2026-10-01 13:32:08 INFO LEAD new: [Permitted] Westminster/25/05786/FULL — 24 Barrett Street London W1U 1BG
2026-10-01 13:32:08 INFO LEAD new: [Permitted] Westminster/25/05789/LBC — 50 - 52 Elizabeth Street London SW1W 9PB
2026-10-01 13:32:08 INFO LEAD new: [Permitted] Westminster/25/05795/LBC — 13 Upper Belgrave Street London SW1X 8BA
2026-10-01 13:32:08 INFO LEAD new: [Permitted] Westminster/25/05788/FULL — 50 - 52 Elizabeth Street London SW1W 9PB
2026-10-01 13:32:08 INFO LEAD new: [Permitted] Westminster/25/05800/LBC — 18 - 19 Princes Gate London SW7 1PT
2026-10-01 13:32:08 INFO LEAD new: [Permitted] Westminster/25/05799/FULL — 18 - 19 Princes Gate London SW7 1PT
2026-10-01 13:32:08 INFO LEAD new: [Permitted] Westminster/25/05757/LBC — 3 York Terrace West London NW1 4QA
2026-10-01 13:32:15 INFO [westminster/Permitted] page at offset 3300: 100 records
2026-10-01 13:32:15 INFO LEAD new: [Permitted] Westminster/25/05791/COADV — 43 Craven Road London W2 3BX
2026-10-01 13:32:15 INFO LEAD new: [Permitted] Westminster/25/05759/FULL — 17 Hall Road London NW8 9RF
2026-10-01 13:32:15 INFO LEAD new: [Permitted] Westminster/25/05801/FULL — 442 Strand London WC2R 0QU
2026-10-01 13:32:15 INFO LEAD new: [Permitted] Westminster/25/05802/LBC — 442 Strand London WC2R 0QU
2026-10-01 13:32:15 INFO LEAD new: [Permitted] Westminster/25/05780/FULL — 3 St James's Square London SW1Y 4JU
2026-10-01 13:32:15 INFO LEAD new: [Permitted] Westminster/25/05755/APAD — London Electricity Plc Aberdeen Place NW8 8NS
2026-10-01 13:32:15 INFO LEAD new: [Permitted] Westminster/25/05766/ADFULL — 47 Wilton Crescent London SW1X 8RX
2026-10-01 13:32:15 INFO LEAD new: [Permitted] Westminster/25/05796/ADFULL — 62 Carlton Hill London NW8 0ET
2026-10-01 13:32:15 INFO LEAD new: [Permitted] Westminster/25/05760/ADFULL — Grosvenor Square Gardens Grosvenor Square London W1K 6LD
2026-10-01 13:32:15 INFO LEAD new: [Permitted] Westminster/25/05772/ADFULL — 6 Wilton Place London SW1X 8RH
2026-10-01 13:32:15 INFO LEAD new: [Permitted] Westminster/25/05787/ADV — 22 Hanover Square London W1S 1JP
2026-10-01 13:32:15 INFO LEAD new: [Permitted] Westminster/25/05775/FULL — 11 Montagu Place London W1H 2AL
2026-10-01 13:32:15 INFO LEAD new: [Permitted] Westminster/25/05762/FULL — 117 Eccleston Mews London SW1X 8AQ
2026-10-01 13:32:15 INFO LEAD new: [Permitted] Westminster/25/05958/CLLB — Flat 1 17 Devonshire Terrace London W2 3DW
2026-10-01 13:32:15 INFO LEAD new: [Permitted] Westminster/25/05782/LBC — 7 Vigo Street London W1S 3HF
2026-10-01 13:32:15 INFO LEAD new: [Permitted] Westminster/25/05781/FULL — 44 Great Marlborough Street London W1F 7JL
2026-10-01 13:32:15 INFO LEAD new: [Permitted] Westminster/25/05959/ADLBC — 26 Pimlico Road London SW1W 8LJ
2026-10-01 13:32:15 INFO LEAD new: [Permitted] Westminster/25/05783/LBC — Third Floor 3 Cavendish Square London W1G 0LB
2026-10-01 13:32:15 INFO LEAD new: [Permitted] Westminster/25/05758/ADV — Cathedral Piazza Victoria Street London SW1E 5NN
2026-10-01 13:32:15 INFO LEAD new: [Permitted] Westminster/25/05761/ADFULL — 26 Pimlico Road London SW1W 8LJ
2026-10-01 13:32:15 INFO LEAD new: [Permitted] Westminster/25/05753/ADFULL — Warwick House Stable Yard Road London SW1A 1BD
2026-10-01 13:32:15 INFO LEAD new: [Permitted] Westminster/25/05726/ADFULL — 6 Wilton Place London SW1X 8RH
2026-10-01 13:32:15 INFO LEAD new: [Permitted] Westminster/25/05724/FULL — 4 Luxborough Street London W1U 5UW
2026-10-01 13:32:15 INFO LEAD new: [Permitted] Westminster/25/05727/ADFULL — 6 Wilton Place London SW1X 8RH
2026-10-01 13:32:15 INFO LEAD new: [Permitted] Westminster/25/05717/FULL — Madame Tussauds Marylebone Road London NW1 5LR
2026-10-01 13:32:15 INFO LEAD new: [Permitted] Westminster/25/05705/FULL — Flat 1 49 Montagu Square London W1H 2LW
2026-10-01 13:32:15 INFO LEAD new: [Permitted] Westminster/25/05706/LBC — Flat 1 49 Montagu Square London W1H 2LW
2026-10-01 13:32:15 INFO LEAD new: [Permitted] Westminster/25/05702/ADFULL — 44 Lincoln's Inn Fields London WC2A 3LY
2026-10-01 13:32:15 INFO LEAD new: [Permitted] Westminster/25/05707/ADFULL — 334 - 348 Oxford Street London W1C 1JG
2026-10-01 13:32:15 INFO LEAD new: [Permitted] Westminster/25/05719/ADFULL — Southside 105 Victoria Street London SW1E 6QT
2026-10-01 13:32:15 INFO LEAD new: [Permitted] Westminster/25/05733/FULL — 16 Bryanston Street London W1H 7EF
2026-10-01 13:32:15 INFO LEAD new: [Permitted] Westminster/25/05734/FULL — 20 Carlton House Terrace London SW1Y 5AN
2026-10-01 13:32:15 INFO LEAD new: [Permitted] Westminster/25/05725/ADV — 21B Jermyn Street London SW1Y 6HP
2026-10-01 13:32:15 INFO LEAD new: [Permitted] Westminster/25/05701/ADFULL — Admiralty Arch The Mall London SW1A 2WH
2026-10-01 13:32:15 INFO LEAD new: [Permitted] Westminster/25/05709/FULL — 217 - 221 Harrow Road London W2 5EH
2026-10-01 13:32:15 INFO LEAD new: [Permitted] Westminster/25/05710/FULL — 217 - 221 Harrow Road London W2 5EH
2026-10-01 13:32:15 INFO LEAD new: [Permitted] Westminster/25/05774/FULL — 7 Octavia Mews London W9 3LQ
2026-10-01 13:32:15 INFO LEAD new: [Permitted] Westminster/25/05748/LBC — Flat D 29 Eaton Square London SW1W 9DF
2026-10-01 13:32:15 INFO LEAD new: [Permitted] Westminster/25/05750/CLOPUD — 31 Grove End Road London NW8 9LY
2026-10-01 13:32:15 INFO LEAD new: [Permitted] Westminster/25/05900/ADLBC — Admiralty Arch The Mall London SW1A 2WH
2026-10-01 13:32:15 INFO LEAD new: [Permitted] Westminster/25/05740/LBC — 3 York Terrace West London NW1 4QA
2026-10-01 13:32:15 INFO LEAD new: [Permitted] Westminster/25/05769/FULL — 6 Westbourne Park Road London W2 5PH
2026-10-01 13:32:15 INFO LEAD new: [Permitted] Westminster/25/05738/LBC — Flat 2 Montrose House 44 Princes Gate London SW7 2QA
2026-10-01 13:32:15 INFO LEAD new: [Permitted] Westminster/25/05764/OBS — Perks Field Kensington Palace Gardens London W8 4PX
2026-10-01 13:32:15 INFO LEAD new: [Permitted] Westminster/25/05747/ADFULL — 39 Newton Road London W2 5JR
2026-10-01 13:32:15 INFO LEAD new: [Permitted] Westminster/25/05778/ADLBC — 53 Upper Montagu Street London W1H 1SE
2026-10-01 13:32:15 INFO LEAD new: [Permitted] Westminster/25/05751/NMA — 31 Grove End Road London NW8 9LY
2026-10-01 13:32:15 INFO LEAD new: [Permitted] Westminster/25/05743/FULL — 43 South Street London W1K 2XQ
2026-10-01 13:32:15 INFO LEAD new: [Permitted] Westminster/25/05744/LBC — 43 South Street London W1K 2XQ
2026-10-01 13:32:15 INFO LEAD new: [Permitted] Westminster/25/05718/ADFULL — Southside 105 Victoria Street London SW1E 6QT
2026-10-01 13:32:15 INFO LEAD new: [Permitted] Westminster/25/05742/FULL — Regent's University London Inner Circle Regents Park London 
2026-10-01 13:32:15 INFO LEAD new: [Permitted] Westminster/25/05745/FULL — 55 Westmoreland Terrace London SW1V 4AQ
2026-10-01 13:32:15 INFO LEAD new: [Permitted] Westminster/25/05714/FULL — 16 Hanover Street London W1S 1YL
2026-10-01 13:32:15 INFO LEAD new: [Permitted] Westminster/25/05902/ADLBC — 6 Wilton Place London SW1X 8RH
2026-10-01 13:32:15 INFO LEAD new: [Permitted] Westminster/25/05735/FULL — Dorset House Gloucester Place London NW1 5AH
2026-10-01 13:32:16 INFO LEAD new: [Permitted] Westminster/25/05736/LBC — Dorset House Gloucester Place London NW1 5AH
2026-10-01 13:32:16 INFO LEAD new: [Permitted] Westminster/25/05730/FULL — Edward Alsop Court 18 Great Peter Street London SW1P 2BT
2026-10-01 13:32:16 INFO LEAD new: [Permitted] Westminster/25/05913/ADLBC — 6 Wilton Place London SW1X 8RH
2026-10-01 13:32:16 INFO LEAD new: [Permitted] Westminster/25/05697/ADFULL — 100 Piccadilly London W1J 7NH
2026-10-01 13:32:16 INFO LEAD new: [Permitted] Westminster/25/05689/FULL — 79 Eaton Terrace London SW1W 8TN
2026-10-01 13:32:16 INFO LEAD new: [Permitted] Westminster/25/05690/LBC — 79 Eaton Terrace London SW1W 8TN
2026-10-01 13:32:16 INFO LEAD new: [Permitted] Westminster/25/05684/ADFULL — Norman Shaw North Parliamentary Victoria Embankment London S
2026-10-01 13:32:16 INFO LEAD new: [Permitted] Westminster/25/05691/FULL — 67 Mortimer Street London W1W 7SE
2026-10-01 13:32:16 INFO LEAD new: [Permitted] Westminster/25/05699/FULL — 7 Green Street London W1K 6RE
2026-10-01 13:32:16 INFO LEAD new: [Permitted] Westminster/25/05685/LBC — 13 Artillery Row SW1P 1RH
2026-10-01 13:32:16 INFO LEAD new: [Permitted] Westminster/25/05681/ADLBC — 16 Charles Street London W1J 5DR
2026-10-01 13:32:16 INFO LEAD new: [Permitted] Westminster/25/05682/ADFULL — 16 Charles Street London W1J 5DR
2026-10-01 13:32:16 INFO LEAD new: [Permitted] Westminster/25/05696/LBC — Flat 3 20A Seymour Street London W1H 7HX
2026-10-01 13:32:16 INFO LEAD new: [Permitted] Westminster/25/05693/NMA — Triangle Development Site Situated Adjacent To Paddington St
2026-10-01 13:32:16 INFO LEAD new: [Permitted] Westminster/25/05686/LBC — Hanover Lodge Outer Circle Regent's Park London NW1 4HB
2026-10-01 13:32:16 INFO LEAD new: [Permitted] Westminster/25/05673/FULL — 99 Frampton Street London NW8 8NA
2026-10-01 13:32:16 INFO LEAD new: [Permitted] Westminster/25/05687/COFUL — 24 Church Street London NW8 8EP
2026-10-01 13:32:16 INFO LEAD new: [Permitted] Westminster/25/05692/ADV — Pimlico Road London
2026-10-01 13:32:16 INFO LEAD new: [Permitted] Westminster/25/05671/FULL — 12C Warrington Crescent London W9 1EL
2026-10-01 13:32:16 INFO LEAD new: [Permitted] Westminster/25/05675/ADLBC — Dover House Whitehall London SW1A 2AU
2026-10-01 13:32:16 INFO LEAD new: [Permitted] Westminster/25/05662/FULL — 132 Seymour Place London W1H 1NS
2026-10-01 13:32:16 INFO LEAD new: [Permitted] Westminster/25/05628/ADLBC — Admiralty Arch The Mall London SW1A 2WH
2026-10-01 13:32:16 INFO LEAD new: [Permitted] Westminster/25/05634/FULL — 5 Gloucester Mews West London W2 6DY
2026-10-01 13:32:16 INFO LEAD new: [Permitted] Westminster/25/05650/ADFULL — Development Site At 8-10 Grafton Street, 11-14 Grafton Stree
2026-10-01 13:32:16 INFO LEAD new: [Permitted] Westminster/25/05646/ADFULL — Admiralty Arch The Mall London SW1A 2WH
2026-10-01 13:32:16 INFO LEAD new: [Permitted] Westminster/25/05645/FULL — 48 Huxley Street London W10 4QQ
2026-10-01 13:32:23 INFO [westminster/Permitted] page at offset 3400: 100 records
2026-10-01 13:32:23 INFO LEAD new: [Permitted] Westminster/25/05663/ADLBC — Warwick House Stable Yard Road London SW1A 1BD
2026-10-01 13:32:23 INFO LEAD new: [Permitted] Westminster/25/05661/FULL — Development Site At 18 - 20 Savile Row London
2026-10-01 13:32:23 INFO LEAD new: [Permitted] Westminster/25/05665/FULL — 86 Queensway London W2 3RR
2026-10-01 13:32:23 INFO LEAD new: [Permitted] Westminster/25/05652/ADFULL — 25 Taunton Place London NW1 6HB
2026-10-01 13:32:23 INFO LEAD new: [Permitted] Westminster/25/05633/FULL — 14 Strutton Ground London SW1P 2HP
2026-10-01 13:32:23 INFO LEAD new: [Permitted] Westminster/25/05637/FULL — 31 Hyde Park Gardens Mews London W2 2NX
2026-10-01 13:32:23 INFO LEAD new: [Permitted] Westminster/25/05666/FULL — Chelwood House Gloucester Square London W2 2SY
2026-10-01 13:32:23 INFO LEAD new: [Permitted] Westminster/25/05667/FULL — 407 - 409 Oxford Street London W1C 2PA
2026-10-01 13:32:23 INFO LEAD new: [Permitted] Westminster/25/05651/FULL — 20 Carlton House Terrace London SW1Y 5AN
2026-10-01 13:32:23 INFO LEAD new: [Permitted] Westminster/25/05625/LBC — 90 Harley Street London W1G 7HS
2026-10-01 13:32:23 INFO LEAD new: [Permitted] Westminster/25/05627/FULL — Harcourt House 27 - 28 Harcourt Street London
2026-10-01 13:32:23 INFO LEAD new: [Permitted] Westminster/25/05627/ADFULL — Harcourt House 27 - 28 Harcourt Street London
2026-10-01 13:32:23 INFO LEAD new: [Permitted] Westminster/25/05629/LBC — 12 - 14 Cleveland Square London W2 6DH
2026-10-01 13:32:23 INFO LEAD new: [Permitted] Westminster/25/05641/ADV — Open Space At Leicester Square London WC2H 7LE
2026-10-01 13:32:23 INFO LEAD new: [Permitted] Westminster/25/05653/ADFULL — 30 Grosvenor Square London W1K 6AN
2026-10-01 13:32:23 INFO LEAD new: [Permitted] Westminster/25/05640/FULL — Open Space At Leicester Square London WC2H 7LE
2026-10-01 13:32:23 INFO LEAD new: [Permitted] Westminster/25/05657/FULL — Brettenham House Lancaster Place London WC2E 7EN
2026-10-01 13:32:23 INFO LEAD new: [Permitted] Westminster/25/05619/ADV — 20 Brook Street West End London W1K 5DE
2026-10-01 13:32:23 INFO LEAD new: [Permitted] Westminster/25/05612/FULL — 6 Berners Mews London W1T 3EJ
2026-10-01 13:32:23 INFO LEAD new: [Permitted] Westminster/25/05618/FULL — 20 Brook Street West End London W1K 5DE
2026-10-01 13:32:23 INFO LEAD new: [Permitted] Westminster/25/05616/LBC — 20 Brook Street West End London W1K 5DE
2026-10-01 13:32:23 INFO LEAD new: [Permitted] Westminster/25/05599/LBC — 7 St James's Place London SW1A 1NP
2026-10-01 13:32:23 INFO LEAD new: [Permitted] Westminster/25/05598/FULL — 7 St James's Place London SW1A 1NP
2026-10-01 13:32:23 INFO LEAD new: [Permitted] Westminster/25/05606/FULL — 133 Sutherland Avenue London W9 2QJ
2026-10-01 13:32:23 INFO LEAD new: [Permitted] Westminster/25/05613/ADV — Orchard Court Portman Square London W1H 6LE
2026-10-01 13:32:23 INFO LEAD new: [Permitted] Westminster/25/05597/CLOPUD — 124 - 126 Horseferry Road London SW1P 2TX
2026-10-01 13:32:23 INFO LEAD new: [Permitted] Westminster/25/05605/ADLBC — 22 Hill Street London W1J 5NJ
2026-10-01 13:32:23 INFO LEAD new: [Permitted] Westminster/25/05603/ADFULL — South West Wing Bush House Strand London WC2B 4RD
2026-10-01 13:32:23 INFO LEAD new: [Permitted] Westminster/25/05600/ADFULL — 17 - 19 Rochester Row London SW1P 1JB
2026-10-01 13:32:23 INFO LEAD new: [Permitted] Westminster/25/05602/LBC — 24 Hamilton Terrace London NW8 9UG
2026-10-01 13:32:23 INFO LEAD new: [Permitted] Westminster/25/05615/ADLBC — 20 Queen Anne's Gate London SW1H 9AA
2026-10-01 13:32:23 INFO LEAD new: [Permitted] Westminster/25/05589/FULL — 30 Sackville Street London W1S 3DY
2026-10-01 13:32:23 INFO LEAD new: [Permitted] Westminster/25/05590/LBC — 30 Sackville Street London W1S 3DY
2026-10-01 13:32:23 INFO LEAD new: [Permitted] Westminster/25/05636/NMA — Ebury Bridge Estate Ebury Bridge Road London SW1W 8PX
2026-10-01 13:32:23 INFO LEAD new: [Permitted] Westminster/25/05597/CLLB — 124 - 126 Horseferry Road London SW1P 2TX
2026-10-01 13:32:23 INFO LEAD new: [Permitted] Westminster/25/05617/LBC — 14 Lowndes Street London SW1X 9EX
2026-10-01 13:32:23 INFO LEAD new: [Permitted] Westminster/25/05614/FULL — 11 Kildare Gardens London W2 5JS
2026-10-01 13:32:23 INFO LEAD new: [Permitted] Westminster/25/05688/EEN — All Saints Church 7 Margaret Street London W1W 8JG
2026-10-01 13:32:23 INFO LEAD new: [Permitted] Westminster/25/05611/LBC — 56 Queen's Gardens London W2 3AF
2026-10-01 13:32:23 INFO LEAD new: [Permitted] Westminster/25/05610/FULL — 56 Queen's Gardens London W2 3AF
2026-10-01 13:32:23 INFO LEAD new: [Permitted] Westminster/25/05583/FULL — 60 Curzon Street London W1J 8PG
2026-10-01 13:32:23 INFO LEAD new: [Permitted] Westminster/25/05581/LBC — 81 Knightsbridge London SW1X 7RB
2026-10-01 13:32:23 INFO LEAD new: [Permitted] Westminster/25/05584/ADV — 160 - 162 New Bond Street London W1S 2UE
2026-10-01 13:32:23 INFO LEAD new: [Permitted] Westminster/25/06118/ADLBC — 27 Wardour Street London W1D 6PR
2026-10-01 13:32:23 INFO LEAD new: [Permitted] Westminster/25/05558/ADFULL — Grosvenor Square Gardens Grosvenor Square London W1K 6LD
2026-10-01 13:32:23 INFO LEAD new: [Permitted] Westminster/25/05553/ADLBC — 1 Dean Trench Street London SW1P 3HB
2026-10-01 13:32:23 INFO LEAD new: [Permitted] Westminster/25/05560/ADFULL — Grosvenor Square Gardens Grosvenor Square London W1K 6LD
2026-10-01 13:32:23 INFO LEAD new: [Permitted] Westminster/25/05573/ADFULL — 1 Vine Street London W1J 0AH
2026-10-01 13:32:23 INFO LEAD new: [Permitted] Westminster/25/05582/ADFULL — Lansdowne House 57 Berkeley Square London W1J 6ER
2026-10-01 13:32:23 INFO LEAD new: [Permitted] Westminster/25/05570/ADLBC — 1 Cavendish Square London W1G 0LA
2026-10-01 13:32:23 INFO LEAD new: [Permitted] Westminster/25/05557/FULL — Wellington Barracks Birdcage Walk SW1E 6HQ
2026-10-01 13:32:24 INFO LEAD new: [Permitted] Westminster/25/05593/NMA — 45 Kilburn Park Road London NW6 5XD
2026-10-01 13:32:24 INFO LEAD new: [Permitted] Westminster/25/05586/ADFULL — 27 Wardour Street London W1D 6PR
2026-10-01 13:32:24 INFO LEAD new: [Permitted] Westminster/25/05592/ADFULL — 24 Sutherland Street London SW1V 4LA
2026-10-01 13:32:24 INFO LEAD new: [Permitted] Westminster/25/05578/ADLBC — 16 Charles Street London W1J 5DR
2026-10-01 13:32:24 INFO LEAD new: [Permitted] Westminster/25/05549/LBC — Flat 3 68 Eccleston Square London SW1V 1PJ
2026-10-01 13:32:24 INFO LEAD new: [Permitted] Westminster/25/05631/FULL — St James The Less Church Moreton Street London SW1V 2PS
2026-10-01 13:32:24 INFO LEAD new: [Permitted] Westminster/25/05548/FULL — Flat 3 68 Eccleston Square London SW1V 1PJ
2026-10-01 13:32:24 INFO LEAD new: [Permitted] Westminster/25/05563/ADV — 5 - 7 Carnaby Street London W1F 9PB
2026-10-01 13:32:24 INFO LEAD new: [Permitted] Westminster/25/05568/LBC — 1 - 5 York Gate London NW1 4QG
2026-10-01 13:32:24 INFO LEAD new: [Permitted] Westminster/25/05569/ADV — 1 - 5 York Gate London NW1 4QG
2026-10-01 13:32:24 INFO LEAD new: [Permitted] Westminster/25/05572/ADFULL — Flat 1 68 Eccleston Square London SW1V 1PJ
2026-10-01 13:32:24 INFO LEAD new: [Permitted] Westminster/25/05541/ADFULL — 324 Regent Street London W1B 3BL
2026-10-01 13:32:24 INFO LEAD new: [Permitted] Westminster/25/05546/ADFULL — Development Site At 14 To 17 Paddington Green London
2026-10-01 13:32:24 INFO LEAD new: [Permitted] Westminster/25/05542/OBS — Lambeth Palace Road Lambeth London
2026-10-01 13:32:24 INFO LEAD new: [Permitted] Westminster/25/05547/ADFULL — Development Site At 14 To 17 Paddington Green London
2026-10-01 13:32:24 INFO LEAD new: [Permitted] Westminster/25/05539/FULL — Second Floor Flat 100 Saltram Crescent London W9 3JX
2026-10-01 13:32:24 INFO LEAD new: [Permitted] Westminster/25/05529/ADV — 15 Chesterfield Street London W1J 5JN
2026-10-01 13:32:24 INFO LEAD new: [Permitted] Westminster/25/05523/FULL — 129 Randolph Avenue London W9 1DN
2026-10-01 13:32:24 INFO LEAD new: [Permitted] Westminster/25/05543/ADV — 146 Edgware Road London W2 2DZ
2026-10-01 13:32:24 INFO LEAD new: [Permitted] Westminster/25/05526/FULL — 53 Frith Street London W1D 4SJ
2026-10-01 13:32:24 INFO LEAD new: [Permitted] Westminster/25/05531/LBC — 3 Belgrave Place London SW1X 8BU
2026-10-01 13:32:24 INFO LEAD new: [Permitted] Westminster/25/05540/FULL — All Souls Clubhouse 141 Cleveland Street London W1T 6QG
2026-10-01 13:32:24 INFO LEAD new: [Permitted] Westminster/25/05535/ADV — 33 Haymarket London
2026-10-01 13:32:24 INFO LEAD new: [Permitted] Westminster/25/05525/ADFULL — Development Site At 180 Piccadilly And 48 To 50 Jermyn Stree
2026-10-01 13:32:24 INFO LEAD new: [Permitted] Westminster/25/05536/CLEUD — Second Floor Flat 100 Saltram Crescent London W9 3JX
2026-10-01 13:32:24 INFO LEAD new: [Permitted] Westminster/25/05545/LBC — 14 The Market Covent Garden London WC2E 8RB
2026-10-01 13:32:24 INFO LEAD new: [Permitted] Westminster/25/05537/LBC — 5C Westbourne Terrace Road London W2 6NG
2026-10-01 13:32:24 INFO LEAD new: [Permitted] Westminster/25/05538/ADFULL — Development Site At Carrington Street Car Park, 51-53 Brick 
2026-10-01 13:32:24 INFO LEAD new: [Permitted] Westminster/25/05533/ADLBC — Royal Institute Of British Architects 66 Portland Place Lond
2026-10-01 13:32:24 INFO LEAD new: [Permitted] Westminster/25/05544/ADLBC — Ground Floor Left 169 Piccadilly London W1J 9EH
2026-10-01 13:32:30 INFO [westminster/Permitted] page at offset 3500: 100 records
2026-10-01 13:32:30 INFO LEAD new: [Permitted] Westminster/25/05516/FULL — Flat 2 284 Elgin Avenue London W9 1JR
2026-10-01 13:32:30 INFO LEAD new: [Permitted] Westminster/25/06216/TELNOT — Roof Communications Station Westbourne Park Garage Great Wes
2026-10-01 13:32:30 INFO LEAD new: [Permitted] Westminster/25/05519/ADV — 87 - 89 Wigmore Street London W1U 1DL
2026-10-01 13:32:30 INFO LEAD new: [Permitted] Westminster/25/06217/TELNOT — 78 Great Portland Street London W1W 7NT
2026-10-01 13:32:30 INFO LEAD new: [Permitted] Westminster/25/05521/LBC — Flat B 80 Eaton Square London SW1W 9AP
2026-10-01 13:32:30 INFO LEAD new: [Permitted] Westminster/25/05514/ADLBC — Flat 6 25 Bryanston Square London W1H 2DS
2026-10-01 13:32:30 INFO LEAD new: [Permitted] Westminster/25/05509/LBC — 33 Haymarket London
2026-10-01 13:32:30 INFO LEAD new: [Permitted] Westminster/25/05503/LBC — 47 Berwick Street London W1F 8SJ
2026-10-01 13:32:30 INFO LEAD new: [Permitted] Westminster/25/05511/LBC — 17 Frith Street London W1D 4RG
2026-10-01 13:32:31 INFO LEAD new: [Permitted] Westminster/25/05496/ADLBC — 120 Mount Street London W1K 3NN
2026-10-01 13:32:31 INFO LEAD new: [Permitted] Westminster/25/05517/FULL — 63 Goldney Road London W9 2AR
2026-10-01 13:32:31 INFO LEAD new: [Permitted] Westminster/25/05518/FULL — 65 Goldney Road London W9 2AR
2026-10-01 13:32:31 INFO LEAD new: [Permitted] Westminster/25/05506/ADV — 77 New Bond Street London W1S 1RY
2026-10-01 13:32:31 INFO LEAD new: [Permitted] Westminster/25/05475/LBC — 93 Warrington Crescent London W9 1EH
2026-10-01 13:32:31 INFO LEAD new: [Permitted] Westminster/25/05472/ADFULL — Development Site At 302 To 310 Kilburn Lane London W9 3EF
2026-10-01 13:32:31 INFO LEAD new: [Permitted] Westminster/25/05470/FULL — 70 Southwold Mansions Widley Road London W9 2LF
2026-10-01 13:32:31 INFO LEAD new: [Permitted] Westminster/25/05483/FULL — 10 Old Bond Street London W1S 4PL
2026-10-01 13:32:31 INFO LEAD new: [Permitted] Westminster/25/05469/FULL — 39 - 43 Brewer Street London W1F 9UD
2026-10-01 13:32:31 INFO LEAD new: [Permitted] Westminster/25/05490/LBC — 1 Horse Guards Road London SW1A 2HQ
2026-10-01 13:32:31 INFO LEAD new: [Permitted] Westminster/25/05476/FULL — 9 Seymour Mews London W1H 6BE
2026-10-01 13:32:31 INFO LEAD new: [Permitted] Westminster/25/05479/NMA — Novello Theatre 5 Aldwych London WC2B 4LD
2026-10-01 13:32:31 INFO LEAD new: [Permitted] Westminster/25/05486/FULL — Flat 5 66 Gloucester Street London SW1V 4EF
2026-10-01 13:32:31 INFO LEAD new: [Permitted] Westminster/25/05477/LBC — Flat 14 85 - 87 Westbourne Terrace London W2 6QS
2026-10-01 13:32:31 INFO LEAD new: [Permitted] Westminster/25/05473/FULL — Ilona Rose House Manette Street London W1D 4AL
2026-10-01 13:32:31 INFO LEAD new: [Permitted] Westminster/25/05482/ADV — 5 - 7 Carnaby Street London W1F 9PB
2026-10-01 13:32:31 INFO LEAD new: [Permitted] Westminster/25/05488/LBC — 3 Wilton Street London SW1X 7AF
2026-10-01 13:32:31 INFO LEAD new: [Permitted] Westminster/25/05485/LBC — 18 Clarendon Gardens London W9 1AZ
2026-10-01 13:32:31 INFO LEAD new: [Permitted] Westminster/25/05467/ADFULL — 3 Strathearn House Strathearn Place London W2 2NQ
2026-10-01 13:32:31 INFO LEAD new: [Permitted] Westminster/25/05489/LBC — 43 Wellington Street London WC2E 7BN
2026-10-01 13:32:31 INFO LEAD new: [Permitted] Westminster/25/05455/NMA — 35 Soho Square London W1D 3QX
2026-10-01 13:32:31 INFO LEAD new: [Permitted] Westminster/25/05433/ADFULL — Flat 4 146 Great Portland Street London W1W 6QB
2026-10-01 13:32:31 INFO LEAD new: [Permitted] Westminster/25/05449/ADLBC — 59A Connaught Street London W2 2BB
2026-10-01 13:32:31 INFO LEAD new: [Permitted] Westminster/25/05439/ADLBC — 3 Strathearn House Strathearn Place London W2 2NQ
2026-10-01 13:32:31 INFO LEAD new: [Permitted] Westminster/25/05453/FULL — Flat 4 56 St Stephen's Gardens London W2 5NJ
2026-10-01 13:32:31 INFO LEAD new: [Permitted] Westminster/25/05451/LBC — 16D Abercorn Place NW8 9XP
2026-10-01 13:32:31 INFO LEAD new: [Permitted] Westminster/25/05452/LBC — Flat 106 Stourhead House 79 Tachbrook Street London SW1V 2QP
2026-10-01 13:32:31 INFO LEAD new: [Permitted] Westminster/25/06215/TELNOT — 20 Buckingham Gate London SW1E 6LB
2026-10-01 13:32:31 INFO LEAD new: [Permitted] Westminster/25/05445/FULL — 14 Floral Street London WC2E 9DH
2026-10-01 13:32:31 INFO LEAD new: [Permitted] Westminster/25/05447/NMA — 14 Berkeley Square London W1J 6AF
2026-10-01 13:32:31 INFO LEAD new: [Permitted] Westminster/25/05457/FULL — Basement And Ground Floor 112 - 114 Wardour Street London W1
2026-10-01 13:32:31 INFO LEAD new: [Permitted] Westminster/25/05435/LBC — Chester House Clarendon Place London W2 2NP
2026-10-01 13:32:31 INFO LEAD new: [Permitted] Westminster/25/05436/ADFULL — 1 Cleveland Terrace London W2 6LH
2026-10-01 13:32:31 INFO LEAD new: [Permitted] Westminster/25/05897/ADFULL — Flat 4 146 Great Portland Street London W1W 6QB
2026-10-01 13:32:31 INFO LEAD new: [Permitted] Westminster/25/05785/ADLBC — 1 Cleveland Terrace London W2 6LH
2026-10-01 13:32:31 INFO LEAD new: [Permitted] Westminster/25/05442/FULL — 10 Old Bond Street London W1S 4PL
2026-10-01 13:32:31 INFO LEAD new: [Permitted] Westminster/25/05450/ADFULL — Grosvenor Square Gardens Grosvenor Square London W1K 6LD
2026-10-01 13:32:31 INFO LEAD new: [Permitted] Westminster/25/05438/LBC — 101 Fifth Avenue London W10 4DR
2026-10-01 13:32:31 INFO LEAD new: [Permitted] Westminster/25/05501/ADLBC — Royal Institute Of British Architects 66 Portland Place Lond
2026-10-01 13:32:31 INFO LEAD new: [Permitted] Westminster/25/05454/ADFULL — 23 Nottingham Terrace London NW1 4QB
2026-10-01 13:32:31 INFO LEAD new: [Permitted] Westminster/25/05456/FULL — 48 Leicester Square London WC2H 7LU
2026-10-01 13:32:31 INFO LEAD new: [Permitted] Westminster/25/05463/FULL — 1 Vincent Square London SW1P 2PN
2026-10-01 13:32:31 INFO LEAD new: [Permitted] Westminster/25/05437/CLEUD — 134 - 136 Seymour Place London W1H 1NT
2026-10-01 13:32:31 INFO LEAD new: [Permitted] Westminster/25/05399/LBC — 29 Eccleston Square London SW1V 1NZ
2026-10-01 13:32:31 INFO LEAD new: [Permitted] Westminster/25/05398/FULL — 29 Eccleston Square London SW1V 1NZ
2026-10-01 13:32:31 INFO LEAD new: [Permitted] Westminster/25/05414/ADV — Ground Floor 45 Marylebone High Street London W1U 5HG
2026-10-01 13:32:31 INFO LEAD new: [Permitted] Westminster/25/05424/FULL — Apartment 4 1 Molyneux Street London W1H 5HU
2026-10-01 13:32:31 INFO LEAD new: [Permitted] Westminster/25/05413/ADV — 35 Broadwick Street London W1F 0DH
2026-10-01 13:32:31 INFO LEAD new: [Permitted] Westminster/25/05419/LBC — Brown Hart Gardens London
2026-10-01 13:32:31 INFO LEAD new: [Permitted] Westminster/25/05431/COADV — Grand Union Canal London
2026-10-01 13:32:31 INFO LEAD new: [Permitted] Westminster/25/05397/FULL — 106G Cambridge Street London SW1V 4QG
2026-10-01 13:32:31 INFO LEAD new: [Permitted] Westminster/25/05432/LBC — 93 Mortimer Street London W1W 7SS
2026-10-01 13:32:31 INFO LEAD new: [Permitted] Westminster/25/05626/ADLBC — 8 Cavendish Avenue London NW8 9JE
2026-10-01 13:32:31 INFO LEAD new: [Permitted] Westminster/25/05402/ADLBC — 97 Mount Street London W1K 2TD
2026-10-01 13:32:31 INFO LEAD new: [Permitted] Westminster/25/05417/ADFULL — 9 Devonshire Close London W1G 7BA
2026-10-01 13:32:31 INFO LEAD new: [Permitted] Westminster/25/05426/NMA — Development Site At 268-282 Vauxhall Bridge Road London
2026-10-01 13:32:31 INFO LEAD new: [Permitted] Westminster/25/05392/LBC — 15 Eaton Square London SW1W 9DD
2026-10-01 13:32:31 INFO LEAD new: [Permitted] Westminster/25/05390/ADLBC — Maisonette 1 Basement And Ground Floor 28 Bryanston Square L
2026-10-01 13:32:31 INFO LEAD new: [Permitted] Westminster/25/05411/LBC — Third Floor And Fourth Floor Rear 128 Mount Street London W1
2026-10-01 13:32:31 INFO LEAD new: [Permitted] Westminster/25/05395/ADV — Unit 1 West End Quay South Wharf Road London W2 1JX
2026-10-01 13:32:31 INFO LEAD new: [Permitted] Westminster/25/05421/ADLBC — Grosvenor Square Gardens Grosvenor Square London W1K 6LD
2026-10-01 13:32:31 INFO LEAD new: [Permitted] Westminster/25/05393/LBC — 18 - 19 Eaton Square London SW1W 9DD
2026-10-01 13:32:31 INFO LEAD new: [Permitted] Westminster/25/05405/FULL — The Garden House 6 Eccleston Place London SW1W 9NE
2026-10-01 13:32:31 INFO LEAD new: [Permitted] Westminster/25/05394/LBC — 22 Eaton Square London SW1W 9DE
2026-10-01 13:32:31 INFO LEAD new: [Permitted] Westminster/25/05401/LBC — 29 Eccleston Square London SW1V 1NZ
2026-10-01 13:32:31 INFO LEAD new: [Permitted] Westminster/25/05410/FULL — Third Floor And Fourth Floor Rear 128 Mount Street London W1
2026-10-01 13:32:31 INFO LEAD new: [Permitted] Westminster/25/05389/AADV — Niketown 236 Oxford Street London W1C 1DE
2026-10-01 13:32:31 INFO LEAD new: [Permitted] Westminster/25/05396/ADFULL — 1 Marylebone High Street London W1U 4DL
2026-10-01 13:32:31 INFO LEAD new: [Permitted] Westminster/25/05412/FULL — 35 Broadwick Street London W1F 0DH
2026-10-01 13:32:31 INFO LEAD new: [Permitted] Westminster/25/05408/NMA — 51 - 53 Brick Street London
2026-10-01 13:32:32 INFO LEAD new: [Permitted] Westminster/25/05427/ADLBC — 105 Eaton Square London SW1W 9AA
2026-10-01 13:32:32 INFO LEAD new: [Permitted] Westminster/25/05407/ADFULL — 14 Cavendish Square London W1G 9DB
2026-10-01 13:32:32 INFO LEAD new: [Permitted] Westminster/25/05406/LBC — The Garden House 6 Eccleston Place London SW1W 9NE
2026-10-01 13:32:32 INFO LEAD new: [Permitted] Westminster/25/05403/ADFULL — 5 Strand London WC2N 5HR
2026-10-01 13:32:32 INFO LEAD new: [Permitted] Westminster/25/05409/FULL — 50 Acacia Road NW8 6AL
2026-10-01 13:32:32 INFO LEAD new: [Permitted] Westminster/25/05387/ADV — 64 Westbourne Grove London W2 5SH
2026-10-01 13:32:32 INFO LEAD new: [Permitted] Westminster/25/05354/LBC — Chatham House 10 St James's Square London SW1Y 4LE
2026-10-01 13:32:32 INFO LEAD new: [Permitted] Westminster/25/05350/ADFULL — Flat 133 Arthur Court Queensway London W2 5HP
2026-10-01 13:32:32 INFO LEAD new: [Permitted] Westminster/25/05391/CLLB — 105 Piccadilly London W1J 7NJ
2026-10-01 13:32:32 INFO LEAD new: [Permitted] Westminster/25/05384/FULL — 27 South Eaton Place London SW1W 9EL
2026-10-01 13:32:32 INFO LEAD new: [Permitted] Westminster/25/05385/LBC — 27 South Eaton Place London SW1W 9EL
2026-10-01 13:32:32 INFO LEAD new: [Permitted] Westminster/25/05359/LBC — 23 Nassau Street London W1W 7AG
2026-10-01 13:32:32 INFO LEAD new: [Permitted] Westminster/25/05378/ADLBC — The Ritz Hotel 150 - 156 Piccadilly London W1J 9BR
2026-10-01 13:32:32 INFO LEAD new: [Permitted] Westminster/25/05361/FULL — 178 Westbourne Park Road London W11 1BT
2026-10-01 13:32:32 INFO LEAD new: [Permitted] Westminster/25/05351/ADFULL — Flat 133 Arthur Court Queensway London W2 5HP
2026-10-01 13:32:32 INFO LEAD new: [Permitted] Westminster/25/05363/FULL — 17 Sheldon Square London W2 6EP
2026-10-01 13:32:32 INFO LEAD new: [Permitted] Westminster/25/05374/ADV — Coach And Horses 5 Hill Street London W1J 5LD
2026-10-01 13:32:39 INFO [westminster/Permitted] page at offset 3600: 100 records
2026-10-01 13:32:39 INFO LEAD new: [Permitted] Westminster/25/05352/FULL — 9 Clifford Street London W1S 2FT
2026-10-01 13:32:39 INFO LEAD new: [Permitted] Westminster/25/05373/FULL — Coach And Horses 5 Hill Street London W1J 5LD
2026-10-01 13:32:39 INFO LEAD new: [Permitted] Westminster/25/05386/LBC — 16 Hanover Square London W1S 1HS
2026-10-01 13:32:39 INFO LEAD new: [Permitted] Westminster/25/05380/ADV — 149 New Bond Street London W1S 2TT
2026-10-01 13:32:39 INFO LEAD new: [Permitted] Westminster/25/05383/LBC — 16 Hanover Square London W1S 1HS
2026-10-01 13:32:39 INFO LEAD new: [Permitted] Westminster/25/05364/LBC — Flat 1 144 - 146 Randolph Avenue London W9 1PG
2026-10-01 13:32:39 INFO LEAD new: [Permitted] Westminster/25/05358/COGADF — Ground Floor Seymour Leisure Centre Seymour Place London W1H
2026-10-01 13:32:39 INFO LEAD new: [Permitted] Westminster/25/05360/ADFULL — Basement Flat 151 Cambridge Street London SW1V 4QB
2026-10-01 13:32:39 INFO LEAD new: [Permitted] Westminster/25/05346/ADLBC — 9 Clifford Street London W1S 2FT
2026-10-01 13:32:39 INFO LEAD new: [Permitted] Westminster/25/05333/ADV — 508 - 510 Edgware Road London W2 1EN
2026-10-01 13:32:39 INFO LEAD new: [Permitted] Westminster/25/05334/LBC — Flat 43 Albert Hall Mansions Kensington Gore London SW7 2AW
2026-10-01 13:32:39 INFO LEAD new: [Permitted] Westminster/25/05310/ADFULL — 29 Ennismore Mews London SW7 1AP
2026-10-01 13:32:39 INFO LEAD new: [Permitted] Westminster/25/05313/ADV — 68 Edgware Road London W2 2EG
2026-10-01 13:32:39 INFO LEAD new: [Permitted] Westminster/25/05340/FULL — Flat 11 46 Upper Grosvenor Street London W1K 2NW
2026-10-01 13:32:39 INFO LEAD new: [Permitted] Westminster/25/05327/ADV — North Audley Street London
2026-10-01 13:32:39 INFO LEAD new: [Permitted] Westminster/25/05324/ADV — 112-115 Long Acre, London WC2E 9PA
2026-10-01 13:32:39 INFO LEAD new: [Permitted] Westminster/25/05315/ADFULL — Second Floor Flat 64A South Audley Street London W1K 2QT
2026-10-01 13:32:39 INFO LEAD new: [Permitted] Westminster/25/05343/ADV — Duke Street London W1U 3EG
2026-10-01 13:32:39 INFO LEAD new: [Permitted] Westminster/25/05347/ADFULL — 120 Mount Street London W1K 3NN
2026-10-01 13:32:39 INFO LEAD new: [Permitted] Westminster/25/05318/FULL — 11 Trevor Street London SW7 1DX
2026-10-01 13:32:39 INFO LEAD new: [Permitted] Westminster/25/05312/LBC — Flat 8 58 Rutland Gate London SW7 1PL
2026-10-01 13:32:39 INFO LEAD new: [Permitted] Westminster/25/05311/FULL — Flat 8 58 Rutland Gate London SW7 1PL
2026-10-01 13:32:39 INFO LEAD new: [Permitted] Westminster/25/05322/ADFULL — 172 Tachbrook Street London SW1V 2NE
2026-10-01 13:32:39 INFO LEAD new: [Permitted] Westminster/25/05344/ADV — 28 New Bond Street London W1S 2RJ
2026-10-01 13:32:39 INFO LEAD new: [Permitted] Westminster/25/05348/ADV — Westbourne Park Station Great Western Road London W11 1AB
2026-10-01 13:32:39 INFO LEAD new: [Permitted] Westminster/25/05331/FULL — 57 Clifton Hill London NW8 0JN
2026-10-01 13:32:39 INFO LEAD new: [Permitted] Westminster/25/05342/LBC — Burlington Gardens London
2026-10-01 13:32:39 INFO LEAD new: [Permitted] Westminster/25/05321/LBC — Wilson House 38 - 76 Sussex Gardens London W2 1UF
2026-10-01 13:32:39 INFO LEAD new: [Permitted] Westminster/25/05320/ADLBC — Cunard House 15 Regent Street London SW1Y 4LR
2026-10-01 13:32:39 INFO LEAD new: [Permitted] Westminster/25/05341/ADFULL — Development Site At 1-11 And 13-15 Carteret Street 40 Broadw
2026-10-01 13:32:39 INFO LEAD new: [Permitted] Westminster/25/05319/LBC — 11 Trevor Street London SW7 1DX
2026-10-01 13:32:39 INFO LEAD new: [Permitted] Westminster/25/05330/NMA — 100 Piccadilly London W1J 7NH
2026-10-01 13:32:39 INFO LEAD new: [Permitted] Westminster/25/05328/FULL — 57 Clifton Hill London NW8 0JN
2026-10-01 13:32:39 INFO LEAD new: [Permitted] Westminster/25/05335/ADV — South Audley Street London
2026-10-01 13:32:39 INFO LEAD new: [Permitted] Westminster/25/05329/FULL — 33 - 37 Wardour Street London W1D 6PT
2026-10-01 13:32:39 INFO LEAD new: [Permitted] Westminster/25/05290/NMA — 50 Berkeley Street London W1J 8HA
2026-10-01 13:32:39 INFO LEAD new: [Permitted] Westminster/25/05281/FULL — 1B Chester Row London SW1W 9JF
2026-10-01 13:32:39 INFO LEAD new: [Permitted] Westminster/25/05288/LBC — 11 - 13 Charlotte Street London W1T 1RH
2026-10-01 13:32:39 INFO LEAD new: [Permitted] Westminster/25/05279/FULL — 1 Ranelagh Cottages London SW1W 8QA
2026-10-01 13:32:39 INFO LEAD new: [Permitted] Westminster/25/05300/FULL — Ground Floor Lords Cricket Ground St John's Wood Road London
2026-10-01 13:32:39 INFO LEAD new: [Permitted] Westminster/25/05278/LBC — 14 Albion Street W2 2AS
2026-10-01 13:32:39 INFO LEAD new: [Permitted] Westminster/25/05296/COFUL — Open Space Berkeley Square London W1J 6EB
2026-10-01 13:32:39 INFO LEAD new: [Permitted] Westminster/25/05294/FULL — Flat 3 61 Randolph Avenue London W9 1DW
2026-10-01 13:32:39 INFO LEAD new: [Permitted] Westminster/25/05287/FULL — 11 - 13 Charlotte Street London W1T 1RH
2026-10-01 13:32:39 INFO LEAD new: [Permitted] Westminster/25/05285/NMA — Development Site At 74 To 77 Welbeck Street And 28 To 40 Mar
2026-10-01 13:32:39 INFO LEAD new: [Permitted] Westminster/25/05277/FULL — 14 Albion Street W2 2AS
2026-10-01 13:32:39 INFO LEAD new: [Permitted] Westminster/25/05295/LBC — Flat 3 61 Randolph Avenue London W9 1DW
2026-10-01 13:32:39 INFO LEAD new: [Permitted] Westminster/25/05291/ADV — Bus Stop Outside 22 Oxford Street London W1C 2DZ
2026-10-01 13:32:39 INFO LEAD new: [Permitted] Westminster/25/05299/ADLBC — 75 Hereford Road London W2 5BB
2026-10-01 13:32:39 INFO LEAD new: [Permitted] Westminster/25/05273/ADV — The Victoria Tower Gardens Millbank London SW1P 3YB
2026-10-01 13:32:39 INFO LEAD new: [Permitted] Westminster/25/05280/FULL — 21 Westmoreland Street London W1G 8PN
2026-10-01 13:32:39 INFO LEAD new: [Permitted] Westminster/25/05270/ADFULL — 63A Marlborough Place London NW8 0PT
2026-10-01 13:32:39 INFO LEAD new: [Permitted] Westminster/25/05271/FULL — 36 Manchester Street London W1U 7LH
2026-10-01 13:32:39 INFO LEAD new: [Permitted] Westminster/25/05272/LBC — 36 Manchester Street London W1U 7LH
2026-10-01 13:32:39 INFO LEAD new: [Permitted] Westminster/25/05940/ADV — Market Hall Victoria 191 Victoria Street London SW1E 5NE
2026-10-01 13:32:39 INFO LEAD new: [Permitted] Westminster/25/05286/FULL — 80 Warwick Square London SW1V 2AR
2026-10-01 13:32:39 INFO LEAD new: [Permitted] Westminster/25/05275/ADV — Christchurch Gardens Victoria Street London SW1H 0AY
2026-10-01 13:32:39 INFO LEAD new: [Permitted] Westminster/25/05269/LBC — 25 Old Bond Street London W1S 4QB
2026-10-01 13:32:40 INFO LEAD new: [Permitted] Westminster/25/05293/FULL — 24 Droop Street London W10 4DQ
2026-10-01 13:32:40 INFO LEAD new: [Permitted] Westminster/25/05252/FULL — St Peters Eaton Square Primary School Lower Belgrave Street 
2026-10-01 13:32:40 INFO LEAD new: [Permitted] Westminster/25/05250/ADV — 17 Frith Street London W1D 4RG
2026-10-01 13:32:40 INFO LEAD new: [Permitted] Westminster/25/05237/LBC — 30 Pimlico Road London SW1W 8LJ
2026-10-01 13:32:40 INFO LEAD new: [Permitted] Westminster/25/05256/ADLBC — Flat 1 20 Howley Place London W2 1XA
2026-10-01 13:32:40 INFO LEAD new: [Permitted] Westminster/25/05267/ADV — 48 Regent Street London W1B 5RA
2026-10-01 13:32:40 INFO LEAD new: [Permitted] Westminster/25/05236/FULL — 30 Pimlico Road London SW1W 8LJ
2026-10-01 13:32:40 INFO LEAD new: [Permitted] Westminster/25/05261/FULL — 1 Devonshire Close London W1G 7BA
2026-10-01 13:32:40 INFO LEAD new: [Permitted] Westminster/25/05228/LBC — 31 Eccleston Square London SW1V 1NZ
2026-10-01 13:32:40 INFO LEAD new: [Permitted] Westminster/25/05257/ADV — 56 - 59 Park Lane London W1K 1QB
2026-10-01 13:32:40 INFO LEAD new: [Permitted] Westminster/25/05266/COMADL — Ground Floor Seymour Leisure Centre Seymour Place London W1H
2026-10-01 13:32:40 INFO LEAD new: [Permitted] Westminster/25/05222/LBC — 239 Knightsbridge London SW7 1DJ
2026-10-01 13:32:40 INFO LEAD new: [Permitted] Westminster/25/05223/FULL — 131 Praed Street London W2 1RL
2026-10-01 13:32:40 INFO LEAD new: [Permitted] Westminster/25/05233/FULL — 53 Eaton Terrace London SW1W 8TR
2026-10-01 13:32:40 INFO LEAD new: [Permitted] Westminster/25/05227/LBC — Flat 5 19 Buckingham Street London WC2N 6EG
2026-10-01 13:32:40 INFO LEAD new: [Permitted] Westminster/25/05226/ADV — 442 Edgware Road London W2 1EG
2026-10-01 13:32:40 INFO LEAD new: [Permitted] Westminster/25/05249/LBC — 67 Eaton Place London SW1X 8DF
2026-10-01 13:32:40 INFO LEAD new: [Permitted] Westminster/25/05911/TELNOT — Unit 54 Main Concourse Victoria Station Terminus Place Londo
2026-10-01 13:32:40 INFO LEAD new: [Permitted] Westminster/25/05264/FULL — 8 Lancashire Court London W1S 1EY
2026-10-01 13:32:40 INFO LEAD new: [Permitted] Westminster/25/05231/ADFULL — 7 Bloomfield Terrace London SW1W 8PG
2026-10-01 13:32:40 INFO LEAD new: [Permitted] Westminster/25/05263/LBC — 26 Warwick Avenue London W9 2PT
2026-10-01 13:32:40 INFO LEAD new: [Permitted] Westminster/25/05265/ADV — 48 Regent Street London W1B 5RA
2026-10-01 13:32:40 INFO LEAD new: [Permitted] Westminster/25/05251/ADV — 28 - 32 Shelton Street London WC2H 9JE
2026-10-01 13:32:40 INFO LEAD new: [Permitted] Westminster/25/05260/LBC — The Lister Hospital Chelsea Bridge Road London SW1W 8RH
2026-10-01 13:32:40 INFO LEAD new: [Permitted] Westminster/25/05259/FULL — The Lister Hospital Chelsea Bridge Road London SW1W 8RH
2026-10-01 13:32:40 INFO LEAD new: [Permitted] Westminster/25/05238/AADV — Niketown 236 Oxford Street London W1C 1DE
2026-10-01 13:32:46 INFO [westminster/Permitted] page at offset 3700: 100 records
2026-10-01 13:32:46 INFO LEAD new: [Permitted] Westminster/25/05188/FULL — 95 - 97 Dean Street London W1D 3SY
2026-10-01 13:32:46 INFO LEAD new: [Permitted] Westminster/25/05185/FULL — 154 Sutherland Avenue London W9 1HP
2026-10-01 13:32:46 INFO LEAD new: [Permitted] Westminster/25/05184/FULL — 61A South Audley Street London W1K 2QP
2026-10-01 13:32:46 INFO LEAD new: [Permitted] Westminster/25/05193/ADFULL — 29 Upbrook Mews London W2 3HG
2026-10-01 13:32:46 INFO LEAD new: [Permitted] Westminster/25/05196/FULL — 9 Wilton Crescent London SW1X 8SP
2026-10-01 13:32:46 INFO LEAD new: [Permitted] Westminster/25/05566/TELNOT — 1 Bessborough Gardens London SW1V 2JQ
2026-10-01 13:32:46 INFO LEAD new: [Permitted] Westminster/25/05910/TELNOT — 5A The Market Covent Garden London WC2E 8RA
2026-10-01 13:32:46 INFO LEAD new: [Permitted] Westminster/25/05189/ADV — 95 - 97 Dean Street London W1D 3SY
2026-10-01 13:32:46 INFO LEAD new: [Permitted] Westminster/25/05214/ADV — 165 New Bond Street London W1S 4AY
2026-10-01 13:32:46 INFO LEAD new: [Permitted] Westminster/25/05216/LBC — 53 Eaton Terrace London SW1W 8TR
2026-10-01 13:32:46 INFO LEAD new: [Permitted] Westminster/25/05183/ADV — 119 New Bond Street London W1S 1EP
2026-10-01 13:32:46 INFO LEAD new: [Permitted] Westminster/25/05219/LBC — London Coliseum 32 - 35 St Martin's Lane London WC2N 4ES
2026-10-01 13:32:46 INFO LEAD new: [Permitted] Westminster/25/05198/FULL — The Dilly 21 Piccadilly London W1J 0BH
2026-10-01 13:32:46 INFO LEAD new: [Permitted] Westminster/25/05218/ADV — 24 - 26 Spring Street London W2 1JA
2026-10-01 13:32:47 INFO LEAD new: [Permitted] Westminster/25/05211/LBC — 38 Grosvenor Gardens London SW1W 0EB
2026-10-01 13:32:47 INFO LEAD new: [Permitted] Westminster/25/05181/FULL — 139 Hamilton Terrace London NW8 9QS
2026-10-01 13:32:47 INFO LEAD new: [Permitted] Westminster/25/05197/LBC — 9 Wilton Crescent London SW1X 8SP
2026-10-01 13:32:47 INFO LEAD new: [Permitted] Westminster/25/05240/EIASCR — Development Site At Chelsea Barracks Chelsea Bridge Road Lon
2026-10-01 13:32:47 INFO LEAD new: [Permitted] Westminster/25/05209/LBC — 38 Grosvenor Gardens London SW1W 0EB
2026-10-01 13:32:47 INFO LEAD new: [Permitted] Westminster/25/05187/FULL — 26 Montagu Mews South London W1H 7ES
2026-10-01 13:32:47 INFO LEAD new: [Permitted] Westminster/25/05213/ADFULL — 96 Queensway London W2 3RR
2026-10-01 13:32:47 INFO LEAD new: [Permitted] Westminster/25/05201/FULL — 225 - 235 Oxford Street London W1D 2LN
2026-10-01 13:32:47 INFO LEAD new: [Permitted] Westminster/25/05179/FULL — 107A Randolph Avenue London W9 1DL
2026-10-01 13:32:47 INFO LEAD new: [Permitted] Westminster/25/05206/LBC — St Margarets House 19 - 23 Wells Street London W1T 3PQ
2026-10-01 13:32:47 INFO LEAD new: [Permitted] Westminster/25/05192/LBC — Dover House Whitehall London SW1A 2AU
2026-10-01 13:32:47 INFO LEAD new: [Permitted] Westminster/25/05182/LBC — 139 Hamilton Terrace London NW8 9QS
2026-10-01 13:32:47 INFO LEAD new: [Permitted] Westminster/25/05217/FULL — London Hilton 22 Park Lane London W1K 1BE
2026-10-01 13:32:47 INFO LEAD new: [Permitted] Westminster/25/05180/LBC — 119 New Bond Street London W1S 1EP
2026-10-01 13:32:47 INFO LEAD new: [Permitted] Westminster/25/05210/FULL — 38 Grosvenor Gardens London SW1W 0EB
2026-10-01 13:32:47 INFO LEAD new: [Permitted] Westminster/25/05142/FULL — 142 Hamilton Terrace London NW8 9UX
2026-10-01 13:32:47 INFO LEAD new: [Permitted] Westminster/25/05149/ADV — Ground Floor Imperial College Prince Consort Road London SW7
2026-10-01 13:32:47 INFO LEAD new: [Permitted] Westminster/25/05164/LBC — Dorset House Gloucester Place London NW1 5AH
2026-10-01 13:32:47 INFO LEAD new: [Permitted] Westminster/25/05163/FULL — Dorset House Gloucester Place London NW1 5AH
2026-10-01 13:32:47 INFO LEAD new: [Permitted] Westminster/25/05194/ADLBC — 7 Bloomfield Terrace London SW1W 8PG
2026-10-01 13:32:47 INFO LEAD new: [Permitted] Westminster/25/05162/ADFULL — 9 Clifford Street London W1S 2FT
2026-10-01 13:32:47 INFO LEAD new: [Permitted] Westminster/25/05174/ADFULL — St Marks Court Abercorn Place NW8 9AN
2026-10-01 13:32:47 INFO LEAD new: [Permitted] Westminster/25/05159/ADV — Basement And Ground Floor 37 Thayer Street London W1U 2QY
2026-10-01 13:32:47 INFO LEAD new: [Permitted] Westminster/25/05173/ADFULL — St Marks Court Abercorn Place NW8 9AN
2026-10-01 13:32:47 INFO LEAD new: [Permitted] Westminster/25/05170/ADV — (Including Basement To First Floor Foubert's Place) Basement
2026-10-01 13:32:47 INFO LEAD new: [Permitted] Westminster/25/05165/ADFULL — St Marks Court Abercorn Place NW8 9AN
2026-10-01 13:32:47 INFO LEAD new: [Permitted] Westminster/25/05355/ADLBC — 9 Clifford Street London W1S 2FT
2026-10-01 13:32:47 INFO LEAD new: [Permitted] Westminster/25/05152/LBC — 175 Praed Street London W2 1RH
2026-10-01 13:32:47 INFO LEAD new: [Permitted] Westminster/25/05158/COADV — Wyndham Place London
2026-10-01 13:32:47 INFO LEAD new: [Permitted] Westminster/25/05150/ADV — 112 - 115 Long Acre London WC2E 9NT
2026-10-01 13:32:47 INFO LEAD new: [Permitted] Westminster/25/05161/LBC — 51 Berkeley Square London W1J 5BB
2026-10-01 13:32:47 INFO LEAD new: [Permitted] Westminster/25/05151/FULL — 175 Praed Street London W2 1RH
2026-10-01 13:32:47 INFO LEAD new: [Permitted] Westminster/25/05146/AD7 — 21 St James's Square London SW1Y 4JZ
2026-10-01 13:32:47 INFO LEAD new: [Permitted] Westminster/25/05148/NMA — Darwin House 104 Grosvenor Road London SW1V 3LH
2026-10-01 13:32:47 INFO LEAD new: [Permitted] Westminster/25/05168/FULL — 169 - 173 Oxford Street London W1D 2JR
2026-10-01 13:32:47 INFO LEAD new: [Permitted] Westminster/25/05169/LBC — 169 - 173 Oxford Street London W1D 2JR
2026-10-01 13:32:47 INFO LEAD new: [Permitted] Westminster/25/05140/FULL — Hotel Bryanston Street London W1H 7EH
2026-10-01 13:32:47 INFO LEAD new: [Permitted] Westminster/25/05186/CLLB — 165 New Bond Street London W1S 4AY
2026-10-01 13:32:47 INFO LEAD new: [Permitted] Westminster/25/05129/FULL — 47 Chippenham Road London W9 2AH
2026-10-01 13:32:47 INFO LEAD new: [Permitted] Westminster/25/05127/LBC — Buckingham Palace The Mall London SW1A 1AA
2026-10-01 13:32:47 INFO LEAD new: [Permitted] Westminster/25/05130/LBC — Flat 4 166 Gloucester Terrace London W2 6HR
2026-10-01 13:32:47 INFO LEAD new: [Permitted] Westminster/25/05137/P3JPA — 50 Vauxhall Bridge Road London SW1V 2RR
2026-10-01 13:32:47 INFO LEAD new: [Permitted] Westminster/25/05134/ADFULL — St Johns Wood Barracks Ordnance Hill London NW8 6PT
2026-10-01 13:32:47 INFO LEAD new: [Permitted] Westminster/25/05136/LBC — 1 Chiltern Street London W1U 7PA
2026-10-01 13:32:47 INFO LEAD new: [Permitted] Westminster/25/05513/TELNOT — Marylebone Road London
2026-10-01 13:32:47 INFO LEAD new: [Permitted] Westminster/25/05118/ADFULL — 103 - 105 Jermyn Street London SW1Y 6EE
2026-10-01 13:32:47 INFO LEAD new: [Permitted] Westminster/25/05125/ADFULL — 2 Melina Place London NW8 9SA
2026-10-01 13:32:47 INFO LEAD new: [Permitted] Westminster/25/05123/NMA — Ebury Bridge Estate Ebury Bridge Road London SW1W 8PX
2026-10-01 13:32:47 INFO LEAD new: [Permitted] Westminster/25/05512/TELNOT — Marylebone Road London
2026-10-01 13:32:47 INFO LEAD new: [Permitted] Westminster/25/05124/NMA — Star House 15 - 17 Great Portland Street London W1W 8QA
2026-10-01 13:32:47 INFO LEAD new: [Permitted] Westminster/25/05139/LBC — Accumulator Tower And District Heating Workshop Churchill Ga
2026-10-01 13:32:47 INFO LEAD new: [Permitted] Westminster/25/05135/FULL — 20B Ranston Street London NW1 6SY
2026-10-01 13:32:47 INFO LEAD new: [Permitted] Westminster/25/05133/NMA — Abercorn School 28 Abercorn Place NW8 9XP
2026-10-01 13:32:47 INFO LEAD new: [Permitted] Westminster/25/05126/FULL — 86 Marylebone High Street London W1U 4QT
2026-10-01 13:32:47 INFO LEAD new: [Permitted] Westminster/25/05111/ADV — Great Portland Street London
2026-10-01 13:32:47 INFO LEAD new: [Permitted] Westminster/25/05090/FULL — 9 Cavendish Square London W1G 9DF
2026-10-01 13:32:47 INFO LEAD new: [Permitted] Westminster/25/05104/ADFULL — 16 Cavendish Avenue London NW8 9JE
2026-10-01 13:32:47 INFO LEAD new: [Permitted] Westminster/25/05105/ADFULL — 16 Cavendish Avenue London NW8 9JE
2026-10-01 13:32:47 INFO LEAD new: [Permitted] Westminster/25/05121/OBS — 10 Leake Street London SE1 7NN
2026-10-01 13:32:47 INFO LEAD new: [Permitted] Westminster/25/05087/ADV — Basement And Ground Floor 125 Queensway London W2 4SJ
2026-10-01 13:32:47 INFO LEAD new: [Permitted] Westminster/25/05080/ADLBC — 16 Cavendish Avenue London NW8 9JE
2026-10-01 13:32:47 INFO LEAD new: [Permitted] Westminster/25/05068/FULL — 18 Dartmouth Street London SW1H 9BL
2026-10-01 13:32:47 INFO LEAD new: [Permitted] Westminster/25/05109/LBC — 52 Eaton Place London SW1X 8AL
2026-10-01 13:32:48 INFO LEAD new: [Permitted] Westminster/25/05365/TELNOT — 66 Knightsbridge London SW1X 7LA
2026-10-01 13:32:48 INFO LEAD new: [Permitted] Westminster/25/05107/FULL — 12A Durham Terrace London W2 5PB
2026-10-01 13:32:48 INFO LEAD new: [Permitted] Westminster/25/05070/FULL — 60 - 62 Westbourne Grove London W2 5RU
2026-10-01 13:32:48 INFO LEAD new: [Permitted] Westminster/25/05098/ADLBC — The Royal Institution Of Great Britain 21 Albemarle Street L
2026-10-01 13:32:48 INFO LEAD new: [Permitted] Westminster/25/05081/NMA — Alfies Antique Market 13 - 25 Church Street London NW8 8DT
2026-10-01 13:32:48 INFO LEAD new: [Permitted] Westminster/25/05073/ADLBC — 16 Cavendish Avenue London NW8 9JE
2026-10-01 13:32:48 INFO LEAD new: [Permitted] Westminster/25/05067/FULL — 41A St John's Wood High Street London NW8 7NJ
2026-10-01 13:32:48 INFO LEAD new: [Permitted] Westminster/25/05108/FULL — 52 Eaton Place London SW1X 8AL
2026-10-01 13:32:48 INFO LEAD new: [Permitted] Westminster/25/05075/LBC — 26 King Street Covent Garden London WC2E 8HN
2026-10-01 13:32:48 INFO LEAD new: [Permitted] Westminster/25/05086/FULL — Basement And Ground Floor 125 Queensway London W2 4SJ
2026-10-01 13:32:48 INFO LEAD new: [Permitted] Westminster/25/05093/FULL — 1 Leicester Place London WC2H 7BP
2026-10-01 13:32:48 INFO LEAD new: [Permitted] Westminster/25/05195/ADFULL — 17 Sutherland Street London SW1V 4JU
2026-10-01 13:32:48 INFO LEAD new: [Permitted] Westminster/25/05096/LBC — 20B The Market Covent Garden London WC2E 8RB
2026-10-01 13:32:48 INFO LEAD new: [Permitted] Westminster/25/05095/ADFULL — 4 Chesterfield Hill London W1J 5BL
2026-10-01 13:32:48 INFO LEAD new: [Permitted] Westminster/25/05079/NMA — 1 Carlton House Terrace London SW1Y 5AF
2026-10-01 13:32:48 INFO LEAD new: [Permitted] Westminster/25/05088/FULL — 130 - 134 New Bond Street London
2026-10-01 13:32:48 INFO LEAD new: [Permitted] Westminster/25/05085/ADV — 179 Regent Street London W1B 4JQ
2026-10-01 13:32:54 INFO [westminster/Permitted] page at offset 3800: 100 records
2026-10-01 13:32:54 INFO LEAD new: [Permitted] Westminster/25/05102/FULL — 6 Clifton Hill London NW8 0QG
2026-10-01 13:32:54 INFO LEAD new: [Permitted] Westminster/25/05097/LBC — Coach And Horses 5 Hill Street London W1J 5LD
2026-10-01 13:32:54 INFO LEAD new: [Permitted] Westminster/25/05071/FULL — 144 - 146 Buckingham Palace Road London SW1W 9TR
2026-10-01 13:32:54 INFO LEAD new: [Permitted] Westminster/25/05072/LBC — 144 - 146 Buckingham Palace Road London SW1W 9TR
2026-10-01 13:32:54 INFO LEAD new: [Permitted] Westminster/25/05049/FULL — 1 Wellington Close London W11 2AN
2026-10-01 13:32:54 INFO LEAD new: [Permitted] Westminster/25/05178/ADLBC — Devonshire House Mayfair Place London W1J 8AJ
2026-10-01 13:32:54 INFO LEAD new: [Permitted] Westminster/25/05053/AD7 — 62 Bayswater Road London W2 3PH
2026-10-01 13:32:54 INFO LEAD new: [Permitted] Westminster/25/05052/CLEUD — Grosvenor Square Gardens Grosvenor Square London W1K 6LD
2026-10-01 13:32:54 INFO LEAD new: [Permitted] Westminster/25/05058/LBC — Buckingham Palace The Mall London SW1A 1AA
2026-10-01 13:32:54 INFO LEAD new: [Permitted] Westminster/25/05057/FULL — Buckingham Palace The Mall London SW1A 1AA
2026-10-01 13:32:54 INFO LEAD new: [Permitted] Westminster/25/05041/ADV — 34 Old Bond Street London W1S 4QL
2026-10-01 13:32:54 INFO LEAD new: [Permitted] Westminster/25/05037/LBC — 249 - 251 Regent Street London W1B 2EP
2026-10-01 13:32:54 INFO LEAD new: [Permitted] Westminster/25/05047/FULL — 98 Shaftesbury Avenue London W1D 5EB
2026-10-01 13:32:54 INFO LEAD new: [Permitted] Westminster/25/05043/FULL — 7 Loxton Walk London W1U 8AZ
2026-10-01 13:32:54 INFO LEAD new: [Permitted] Westminster/25/05054/AD7 — Basement And Ground Floor And Mezzanine 45 Conduit Street Lo
2026-10-01 13:32:54 INFO LEAD new: [Permitted] Westminster/25/05036/FULL — 249 - 251 Regent Street London W1B 2EP
2026-10-01 13:32:55 INFO LEAD new: [Permitted] Westminster/25/05034/FULL — Second Floor Flat 11 Croxley Road London W9 3HH
2026-10-01 13:32:55 INFO LEAD new: [Permitted] Westminster/25/05289/TELNOT — Princes House 38 Jermyn Street London SW1Y 6DN
2026-10-01 13:32:55 INFO LEAD new: [Permitted] Westminster/25/05056/LBC — 216 Strand London WC2R 1AP
2026-10-01 13:32:55 INFO LEAD new: [Permitted] Westminster/25/05059/NMA — Development Site At Former Whiteleys Centre Queensway London
2026-10-01 13:32:55 INFO LEAD new: [Permitted] Westminster/25/05061/ADFULL — Devonshire House Mayfair Place London W1J 8AJ
2026-10-01 13:32:55 INFO LEAD new: [Permitted] Westminster/25/05045/LBC — 12A Lowndes Street London SW1X 9EX
2026-10-01 13:32:55 INFO LEAD new: [Permitted] Westminster/25/05044/FULL — 12A Lowndes Street London SW1X 9EX
2026-10-01 13:32:55 INFO LEAD new: [Permitted] Westminster/25/05204/TELNOT — Smithson Tower 25 St James's Street London SW1A 1HA
2026-10-01 13:32:55 INFO LEAD new: [Permitted] Westminster/25/04999/ADV — 43 Upper Brook Street London W1K 7QR
2026-10-01 13:32:55 INFO LEAD new: [Permitted] Westminster/25/05025/ADLBC — 128 Mount Street London W1K 3NU
2026-10-01 13:32:55 INFO LEAD new: [Permitted] Westminster/25/05004/ADFULL — 128 Mount Street London W1K 3NU
2026-10-01 13:32:55 INFO LEAD new: [Permitted] Westminster/25/05020/FULL — 34 First Avenue London W10 4NL
2026-10-01 13:32:55 INFO LEAD new: [Permitted] Westminster/25/05018/ADV — Basement To Ground Floor 8 South Molton Street London W1K 5Q
2026-10-01 13:32:55 INFO LEAD new: [Permitted] Westminster/25/04995/ADFULL — Corus Hotel 1 - 7 Lancaster Gate London W2 3LG
2026-10-01 13:32:55 INFO LEAD new: [Permitted] Westminster/25/04996/ADLBC — Corus Hotel 1 - 7 Lancaster Gate London W2 3LG
2026-10-01 13:32:55 INFO LEAD new: [Permitted] Westminster/25/05002/LBC — 11 Trevor Street London SW7 1DX
2026-10-01 13:32:55 INFO LEAD new: [Permitted] Westminster/25/05024/LBC — 18 - 19 Princes Gate London SW7 1PT
2026-10-01 13:32:55 INFO LEAD new: [Permitted] Westminster/25/05027/ADFULL — Development Site At Former Whiteleys Centre Queensway London
2026-10-01 13:32:55 INFO LEAD new: [Permitted] Westminster/25/05028/LBC — Royal Horseguards Hotel 2 Whitehall Court London SW1A 2EL
2026-10-01 13:32:55 INFO LEAD new: [Permitted] Westminster/25/05030/ADLBC — 43 Eaton Place London SW1X 8BX
2026-10-01 13:32:55 INFO LEAD new: [Permitted] Westminster/25/04993/LBC — 1 Cavendish Square London W1G 0LA
2026-10-01 13:32:55 INFO LEAD new: [Permitted] Westminster/25/04994/ADLBC — Corus Hotel 1 - 7 Lancaster Gate London W2 3LG
2026-10-01 13:32:55 INFO LEAD new: [Permitted] Westminster/25/05203/TELNOT — 12 St James's Square London SW1Y 4LB
2026-10-01 13:32:55 INFO LEAD new: [Permitted] Westminster/25/05026/FULL — Alliance House 12 Caxton Street London SW1H 0QL
2026-10-01 13:32:55 INFO LEAD new: [Permitted] Westminster/25/05021/ADLBC — Warwick House Stable Yard Road London SW1A 1BD
2026-10-01 13:32:55 INFO LEAD new: [Permitted] Westminster/25/05003/ADFULL — 119A Mount Street London W1K 3NL
2026-10-01 13:32:55 INFO LEAD new: [Permitted] Westminster/25/05510/OBS — 60 Carey Street London Borough Of Camden London WC2A 2JB
2026-10-01 13:32:55 INFO LEAD new: [Permitted] Westminster/25/05009/ADV — 194 Edgware Road London W2 2DS
2026-10-01 13:32:55 INFO LEAD new: [Permitted] Westminster/25/05008/FULL — 194 Edgware Road London W2 2DS
2026-10-01 13:32:55 INFO LEAD new: [Permitted] Westminster/25/04967/ADV — YSC Building 50 Floral Street London WC2E 9DA
2026-10-01 13:32:55 INFO LEAD new: [Permitted] Westminster/25/04975/ADFULL — 12 Upper Belgrave Street London SW1X 8BA
2026-10-01 13:32:55 INFO LEAD new: [Permitted] Westminster/25/04979/NMA — 334 - 348 Oxford Street London W1C 1JG
2026-10-01 13:32:55 INFO LEAD new: [Permitted] Westminster/25/04941/ADFULL — Royal Opera House Covent Garden London WC2E 9DD
2026-10-01 13:32:55 INFO LEAD new: [Permitted] Westminster/25/04988/ADLBC — Corus Hotel 1 - 7 Lancaster Gate London W2 3LG
2026-10-01 13:32:55 INFO LEAD new: [Permitted] Westminster/25/04935/NMA — Brettenham House Lancaster Place London WC2E 7EN
2026-10-01 13:32:55 INFO LEAD new: [Permitted] Westminster/25/04958/ADFULL — 21 Upper Montagu Street London W1H 2PQ
2026-10-01 13:32:55 INFO LEAD new: [Permitted] Westminster/25/04959/ADLBC — 21 Upper Montagu Street London W1H 2PQ
2026-10-01 13:32:55 INFO LEAD new: [Permitted] Westminster/25/04945/ADFULL — 24 Warwick Avenue London W9 2PT
2026-10-01 13:32:55 INFO LEAD new: [Permitted] Westminster/25/04938/ADV — 37 Brook Street West End London W1K 4HH
2026-10-01 13:32:55 INFO LEAD new: [Permitted] Westminster/25/04957/ADV — 146 Edgware Road London W2 2DZ
2026-10-01 13:32:55 INFO LEAD new: [Permitted] Westminster/25/04947/ADV — 36 Jermyn Street London SW1Y 6DN
2026-10-01 13:32:55 INFO LEAD new: [Permitted] Westminster/25/04952/NMA — 385 - 387 Euston Road London NW1 3AU
2026-10-01 13:32:55 INFO LEAD new: [Permitted] Westminster/25/05128/ADLBC — Pegasus House 37 - 43 Sackville Street London W1S 3EH
2026-10-01 13:32:55 INFO LEAD new: [Permitted] Westminster/25/04971/FULL — Telephone Exchange Building 12 Lisle Street London WC2H 7BQ
2026-10-01 13:32:55 INFO LEAD new: [Permitted] Westminster/25/04946/ADV — Regent Street London
2026-10-01 13:32:55 INFO LEAD new: [Permitted] Westminster/25/04956/NMA — Dev Site At 19-35 Baker Street, 88-110 George Street, 69-71 
2026-10-01 13:32:55 INFO LEAD new: [Permitted] Westminster/25/04990/ADFULL — Corus Hotel 1 - 7 Lancaster Gate London W2 3LG
2026-10-01 13:32:55 INFO LEAD new: [Permitted] Westminster/25/04966/ADV — 9 - 12 Bow Street London WC2E 7AA
2026-10-01 13:32:55 INFO LEAD new: [Permitted] Westminster/25/04968/ADFULL — Pegasus House 37 - 43 Sackville Street London W1S 3EH
2026-10-01 13:32:55 INFO LEAD new: [Permitted] Westminster/25/04940/ADV — 196 Edgware Road London W2 2DS
2026-10-01 13:32:55 INFO LEAD new: [Permitted] Westminster/25/04964/LBC — 26A Artesian Road W2 5DN
2026-10-01 13:32:55 INFO LEAD new: [Permitted] Westminster/25/04939/FULL — 196 Edgware Road London W2 2DS
2026-10-01 13:32:55 INFO LEAD new: [Permitted] Westminster/25/04949/LBC — Christ Church Cosway Street London NW1 5BT
2026-10-01 13:32:55 INFO LEAD new: [Permitted] Westminster/25/04998/LBC — 12 Abbey Gardens London NW8 9AT
2026-10-01 13:32:55 INFO LEAD new: [Permitted] Westminster/25/04963/FULL — 26A Artesian Road W2 5DN
2026-10-01 13:32:55 INFO LEAD new: [Permitted] Westminster/25/04961/LBC — 2 Soho Square London W1D 3PX
2026-10-01 13:32:55 INFO LEAD new: [Permitted] Westminster/25/04960/FULL — 2 Soho Square London W1D 3PX
2026-10-01 13:32:55 INFO LEAD new: [Permitted] Westminster/25/04944/FULL — Hyde Park Barracks Knightsbridge London SW7 1SE
2026-10-01 13:32:55 INFO LEAD new: [Permitted] Westminster/25/04954/ADV — 40 Carnaby Street London W1F 7DU
2026-10-01 13:32:55 INFO LEAD new: [Permitted] Westminster/25/04973/FULL — 12 Harley Street London W1G 9PB
2026-10-01 13:32:55 INFO LEAD new: [Permitted] Westminster/25/04942/ADFULL — Royal Opera House Covent Garden London WC2E 9DD
2026-10-01 13:32:55 INFO LEAD new: [Permitted] Westminster/25/04955/LBC — 40 Carnaby Street London W1F 7DU
2026-10-01 13:32:55 INFO LEAD new: [Permitted] Westminster/25/04953/ADV — Bus Shelter Outside 72 Park Lane London W1K 7TX
2026-10-01 13:32:55 INFO LEAD new: [Permitted] Westminster/25/04969/ADFULL — 525 Harrow Road London W10 4RH
2026-10-01 13:32:56 INFO LEAD new: [Permitted] Westminster/25/05117/ADLBC — Basement And Ground Floor Masionette 27 Warrington Crescent 
2026-10-01 13:32:56 INFO LEAD new: [Permitted] Westminster/25/04970/ADFULL — West End House 91 - 92 Dean Street London W1D 3SY
2026-10-01 13:32:56 INFO LEAD new: [Permitted] Westminster/25/04974/LBC — 12 Harley Street London W1G 9PB
2026-10-01 13:32:56 INFO LEAD new: [Permitted] Westminster/25/04986/ADFULL — 1 Knightsbridge London SW1X 7LX
2026-10-01 13:32:56 INFO LEAD new: [Permitted] Westminster/25/04972/ADV — 1 Knightsbridge London SW1X 7LX
2026-10-01 13:32:56 INFO LEAD new: [Permitted] Westminster/25/04965/ADV — De Beers Jewellers Limited 45 - 50 Old Bond Street London W1
2026-10-01 13:32:56 INFO LEAD new: [Permitted] Westminster/25/04933/ADFULL — 18 Trevor Place London SW7 1LB
2026-10-01 13:32:56 INFO LEAD new: [Permitted] Westminster/25/04894/ADFULL — 31 Bloomfield Terrace London SW1W 8PQ
2026-10-01 13:32:56 INFO LEAD new: [Permitted] Westminster/25/04885/FULL — 39 - 40 Bedford Street London WC2E 9ER
2026-10-01 13:32:56 INFO LEAD new: [Permitted] Westminster/25/04892/LBC — Norman Shaw Building South Victoria Embankment London SW1A 2
2026-10-01 13:32:56 INFO LEAD new: [Permitted] Westminster/25/04889/FULL — Flat 2 7 Westmoreland Terrace London SW1V 4AG
2026-10-01 13:32:56 INFO LEAD new: [Permitted] Westminster/25/04893/FULL — 93 Mortimer Street London W1W 7SS
2026-10-01 13:32:56 INFO LEAD new: [Permitted] Westminster/25/04907/LBC — Clareville House 26 - 27 Oxendon Street London SW1Y 4EP
2026-10-01 13:33:01 WARNING Rate limited (429); waiting 494s before retry 1/6
2026-10-01 13:41:15 WARNING Request failed (403 Client Error: Forbidden for url: https://www.planit.org.uk/api/applics/json?app_state=Permitted&start_date=2023-10-01&end_date=2026-10-01&pg_sz=100&auth=Westminster&offset=3900); retry 2/6 in 10s
2026-10-01 13:41:28 INFO [westminster/Permitted] page at offset 3900: 100 records
2026-10-01 13:41:28 INFO LEAD new: [Permitted] Westminster/25/04924/LBC — 30 Gloucester Place London W1U 8PL
2026-10-01 13:41:28 INFO LEAD new: [Permitted] Westminster/25/04926/ADFULL — Development Site At 29-43 Oxford Street And 16 And 17-19 Soh
2026-10-01 13:41:28 INFO LEAD new: [Permitted] Westminster/25/04925/LBC — 41 Eaton Terrace London SW1W 8TP
2026-10-01 13:41:28 INFO LEAD new: [Permitted] Westminster/25/04931/FULL — 30 The Market Covent Garden London WC2E 8RE
2026-10-01 13:41:28 INFO LEAD new: [Permitted] Westminster/25/04901/ADFULL — 3 Chester Square Mews London SW1W 9DS
2026-10-01 13:41:28 INFO LEAD new: [Permitted] Westminster/25/04900/FULL — 53D Aylesford Street SW1V 3RY
2026-10-01 13:41:28 INFO LEAD new: [Permitted] Westminster/25/04916/ADFULL — Development Site At 180 Piccadilly And 48 To 50 Jermyn Stree
2026-10-01 13:41:28 INFO LEAD new: [Permitted] Westminster/25/04932/LBC — 30 The Market Covent Garden London WC2E 8RE
2026-10-01 13:41:28 INFO LEAD new: [Permitted] Westminster/25/04899/FULL — Huxley Building 180 Queen's Gate London SW7 2RH
2026-10-01 13:41:28 INFO LEAD new: [Permitted] Westminster/25/04909/ADFULL — 23 Kildare Gardens London W2 5JS
2026-10-01 13:41:28 INFO LEAD new: [Permitted] Westminster/25/04922/ADLBC — Basement Rear And Ground Floor Part And Mezzanine Part And F
2026-10-01 13:41:28 INFO LEAD new: [Permitted] Westminster/25/04850/FULL — Flat 61 Eaton House 39 - 40 Upper Grosvenor Street London W1
2026-10-01 13:41:28 INFO LEAD new: [Permitted] Westminster/25/04859/ADFULL — 45 Kilburn Park Road London NW6 5XD
2026-10-01 13:41:28 INFO LEAD new: [Permitted] Westminster/25/04857/LBC — 28 James Street Covent Garden London WC2E 8PA
2026-10-01 13:41:28 INFO LEAD new: [Permitted] Westminster/25/04861/FULL — Garden Flat 5 Hill Road London NW8 9QE
2026-10-01 13:41:28 INFO LEAD new: [Permitted] Westminster/25/04862/LBC — Garden Flat 5 Hill Road London NW8 9QE
2026-10-01 13:41:28 INFO LEAD new: [Permitted] Westminster/25/04838/LBC — 133 - 135 Regent Street London W1B 4HX
2026-10-01 13:41:28 INFO LEAD new: [Permitted] Westminster/25/04853/ADV — 133 - 135 Regent Street London W1B 4HX
2026-10-01 13:41:28 INFO LEAD new: [Permitted] Westminster/25/04881/LBC — 7 Sale Place London W2 1PH
2026-10-01 13:41:28 INFO LEAD new: [Permitted] Westminster/25/04876/ADFULL — 107 Ebury Street London SW1W 9QU
2026-10-01 13:41:28 INFO LEAD new: [Permitted] Westminster/25/04846/COFUL — Parkinson House Tachbrook Street London SW1V 2QB
2026-10-01 13:41:28 INFO LEAD new: [Permitted] Westminster/25/04948/OBS — Development Site At Juniper Crescent Chalk Farm London Borou
2026-10-01 13:41:28 INFO LEAD new: [Permitted] Westminster/25/04868/ADFULL — Development Site At 26 To 46 Lisson Grove And 18 Hayes Place
2026-10-01 13:41:28 INFO LEAD new: [Permitted] Westminster/25/04870/FULL — Royal Mews Buckingham Palace Road London SW1W 0QH
2026-10-01 13:41:28 INFO LEAD new: [Permitted] Westminster/25/04847/COLBC — Parkinson House Tachbrook Street London SW1V 2QB
2026-10-01 13:41:28 INFO LEAD new: [Permitted] Westminster/25/04863/ADFULL — 45 Kilburn Park Road London NW6 5XD
2026-10-01 13:41:28 INFO LEAD new: [Permitted] Westminster/25/04845/ADLBC — 50 Queen Anne Street London W1G 9LA
2026-10-01 13:41:28 INFO LEAD new: [Permitted] Westminster/25/04849/ADV — 63 South Molton Street London W1K 5ST
2026-10-01 13:41:28 INFO LEAD new: [Permitted] Westminster/25/04854/ADV — Basement And Ground Floor 65 Weymouth Street London W1G 8NU
2026-10-01 13:41:28 INFO LEAD new: [Permitted] Westminster/25/04852/LBC — 21 - 22 Ennismore Gardens London SW7 1AB
2026-10-01 13:41:28 INFO LEAD new: [Permitted] Westminster/25/04872/ADLBC — 12 Upper Belgrave Street London SW1X 8BA
2026-10-01 13:41:28 INFO LEAD new: [Permitted] Westminster/25/04880/ADLBC — Flat 1 25 North Audley Street London W1K 6WS
2026-10-01 13:41:29 INFO LEAD new: [Permitted] Westminster/25/04877/ADLBC — 107 Ebury Street London SW1W 9QU
2026-10-01 13:41:29 INFO LEAD new: [Permitted] Westminster/25/04843/ADFULL — 107 Ebury Street London SW1W 9QU
2026-10-01 13:41:29 INFO LEAD new: [Permitted] Westminster/25/04871/FULL — Basement And Ground Floor 7 - 8 Market Place London W1W 8AG
2026-10-01 13:41:29 INFO LEAD new: [Permitted] Westminster/25/04874/FULL — 34 Bruton Place London W1J 6NR
2026-10-01 13:41:29 INFO LEAD new: [Permitted] Westminster/25/04848/FULL — 153 - 157 Cleveland Street London W1T 6QW
2026-10-01 13:41:29 INFO LEAD new: [Permitted] Westminster/25/04801/LBC — 38 Warwick Avenue London W9 2PT
2026-10-01 13:41:29 INFO LEAD new: [Permitted] Westminster/25/04833/ADLBC — 107 Ebury Street London SW1W 9QU
2026-10-01 13:41:29 INFO LEAD new: [Permitted] Westminster/25/04802/FULL — Flat 3 2 Hyde Park Street London W2 2JN
2026-10-01 13:41:29 INFO LEAD new: [Permitted] Westminster/25/04808/ADFULL — New Zealand House 80 Haymarket London SW1Y 4TE
2026-10-01 13:41:29 INFO LEAD new: [Permitted] Westminster/25/04811/LBC — 99 Harley Street London W1G 6AQ
2026-10-01 13:41:29 INFO LEAD new: [Permitted] Westminster/25/05961/ADFULL — Achilles Way
2026-10-01 13:41:29 INFO LEAD new: [Permitted] Westminster/25/04820/LBC — 28 Old Queen Street London SW1H 9HP
2026-10-01 13:41:29 INFO LEAD new: [Permitted] Westminster/25/04882/ADLBC — New Zealand House 80 Haymarket London SW1Y 4TE
2026-10-01 13:41:29 INFO LEAD new: [Permitted] Westminster/25/04803/LBC — Flat 3 2 Hyde Park Street London W2 2JN
2026-10-01 13:41:29 INFO LEAD new: [Permitted] Westminster/25/04807/FULL — Avenfield House 118 - 127 Park Lane London W1K 7AF
2026-10-01 13:41:29 INFO LEAD new: [Permitted] Westminster/25/04821/LBC — 20 St James's Square London SW1Y 4JH
2026-10-01 13:41:29 INFO LEAD new: [Permitted] Westminster/25/04883/ADLBC — New Zealand House 80 Haymarket London SW1Y 4TE
2026-10-01 13:41:29 INFO LEAD new: [Permitted] Westminster/25/05157/TELNOT — 3 Sheldon Square London W2 6HY
2026-10-01 13:41:29 INFO LEAD new: [Permitted] Westminster/25/04799/LBC — Flat 2 131 - 132 Park Lane London W1K 7AD
2026-10-01 13:41:29 INFO LEAD new: [Permitted] Westminster/25/04798/FULL — Flat 2 131 - 132 Park Lane London W1K 7AD
2026-10-01 13:41:29 INFO LEAD new: [Permitted] Westminster/25/04805/LBC — 10 Seymour Street London W1H 7HT
2026-10-01 13:41:29 INFO LEAD new: [Permitted] Westminster/25/04804/FULL — 48 Shirland Mews London W9 3DY
2026-10-01 13:41:29 INFO LEAD new: [Permitted] Westminster/25/04812/ADFULL — 22 Chapter Street London SW1P 4NP
2026-10-01 13:41:29 INFO LEAD new: [Permitted] Westminster/25/04806/LBC — 12 Seymour Street London
2026-10-01 13:41:29 INFO LEAD new: [Permitted] Westminster/25/04832/FULL — 20 Chippenham Mews London W9 2AW
2026-10-01 13:41:29 INFO LEAD new: [Permitted] Westminster/25/04824/FULL — 9 Bathurst Street London W2 2SD
2026-10-01 13:41:29 INFO LEAD new: [Permitted] Westminster/25/04826/FULL — 5 - 7 Mandeville Place London W1U 3AT
2026-10-01 13:41:29 INFO LEAD new: [Permitted] Westminster/25/04834/FULL — 124 Belgrave Road London SW1V 2BL
2026-10-01 13:41:29 INFO LEAD new: [Permitted] Westminster/25/04835/LBC — 124 Belgrave Road London SW1V 2BL
2026-10-01 13:41:29 INFO LEAD new: [Permitted] Westminster/25/04818/FULL — 193 Piccadilly London W1J 9EU
2026-10-01 13:41:29 INFO LEAD new: [Permitted] Westminster/25/04819/LBC — 193 Piccadilly London W1J 9EU
2026-10-01 13:41:29 INFO LEAD new: [Permitted] Westminster/25/04800/FULL — 38 Warwick Avenue London W9 2PT
2026-10-01 13:41:29 INFO LEAD new: [Permitted] Westminster/25/04823/ADFULL — Fenwicks 58 - 63 New Bond Street London W1S 1RJ
2026-10-01 13:41:29 INFO LEAD new: [Permitted] Westminster/25/04768/AADV — Fenwicks 58 - 63 New Bond Street London W1S 1RJ
2026-10-01 13:41:29 INFO LEAD new: [Permitted] Westminster/25/05177/ADV — 98 Shaftesbury Avenue London W1D 5EB
2026-10-01 13:41:29 INFO LEAD new: [Permitted] Westminster/25/04770/FULL — 65 Pimlico Road London SW1W 8NE
2026-10-01 13:41:29 INFO LEAD new: [Permitted] Westminster/25/04769/ADV — 399 - 405 Oxford Street London W1C 2BU
2026-10-01 13:41:29 INFO LEAD new: [Permitted] Westminster/25/04796/FULL — 8 Montagu Mews South London W1H 7ER
2026-10-01 13:41:29 INFO LEAD new: [Permitted] Westminster/25/04778/ADV — Victoria Underground Station Terminus Place London SW1V 1JT
2026-10-01 13:41:29 INFO LEAD new: [Permitted] Westminster/25/04839/ADLBC — 55 Blomfield Road London W9 2PD
2026-10-01 13:41:29 INFO LEAD new: [Permitted] Westminster/25/04771/LBC — Flat 4 58 Montagu Square London W1H 2LS
2026-10-01 13:41:29 INFO LEAD new: [Permitted] Westminster/25/04780/ADFULL — 42 St George's Drive London SW1V 4BT
2026-10-01 13:41:29 INFO LEAD new: [Permitted] Westminster/25/04779/COADV — Development Site For Sweepers Depot Below Elevated Westway G
2026-10-01 13:41:29 INFO LEAD new: [Permitted] Westminster/25/04767/LBC — Royal Mews Buckingham Palace Road London SW1W 0QH
2026-10-01 13:41:29 INFO LEAD new: [Permitted] Westminster/25/04787/ADLBC — The Garden Cafe Brown Hart Gardens London W1K 8UH
2026-10-01 13:41:29 INFO LEAD new: [Permitted] Westminster/25/04785/FULL — 37 Grove End Road London NW8 9NG
2026-10-01 13:41:36 INFO [westminster/Permitted] page at offset 4000: 100 records
2026-10-01 13:41:36 INFO LEAD new: [Permitted] Westminster/25/04773/ADFULL — Proposed Development Site At 51 To 58 Rathbone Place And 54-
2026-10-01 13:41:36 INFO LEAD new: [Permitted] Westminster/25/04783/ADFULL — 6 Upper Wimpole Street London W1G 6LG
2026-10-01 13:41:36 INFO LEAD new: [Permitted] Westminster/25/04788/ADV — 38 Stratton Street London W1J 8LT
2026-10-01 13:41:36 INFO LEAD new: [Permitted] Westminster/25/04752/ADLBC — 48 Blandford Street London W1U 7HU
2026-10-01 13:41:36 INFO LEAD new: [Permitted] Westminster/25/04763/NMA — 8 Lancelot Place London SW7 1DR
2026-10-01 13:41:36 INFO LEAD new: [Permitted] Westminster/25/04753/ADV — Restaurant 18 - 19 Old Park Lane London W1K 1LB
2026-10-01 13:41:36 INFO LEAD new: [Permitted] Westminster/25/04751/NMA — YSC Building 50 Floral Street London WC2E 9DA
2026-10-01 13:41:36 INFO LEAD new: [Permitted] Westminster/25/04760/FULL — 201 - 203 Great Portland Street London W1W 5AB
2026-10-01 13:41:36 INFO LEAD new: [Permitted] Westminster/25/04746/LBC — The Piazza 6 The Market Covent Garden London WC2E 8RA
2026-10-01 13:41:36 INFO LEAD new: [Permitted] Westminster/25/04764/ADFULL — 525 Harrow Road London W10 4RH
2026-10-01 13:41:36 INFO LEAD new: [Permitted] Westminster/25/04761/LBC — Flat 3 37 Queen's Gardens London W2 3AA
2026-10-01 13:41:36 INFO LEAD new: [Permitted] Westminster/25/04754/FULL — Basement 8 Oakington Road London W9 2DH
2026-10-01 13:41:36 INFO LEAD new: [Permitted] Westminster/25/04762/LBC — 1 Chiltern Street London W1U 7PA
2026-10-01 13:41:36 INFO LEAD new: [Permitted] Westminster/25/04744/FULL — 14A Caroline Terrace London SW1W 8JS
2026-10-01 13:41:36 INFO LEAD new: [Permitted] Westminster/25/04743/FULL — 135 Portnall Road London W9 3BN
2026-10-01 13:41:36 INFO LEAD new: [Permitted] Westminster/25/04712/P3JPA — 153 - 157 Cleveland Street London W1T 6QW
2026-10-01 13:41:36 INFO LEAD new: [Permitted] Westminster/25/04709/ADLBC — 17 Sutherland Street London SW1V 4JU
2026-10-01 13:41:36 INFO LEAD new: [Permitted] Westminster/25/04717/ADV — 19A Rupert Street London W1D 6DF
2026-10-01 13:41:36 INFO LEAD new: [Permitted] Westminster/25/04713/ADLBC — 34 Devonshire Place London W1G 6JW
2026-10-01 13:41:36 INFO LEAD new: [Permitted] Westminster/25/04714/ADFULL — 34 Devonshire Place London W1G 6JW
2026-10-01 13:41:36 INFO LEAD new: [Permitted] Westminster/25/04721/ADFULL — The Westbury Hotel 37 Conduit Street London W1S 2YF
2026-10-01 13:41:36 INFO LEAD new: [Permitted] Westminster/25/04719/ADV — Basement And Ground Floor 81 Marylebone High Street London W
2026-10-01 13:41:36 INFO LEAD new: [Permitted] Westminster/25/04723/LBC — 76 - 77 Eaton Square London SW1W 9AW
2026-10-01 13:41:36 INFO LEAD new: [Permitted] Westminster/25/04707/FULL — 25A Warwick Avenue London W9 2PS
2026-10-01 13:41:36 INFO LEAD new: [Permitted] Westminster/25/04718/ADFULL — 63 Clifton Hill London NW8 0JN
2026-10-01 13:41:36 INFO LEAD new: [Permitted] Westminster/25/04708/LBC — 25A Warwick Avenue London W9 2PS
2026-10-01 13:41:36 INFO LEAD new: [Permitted] Westminster/25/04738/FULL — Flat 3 81 Duke Street London W1K 5PE
2026-10-01 13:41:36 INFO LEAD new: [Permitted] Westminster/25/04705/FULL — 29 Queen Anne Street London W1G 9HU
2026-10-01 13:41:36 INFO LEAD new: [Permitted] Westminster/25/04706/LBC — 29 Queen Anne Street London W1G 9HU
2026-10-01 13:41:36 INFO LEAD new: [Permitted] Westminster/25/04734/ADV — 44 Duke Street St James's London SW1Y 6DD
2026-10-01 13:41:36 INFO LEAD new: [Permitted] Westminster/25/04720/APA — Charing Cross Station Strand London WC2N 5HS
2026-10-01 13:41:36 INFO LEAD new: [Permitted] Westminster/25/04716/LBC — Charing Cross Station Strand London WC2N 5HS
2026-10-01 13:41:36 INFO LEAD new: [Permitted] Westminster/25/04747/MOD106 — Proposed Development Site At 51 To 58 Rathbone Place And 54-
2026-10-01 13:41:36 INFO LEAD new: [Permitted] Westminster/25/04729/LBC — His Majesty's Theatre 72 - 78 Haymarket London SW1Y 4QL
2026-10-01 13:41:36 INFO LEAD new: [Permitted] Westminster/25/04722/NMA — 11 Stanhope Gate London W1K 1AN
2026-10-01 13:41:36 INFO LEAD new: [Permitted] Westminster/25/04736/LBC — Second Floor North British Columbia House 1 - 3 Regent Stree
2026-10-01 13:41:36 INFO LEAD new: [Permitted] Westminster/25/04715/FULL — 30 Westbourne Park Villas London W2 5EA
2026-10-01 13:41:36 INFO LEAD new: [Permitted] Westminster/25/04731/ADV — Basement And Ground Floor 67 Chiltern Street London W1U 6NQ
2026-10-01 13:41:36 INFO LEAD new: [Permitted] Westminster/25/04711/LBC — Flat 3 68 Eccleston Square London SW1V 1PJ
2026-10-01 13:41:36 INFO LEAD new: [Permitted] Westminster/25/04727/LBC — St Sophias Church Vicarage Moscow Road London W2 4LQ
2026-10-01 13:41:36 INFO LEAD new: [Permitted] Westminster/25/04698/ADLBC — 4 Montpelier Square London SW7 1JT
2026-10-01 13:41:36 INFO LEAD new: [Permitted] Westminster/25/04673/ADLBC — Flat 1 20 Howley Place London W2 1XA
2026-10-01 13:41:36 INFO LEAD new: [Permitted] Westminster/25/04702/FULL — 62 - 64 Horseferry Road London SW1P 2AF
2026-10-01 13:41:36 INFO LEAD new: [Permitted] Westminster/25/04703/LBC — 62 - 64 Horseferry Road London SW1P 2AF
2026-10-01 13:41:36 INFO LEAD new: [Permitted] Westminster/25/04694/ADFULL — Development Site At 8-10 Grafton Street, 11-14 Grafton Stree
2026-10-01 13:41:36 INFO LEAD new: [Permitted] Westminster/25/04701/ADV — 62 - 64 Horseferry Road London SW1P 2AF
2026-10-01 13:41:36 INFO LEAD new: [Permitted] Westminster/25/04676/LBC — 169 - 173 Oxford Street London W1D 2JR
2026-10-01 13:41:36 INFO LEAD new: [Permitted] Westminster/25/04683/LBC — Foreign & Commonwealth Office King Charles Street London SW1
2026-10-01 13:41:36 INFO LEAD new: [Permitted] Westminster/25/04681/FULL — 14 - 16 Cockspur Street London SW1Y 5BL
2026-10-01 13:41:36 INFO LEAD new: [Permitted] Westminster/25/04684/NMA — Dolphin Square London
2026-10-01 13:41:36 INFO LEAD new: [Permitted] Westminster/25/04688/ADFULL — Fenwicks 58 - 63 New Bond Street London W1S 1RJ
2026-10-01 13:41:36 INFO LEAD new: [Permitted] Westminster/25/04680/ADV — 169 - 173 Oxford Street London W1D 2JR
2026-10-01 13:41:36 INFO LEAD new: [Permitted] Westminster/25/04699/ADV — Basement And Ground Floor 76 Marylebone High Street London W
2026-10-01 13:41:36 INFO LEAD new: [Permitted] Westminster/25/04704/CLOPUD — 23 Craven Hill Gardens London W2 3EA
2026-10-01 13:41:36 INFO LEAD new: [Permitted] Westminster/25/04689/FULL — 70 Marylebone High Street London W1U 5JL
2026-10-01 13:41:36 INFO LEAD new: [Permitted] Westminster/25/04690/ADV — 70 Marylebone High Street London W1U 5JL
2026-10-01 13:41:36 INFO LEAD new: [Permitted] Westminster/25/04696/LBC — Niketown 236 Oxford Street London W1C 1DE
2026-10-01 13:41:36 INFO LEAD new: [Permitted] Westminster/25/04650/LBC — 3 Queen's Gardens London W2 3BA
2026-10-01 13:41:36 INFO LEAD new: [Permitted] Westminster/25/04649/FULL — 3 Queen's Gardens London W2 3BA
2026-10-01 13:41:37 INFO LEAD new: [Permitted] Westminster/25/04643/LBC — 37 Acacia Road NW8 6AP
2026-10-01 13:41:37 INFO LEAD new: [Permitted] Westminster/25/04663/ADV — 413 Oxford Street London W1C 2PF
2026-10-01 13:41:37 INFO LEAD new: [Permitted] Westminster/25/04659/LBC — Second Floor 49 St James's Street London SW1A 1JT
2026-10-01 13:41:37 INFO LEAD new: [Permitted] Westminster/25/04651/ADFULL — 168A Gloucester Terrace London W2 6HR
2026-10-01 13:41:37 INFO LEAD new: [Permitted] Westminster/25/04662/ADFULL — 6 Seymour Mews London W1H 6BE
2026-10-01 13:41:37 INFO LEAD new: [Permitted] Westminster/25/04655/FULL — 121 St George's Drive London SW1V 4DA
2026-10-01 13:41:37 INFO LEAD new: [Permitted] Westminster/25/04654/EIASCR — 55 Baker Street London W1U 8EW
2026-10-01 13:41:37 INFO LEAD new: [Permitted] Westminster/25/04645/ADFULL — 24 Clarendon Gardens London W9 1AZ
2026-10-01 13:41:37 INFO LEAD new: [Permitted] Westminster/25/04667/LBC — 18 Greville Place London NW6 5JH
2026-10-01 13:41:37 INFO LEAD new: [Permitted] Westminster/25/04666/LBC — 37 Brook Street West End London W1K 4HH
2026-10-01 13:41:37 INFO LEAD new: [Permitted] Westminster/25/04660/FULL — 355 Harrow Road London W9 3NA
2026-10-01 13:41:37 INFO LEAD new: [Permitted] Westminster/25/04661/ADV — 355 Harrow Road London W9 3NA
2026-10-01 13:41:37 INFO LEAD new: [Permitted] Westminster/25/04710/ADLBC — 168A Gloucester Terrace London W2 6HR
2026-10-01 13:41:37 INFO LEAD new: [Permitted] Westminster/25/04671/FULL — 41 Gloucester Square London W2 2TD
2026-10-01 13:41:37 INFO LEAD new: [Permitted] Westminster/25/04646/LBC — 29 - 31 Southwick Street London W2 1JQ
2026-10-01 13:41:37 INFO LEAD new: [Permitted] Westminster/25/04618/ADLBC — 4 - 8 Newport Place London WC2H 7JP
2026-10-01 13:41:37 INFO LEAD new: [Permitted] Westminster/25/04613/LBC — Flat D 24 Porchester Square London W2 6AN
2026-10-01 13:41:37 INFO LEAD new: [Permitted] Westminster/25/04614/NMA — 105A Hamilton Terrace London NW8 9QY
2026-10-01 13:41:37 INFO LEAD new: [Permitted] Westminster/25/04606/LBC — 25 Melcombe Street London NW1 6AG
2026-10-01 13:41:37 INFO LEAD new: [Permitted] Westminster/25/04605/FULL — 25 Melcombe Street London NW1 6AG
2026-10-01 13:41:37 INFO LEAD new: [Permitted] Westminster/25/04635/FULL — Maclise House Marsham Street London SW1P 4JJ
2026-10-01 13:41:43 INFO [westminster/Permitted] page at offset 4100: 100 records
2026-10-01 13:41:43 INFO LEAD new: [Permitted] Westminster/25/04622/COFUL — Hallfield Primary School Porchester Gardens London W2 6JJ
2026-10-01 13:41:43 INFO LEAD new: [Permitted] Westminster/25/04626/FULL — 1 Cavendish Square London W1G 0LA
2026-10-01 13:41:43 INFO LEAD new: [Permitted] Westminster/25/04615/FULL — Basement And Ground Floor 5 Formosa Street London W9 1EE
2026-10-01 13:41:43 INFO LEAD new: [Permitted] Westminster/25/04640/FULL — 1A Broadway London SW1H 0AZ
2026-10-01 13:41:43 INFO LEAD new: [Permitted] Westminster/25/04627/LBC — 1 Cavendish Square London W1G 0LA
2026-10-01 13:41:43 INFO LEAD new: [Permitted] Westminster/25/04641/ADV — Fountains Abbey 109 - 111 Praed Street London W2 1RL
2026-10-01 13:41:43 INFO LEAD new: [Permitted] Westminster/25/04637/ADFULL — Development Site At 14 To 17 Paddington Green London
2026-10-01 13:41:43 INFO LEAD new: [Permitted] Westminster/25/04607/ADFULL — Paddington Green Police Station 4 Harrow Road London W2 1XJ
2026-10-01 13:41:43 INFO LEAD new: [Permitted] Westminster/25/04628/TCH — 508 - 510 Edgware Road London W2 1EN
2026-10-01 13:41:43 INFO LEAD new: [Permitted] Westminster/25/04620/FULL — 16 - 18 Montagu Place London W1H 2BQ
2026-10-01 13:41:44 INFO LEAD new: [Permitted] Westminster/25/04616/FULL — Basement And Ground Floor 81 Marylebone High Street London W
2026-10-01 13:41:44 INFO LEAD new: [Permitted] Westminster/25/04624/LBC — 93 Mortimer Street London W1W 7SS
2026-10-01 13:41:44 INFO LEAD new: [Permitted] Westminster/25/04603/FULL — 1 Clifton Hill London NW8 0QE
2026-10-01 13:41:44 INFO LEAD new: [Permitted] Westminster/25/04608/FULL — Hermione House 61 Grosvenor Street London W1K 3JE
2026-10-01 13:41:44 INFO LEAD new: [Permitted] Westminster/25/04636/LBC — Maclise House Marsham Street London SW1P 4JJ
2026-10-01 13:41:44 INFO LEAD new: [Permitted] Westminster/25/04604/LBC — 1B - 1C Tottenham Court Road London W1T 1BB
2026-10-01 13:41:44 INFO LEAD new: [Permitted] Westminster/25/05051/TELNOT — Hide Tower Regency Street London SW1P 4AA
2026-10-01 13:41:44 INFO LEAD new: [Permitted] Westminster/25/04631/ADFULL — 16 Charles Street London W1J 5DR
2026-10-01 13:41:44 INFO LEAD new: [Permitted] Westminster/25/04612/FULL — Wellington Buildings Ebury Bridge Road London SW1W 8PX
2026-10-01 13:41:44 INFO LEAD new: [Permitted] Westminster/25/04625/ADV — 1 Cavendish Square London W1G 0LA
2026-10-01 13:41:44 INFO LEAD new: [Permitted] Westminster/25/04629/FULL — 50 Queen's Grove London NW8 6EN
2026-10-01 13:41:44 INFO LEAD new: [Permitted] Westminster/25/05055/TELNOT — 1 James Street Marylebone London W1U 1DR
2026-10-01 13:41:44 INFO LEAD new: [Permitted] Westminster/25/04632/ADLBC — 16 Charles Street London W1J 5DR
2026-10-01 13:41:44 INFO LEAD new: [Permitted] Westminster/25/04601/ADFULL — Development Site At 14 To 17 Paddington Green London
2026-10-01 13:41:44 INFO LEAD new: [Permitted] Westminster/25/04588/FULL — 2 Orme Court London W2 4RL
2026-10-01 13:41:44 INFO LEAD new: [Permitted] Westminster/25/04579/FULL — 37 Clifton Gardens London W9 1AR
2026-10-01 13:41:44 INFO LEAD new: [Permitted] Westminster/25/04573/FULL — 100 Bayswater Road London W2 3HJ
2026-10-01 13:41:44 INFO LEAD new: [Permitted] Westminster/25/04565/LBC — 22 Park Street London W1K 2JB
2026-10-01 13:41:44 INFO LEAD new: [Permitted] Westminster/25/04564/FULL — 22 Park Street London W1K 2JB
2026-10-01 13:41:44 INFO LEAD new: [Permitted] Westminster/25/04596/LBC — Flat 3 81 Duke Street London W1K 5PE
2026-10-01 13:41:44 INFO LEAD new: [Permitted] Westminster/25/04593/FULL — 252A Ashmore Road London W9 3DD
2026-10-01 13:41:44 INFO LEAD new: [Permitted] Westminster/25/04590/ADFULL — Sackville House 40 Piccadilly London W1J 0DR
2026-10-01 13:41:44 INFO LEAD new: [Permitted] Westminster/25/04585/FULL — 41 Reeves Mews London W1K 2EH
2026-10-01 13:41:44 INFO LEAD new: [Permitted] Westminster/25/04576/ADLBC — St Johns Wood Barracks Ordnance Hill London NW8 6PT
2026-10-01 13:41:44 INFO LEAD new: [Permitted] Westminster/25/04563/FULL — Flat 19 Hampshire House 12 Hyde Park Place London W2 2LH
2026-10-01 13:41:44 INFO LEAD new: [Permitted] Westminster/25/04568/FULL — 25A Sutherland Place London W2 5BZ
2026-10-01 13:41:44 INFO LEAD new: [Permitted] Westminster/25/04569/LBC — 25A Sutherland Place London W2 5BZ
2026-10-01 13:41:44 INFO LEAD new: [Permitted] Westminster/25/04586/FULL — 63 - 65 Piccadilly London W1J 0DY
2026-10-01 13:41:44 INFO LEAD new: [Permitted] Westminster/25/04587/LBC — 63 - 65 Piccadilly London W1J 0DY
2026-10-01 13:41:44 INFO LEAD new: [Permitted] Westminster/25/04571/ADV — Hotel Bryanston Street London W1H 7EH
2026-10-01 13:41:44 INFO LEAD new: [Permitted] Westminster/25/04597/LBC — 119 Mount Street London W1K 3NL
2026-10-01 13:41:44 INFO LEAD new: [Permitted] Westminster/25/04595/FULL — 1 - 4 Walker's Court London W1F 0BT
2026-10-01 13:41:44 INFO LEAD new: [Permitted] Westminster/25/04567/LBC — 17 Belgrave Square London SW1X 8PG
2026-10-01 13:41:44 INFO LEAD new: [Permitted] Westminster/25/04578/ADV — Marylebone Lane London
2026-10-01 13:41:44 INFO LEAD new: [Permitted] Westminster/25/04574/LBC — 100 Bayswater Road London W2 3HJ
2026-10-01 13:41:44 INFO LEAD new: [Permitted] Westminster/25/04566/FULL — 17 Belgrave Square London SW1X 8PG
2026-10-01 13:41:44 INFO LEAD new: [Permitted] Westminster/25/04584/LBC — Warwick House Stable Yard Road London SW1A 1BD
2026-10-01 13:41:44 INFO LEAD new: [Permitted] Westminster/25/04570/FULL — Hotel Bryanston Street London W1H 7EH
2026-10-01 13:41:44 INFO LEAD new: [Permitted] Westminster/25/04572/ADFULL — 6 Upper Wimpole Street London W1G 6LG
2026-10-01 13:41:44 INFO LEAD new: [Permitted] Westminster/25/04583/FULL — Warwick House Stable Yard Road London SW1A 1BD
2026-10-01 13:41:44 INFO LEAD new: [Permitted] Westminster/25/04577/ADFULL — 11A Belgrave Square London SW1X 8PH
2026-10-01 13:41:44 INFO LEAD new: [Permitted] Westminster/25/04550/LBC — 124 Belgrave Road London SW1V 2BL
2026-10-01 13:41:44 INFO LEAD new: [Permitted] Westminster/25/04555/ADV — Cranbourn Street London
2026-10-01 13:41:44 INFO LEAD new: [Permitted] Westminster/25/04549/NMA — Lansdowne House 57 Berkeley Square London W1J 6ER
2026-10-01 13:41:44 INFO LEAD new: [Permitted] Westminster/25/04558/FULL — 29 - 30 Leicester Square London WC2H 7LA
2026-10-01 13:41:44 INFO LEAD new: [Permitted] Westminster/25/04527/FULL — 95 Eastbourne Mews London W2 6LQ
2026-10-01 13:41:44 INFO LEAD new: [Permitted] Westminster/25/04545/FULL — 10 Piccadilly London W1J 0DD
2026-10-01 13:41:44 INFO LEAD new: [Permitted] Westminster/25/04548/FULL — Park Modern Apartments 123 Bayswater Road London W2 3JH
2026-10-01 13:41:44 INFO LEAD new: [Permitted] Westminster/25/04542/ADV — 32 Coventry Street London W1D 6BR
2026-10-01 13:41:44 INFO LEAD new: [Permitted] Westminster/25/04582/OBS — 10 Leake Street London SE1 7NN
2026-10-01 13:41:44 INFO LEAD new: [Permitted] Westminster/25/04561/LBC — 16 - 18 Montagu Place London W1H 2BQ
2026-10-01 13:41:44 INFO LEAD new: [Permitted] Westminster/25/04528/FULL — 31 - 33 Maddox Street London
2026-10-01 13:41:44 INFO LEAD new: [Permitted] Westminster/25/04544/FULL — Ground Floor 17A Curzon Street London W1J 5HX
2026-10-01 13:41:44 INFO LEAD new: [Permitted] Westminster/25/04560/ADV — 12 Macclesfield Street London W1D 5BP
2026-10-01 13:41:44 INFO LEAD new: [Permitted] Westminster/25/04553/ADFULL — 128 Mount Street London W1K 3NU
2026-10-01 13:41:44 INFO LEAD new: [Permitted] Westminster/25/04529/LBC — 10 Chesham Place London SW1X 8HN
2026-10-01 13:41:44 INFO LEAD new: [Permitted] Westminster/25/04551/P3JPA — Bentinck House 3 - 8 Bolsover Street London W1W 6AB
2026-10-01 13:41:44 INFO LEAD new: [Permitted] Westminster/25/04546/ADFULL — 72 - 74 Lancaster Gate London W2 3NH
2026-10-01 13:41:44 INFO LEAD new: [Permitted] Westminster/25/04538/ADV — 77 - 79 Ebury Street London SW1W 0NZ
2026-10-01 13:41:44 INFO LEAD new: [Permitted] Westminster/25/04537/FULL — 17 Dorset Square London NW1 6QB
2026-10-01 13:41:44 INFO LEAD new: [Permitted] Westminster/25/04536/CLEUD — 7 Douglas House 6 Maida Avenue London W2 1TG
2026-10-01 13:41:44 INFO LEAD new: [Permitted] Westminster/25/04539/ADFULL — 6 Upper Wimpole Street London W1G 6LG
2026-10-01 13:41:44 INFO LEAD new: [Permitted] Westminster/25/04552/LBC — St James The Less Church Moreton Street London SW1V 2PS
2026-10-01 13:41:45 INFO LEAD new: [Permitted] Westminster/25/04557/ADFULL — 10 Piccadilly London W1J 0DD
2026-10-01 13:41:45 INFO LEAD new: [Permitted] Westminster/25/04547/ADFULL — 72 - 74 Lancaster Gate London W2 3NH
2026-10-01 13:41:45 INFO LEAD new: [Permitted] Westminster/25/04504/ADV — 61 Park Lane London W1K 1QD
2026-10-01 13:41:45 INFO LEAD new: [Permitted] Westminster/25/04520/FULL — Bentinck Mansions Bentinck Street London W1U 2ER
2026-10-01 13:41:45 INFO LEAD new: [Permitted] Westminster/25/04499/ADV — 29 North Audley Street London W1K 6WY
2026-10-01 13:41:45 INFO LEAD new: [Permitted] Westminster/25/04498/FULL — 29 North Audley Street London W1K 6WY
2026-10-01 13:41:45 INFO LEAD new: [Permitted] Westminster/25/04500/ADLBC — 6 Ganton Street London W1F 7QW
2026-10-01 13:41:45 INFO LEAD new: [Permitted] Westminster/25/04497/NMA — 41 Manchester Street London W1U 7LN
2026-10-01 13:41:45 INFO LEAD new: [Permitted] Westminster/25/04490/LBC — 29 North Audley Street London W1K 6WY
2026-10-01 13:41:45 INFO LEAD new: [Permitted] Westminster/25/04519/ADFULL — 13 Devonshire Close London W1G 7BB
2026-10-01 13:41:45 INFO LEAD new: [Permitted] Westminster/25/04492/FULL — 9 Carlos Place London W1K 3AT
2026-10-01 13:41:45 INFO LEAD new: [Permitted] Westminster/25/04506/NMA — 30 Grosvenor Square London W1K 6AN
2026-10-01 13:41:45 INFO LEAD new: [Permitted] Westminster/25/04522/LBC — Site At 94 Piccadilly, 95 Piccadilly, 12 White Horse Street,
2026-10-01 13:41:45 INFO LEAD new: [Permitted] Westminster/25/04507/ADFULL — Brettenham House Lancaster Place London WC2E 7EN
2026-10-01 13:41:51 INFO [westminster/Permitted] page at offset 4200: 100 records
2026-10-01 13:41:51 INFO LEAD new: [Permitted] Westminster/25/04523/FULL — 4 Hanover Terrace London NW1 4RJ
2026-10-01 13:41:51 INFO LEAD new: [Permitted] Westminster/25/04524/LBC — 4 Hanover Terrace London NW1 4RJ
2026-10-01 13:41:51 INFO LEAD new: [Permitted] Westminster/25/04508/ADV — 30 Grosvenor Square London W1K 6AN
2026-10-01 13:41:51 INFO LEAD new: [Permitted] Westminster/25/04494/ADFULL — 18 Seymour Street London W1H 7HU
2026-10-01 13:41:51 INFO LEAD new: [Permitted] Westminster/25/04495/ADLBC — Paddington Station Praed Street London W2 1HB
2026-10-01 13:41:51 INFO LEAD new: [Permitted] Westminster/25/04511/FULL — 122 - 126 Chancery Lane London WC2A 1PU
2026-10-01 13:41:51 INFO LEAD new: [Permitted] Westminster/25/04535/ADFULL — Development Site At 25 - 28 Buckingham Gate London
2026-10-01 13:41:51 INFO LEAD new: [Permitted] Westminster/25/04501/ADV — 116 - 117 New Bond Street London W1S 1EN
2026-10-01 13:41:51 INFO LEAD new: [Permitted] Westminster/25/04502/ADV — 116 - 117 New Bond Street London W1S 1EN
2026-10-01 13:41:51 INFO LEAD new: [Permitted] Westminster/25/04516/LBC — 75 Gloucester Place London W1U 8JP
2026-10-01 13:41:51 INFO LEAD new: [Permitted] Westminster/25/04513/NMA — 95 New Cavendish Street London W1W 6XF
2026-10-01 13:41:51 INFO LEAD new: [Permitted] Westminster/25/04512/LBC — 122 - 126 Chancery Lane London WC2A 1PU
2026-10-01 13:41:51 INFO LEAD new: [Permitted] Westminster/25/04509/CLOPUD — 117 Broadley Street London NW8 8BA
2026-10-01 13:41:51 INFO LEAD new: [Permitted] Westminster/25/04482/FULL — 4 Alexandra House St Mary's Terrace London W2 1SF
2026-10-01 13:41:51 INFO LEAD new: [Permitted] Westminster/25/04472/LBC — 80 Warwick Square London SW1V 2AR
2026-10-01 13:41:51 INFO LEAD new: [Permitted] Westminster/25/04460/ADV — 4 Berners Street London W1T 3LE
2026-10-01 13:41:51 INFO LEAD new: [Permitted] Westminster/25/04463/ADFULL — Open Space Berkeley Square London W1J 6EB
2026-10-01 13:41:51 INFO LEAD new: [Permitted] Westminster/25/04462/LBC — Basement To First Floor 118 New Bond Street London W1S 1EW
2026-10-01 13:41:52 INFO LEAD new: [Permitted] Westminster/25/04465/LBC — 169 - 173 Oxford Street London W1D 2JR
2026-10-01 13:41:52 INFO LEAD new: [Permitted] Westminster/25/04469/AD7 — 1 - 2 Craven Hill Gardens London W2 3ES
2026-10-01 13:41:52 INFO LEAD new: [Permitted] Westminster/25/04481/ADV — 169 - 173 Oxford Street London W1D 2JR
2026-10-01 13:41:52 INFO LEAD new: [Permitted] Westminster/25/04476/FULL — 47 Huxley Street London W10 4QQ
2026-10-01 13:41:52 INFO LEAD new: [Permitted] Westminster/25/04478/ADFULL — 5 - 7 Dover Street London W1S 4LD
2026-10-01 13:41:52 INFO LEAD new: [Permitted] Westminster/25/04461/ADFULL — 108 Shirland Road London W9 2EQ
2026-10-01 13:41:52 INFO LEAD new: [Permitted] Westminster/25/04470/LBC — 5 - 6 William Street London SW1X 9HL
2026-10-01 13:41:52 INFO LEAD new: [Permitted] Westminster/25/04455/FULL — York House 23 Kingsway London WC2B 6UJ
2026-10-01 13:41:52 INFO LEAD new: [Permitted] Westminster/25/04456/ADV — York House 23 Kingsway London WC2B 6UJ
2026-10-01 13:41:52 INFO LEAD new: [Permitted] Westminster/25/04457/FULL — 282 Elgin Avenue London W9 1JR
2026-10-01 13:41:52 INFO LEAD new: [Permitted] Westminster/25/04468/LBC — 21 St James's Square London SW1Y 4JZ
2026-10-01 13:41:52 INFO LEAD new: [Permitted] Westminster/25/04459/LBC — Flat 5 6 West Halkin Street London SW1X 8JA
2026-10-01 13:41:52 INFO LEAD new: [Permitted] Westminster/25/04458/FULL — Flat 5 6 West Halkin Street London SW1X 8JA
2026-10-01 13:41:52 INFO LEAD new: [Permitted] Westminster/25/04474/NMA — 581 - 587 Harrow Road London W10 4RH
2026-10-01 13:41:52 INFO LEAD new: [Permitted] Westminster/25/04485/ADV — 14 - 18 Brompton Road London SW1X 7QN
2026-10-01 13:41:52 INFO LEAD new: [Permitted] Westminster/25/04454/ADV — 98 New Bond Street London W1S 1SN
2026-10-01 13:41:52 INFO LEAD new: [Permitted] Westminster/25/04480/ADV — Orwell House 16 - 18 Berners Street London W1T 3LN
2026-10-01 13:41:52 INFO LEAD new: [Permitted] Westminster/25/04418/LBC — 9 Eaton Place London SW1X 8BN
2026-10-01 13:41:52 INFO LEAD new: [Permitted] Westminster/25/04489/ADLBC — 9 Clifford Street London W1S 2FT
2026-10-01 13:41:52 INFO LEAD new: [Permitted] Westminster/25/04415/ADFULL — 9 Clifford Street London W1S 2FT
2026-10-01 13:41:52 INFO LEAD new: [Permitted] Westminster/25/04433/FULL — 31 Lilestone Street London NW8 8ST
2026-10-01 13:41:52 INFO LEAD new: [Permitted] Westminster/25/04448/LBC — 19 York Terrace East London NW1 4PT
2026-10-01 13:41:52 INFO LEAD new: [Permitted] Westminster/25/04423/AD7 — 73 - 74 Berwick Street London W1F 8TQ
2026-10-01 13:41:52 INFO LEAD new: [Permitted] Westminster/25/04437/FULL — 10 Monmouth Road London W2 5SB
2026-10-01 13:41:52 INFO LEAD new: [Permitted] Westminster/25/04441/FULL — 6 Dering Street London W1S 1AD
2026-10-01 13:41:52 INFO LEAD new: [Permitted] Westminster/25/04409/ADFULL — 24 Westbourne Park Villas London W2 5EA
2026-10-01 13:41:52 INFO LEAD new: [Permitted] Westminster/25/04410/FULL — 5 Castleacre Hyde Park Crescent London W2 2PT
2026-10-01 13:41:52 INFO LEAD new: [Permitted] Westminster/25/04417/LBC — 41 Manchester Street London W1U 7LN
2026-10-01 13:41:52 INFO LEAD new: [Permitted] Westminster/25/04451/FULL — 63 Blandford Street City Of Westminster London W1U 7HR
2026-10-01 13:41:52 INFO LEAD new: [Permitted] Westminster/25/04452/LBC — 63 Blandford Street City Of Westminster London W1U 7HR
2026-10-01 13:41:52 INFO LEAD new: [Permitted] Westminster/25/04439/FULL — 46 Eaton Place London SW1X 8AL
2026-10-01 13:41:52 INFO LEAD new: [Permitted] Westminster/25/04440/LBC — 46 Eaton Place London SW1X 8AL
2026-10-01 13:41:52 INFO LEAD new: [Permitted] Westminster/25/04449/FULL — 63 Blandford Street London W1U 7HR
2026-10-01 13:41:52 INFO LEAD new: [Permitted] Westminster/25/04435/FULL — 50 Eastcastle Street London W1W 8EA
2026-10-01 13:41:52 INFO LEAD new: [Permitted] Westminster/25/04446/FULL — 12 Westbourne Street London W2 2TZ
2026-10-01 13:41:52 INFO LEAD new: [Permitted] Westminster/25/04447/LBC — 12 Westbourne Street London W2 2TZ
2026-10-01 13:41:52 INFO LEAD new: [Permitted] Westminster/25/04431/ADV — Knightsbridge London
2026-10-01 13:41:52 INFO LEAD new: [Permitted] Westminster/25/04450/LBC — 63 Blandford Street London W1U 7HR
2026-10-01 13:41:52 INFO LEAD new: [Permitted] Westminster/25/04425/FULL — Flat 2 13 Montagu Street London W1H 7EX
2026-10-01 13:41:52 INFO LEAD new: [Permitted] Westminster/25/04426/LBC — Flat 2 13 Montagu Street London W1H 7EX
2026-10-01 13:41:52 INFO LEAD new: [Permitted] Westminster/25/04438/FULL — Ground Floor 425 Harrow Road London W10 4RE
2026-10-01 13:41:52 INFO LEAD new: [Permitted] Westminster/25/04422/ADLBC — 18 Seymour Street London W1H 7HU
2026-10-01 13:41:52 INFO LEAD new: [Permitted] Westminster/25/04436/FULL — Flat 15 Maybury Court Marylebone Street London W1G 8JF
2026-10-01 13:41:52 INFO LEAD new: [Permitted] Westminster/25/04429/FULL — 53A Westbourne Terrace London W2 3UY
2026-10-01 13:41:52 INFO LEAD new: [Permitted] Westminster/25/04419/ADLBC — 72 - 74 Lancaster Gate London W2 3NH
2026-10-01 13:41:52 INFO LEAD new: [Permitted] Westminster/25/04445/NMA — Development Site At Millbank Complex 21 - 30 Millbank London
2026-10-01 13:41:52 INFO LEAD new: [Permitted] Westminster/25/04496/MOD106 — 95 New Cavendish Street London W1W 6XF
2026-10-01 13:41:52 INFO LEAD new: [Permitted] Westminster/25/04412/ADV — Selfridges 400 Oxford Street London W1A 1AB
2026-10-01 13:41:52 INFO LEAD new: [Permitted] Westminster/25/04421/FULL — Flat 10 Bryanston Mansions York Street London W1H 1DA
2026-10-01 13:41:52 INFO LEAD new: [Permitted] Westminster/25/04427/COLBC — Essendine Primary School Essendine Road London W9 2LR
2026-10-01 13:41:52 INFO LEAD new: [Permitted] Westminster/25/04444/ADFULL — 17 Duchess Mews London W1G 9DU
2026-10-01 13:41:52 INFO LEAD new: [Permitted] Westminster/25/04420/ADLBC — 72 - 74 Lancaster Gate London W2 3NH
2026-10-01 13:41:52 INFO LEAD new: [Permitted] Westminster/25/04430/LBC — 53A Westbourne Terrace London W2 3UY
2026-10-01 13:41:52 INFO LEAD new: [Permitted] Westminster/25/04413/LBC — Selfridges 400 Oxford Street London W1A 1AB
2026-10-01 13:41:52 INFO LEAD new: [Permitted] Westminster/25/04372/LBC — 5 Eaton Square London SW1W 9DA
2026-10-01 13:41:52 INFO LEAD new: [Permitted] Westminster/25/04378/NMA — Car Park Aybrook Street W1U 4AR
2026-10-01 13:41:52 INFO LEAD new: [Permitted] Westminster/25/04841/TELNOT — St Augustines Church Kilburn Park Road London NW6 5LD
2026-10-01 13:41:52 INFO LEAD new: [Permitted] Westminster/25/04374/LBC — 8 Eaton Square London SW1W 9DB
2026-10-01 13:41:52 INFO LEAD new: [Permitted] Westminster/25/04402/FULL — 10 Monmouth Road London W2 5SB
2026-10-01 13:41:52 INFO LEAD new: [Permitted] Westminster/25/04373/LBC — 6 Eaton Square London SW1W 9DA
2026-10-01 13:41:52 INFO LEAD new: [Permitted] Westminster/25/04375/LBC — 9 Eaton Square London SW1W 9DB
2026-10-01 13:41:52 INFO LEAD new: [Permitted] Westminster/25/04371/FULL — 222 Bravington Road London W9 3AP
2026-10-01 13:41:53 INFO LEAD new: [Permitted] Westminster/25/04381/FULL — 36 Marshall Street London W1F 7EY
2026-10-01 13:41:53 INFO LEAD new: [Permitted] Westminster/25/04382/LBC — 36 Marshall Street London W1F 7EY
2026-10-01 13:41:53 INFO LEAD new: [Permitted] Westminster/25/04386/ADV — Lower Ground Floor, Basement And Part Ground Floor Criterion
2026-10-01 13:41:53 INFO LEAD new: [Permitted] Westminster/25/04368/LBC — 11 Waterloo Place London SW1Y 4AU
2026-10-01 13:41:53 INFO LEAD new: [Permitted] Westminster/25/04390/ADLBC — Second Floor Flat G 80 Eaton Square London SW1W 9AP
2026-10-01 13:41:53 INFO LEAD new: [Permitted] Westminster/25/04380/ADV — Marcol House 289 - 293 Regent Street London W1B 2HJ
2026-10-01 13:41:53 INFO LEAD new: [Permitted] Westminster/25/04387/ADFULL — 21 - 25 St Anne's Court London W1F 0BJ
2026-10-01 13:41:59 INFO [westminster/Permitted] page at offset 4300: 100 records
2026-10-01 13:41:59 INFO LEAD new: [Permitted] Westminster/25/04397/ADV — Basement Floor And Ground Floor 110 Westbourne Grove London 
2026-10-01 13:41:59 INFO LEAD new: [Permitted] Westminster/25/04389/ADFULL — 53 Avenue Road NW8 6HR
2026-10-01 13:41:59 INFO LEAD new: [Permitted] Westminster/25/04398/FULL — 55 Baker Street London W1U 8EW
2026-10-01 13:41:59 INFO LEAD new: [Permitted] Westminster/25/04405/NMA — 75 Dean Street London W1D 3PU
2026-10-01 13:41:59 INFO LEAD new: [Permitted] Westminster/25/04401/TCH — West End Quay South Wharf Road London W2 1LA
2026-10-01 13:41:59 INFO LEAD new: [Permitted] Westminster/25/04369/FULL — 7 Montagu Mews North London W1H 2JU
2026-10-01 13:41:59 INFO LEAD new: [Permitted] Westminster/25/04376/LBC — 10 Eaton Square London SW1W 9DB
2026-10-01 13:41:59 INFO LEAD new: [Permitted] Westminster/25/04377/NMA — Car Park Aybrook Street W1U 4AR
2026-10-01 13:41:59 INFO LEAD new: [Permitted] Westminster/25/04363/FULL — 2 Enbrook Street London W10 4SF
2026-10-01 13:41:59 INFO LEAD new: [Permitted] Westminster/25/04336/LBC — Flat 1 32 Hyde Park Square London W2 2NW
2026-10-01 13:41:59 INFO LEAD new: [Permitted] Westminster/25/04314/LBC — 7 Eaton Square London SW1W 9DA
2026-10-01 13:41:59 INFO LEAD new: [Permitted] Westminster/25/04319/FULL — 57 Shirland Road London W9 2JD
2026-10-01 13:41:59 INFO LEAD new: [Permitted] Westminster/25/04391/ADLBC — 49 Elizabeth Street London SW1W 9PP
2026-10-01 13:41:59 INFO LEAD new: [Permitted] Westminster/25/04350/ADFULL — Brettenham House Lancaster Place London WC2E 7EN
2026-10-01 13:41:59 INFO LEAD new: [Permitted] Westminster/25/04322/LBC — 30 Henrietta Street London WC2E 8NA
2026-10-01 13:41:59 INFO LEAD new: [Permitted] Westminster/25/04360/ADV — Basement And Ground Floor 82 Queensway London W2 3RL
2026-10-01 13:41:59 INFO LEAD new: [Permitted] Westminster/25/04352/FULL — 15 - 17 Blandford Street City Of Westminster London W1U 3DG
2026-10-01 13:41:59 INFO LEAD new: [Permitted] Westminster/25/04329/ADV — Marylebone Station Melcombe Place London NW1 6JJ
2026-10-01 13:41:59 INFO LEAD new: [Permitted] Westminster/25/04337/LBC — Marcol House 289 - 293 Regent Street London W1B 2HJ
2026-10-01 13:41:59 INFO LEAD new: [Permitted] Westminster/25/04335/ADFULL — 37 Charlbert Street London NW8 7BP
2026-10-01 13:41:59 INFO LEAD new: [Permitted] Westminster/25/04333/ADFULL — 49 Elizabeth Street London SW1W 9PP
2026-10-01 13:41:59 INFO LEAD new: [Permitted] Westminster/25/04355/ADFULL — Development Site At 2-6 Stanhope Row, 16 Stanhope Row, 36-37
2026-10-01 13:41:59 INFO LEAD new: [Permitted] Westminster/25/04358/FULL — Flat E 90 Gloucester Street London SW1V 4ED
2026-10-01 13:41:59 INFO LEAD new: [Permitted] Westminster/25/04356/ADFULL — 26 Conduit Street London W1S 2XX
2026-10-01 13:41:59 INFO LEAD new: [Permitted] Westminster/25/04330/LBC — Accumulator Tower And District Heating Workshop Churchill Ga
2026-10-01 13:41:59 INFO LEAD new: [Permitted] Westminster/25/04320/LBC — 5 - 6 Henrietta Street London WC2E 8PS
2026-10-01 13:41:59 INFO LEAD new: [Permitted] Westminster/25/04311/FULL — Henrietta Street London
2026-10-01 13:41:59 INFO LEAD new: [Permitted] Westminster/25/04361/ADLBC — 9 Clifford Street London W1S 2FT
2026-10-01 13:41:59 INFO LEAD new: [Permitted] Westminster/25/04317/LBC — 10 Henrietta Street London WC2E 8PS
2026-10-01 13:41:59 INFO LEAD new: [Permitted] Westminster/25/04316/LBC — 23 - 24 Henrietta Street London WC2E 8ND
2026-10-01 13:41:59 INFO LEAD new: [Permitted] Westminster/25/04359/FULL — Basement And Ground Floor 82 Queensway London W2 3RL
2026-10-01 13:41:59 INFO LEAD new: [Permitted] Westminster/25/04318/FULL — 4 Devonshire Close London W1G 7BA
2026-10-01 13:41:59 INFO LEAD new: [Permitted] Westminster/25/04323/ADFULL — Third Floor And Fourth Floor Rear 128 Mount Street London W1
2026-10-01 13:42:00 INFO LEAD new: [Permitted] Westminster/25/04321/LBC — 4 Henrietta Street London WC2E 8PS
2026-10-01 13:42:00 INFO LEAD new: [Permitted] Westminster/25/04354/FULL — Site 117-125 Bayswater Rd 2-6 Queensway Basement Car Park Co
2026-10-01 13:42:00 INFO LEAD new: [Permitted] Westminster/25/04342/FULL — 51 Berkeley Street London W1J 8NL
2026-10-01 13:42:00 INFO LEAD new: [Permitted] Westminster/25/04343/FULL — 64 Marlborough Place London NW8 0PL
2026-10-01 13:42:00 INFO LEAD new: [Permitted] Westminster/25/04344/LBC — Marylebone Station Melcombe Place London NW1 6JJ
2026-10-01 13:42:00 INFO LEAD new: [Permitted] Westminster/25/04301/FULL — Hallam House 56 - 60 Hallam Street London W1W 6JL
2026-10-01 13:42:00 INFO LEAD new: [Permitted] Westminster/25/04303/LBC — 106 - 110 Belgrave Road London SW1V 2BJ
2026-10-01 13:42:00 INFO LEAD new: [Permitted] Westminster/25/04309/ADFULL — 129 New Bond Street London W1S 1EA
2026-10-01 13:42:00 INFO LEAD new: [Permitted] Westminster/25/04290/LBC — Norman Shaw Building South Victoria Embankment London SW1A 2
2026-10-01 13:42:00 INFO LEAD new: [Permitted] Westminster/25/04289/FULL — Norman Shaw Building South Victoria Embankment London SW1A 2
2026-10-01 13:42:00 INFO LEAD new: [Permitted] Westminster/25/04287/ADFULL — 127 - 133 Charing Cross Road London WC2H 0EA
2026-10-01 13:42:00 INFO LEAD new: [Permitted] Westminster/25/04384/CLLB — Flat At 2 Carlton House Terrace London SW1Y 5AF
2026-10-01 13:42:00 INFO LEAD new: [Permitted] Westminster/25/04307/ADV — 56 Regent Street London W1B 5AS
2026-10-01 13:42:00 INFO LEAD new: [Permitted] Westminster/25/04306/ADV — 129 New Bond Street London W1S 1EA
2026-10-01 13:42:00 INFO LEAD new: [Permitted] Westminster/25/04291/AD7 — 57 Brewer Street London W1F 9UL
2026-10-01 13:42:00 INFO LEAD new: [Permitted] Westminster/25/04304/LBC — Buckingham Palace The Mall London SW1A 1AA
2026-10-01 13:42:00 INFO LEAD new: [Permitted] Westminster/25/04305/AADV — Fenwicks 58 - 63 New Bond Street London W1S 1RJ
2026-10-01 13:42:00 INFO LEAD new: [Permitted] Westminster/25/04293/LBC — Flat 53 2 Mansfield Street London W1G 9NF
2026-10-01 13:42:00 INFO LEAD new: [Permitted] Westminster/25/04296/ADLBC — Normandy Court 32 - 33 Kensington Gardens Square London W2 4
2026-10-01 13:42:00 INFO LEAD new: [Permitted] Westminster/25/04294/ADFULL — 59 Green Street London W1K 6RZ
2026-10-01 13:42:00 INFO LEAD new: [Permitted] Westminster/25/04264/NMA — 8 Cavendish Mews North London W1W 6LA
2026-10-01 13:42:00 INFO LEAD new: [Permitted] Westminster/25/04274/LBC — Old War Office Whitehall London SW1A 2BX
2026-10-01 13:42:00 INFO LEAD new: [Permitted] Westminster/25/04256/LBC — National Portrait Gallery 2 St Martin's Place London WC2H 0H
2026-10-01 13:42:00 INFO LEAD new: [Permitted] Westminster/25/04255/FULL — National Portrait Gallery 2 St Martin's Place London WC2H 0H
2026-10-01 13:42:00 INFO LEAD new: [Permitted] Westminster/25/04249/ADLBC — 1 Welbeck Street London W1G 0AR
2026-10-01 13:42:00 INFO LEAD new: [Permitted] Westminster/25/04269/FULL — The Orange Public House 37 - 39 Pimlico Road London SW1W 8NE
2026-10-01 13:42:00 INFO LEAD new: [Permitted] Westminster/25/04270/LBC — The Orange Public House 37 - 39 Pimlico Road London SW1W 8NE
2026-10-01 13:42:00 INFO LEAD new: [Permitted] Westminster/25/04261/LBC — Chelsea College Of Art And Design Millbank London SW1P 4RJ
2026-10-01 13:42:00 INFO LEAD new: [Permitted] Westminster/25/04262/FULL — 81A Elizabeth Street London SW1W 9PG
2026-10-01 13:42:00 INFO LEAD new: [Permitted] Westminster/25/04263/LBC — 81A Elizabeth Street London SW1W 9PG
2026-10-01 13:42:00 INFO LEAD new: [Permitted] Westminster/25/04272/FULL — Thorburn House Kinnerton Street London SW1X 8EX
2026-10-01 13:42:00 INFO LEAD new: [Permitted] Westminster/25/04271/ADV — 5 Motcomb Street London SW1X 8JU
2026-10-01 13:42:00 INFO LEAD new: [Permitted] Westminster/25/04245/ADFULL — 1 Welbeck Street London W1G 0AR
2026-10-01 13:42:00 INFO LEAD new: [Permitted] Westminster/25/04268/ADV — London Hilton 22 Park Lane London W1K 1BE
2026-10-01 13:42:00 INFO LEAD new: [Permitted] Westminster/25/04273/FULL — Old War Office Whitehall London SW1A 2BX
2026-10-01 13:42:00 INFO LEAD new: [Permitted] Westminster/25/04283/LBC — 20 Buckingham Street London WC2N 6EF
2026-10-01 13:42:00 INFO LEAD new: [Permitted] Westminster/25/04282/FULL — 20 Buckingham Street London WC2N 6EF
2026-10-01 13:42:00 INFO LEAD new: [Permitted] Westminster/25/04252/LBC — Chelsea College Of Art And Design Millbank London SW1P 4RJ
2026-10-01 13:42:00 INFO LEAD new: [Permitted] Westminster/25/05703/ADLBC — 93 Inverness Terrace London W2 3JU
2026-10-01 13:42:00 INFO LEAD new: [Permitted] Westminster/25/07312/ADV — Basement And Ground Floor 26 Noel Street London W1F 8GY
2026-10-01 13:42:00 INFO LEAD new: [Permitted] Westminster/25/04251/ADV — 49 South Molton Street London W1K 5LH
2026-10-01 13:42:00 INFO LEAD new: [Permitted] Westminster/25/04259/FULL — 169 - 173 Oxford Street London W1D 2JR
2026-10-01 13:42:00 INFO LEAD new: [Permitted] Westminster/25/04257/FULL — 101 Crawford Street London W1H 2HP
2026-10-01 13:42:00 INFO LEAD new: [Permitted] Westminster/25/04260/LBC — 169 - 173 Oxford Street London W1D 2JR
2026-10-01 13:42:00 INFO LEAD new: [Permitted] Westminster/25/04248/LBC — Admiralty Buildings Whitehall London SW1A 2PA
2026-10-01 13:42:00 INFO LEAD new: [Permitted] Westminster/25/04395/ADFULL — 93 Inverness Terrace London W2 3JU
2026-10-01 13:42:00 INFO LEAD new: [Permitted] Westminster/25/04266/ADV — Marlborough Head 24 North Audley Street London W1K 6WD
2026-10-01 13:42:00 INFO LEAD new: [Permitted] Westminster/25/04278/FULL — 78 Brompton Road London SW3 1ER
2026-10-01 13:42:07 INFO [westminster/Permitted] page at offset 4400: 100 records
2026-10-01 13:42:07 INFO LEAD new: [Permitted] Westminster/25/04233/FULL — 9 - 10 Savile Row London W1S 3PF
2026-10-01 13:42:07 INFO LEAD new: [Permitted] Westminster/25/04240/ADLBC — 117 Westbourne Terrace London W2 6QT
2026-10-01 13:42:07 INFO LEAD new: [Permitted] Westminster/25/04244/ADFULL — 35 Soho Square London W1D 3QX
2026-10-01 13:42:07 INFO LEAD new: [Permitted] Westminster/25/04234/ADLBC — Flat 20 Mulready House Marsham Street London SW1P 4JL
2026-10-01 13:42:07 INFO LEAD new: [Permitted] Westminster/25/04239/ADFULL — 117 Westbourne Terrace London W2 6QT
2026-10-01 13:42:07 INFO LEAD new: [Permitted] Westminster/25/04235/FULL — 130 - 134 New Bond Street London
2026-10-01 13:42:07 INFO LEAD new: [Permitted] Westminster/25/04236/LBC — 130 - 134 New Bond Street London
2026-10-01 13:42:07 INFO LEAD new: [Permitted] Westminster/25/04229/FULL — 50 James Street Marylebone London W1U 1HB
2026-10-01 13:42:07 INFO LEAD new: [Permitted] Westminster/25/04224/ADFULL — 47 Wilton Crescent London SW1X 8RX
2026-10-01 13:42:07 INFO LEAD new: [Permitted] Westminster/25/04220/FULL — 37 Berwick Street London W1F 8RS
2026-10-01 13:42:07 INFO LEAD new: [Permitted] Westminster/25/04222/ADFULL — John Stewart House 435 - 437 Edgware Road London W2 1TH
2026-10-01 13:42:07 INFO LEAD new: [Permitted] Westminster/25/04562/ADV — 50 James Street Marylebone London W1U 1HB
2026-10-01 13:42:07 INFO LEAD new: [Permitted] Westminster/25/04231/FULL — 21 Edgware Road London W2 2JE
2026-10-01 13:42:07 INFO LEAD new: [Permitted] Westminster/25/04232/ADFULL — 72 - 74 Lancaster Gate London W2 3NH
2026-10-01 13:42:07 INFO LEAD new: [Permitted] Westminster/25/04241/FULL — 52 - 55 Dorset Street London W1U 7NH
2026-10-01 13:42:07 INFO LEAD new: [Permitted] Westminster/25/04292/EIASCR — 217 - 221 Harrow Road London W2 5EH
2026-10-01 13:42:07 INFO LEAD new: [Permitted] Westminster/25/04211/ADV — 361 Oxford Street London W1C 2JL
2026-10-01 13:42:07 INFO LEAD new: [Permitted] Westminster/25/04237/LBC — 130 - 134 New Bond Street London
2026-10-01 13:42:07 INFO LEAD new: [Permitted] Westminster/25/04212/NMA — Land At 36 St John's Wood Road And 38-44 Lodge Road London
2026-10-01 13:42:07 INFO LEAD new: [Permitted] Westminster/25/04215/ADV — 51 Berkeley Street London W1J 8NL
2026-10-01 13:42:07 INFO LEAD new: [Permitted] Westminster/25/04243/LBC — 56 Regent Street London W1B 5AS
2026-10-01 13:42:07 INFO LEAD new: [Permitted] Westminster/25/04210/LBC — 30 Grosvenor Square London W1K 6AN
2026-10-01 13:42:07 INFO LEAD new: [Permitted] Westminster/25/04213/LBC — 51 Berkeley Street London W1J 8NL
2026-10-01 13:42:07 INFO LEAD new: [Permitted] Westminster/25/04214/LBC — Flat 11 99 Gloucester Place London W1U 6JL
2026-10-01 13:42:07 INFO LEAD new: [Permitted] Westminster/25/04225/FULL — The Platinum Medical Centre 15 - 17 Lodge Road London NW8 7J
2026-10-01 13:42:07 INFO LEAD new: [Permitted] Westminster/25/04226/ADFULL — 1 Bear Street London WC2H 7AR
2026-10-01 13:42:07 INFO LEAD new: [Permitted] Westminster/25/04221/ADV — 31 Foubert's Place London W1F 7QF
2026-10-01 13:42:07 INFO LEAD new: [Permitted] Westminster/25/04223/LBC — 68 St George's Drive London SW1V 4BX
2026-10-01 13:42:07 INFO LEAD new: [Permitted] Westminster/25/04182/FULL — 72K Randolph Avenue London W9 1BG
2026-10-01 13:42:07 INFO LEAD new: [Permitted] Westminster/25/04198/ADFULL — 16 Hanover Square London W1S 1HS
2026-10-01 13:42:07 INFO LEAD new: [Permitted] Westminster/25/04186/FULL — York House St James's Palace Cleveland Row London SW1A 1BQ
2026-10-01 13:42:07 INFO LEAD new: [Permitted] Westminster/25/04190/ADV — 7 Moxon Street London W1U 4EP
2026-10-01 13:42:07 INFO LEAD new: [Permitted] Westminster/25/04183/LBC — 72K Randolph Avenue London W9 1BG
2026-10-01 13:42:07 INFO LEAD new: [Permitted] Westminster/25/04203/FULL — 29 Old Bond Street London W1S 4QG
2026-10-01 13:42:07 INFO LEAD new: [Permitted] Westminster/25/04179/ADV — 30 - 31 Long Acre London WC2E 9LA
2026-10-01 13:42:07 INFO LEAD new: [Permitted] Westminster/25/04188/FULL — 21 - 25 St Anne's Court London W1F 0BJ
2026-10-01 13:42:07 INFO LEAD new: [Permitted] Westminster/25/04204/ADV — 29 Old Bond Street London W1S 4QG
2026-10-01 13:42:08 INFO LEAD new: [Permitted] Westminster/25/04178/LBC — 30 - 31 Long Acre London WC2E 9LA
2026-10-01 13:42:08 INFO LEAD new: [Permitted] Westminster/25/04172/COADV — 487 Harrow Road London W10 4RG
2026-10-01 13:42:08 INFO LEAD new: [Permitted] Westminster/25/04195/ADV — 21 - 25 St Anne's Court London W1F 0BJ
2026-10-01 13:42:08 INFO LEAD new: [Permitted] Westminster/25/04200/ADLBC — 16 Hanover Square London W1S 1HS
2026-10-01 13:42:08 INFO LEAD new: [Permitted] Westminster/25/04185/ADLBC — Aberach House 17 Savile Row London W1S 3PN
2026-10-01 13:42:08 INFO LEAD new: [Permitted] Westminster/25/04193/FULL — Tate Britain Millbank London SW1P 4RG
2026-10-01 13:42:08 INFO LEAD new: [Permitted] Westminster/25/04187/LBC — York House St James's Palace Cleveland Row London SW1A 1BQ
2026-10-01 13:42:08 INFO LEAD new: [Permitted] Westminster/25/04201/ADLBC — 16 Hanover Square London W1S 1HS
2026-10-01 13:42:08 INFO LEAD new: [Permitted] Westminster/25/04174/ADFULL — 22 Beaumont Street London W1G 6DQ
2026-10-01 13:42:08 INFO LEAD new: [Permitted] Westminster/25/04194/LBC — Tate Britain Millbank London SW1P 4RG
2026-10-01 13:42:08 INFO LEAD new: [Permitted] Westminster/25/04205/CLLB — 51 Berkeley Square London W1J 5BB
2026-10-01 13:42:08 INFO LEAD new: [Permitted] Westminster/25/04197/ADV — 187 Praed Street London W2 1RH
2026-10-01 13:42:08 INFO LEAD new: [Permitted] Westminster/25/04206/LBC — 56 Regent Street London W1B 5AS
2026-10-01 13:42:08 INFO LEAD new: [Permitted] Westminster/25/04199/ADFULL — 16 Hanover Square London W1S 1HS
2026-10-01 13:42:08 INFO LEAD new: [Permitted] Westminster/25/04219/MOD106 — Land At 36 St John's Wood Road And 38-44 Lodge Road London
2026-10-01 13:42:08 INFO LEAD new: [Permitted] Westminster/25/04143/ADV — 14 - 18 Neal Street London WC2H 9LY
2026-10-01 13:42:08 INFO LEAD new: [Permitted] Westminster/25/04177/LBC — Basement 73 Newman Street London W1T 3EJ
2026-10-01 13:42:08 INFO LEAD new: [Permitted] Westminster/25/04168/FULL — 1 Vincent Square London SW1P 2PN
2026-10-01 13:42:08 INFO LEAD new: [Permitted] Westminster/25/04151/LBC — 45 - 47 Mount Street London
2026-10-01 13:42:08 INFO LEAD new: [Permitted] Westminster/25/04150/FULL — 45 - 47 Mount Street London
2026-10-01 13:42:08 INFO LEAD new: [Permitted] Westminster/25/04138/FULL — 133 Harrow Road London W2 1JP
2026-10-01 13:42:08 INFO LEAD new: [Permitted] Westminster/25/04135/FULL — 32 Norfolk Crescent London W2 2YS
2026-10-01 13:42:08 INFO LEAD new: [Permitted] Westminster/25/04134/ADFULL — 6 The Lane London NW8 0PN
2026-10-01 13:42:08 INFO LEAD new: [Permitted] Westminster/25/04156/FULL — Methodist Church House 25 Marylebone Road London NW1 5JR
2026-10-01 13:42:08 INFO LEAD new: [Permitted] Westminster/25/04136/FULL — 50 Hamilton Gardens London NW8 9PX
2026-10-01 13:42:08 INFO LEAD new: [Permitted] Westminster/25/04147/ADFULL — 16 Cavendish Avenue London NW8 9JE
2026-10-01 13:42:08 INFO LEAD new: [Permitted] Westminster/25/04131/FULL — 3 - 11 Southampton Street London WC2E 7HA
2026-10-01 13:42:08 INFO LEAD new: [Permitted] Westminster/25/04133/ADFULL — Development Site At 1-11 And 13-15 Carteret Street 40 Broadw
2026-10-01 13:42:08 INFO LEAD new: [Permitted] Westminster/25/04171/LBC — Buckingham Palace The Mall London SW1A 1AA
2026-10-01 13:42:08 INFO LEAD new: [Permitted] Westminster/25/04141/ADLBC — 16 Cavendish Avenue London NW8 9JE
2026-10-01 13:42:08 INFO LEAD new: [Permitted] Westminster/25/04140/ADFULL — Halcyon London International School 33 Seymour Place London 
2026-10-01 13:42:08 INFO LEAD new: [Permitted] Westminster/25/04132/ADV — 3 - 11 Southampton Street London WC2E 7HA
2026-10-01 13:42:08 INFO LEAD new: [Permitted] Westminster/25/04146/FULL — 8 Strutton Ground London SW1P 2HP
2026-10-01 13:42:08 INFO LEAD new: [Permitted] Westminster/25/04158/FULL — Payphone Site Outside 259-269 Old Marylebone Road London NW1
2026-10-01 13:42:08 INFO LEAD new: [Permitted] Westminster/25/04166/ADFULL — Niketown 236 Oxford Street London W1C 1DE
2026-10-01 13:42:08 INFO LEAD new: [Permitted] Westminster/25/04167/ADLBC — Chelsea College Of Art And Design Millbank London SW1P 4RJ
2026-10-01 13:42:08 INFO LEAD new: [Permitted] Westminster/25/04129/ADV — 71 - 75 Bishop's Bridge Road W2 6BG
2026-10-01 13:42:08 INFO LEAD new: [Permitted] Westminster/25/04149/FULL — 5 Cardinal Walk London SW1E 5JE
2026-10-01 13:42:08 INFO LEAD new: [Permitted] Westminster/25/04139/ADFULL — 31 St Petersburgh Place London W2 4LA
2026-10-01 13:42:08 INFO LEAD new: [Permitted] Westminster/25/04170/ADLBC — 18 Seymour Street London W1H 7HU
2026-10-01 13:42:08 INFO LEAD new: [Permitted] Westminster/25/04127/FULL — 60 Brompton Road London SW3 1BW
2026-10-01 13:42:08 INFO LEAD new: [Permitted] Westminster/25/04155/ADV — Premier Inn 191 Old Marylebone Road London NW1 5DZ
2026-10-01 13:42:08 INFO LEAD new: [Permitted] Westminster/25/04154/FULL — Premier Inn 191 Old Marylebone Road London NW1 5DZ
2026-10-01 13:42:08 INFO LEAD new: [Permitted] Westminster/25/04153/ADV — 258 Harrow Road London W2 5ES
2026-10-01 13:42:08 INFO LEAD new: [Permitted] Westminster/25/04152/FULL — 258 Harrow Road London W2 5ES
2026-10-01 13:42:08 INFO LEAD new: [Permitted] Westminster/25/04148/ADLBC — 7 Talbot Square London W2 1TR
2026-10-01 13:42:08 INFO LEAD new: [Permitted] Westminster/25/04253/ADLBC — Niketown 236 Oxford Street London W1C 1DE
2026-10-01 13:42:08 INFO LEAD new: [Permitted] Westminster/25/04250/ADFULL — 7 Talbot Square London W2 1TR
2026-10-01 13:42:08 INFO LEAD new: [Permitted] Westminster/25/04533/TELNOT — Quintin Kynaston School Marlborough Hill London NW8 0NL
2026-10-01 13:42:08 INFO LEAD new: [Permitted] Westminster/25/04532/TELNOT — Elgood House Wellington Road London NW8 9TG
2026-10-01 13:42:08 INFO LEAD new: [Permitted] Westminster/25/04109/COFUL — Ash House Heather Walk London W10 4RL
2026-10-01 13:42:15 INFO [westminster/Permitted] page at offset 4500: 100 records
2026-10-01 13:42:15 INFO LEAD new: [Permitted] Westminster/25/04094/CLEUD — Queens Court Queensway London W2 4QN
2026-10-01 13:42:15 INFO LEAD new: [Permitted] Westminster/25/04111/FULL — Royal Opera House Covent Garden London WC2E 9DD
2026-10-01 13:42:15 INFO LEAD new: [Permitted] Westminster/25/04093/ADV — 376 - 384 Oxford Street London W1C 1JY
2026-10-01 13:42:15 INFO LEAD new: [Permitted] Westminster/25/04099/ADFULL — Development Site At 1-11 And 13-15 Carteret Street 40 Broadw
2026-10-01 13:42:15 INFO LEAD new: [Permitted] Westminster/25/04096/NMA — Orbis House 5 Mansfield Street London W1G 9NG
2026-10-01 13:42:15 INFO LEAD new: [Permitted] Westminster/25/04121/ADLBC — Buckingham Palace The Mall London SW1A 1AA
2026-10-01 13:42:15 INFO LEAD new: [Permitted] Westminster/25/04105/LBC — Royal Opera House Covent Garden London WC2E 9DD
2026-10-01 13:42:15 INFO LEAD new: [Permitted] Westminster/25/04124/ADFULL — 108 Shirland Road London W9 2EQ
2026-10-01 13:42:15 INFO LEAD new: [Permitted] Westminster/25/04125/LBC — Second Floor 58 Westbourne Terrace London W2 3UJ
2026-10-01 13:42:15 INFO LEAD new: [Permitted] Westminster/25/04076/ADV — The Ship 116 Wardour Street London W1F 0TT
2026-10-01 13:42:15 INFO LEAD new: [Permitted] Westminster/25/04064/ADFULL — 129 Harley Street London W1G 6BA
2026-10-01 13:42:15 INFO LEAD new: [Permitted] Westminster/25/04090/ADFULL — 170 Queen's Gate London SW7 5HF
2026-10-01 13:42:15 INFO LEAD new: [Permitted] Westminster/25/04087/ADFULL — 12A Norfolk Road London NW8 6HE
2026-10-01 13:42:15 INFO LEAD new: [Permitted] Westminster/25/04083/LBC — 1 - 4 Suffolk Street London SW1Y 4HG
2026-10-01 13:42:15 INFO LEAD new: [Permitted] Westminster/25/04081/ADLBC — 43 Eaton Place London SW1X 8BX
2026-10-01 13:42:15 INFO LEAD new: [Permitted] Westminster/25/04085/LBC — Buckingham Palace The Mall London SW1A 1AA
2026-10-01 13:42:15 INFO LEAD new: [Permitted] Westminster/25/04069/LBC — 26 Aberdeen Place NW8 8JR
2026-10-01 13:42:15 INFO LEAD new: [Permitted] Westminster/25/04082/ADFULL — 67 - 68 Grosvenor Street London W1K 3JN
2026-10-01 13:42:15 INFO LEAD new: [Permitted] Westminster/25/04181/ADLBC — 170 Queen's Gate London SW7 5HF
2026-10-01 13:42:15 INFO LEAD new: [Permitted] Westminster/25/04073/ADV — Brettenham House Lancaster Place London WC2E 7EN
2026-10-01 13:42:15 INFO LEAD new: [Permitted] Westminster/25/04057/LBC — 32 Acacia Road NW8 6AS
2026-10-01 13:42:15 INFO LEAD new: [Permitted] Westminster/25/04078/LBC — Libertys Tudor Building Great Marlborough Street London W1F 
2026-10-01 13:42:15 INFO LEAD new: [Permitted] Westminster/25/04088/ADV — 96 Queensway London W2 3RR
2026-10-01 13:42:15 INFO LEAD new: [Permitted] Westminster/25/04065/PASPV — 51 Sutherland Street London SW1V 4JX
2026-10-01 13:42:15 INFO LEAD new: [Permitted] Westminster/25/04079/FULL — 28 Chapel Street London SW1X 7DD
2026-10-01 13:42:15 INFO LEAD new: [Permitted] Westminster/25/04080/LBC — 28 Chapel Street London SW1X 7DD
2026-10-01 13:42:15 INFO LEAD new: [Permitted] Westminster/25/04084/ADFULL — 55 Shirland Road London W9 2JD
2026-10-01 13:42:15 INFO LEAD new: [Permitted] Westminster/25/04070/FULL — Flat 5 24 Kensington Gore London SW7 2ET
2026-10-01 13:42:15 INFO LEAD new: [Permitted] Westminster/25/04071/LBC — Maisonette 97 York Street London W1H 4QQ
2026-10-01 13:42:15 INFO LEAD new: [Permitted] Westminster/25/04054/FULL — Development Site At 1-11 And 13-15 Carteret Street 40 Broadw
2026-10-01 13:42:15 INFO LEAD new: [Permitted] Westminster/25/04052/ADFULL — 19 Ennismore Gardens London SW7 1AA
2026-10-01 13:42:15 INFO LEAD new: [Permitted] Westminster/25/04047/ADFULL — 20 Gloucester Place Mews London W1U 8BA
2026-10-01 13:42:15 INFO LEAD new: [Permitted] Westminster/25/04050/FULL — 1 Kingsway London WC2B 6AN
2026-10-01 13:42:15 INFO LEAD new: [Permitted] Westminster/25/04048/FULL — Newlands House 37 - 40 Berners Street London W1T 3NA
2026-10-01 13:42:15 INFO LEAD new: [Permitted] Westminster/25/04036/FULL — 55 Montpelier Walk London SW7 1JH
2026-10-01 13:42:15 INFO LEAD new: [Permitted] Westminster/25/04040/ADFULL — 35A Welbeck Street London W1G 8EY
2026-10-01 13:42:15 INFO LEAD new: [Permitted] Westminster/25/04042/ADFULL — 12 Upper Wimpole Street London W1G 6LW
2026-10-01 13:42:15 INFO LEAD new: [Permitted] Westminster/25/04031/LBC — 152 Buckingham Palace Road London SW1W 9TR
2026-10-01 13:42:15 INFO LEAD new: [Permitted] Westminster/25/04032/FULL — 376 - 384 Oxford Street London W1C 1JY
2026-10-01 13:42:15 INFO LEAD new: [Permitted] Westminster/25/04055/ADV — 10 Spring Gardens London SW1A 2BN
2026-10-01 13:42:15 INFO LEAD new: [Permitted] Westminster/25/04039/ADFULL — 7 Bentinck Street London W1U 2EH
2026-10-01 13:42:15 INFO LEAD new: [Permitted] Westminster/25/04044/NMA — 49 Gloucester Place London W1U 8JE
2026-10-01 13:42:15 INFO LEAD new: [Permitted] Westminster/25/04045/LBC — Suite 1 Lower Ground Floor 73 - 75 Harley Street London W1G 
2026-10-01 13:42:15 INFO LEAD new: [Permitted] Westminster/25/04030/ADLBC — Fourth Floor Flat F 104 St George's Square London SW1V 3QY
2026-10-01 13:42:15 INFO LEAD new: [Permitted] Westminster/25/04041/ADFULL — 11 Weymouth Street London W1W 6DD
2026-10-01 13:42:15 INFO LEAD new: [Permitted] Westminster/25/04004/FULL — 4 Bryanston Street London W1H 7BY
2026-10-01 13:42:15 INFO LEAD new: [Permitted] Westminster/25/04005/LBC — 4 Bryanston Street London W1H 7BY
2026-10-01 13:42:15 INFO LEAD new: [Permitted] Westminster/25/04010/LBC — 4 Bryanston Street London W1H 7BY
2026-10-01 13:42:15 INFO LEAD new: [Permitted] Westminster/25/04025/ADLBC — 72 - 74 Lancaster Gate London W2 3NH
2026-10-01 13:42:15 INFO LEAD new: [Permitted] Westminster/25/04026/ADLBC — 72 - 74 Lancaster Gate London W2 3NH
2026-10-01 13:42:15 INFO LEAD new: [Permitted] Westminster/25/04028/ADLBC — 72 - 74 Lancaster Gate London W2 3NH
2026-10-01 13:42:15 INFO LEAD new: [Permitted] Westminster/25/04027/ADLBC — 72 - 74 Lancaster Gate London W2 3NH
2026-10-01 13:42:15 INFO LEAD new: [Permitted] Westminster/25/04015/CLOPUD — 25 Hugh Street London SW1V 1QJ
2026-10-01 13:42:15 INFO LEAD new: [Permitted] Westminster/25/04018/FULL — 60 Ledbury Road London W11 2AJ
2026-10-01 13:42:15 INFO LEAD new: [Permitted] Westminster/25/04019/ADFULL — 38 Ashworth Road W9 1JY
2026-10-01 13:42:15 INFO LEAD new: [Permitted] Westminster/25/04022/ADV — 43 Chandos Place London WC2N 4HS
2026-10-01 13:42:16 INFO LEAD new: [Permitted] Westminster/25/04006/FULL — 4 Bryanston Street London W1H 7BY
2026-10-01 13:42:16 INFO LEAD new: [Permitted] Westminster/25/04007/LBC — 4 Bryanston Street London W1H 7BY
2026-10-01 13:42:16 INFO LEAD new: [Permitted] Westminster/25/04011/FULL — 30 Queen's Grove London NW8 6HJ
2026-10-01 13:42:16 INFO LEAD new: [Permitted] Westminster/25/04012/LBC — 30 Queen's Grove London NW8 6HJ
2026-10-01 13:42:16 INFO LEAD new: [Permitted] Westminster/25/03999/ADFULL — 11 Little St James's Street London SW1A 1DP
2026-10-01 13:42:16 INFO LEAD new: [Permitted] Westminster/25/04000/ADLBC — 52 - 55 Dorset Street London W1U 7NH
2026-10-01 13:42:16 INFO LEAD new: [Permitted] Westminster/25/03998/LBC — The National Gallery Trafalgar Square London WC2N 5DN
2026-10-01 13:42:16 INFO LEAD new: [Permitted] Westminster/25/04029/FULL — 5 Fulton Mews London W2 3TY
2026-10-01 13:42:16 INFO LEAD new: [Permitted] Westminster/25/04024/ADFULL — 170 Queen's Gate London SW7 5HF
2026-10-01 13:42:16 INFO LEAD new: [Permitted] Westminster/25/04003/LBC — Flat 3 55 Lancaster Gate London W2 3NA
2026-10-01 13:42:16 INFO LEAD new: [Permitted] Westminster/25/04014/ADFULL — 52 - 55 Dorset Street London W1U 7NH
2026-10-01 13:42:16 INFO LEAD new: [Permitted] Westminster/25/04017/ADLBC — 25 Chester Square London SW1W 9HS
2026-10-01 13:42:16 INFO LEAD new: [Permitted] Westminster/25/03989/NMA — Serpentine Gallery Kensington Gardens Exhibition Road London
2026-10-01 13:42:16 INFO LEAD new: [Permitted] Westminster/25/03975/ADV — The National Gallery Trafalgar Square London WC2N 5DN
2026-10-01 13:42:16 INFO LEAD new: [Permitted] Westminster/25/03980/NMA — 86 Chiltern Street London W1U 5AG
2026-10-01 13:42:16 INFO LEAD new: [Permitted] Westminster/25/03978/ADV — Carnaby Street London W1F 9PB
2026-10-01 13:42:16 INFO LEAD new: [Permitted] Westminster/25/03982/LBC — 93 St George's Square London SW1V 3QW
2026-10-01 13:42:16 INFO LEAD new: [Permitted] Westminster/25/03981/FULL — 93 St George's Square London SW1V 3QW
2026-10-01 13:42:16 INFO LEAD new: [Permitted] Westminster/25/03969/ADV — 245 Regent Street London W1B 2EN
2026-10-01 13:42:16 INFO LEAD new: [Permitted] Westminster/25/03984/CLOPUD — Leconfield House Curzon Street London W1J 5JB
2026-10-01 13:42:16 INFO LEAD new: [Permitted] Westminster/25/03971/LBC — Ground Floor Lords Cricket Ground St John's Wood Road London
2026-10-01 13:42:16 INFO LEAD new: [Permitted] Westminster/25/03973/LBC — 2 Wimpole Mews London W1G 8PE
2026-10-01 13:42:16 INFO LEAD new: [Permitted] Westminster/25/03972/FULL — 2 Wimpole Mews London W1G 8PE
2026-10-01 13:42:16 INFO LEAD new: [Permitted] Westminster/25/03992/LBC — Christ Church Cosway Street London NW1 5BT
2026-10-01 13:42:16 INFO LEAD new: [Permitted] Westminster/25/03983/FULL — Unit 1 Ilona Rose House Manette Street London W1D 4AL
2026-10-01 13:42:16 INFO LEAD new: [Permitted] Westminster/25/03979/ADFULL — 45 Kilburn Park Road London NW6 5XD
2026-10-01 13:42:16 INFO LEAD new: [Permitted] Westminster/25/04046/LBC — Flat 1 39 Hamilton Terrace London NW8 9RG
2026-10-01 13:42:16 INFO LEAD new: [Permitted] Westminster/25/03991/FULL — St Anne's Gardens Wardour Street London W1F 0UN
2026-10-01 13:42:16 INFO LEAD new: [Permitted] Westminster/25/03990/FULL — 7 Alexander Street London W2 5NT
2026-10-01 13:42:22 INFO [westminster/Permitted] page at offset 4600: 100 records
2026-10-01 13:42:22 INFO LEAD new: [Permitted] Westminster/25/03988/COFUL — Mary Paterson Nursery School 13 Riverton Close London W9 3DS
2026-10-01 13:42:22 INFO LEAD new: [Permitted] Westminster/25/03987/LBC — 55 Queen's Gardens Bayswater London W2 3AF
2026-10-01 13:42:22 INFO LEAD new: [Permitted] Westminster/25/03986/FULL — 55 Queen's Gardens Bayswater London W2 3AF
2026-10-01 13:42:22 INFO LEAD new: [Permitted] Westminster/25/04107/TELNOT — The Adelphi 1 - 11 John Adam Street London WC2N 6HT
2026-10-01 13:42:22 INFO LEAD new: [Permitted] Westminster/25/03952/FULL — Flat 54 Ledbury Road London W11 2AJ
2026-10-01 13:42:22 INFO LEAD new: [Permitted] Westminster/25/03948/LBC — 66 Chepstow Road London W2 5BE
2026-10-01 13:42:22 INFO LEAD new: [Permitted] Westminster/25/03949/LBC — Flat 1 48 Blandford Street City Of Westminster London W1U 7H
2026-10-01 13:42:22 INFO LEAD new: [Permitted] Westminster/25/03945/LBC — 1 Hanover Street London W1S 1YZ
2026-10-01 13:42:22 INFO LEAD new: [Permitted] Westminster/25/03963/ADV — Abingdon Street
2026-10-01 13:42:22 INFO LEAD new: [Permitted] Westminster/25/03937/COFUL — Essendine Primary School Essendine Road London W9 2LR
2026-10-01 13:42:22 INFO LEAD new: [Permitted] Westminster/25/03938/COLBC — Essendine Primary School Essendine Road London W9 2LR
2026-10-01 13:42:22 INFO LEAD new: [Permitted] Westminster/25/03930/ADV — 200 Strand London WC2R 1DJ
2026-10-01 13:42:22 INFO LEAD new: [Permitted] Westminster/25/03946/ADFULL — Grosvenor House Apartments Park Lane London W1K 7TN
2026-10-01 13:42:22 INFO LEAD new: [Permitted] Westminster/25/03953/ADFULL — 31 Bloomfield Terrace London SW1W 8PQ
2026-10-01 13:42:22 INFO LEAD new: [Permitted] Westminster/25/03950/LBC — Royal Albert Hall Kensington Gore London SW7 2AP
2026-10-01 13:42:23 INFO LEAD new: [Permitted] Westminster/25/03932/ADFULL — 142 Hamilton Terrace London NW8 9UX
2026-10-01 13:42:23 INFO LEAD new: [Permitted] Westminster/25/03947/ADFULL — 14 Craven Hill Mews London W2 3DY
2026-10-01 13:42:23 INFO LEAD new: [Permitted] Westminster/25/03931/ADFULL — 142 Hamilton Terrace London NW8 9UX
2026-10-01 13:42:23 INFO LEAD new: [Permitted] Westminster/25/04298/TELNOT — Terminal House 52 Grosvenor Gardens London SW1W 0AU
2026-10-01 13:42:23 INFO LEAD new: [Permitted] Westminster/25/03944/FULL — Carnaby Street London W1F 9PB
2026-10-01 13:42:23 INFO LEAD new: [Permitted] Westminster/25/03960/ADV — 53 Millbank London SW1P 4RL
2026-10-01 13:42:23 INFO LEAD new: [Permitted] Westminster/25/04038/ADLBC — 31 Bloomfield Terrace London SW1W 8PQ
2026-10-01 13:42:23 INFO LEAD new: [Permitted] Westminster/25/03959/ADFULL — 5 Merchant Square City Of Westminster London W2 1AY
2026-10-01 13:42:23 INFO LEAD new: [Permitted] Westminster/25/03935/ADLBC — Site At 94 Piccadilly, 95 Piccadilly, 12 White Horse Street,
2026-10-01 13:42:23 INFO LEAD new: [Permitted] Westminster/25/03929/FULL — 5 Albemarle Street City Of Westminster London W1S 4HF
2026-10-01 13:42:23 INFO LEAD new: [Permitted] Westminster/25/03934/ADFULL — 141 Wardour Street London W1F 0UT
2026-10-01 13:42:23 INFO LEAD new: [Permitted] Westminster/25/03961/ADV — Temple Station Victoria Embankment London WC2R 2PH
2026-10-01 13:42:23 INFO LEAD new: [Permitted] Westminster/25/03958/ADFULL — Fourth Floor Flat F 104 St George's Square London SW1V 3QY
2026-10-01 13:42:23 INFO LEAD new: [Permitted] Westminster/25/03928/FULL — 11 Palace Court London W2 4LP
2026-10-01 13:42:23 INFO LEAD new: [Permitted] Westminster/25/03936/LBC — Flat 1 60 Gloucester Place London W1U 8HN
2026-10-01 13:42:23 INFO LEAD new: [Permitted] Westminster/25/03927/LBC — 5 Albemarle Street City Of Westminster London W1S 4HF
2026-10-01 13:42:23 INFO LEAD new: [Permitted] Westminster/25/03957/ADFULL — Westminster House 7 Millbank London SW1P 3JA
2026-10-01 13:42:23 INFO LEAD new: [Permitted] Westminster/25/03899/COFUL — Queens Park Primary School Droop Street London W10 4DQ
2026-10-01 13:42:23 INFO LEAD new: [Permitted] Westminster/25/03913/ADFULL — 14 Bolton Street London W1J 8BF
2026-10-01 13:42:23 INFO LEAD new: [Permitted] Westminster/25/03893/ADLBC — 14 Bolton Street London W1J 8BF
2026-10-01 13:42:23 INFO LEAD new: [Permitted] Westminster/25/03905/FULL — Strathearn House Strathearn Place London W2 2NQ
2026-10-01 13:42:23 INFO LEAD new: [Permitted] Westminster/25/03892/FULL — 7A Pindock Mews London W9 2PY
2026-10-01 13:42:23 INFO LEAD new: [Permitted] Westminster/25/03910/NMA — New Zealand House 80 Haymarket London SW1Y 4TE
2026-10-01 13:42:23 INFO LEAD new: [Permitted] Westminster/25/03906/LBC — Strathearn House Strathearn Place London W2 2NQ
2026-10-01 13:42:23 INFO LEAD new: [Permitted] Westminster/25/03920/LBC — Mezzanine 121 Harley Street London W1G 6AX
2026-10-01 13:42:23 INFO LEAD new: [Permitted] Westminster/25/03918/LBC — Sackville House 40 Piccadilly London W1J 0DR
2026-10-01 13:42:23 INFO LEAD new: [Permitted] Westminster/25/03917/FULL — Canon Row London
2026-10-01 13:42:23 INFO LEAD new: [Permitted] Westminster/25/03885/ADV — 1 Paddington Square City Of Westminster London W2 1DL
2026-10-01 13:42:23 INFO LEAD new: [Permitted] Westminster/25/03926/ADV — 11 - 12 Terminus Place London SW1V 1JR
2026-10-01 13:42:23 INFO LEAD new: [Permitted] Westminster/25/03878/LBC — 17 Sutherland Street London SW1V 4JU
2026-10-01 13:42:23 INFO LEAD new: [Permitted] Westminster/25/03877/FULL — 17 Sutherland Street London SW1V 4JU
2026-10-01 13:42:23 INFO LEAD new: [Permitted] Westminster/25/03894/ADLBC — 49 Gloucester Place London W1U 8JE
2026-10-01 13:42:23 INFO LEAD new: [Permitted] Westminster/25/03901/NMA — Land At 36 St John's Wood Road And 38-44 Lodge Road London
2026-10-01 13:42:23 INFO LEAD new: [Permitted] Westminster/25/03903/ADV — 130 Long Acre London WC2E 9AA
2026-10-01 13:42:23 INFO LEAD new: [Permitted] Westminster/25/03896/CLOPUD — 13 Ashworth Road W9 1JW
2026-10-01 13:42:23 INFO LEAD new: [Permitted] Westminster/25/03890/FULL — 2 Brewer Street London W1F 0SA
2026-10-01 13:42:23 INFO LEAD new: [Permitted] Westminster/25/03995/ADLBC — Flat 9 And 10 6 Hyde Park Gardens London W2 2LT
2026-10-01 13:42:23 INFO LEAD new: [Permitted] Westminster/25/03908/ADFULL — Ground Floor Lords Cricket Ground St John's Wood Road London
2026-10-01 13:42:23 INFO LEAD new: [Permitted] Westminster/25/03891/ADFULL — 20 Carlton House Terrace London SW1Y 5AN
2026-10-01 13:42:23 INFO LEAD new: [Permitted] Westminster/25/03888/LBC — Royal Albert Hall Kensington Gore London SW7 2AP
2026-10-01 13:42:23 INFO LEAD new: [Permitted] Westminster/25/03900/COLBC — Queens Park Primary School Droop Street London W10 4DQ
2026-10-01 13:42:23 INFO LEAD new: [Permitted] Westminster/25/03897/FULL — 13 Ashworth Road W9 1JW
2026-10-01 13:42:23 INFO LEAD new: [Permitted] Westminster/25/03911/LBC — Basement And Ground Floor Unit 2B 10 - 14 Cranbourn Street L
2026-10-01 13:42:23 INFO LEAD new: [Permitted] Westminster/25/03923/LBC — 18 Molyneux Street London W1H 5HN
2026-10-01 13:42:23 INFO LEAD new: [Permitted] Westminster/25/03887/ADLBC — Flat L 4 Leinster Square London W2 4PL
2026-10-01 13:42:23 INFO LEAD new: [Permitted] Westminster/25/03985/MOD106 — Hobhouse Court London
2026-10-01 13:42:23 INFO LEAD new: [Permitted] Westminster/25/03875/LBC — 51 Upper Montagu Street London W1H 1FQ
2026-10-01 13:42:23 INFO LEAD new: [Permitted] Westminster/25/03874/FULL — 51 Upper Montagu Street London W1H 1FQ
2026-10-01 13:42:23 INFO LEAD new: [Permitted] Westminster/25/03922/FULL — 18 Molyneux Street London W1H 5HN
2026-10-01 13:42:23 INFO LEAD new: [Permitted] Westminster/25/03882/LBC — Brown Hart Gardens London
2026-10-01 13:42:23 INFO LEAD new: [Permitted] Westminster/25/03898/CLLB — Crown House 143 - 147 Regent Street London W1B 4JB
2026-10-01 13:42:23 INFO LEAD new: [Permitted] Westminster/25/03909/LBC — 26 Warwick Avenue London W9 2PT
2026-10-01 13:42:23 INFO LEAD new: [Permitted] Westminster/25/03916/ADV — Sackville House 40 Piccadilly London W1J 0DR
2026-10-01 13:42:23 INFO LEAD new: [Permitted] Westminster/25/03876/FULL — 12 Langley Court London WC2E 9JY
2026-10-01 13:42:23 INFO LEAD new: [Permitted] Westminster/25/03883/ADV — 210 Strand London WC2R 1AP
2026-10-01 13:42:23 INFO LEAD new: [Permitted] Westminster/25/03912/FULL — 14 Clifton Road London W9 1SS
2026-10-01 13:42:23 INFO LEAD new: [Permitted] Westminster/25/03879/LBC — 58 Queen Anne Street London W1G 8HW
2026-10-01 13:42:23 INFO LEAD new: [Permitted] Westminster/25/03902/ADFULL — Flat 9 And 10 6 Hyde Park Gardens London W2 2LT
2026-10-01 13:42:23 INFO LEAD new: [Permitted] Westminster/25/04267/TELNOT — Hide Tower Regency Street London SW1P 4AA
2026-10-01 13:42:23 INFO LEAD new: [Permitted] Westminster/25/03845/LBC — 83 - 85 Regent Street London W1B 4EN
2026-10-01 13:42:23 INFO LEAD new: [Permitted] Westminster/25/03844/FULL — 83 - 85 Regent Street London W1B 4EN
2026-10-01 13:42:24 INFO LEAD new: [Permitted] Westminster/25/03850/COFUL — Fir House 7 Droop Street London W10 4EH
2026-10-01 13:42:24 INFO LEAD new: [Permitted] Westminster/25/03839/ADV — 42 - 48 Great Portland Street London W1W 7LZ
2026-10-01 13:42:24 INFO LEAD new: [Permitted] Westminster/25/03853/COFUL — Birch House 5 Droop Street London W10 4EQ
2026-10-01 13:42:24 INFO LEAD new: [Permitted] Westminster/25/03842/AD7 — Elliott House 28A Devonshire Street London W1G 6PS
2026-10-01 13:42:24 INFO LEAD new: [Permitted] Westminster/25/03872/NMA — Suite 1 Lower Ground Floor 73 - 75 Harley Street London W1G 
2026-10-01 13:42:24 INFO LEAD new: [Permitted] Westminster/25/03855/COFUL — Elm House Briar Walk London W10 4QY
2026-10-01 13:42:24 INFO LEAD new: [Permitted] Westminster/25/03867/NMA — Dorchester Hotel 53 Park Lane London W1K 1QA
2026-10-01 13:42:24 INFO LEAD new: [Permitted] Westminster/25/03866/LBC — Dorchester Hotel 53 Park Lane London W1K 1QA
2026-10-01 13:42:24 INFO LEAD new: [Permitted] Westminster/25/03834/ADLBC — Spire House Lancaster Gate London W2 3NP
2026-10-01 13:42:24 INFO LEAD new: [Permitted] Westminster/25/03863/LBC — New Zealand House 80 Haymarket London SW1Y 4TE
2026-10-01 13:42:24 INFO LEAD new: [Permitted] Westminster/25/03868/ADFULL — 15 Upper Wimpole Street London W1G 6LS
2026-10-01 13:42:24 INFO LEAD new: [Permitted] Westminster/25/03846/ADV — 83 - 85 Regent Street London W1B 4EN
2026-10-01 13:42:24 INFO LEAD new: [Permitted] Westminster/25/03849/LBC — Venture House 27 - 29 Glasshouse Street London W1B 5DF
2026-10-01 13:42:24 INFO LEAD new: [Permitted] Westminster/25/03848/FULL — Venture House 27 - 29 Glasshouse Street London W1B 5DF
2026-10-01 13:42:30 INFO [westminster/Permitted] page at offset 4700: 100 records
2026-10-01 13:42:30 INFO LEAD new: [Permitted] Westminster/25/03864/ADFULL — Abercorn School 28 Abercorn Place NW8 9XP
2026-10-01 13:42:30 INFO LEAD new: [Permitted] Westminster/25/03865/ADLBC — Abercorn School 28 Abercorn Place NW8 9XP
2026-10-01 13:42:30 INFO LEAD new: [Permitted] Westminster/25/03832/FULL — 45 Princes Gate London SW7 2QA
2026-10-01 13:42:30 INFO LEAD new: [Permitted] Westminster/25/03838/ADV — Horse And Groom Public House 128 Great Portland Street Londo
2026-10-01 13:42:30 INFO LEAD new: [Permitted] Westminster/25/03861/COFUL — Pine House 9 Droop Street London W10 4EJ
2026-10-01 13:42:30 INFO LEAD new: [Permitted] Westminster/25/03854/COFUL — Holly House Hawthorn Walk London W10 4EN
2026-10-01 13:42:30 INFO LEAD new: [Permitted] Westminster/25/04114/TELNOT — 12 Upper St Martin's Lane London WC2H 9FB
2026-10-01 13:42:30 INFO LEAD new: [Permitted] Westminster/25/03862/ADFULL — 49 Gloucester Place London W1U 8JE
2026-10-01 13:42:30 INFO LEAD new: [Permitted] Westminster/25/03943/EIASCR — 33 Cavendish Square London W1G 0PS
2026-10-01 13:42:30 INFO LEAD new: [Permitted] Westminster/25/04176/ADV — 83 - 85 Regent Street London W1B 4EN
2026-10-01 13:42:30 INFO LEAD new: [Permitted] Westminster/25/03833/LBC — 45 Princes Gate London SW7 2QA
2026-10-01 13:42:30 INFO LEAD new: [Permitted] Westminster/25/03851/COFUL — Oak House Sycamore Walk London W10 4DZ
2026-10-01 13:42:30 INFO LEAD new: [Permitted] Westminster/25/03836/ADV — 137 Westbourne Park Road London W2 5QL
2026-10-01 13:42:30 INFO LEAD new: [Permitted] Westminster/25/03859/ADV — 2 Bathurst Street London W2 2SD
2026-10-01 13:42:30 INFO LEAD new: [Permitted] Westminster/25/03860/FULL — 29 Marylebone Road London NW1 5JX
2026-10-01 13:42:30 INFO LEAD new: [Permitted] Westminster/25/03871/LBC — 8 Norfolk Road London NW8 6HE
2026-10-01 13:42:30 INFO LEAD new: [Permitted] Westminster/25/03852/COFUL — Larch House Rowan Walk London W10 4JJ
2026-10-01 13:42:30 INFO LEAD new: [Permitted] Westminster/25/03870/FULL — 8 Norfolk Road London NW8 6HE
2026-10-01 13:42:30 INFO LEAD new: [Permitted] Westminster/25/03837/ADFULL — Hahnemann House 32 Welbeck Street London W1G 8EU
2026-10-01 13:42:30 INFO LEAD new: [Permitted] Westminster/25/03799/FULL — 39 Gerrard Street London W1D 5QD
2026-10-01 13:42:30 INFO LEAD new: [Permitted] Westminster/25/03830/LBC — 5 Albemarle Street City Of Westminster London W1S 4HF
2026-10-01 13:42:30 INFO LEAD new: [Permitted] Westminster/25/03800/LBC — 39 Gerrard Street London W1D 5QD
2026-10-01 13:42:30 INFO LEAD new: [Permitted] Westminster/25/03817/LBC — 1 Eaton Square London SW1W 9DA
2026-10-01 13:42:30 INFO LEAD new: [Permitted] Westminster/25/03808/FULL — 431 Edgware Road London W2 1TH
2026-10-01 13:42:30 INFO LEAD new: [Permitted] Westminster/25/03827/FULL — Basement And Ground Floor 25 Sale Place London W2 1PU
2026-10-01 13:42:30 INFO LEAD new: [Permitted] Westminster/25/03831/FULL — Flat 3 26 Bristol Gardens London W9 2JQ
2026-10-01 13:42:31 INFO LEAD new: [Permitted] Westminster/25/03843/ADLBC — 76 Chester Square London SW1W 9DU
2026-10-01 13:42:31 INFO LEAD new: [Permitted] Westminster/25/03794/ADV — 1A Tavistock Street London WC2E 7PG
2026-10-01 13:42:31 INFO LEAD new: [Permitted] Westminster/25/03829/ADV — 54 Marshall Street London W1F 9BH
2026-10-01 13:42:31 INFO LEAD new: [Permitted] Westminster/25/03812/FULL — 9 Millbank London SW1P 3AN
2026-10-01 13:42:31 INFO LEAD new: [Permitted] Westminster/25/03805/LBC — House Of Commons Palace Of Westminster Parliament Square Lon
2026-10-01 13:42:31 INFO LEAD new: [Permitted] Westminster/25/03813/LBC — 9 Millbank London SW1P 3AN
2026-10-01 13:42:31 INFO LEAD new: [Permitted] Westminster/25/03816/ADV — 49 South Molton Street London W1K 5LH
2026-10-01 13:42:31 INFO LEAD new: [Permitted] Westminster/25/03811/LBC — St Mark's Church North Audley Street London W1K 6ZA
2026-10-01 13:42:31 INFO LEAD new: [Permitted] Westminster/25/03801/FULL — Seymour Buildings Seymour Place London W1H 4PP
2026-10-01 13:42:31 INFO LEAD new: [Permitted] Westminster/25/03803/OBS — Site Bounded By 40 Liverpool Street, 50 Liverpool Street, Op
2026-10-01 13:42:31 INFO LEAD new: [Permitted] Westminster/25/03828/LBC — Basement And Ground Floor 25 Sale Place London W2 1PU
2026-10-01 13:42:31 INFO LEAD new: [Permitted] Westminster/25/03821/FULL — 121 Queensway London W2 4SJ
2026-10-01 13:42:31 INFO LEAD new: [Permitted] Westminster/25/03818/ADV — 85 Pimlico Road London SW1W 8PH
2026-10-01 13:42:31 INFO LEAD new: [Permitted] Westminster/25/03819/ADFULL — 76 Chester Square London SW1W 9DU
2026-10-01 13:42:31 INFO LEAD new: [Permitted] Westminster/25/03802/ADFULL — 22 Chapter Street London SW1P 4NP
2026-10-01 13:42:31 INFO LEAD new: [Permitted] Westminster/25/03823/ADV — 31 King Street Covent Garden London WC2E 8JD
2026-10-01 13:42:31 INFO LEAD new: [Permitted] Westminster/25/03822/ADV — 145 - 147 Regent Street London W1B 4JB
2026-10-01 13:42:31 INFO LEAD new: [Permitted] Westminster/25/03815/LBC — 31 King Street Covent Garden London WC2E 8JD
2026-10-01 13:42:31 INFO LEAD new: [Permitted] Westminster/25/03806/FULL — Ground Floor Flat 176 Westbourne Park Road London W11 1BT
2026-10-01 13:42:31 INFO LEAD new: [Permitted] Westminster/25/03814/ADV — 45 Beak Street London W1F 9SD
2026-10-01 13:42:31 INFO LEAD new: [Permitted] Westminster/25/03777/LBC — 1 Halkin Place London SW1X 8JG
2026-10-01 13:42:31 INFO LEAD new: [Permitted] Westminster/25/03767/FULL — 14 Plympton Street London NW8 8AB
2026-10-01 13:42:31 INFO LEAD new: [Permitted] Westminster/25/03762/ADLBC — St Michaels House 2 Elizabeth Street London SW1W 9RB
2026-10-01 13:42:31 INFO LEAD new: [Permitted] Westminster/25/03786/ADV — 8 King Street St James's London SW1Y 6QT
2026-10-01 13:42:31 INFO LEAD new: [Permitted] Westminster/25/03764/LBC — Ground Floor Centre 105 Piccadilly London W1J 7NJ
2026-10-01 13:42:31 INFO LEAD new: [Permitted] Westminster/25/03772/FULL — 150 - 162 Edgware Road London W2 2DT
2026-10-01 13:42:31 INFO LEAD new: [Permitted] Westminster/25/03775/FULL — 24 St Stephen's Gardens London W2 5QX
2026-10-01 13:42:31 INFO LEAD new: [Permitted] Westminster/25/03789/ADFULL — 24 Queen Anne's Gate London SW1H 9AA
2026-10-01 13:42:31 INFO LEAD new: [Permitted] Westminster/25/03781/FULL — 78 Regent Street London W1B 5RL
2026-10-01 13:42:31 INFO LEAD new: [Permitted] Westminster/25/03782/LBC — 78 Regent Street London W1B 5RL
2026-10-01 13:42:31 INFO LEAD new: [Permitted] Westminster/25/03769/LBC — Royal Albert Hall Kensington Gore London SW7 2AP
2026-10-01 13:42:31 INFO LEAD new: [Permitted] Westminster/25/03779/FULL — 98 Ebury Mews London SW1W 9NX
2026-10-01 13:42:31 INFO LEAD new: [Permitted] Westminster/25/03798/ADLBC — Flat F 62 St George's Square London SW1V 3QT
2026-10-01 13:42:31 INFO LEAD new: [Permitted] Westminster/25/03768/ADFULL — Flat F 62 St George's Square London SW1V 3QT
2026-10-01 13:42:31 INFO LEAD new: [Permitted] Westminster/25/03771/FULL — 90 - 100 Edgware Road London W2 2EA
2026-10-01 13:42:31 INFO LEAD new: [Permitted] Westminster/25/03766/ADLBC — Cunard House 15 Regent Street London SW1Y 4LR
2026-10-01 13:42:31 INFO LEAD new: [Permitted] Westminster/25/03780/ADFULL — Flat 1 20 Howley Place London W2 1XA
2026-10-01 13:42:31 INFO LEAD new: [Permitted] Westminster/25/03773/FULL — 8 Chesham Street London SW1X 8DT
2026-10-01 13:42:31 INFO LEAD new: [Permitted] Westminster/25/03759/COGADF — 1 John Aird Court London W2 1UY
2026-10-01 13:42:31 INFO LEAD new: [Permitted] Westminster/25/03774/LBC — 8 Chesham Street London SW1X 8DT
2026-10-01 13:42:31 INFO LEAD new: [Permitted] Westminster/25/03770/ADLBC — 8 - 9 William Street London SW1X 9HL
2026-10-01 13:42:31 INFO LEAD new: [Permitted] Westminster/25/03753/ADFULL — 8 - 9 William Street London SW1X 9HL
2026-10-01 13:42:31 INFO LEAD new: [Permitted] Westminster/25/03736/LBC — 21 - 22 Grosvenor Street London W1K 4QJ
2026-10-01 13:42:31 INFO LEAD new: [Permitted] Westminster/25/03734/ADFULL — 1 Hanover Street London W1S 1YZ
2026-10-01 13:42:31 INFO LEAD new: [Permitted] Westminster/25/03730/ADFULL — Seymour Hall Swimming Baths Seymour Place London W1H 5TJ
2026-10-01 13:42:31 INFO LEAD new: [Permitted] Westminster/25/03735/ADLBC — 59A Connaught Street London W2 2BB
2026-10-01 13:42:31 INFO LEAD new: [Permitted] Westminster/25/03729/ADV — Basement And Ground Floor 5 Mount Street London W1K 3NE
2026-10-01 13:42:31 INFO LEAD new: [Permitted] Westminster/25/03720/FULL — Flats 49 To 56 Morshead Mansions Morshead Road London W9 1LF
2026-10-01 13:42:31 INFO LEAD new: [Permitted] Westminster/25/03755/ADV — Niketown 236 Oxford Street London W1C 1DE
2026-10-01 13:42:31 INFO LEAD new: [Permitted] Westminster/25/03740/ADFULL — Development Site At 2-6 Stanhope Row, 16 Stanhope Row, 36-37
2026-10-01 13:42:31 INFO LEAD new: [Permitted] Westminster/25/03742/LBC — Unit 39 Paddington Station Praed Street London W2 1RH
2026-10-01 13:42:31 INFO LEAD new: [Permitted] Westminster/25/03747/COFUL — Cherrytree House 11 Droop Street London W10 4EL
2026-10-01 13:42:31 INFO LEAD new: [Permitted] Westminster/25/03746/P3JPA — 1 Bessborough Gardens London SW1V 2JQ
2026-10-01 13:42:31 INFO LEAD new: [Permitted] Westminster/25/03756/LBC — Grosvenor Gardens House 35 - 37 Grosvenor Gardens London SW1
2026-10-01 13:42:31 INFO LEAD new: [Permitted] Westminster/25/03739/LBC — Flat 2 48 Balcombe Street London NW1 6ND
2026-10-01 13:42:31 INFO LEAD new: [Permitted] Westminster/25/03712/LBC — St Johns Wood Barracks Ordnance Hill London NW8 6PT
2026-10-01 13:42:31 INFO LEAD new: [Permitted] Westminster/25/03709/ADFULL — 22 Ebury Bridge Road London SW1W 8PZ
2026-10-01 13:42:31 INFO LEAD new: [Permitted] Westminster/25/03711/FULL — St Johns Wood Barracks Ordnance Hill London NW8 6PT
2026-10-01 13:42:31 INFO LEAD new: [Permitted] Westminster/25/03715/ADFULL — Taxi House 11 Woodfield Road London W9 2BA
2026-10-01 13:42:31 INFO LEAD new: [Permitted] Westminster/25/03692/NMA — 14 Acacia Road NW8 6AN
2026-10-01 13:42:31 INFO LEAD new: [Permitted] Westminster/25/03705/LBC — 18 Clifton Hill London NW8 0QG
2026-10-01 13:42:31 INFO LEAD new: [Permitted] Westminster/25/03697/ADLBC — Pegasus House 37 - 43 Sackville Street London W1S 3EH
2026-10-01 13:42:32 INFO LEAD new: [Permitted] Westminster/25/03702/LBC — Radiant House 36 - 38 Mortimer Street London W1W 7RG
2026-10-01 13:42:32 INFO LEAD new: [Permitted] Westminster/25/03701/FULL — Radiant House 36 - 38 Mortimer Street London W1W 7RG
2026-10-01 13:42:32 INFO LEAD new: [Permitted] Westminster/25/03744/ADLBC — New Zealand House 80 Haymarket London SW1Y 4TE
2026-10-01 13:42:32 INFO LEAD new: [Permitted] Westminster/25/03743/ADLBC — New Zealand House 80 Haymarket London SW1Y 4TE
2026-10-01 13:42:32 INFO LEAD new: [Permitted] Westminster/25/03688/FULL — 54 Marshall Street London W1F 9BH
2026-10-01 13:42:38 INFO [westminster/Permitted] page at offset 4800: 100 records
2026-10-01 13:42:38 INFO LEAD new: [Permitted] Westminster/25/03714/ADFULL — 12A Norfolk Road London NW8 6HE
2026-10-01 13:42:38 INFO LEAD new: [Permitted] Westminster/25/03724/ADLBC — New Zealand House 80 Haymarket London SW1Y 4TE
2026-10-01 13:42:38 INFO LEAD new: [Permitted] Westminster/25/03706/ADFULL — New Zealand House 80 Haymarket London SW1Y 4TE
2026-10-01 13:42:38 INFO LEAD new: [Permitted] Westminster/25/03700/FULL — 39 - 44 Grosvenor Square London W1K 2HP
2026-10-01 13:42:38 INFO LEAD new: [Permitted] Westminster/25/03699/ADV — Christmas Decorations Carnaby Street London W1F 9PB
2026-10-01 13:42:38 INFO LEAD new: [Permitted] Westminster/25/03693/ADFULL — 12 Upper Belgrave Street London SW1X 8BA
2026-10-01 13:42:38 INFO LEAD new: [Permitted] Westminster/25/03710/ADFULL — New Zealand House 80 Haymarket London SW1Y 4TE
2026-10-01 13:42:38 INFO LEAD new: [Permitted] Westminster/25/03704/ADFULL — St Clement Danes School Drury Lane London WC2B 5SU
2026-10-01 13:42:38 INFO LEAD new: [Permitted] Westminster/25/03686/ADFULL — 18 Springfield Road London NW8 0QN
2026-10-01 13:42:38 INFO LEAD new: [Permitted] Westminster/25/03691/FULL — 12 Sunderland Terrace London W2 5PA
2026-10-01 13:42:38 INFO LEAD new: [Permitted] Westminster/25/03690/ADV — 80 Charing Cross Road London WC2H 0BF
2026-10-01 13:42:38 INFO LEAD new: [Permitted] Westminster/25/03708/ADLBC — 22 Ebury Bridge Road London SW1W 8PZ
2026-10-01 13:42:38 INFO LEAD new: [Permitted] Westminster/25/03718/LBC — Francis Holland School 39 Ivor Place London NW1 6XR
2026-10-01 13:42:38 INFO LEAD new: [Permitted] Westminster/25/03717/FULL — Francis Holland School 39 Ivor Place London NW1 6XR
2026-10-01 13:42:38 INFO LEAD new: [Permitted] Westminster/25/03689/ADV — Basement And Ground Floor 103A Westbourne Grove London W2 4U
2026-10-01 13:42:38 INFO LEAD new: [Permitted] Westminster/25/03685/ADV — 85 Buckingham Palace Road London SW1W 0AJ
2026-10-01 13:42:38 INFO LEAD new: [Permitted] Westminster/25/03694/ADFULL — 12 Upper Belgrave Street London SW1X 8BA
2026-10-01 13:42:38 INFO LEAD new: [Permitted] Westminster/25/03737/ADV — 11 Old Bond Street London W1S 4PN
2026-10-01 13:42:38 INFO LEAD new: [Permitted] Westminster/25/03684/LBC — 2 Bathurst Street London W2 2SD
2026-10-01 13:42:38 INFO LEAD new: [Permitted] Westminster/25/03687/FULL — Basement And Ground Floor Maisonette 3 Lanhill Road London W
2026-10-01 13:42:38 INFO LEAD new: [Permitted] Westminster/25/03680/FULL — 77 - 79 Edgware Road London W2 2HZ
2026-10-01 13:42:38 INFO LEAD new: [Permitted] Westminster/25/03662/ADFULL — Proposed Development Site At 51 To 58 Rathbone Place And 54-
2026-10-01 13:42:38 INFO LEAD new: [Permitted] Westminster/25/04112/TELNOT — Ebury Bridge London
2026-10-01 13:42:38 INFO LEAD new: [Permitted] Westminster/25/03669/FULL — 1 Bessborough Gardens London SW1V 2JQ
2026-10-01 13:42:38 INFO LEAD new: [Permitted] Westminster/25/03675/ADV — 31 James Street Covent Garden London WC2E 8PA
2026-10-01 13:42:38 INFO LEAD new: [Permitted] Westminster/25/03663/LBC — First Floor Flat 23 - 24 Ennismore Gardens London SW7 1AB
2026-10-01 13:42:38 INFO LEAD new: [Permitted] Westminster/25/03673/FULL — 56A Bravington Road London W9 3AJ
2026-10-01 13:42:38 INFO LEAD new: [Permitted] Westminster/25/03640/LBC — 40 Argyll Street City Of Westminster London W1B 3BR
2026-10-01 13:42:38 INFO LEAD new: [Permitted] Westminster/25/03645/ADFULL — Pegasus House 37 - 43 Sackville Street London W1S 3EH
2026-10-01 13:42:38 INFO LEAD new: [Permitted] Westminster/25/03628/ADV — 61 Old Compton Street London W1D 6HS
2026-10-01 13:42:38 INFO LEAD new: [Permitted] Westminster/25/03646/CLOPUD — 15 Grosvenor Square London W1K 6LD
2026-10-01 13:42:38 INFO LEAD new: [Permitted] Westminster/25/03643/FULL — 30 Bruton Place London W1J 6NL
2026-10-01 13:42:38 INFO LEAD new: [Permitted] Westminster/25/03641/ADLBC — 20 St James's Square London SW1Y 4JH
2026-10-01 13:42:39 INFO LEAD new: [Permitted] Westminster/25/03644/ADFULL — Pegasus House 37 - 43 Sackville Street London W1S 3EH
2026-10-01 13:42:39 INFO LEAD new: [Permitted] Westminster/25/03649/FULL — 69 Wimpole Street London W1G 8AS
2026-10-01 13:42:39 INFO LEAD new: [Permitted] Westminster/25/03650/LBC — 69 Wimpole Street London W1G 8AS
2026-10-01 13:42:39 INFO LEAD new: [Permitted] Westminster/25/03642/LBC — 1 Duke Street London W1U 3EA
2026-10-01 13:42:39 INFO LEAD new: [Permitted] Westminster/25/03605/LBC — Flat 3 108 - 132 Westbourne Terrace London W2 6QJ
2026-10-01 13:42:39 INFO LEAD new: [Permitted] Westminster/25/03614/FULL — Basement To First Floor Rear 63 Lisson Street London NW1 5DA
2026-10-01 13:42:39 INFO LEAD new: [Permitted] Westminster/25/03621/ADV — 34 Circus Road London NW8 9SG
2026-10-01 13:42:39 INFO LEAD new: [Permitted] Westminster/25/03622/FULL — Flat 1 39 Hamilton Terrace London NW8 9RG
2026-10-01 13:42:39 INFO LEAD new: [Permitted] Westminster/25/03577/FULL — Flat 4 York House 39 Upper Montagu Street London W1H 1FR
2026-10-01 13:42:39 INFO LEAD new: [Permitted] Westminster/25/03531/FULL — 99 Randolph Avenue London W9 1DL
2026-10-01 13:42:39 INFO LEAD new: [Permitted] Westminster/25/03535/ADV — 1 Paddington Square City Of Westminster London W2 1DL
2026-10-01 13:42:39 INFO LEAD new: [Permitted] Westminster/25/03536/ADV — Ground Floor 14 - 15 Langham Place London W1B 2QS
2026-10-01 13:42:39 INFO LEAD new: [Permitted] Westminster/25/03548/LBC — 9 Bentinck Street London W1U 2EH
2026-10-01 13:42:39 INFO LEAD new: [Permitted] Westminster/25/03547/FULL — 9 Bentinck Street London W1U 2EH
2026-10-01 13:42:39 INFO LEAD new: [Permitted] Westminster/25/03519/FULL — 52 Dorset Street London W1U 7NQ
2026-10-01 13:42:39 INFO LEAD new: [Permitted] Westminster/25/03538/FULL — 81 Rochester Row London SW1P 1LJ
2026-10-01 13:42:39 INFO LEAD new: [Permitted] Westminster/25/03503/ADV — Ground Floor 425 Harrow Road London W10 4RE
2026-10-01 13:42:39 INFO LEAD new: [Permitted] Westminster/25/03501/FULL — Ground Floor 425 Harrow Road London W10 4RE
2026-10-01 13:42:39 INFO LEAD new: [Permitted] Westminster/25/03494/ADV — 87A St John's Wood Terrace London NW8 6PY
2026-10-01 13:42:39 INFO LEAD new: [Permitted] Westminster/25/03502/FULL — Ground Floor 425 Harrow Road London W10 4RE
2026-10-01 13:42:39 INFO LEAD new: [Permitted] Westminster/25/03507/ADFULL — 142 Hamilton Terrace London NW8 9UX
2026-10-01 13:42:39 INFO LEAD new: [Permitted] Westminster/25/03505/ADFULL — 142 Hamilton Terrace London NW8 9UX
2026-10-01 13:42:39 INFO LEAD new: [Permitted] Westminster/25/03482/P3JPA — 8 - 10 Hallam Street London W1W 6JE
2026-10-01 13:42:39 INFO LEAD new: [Permitted] Westminster/25/03477/ADLBC — 5 Harcourt Street London W1H 4HA
2026-10-01 13:42:39 INFO LEAD new: [Permitted] Westminster/25/03472/LBC — 97 Mount Street London W1K 2TD
2026-10-01 13:42:39 INFO LEAD new: [Permitted] Westminster/25/03481/P3JPA — 8 - 10 Hallam Street London W1W 6JE
2026-10-01 13:42:39 INFO LEAD new: [Permitted] Westminster/25/03480/LBC — 87A St John's Wood Terrace London NW8 6PY
2026-10-01 13:42:39 INFO LEAD new: [Permitted] Westminster/25/03465/FULL — 65 Eccleston Square Mews London SW1V 1QN
2026-10-01 13:42:39 INFO LEAD new: [Permitted] Westminster/25/03449/ADFULL — 525 Harrow Road London W10 4RH
2026-10-01 13:42:39 INFO LEAD new: [Permitted] Westminster/25/03455/AD7 — 10A Chandos Street London W1G 9DQ
2026-10-01 13:42:39 INFO LEAD new: [Permitted] Westminster/25/03453/AD7 — 2 Soho Square London W1D 3PX
2026-10-01 13:42:39 INFO LEAD new: [Permitted] Westminster/25/03450/FULL — 43 Frith Street London W1D 4SA
2026-10-01 13:42:39 INFO LEAD new: [Permitted] Westminster/25/03460/ADV — John Lewis 278 - 306 Oxford Street London W1C 1DX
2026-10-01 13:42:39 INFO LEAD new: [Permitted] Westminster/25/03406/ADFULL — Basement And Ground Floor 245 Elgin Avenue London W9 1NJ
2026-10-01 13:42:39 INFO LEAD new: [Permitted] Westminster/25/03424/FULL — 42 - 44 Gloucester Terrace London W2 3DA
2026-10-01 13:42:39 INFO LEAD new: [Permitted] Westminster/25/03394/FULL — Warwick House 25 Buckingham Palace Road London SW1W 0PP
2026-10-01 13:42:39 INFO LEAD new: [Permitted] Westminster/25/03384/FULL — Pitch 1710 Davies Street London W1C 2JR
2026-10-01 13:42:39 INFO LEAD new: [Permitted] Westminster/25/03402/FULL — 16 Wilton Crescent London SW1X 8SA
2026-10-01 13:42:39 INFO LEAD new: [Permitted] Westminster/25/03403/LBC — 16 Wilton Crescent London SW1X 8SA
2026-10-01 13:42:39 INFO LEAD new: [Permitted] Westminster/25/03399/FULL — Basement 178 Westbourne Park Road London W11 1BT
2026-10-01 13:42:39 INFO LEAD new: [Permitted] Westminster/25/03425/LBC — 42 - 44 Gloucester Terrace London W2 3DA
2026-10-01 13:42:39 INFO LEAD new: [Permitted] Westminster/25/03362/ADFULL — 1 Bear Street London WC2H 7AR
2026-10-01 13:42:39 INFO LEAD new: [Permitted] Westminster/25/03368/ADFULL — 1 Bear Street London WC2H 7AR
2026-10-01 13:42:39 INFO LEAD new: [Permitted] Westminster/25/03372/FULL — 3 Queen's Gardens Bayswater London W2 3BA
2026-10-01 13:42:39 INFO LEAD new: [Permitted] Westminster/25/03375/ADFULL — 26 Queen's Grove London NW8 6HJ
2026-10-01 13:42:39 INFO LEAD new: [Permitted] Westminster/25/03347/FULL — 16 St John's Wood Park London NW8 6QP
2026-10-01 13:42:39 INFO LEAD new: [Permitted] Westminster/25/03370/ADFULL — 72 Grove End Road London NW8 9ND
2026-10-01 13:42:39 INFO LEAD new: [Permitted] Westminster/25/03350/LBC — 1 Devonshire Terrace London W2 3DN
2026-10-01 13:42:39 INFO LEAD new: [Permitted] Westminster/25/03341/ADFULL — 56 Queen Anne Street London W1G 8LA
2026-10-01 13:42:39 INFO LEAD new: [Permitted] Westminster/25/03351/LBC — 13 Upper Belgrave Street London SW1X 8BA
2026-10-01 13:42:39 INFO LEAD new: [Permitted] Westminster/25/03369/ADFULL — 1 Bear Street London WC2H 7AR
2026-10-01 13:42:39 INFO LEAD new: [Permitted] Westminster/25/03356/FULL — 66 Berners Street London W1T 3NL
2026-10-01 13:42:39 INFO LEAD new: [Permitted] Westminster/25/03349/FULL — 1 Devonshire Terrace London W2 3DN
2026-10-01 13:42:46 INFO [westminster/Permitted] page at offset 4900: 100 records
2026-10-01 13:42:46 INFO LEAD new: [Permitted] Westminster/25/03382/ADLBC — 1 Cavendish Square London W1G 0LA
2026-10-01 13:42:46 INFO LEAD new: [Permitted] Westminster/25/03355/LBC — 3 Devonshire Terrace London W2 3DN
2026-10-01 13:42:46 INFO LEAD new: [Permitted] Westminster/25/03366/FULL — 2 Marsham Street London SW1P 4DF
2026-10-01 13:42:46 INFO LEAD new: [Permitted] Westminster/25/03354/FULL — 3 Devonshire Terrace London W2 3DN
2026-10-01 13:42:46 INFO LEAD new: [Permitted] Westminster/25/03353/ADV — 86 Horseferry Road London SW1P 2EE
2026-10-01 13:42:46 INFO LEAD new: [Permitted] Westminster/25/03373/LBC — 3 Queen's Gardens Bayswater London W2 3BA
2026-10-01 13:42:46 INFO LEAD new: [Permitted] Westminster/25/04130/CLLB — Development Site At Former Whiteleys Centre Queensway London
2026-10-01 13:42:46 INFO LEAD new: [Permitted] Westminster/25/03342/RESMAT — Land Bound By Edgware Rd, Boscobel St, Penfold St, Church St
2026-10-01 13:42:46 INFO LEAD new: [Permitted] Westminster/25/03330/ADFULL — 1 Cavendish Square London W1G 0LA
2026-10-01 13:42:46 INFO LEAD new: [Permitted] Westminster/25/03306/FULL — Lionel Robbins Building 10 Portugal Street London WC2A 2HD
2026-10-01 13:42:46 INFO LEAD new: [Permitted] Westminster/25/03327/FULL — 4 Montpelier Terrace London SW7 1JP
2026-10-01 13:42:46 INFO LEAD new: [Permitted] Westminster/25/03329/ADFULL — Dorchester Hotel 53 Park Lane London W1K 1QA
2026-10-01 13:42:46 INFO LEAD new: [Permitted] Westminster/25/03324/ADV — 2 Brewer Street London W1F 0SA
2026-10-01 13:42:46 INFO LEAD new: [Permitted] Westminster/25/03322/FULL — Kensington Gardens Serpentine Road London W2 2UH
2026-10-01 13:42:46 INFO LEAD new: [Permitted] Westminster/25/03321/ADFULL — Dev Site At 19-35 Baker Street, 88-110 George Street, 69-71 
2026-10-01 13:42:46 INFO LEAD new: [Permitted] Westminster/25/03319/LBC — Serpentine Bridge Serpentine Road London
2026-10-01 13:42:46 INFO LEAD new: [Permitted] Westminster/25/03750/ADFULL — Flat 1 153 Kilburn Park Road London NW6 5LD
2026-10-01 13:42:46 INFO LEAD new: [Permitted] Westminster/25/03292/FULL — 27 - 28 Ennismore Gardens London SW7 1AD
2026-10-01 13:42:46 INFO LEAD new: [Permitted] Westminster/25/03302/FULL — 59 Nutbourne Street London W10 4HW
2026-10-01 13:42:46 INFO LEAD new: [Permitted] Westminster/25/03398/TELNOT — Buckingham Palace Road London
2026-10-01 13:42:46 INFO LEAD new: [Permitted] Westminster/25/03278/ADFULL — Charing Cross Station Strand London WC2N 5HS
2026-10-01 13:42:46 INFO LEAD new: [Permitted] Westminster/25/03293/LBC — 27 - 28 Ennismore Gardens London SW7 1AD
2026-10-01 13:42:46 INFO LEAD new: [Permitted] Westminster/25/03243/ADLBC — Charing Cross Station Strand London WC2N 5HS
2026-10-01 13:42:46 INFO LEAD new: [Permitted] Westminster/25/03238/LBC — Savoy Theatre Savoy Court London WC2R 0ET
2026-10-01 13:42:46 INFO LEAD new: [Permitted] Westminster/25/03232/LBC — First Floor Flat 9 Clifton Villas London W9 2PH
2026-10-01 13:42:46 INFO LEAD new: [Permitted] Westminster/25/03240/ADV — 425 Strand London WC2R 0QE
2026-10-01 13:42:46 INFO LEAD new: [Permitted] Westminster/25/03212/COFUL — 58 Blomfield Road London W9 2PA
2026-10-01 13:42:46 INFO LEAD new: [Permitted] Westminster/25/03200/NMA — 13 - 14 Dean Street London W1D 3RS
2026-10-01 13:42:46 INFO LEAD new: [Permitted] Westminster/25/03218/ADV — 33 Eccleston Street London SW1W 9NS
2026-10-01 13:42:46 INFO LEAD new: [Permitted] Westminster/25/03209/FULL — 19 Northumberland Place London W2 5BS
2026-10-01 13:42:46 INFO LEAD new: [Permitted] Westminster/25/03221/FULL — 18 Upper Brook Street London W1K 7PU
2026-10-01 13:42:46 INFO LEAD new: [Permitted] Westminster/25/03213/COFUL — 64 Blomfield Road London W9 2PA
2026-10-01 13:42:46 INFO LEAD new: [Permitted] Westminster/25/03220/ADV — 318 - 322 Regent Street London W1B 3BL
2026-10-01 13:42:46 INFO LEAD new: [Permitted] Westminster/25/03207/AD7 — First Floor Bischheim House 19 - 20 Berners Street London W1
2026-10-01 13:42:46 INFO LEAD new: [Permitted] Westminster/25/03181/LBC — Flat 6 10 Westbourne Terrace London W2 3UW
2026-10-01 13:42:46 INFO LEAD new: [Permitted] Westminster/25/03187/ADFULL — Byron House 7 - 9 St James's Street London SW1A 1EE
2026-10-01 13:42:46 INFO LEAD new: [Permitted] Westminster/25/03186/ADV — 13 Macclesfield Street London W1D 5BR
2026-10-01 13:42:46 INFO LEAD new: [Permitted] Westminster/25/03162/ADFULL — Development Site At 8-10 Grafton Street, 11-14 Grafton Stree
2026-10-01 13:42:46 INFO LEAD new: [Permitted] Westminster/25/03142/ADFULL — 24 Eaton Place London SW1X 8AE
2026-10-01 13:42:46 INFO LEAD new: [Permitted] Westminster/25/03169/ADLBC — 24 Eaton Place London SW1X 8AE
2026-10-01 13:42:46 INFO LEAD new: [Permitted] Westminster/25/03144/LBC — Flat 2a 27 Bryanston Square London W1H 2DT
2026-10-01 13:42:46 INFO LEAD new: [Permitted] Westminster/25/03164/LBC — 27 Pall Mall London SW1Y 5LP
2026-10-01 13:42:46 INFO LEAD new: [Permitted] Westminster/25/03234/TELNOT — 1 Lower Grosvenor Place London SW1W 0EJ
2026-10-01 13:42:46 INFO LEAD new: [Permitted] Westminster/25/03134/LBC — Flat 2 150 Randolph Avenue London W9 1PG
2026-10-01 13:42:46 INFO LEAD new: [Permitted] Westminster/25/03131/FULL — 12 Bruton Street London W1J 6PZ
2026-10-01 13:42:46 INFO LEAD new: [Permitted] Westminster/25/03123/COFUL — 60 Blomfield Road London W9 2PA
2026-10-01 13:42:46 INFO LEAD new: [Permitted] Westminster/25/03132/CLEUD — Underground Car Park Cavendish Square London W1G 0PG
2026-10-01 13:42:46 INFO LEAD new: [Permitted] Westminster/25/03182/ADLBC — 48 Harley Street London W1G 9PU
2026-10-01 13:42:46 INFO LEAD new: [Permitted] Westminster/25/03114/FULL — 20 - 22 Mortimer Street London W1T 3JW
2026-10-01 13:42:46 INFO LEAD new: [Permitted] Westminster/25/03115/ADFULL — 25 Belgrave Square London SW1X 8QD
2026-10-01 13:42:46 INFO LEAD new: [Permitted] Westminster/25/03091/ADFULL — 37 Lanark Road London W9 1DE
2026-10-01 13:42:46 INFO LEAD new: [Permitted] Westminster/25/03090/NMA — 12 Bruton Street London W1J 6PZ
2026-10-01 13:42:46 INFO LEAD new: [Permitted] Westminster/25/03088/FULL — 11 Old Bond Street London W1S 4PN
2026-10-01 13:42:46 INFO LEAD new: [Permitted] Westminster/25/03107/ADFULL — 61 - 71 Victoria Street London SW1H 0HW
2026-10-01 13:42:46 INFO LEAD new: [Permitted] Westminster/25/03104/LBC — 34 The Market Covent Garden London WC2E 8RE
2026-10-01 13:42:46 INFO LEAD new: [Permitted] Westminster/25/03053/FULL — Francis Holland School 39 Ivor Place London NW1 6XR
2026-10-01 13:42:47 INFO LEAD new: [Permitted] Westminster/25/03063/LBC — 80 Piccadilly London W1J 8HX
2026-10-01 13:42:47 INFO LEAD new: [Permitted] Westminster/25/03062/FULL — 80 Piccadilly London W1J 8HX
2026-10-01 13:42:47 INFO LEAD new: [Permitted] Westminster/25/03396/TELNOT — Boscobel Street London
2026-10-01 13:42:47 INFO LEAD new: [Permitted] Westminster/25/03397/TELNOT — Marylebone Road London
2026-10-01 13:42:47 INFO LEAD new: [Permitted] Westminster/25/03074/LBC — Savoy Hotel 1 Savoy Hill London WC2R 0BP
2026-10-01 13:42:47 INFO LEAD new: [Permitted] Westminster/25/03059/FULL — 87 Charlwood Street London SW1V 4PB
2026-10-01 13:42:47 INFO LEAD new: [Permitted] Westminster/25/03290/TELNOT — 101 Buckingham Palace Road London SW1V 1JT
2026-10-01 13:42:47 INFO LEAD new: [Permitted] Westminster/25/03157/ADLBC — 4 Shouldham Street London W1H 5FQ
2026-10-01 13:42:47 INFO LEAD new: [Permitted] Westminster/25/03075/FULL — Savoy Hotel 1 Savoy Hill London WC2R 0BP
2026-10-01 13:42:47 INFO LEAD new: [Permitted] Westminster/25/03054/LBC — Francis Holland School 39 Ivor Place London NW1 6XR
2026-10-01 13:42:47 INFO LEAD new: [Permitted] Westminster/25/03073/ADLBC — Aberach House 17 Savile Row London W1S 3PN
2026-10-01 13:42:47 INFO LEAD new: [Permitted] Westminster/25/03032/LBC — Fourth Floor 25 Bruton Street London W1J 6QH
2026-10-01 13:42:47 INFO LEAD new: [Permitted] Westminster/25/03012/ADLBC — Flat 1 77 Kensington Gardens Square London W2 4DJ
2026-10-01 13:42:47 INFO LEAD new: [Permitted] Westminster/25/03016/FULL — 30D Claverton Street London SW1V 3AU
2026-10-01 13:42:47 INFO LEAD new: [Permitted] Westminster/25/03019/FULL — Ground Floor Flat 2 92 Bell Street London NW1 6SL
2026-10-01 13:42:47 INFO LEAD new: [Permitted] Westminster/25/03034/FULL — 16 Eaton Mews South London SW1W 9HP
2026-10-01 13:42:47 INFO LEAD new: [Permitted] Westminster/25/03007/ADFULL — 6 Ennismore Gardens Mews London SW7 1HX
2026-10-01 13:42:47 INFO LEAD new: [Permitted] Westminster/25/03027/ADLBC — 9 Manchester Square London W1U 3PL
2026-10-01 13:42:47 INFO LEAD new: [Permitted] Westminster/25/03003/ADFULL — 7 Mercer Street London WC2H 9QJ
2026-10-01 13:42:47 INFO LEAD new: [Permitted] Westminster/25/03021/ADLBC — The London Pavillion 1 Piccadilly London W1J 0DA
2026-10-01 13:42:47 INFO LEAD new: [Permitted] Westminster/25/03008/FULL — 80 Eaton Square London SW1W 9AP
2026-10-01 13:42:47 INFO LEAD new: [Permitted] Westminster/25/03014/ADLBC — Fortune Theatre Russell Street London WC2B 5HH
2026-10-01 13:42:47 INFO LEAD new: [Permitted] Westminster/25/03005/ADFULL — 121 Queensway London W2 4SJ
2026-10-01 13:42:47 INFO LEAD new: [Permitted] Westminster/25/03015/LBC — Apartment 8 81 Lancaster Gate London W2 3NH
2026-10-01 13:42:47 INFO LEAD new: [Permitted] Westminster/25/03011/LBC — Apartment 9 79 Lancaster Gate London W2 3NN
2026-10-01 13:42:47 INFO LEAD new: [Permitted] Westminster/25/03025/ADLBC — Admiralty Buildings Whitehall London SW1A 2PA
2026-10-01 13:42:47 INFO LEAD new: [Permitted] Westminster/25/02961/ADFULL — Westminster House 7 Millbank London SW1P 3JA
2026-10-01 13:42:47 INFO LEAD new: [Permitted] Westminster/25/02989/LBC — 144 - 146 Buckingham Palace Road London SW1W 9TR
2026-10-01 13:42:47 INFO LEAD new: [Permitted] Westminster/25/02975/ADV — 94 - 96 Wigmore Street London W1U 3RF
2026-10-01 13:42:47 INFO LEAD new: [Permitted] Westminster/25/02956/FULL — 15 Princes Mews London W2 4NX
2026-10-01 13:42:53 INFO [westminster/Permitted] page at offset 5000: 100 records
2026-10-01 13:42:53 INFO LEAD new: [Permitted] Westminster/25/02969/ADFULL — 66 South Molton Street London W1K 5SX
2026-10-01 13:42:53 INFO LEAD new: [Permitted] Westminster/25/02962/ADFULL — Grosvenor Square Gardens Grosvenor Square London W1K 6LD
2026-10-01 13:42:53 INFO LEAD new: [Permitted] Westminster/25/02967/FULL — 17 Abbey Gardens London NW8 9AS
2026-10-01 13:42:53 INFO LEAD new: [Permitted] Westminster/25/02992/LBC — University 1 - 4 Portsmouth Street London WC2A 2ES
2026-10-01 13:42:53 INFO LEAD new: [Permitted] Westminster/25/02970/TCH — 47 Villiers Street London WC2N 6NE
2026-10-01 13:42:53 INFO LEAD new: [Permitted] Westminster/25/02979/FULL — 54 Linhope Street London NW1 6HL
2026-10-01 13:42:53 INFO LEAD new: [Permitted] Westminster/25/02990/LBC — 30 Lower Belgrave Street London SW1W 0LN
2026-10-01 13:42:53 INFO LEAD new: [Permitted] Westminster/25/02940/NMA — 10 Piccadilly London W1J 0DD
2026-10-01 13:42:53 INFO LEAD new: [Permitted] Westminster/25/02954/ADLBC — 44 Welbeck Street London W1G 8DY
2026-10-01 13:42:53 INFO LEAD new: [Permitted] Westminster/25/02938/FULL — 56 Haymarket London SW1Y 4RP
2026-10-01 13:42:53 INFO LEAD new: [Permitted] Westminster/25/02947/ADFULL — Flat 1 6 Charles Street London W1J 5DG
2026-10-01 13:42:54 INFO LEAD new: [Permitted] Westminster/25/02952/ADFULL — St Johns Wood Barracks Ordnance Hill London NW8 6PT
2026-10-01 13:42:54 INFO LEAD new: [Permitted] Westminster/25/02929/ADLBC — Norman Shaw North Parliamentary Victoria Embankment London S
2026-10-01 13:42:54 INFO LEAD new: [Permitted] Westminster/25/02884/FULL — 13 Upper Belgrave Street London SW1X 8BA
2026-10-01 13:42:54 INFO LEAD new: [Permitted] Westminster/25/02902/CLOPUD — Flat 3 41 Broadley Terrace London NW1 6LQ
2026-10-01 13:42:54 INFO LEAD new: [Permitted] Westminster/25/02907/NMA — 20 Duchess Mews London W1G 9DT
2026-10-01 13:42:54 INFO LEAD new: [Permitted] Westminster/25/02905/CLOPUD — Flat 3 41 Broadley Terrace London NW1 6LQ
2026-10-01 13:42:54 INFO LEAD new: [Permitted] Westminster/25/02894/FULL — 60 Buckingham Palace Road London SW1W 0AH
2026-10-01 13:42:54 INFO LEAD new: [Permitted] Westminster/25/02886/ADV — 16 Henrietta Street London WC2E 8QH
2026-10-01 13:42:54 INFO LEAD new: [Permitted] Westminster/25/02908/ADV — Dorothy Gardner Centre 293 Shirland Road London W9 3JY
2026-10-01 13:42:54 INFO LEAD new: [Permitted] Westminster/25/02914/FULL — 105 Piccadilly London W1J 7NJ
2026-10-01 13:42:54 INFO LEAD new: [Permitted] Westminster/25/02915/LBC — 105 Piccadilly London W1J 7NJ
2026-10-01 13:42:54 INFO LEAD new: [Permitted] Westminster/25/02909/FULL — Banqueting House Whitehall London SW1A 2ER
2026-10-01 13:42:54 INFO LEAD new: [Permitted] Westminster/25/02910/LBC — Banqueting House Whitehall London SW1A 2ER
2026-10-01 13:42:54 INFO LEAD new: [Permitted] Westminster/25/02918/ADV — (Including First Floor No. 80) First Floor 100 Victoria Stre
2026-10-01 13:42:54 INFO LEAD new: [Permitted] Westminster/25/02919/AADV — Fenwicks 58 - 63 New Bond Street London W1S 1RJ
2026-10-01 13:42:54 INFO LEAD new: [Permitted] Westminster/25/02901/ADFULL — Grosvenor Square Gardens Grosvenor Square London W1K 6LD
2026-10-01 13:42:54 INFO LEAD new: [Permitted] Westminster/25/02926/LBC — 33 Abbey Gardens City Of Westminster London NW8 9AS
2026-10-01 13:42:54 INFO LEAD new: [Permitted] Westminster/25/02900/NMA — Grosvenor Square Gardens Grosvenor Square London W1K 6LD
2026-10-01 13:42:54 INFO LEAD new: [Permitted] Westminster/25/02924/FULL — 19 Duke Street London W1U 1DJ
2026-10-01 13:42:54 INFO LEAD new: [Permitted] Westminster/25/02925/ADV — 19 Duke Street London W1U 1DJ
2026-10-01 13:42:54 INFO LEAD new: [Permitted] Westminster/25/02904/EEN — Christ Church Down Street London W1J 7AN
2026-10-01 13:42:54 INFO LEAD new: [Permitted] Westminster/25/02916/FULL — Hotel Bryanston Street London W1H 7EH
2026-10-01 13:42:54 INFO LEAD new: [Permitted] Westminster/25/02927/FULL — 40 Grosvenor Place London SW1X 7HJ
2026-10-01 13:42:54 INFO LEAD new: [Permitted] Westminster/25/02922/ADLBC — Third Floor And Fourth Floor Rear 128 Mount Street London W1
2026-10-01 13:42:54 INFO LEAD new: [Permitted] Westminster/25/02893/ADV — 13 - 19 Circus Road London NW8 6PB
2026-10-01 13:42:54 INFO LEAD new: [Permitted] Westminster/25/02869/ADFULL — 30 Grosvenor Square London W1K 6AN
2026-10-01 13:42:54 INFO LEAD new: [Permitted] Westminster/25/02850/LBC — The Ritz Hotel 150 - 156 Piccadilly London W1J 9BR
2026-10-01 13:42:54 INFO LEAD new: [Permitted] Westminster/25/02877/FULL — Ambassador Court 17 Craven Terrace London W2 3QH
2026-10-01 13:42:54 INFO LEAD new: [Permitted] Westminster/25/02842/NMA — 1 Kingsway London WC2B 6AN
2026-10-01 13:42:54 INFO LEAD new: [Permitted] Westminster/25/02857/LBC — Flat 146 4 Whitehall Court London SW1A 2EP
2026-10-01 13:42:54 INFO LEAD new: [Permitted] Westminster/25/02863/FULL — 55 Avenue Road NW8 6HR
2026-10-01 13:42:54 INFO LEAD new: [Permitted] Westminster/25/02851/ADFULL — Development Site At 1-11 And 13-15 Carteret Street 40 Broadw
2026-10-01 13:42:54 INFO LEAD new: [Permitted] Westminster/25/03001/ADLBC — 30 Grosvenor Square London W1K 6AN
2026-10-01 13:42:54 INFO LEAD new: [Permitted] Westminster/25/03050/ADV — 45 Charles Street London W1J 5EQ
2026-10-01 13:42:54 INFO LEAD new: [Permitted] Westminster/25/02849/FULL — The Ritz Hotel 150 - 156 Piccadilly London W1J 9BR
2026-10-01 13:42:54 INFO LEAD new: [Permitted] Westminster/25/02804/FULL — 172 Tachbrook Street London SW1V 2NE
2026-10-01 13:42:54 INFO LEAD new: [Permitted] Westminster/25/02816/ADLBC — 82 Mortimer Street London W1W 7FE
2026-10-01 13:42:54 INFO LEAD new: [Permitted] Westminster/25/02802/FULL — Trocadero 13 Coventry Street London W1D 7DH
2026-10-01 13:42:54 INFO LEAD new: [Permitted] Westminster/25/02821/FULL — Nassau House 122 Shaftesbury Avenue London W1D 5ER
2026-10-01 13:42:54 INFO LEAD new: [Permitted] Westminster/25/02822/ADFULL — Land At 36 St John's Wood Road And 38-44 Lodge Road London
2026-10-01 13:42:54 INFO LEAD new: [Permitted] Westminster/25/02835/FULL — 7 Burlington Gardens London W1S 3QG
2026-10-01 13:42:54 INFO LEAD new: [Permitted] Westminster/25/02823/ADV — Basement And Ground Floor 33 Old Compton Street London W1D 5
2026-10-01 13:42:54 INFO LEAD new: [Permitted] Westminster/25/02828/LBC — 52 - 54 Davies Street London W1K 5JF
2026-10-01 13:42:54 INFO LEAD new: [Permitted] Westminster/25/02809/ADFULL — 202 - 206 Buckingham Palace Road London SW1W 9SX
2026-10-01 13:42:54 INFO LEAD new: [Permitted] Westminster/25/02803/LBC — Trocadero 13 Coventry Street London W1D 7DH
2026-10-01 13:42:54 INFO LEAD new: [Permitted] Westminster/25/02836/LBC — 7 Burlington Gardens London W1S 3QG
2026-10-01 13:42:54 INFO LEAD new: [Permitted] Westminster/25/02832/ADFULL — 63 Clifton Hill London NW8 0JN
2026-10-01 13:42:54 INFO LEAD new: [Permitted] Westminster/25/02810/ADFULL — 202 - 206 Buckingham Palace Road London SW1W 9SX
2026-10-01 13:42:54 INFO LEAD new: [Permitted] Westminster/25/02799/ADV — 268 - 270 Vauxhall Bridge Road London SW1V 1BB
2026-10-01 13:42:54 INFO LEAD new: [Permitted] Westminster/25/02798/ADLBC — 27 Wardour Street London W1D 6PR
2026-10-01 13:42:54 INFO LEAD new: [Permitted] Westminster/25/02808/ADFULL — 202 - 206 Buckingham Palace Road London SW1W 9SX
2026-10-01 13:42:54 INFO LEAD new: [Permitted] Westminster/25/02776/ADV — 13 Norfolk Place London W2 1QJ
2026-10-01 13:42:54 INFO LEAD new: [Permitted] Westminster/25/02771/ADV — 18 - 21 Haymarket London SW1Y 4DQ
2026-10-01 13:42:54 INFO LEAD new: [Permitted] Westminster/25/02769/LBC — 7 Bloomfield Terrace London SW1W 8PG
2026-10-01 13:42:54 INFO LEAD new: [Permitted] Westminster/25/02797/FULL — 57 Chippenham Road London W9 2AA
2026-10-01 13:42:54 INFO LEAD new: [Permitted] Westminster/25/02767/ADFULL — 18 Springfield Road London NW8 0QN
2026-10-01 13:42:54 INFO LEAD new: [Permitted] Westminster/25/02779/LBC — 63 - 65 Haymarket London SW1Y 4RL
2026-10-01 13:42:54 INFO LEAD new: [Permitted] Westminster/25/02778/FULL — 63 - 65 Haymarket London SW1Y 4RL
2026-10-01 13:42:54 INFO LEAD new: [Permitted] Westminster/25/02788/ADLBC — 125 Regent Street London W1B 4HT
2026-10-01 13:42:54 INFO LEAD new: [Permitted] Westminster/25/02775/AD7 — 18 - 20 York Buildings London WC2N 6JU
2026-10-01 13:42:54 INFO LEAD new: [Permitted] Westminster/25/02794/FULL — Flat 8 7 Cleveland Square London W2 6DH
2026-10-01 13:42:55 INFO LEAD new: [Permitted] Westminster/25/02787/FULL — Eighth Floor Wing 2 Front Berkeley Square House Berkeley Squ
2026-10-01 13:42:55 INFO LEAD new: [Permitted] Westminster/25/02791/NMA — 18 Seymour Street London W1H 7HU
2026-10-01 13:42:55 INFO LEAD new: [Permitted] Westminster/25/02792/LBC — 18 Seymour Street London W1H 7HU
2026-10-01 13:42:55 INFO LEAD new: [Permitted] Westminster/25/02795/LBC — Flat 8 7 Cleveland Square London W2 6DH
2026-10-01 13:42:55 INFO LEAD new: [Permitted] Westminster/25/02789/ADFULL — 125 Regent Street London W1B 4HT
2026-10-01 13:42:55 INFO LEAD new: [Permitted] Westminster/25/02760/FULL — 19 Sheldon Square London W2 6EP
2026-10-01 13:42:55 INFO LEAD new: [Permitted] Westminster/25/02761/FULL — Flat 4 10 Charles Street London W1J 5DN
2026-10-01 13:42:55 INFO LEAD new: [Permitted] Westminster/25/02758/FULL — 63 - 65 Portland Place London W1B 1QR
2026-10-01 13:42:55 INFO LEAD new: [Permitted] Westminster/25/02749/FULL — 182 - 184 Edgware Road London W2 2DS
2026-10-01 13:42:55 INFO LEAD new: [Permitted] Westminster/25/02757/ADV — 27 - 29 Horseferry Road London SW1P 2AY
2026-10-01 13:42:55 INFO LEAD new: [Permitted] Westminster/25/02743/ADFULL — 100 Regent Street London W1B 5SR
2026-10-01 13:42:55 INFO LEAD new: [Permitted] Westminster/25/02753/FULL — 87A St John's Wood Terrace London NW8 6PY
2026-10-01 13:42:55 INFO LEAD new: [Permitted] Westminster/25/02756/ADFULL — Normandy Court 32 - 33 Kensington Gardens Square London W2 4
2026-10-01 13:43:00 WARNING Rate limited (429); waiting 495s before retry 1/6
2026-10-01 13:51:15 WARNING Request failed (403 Client Error: Forbidden for url: https://www.planit.org.uk/api/applics/json?app_state=Permitted&start_date=2023-10-01&end_date=2026-10-01&pg_sz=100&auth=Westminster&offset=5100); retry 2/6 in 10s
2026-10-01 13:51:28 INFO [westminster/Permitted] page at offset 5100: 100 records
2026-10-01 13:51:28 INFO LEAD new: [Permitted] Westminster/25/02746/ADV — National Portrait Gallery 2 St Martin's Place London WC2H 0H
2026-10-01 13:51:28 INFO LEAD new: [Permitted] Westminster/25/02745/FULL — 54 - 56 Lupus Street London SW1V 3EE
2026-10-01 13:51:28 INFO LEAD new: [Permitted] Westminster/25/02755/ADFULL — 7 - 8 Conduit Street London W1S 2XF
2026-10-01 13:51:28 INFO LEAD new: [Permitted] Westminster/25/02747/ADFULL — Berkeley Square London W1J 6DB
2026-10-01 13:51:28 INFO LEAD new: [Permitted] Westminster/25/02762/LBC — Flat 4 10 Charles Street London W1J 5DN
2026-10-01 13:51:28 INFO LEAD new: [Permitted] Westminster/25/02759/FULL — Basement 83 Portnall Road London W9 3BB
2026-10-01 13:51:28 INFO LEAD new: [Permitted] Westminster/25/02754/LBC — 87A St John's Wood Terrace London NW8 6PY
2026-10-01 13:51:28 INFO LEAD new: [Permitted] Westminster/25/02739/FULL — 30 Maida Avenue London W2 1ST
2026-10-01 13:51:28 INFO LEAD new: [Permitted] Westminster/25/02740/LBC — 30 Maida Avenue London W2 1ST
2026-10-01 13:51:28 INFO LEAD new: [Permitted] Westminster/25/02738/ADLBC — 32 Old Queen Street London SW1H 9HP
2026-10-01 13:51:28 INFO LEAD new: [Permitted] Westminster/25/02735/FULL — Berkeley Hotel 40 Wilton Place London SW1X 7RL
2026-10-01 13:51:28 INFO LEAD new: [Permitted] Westminster/25/02741/ADFULL — Charing Cross Hotel Strand London WC2N 5HX
2026-10-01 13:51:28 INFO LEAD new: [Permitted] Westminster/25/02614/ADLBC — Charing Cross Hotel Strand London WC2N 5HX
2026-10-01 13:51:28 INFO LEAD new: [Permitted] Westminster/25/02733/FULL — Flat 4 Second Floor 92 Shirland Road London W9 2EQ
2026-10-01 13:51:28 INFO LEAD new: [Permitted] Westminster/25/02683/ADFULL — 12 - 13 Relton Mews London SW7 1ET
2026-10-01 13:51:28 INFO LEAD new: [Permitted] Westminster/25/02699/NMA — Hyde Park Serpentine Road London W2 2UH
2026-10-01 13:51:28 INFO LEAD new: [Permitted] Westminster/25/02686/FULL — 94 Park Lane London W1K 7TD
2026-10-01 13:51:28 INFO LEAD new: [Permitted] Westminster/25/02685/LBC — The Lister Hospital Chelsea Bridge Road London SW1W 8RH
2026-10-01 13:51:28 INFO LEAD new: [Permitted] Westminster/25/02717/LBC — Flat 1 32 Hyde Park Square London W2 2NW
2026-10-01 13:51:28 INFO LEAD new: [Permitted] Westminster/25/02679/FULL — 23 Queen Anne's Gate London SW1H 9BU
2026-10-01 13:51:28 INFO LEAD new: [Permitted] Westminster/25/02680/LBC — 23 Queen Anne's Gate London SW1H 9BU
2026-10-01 13:51:28 INFO LEAD new: [Permitted] Westminster/25/02676/NMA — 16 - 18 Montagu Place London W1H 2BQ
2026-10-01 13:51:28 INFO LEAD new: [Permitted] Westminster/25/02695/FULL — 5 Savile Row London W1S 3PB
2026-10-01 13:51:28 INFO LEAD new: [Permitted] Westminster/25/02722/LBC — Flat 45 Henry Wise House Vauxhall Bridge Road London SW1V 2S
2026-10-01 13:51:28 INFO LEAD new: [Permitted] Westminster/25/02688/FULL — 95 Park Lane London W1K 7TE
2026-10-01 13:51:28 INFO LEAD new: [Permitted] Westminster/25/02710/LBC — 3 Whitehall Place London SW1A 2AW
2026-10-01 13:51:28 INFO LEAD new: [Permitted] Westminster/25/02703/FULL — 3 York Terrace West London NW1 4QA
2026-10-01 13:51:28 INFO LEAD new: [Permitted] Westminster/25/02704/LBC — 3 York Terrace West London NW1 4QA
2026-10-01 13:51:28 INFO LEAD new: [Permitted] Westminster/25/02708/LBC — National Portrait Gallery 2 St Martin's Place London WC2H 0H
2026-10-01 13:51:28 INFO LEAD new: [Permitted] Westminster/25/02712/NMA — 22 Kingsway London WC2B 6LE
2026-10-01 13:51:28 INFO LEAD new: [Permitted] Westminster/25/02684/ADFULL — 14 Buckingham Palace Road London SW1W 0QP
2026-10-01 13:51:28 INFO LEAD new: [Permitted] Westminster/25/02693/ADFULL — 31 Grove End Road London NW8 9LY
2026-10-01 13:51:29 INFO LEAD new: [Permitted] Westminster/25/02675/FULL — The Lanesborough Hotel 1 Lanesborough Place London SW1X 7TA
2026-10-01 13:51:29 INFO LEAD new: [Permitted] Westminster/25/02678/PASPV — Royal Lancaster Hotel Lancaster Terrace London W2 2TY
2026-10-01 13:51:29 INFO LEAD new: [Permitted] Westminster/25/02715/LBC — Basement And Ground Floor 17 Frith Street London W1D 4RG
2026-10-01 13:51:29 INFO LEAD new: [Permitted] Westminster/25/02714/FULL — Basement And Ground Floor 17 Frith Street London W1D 4RG
2026-10-01 13:51:29 INFO LEAD new: [Permitted] Westminster/25/02711/NMA — 6 Charles Street London W1J 5DG
2026-10-01 13:51:29 INFO LEAD new: [Permitted] Westminster/25/02682/FULL — Suite 1 Seventh Floor Berkeley Square House Berkeley Square 
2026-10-01 13:51:29 INFO LEAD new: [Permitted] Westminster/25/02720/FULL — 21 Passmore Street London SW1W 8HR
2026-10-01 13:51:29 INFO LEAD new: [Permitted] Westminster/25/02701/CLOPUD — 7 Grendon Street London NW8 8SP
2026-10-01 13:51:29 INFO LEAD new: [Permitted] Westminster/25/02691/ADFULL — 33 Eaton Square London SW1W 9DH
2026-10-01 13:51:29 INFO LEAD new: [Permitted] Westminster/25/02716/FULL — 40 Grosvenor Place London SW1X 7HJ
2026-10-01 13:51:29 INFO LEAD new: [Permitted] Westminster/25/02723/FULL — Selfridges 400 Oxford Street London W1A 1AB
2026-10-01 13:51:29 INFO LEAD new: [Permitted] Westminster/25/02724/LBC — Selfridges 400 Oxford Street London W1A 1AB
2026-10-01 13:51:29 INFO LEAD new: [Permitted] Westminster/25/02709/ADLBC — Savoy Theatre Savoy Court London WC2R 0ET
2026-10-01 13:51:29 INFO LEAD new: [Permitted] Westminster/25/02700/FULL — 7 St Vincent Street London W1U 4DA
2026-10-01 13:51:29 INFO LEAD new: [Permitted] Westminster/25/02696/FULL — 1 Vine Street London W1J 0AH
2026-10-01 13:51:29 INFO LEAD new: [Permitted] Westminster/25/02697/LBC — 1 Vine Street London W1J 0AH
2026-10-01 13:51:29 INFO LEAD new: [Permitted] Westminster/25/02674/LBC — Flat 10 39 Rutland Gate London SW7 1PD
2026-10-01 13:51:29 INFO LEAD new: [Permitted] Westminster/25/02666/LBC — Brunei Hall 45 - 47 Norfolk Square London W2 1RX
2026-10-01 13:51:29 INFO LEAD new: [Permitted] Westminster/25/02665/FULL — Brunei Hall 45 - 47 Norfolk Square London W2 1RX
2026-10-01 13:51:29 INFO LEAD new: [Permitted] Westminster/25/02626/LBC — 17 Abbey Gardens London NW8 9AS
2026-10-01 13:51:29 INFO LEAD new: [Permitted] Westminster/25/02912/ADV — Hotel Bryanston Street London W1H 7EH
2026-10-01 13:51:29 INFO LEAD new: [Permitted] Westminster/25/02640/LBC — Flat 10 154 Gloucester Terrace London W2 6HR
2026-10-01 13:51:29 INFO LEAD new: [Permitted] Westminster/25/02661/ADFULL — 39 - 44 Grosvenor Square London W1K 2HP
2026-10-01 13:51:29 INFO LEAD new: [Permitted] Westminster/25/02664/COFUL — 79 Luxborough Tower Luxborough Street London W1U 5BN
2026-10-01 13:51:29 INFO LEAD new: [Permitted] Westminster/25/02663/COFUL — 78 Luxborough Tower Luxborough Street London W1U 5BN
2026-10-01 13:51:29 INFO LEAD new: [Permitted] Westminster/25/02662/COFUL — 46 Luxborough Tower Luxborough Street London W1U 5BW
2026-10-01 13:51:29 INFO LEAD new: [Permitted] Westminster/25/02648/FULL — 33 Eaton Mews North London SW1X 8AS
2026-10-01 13:51:29 INFO LEAD new: [Permitted] Westminster/25/02641/FULL — 1 Connaught Place London W2 2ET
2026-10-01 13:51:29 INFO LEAD new: [Permitted] Westminster/25/02629/FULL — 25 - 26 Albemarle Street City Of Westminster London W1S 4HX
2026-10-01 13:51:29 INFO LEAD new: [Permitted] Westminster/25/02658/ADLBC — York Bridge London NW1 4NS
2026-10-01 13:51:29 INFO LEAD new: [Permitted] Westminster/25/02673/LBC — 11 Cavendish Avenue London NW8 9JD
2026-10-01 13:51:29 INFO LEAD new: [Permitted] Westminster/25/02672/FULL — 11 Cavendish Avenue London NW8 9JD
2026-10-01 13:51:29 INFO LEAD new: [Permitted] Westminster/25/02670/ADFULL — John Stewart House 435 - 437 Edgware Road London W2 1TH
2026-10-01 13:51:29 INFO LEAD new: [Permitted] Westminster/25/02667/FULL — 96 Queensway London W2 3RR
2026-10-01 13:51:29 INFO LEAD new: [Permitted] Westminster/25/02656/FULL — Third Floor 34 - 36 Wardour Street London W1D 6QT
2026-10-01 13:51:29 INFO LEAD new: [Permitted] Westminster/25/02638/FULL — Third Floor North 23 - 24 Ennismore Gardens London SW7 1AB
2026-10-01 13:51:29 INFO LEAD new: [Permitted] Westminster/25/02639/LBC — Third Floor North 23 - 24 Ennismore Gardens London SW7 1AB
2026-10-01 13:51:29 INFO LEAD new: [Permitted] Westminster/25/02613/LBC — 147 Cleveland Street London W1T 6QJ
2026-10-01 13:51:29 INFO LEAD new: [Permitted] Westminster/25/02611/FULL — Top Floor Flat 214 Portnall Road London W9 3BJ
2026-10-01 13:51:29 INFO LEAD new: [Permitted] Westminster/25/02619/ADV — 87 Marylebone High Street London W1U 4QU
2026-10-01 13:51:29 INFO LEAD new: [Permitted] Westminster/25/02622/TCH — 65 Westbourne Grove London W2 4UJ
2026-10-01 13:51:29 INFO LEAD new: [Permitted] Westminster/25/02612/FULL — 10 Charlbert Street London NW8 7BP
2026-10-01 13:51:29 INFO LEAD new: [Permitted] Westminster/25/02578/FULL — 32C Abbey Road City Of Westminster London NW8 9AX
2026-10-01 13:51:29 INFO LEAD new: [Permitted] Westminster/25/02542/ADV — 1 Bear Street London WC2H 7AR
2026-10-01 13:51:29 INFO LEAD new: [Permitted] Westminster/25/02504/FULL — 159 Praed Street London W2 1RL
2026-10-01 13:51:29 INFO LEAD new: [Permitted] Westminster/25/02489/ADFULL — Development Site Bound By Brook Street, Davies Street And So
2026-10-01 13:51:29 INFO LEAD new: [Permitted] Westminster/25/02490/ADFULL — Development Site Bound By Brook Street, Davies Street And So
2026-10-01 13:51:29 INFO LEAD new: [Permitted] Westminster/25/02487/ADLBC — 15 South Molton Street London W1K 5QR
2026-10-01 13:51:29 INFO LEAD new: [Permitted] Westminster/25/02485/ADFULL — 15 - 20 Manchester Square London W1U 3PW
2026-10-01 13:51:29 INFO LEAD new: [Permitted] Westminster/25/02479/ADFULL — 18 Springfield Road London NW8 0QN
2026-10-01 13:51:29 INFO LEAD new: [Permitted] Westminster/25/02486/ADLBC — 10 South Molton Street London W1K 5QJ
2026-10-01 13:51:29 INFO LEAD new: [Permitted] Westminster/25/02484/LBC — Ground Floor 442 Strand London WC2R 0QU
2026-10-01 13:51:29 INFO LEAD new: [Permitted] Westminster/25/02481/ADFULL — 10 Wilton Place London SW1X 8RL
2026-10-01 13:51:29 INFO LEAD new: [Permitted] Westminster/25/02416/ADLBC — The Ritz Hotel 150 - 156 Piccadilly London W1J 9BR
2026-10-01 13:51:29 INFO LEAD new: [Permitted] Westminster/25/02419/LBC — 30 The Market Covent Garden London WC2E 8RE
2026-10-01 13:51:29 INFO LEAD new: [Permitted] Westminster/25/02417/LBC — London Westbourne Hotel 100 - 102 Westbourne Terrace London 
2026-10-01 13:51:29 INFO LEAD new: [Permitted] Westminster/25/02415/LBC — 83 Fifth Avenue London W10 4DW
2026-10-01 13:51:29 INFO LEAD new: [Permitted] Westminster/25/02418/LBC — 10 Piccadilly London W1J 0DD
2026-10-01 13:51:29 INFO LEAD new: [Permitted] Westminster/25/02366/LBC — 13 Artillery Row SW1P 1RH
2026-10-01 13:51:29 INFO LEAD new: [Permitted] Westminster/25/02350/FULL — 22 Bury Street London SW1Y 6AL
2026-10-01 13:51:29 INFO LEAD new: [Permitted] Westminster/25/02380/ADFULL — Dev Site At 19-35 Baker Street, 88-110 George Street, 69-71 
2026-10-01 13:51:36 INFO [westminster/Permitted] page at offset 5200: 100 records
2026-10-01 13:51:36 INFO LEAD new: [Permitted] Westminster/25/02345/ADFULL — 103 - 105 Jermyn Street London SW1Y 6EE
2026-10-01 13:51:36 INFO LEAD new: [Permitted] Westminster/25/02329/ADFULL — 36 Ordnance Hill London NW8 6PU
2026-10-01 13:51:36 INFO LEAD new: [Permitted] Westminster/25/02273/NMA — Flat 1 9 Paddington Street London W1U 5QJ
2026-10-01 13:51:36 INFO LEAD new: [Permitted] Westminster/25/02229/LBC — 5 Upper Belgrave Street London SW1X 8BD
2026-10-01 13:51:36 INFO LEAD new: [Permitted] Westminster/25/02188/FULL — 30 Westmoreland Terrace London SW1V 4AL
2026-10-01 13:51:36 INFO LEAD new: [Permitted] Westminster/25/02196/COLBC — Ground Floor Seymour Leisure Centre Seymour Place London W1H
2026-10-01 13:51:36 INFO LEAD new: [Permitted] Westminster/25/02149/ADFULL — 27 Marylebone High Street London W1U 4PH
2026-10-01 13:51:36 INFO LEAD new: [Permitted] Westminster/25/02148/FULL — Astral House Regency Place London SW1P 2EA
2026-10-01 13:51:36 INFO LEAD new: [Permitted] Westminster/25/02151/ADFULL — 108 Clifton Hill London NW8 0JS
2026-10-01 13:51:36 INFO LEAD new: [Permitted] Westminster/25/02378/ADFULL — 108 Clifton Hill London NW8 0JS
2026-10-01 13:51:36 INFO LEAD new: [Permitted] Westminster/25/02127/LBC — 70 Clifton Hill London NW8 0JT
2026-10-01 13:51:36 INFO LEAD new: [Permitted] Westminster/25/02114/FULL — 45 Lexington Street London W1F 9AN
2026-10-01 13:51:36 INFO LEAD new: [Permitted] Westminster/25/02094/ADFULL — Taxi House 11 Woodfield Road London W9 2BA
2026-10-01 13:51:36 INFO LEAD new: [Permitted] Westminster/25/02123/ADLBC — 47 Great Cumberland Place London W1H 7TQ
2026-10-01 13:51:36 INFO LEAD new: [Permitted] Westminster/25/02109/ADV — 52 - 55 Dorset Street London W1U 7NH
2026-10-01 13:51:36 INFO LEAD new: [Permitted] Westminster/25/02110/LBC — 52 - 55 Dorset Street London W1U 7NH
2026-10-01 13:51:36 INFO LEAD new: [Permitted] Westminster/25/02062/ADLBC — The National Gallery Trafalgar Square London WC2N 5DN
2026-10-01 13:51:36 INFO LEAD new: [Permitted] Westminster/25/02086/ADLBC — Orbis House 5 Mansfield Street London W1G 9NG
2026-10-01 13:51:36 INFO LEAD new: [Permitted] Westminster/25/02080/LBC — 15C Warwick Avenue London W9 2PS
2026-10-01 13:51:36 INFO LEAD new: [Permitted] Westminster/25/02087/ADFULL — 72 Hamilton Terrace London NW8 9UL
2026-10-01 13:51:36 INFO LEAD new: [Permitted] Westminster/25/02073/ADFULL — Development Site Bound By Brook Street, Davies Street And So
2026-10-01 13:51:36 INFO LEAD new: [Permitted] Westminster/25/02084/FULL — 70 Eaton Terrace London SW1W 8UA
2026-10-01 13:51:36 INFO LEAD new: [Permitted] Westminster/25/02092/NMA — 12 Bryanston Square London W1H 2DQ
2026-10-01 13:51:36 INFO LEAD new: [Permitted] Westminster/25/02077/ADFULL — 5 Harcourt Street London W1H 4HA
2026-10-01 13:51:36 INFO LEAD new: [Permitted] Westminster/25/02072/ADFULL — Basement And Ground Floor 11 - 12 Pall Mall London SW1Y 5LU
2026-10-01 13:51:36 INFO LEAD new: [Permitted] Westminster/25/02085/LBC — 70 Eaton Terrace London SW1W 8UA
2026-10-01 13:51:36 INFO LEAD new: [Permitted] Westminster/25/02051/ADV — 99 - 103 Long Acre London WC2E 9NR
2026-10-01 13:51:36 INFO LEAD new: [Permitted] Westminster/25/02050/FULL — 99 - 103 Long Acre London WC2E 9NR
2026-10-01 13:51:36 INFO LEAD new: [Permitted] Westminster/25/02042/ADFULL — Bond House 19 - 20 Woodstock Street London W1C 2AN
2026-10-01 13:51:36 INFO LEAD new: [Permitted] Westminster/25/02049/ADLBC — 1 - 7 Davies Mews London W1K 5AB
2026-10-01 13:51:36 INFO LEAD new: [Permitted] Westminster/25/02048/ADV — Basement And Ground Floor 26 Leinster Terrace London W2 3ET
2026-10-01 13:51:36 INFO LEAD new: [Permitted] Westminster/25/02047/FULL — Basement And Ground Floor 26 Leinster Terrace London W2 3ET
2026-10-01 13:51:36 INFO LEAD new: [Permitted] Westminster/25/02017/ADLBC — Flat 5 St James's Court 75 Gloucester Terrace London W2 3DH
2026-10-01 13:51:36 INFO LEAD new: [Permitted] Westminster/25/02011/FULL — 14 - 18 Neal Street London WC2H 9LY
2026-10-01 13:51:36 INFO LEAD new: [Permitted] Westminster/25/02018/ADV — 11 - 12 Carnaby Street London W1F 9PF
2026-10-01 13:51:36 INFO LEAD new: [Permitted] Westminster/25/02026/P3JPA — 46 - 48 Essex Street London WC2R 3JF
2026-10-01 13:51:36 INFO LEAD new: [Permitted] Westminster/25/01986/FULL — 2 Caxton Street London SW1H 0QW
2026-10-01 13:51:36 INFO LEAD new: [Permitted] Westminster/25/02007/FULL — Apartment C.11.01 100 Knightsbridge London SW1X 7LJ
2026-10-01 13:51:36 INFO LEAD new: [Permitted] Westminster/25/01981/ADFULL — Evesham House Hereford Road London W2 4PD
2026-10-01 13:51:36 INFO LEAD new: [Permitted] Westminster/25/02000/NMA — Basement 123 Randolph Avenue London W9 1DN
2026-10-01 13:51:36 INFO LEAD new: [Permitted] Westminster/25/01987/LBC — 2 Caxton Street London SW1H 0QW
2026-10-01 13:51:36 INFO LEAD new: [Permitted] Westminster/25/01989/LBC — 4 Lyall Street London SW1X 8DW
2026-10-01 13:51:36 INFO LEAD new: [Permitted] Westminster/25/02004/ADV — Ground Floor Portland House 4 Great Portland Street London W
2026-10-01 13:51:37 INFO LEAD new: [Permitted] Westminster/25/01988/LBC — 157 - 163 Marylebone Road London NW1 5QH
2026-10-01 13:51:37 INFO LEAD new: [Permitted] Westminster/25/02005/ADFULL — 32 Catherine Place London SW1E 6HL
2026-10-01 13:51:37 INFO LEAD new: [Permitted] Westminster/25/02009/ADV — 262 - 264 Regent Street London W1B 3AQ
2026-10-01 13:51:37 INFO LEAD new: [Permitted] Westminster/25/01979/ADFULL — 167 New Bond Street London W1S 4AY
2026-10-01 13:51:37 INFO LEAD new: [Permitted] Westminster/25/01968/ADFULL — 134 Oxford Street London W1D 1LU
2026-10-01 13:51:37 INFO LEAD new: [Permitted] Westminster/25/01975/ADFULL — Westminster College The Pulteney School Peter Street London 
2026-10-01 13:51:37 INFO LEAD new: [Permitted] Westminster/25/01914/ADV — 10 Greycoat Place London SW1P 1SB
2026-10-01 13:51:37 INFO LEAD new: [Permitted] Westminster/25/01946/LBC — Jolly St Ermins Hotel Caxton Street London SW1H 0QW
2026-10-01 13:51:37 INFO LEAD new: [Permitted] Westminster/25/01922/LBC — 13 Chester Row London SW1W 9JF
2026-10-01 13:51:37 INFO LEAD new: [Permitted] Westminster/25/01934/ADFULL — Development Site At 180 Piccadilly And 48 To 50 Jermyn Stree
2026-10-01 13:51:37 INFO LEAD new: [Permitted] Westminster/25/01911/ADV — 175 - 179 Oxford Street London W1D 2JS
2026-10-01 13:51:37 INFO LEAD new: [Permitted] Westminster/25/01944/FULL — 132 Wigmore Street London W1U 3SD
2026-10-01 13:51:37 INFO LEAD new: [Permitted] Westminster/25/01942/LBC — Second Floor Flat G 80 Eaton Square London SW1W 9AP
2026-10-01 13:51:37 INFO LEAD new: [Permitted] Westminster/25/01940/FULL — 14 Eccleston Street London SW1W 9LT
2026-10-01 13:51:37 INFO LEAD new: [Permitted] Westminster/25/01921/LBC — 21 Albion Street W2 2AS
2026-10-01 13:51:37 INFO LEAD new: [Permitted] Westminster/25/01906/ADV — Mortimer Street London
2026-10-01 13:51:37 INFO LEAD new: [Permitted] Westminster/25/01889/ADLBC — Gwydyr House Whitehall London SW1A 2NP
2026-10-01 13:51:37 INFO LEAD new: [Permitted] Westminster/25/01885/AD7 — 4 Fitzhardinge Street London W1H 6EG
2026-10-01 13:51:37 INFO LEAD new: [Permitted] Westminster/25/01894/FULL — First Chicago House 90 Long Acre London WC2E 9RA
2026-10-01 13:51:37 INFO LEAD new: [Permitted] Westminster/25/01884/FULL — 43 - 49 Harley Street London W1G 8BT
2026-10-01 13:51:37 INFO LEAD new: [Permitted] Westminster/25/01897/ADFULL — 1 - 3 Belgrave Mews South London SW1X 8BT
2026-10-01 13:51:37 INFO LEAD new: [Permitted] Westminster/25/01898/ADV — Basement And Ground Floor Part 198 Edgware Road London W2 2D
2026-10-01 13:51:37 INFO LEAD new: [Permitted] Westminster/25/01886/ADLBC — House Of Commons Palace Of Westminster Parliament Square Lon
2026-10-01 13:51:37 INFO LEAD new: [Permitted] Westminster/25/01870/ADFULL — Basement And Ground Floor 80 Eaton Square London
2026-10-01 13:51:37 INFO LEAD new: [Permitted] Westminster/25/01871/FULL — De Beers Jewellers Limited 45 - 50 Old Bond Street London W1
2026-10-01 13:51:37 INFO LEAD new: [Permitted] Westminster/25/01872/LBC — De Beers Jewellers Limited 45 - 50 Old Bond Street London W1
2026-10-01 13:51:37 INFO LEAD new: [Permitted] Westminster/25/01845/FULL — 4 Biddulph Road London W9 1JB
2026-10-01 13:51:37 INFO LEAD new: [Permitted] Westminster/25/01843/FULL — 15 Trevor Square London SW7 1DT
2026-10-01 13:51:37 INFO LEAD new: [Permitted] Westminster/25/01854/LBC — Admiralty House Whitehall London SW1A 2DY
2026-10-01 13:51:37 INFO LEAD new: [Permitted] Westminster/25/01857/LBC — 47 Portland Place London W1B 1JH
2026-10-01 13:51:37 INFO LEAD new: [Permitted] Westminster/25/01841/LBC — 3 Bulstrode Street London W1U 2JB
2026-10-01 13:51:37 INFO LEAD new: [Permitted] Westminster/25/01839/NMA — St Johns Wood Barracks Ordnance Hill London NW8 6PT
2026-10-01 13:51:37 INFO LEAD new: [Permitted] Westminster/25/01842/ADFULL — Audley Square Garage 5 Audley Square W1K 1DS
2026-10-01 13:51:37 INFO LEAD new: [Permitted] Westminster/25/01982/CLLB — Royal College Of Art Kensington Gore London SW7 2EU
2026-10-01 13:51:37 INFO LEAD new: [Permitted] Westminster/25/01844/ADFULL — 4A Hereford Road London W2 4AA
2026-10-01 13:51:37 INFO LEAD new: [Permitted] Westminster/25/01849/ADFULL — 25 - 31 Wellington Street London WC2E 7DD
2026-10-01 13:51:37 INFO LEAD new: [Permitted] Westminster/25/01850/LBC — 36 Craven Road London W2 3QA
2026-10-01 13:51:37 INFO LEAD new: [Permitted] Westminster/25/01848/LBC — 24 Chilworth Street London W2 6DT
2026-10-01 13:51:37 INFO LEAD new: [Permitted] Westminster/25/01847/FULL — 24 Chilworth Street London W2 6DT
2026-10-01 13:51:37 INFO LEAD new: [Permitted] Westminster/25/01846/COLBC — Essendine Primary School Essendine Road London W9 2LR
2026-10-01 13:51:37 INFO LEAD new: [Permitted] Westminster/25/01851/CLOPUD — 40 Grosvenor Place London SW1X 7HJ
2026-10-01 13:51:37 INFO LEAD new: [Permitted] Westminster/25/01822/ADFULL — Southside 105 Victoria Street London SW1E 6QT
2026-10-01 13:51:37 INFO LEAD new: [Permitted] Westminster/25/01802/NMA — 10 Spring Gardens London SW1A 2BN
2026-10-01 13:51:37 INFO LEAD new: [Permitted] Westminster/25/01828/LBC — 72 - 74 Lancaster Gate London W2 3NH
2026-10-01 13:51:37 INFO LEAD new: [Permitted] Westminster/25/01813/FULL — 17 Grosvenor Street London W1K 4QH
2026-10-01 13:51:37 INFO LEAD new: [Permitted] Westminster/25/01798/FULL — 37 Sussex Street London SW1V 4RJ
2026-10-01 13:51:43 WARNING Rate limited (429); waiting 1772s before retry 1/6
2026-10-01 14:21:16 WARNING Request failed (403 Client Error: Forbidden for url: https://www.planit.org.uk/api/applics/json?app_state=Permitted&start_date=2023-10-01&end_date=2026-10-01&pg_sz=100&auth=Westminster&offset=5300); retry 2/6 in 10s
2026-10-01 14:21:29 INFO [westminster/Permitted] page at offset 5300: 100 records
2026-10-01 14:21:29 INFO LEAD new: [Permitted] Westminster/25/01806/LBC — 15 Trevor Square London SW7 1DT
2026-10-01 14:21:29 INFO LEAD new: [Permitted] Westminster/25/01825/ADV — Brook Street Mansions 39 - 41 Davies Street London W1K 4LT
2026-10-01 14:21:29 INFO LEAD new: [Permitted] Westminster/25/01800/ADFULL — Development Site At 8-10 Grafton Street, 11-14 Grafton Stree
2026-10-01 14:21:29 INFO LEAD new: [Permitted] Westminster/25/01814/ADFULL — 4 - 5 Buckingham Gate London SW1E 6JP
2026-10-01 14:21:29 INFO LEAD new: [Permitted] Westminster/25/01808/FULL — 145 Lanark Road London W9 1PB
2026-10-01 14:21:29 INFO LEAD new: [Permitted] Westminster/25/01824/LBC — 17 - 21 South Audley Street London W1K 2NY
2026-10-01 14:21:29 INFO LEAD new: [Permitted] Westminster/25/01797/FULL — Almack House 28 King Street St James's London SW1Y 6QW
2026-10-01 14:21:29 INFO LEAD new: [Permitted] Westminster/25/01805/ADV — Duke Of York 47 Rathbone Street London W1T 1NW
2026-10-01 14:21:29 INFO LEAD new: [Permitted] Westminster/25/01821/ADLBC — 4 - 5 Buckingham Gate London SW1E 6JP
2026-10-01 14:21:29 INFO LEAD new: [Permitted] Westminster/25/01804/LBC — 1 Horse Guards Road London SW1A 2HQ
2026-10-01 14:21:29 INFO LEAD new: [Permitted] Westminster/25/01785/NMA — Underground Car Park Cavendish Square London W1G 0PG
2026-10-01 14:21:29 INFO LEAD new: [Permitted] Westminster/25/01790/LBC — 116 Pall Mall London SW1Y 5ED
2026-10-01 14:21:29 INFO LEAD new: [Permitted] Westminster/25/01773/LBC — 1 Carlton Gardens London SW1Y 5AA
2026-10-01 14:21:29 INFO LEAD new: [Permitted] Westminster/25/01770/ADLBC — 114 Chancery Lane London WC2A 1PP
2026-10-01 14:21:29 INFO LEAD new: [Permitted] Westminster/25/01772/FULL — 3 Northumberland Place London W2 5BS
2026-10-01 14:21:29 INFO LEAD new: [Permitted] Westminster/25/01788/FULL — Flat B 25 Cleveland Square London W2 6DD
2026-10-01 14:21:29 INFO LEAD new: [Permitted] Westminster/25/01776/ADV — Basement To First Floor 118 New Bond Street London W1S 1EW
2026-10-01 14:21:29 INFO LEAD new: [Permitted] Westminster/25/01777/ADV — Basement And Ground Floor 24 - 25 Mount Street London W1K 2R
2026-10-01 14:21:29 INFO LEAD new: [Permitted] Westminster/25/01781/ADFULL — 15 Hamilton Close London NW8 8QY
2026-10-01 14:21:29 INFO LEAD new: [Permitted] Westminster/25/01775/ADV — Basement To First Floor 118 New Bond Street London W1S 1EW
2026-10-01 14:21:29 INFO LEAD new: [Permitted] Westminster/25/01774/FULL — Basement And Ground Floor 52 Leamington Road Villas London W
2026-10-01 14:21:29 INFO LEAD new: [Permitted] Westminster/25/01737/FULL — 4 Cliveden Place London SW1W 8LA
2026-10-01 14:21:29 INFO LEAD new: [Permitted] Westminster/25/01747/ADLBC — New Zealand House 80 Haymarket London SW1Y 4TE
2026-10-01 14:21:29 INFO LEAD new: [Permitted] Westminster/25/01742/ADFULL — 61 - 71 Victoria Street London SW1H 0HW
2026-10-01 14:21:29 INFO LEAD new: [Permitted] Westminster/25/01756/ADLBC — 15 Hamilton Close London NW8 8QY
2026-10-01 14:21:29 INFO LEAD new: [Permitted] Westminster/25/01765/LBC — Somerset House Strand London WC2R 1LA
2026-10-01 14:21:29 INFO LEAD new: [Permitted] Westminster/25/01746/ADFULL — 15 Hamilton Close London NW8 8QY
2026-10-01 14:21:29 INFO LEAD new: [Permitted] Westminster/25/01749/FULL — Flat 10 89 Warrington Crescent London W9 1EH
2026-10-01 14:21:29 INFO LEAD new: [Permitted] Westminster/25/01759/FULL — 124 Lords View London NW8 7HG
2026-10-01 14:21:29 INFO LEAD new: [Permitted] Westminster/25/01753/FULL — 16 Hanover Square London W1S 1HS
2026-10-01 14:21:29 INFO LEAD new: [Permitted] Westminster/25/01754/LBC — 16 Hanover Square London W1S 1HS
2026-10-01 14:21:29 INFO LEAD new: [Permitted] Westminster/25/01763/LBC — Basement And Ground Floor 24 - 25 Mount Street London W1K 2R
2026-10-01 14:21:29 INFO LEAD new: [Permitted] Westminster/25/01748/ADFULL — 10 Spring Gardens London SW1A 2BN
2026-10-01 14:21:29 INFO LEAD new: [Permitted] Westminster/25/01758/LBC — 1 Welbeck Street London W1G 0AR
2026-10-01 14:21:29 INFO LEAD new: [Permitted] Westminster/25/01757/FULL — 1 Welbeck Street London W1G 0AR
2026-10-01 14:21:29 INFO LEAD new: [Permitted] Westminster/25/01741/ADV — 27 - 37 Bell Street London NW1 5BY
2026-10-01 14:21:29 INFO LEAD new: [Permitted] Westminster/25/01766/FULL — Somerset House Strand London WC2R 1LA
2026-10-01 14:21:29 INFO LEAD new: [Permitted] Westminster/25/01727/ADFULL — 61 - 71 Victoria Street London SW1H 0HW
2026-10-01 14:21:29 INFO LEAD new: [Permitted] Westminster/25/01718/ADFULL — Development Site At North, South, Alexandra And Mews Buildin
2026-10-01 14:21:29 INFO LEAD new: [Permitted] Westminster/25/01721/CLOPUD — 26 Chapter Street London SW1P 4NP
2026-10-01 14:21:29 INFO LEAD new: [Permitted] Westminster/25/01723/LBC — 38 Ebury Bridge Road London SW1W 8PZ
2026-10-01 14:21:29 INFO LEAD new: [Permitted] Westminster/25/01707/ADFULL — 42 Boscobel Place London SW1W 9PE
2026-10-01 14:21:29 INFO LEAD new: [Permitted] Westminster/25/01708/NMA — House Of Commons Palace Of Westminster Parliament Square Lon
2026-10-01 14:21:29 INFO LEAD new: [Permitted] Westminster/25/01722/ADFULL — 1 Hanover Square London W1S 1HA
2026-10-01 14:21:29 INFO LEAD new: [Permitted] Westminster/25/01725/FULL — 16 Old Bond Street London W1S 4PS
2026-10-01 14:21:29 INFO LEAD new: [Permitted] Westminster/25/01706/ADFULL — 57 Harley Street London W1G 8QS
2026-10-01 14:21:29 INFO LEAD new: [Permitted] Westminster/25/01687/LBC — 93 - 95 Strand London WC2R 0DW
2026-10-01 14:21:29 INFO LEAD new: [Permitted] Westminster/25/01690/ADFULL — 1 Victoria Street London SW1H 0ET
2026-10-01 14:21:29 INFO LEAD new: [Permitted] Westminster/25/01693/FULL — 66 - 68 Inverness Terrace London W2 3LB
2026-10-01 14:21:29 INFO LEAD new: [Permitted] Westminster/25/01694/LBC — 66 - 68 Inverness Terrace London W2 3LB
2026-10-01 14:21:29 INFO LEAD new: [Permitted] Westminster/25/01695/ADV — 93 - 95 Strand London WC2R 0DW
2026-10-01 14:21:29 INFO LEAD new: [Permitted] Westminster/25/01699/LBC — The Nomad Hotel London 28 Bow Street London WC2E 7AW
2026-10-01 14:21:29 INFO LEAD new: [Permitted] Westminster/25/01698/LBC — Canada House 5 Trafalgar Square London SW1Y 5BJ
2026-10-01 14:21:29 INFO LEAD new: [Permitted] Westminster/25/01701/FULL — 4 Westbourne Park Road London W2 5PH
2026-10-01 14:21:29 INFO LEAD new: [Permitted] Westminster/25/01705/ADFULL — 42 Boscobel Place London SW1W 9PE
2026-10-01 14:21:29 INFO LEAD new: [Permitted] Westminster/25/01632/ADV — 150 New Bond Street London W1S 2TT
2026-10-01 14:21:29 INFO LEAD new: [Permitted] Westminster/25/01829/PASPV — 96 Gloucester Mews West London W2 6DY
2026-10-01 14:21:29 INFO LEAD new: [Permitted] Westminster/25/01549/ADLBC — 15 South Molton Street London W1K 5QR
2026-10-01 14:21:30 INFO LEAD new: [Permitted] Westminster/25/01564/ADV — Basement And Ground Floor 99 New Bond Street London W1S 1SW
2026-10-01 14:21:30 INFO LEAD new: [Permitted] Westminster/25/01431/LBC — 47 Berwick Street London W1F 8SJ
2026-10-01 14:21:30 INFO LEAD new: [Permitted] Westminster/25/01419/FULL — Halcyon London International School 33 Seymour Place London 
2026-10-01 14:21:30 INFO LEAD new: [Permitted] Westminster/25/01424/ADLBC — 86 Randolph Avenue London W9 1BG
2026-10-01 14:21:30 INFO LEAD new: [Permitted] Westminster/25/01428/LBC — 45 Wellington Street London WC2E 7BN
2026-10-01 14:21:30 INFO LEAD new: [Permitted] Westminster/25/01427/FULL — 45 Wellington Street London WC2E 7BN
2026-10-01 14:21:30 INFO LEAD new: [Permitted] Westminster/25/01299/ADFULL — 3 Dean's Yard London SW1P 3NP
2026-10-01 14:21:30 INFO LEAD new: [Permitted] Westminster/25/01267/ADLBC — Flat 11 72 Eaton Square London SW1W 9AS
2026-10-01 14:21:30 INFO LEAD new: [Permitted] Westminster/25/01462/ADLBC — 3 Dean's Yard London SW1P 3NP
2026-10-01 14:21:30 INFO LEAD new: [Permitted] Westminster/25/01276/ADV — Phone Box On Pavement Outside 30 Millbank London SW1P 4DU
2026-10-01 14:21:30 INFO LEAD new: [Permitted] Westminster/25/01256/FULL — Flat 1 11 London Street London W2 1HL
2026-10-01 14:21:30 INFO LEAD new: [Permitted] Westminster/25/01248/COGADF — Luxborough Tower Luxborough Street London W1U 5BW
2026-10-01 14:21:30 INFO LEAD new: [Permitted] Westminster/25/01220/ADV — 71 - 72 Burlington Arcade London W1J 0QX
2026-10-01 14:21:30 INFO LEAD new: [Permitted] Westminster/25/01201/ADV — South West Wing Bush House Strand London WC2B 4RD
2026-10-01 14:21:30 INFO LEAD new: [Permitted] Westminster/25/01214/ADV — 31 New Cavendish Street London W1G 9TT
2026-10-01 14:21:30 INFO LEAD new: [Permitted] Westminster/25/01200/ADFULL — 19 Hanover Terrace London NW1 4RJ
2026-10-01 14:21:30 INFO LEAD new: [Permitted] Westminster/25/01191/FULL — Payphone Site Outside 38 Edgware Road London W1H 7EP
2026-10-01 14:21:30 INFO LEAD new: [Permitted] Westminster/25/01192/ADV — Payphone Site Outside 38 Edgware Road London W1H 7EP
2026-10-01 14:21:30 INFO LEAD new: [Permitted] Westminster/25/01182/ADV — 125 New Bond Street London W1S 1DY
2026-10-01 14:21:30 INFO LEAD new: [Permitted] Westminster/25/01198/OBS — 135 Shaftesbury Avenue London Borough Of Camden London WC2H 
2026-10-01 14:21:30 INFO LEAD new: [Permitted] Westminster/25/01146/ADV — 174 - 178 Oxford Street London W1D 1NH
2026-10-01 14:21:30 INFO LEAD new: [Permitted] Westminster/25/01111/FULL — 60 Circus Road London NW8 9SE
2026-10-01 14:21:30 INFO LEAD new: [Permitted] Westminster/25/01139/ADFULL — 10 Greycoat Place London SW1P 1SB
2026-10-01 14:21:30 INFO LEAD new: [Permitted] Westminster/25/01122/AD7 — 25 Dover Street London W1S 4LX
2026-10-01 14:21:30 INFO LEAD new: [Permitted] Westminster/25/01135/LBC — 44 Blomfield Road London W9 2PF
2026-10-01 14:21:36 INFO [westminster/Permitted] page at offset 5400: 100 records
2026-10-01 14:21:36 INFO LEAD new: [Permitted] Westminster/25/01067/FULL — 23 Chilworth Mews London W2 3RG
2026-10-01 14:21:36 INFO LEAD new: [Permitted] Westminster/25/01103/ADFULL — 107 Eaton Square London SW1W 9AA
2026-10-01 14:21:36 INFO LEAD new: [Permitted] Westminster/25/01093/FULL — Hertford Court 14 - 15 Hertford Street London W1J 7RP
2026-10-01 14:21:36 INFO LEAD new: [Permitted] Westminster/25/01102/ADLBC — 2 Manchester Square London W1U 3PA
2026-10-01 14:21:36 INFO LEAD new: [Permitted] Westminster/25/01107/FULL — 7 Bloomfield Terrace London SW1W 8PG
2026-10-01 14:21:36 INFO LEAD new: [Permitted] Westminster/25/01097/LBC — 6 Hanover Terrace London NW1 4RJ
2026-10-01 14:21:36 INFO LEAD new: [Permitted] Westminster/25/01062/NMA — 14 Acacia Road NW8 6AN
2026-10-01 14:21:36 INFO LEAD new: [Permitted] Westminster/25/01064/CLOPUD — 54 Gloucester Street London SW1V 4EG
2026-10-01 14:21:36 INFO LEAD new: [Permitted] Westminster/25/01085/ADV — 187 - 191 Regent Street London W1B 4JR
2026-10-01 14:21:36 INFO LEAD new: [Permitted] Westminster/25/01045/ADFULL — 26 Jay Mews London SW7 2ER
2026-10-01 14:21:36 INFO LEAD new: [Permitted] Westminster/25/01042/ADFULL — Kilmuir House Ebury Street London SW1W 8TH
2026-10-01 14:21:36 INFO LEAD new: [Permitted] Westminster/25/01025/ADLBC — Westminster Bridge Westminster Bridge Road London SW1A 2HR
2026-10-01 14:21:36 INFO LEAD new: [Permitted] Westminster/25/01047/ADLBC — 26 Jay Mews London SW7 2ER
2026-10-01 14:21:37 INFO LEAD new: [Permitted] Westminster/25/01037/ADFULL — 153 Oliphant Street London W10 4EA
2026-10-01 14:21:37 INFO LEAD new: [Permitted] Westminster/25/01018/ADV — 301 - 307 Oxford Street London W1C 2HW
2026-10-01 14:21:37 INFO LEAD new: [Permitted] Westminster/25/00987/LBC — St Margarets House 19 - 23 Wells Street London W1T 3PQ
2026-10-01 14:21:37 INFO LEAD new: [Permitted] Westminster/25/00997/FULL — 12 Rutland Court Rutland Gardens London SW7 1BN
2026-10-01 14:21:37 INFO LEAD new: [Permitted] Westminster/25/00989/ADFULL — 15 Cunningham Place London NW8 8JT
2026-10-01 14:21:37 INFO LEAD new: [Permitted] Westminster/25/00993/FULL — 37 Artesian Road W2 5DA
2026-10-01 14:21:37 INFO LEAD new: [Permitted] Westminster/25/00976/LBC — 18 Albert Court West Block Prince Consort Road London SW7 2B
2026-10-01 14:21:37 INFO LEAD new: [Permitted] Westminster/25/00973/LBC — Venture House 27 - 29 Glasshouse Street London W1B 5DF
2026-10-01 14:21:37 INFO LEAD new: [Permitted] Westminster/25/00918/ADFULL — 31 Cleveland Terrace London W2 6DU
2026-10-01 14:21:37 INFO LEAD new: [Permitted] Westminster/25/00614/ADFULL — 52 Acacia Road NW8 6AL
2026-10-01 14:21:37 INFO LEAD new: [Permitted] Westminster/25/00529/ADV — Bond House 19 - 20 Woodstock Street London W1C 2AN
2026-10-01 14:21:37 INFO LEAD new: [Permitted] Westminster/25/00527/ADFULL — 16 Palace Street London SW1E 5JD
2026-10-01 14:21:37 INFO LEAD new: [Permitted] Westminster/25/00476/ADV — Restaurant Berkeley Hotel 40 Wilton Place London SW1X 7RL
2026-10-01 14:21:37 INFO LEAD new: [Permitted] Westminster/25/00467/ADLBC — 6 Hanover Terrace London NW1 4RJ
2026-10-01 14:21:37 INFO LEAD new: [Permitted] Westminster/25/00458/ADFULL — Trocadero 13 Coventry Street London W1D 7DH
2026-10-01 14:21:37 INFO LEAD new: [Permitted] Westminster/25/00434/ADLBC — 47 Berkeley Square London W1J 5AU
2026-10-01 14:21:37 INFO LEAD new: [Permitted] Westminster/25/00372/AD7 — 38 Soho Square London W1D 3HB
2026-10-01 14:21:37 INFO LEAD new: [Permitted] Westminster/25/00365/ADV — 9 Clifford Street London W1S 2FT
2026-10-01 14:21:37 INFO LEAD new: [Permitted] Westminster/25/00386/ADFULL — 37 Great Cumberland Place London W1H 7TD
2026-10-01 14:21:37 INFO LEAD new: [Permitted] Westminster/25/00368/AD7 — 90 Gloucester Place London W1U 6HS
2026-10-01 14:21:37 INFO LEAD new: [Permitted] Westminster/25/00363/ADLBC — Pegasus House 37 - 43 Sackville Street London W1S 3EH
2026-10-01 14:21:37 INFO LEAD new: [Permitted] Westminster/25/00349/LBC — 18 Clifton Hill London NW8 0QG
2026-10-01 14:21:37 INFO LEAD new: [Permitted] Westminster/25/00327/ADFULL — Winfield House Outer Circle Regents Park London NW1 4RT
2026-10-01 14:21:37 INFO LEAD new: [Permitted] Westminster/25/00328/AD7 — 29 Welbeck Street London W1G 8EP
2026-10-01 14:21:37 INFO LEAD new: [Permitted] Westminster/25/00331/LBC — Sabadell House 120 Pall Mall London SW1Y 5LU
2026-10-01 14:21:37 INFO LEAD new: [Permitted] Westminster/25/00259/ADFULL — Marlborough Head 24 North Audley Street London W1K 6WD
2026-10-01 14:21:37 INFO LEAD new: [Permitted] Westminster/25/00262/ADFULL — 63 Clifton Hill London NW8 0JN
2026-10-01 14:21:37 INFO LEAD new: [Permitted] Westminster/25/00244/OBS — Development Site At 36-46 Albert Embankment London Borough O
2026-10-01 14:21:37 INFO LEAD new: [Permitted] Westminster/25/00186/ADV — 207 Oxford Street London W1D 2LF
2026-10-01 14:21:37 INFO LEAD new: [Permitted] Westminster/25/00167/ADV — Basement And Ground Floor 34 Westbourne Grove London W2 5SH
2026-10-01 14:21:37 INFO LEAD new: [Permitted] Westminster/25/00169/NMA — John Stewart House 435 - 437 Edgware Road London W2 1TH
2026-10-01 14:21:37 INFO LEAD new: [Permitted] Westminster/25/00145/ADV — 169 - 171 Regent Street London W1B 4JG
2026-10-01 14:21:37 INFO LEAD new: [Permitted] Westminster/25/00141/ADV — 229 Strand London WC2R 1BA
2026-10-01 14:21:37 INFO LEAD new: [Permitted] Westminster/25/00137/ADV — 102 Brompton Road London SW3 1JJ
2026-10-01 14:21:37 INFO LEAD new: [Permitted] Westminster/25/00134/NMA — Flat 1 127 Portnall Road London W9 3BB
2026-10-01 14:21:37 INFO LEAD new: [Permitted] Westminster/25/00104/ADFULL — Land At 36 St John's Wood Road And 38-44 Lodge Road London
2026-10-01 14:21:37 INFO LEAD new: [Permitted] Westminster/25/00053/NMA — 8 Berwick Street London W1F 0PH
2026-10-01 14:21:37 INFO LEAD new: [Permitted] Westminster/25/00048/AD7 — First Floor 163 - 173 Praed Street London W2 1RH
2026-10-01 14:21:37 INFO LEAD new: [Permitted] Westminster/25/00060/ADLBC — 26A Clarendon Gardens London W9 1AZ
2026-10-01 14:21:37 INFO LEAD new: [Permitted] Westminster/25/00056/ADLBC — 15 South Molton Lane London
2026-10-01 14:21:37 INFO LEAD new: [Permitted] Westminster/25/00026/ADFULL — Development Site At Olympia Mews And 28 To 34 Queensway Lond
2026-10-01 14:21:37 INFO LEAD new: [Permitted] Westminster/25/00029/ADFULL — 141 Wardour Street London W1F 0UT
2026-10-01 14:21:37 INFO LEAD new: [Permitted] Westminster/25/00031/ADFULL — 24 Wilton Row London SW1X 7NS
2026-10-01 14:21:37 INFO LEAD new: [Permitted] Westminster/25/00022/ADV — 13 Baker Street London W1U 3AH
2026-10-01 14:21:37 INFO LEAD new: [Permitted] Westminster/25/00021/ADV — 51 Rupert Street London W1D 7PG
2026-10-01 14:21:37 INFO LEAD new: [Permitted] Westminster/25/00018/ADFULL — 22 Chapter Street London SW1P 4NP
2026-10-01 14:21:37 INFO LEAD new: [Permitted] Westminster/25/00025/ADLBC — Development Site At Olympia Mews And 28 To 34 Queensway Lond
2026-10-01 14:21:37 INFO LEAD new: [Permitted] Westminster/25/00017/ADV — 31 Moscow Road London W2 4AH
2026-10-01 14:21:37 INFO LEAD new: [Permitted] Westminster/24/09085/ADV — 77A Wells Street London W1T 3QP
2026-10-01 14:21:37 INFO LEAD new: [Permitted] Westminster/24/09069/ADLBC — New Zealand House 80 Haymarket London SW1Y 4TE
2026-10-01 14:21:37 INFO LEAD new: [Permitted] Westminster/24/09053/NMA — Southside 105 Victoria Street London SW1E 6QT
2026-10-01 14:21:37 INFO LEAD new: [Permitted] Westminster/24/09064/ADV — 48 Eastcastle Street London W1W 8DX
2026-10-01 14:21:37 INFO LEAD new: [Permitted] Westminster/24/09023/ADLBC — 94 Ebury Street London SW1W 9QD
2026-10-01 14:21:37 INFO LEAD new: [Permitted] Westminster/24/08997/ADFULL — Amadeus House 27B Floral Street London WC2E 9DP
2026-10-01 14:21:37 INFO LEAD new: [Permitted] Westminster/24/09008/ADFULL — Grosvenor Square Gardens Grosvenor Square London W1K 6LD
2026-10-01 14:21:37 INFO LEAD new: [Permitted] Westminster/24/08993/ADFULL — 2 Gloucester Mews West London W2 6DY
2026-10-01 14:21:37 INFO LEAD new: [Permitted] Westminster/24/08939/ADFULL — St Michaels House 2 Elizabeth Street London SW1W 9RB
2026-10-01 14:21:38 INFO LEAD new: [Permitted] Westminster/24/08935/NMA — 77 Grosvenor Street London W1K 3JR
2026-10-01 14:21:38 INFO LEAD new: [Permitted] Westminster/24/08933/LBC — 245 Regent Street London W1B 2EN
2026-10-01 14:21:38 INFO LEAD new: [Permitted] Westminster/25/00003/OBS — The Queen's Walk London London Borough Of Lambeth
2026-10-01 14:21:38 INFO LEAD new: [Permitted] Westminster/25/00032/ADLBC — St Michaels House 2 Elizabeth Street London SW1W 9RB
2026-10-01 14:21:38 INFO LEAD new: [Permitted] Westminster/24/08907/ADLBC — Basement And Ground Floor Masionette 27 Warrington Crescent 
2026-10-01 14:21:38 INFO LEAD new: [Permitted] Westminster/24/08880/ADFULL — 32 - 36 Great Portland Street London W1W 8QX
2026-10-01 14:21:38 INFO LEAD new: [Permitted] Westminster/24/08852/ADFULL — 1 Victoria Street London SW1H 0ET
2026-10-01 14:21:38 INFO LEAD new: [Permitted] Westminster/24/08834/ADFULL — Development Site At Olympia Mews And 28 To 34 Queensway Lond
2026-10-01 14:21:38 INFO LEAD new: [Permitted] Westminster/24/08829/LBC — Egyptian House 170 - 173 Piccadilly London W1J 9EJ
2026-10-01 14:21:38 INFO LEAD new: [Permitted] Westminster/24/08819/ADV — St Nicholas Filling Station 148 - 158 Vauxhall Bridge Road L
2026-10-01 14:21:38 INFO LEAD new: [Permitted] Westminster/24/08810/ADFULL — 96 Queensway London W2 3RR
2026-10-01 14:21:38 INFO LEAD new: [Permitted] Westminster/24/08778/ADFULL — 53 Springfield Road London NW8 0QJ
2026-10-01 14:21:38 INFO LEAD new: [Permitted] Westminster/24/08723/ADV — South West Wing Bush House Strand London WC2B 4RD
2026-10-01 14:21:38 INFO LEAD new: [Permitted] Westminster/24/08689/ADV — 18 Carlisle Street London W1D 3BX
2026-10-01 14:21:38 INFO LEAD new: [Permitted] Westminster/24/08805/ADFULL — 26A Clarendon Gardens London W9 1AZ
2026-10-01 14:21:38 INFO LEAD new: [Permitted] Westminster/24/08667/ADV — 21 Great Pulteney Street London W1F 9NG
2026-10-01 14:21:38 INFO LEAD new: [Permitted] Westminster/24/08621/ADLBC — 43 Eaton Place London SW1X 8BX
2026-10-01 14:21:44 INFO [westminster/Permitted] page at offset 5500: 100 records
2026-10-01 14:21:44 INFO LEAD new: [Permitted] Westminster/24/08613/FULL — 350 Edgware Road London W2 1EA
2026-10-01 14:21:44 INFO LEAD new: [Permitted] Westminster/24/08533/ADFULL — 18 Ennismore Gardens Mews London SW7 1HY
2026-10-01 14:21:44 INFO LEAD new: [Permitted] Westminster/24/08518/ADFULL — 43 Eaton Place London SW1X 8BX
2026-10-01 14:21:44 INFO LEAD new: [Permitted] Westminster/24/08494/ADLBC — 8 Carlos Place London W1K 3AW
2026-10-01 14:21:44 INFO LEAD new: [Permitted] Westminster/24/08499/LBC — Flat 2 7 New Quebec Street London W1H 7RH
2026-10-01 14:21:44 INFO LEAD new: [Permitted] Westminster/24/08491/COGADF — Dev Site At 4 Lilestone St, Mallory St, Penn Hse, Bernhardt 
2026-10-01 14:21:44 INFO LEAD new: [Permitted] Westminster/24/08478/ADFULL — Duncan House 86 Portland Place London W1B 1NU
2026-10-01 14:21:44 INFO LEAD new: [Permitted] Westminster/24/08469/ADV — Basement And Ground Floor 14 - 15 Conduit Street London W1S 
2026-10-01 14:21:44 INFO LEAD new: [Permitted] Westminster/24/08296/ADV — 54 Regent Street London W1B 5AS
2026-10-01 14:21:44 INFO LEAD new: [Permitted] Westminster/24/08259/ADFULL — 23 Craven Hill London W2 3EN
2026-10-01 14:21:45 INFO LEAD new: [Permitted] Westminster/24/08253/ADFULL — 34 Palace Court London W2 4HZ
2026-10-01 14:21:45 INFO LEAD new: [Permitted] Westminster/24/08254/ADFULL — Flat A 37 Great Pulteney Street London W1F 9NT
2026-10-01 14:21:45 INFO LEAD new: [Permitted] Westminster/24/08172/ADFULL — 80 New Bond Street London W1S 1SB
2026-10-01 14:21:45 INFO LEAD new: [Permitted] Westminster/24/07948/ADLBC — 53 Eaton Terrace London SW1W 8TR
2026-10-01 14:21:45 INFO LEAD new: [Permitted] Westminster/24/07960/ADV — Dev Site At 19-35 Baker Street, 88-110 George Street, 69-71 
2026-10-01 14:21:45 INFO LEAD new: [Permitted] Westminster/24/07971/ADFULL — 8 Berwick Street London W1F 0PH
2026-10-01 14:21:45 INFO LEAD new: [Permitted] Westminster/24/07899/ADV — 14 - 18 Neal Street London WC2H 9LY
2026-10-01 14:21:45 INFO LEAD new: [Permitted] Westminster/24/07890/ADFULL — Site At 94 Piccadilly, 95 Piccadilly, 12 White Horse Street,
2026-10-01 14:21:45 INFO LEAD new: [Permitted] Westminster/24/07882/AD7 — 9 Whitehall London SW1A 2DE
2026-10-01 14:21:45 INFO LEAD new: [Permitted] Westminster/24/07881/AD7 — 1 Northumberland Avenue London WC2N 5BW
2026-10-01 14:21:45 INFO LEAD new: [Permitted] Westminster/24/07880/AD7 — Ground Floor And Basement Charles House 7 Leicester Place Lo
2026-10-01 14:21:45 INFO LEAD new: [Permitted] Westminster/24/07834/ADFULL — 50 George Street London W1U 7GA
2026-10-01 14:21:45 INFO LEAD new: [Permitted] Westminster/24/07822/ADFULL — 44 Seymour Place London W1H 2NA
2026-10-01 14:21:45 INFO LEAD new: [Permitted] Westminster/24/07816/COMADL — Cattle Trough Bayswater Road London
2026-10-01 14:21:45 INFO LEAD new: [Permitted] Westminster/24/07805/ADFULL — 68 Edgware Road London W2 2EG
2026-10-01 14:21:45 INFO LEAD new: [Permitted] Westminster/24/07831/LBC — 90 - 92 Lancaster Gate London W2 3NL
2026-10-01 14:21:45 INFO LEAD new: [Permitted] Westminster/24/07820/ADFULL — 26 Jay Mews London SW7 2ER
2026-10-01 14:21:45 INFO LEAD new: [Permitted] Westminster/24/07869/ADV — 18 Broadwick Street London W1F 8JB
2026-10-01 14:21:45 INFO LEAD new: [Permitted] Westminster/24/07768/NMA — 59 Chester Row London SW1W 8JL
2026-10-01 14:21:45 INFO LEAD new: [Permitted] Westminster/24/07704/ADV — Basement To First Floor 99 - 103 Long Acre London WC2E 9RA
2026-10-01 14:21:45 INFO LEAD new: [Permitted] Westminster/24/07469/FULL — 3 Bulstrode Street London W1U 2JB
2026-10-01 14:21:45 INFO LEAD new: [Permitted] Westminster/24/07435/NMA — 63C Eccleston Square London SW1V 1PH
2026-10-01 14:21:45 INFO LEAD new: [Permitted] Westminster/24/07470/LBC — 3 Bulstrode Street London W1U 2JB
2026-10-01 14:21:45 INFO LEAD new: [Permitted] Westminster/24/07462/ADFULL — Flat 49 1 - 3 Montagu Mansions London W1U 6LD
2026-10-01 14:21:45 INFO LEAD new: [Permitted] Westminster/24/07414/ADFULL — 72 Eccleston Square Mews London SW1V 1QN
2026-10-01 14:21:45 INFO LEAD new: [Permitted] Westminster/24/07420/ADV — 34 Old Bond Street London W1S 4QL
2026-10-01 14:21:45 INFO LEAD new: [Permitted] Westminster/24/07364/ADLBC — 15 South Molton Street London W1K 5QR
2026-10-01 14:21:45 INFO LEAD new: [Permitted] Westminster/24/07487/CLLB — 26 King Street Covent Garden London WC2E 8HN
2026-10-01 14:21:45 INFO LEAD new: [Permitted] Westminster/24/07360/CLOPUD — 24 Springfield Road London NW8 0QN
2026-10-01 14:21:45 INFO LEAD new: [Permitted] Westminster/24/07343/ADLBC — 79 Chester Square London SW1W 9DU
2026-10-01 14:21:45 INFO LEAD new: [Permitted] Westminster/24/07339/ADV — 7 Marylebone High Street London W1U 4NL
2026-10-01 14:21:45 INFO LEAD new: [Permitted] Westminster/24/07336/ADLBC — Prince Alfred Public House 5A Formosa Street London W9 1EE
2026-10-01 14:21:45 INFO LEAD new: [Permitted] Westminster/24/07341/OBS — 1 Undershaft City Of London London EC3A 8EE
2026-10-01 14:21:45 INFO LEAD new: [Permitted] Westminster/24/07320/ADFULL — 25 - 31 Wellington Street London WC2E 7DD
2026-10-01 14:21:45 INFO LEAD new: [Permitted] Westminster/24/07304/LBC — Flat 10 33 Inverness Terrace London W2 3JR
2026-10-01 14:21:45 INFO LEAD new: [Permitted] Westminster/24/07308/ADV — 110 New Bond Street London W1S 1EB
2026-10-01 14:21:45 INFO LEAD new: [Permitted] Westminster/24/07323/ADFULL — 56 Grosvenor Hill London W1K 3QT
2026-10-01 14:21:45 INFO LEAD new: [Permitted] Westminster/24/07312/ADFULL — 97E St George's Square London SW1V 3QP
2026-10-01 14:21:45 INFO LEAD new: [Permitted] Westminster/24/07327/ADFULL — 1 Knightsbridge London SW1X 7LX
2026-10-01 14:21:45 INFO LEAD new: [Permitted] Westminster/24/07293/ADFULL — 56 Westbourne Grove London W2 5SH
2026-10-01 14:21:45 INFO LEAD new: [Permitted] Westminster/24/07295/ADFULL — 79 Chester Square London SW1W 9DU
2026-10-01 14:21:45 INFO LEAD new: [Permitted] Westminster/24/07292/ADLBC — 72 Chester Square London SW1W 9DU
2026-10-01 14:21:45 INFO LEAD new: [Permitted] Westminster/24/07245/ADLBC — 1 - 2 Upper Belgrave Street London SW1X 8BD
2026-10-01 14:21:45 INFO LEAD new: [Permitted] Westminster/24/07246/FULL — YSC Building 50 Floral Street London WC2E 9DA
2026-10-01 14:21:45 INFO LEAD new: [Permitted] Westminster/24/07243/ADLBC — 107 Ebury Street London SW1W 9QU
2026-10-01 14:21:45 INFO LEAD new: [Permitted] Westminster/24/07242/ADLBC — 63C Eccleston Square London SW1V 1PH
2026-10-01 14:21:45 INFO LEAD new: [Permitted] Westminster/24/07240/LBC — Niketown 236 Oxford Street London W1C 1DA
2026-10-01 14:21:45 INFO LEAD new: [Permitted] Westminster/24/07233/ADFULL — 107 Ebury Street London SW1W 9QU
2026-10-01 14:21:45 INFO LEAD new: [Permitted] Westminster/24/07234/ADFULL — 1 - 2 Upper Belgrave Street London SW1X 8BD
2026-10-01 14:21:45 INFO LEAD new: [Permitted] Westminster/24/07236/ADFULL — 7 Albion Street W2 2AS
2026-10-01 14:21:45 INFO LEAD new: [Permitted] Westminster/24/07221/LBC — Greycoat Hospital Upper School Horseferry Road London SW1P 2
2026-10-01 14:21:45 INFO LEAD new: [Permitted] Westminster/24/07225/ADV — 43 Margaret Street London W1W 8SB
2026-10-01 14:21:45 INFO LEAD new: [Permitted] Westminster/24/07226/LBC — Flat 4a 20 Pembridge Square London W2 4DP
2026-10-01 14:21:45 INFO LEAD new: [Permitted] Westminster/24/07218/ADFULL — 45 Kilburn Park Road London NW6 5XD
2026-10-01 14:21:45 INFO LEAD new: [Permitted] Westminster/24/07217/FULL — Madame Tussauds Marylebone Road London NW1 5LR
2026-10-01 14:21:45 INFO LEAD new: [Permitted] Westminster/24/07238/ADFULL — 63C Eccleston Square London SW1V 1PH
2026-10-01 14:21:45 INFO LEAD new: [Permitted] Westminster/24/07188/ADLBC — 23B Warwick Avenue London W9 2PS
2026-10-01 14:21:45 INFO LEAD new: [Permitted] Westminster/24/07189/ADV — 110 New Bond Street London W1S 1EB
2026-10-01 14:21:45 INFO LEAD new: [Permitted] Westminster/24/07192/ADFULL — 6 Upper Grosvenor Street London W1K 2LU
2026-10-01 14:21:45 INFO LEAD new: [Permitted] Westminster/24/07191/ADV — 225 - 227 Oxford Street London W1D 2LJ
2026-10-01 14:21:46 INFO LEAD new: [Permitted] Westminster/24/07200/ADLBC — 49 Gloucester Place London W1U 8JE
2026-10-01 14:21:46 INFO LEAD new: [Permitted] Westminster/24/07128/NMA — Fitzroy House 18 - 20 Grafton Street London W1S 4DZ
2026-10-01 14:21:46 INFO LEAD new: [Permitted] Westminster/24/07130/ADFULL — 11 Belgrave Road London SW1V 1TS
2026-10-01 14:21:46 INFO LEAD new: [Permitted] Westminster/24/07123/ADFULL — 23 Craven Hill London W2 3EN
2026-10-01 14:21:46 INFO LEAD new: [Permitted] Westminster/24/07119/LBC — Admiralty House Whitehall London SW1A 2DY
2026-10-01 14:21:46 INFO LEAD new: [Permitted] Westminster/24/07223/OBS — Park House 16 Finsbury Circus City Of London London EC2M 7EB
2026-10-01 14:21:46 INFO LEAD new: [Permitted] Westminster/24/07095/ADV — 187 - 191 Regent Street London W1B 4JR
2026-10-01 14:21:46 INFO LEAD new: [Permitted] Westminster/24/07092/ADLBC — 12 Hamilton Close London NW8 8QY
2026-10-01 14:21:46 INFO LEAD new: [Permitted] Westminster/24/07102/ADLBC — 16 Cavendish Avenue London NW8 9JE
2026-10-01 14:21:46 INFO LEAD new: [Permitted] Westminster/24/07099/COGADF — Land Bound By Edgware Rd, Boscobel St, Penfold St, Church St
2026-10-01 14:21:52 INFO [westminster/Permitted] page at offset 5600: 100 records
2026-10-01 14:21:52 INFO LEAD new: [Permitted] Westminster/24/07094/LBC — 20 Prince's Square London W2 4NP
2026-10-01 14:21:52 INFO LEAD new: [Permitted] Westminster/24/07090/ADFULL — The National Gallery Trafalgar Square London WC2N 5DN
2026-10-01 14:21:52 INFO LEAD new: [Permitted] Westminster/24/07107/LBC — 23 Maida Avenue London W2 1SR
2026-10-01 14:21:52 INFO LEAD new: [Permitted] Westminster/24/07101/ADFULL — Warwick House Stable Yard Road London SW1A 1BD
2026-10-01 14:21:52 INFO LEAD new: [Permitted] Westminster/24/07106/FULL — 23 Maida Avenue London W2 1SR
2026-10-01 14:21:52 INFO LEAD new: [Permitted] Westminster/24/07074/ADV — The Ampersand Building 178 Wardour Street London W1F 8FY
2026-10-01 14:21:52 INFO LEAD new: [Permitted] Westminster/24/07080/NMA — 17 - 19 Rochester Row London SW1P 1JB
2026-10-01 14:21:52 INFO LEAD new: [Permitted] Westminster/24/07066/AD7 — 32 - 33 St James's Place London SW1A 1NR
2026-10-01 14:21:52 INFO LEAD new: [Permitted] Westminster/24/07063/ADV — Piccadilly Theatre Denman Street London W1D 7DY
2026-10-01 14:21:52 INFO LEAD new: [Permitted] Westminster/24/07059/ADFULL — 26 King Street Covent Garden London WC2E 8HN
2026-10-01 14:21:52 INFO LEAD new: [Permitted] Westminster/24/07093/AADV — 170 Westbourne Grove London W11 2RW
2026-10-01 14:21:52 INFO LEAD new: [Permitted] Westminster/24/07083/ADFULL — The Ritz Hotel 150 - 156 Piccadilly London W1J 9BR
2026-10-01 14:21:52 INFO LEAD new: [Permitted] Westminster/24/07081/FULL — 20 Hereford Road London W2 4AA
2026-10-01 14:21:52 INFO LEAD new: [Permitted] Westminster/24/07039/ADLBC — 26 King Street Covent Garden London WC2E 8HN
2026-10-01 14:21:52 INFO LEAD new: [Permitted] Westminster/24/07134/TELNOT — Buckingham Palace Road London
2026-10-01 14:21:52 INFO LEAD new: [Permitted] Westminster/24/07133/TELNOT — Hyde Park Corner London W1J 7NT
2026-10-01 14:21:52 INFO LEAD new: [Permitted] Westminster/24/07127/TELNOT — 77 Buckingham Palace Road London SW1W 0QJ
2026-10-01 14:21:52 INFO LEAD new: [Permitted] Westminster/24/07097/TELNOT — 2 Wilton Road London SW1V 1AN
2026-10-01 14:21:52 INFO LEAD new: [Permitted] Westminster/24/07100/TELNOT — 170 Victoria Street London SW1E 5LB
2026-10-01 14:21:52 INFO LEAD new: [Permitted] Westminster/24/07055/ADFULL — 39 Buckingham Gate London SW1E 6BS
2026-10-01 14:21:52 INFO LEAD new: [Permitted] Westminster/24/07135/TELNOT — Brompton Road London
2026-10-01 14:21:52 INFO LEAD new: [Permitted] Westminster/24/07047/ADFULL — Flat 6 32 St Petersburgh Place London W2 4LD
2026-10-01 14:21:52 INFO LEAD new: [Permitted] Westminster/24/07032/ADLBC — 29 Chester Square London SW1W 9HT
2026-10-01 14:21:52 INFO LEAD new: [Permitted] Westminster/24/07037/ADLBC — 29 Chesham Place London SW1X 8HB
2026-10-01 14:21:52 INFO LEAD new: [Permitted] Westminster/24/07023/OBS — St Thomas' Hospital 249 Westminster Bridge Road London Borou
2026-10-01 14:21:52 INFO LEAD new: [Permitted] Westminster/24/07009/ADFULL — Ryder Court 14 Ryder Street London SW1Y 6QB
2026-10-01 14:21:52 INFO LEAD new: [Permitted] Westminster/24/07003/ADFULL — 39 Newton Road London W2 5JR
2026-10-01 14:21:53 INFO LEAD new: [Permitted] Westminster/24/07001/FULL — 116 - 117 New Bond Street London W1S 1EN
2026-10-01 14:21:53 INFO LEAD new: [Permitted] Westminster/24/07062/ADLBC — 17 Chester Street London SW1X 7BB
2026-10-01 14:21:53 INFO LEAD new: [Permitted] Westminster/24/07018/ADV — 87 Wardour Street London W1F 0UA
2026-10-01 14:21:53 INFO LEAD new: [Permitted] Westminster/24/07006/NMA — 17 Terminus Place London SW1V 1JR
2026-10-01 14:21:53 INFO LEAD new: [Permitted] Westminster/24/07002/ADFULL — 134 Oxford Street London W1D 1LU
2026-10-01 14:21:53 INFO LEAD new: [Permitted] Westminster/24/06988/ADFULL — 17 Chester Street London SW1X 7BB
2026-10-01 14:21:53 INFO LEAD new: [Permitted] Westminster/24/06986/ADV — 6 Shepherd Street London W1J 7JE
2026-10-01 14:21:53 INFO LEAD new: [Permitted] Westminster/24/07000/LBC — Third And Fourth Floor Grosvenor Suite 26 - 27 Belgrave Squa
2026-10-01 14:21:53 INFO LEAD new: [Permitted] Westminster/24/06951/ADV — Harewood Avenue London
2026-10-01 14:21:53 INFO LEAD new: [Permitted] Westminster/24/06968/FULL — 11A Eccleston Street London SW1W 9LX
2026-10-01 14:21:53 INFO LEAD new: [Permitted] Westminster/24/06953/ADFULL — 34 - 37 Henrietta Street London WC2E 8NA
2026-10-01 14:21:53 INFO LEAD new: [Permitted] Westminster/24/06975/ADFULL — Lansdowne House 57 Berkeley Square London W1J 6ER
2026-10-01 14:21:53 INFO LEAD new: [Permitted] Westminster/24/06979/FULL — Flat 10 1 Carlos Place London W1K 3AJ
2026-10-01 14:21:53 INFO LEAD new: [Permitted] Westminster/24/06978/ADV — 28 - 32 St Christopher's Place London W1U 1NU
2026-10-01 14:21:53 INFO LEAD new: [Permitted] Westminster/24/06956/ADFULL — Development Site At 285 - 329 Edgware Road London W2 1DH
2026-10-01 14:21:53 INFO LEAD new: [Permitted] Westminster/24/06950/ADV — Melcombe Street London
2026-10-01 14:21:53 INFO LEAD new: [Permitted] Westminster/24/06971/ADFULL — 55 Blomfield Road London W9 2PD
2026-10-01 14:21:53 INFO LEAD new: [Permitted] Westminster/24/06919/LBC — 5 Trebeck Street London W1J 7LT
2026-10-01 14:21:53 INFO LEAD new: [Permitted] Westminster/24/06939/LBC — London Coliseum 32 - 35 St Martin's Lane London WC2N 4ES
2026-10-01 14:21:53 INFO LEAD new: [Permitted] Westminster/24/06941/CLOPUD — 35 Galton Street London W10 4QW
2026-10-01 14:21:53 INFO LEAD new: [Permitted] Westminster/24/07073/ADFULL — Flat 22 35 Bryanston Square London W1H 2DZ
2026-10-01 14:21:53 INFO LEAD new: [Permitted] Westminster/24/06935/LBC — 50 Park Street London W1K 2JJ
2026-10-01 14:21:53 INFO LEAD new: [Permitted] Westminster/24/06911/ADV — Bechtel House 35 - 38 Portman Square London W1H 6LR
2026-10-01 14:21:53 INFO LEAD new: [Permitted] Westminster/24/06933/LBC — 31 - 32 Ennismore Gardens London SW7 1AE
2026-10-01 14:21:53 INFO LEAD new: [Permitted] Westminster/24/06940/LBC — London Coliseum 32 - 35 St Martin's Lane London WC2N 4ES
2026-10-01 14:21:53 INFO LEAD new: [Permitted] Westminster/24/06905/LBC — Flat 6 6 Ennismore Gardens London SW7 1NL
2026-10-01 14:21:53 INFO LEAD new: [Permitted] Westminster/24/06903/ADLBC — 87A St John's Wood Terrace London NW8 6PY
2026-10-01 14:21:53 INFO LEAD new: [Permitted] Westminster/24/06900/ADFULL — 26 Aberdeen Place NW8 8JR
2026-10-01 14:21:53 INFO LEAD new: [Permitted] Westminster/24/07091/TELNOT — Waverley House 7 - 12 Noel Street London W1F 8GH
2026-10-01 14:21:53 INFO LEAD new: [Permitted] Westminster/24/06878/LBC — 51 Upper Montagu Street London W1H 1FQ
2026-10-01 14:21:53 INFO LEAD new: [Permitted] Westminster/24/06898/ADV — Basement And Ground Floor 6 Spring Street London W2 3RA
2026-10-01 14:21:53 INFO LEAD new: [Permitted] Westminster/24/06884/AD7 — 31A Thayer Street London W1U 2QS
2026-10-01 14:21:53 INFO LEAD new: [Permitted] Westminster/24/06841/COLBC — Westminster Bridge Westminster Bridge Road London SW1A 2HR
2026-10-01 14:21:53 INFO LEAD new: [Permitted] Westminster/24/06858/FULL — 14 - 18 Brompton Road London SW1X 7QN
2026-10-01 14:21:53 INFO LEAD new: [Permitted] Westminster/24/06955/ADLBC — 42 Conduit Street London W1S 2YH
2026-10-01 14:21:53 INFO LEAD new: [Permitted] Westminster/24/06839/ADLBC — Mint Wing Of St Mary's Hospital Winsland Street London W2 1N
2026-10-01 14:21:53 INFO LEAD new: [Permitted] Westminster/24/06842/FULL — Flat 16 87 St George's Drive London SW1V 4DB
2026-10-01 14:21:53 INFO LEAD new: [Permitted] Westminster/24/06871/ADLBC — 27 Gloucester Place London W1U 8HU
2026-10-01 14:21:53 INFO LEAD new: [Permitted] Westminster/24/06852/ADFULL — 42 Conduit Street London W1S 2YH
2026-10-01 14:21:53 INFO LEAD new: [Permitted] Westminster/24/06840/COLBC — Waterloo Bridge London
2026-10-01 14:21:53 INFO LEAD new: [Permitted] Westminster/24/06804/ADLBC — 1 Carlton House Terrace London SW1Y 5AF
2026-10-01 14:21:53 INFO LEAD new: [Permitted] Westminster/24/06826/ADFULL — 87A St John's Wood Terrace London NW8 6PY
2026-10-01 14:21:53 INFO LEAD new: [Permitted] Westminster/24/06794/ADFULL — 26 Jay Mews London SW7 2ER
2026-10-01 14:21:53 INFO LEAD new: [Permitted] Westminster/24/06828/ADLBC — 87A St John's Wood Terrace London NW8 6PY
2026-10-01 14:21:53 INFO LEAD new: [Permitted] Westminster/24/06791/ADLBC — 26 Jay Mews London SW7 2ER
2026-10-01 14:21:53 INFO LEAD new: [Permitted] Westminster/24/06779/ADV — Tang House 3 Gerrard Street London W1D 5PD
2026-10-01 14:21:53 INFO LEAD new: [Permitted] Westminster/24/06784/ADV — 162 Piccadilly London W1J 9ED
2026-10-01 14:21:53 INFO LEAD new: [Permitted] Westminster/24/06817/ADLBC — 1 Carlton House Terrace London SW1Y 5AF
2026-10-01 14:21:53 INFO LEAD new: [Permitted] Westminster/24/06807/ADLBC — 1 Carlton House Terrace London SW1Y 5AF
2026-10-01 14:21:53 INFO LEAD new: [Permitted] Westminster/24/06809/ADLBC — 1 Carlton House Terrace London SW1Y 5AF
2026-10-01 14:21:53 INFO LEAD new: [Permitted] Westminster/24/06827/ADLBC — 17 - 21 South Audley Street London W1K 2NY
2026-10-01 14:21:53 INFO LEAD new: [Permitted] Westminster/24/06777/ADFULL — 47 Palace Court London W2 4LS
2026-10-01 14:21:53 INFO LEAD new: [Permitted] Westminster/24/06752/ADFULL — 248 Marylebone Road London NW1 6JF
2026-10-01 14:21:53 INFO LEAD new: [Permitted] Westminster/24/06772/COGADF — 74 - 78 Church Street London NW8 8ET
2026-10-01 14:21:53 INFO LEAD new: [Permitted] Westminster/24/06762/ADFULL — Mint Wing Of St Mary's Hospital Winsland Street London W2 1N
2026-10-01 14:21:53 INFO LEAD new: [Permitted] Westminster/24/06761/FULL — 87 - 91 Newman Street London W1T 3EY
2026-10-01 14:21:53 INFO LEAD new: [Permitted] Westminster/24/06758/ADLBC — 20 Wilton Crescent London SW1X 8SA
2026-10-01 14:21:53 INFO LEAD new: [Permitted] Westminster/24/06759/ADFULL — 143 Ebury Street London SW1W 9QN
2026-10-01 14:21:53 INFO LEAD new: [Permitted] Westminster/24/06760/ADFULL — 25 Blomfield Road London W9 1AA
2026-10-01 14:22:00 INFO [westminster/Permitted] page at offset 5700: 100 records
2026-10-01 14:22:00 INFO LEAD new: [Permitted] Westminster/24/06768/ADFULL — 107 Ebury Street London SW1W 9QU
2026-10-01 14:22:00 INFO LEAD new: [Permitted] Westminster/24/06763/ADFULL — Savoy Hotel 1 Savoy Hill London WC2R 0BP
2026-10-01 14:22:00 INFO LEAD new: [Permitted] Westminster/24/06749/ADFULL — 72 - 74 Lancaster Gate London W2 3NH
2026-10-01 14:22:00 INFO LEAD new: [Permitted] Westminster/24/06767/ADFULL — 107 Ebury Street London SW1W 9QU
2026-10-01 14:22:00 INFO LEAD new: [Permitted] Westminster/24/06998/ADLBC — 23 Devonshire Place London W1G 6JB
2026-10-01 14:22:00 INFO LEAD new: [Permitted] Westminster/24/06724/ADFULL — Flat 2 37 Aylesford Street SW1V 3RY
2026-10-01 14:22:00 INFO LEAD new: [Permitted] Westminster/24/06717/ADV — Slug And Lettuce 19 - 20 Hanover Street London W1S 1YR
2026-10-01 14:22:00 INFO LEAD new: [Permitted] Westminster/24/06741/ADFULL — 143 Ebury Street London SW1W 9QN
2026-10-01 14:22:00 INFO LEAD new: [Permitted] Westminster/24/06722/AD7 — 63 Abbey Road NW8 0AE
2026-10-01 14:22:00 INFO LEAD new: [Permitted] Westminster/24/06743/ADV — Berkeley Hotel 40 Wilton Place London SW1X 7RL
2026-10-01 14:22:00 INFO LEAD new: [Permitted] Westminster/24/06732/AD7 — De Walden Court 85 - 89 New Cavendish Street London W1W 6XD
2026-10-01 14:22:00 INFO LEAD new: [Permitted] Westminster/24/06682/ADFULL — Development Site At 180 Piccadilly And 48 To 50 Jermyn Stree
2026-10-01 14:22:00 INFO LEAD new: [Permitted] Westminster/24/06693/ADV — Connaught Hotel Carlos Place London W1K 2AL
2026-10-01 14:22:00 INFO LEAD new: [Permitted] Westminster/24/06706/NMA — 1 Hanover Street London W1S 1YZ
2026-10-01 14:22:00 INFO LEAD new: [Permitted] Westminster/24/06710/ADV — 169 Piccadilly London W1J 9EH
2026-10-01 14:22:00 INFO LEAD new: [Permitted] Westminster/24/06713/ADLBC — 99 Belgrave Road London SW1V 2BH
2026-10-01 14:22:00 INFO LEAD new: [Permitted] Westminster/24/06714/ADFULL — 99 Belgrave Road London SW1V 2BH
2026-10-01 14:22:00 INFO LEAD new: [Permitted] Westminster/24/06691/ADFULL — 26 - 28 Warwick Way London SW1V 1RX
2026-10-01 14:22:00 INFO LEAD new: [Permitted] Westminster/24/06712/ADLBC — 99 Belgrave Road London SW1V 2BH
2026-10-01 14:22:00 INFO LEAD new: [Permitted] Westminster/24/06703/CLOPUD — Flat 3 17 Grosvenor Square London W1K 6LB
2026-10-01 14:22:00 INFO LEAD new: [Permitted] Westminster/24/06675/ADV — Ground Floor Front 99 St John's Wood Terrace London NW8 6PL
2026-10-01 14:22:00 INFO LEAD new: [Permitted] Westminster/24/06624/ADFULL — The Westbury Hotel 37 Conduit Street London W1S 2YF
2026-10-01 14:22:00 INFO LEAD new: [Permitted] Westminster/24/06626/ADLBC — 15 Chesterfield Street London W1J 5JN
2026-10-01 14:22:00 INFO LEAD new: [Permitted] Westminster/24/06558/COGADF — 581 - 587 Harrow Road London W10 4RH
2026-10-01 14:22:00 INFO LEAD new: [Permitted] Westminster/24/06333/ADFULL — Westminster House 7 Millbank London SW1P 3JA
2026-10-01 14:22:00 INFO LEAD new: [Permitted] Westminster/24/06340/ADV — 11 Old Burlington Street London W1S 3AQ
2026-10-01 14:22:00 INFO LEAD new: [Permitted] Westminster/24/06273/ADLBC — 30 Portland Place London W1B 1LZ
2026-10-01 14:22:00 INFO LEAD new: [Permitted] Westminster/24/06246/ADV — 2 Jermyn Street London SW1Y 4XA
2026-10-01 14:22:00 INFO LEAD new: [Permitted] Westminster/24/06125/ADFULL — 17 Three Kings Yard London W1K 4JT
2026-10-01 14:22:00 INFO LEAD new: [Permitted] Westminster/24/06127/ADLBC — 68 Inverness Terrace London W2 3LB
2026-10-01 14:22:00 INFO LEAD new: [Permitted] Westminster/24/06084/ADLBC — 38 Grosvenor Gardens London SW1W 0EB
2026-10-01 14:22:00 INFO LEAD new: [Permitted] Westminster/24/06117/ADFULL — Basement And Ground Floor 3 New Row London WC2N 4LH
2026-10-01 14:22:00 INFO LEAD new: [Permitted] Westminster/24/06100/ADLBC — 4 Clarendon Gardens London W9 1AY
2026-10-01 14:22:00 INFO LEAD new: [Permitted] Westminster/24/06066/ADV — 499 - 517 Oxford Street London W1C 2QQ
2026-10-01 14:22:00 INFO LEAD new: [Permitted] Westminster/24/06099/ADFULL — 4 Clarendon Gardens London W9 1AY
2026-10-01 14:22:00 INFO LEAD new: [Permitted] Westminster/24/06051/ADV — John Lewis 278 - 306 Oxford Street London W1C 1DX
2026-10-01 14:22:01 INFO LEAD new: [Permitted] Westminster/24/06046/ADLBC — 38 Grosvenor Gardens London SW1W 0EB
2026-10-01 14:22:01 INFO LEAD new: [Permitted] Westminster/24/06038/ADFULL — 444 Edgware Road London W2 1EG
2026-10-01 14:22:01 INFO LEAD new: [Permitted] Westminster/24/06025/ADLBC — First Floor To Fourth Floor Maisonette 35 South Audley Stree
2026-10-01 14:22:01 INFO LEAD new: [Permitted] Westminster/24/06047/ADFULL — 38 Grosvenor Gardens London SW1W 0EB
2026-10-01 14:22:01 INFO LEAD new: [Permitted] Westminster/24/06037/ADFULL — 3 Wilton Row London SW1X 7NR
2026-10-01 14:22:01 INFO LEAD new: [Permitted] Westminster/24/06036/ADV — Basement And Ground Floor 20 Eccleston Street London SW1W 9L
2026-10-01 14:22:01 INFO LEAD new: [Permitted] Westminster/24/06027/OBS — 70 Gracechurch Street City Of London London EC3V 0HR
2026-10-01 14:22:01 INFO LEAD new: [Permitted] Westminster/24/05987/ADLBC — 12 Waterloo Place London SW1Y 4AU
2026-10-01 14:22:01 INFO LEAD new: [Permitted] Westminster/24/05990/ADFULL — 12 Waterloo Place London SW1Y 4AU
2026-10-01 14:22:01 INFO LEAD new: [Permitted] Westminster/24/06004/NMA — 8 Montagu Mews North London W1H 2JU
2026-10-01 14:22:01 INFO LEAD new: [Permitted] Westminster/24/06255/ADLBC — 7 Connaught Square London W2 2HG
2026-10-01 14:22:01 INFO LEAD new: [Permitted] Westminster/24/06026/COGADF — Ebury Bridge Estate Ebury Bridge Road London SW1W 8PX
2026-10-01 14:22:01 INFO LEAD new: [Permitted] Westminster/24/05964/ADV — Unit 20 1 Paddington Square City Of Westminster London W2 1D
2026-10-01 14:22:01 INFO LEAD new: [Permitted] Westminster/24/05975/ADFULL — Development Site At 55-58 Pall Mall And 1-4 Crown Passage Lo
2026-10-01 14:22:01 INFO LEAD new: [Permitted] Westminster/24/05943/LBC — 20 Wilton Crescent London SW1X 8SA
2026-10-01 14:22:01 INFO LEAD new: [Permitted] Westminster/24/05967/ADFULL — 444 Edgware Road London W2 1EG
2026-10-01 14:22:01 INFO LEAD new: [Permitted] Westminster/24/05980/OBS — Old Change House 128 Queen Victoria Street City Of London Lo
2026-10-01 14:22:01 INFO LEAD new: [Permitted] Westminster/24/05921/ADLBC — 28 Bruton Street London W1J 6QW
2026-10-01 14:22:01 INFO LEAD new: [Permitted] Westminster/24/05917/ADLBC — 2 Spanish Place London W1U 3HF
2026-10-01 14:22:01 INFO LEAD new: [Permitted] Westminster/24/05908/ADLBC — 24 Warwick Avenue London W9 2PT
2026-10-01 14:22:01 INFO LEAD new: [Permitted] Westminster/24/05899/ADV — 155 Regent Street London W1B 4JE
2026-10-01 14:22:01 INFO LEAD new: [Permitted] Westminster/24/05905/ADV — 29 Old Bond Street London W1S 4QG
2026-10-01 14:22:01 INFO LEAD new: [Permitted] Westminster/24/05906/ADV — 132 Regent Street London W1B 5SF
2026-10-01 14:22:01 INFO LEAD new: [Permitted] Westminster/24/05881/NMA — 76 New Cavendish Street London W1G 9TB
2026-10-01 14:22:01 INFO LEAD new: [Permitted] Westminster/24/05948/ADFULL — Basement To First Floor 43 - 44 New Bond Street London W1S 2
2026-10-01 14:22:01 INFO LEAD new: [Permitted] Westminster/24/05864/ADV — Basement To First Floor 78 - 79 New Bond Street London W1S 1
2026-10-01 14:22:01 INFO LEAD new: [Permitted] Westminster/24/05909/ADLBC — 13 Grosvenor Place London SW1X 7HH
2026-10-01 14:22:01 INFO LEAD new: [Permitted] Westminster/24/05829/OBS — Development Site At 130 Fenchurch Street City Of London Lond
2026-10-01 14:22:01 INFO LEAD new: [Permitted] Westminster/24/05850/ADFULL — 36 Carlton Hill London NW8 0JY
2026-10-01 14:22:01 INFO LEAD new: [Permitted] Westminster/24/05830/OBS — Development Site At 22-24 Southwark Bridge Road Southwark Lo
2026-10-01 14:22:01 INFO LEAD new: [Permitted] Westminster/24/05827/ADV — 169 Victoria Street London SW1E 5NA
2026-10-01 14:22:01 INFO LEAD new: [Permitted] Westminster/24/05786/ADFULL — 204A Great Portland Street London W1W 5NP
2026-10-01 14:22:01 INFO LEAD new: [Permitted] Westminster/24/05773/LBC — Charing Cross Station Strand London WC2N 5HS
2026-10-01 14:22:01 INFO LEAD new: [Permitted] Westminster/24/05778/ADV — French Railways House 177 - 180 Piccadilly London W1J 9EP
2026-10-01 14:22:01 INFO LEAD new: [Permitted] Westminster/24/05811/ADLBC — 8 - 9 Grosvenor Place London SW1X 7SH
2026-10-01 14:22:01 INFO LEAD new: [Permitted] Westminster/24/05748/ADFULL — 26 Jay Mews London SW7 2ER
2026-10-01 14:22:01 INFO LEAD new: [Permitted] Westminster/24/05738/LBC — Flat 4 Third Floor 106 Blandford Street W1U 8AG
2026-10-01 14:22:01 INFO LEAD new: [Permitted] Westminster/24/05759/ADV — 132 Long Acre London WC2E 9AA
2026-10-01 14:22:01 INFO LEAD new: [Permitted] Westminster/24/06022/ADV — Silver House 31 - 35 Beak Street London W1F 9SX
2026-10-01 14:22:01 INFO LEAD new: [Permitted] Westminster/24/05753/ADV — 17 - 21 Tavistock Street London WC2E 7PS
2026-10-01 14:22:01 INFO LEAD new: [Permitted] Westminster/24/05741/AD7 — 34 Sackville Street London W1S 3ED
2026-10-01 14:22:01 INFO LEAD new: [Permitted] Westminster/24/05747/ADV — Marylebone Lane London
2026-10-01 14:22:01 INFO LEAD new: [Permitted] Westminster/24/05746/ADLBC — 26 Jay Mews London SW7 2ER
2026-10-01 14:22:01 INFO LEAD new: [Permitted] Westminster/24/05435/ADFULL — 318 Kilburn Lane London W9 3EF
2026-10-01 14:22:01 INFO LEAD new: [Permitted] Westminster/24/05554/ADLBC — 5 Grosvenor Gardens London SW1W 0BD
2026-10-01 14:22:08 INFO [westminster/Permitted] page at offset 5800: 100 records
2026-10-01 14:22:08 INFO LEAD new: [Permitted] Westminster/24/05072/LBC — 21 Albion Street W2 2AS
2026-10-01 14:22:08 INFO LEAD new: [Permitted] Westminster/24/04991/OBS — Thavies Inn House 3 - 4 Holborn Circus City Of London London
2026-10-01 14:22:08 INFO LEAD new: [Permitted] Westminster/24/04982/ADFULL — 23 Abbey Road NW8 9AU
2026-10-01 14:22:08 INFO LEAD new: [Permitted] Westminster/24/04995/ADV — 334 - 348 Oxford Street London W1C 1JG
2026-10-01 14:22:08 INFO LEAD new: [Permitted] Westminster/24/04990/OBS — Allianz House 60 Gracechurch Street City Of London London EC
2026-10-01 14:22:08 INFO LEAD new: [Permitted] Westminster/24/04795/ADV — 407 Harrow Road London W9 3NF
2026-10-01 14:22:08 INFO LEAD new: [Permitted] Westminster/24/04810/ADV — Ground Floor 582 Harrow Road London W10 4NJ
2026-10-01 14:22:08 INFO LEAD new: [Permitted] Westminster/24/04816/LBC — Basement Floor And Ground Floor 112 Westbourne Grove London 
2026-10-01 14:22:08 INFO LEAD new: [Permitted] Westminster/24/04811/ADV — Ground Floor 596 Harrow Road London W10 4NJ
2026-10-01 14:22:08 INFO LEAD new: [Permitted] Westminster/24/04799/ADV — 411 Harrow Road London W9 3NF
2026-10-01 14:22:08 INFO LEAD new: [Permitted] Westminster/24/04905/ADLBC — 83 Pall Mall London SW1Y 5ES
2026-10-01 14:22:08 INFO LEAD new: [Permitted] Westminster/24/04745/ADFULL — 124 Seymour Place London W1H 1NS
2026-10-01 14:22:08 INFO LEAD new: [Permitted] Westminster/24/04729/ADFULL — 51 - 53 Brick Street London
2026-10-01 14:22:08 INFO LEAD new: [Permitted] Westminster/24/04748/ADFULL — The National Gallery Trafalgar Square London WC2N 5DN
2026-10-01 14:22:08 INFO LEAD new: [Permitted] Westminster/24/04757/ADLBC — 4 Grosvenor Square London W1K 4AE
2026-10-01 14:22:08 INFO LEAD new: [Permitted] Westminster/24/04882/ADLBC — The National Gallery Trafalgar Square London WC2N 5DN
2026-10-01 14:22:08 INFO LEAD new: [Permitted] Westminster/24/04756/LBC — Lancaster House Stable Yard Road London SW1A 1BB
2026-10-01 14:22:08 INFO LEAD new: [Permitted] Westminster/24/04731/ADLBC — 38 Grosvenor Gardens London SW1W 0EB
2026-10-01 14:22:08 INFO LEAD new: [Permitted] Westminster/24/04728/FULL — Ingestre Court Ingestre Place London W1F 0JL
2026-10-01 14:22:08 INFO LEAD new: [Permitted] Westminster/24/04765/ADLBC — 19 Hanover Terrace London NW1 4RJ
2026-10-01 14:22:08 INFO LEAD new: [Permitted] Westminster/24/04754/FULL — 110 Buckingham Palace Road London SW1W 9NE
2026-10-01 14:22:08 INFO LEAD new: [Permitted] Westminster/24/04730/ADFULL — 38 Grosvenor Gardens London SW1W 0EB
2026-10-01 14:22:08 INFO LEAD new: [Permitted] Westminster/24/04733/AD7 — 22 - 23 Old Burlington Street London W1S 2JJ
2026-10-01 14:22:08 INFO LEAD new: [Permitted] Westminster/24/04755/FULL — Lancaster House Stable Yard Road London SW1A 1BB
2026-10-01 14:22:08 INFO LEAD new: [Permitted] Westminster/24/04749/LBC — Flat 1 126 Harley Street London W1G 7JS
2026-10-01 14:22:08 INFO LEAD new: [Permitted] Westminster/24/04699/ADLBC — 52 - 54 Davies Street London W1K 5JF
2026-10-01 14:22:08 INFO LEAD new: [Permitted] Westminster/24/04717/FULL — 95 - 97 Baker Street London W1U 6RN
2026-10-01 14:22:08 INFO LEAD new: [Permitted] Westminster/24/04721/LBC — 4 Burlington Gardens London W1S 3ER
2026-10-01 14:22:08 INFO LEAD new: [Permitted] Westminster/24/04720/FULL — 4 Burlington Gardens London W1S 3ER
2026-10-01 14:22:08 INFO LEAD new: [Permitted] Westminster/24/04711/ADV — 122 Baker Street London W1U 6TX
2026-10-01 14:22:08 INFO LEAD new: [Permitted] Westminster/24/04704/FULL — 9 Mount Row London W1K 3RG
2026-10-01 14:22:08 INFO LEAD new: [Permitted] Westminster/24/04714/LBC — Hanover Lodge Outer Circle Regents Park London NW1 4HB
2026-10-01 14:22:08 INFO LEAD new: [Permitted] Westminster/24/04718/ADFULL — 2 Melina Place London NW8 9SA
2026-10-01 14:22:08 INFO LEAD new: [Permitted] Westminster/24/04701/FULL — 10 - 11 St Martin's Court London WC2N 4AJ
2026-10-01 14:22:08 INFO LEAD new: [Permitted] Westminster/24/04719/ADV — 4 Burlington Gardens London W1S 3ER
2026-10-01 14:22:08 INFO LEAD new: [Permitted] Westminster/24/04702/LBC — Egyptian House 170 - 173 Piccadilly London W1J 9EJ
2026-10-01 14:22:08 INFO LEAD new: [Permitted] Westminster/24/04695/LBC — Fourth Floor 12 - 18 Grosvenor Gardens London SW1W 0DH
2026-10-01 14:22:08 INFO LEAD new: [Permitted] Westminster/24/04684/COLBC — Porchester Centre Porchester Road London W2 5HS
2026-10-01 14:22:08 INFO LEAD new: [Permitted] Westminster/24/04689/NMA — Porchester Court Porchester Gardens London W2 4DF
2026-10-01 14:22:08 INFO LEAD new: [Permitted] Westminster/24/04677/COGADF — Luxborough Towers Luxborough Street London W1U 5BW
2026-10-01 14:22:08 INFO LEAD new: [Permitted] Westminster/24/04644/NMA — 24 Carlton House Terrace London SW1Y 5AP
2026-10-01 14:22:08 INFO LEAD new: [Permitted] Westminster/24/04662/ADLBC — 45 Lexington Street London W1F 9AN
2026-10-01 14:22:08 INFO LEAD new: [Permitted] Westminster/24/04653/ADFULL — 83 Pall Mall London SW1Y 5ES
2026-10-01 14:22:08 INFO LEAD new: [Permitted] Westminster/24/04660/ADFULL — 86 Horseferry Road London SW1P 2EE
2026-10-01 14:22:08 INFO LEAD new: [Permitted] Westminster/24/04649/FULL — 22 Victoria Square London SW1W 0RB
2026-10-01 14:22:08 INFO LEAD new: [Permitted] Westminster/24/04650/LBC — 22 Victoria Square London SW1W 0RB
2026-10-01 14:22:08 INFO LEAD new: [Permitted] Westminster/24/04655/FULL — Lords Cricket Ground St John's Wood Road London NW8 8QZ
2026-10-01 14:22:08 INFO LEAD new: [Permitted] Westminster/24/04663/COGADF — 581 - 587 Harrow Road London W10 4RH
2026-10-01 14:22:08 INFO LEAD new: [Permitted] Westminster/24/04633/ADFULL — 75 Clifton Hill London NW8 0JN
2026-10-01 14:22:08 INFO LEAD new: [Permitted] Westminster/24/04661/ADFULL — The Ritz Hotel 150 - 156 Piccadilly London W1J 9BR
2026-10-01 14:22:08 INFO LEAD new: [Permitted] Westminster/24/04668/ADLBC — The Ritz Hotel 150 - 156 Piccadilly London W1J 9BR
2026-10-01 14:22:08 INFO LEAD new: [Permitted] Westminster/24/04648/FULL — Evesham House Hereford Road London W2 4PD
2026-10-01 14:22:08 INFO LEAD new: [Permitted] Westminster/24/04738/PACU2F — 1 Bessborough Gardens London SW1V 2JQ
2026-10-01 14:22:08 INFO LEAD new: [Permitted] Westminster/24/04671/ADFULL — 9 Mount Row London W1K 3RG
2026-10-01 14:22:08 INFO LEAD new: [Permitted] Westminster/24/04646/FULL — Registry Enquiries 17 Dean's Yard London SW1P 3PB
2026-10-01 14:22:08 INFO LEAD new: [Permitted] Westminster/24/04666/FULL — Basement And Ground Floor 12 - 13 Little Newport Street Lond
2026-10-01 14:22:09 INFO LEAD new: [Permitted] Westminster/24/04651/ADFULL — 83 Pall Mall London SW1Y 5ES
2026-10-01 14:22:09 INFO LEAD new: [Permitted] Westminster/24/04603/ADLBC — Egyptian House 170 - 173 Piccadilly London W1J 9EJ
2026-10-01 14:22:09 INFO LEAD new: [Permitted] Westminster/24/04868/OBS — 12 - 20 Wyvil Road Lambeth London SW8 2TG
2026-10-01 14:22:09 INFO LEAD new: [Permitted] Westminster/24/04629/FULL — Flat 173 Bickenhall Mansions Bickenhall Street London W1U 6B
2026-10-01 14:22:09 INFO LEAD new: [Permitted] Westminster/24/04630/ADV — 7 Picton Place London W1U 1BN
2026-10-01 14:22:09 INFO LEAD new: [Permitted] Westminster/24/04622/ADV — The National Gallery Trafalgar Square London WC2N 5DN
2026-10-01 14:22:09 INFO LEAD new: [Permitted] Westminster/24/04623/LBC — Royal Opera House Covent Garden London WC2E 9DD
2026-10-01 14:22:09 INFO LEAD new: [Permitted] Westminster/24/04604/ADLBC — Egyptian House 170 - 173 Piccadilly London W1J 9EJ
2026-10-01 14:22:09 INFO LEAD new: [Permitted] Westminster/24/04601/ADFULL — 79 Wimpole Street London W1G 9RR
2026-10-01 14:22:09 INFO LEAD new: [Permitted] Westminster/24/04626/ADV — 30 - 31 Golden Square London W1F 9LD
2026-10-01 14:22:09 INFO LEAD new: [Permitted] Westminster/24/04578/ADV — Basement To First Floor 13 - 14 Thayer Street London W1U 3JR
2026-10-01 14:22:09 INFO LEAD new: [Permitted] Westminster/24/04567/FULL — 67 Eaton Place London SW1X 8DF
2026-10-01 14:22:09 INFO LEAD new: [Permitted] Westminster/24/04576/FULL — 18A Maddox Street London W1S 1PH
2026-10-01 14:22:09 INFO LEAD new: [Permitted] Westminster/24/04583/TCH — Sherlock Holmes Public House 10 - 11 Northumberland Street L
2026-10-01 14:22:09 INFO LEAD new: [Permitted] Westminster/24/04574/LBC — 9 Mansfield Street London W1G 9NZ
2026-10-01 14:22:09 INFO LEAD new: [Permitted] Westminster/24/04586/LBC — 215 - 217 Piccadilly London W1J 9HN
2026-10-01 14:22:09 INFO LEAD new: [Permitted] Westminster/24/04566/LBC — 13 Wilton Crescent London SW1X 8RN
2026-10-01 14:22:09 INFO LEAD new: [Permitted] Westminster/24/04575/ADFULL — Carlton Tavern Carlton Vale London NW6 5EU
2026-10-01 14:22:09 INFO LEAD new: [Permitted] Westminster/24/04568/LBC — 67 Eaton Place London SW1X 8DF
2026-10-01 14:22:09 INFO LEAD new: [Permitted] Westminster/24/04560/ADFULL — 8 Westbourne Park Road London W2 5PH
2026-10-01 14:22:09 INFO LEAD new: [Permitted] Westminster/24/04542/ADFULL — Ground Floor Lords Cricket Ground St John's Wood Road London
2026-10-01 14:22:09 INFO LEAD new: [Permitted] Westminster/24/04544/ADFULL — 13 Hill Street London W1J 5LQ
2026-10-01 14:22:09 INFO LEAD new: [Permitted] Westminster/24/04552/LBC — 72 - 74 Lancaster Gate London W2 3NH
2026-10-01 14:22:09 INFO LEAD new: [Permitted] Westminster/24/04502/ADFULL — 43 Eaton Place London SW1X 8BX
2026-10-01 14:22:09 INFO LEAD new: [Permitted] Westminster/24/04489/FULL — 325 Oxford Street London W1C 2HX
2026-10-01 14:22:09 INFO LEAD new: [Permitted] Westminster/24/04486/LBC — 89 Dean Street London W1D 3SU
2026-10-01 14:22:09 INFO LEAD new: [Permitted] Westminster/24/04501/ADLBC — St Mary's Church St Mary's Square London W2 1SE
2026-10-01 14:22:09 INFO LEAD new: [Permitted] Westminster/24/04500/LBC — 29 Cropthorne Court 20 - 28 Maida Vale London W9 1TA
2026-10-01 14:22:09 INFO LEAD new: [Permitted] Westminster/24/04498/LBC — 5 Clifton Hill London NW8 0QE
2026-10-01 14:22:09 INFO LEAD new: [Permitted] Westminster/24/04475/FULL — 4A Pindock Mews London W9 2PY
2026-10-01 14:22:09 INFO LEAD new: [Permitted] Westminster/24/04538/ADLBC — 43 Eaton Place London SW1X 8BX
2026-10-01 14:22:15 INFO [westminster/Permitted] page at offset 5900: 100 records
2026-10-01 14:22:15 INFO LEAD new: [Permitted] Westminster/24/04487/ADFULL — 10 Spring Gardens London SW1A 2BN
2026-10-01 14:22:15 INFO LEAD new: [Permitted] Westminster/24/04497/FULL — 5 Clifton Hill London NW8 0QE
2026-10-01 14:22:15 INFO LEAD new: [Permitted] Westminster/24/04484/ADFULL — 134 Oxford Street London W1D 1LU
2026-10-01 14:22:15 INFO LEAD new: [Permitted] Westminster/24/04540/ADLBC — 25 - 31 Wellington Street London WC2E 7DD
2026-10-01 14:22:15 INFO LEAD new: [Permitted] Westminster/24/04485/LBC — 173 Regent Street London W1B 4JG
2026-10-01 14:22:15 INFO LEAD new: [Permitted] Westminster/24/04476/ADFULL — Paddington Green Police Station 4 Harrow Road London W2 1XJ
2026-10-01 14:22:15 INFO LEAD new: [Permitted] Westminster/24/04483/ADFULL — 25 - 31 Wellington Street London WC2E 7DD
2026-10-01 14:22:15 INFO LEAD new: [Permitted] Westminster/24/04507/ADFULL — 10 Hide Place London SW1P 4NJ
2026-10-01 14:22:15 INFO LEAD new: [Permitted] Westminster/24/04488/ADLBC — Basement Rear And Ground Floor Part And Mezzanine Part And F
2026-10-01 14:22:15 INFO LEAD new: [Permitted] Westminster/24/04490/ADV — 325 Oxford Street London W1C 2HX
2026-10-01 14:22:15 INFO LEAD new: [Permitted] Westminster/24/04478/FULL — Basement And Ground Floor 14 - 16 Great Pulteney Street Lond
2026-10-01 14:22:15 INFO LEAD new: [Permitted] Westminster/24/04471/LBC — Royal Institute Of British Architects 66 Portland Place Lond
2026-10-01 14:22:15 INFO LEAD new: [Permitted] Westminster/24/04678/LBC — 440 Strand London WC2R 0QS
2026-10-01 14:22:15 INFO LEAD new: [Permitted] Westminster/24/04465/ADLBC — 38 Grosvenor Gardens London SW1W 0EB
2026-10-01 14:22:15 INFO LEAD new: [Permitted] Westminster/24/04464/ADV — Christmas Decorations Oxford Street London W1C 2DZ
2026-10-01 14:22:15 INFO LEAD new: [Permitted] Westminster/24/04467/NMA — 12A St Vincent Street London W1U 4DD
2026-10-01 14:22:15 INFO LEAD new: [Permitted] Westminster/24/04463/LBC — 34 Rutland Gate London SW7 1PD
2026-10-01 14:22:15 INFO LEAD new: [Permitted] Westminster/24/04436/LBC — 13 Cropthorne Court 20 - 28 Maida Vale London W9 1TA
2026-10-01 14:22:15 INFO LEAD new: [Permitted] Westminster/24/04430/CLLB — 20 St James's Square London SW1Y 4JH
2026-10-01 14:22:16 INFO LEAD new: [Permitted] Westminster/24/04438/ADV — 20 Regent Street London SW1Y 4PH
2026-10-01 14:22:16 INFO LEAD new: [Permitted] Westminster/24/04448/ADFULL — 19 Hanover Terrace London NW1 4RJ
2026-10-01 14:22:16 INFO LEAD new: [Permitted] Westminster/24/04431/ADFULL — The Punch And Judy 40 The Market Covent Garden London WC2E 8
2026-10-01 14:22:16 INFO LEAD new: [Permitted] Westminster/24/04455/FULL — 54 Springfield Road London NW8 0QN
2026-10-01 14:22:16 INFO LEAD new: [Permitted] Westminster/24/04454/LBC — Flat B 20 Porchester Square London W2 6AN
2026-10-01 14:22:16 INFO LEAD new: [Permitted] Westminster/24/04481/LBC — Buckingham Palace The Mall London SW1A 1AA
2026-10-01 14:22:16 INFO LEAD new: [Permitted] Westminster/24/04433/ADV — 95 Jermyn Street London SW1Y 6JE
2026-10-01 14:22:16 INFO LEAD new: [Permitted] Westminster/24/04435/FULL — 60 St Martin's Lane London WC2N 4JS
2026-10-01 14:22:16 INFO LEAD new: [Permitted] Westminster/24/04434/NMA — Ryder Court 14 Ryder Street London SW1Y 6QB
2026-10-01 14:22:16 INFO LEAD new: [Permitted] Westminster/24/04437/LBC — Unit 32 Main Concourse Victoria Station Terminus Place Londo
2026-10-01 14:22:16 INFO LEAD new: [Permitted] Westminster/24/04410/ADFULL — 8 Wilton Mews London SW1X 7AR
2026-10-01 14:22:16 INFO LEAD new: [Permitted] Westminster/24/04416/ADLBC — 18 Hanover Terrace London NW1 4RJ
2026-10-01 14:22:16 INFO LEAD new: [Permitted] Westminster/24/04415/ADFULL — 18 Hanover Terrace London NW1 4RJ
2026-10-01 14:22:16 INFO LEAD new: [Permitted] Westminster/24/04389/ADV — 10 Irving Street London WC2H 7AT
2026-10-01 14:22:16 INFO LEAD new: [Permitted] Westminster/24/04387/ADV — 1 Cranbourn Street London WC2H 7AJ
2026-10-01 14:22:16 INFO LEAD new: [Permitted] Westminster/24/04352/ADV — 207 Oxford Street London W1D 2LF
2026-10-01 14:22:16 INFO LEAD new: [Permitted] Westminster/24/04294/ADFULL — 10 - 11 Lancaster Gate London W2 3LH
2026-10-01 14:22:16 INFO LEAD new: [Permitted] Westminster/24/04326/FULL — 17 Weymouth Mews London W1G 7EA
2026-10-01 14:22:16 INFO LEAD new: [Permitted] Westminster/24/04336/FULL — Basement And Ground Floor North National House 60 - 66 Wardo
2026-10-01 14:22:16 INFO LEAD new: [Permitted] Westminster/24/04333/FULL — 1 Kingsway London WC2B 6AN
2026-10-01 14:22:16 INFO LEAD new: [Permitted] Westminster/24/04273/ADV — 65 - 72 Strand London WC2N 5LR
2026-10-01 14:22:16 INFO LEAD new: [Permitted] Westminster/24/04267/FULL — Block A 1 - 18 Coburg Buildings Coburg Close London SW1P 1DT
2026-10-01 14:22:16 INFO LEAD new: [Permitted] Westminster/24/04264/ADV — 19 Newman Street London W1T 1PF
2026-10-01 14:22:16 INFO LEAD new: [Permitted] Westminster/24/04241/ADV — 5 - 6 Leicester Square London WC2H 7NA
2026-10-01 14:22:16 INFO LEAD new: [Permitted] Westminster/24/04194/FULL — First Floor Flat 96 Ledbury Road London W11 2AH
2026-10-01 14:22:16 INFO LEAD new: [Permitted] Westminster/24/04159/FULL — 45 - 57 Marylebone Lane London
2026-10-01 14:22:16 INFO LEAD new: [Permitted] Westminster/24/04134/ADV — 57 Jermyn Street London SW1Y 6LX
2026-10-01 14:22:16 INFO LEAD new: [Permitted] Westminster/24/04160/LBC — Basement Front 142 Buckingham Palace Road London SW1W 9TR
2026-10-01 14:22:16 INFO LEAD new: [Permitted] Westminster/24/04092/FULL — Glendore House 30 Clarges Street London W1J 7EG
2026-10-01 14:22:16 INFO LEAD new: [Permitted] Westminster/24/04095/FULL — 2 Shepherd Close London W1K 6EA
2026-10-01 14:22:16 INFO LEAD new: [Permitted] Westminster/24/04076/LBC — 17 - 19 Neal Street London WC2H 9PU
2026-10-01 14:22:16 INFO LEAD new: [Permitted] Westminster/24/03894/ADLBC — 199 Gloucester Place London NW1 6BU
2026-10-01 14:22:16 INFO LEAD new: [Permitted] Westminster/24/03859/ADFULL — Basement And Ground Floor Flat 23 Chepstow Road London W2 5B
2026-10-01 14:22:16 INFO LEAD new: [Permitted] Westminster/24/03891/ADLBC — 197 Gloucester Place London NW1 6BU
2026-10-01 14:22:16 INFO LEAD new: [Permitted] Westminster/24/03860/ADFULL — Basement And Ground Floor Flat 23 Chepstow Road London W2 5B
2026-10-01 14:22:16 INFO LEAD new: [Permitted] Westminster/24/03838/FULL — 20 Leamington Road Villas London W11 1HS
2026-10-01 14:22:16 INFO LEAD new: [Permitted] Westminster/24/03840/FULL — Apollo Victoria 17 - 18 Wilton Road London
2026-10-01 14:22:16 INFO LEAD new: [Permitted] Westminster/24/03841/LBC — Apollo Victoria 17 - 18 Wilton Road London
2026-10-01 14:22:16 INFO LEAD new: [Permitted] Westminster/24/03939/ADLBC — 58 Queen Anne Street London W1G 8HW
2026-10-01 14:22:16 INFO LEAD new: [Permitted] Westminster/24/03988/OBS — Allianz House 60 Gracechurch Street City Of London London EC
2026-10-01 14:22:16 INFO LEAD new: [Permitted] Westminster/24/03845/ADFULL — 10 Carlton House Terrace London SW1Y 5AH
2026-10-01 14:22:16 INFO LEAD new: [Permitted] Westminster/24/03849/ADLBC — Basement And Ground Floor Flat 23 Chepstow Road London W2 5B
2026-10-01 14:22:16 INFO LEAD new: [Permitted] Westminster/24/03850/ADLBC — Basement And Ground Floor Flat 23 Chepstow Road London W2 5B
2026-10-01 14:22:16 INFO LEAD new: [Permitted] Westminster/24/03806/FULL — Basement 22 Lanhill Road London W9 2BS
2026-10-01 14:22:16 INFO LEAD new: [Permitted] Westminster/24/03804/ADFULL — Development Site At 25 - 28 Buckingham Gate London
2026-10-01 14:22:16 INFO LEAD new: [Permitted] Westminster/24/03785/NMA — Blackstone House Churchill Gardens Estate London SW1V 3DT
2026-10-01 14:22:16 INFO LEAD new: [Permitted] Westminster/24/03799/LBC — 16 John Islip Street London SW1P 4JU
2026-10-01 14:22:16 INFO LEAD new: [Permitted] Westminster/24/03899/ADLBC — 62 Carlton Hill London NW8 0ET
2026-10-01 14:22:16 INFO LEAD new: [Permitted] Westminster/24/03801/ADFULL — 62 Carlton Hill London NW8 0ET
2026-10-01 14:22:16 INFO LEAD new: [Permitted] Westminster/24/03792/ADLBC — 19 Motcomb Street London SW1X 8LB
2026-10-01 14:22:16 INFO LEAD new: [Permitted] Westminster/24/03783/LBC — Apartment 4 20 - 22 Eaton Place London SW1X 8AE
2026-10-01 14:22:16 INFO LEAD new: [Permitted] Westminster/24/03790/ADFULL — 3 Strutton Ground London SW1P 2HX
2026-10-01 14:22:16 INFO LEAD new: [Permitted] Westminster/24/03741/LBC — 20 Greville Place London NW6 5JH
2026-10-01 14:22:16 INFO LEAD new: [Permitted] Westminster/24/03765/ADFULL — Basement And Ground Floor 49 South Audley Street London W1K 
2026-10-01 14:22:16 INFO LEAD new: [Permitted] Westminster/24/03770/ADFULL — Basement Part Ground Floor And First To Second Floor Rear 12
2026-10-01 14:22:16 INFO LEAD new: [Permitted] Westminster/24/03771/FULL — Basement And Ground Floor 31 Melcombe Street London NW1 6AG
2026-10-01 14:22:16 INFO LEAD new: [Permitted] Westminster/24/03745/FULL — 56 Poland Street London W1F 7NN
2026-10-01 14:22:17 INFO LEAD new: [Permitted] Westminster/24/03736/FULL — 64 Randolph Avenue London W9 1BE
2026-10-01 14:22:17 INFO LEAD new: [Permitted] Westminster/24/03769/COGADF — Westmead 4 Tavistock Road London W11 1BA
2026-10-01 14:22:17 INFO LEAD new: [Permitted] Westminster/24/03748/FULL — 9 Paddington Street London W1U 5QJ
2026-10-01 14:22:17 INFO LEAD new: [Permitted] Westminster/24/03737/LBC — 64 Randolph Avenue London W9 1BE
2026-10-01 14:22:17 INFO LEAD new: [Permitted] Westminster/24/03749/LBC — 11 New Bond Street London W1S 3SR
2026-10-01 14:22:17 INFO LEAD new: [Permitted] Westminster/24/03740/FULL — 20 Greville Place London NW6 5JH
2026-10-01 14:22:17 INFO LEAD new: [Permitted] Westminster/24/03764/ADV — 18 Carlisle Street London W1D 3BX
2026-10-01 14:22:17 INFO LEAD new: [Permitted] Westminster/24/03821/ADFULL — Lancaster House Stable Yard Road London SW1A 1BB
2026-10-01 14:22:17 INFO LEAD new: [Permitted] Westminster/24/03723/ADFULL — 83 Pall Mall London SW1Y 5ES
2026-10-01 14:22:17 INFO LEAD new: [Permitted] Westminster/24/03728/FULL — 9 - 12 Bow Street London WC2E 7AA
2026-10-01 14:22:17 INFO LEAD new: [Permitted] Westminster/24/03705/FULL — 76 Ashmore Road W9 3DG
2026-10-01 14:22:17 INFO LEAD new: [Permitted] Westminster/24/03727/ADFULL — 127 - 133 Charing Cross Road London WC2H 0EA
2026-10-01 14:22:17 INFO LEAD new: [Permitted] Westminster/24/03699/ADLBC — Lancaster House Stable Yard Road London SW1A 1BB
2026-10-01 14:22:17 INFO LEAD new: [Permitted] Westminster/24/03734/FULL — 4 Chesterfield Hill London W1J 5BL
2026-10-01 14:22:17 INFO LEAD new: [Permitted] Westminster/24/03731/LBC — 54 Chester Square London SW1W 9EA
2026-10-01 14:22:23 INFO [westminster/Permitted] page at offset 6000: 100 records
2026-10-01 14:22:23 INFO LEAD new: [Permitted] Westminster/24/03726/NMA — 127 - 133 Charing Cross Road London WC2H 0EA
2026-10-01 14:22:23 INFO LEAD new: [Permitted] Westminster/24/03715/ADFULL — 1 - 2 Upper Belgrave Street London SW1X 8BD
2026-10-01 14:22:23 INFO LEAD new: [Permitted] Westminster/24/03713/ADFULL — Paddington Sorting & Delivery 31 London Street London W2 1DJ
2026-10-01 14:22:23 INFO LEAD new: [Permitted] Westminster/24/03712/LBC — Dorchester Hotel 53 Park Lane London W1K 1QA
2026-10-01 14:22:23 INFO LEAD new: [Permitted] Westminster/24/03711/FULL — Dorchester Hotel 53 Park Lane London W1K 1QA
2026-10-01 14:22:23 INFO LEAD new: [Permitted] Westminster/24/03685/FULL — 100 Victoria Street London SW1E 5JL
2026-10-01 14:22:23 INFO LEAD new: [Permitted] Westminster/24/03678/ADV — The Lyceum Theatre 17 - 21 Wellington Street London WC2E 7RQ
2026-10-01 14:22:23 INFO LEAD new: [Permitted] Westminster/24/03695/ADFULL — 2C Sunderland Terrace London W2 5PA
2026-10-01 14:22:23 INFO LEAD new: [Permitted] Westminster/24/03670/FULL — Fitzroy House 18 - 20 Grafton Street London W1S 4DZ
2026-10-01 14:22:23 INFO LEAD new: [Permitted] Westminster/24/03682/ADV — Kendal Street London
2026-10-01 14:22:23 INFO LEAD new: [Permitted] Westminster/24/03910/ADV — 45A Old Bond Street London W1S 4QT
2026-10-01 14:22:23 INFO LEAD new: [Permitted] Westminster/24/03680/ADV — Connaught Street London
2026-10-01 14:22:23 INFO LEAD new: [Permitted] Westminster/24/03677/ADLBC — Flat 8 126 Gloucester Terrace London W2 6HP
2026-10-01 14:22:23 INFO LEAD new: [Permitted] Westminster/24/03681/ADFULL — 13 - 15 Rathbone Street London W1T 1NB
2026-10-01 14:22:23 INFO LEAD new: [Permitted] Westminster/24/03644/AD7 — 11 St Christopher's Place London W1U 1NG
2026-10-01 14:22:23 INFO LEAD new: [Permitted] Westminster/24/03662/ADLBC — 70 Eaton Terrace London SW1W 8UA
2026-10-01 14:22:23 INFO LEAD new: [Permitted] Westminster/24/03646/ADLBC — 8 - 9 Grosvenor Place London SW1X 7SH
2026-10-01 14:22:23 INFO LEAD new: [Permitted] Westminster/24/03657/ADLBC — 28 Old Barrack Yard London SW1X 7NP
2026-10-01 14:22:23 INFO LEAD new: [Permitted] Westminster/24/03643/ADLBC — 33 Blenheim Terrace London NW8 0EH
2026-10-01 14:22:23 INFO LEAD new: [Permitted] Westminster/24/03655/ADFULL — 28 Old Barrack Yard London SW1X 7NP
2026-10-01 14:22:23 INFO LEAD new: [Permitted] Westminster/24/03640/ADV — 10 Spring Gardens London SW1A 2BN
2026-10-01 14:22:24 INFO LEAD new: [Permitted] Westminster/24/03647/ADFULL — 100 Victoria Street London SW1E 5JL
2026-10-01 14:22:24 INFO LEAD new: [Permitted] Westminster/24/03636/FULL — Basement 81 Marylands Road London W9 2DS
2026-10-01 14:22:24 INFO LEAD new: [Permitted] Westminster/24/03641/ADFULL — 67 Talbot Road London W2 5JL
2026-10-01 14:22:24 INFO LEAD new: [Permitted] Westminster/24/03645/ADFULL — Temple Station Victoria Embankment London WC2R 2PH
2026-10-01 14:22:24 INFO LEAD new: [Permitted] Westminster/24/03639/ADFULL — 22 Upper Grosvenor Street London W1K 7PE
2026-10-01 14:22:24 INFO LEAD new: [Permitted] Westminster/24/03629/CLOPUD — 38 Ashworth Road W9 1JY
2026-10-01 14:22:24 INFO LEAD new: [Permitted] Westminster/24/03608/ADFULL — Flat 3 8 Park Crescent London W1B 1PG
2026-10-01 14:22:24 INFO LEAD new: [Permitted] Westminster/24/03612/ADFULL — 127 - 133 Charing Cross Road London WC2H 0EA
2026-10-01 14:22:24 INFO LEAD new: [Permitted] Westminster/24/03603/FULL — 55 Queen Anne Street London W1G 9JR
2026-10-01 14:22:24 INFO LEAD new: [Permitted] Westminster/24/03595/LBC — 16 Westbourne Street London W2 2TZ
2026-10-01 14:22:24 INFO LEAD new: [Permitted] Westminster/24/03594/FULL — 16 Westbourne Street London W2 2TZ
2026-10-01 14:22:24 INFO LEAD new: [Permitted] Westminster/24/03585/FULL — 207 Old Marylebone Road London NW1 5QP
2026-10-01 14:22:24 INFO LEAD new: [Permitted] Westminster/24/03577/LBC — 24 Wilton Place London SW1X 8RL
2026-10-01 14:22:24 INFO LEAD new: [Permitted] Westminster/24/03591/FULL — 108 New Bond Street London W1S 1EF
2026-10-01 14:22:24 INFO LEAD new: [Permitted] Westminster/24/03590/CLEUD — 10C Hanover Square London W1S 1JH
2026-10-01 14:22:24 INFO LEAD new: [Permitted] Westminster/24/03582/LBC — Libertys Tudor Building Great Marlborough Street London W1F 
2026-10-01 14:22:24 INFO LEAD new: [Permitted] Westminster/24/03579/LBC — House Of Commons Palace Of Westminster Parliament Square Lon
2026-10-01 14:22:24 INFO LEAD new: [Permitted] Westminster/24/03596/COGADF — Beaumont Buildings Martlett Court London WC2B 5SF
2026-10-01 14:22:24 INFO LEAD new: [Permitted] Westminster/24/03586/LBC — 207 Old Marylebone Road London NW1 5QP
2026-10-01 14:22:24 INFO LEAD new: [Permitted] Westminster/24/03567/ADLBC — 19 Hanover Terrace London NW1 4RJ
2026-10-01 14:22:24 INFO LEAD new: [Permitted] Westminster/24/03550/NMA — 12 Princes Mews London W2 4NX
2026-10-01 14:22:24 INFO LEAD new: [Permitted] Westminster/24/03542/LBC — Basement And Ground Floor 93 Mount Street London W1K 2SY
2026-10-01 14:22:24 INFO LEAD new: [Permitted] Westminster/24/03548/FULL — 106 Clifton Hill London NW8 0JS
2026-10-01 14:22:24 INFO LEAD new: [Permitted] Westminster/24/03566/CLOPUD — 6 Abercorn Place NW8 9XP
2026-10-01 14:22:24 INFO LEAD new: [Permitted] Westminster/24/03664/P3JPA — 14 Great College Street London SW1P 3RX
2026-10-01 14:22:24 INFO LEAD new: [Permitted] Westminster/24/03558/ADFULL — Porchester Court Porchester Gardens London W2 4DF
2026-10-01 14:22:24 INFO LEAD new: [Permitted] Westminster/24/03525/ADFULL — House Of Commons Palace Of Westminster Parliament Square Lon
2026-10-01 14:22:24 INFO LEAD new: [Permitted] Westminster/24/03511/ADFULL — New Bond Street London W1S 1DA
2026-10-01 14:22:24 INFO LEAD new: [Permitted] Westminster/24/03527/FULL — 3 Wilton Row London SW1X 7NR
2026-10-01 14:22:24 INFO LEAD new: [Permitted] Westminster/24/03513/ADFULL — 223A Randolph Avenue London W9 1NL
2026-10-01 14:22:24 INFO LEAD new: [Permitted] Westminster/24/03524/ADFULL — House Of Commons Palace Of Westminster Parliament Square Lon
2026-10-01 14:22:24 INFO LEAD new: [Permitted] Westminster/24/03522/FULL — 3 Wilton Row London SW1X 7NR
2026-10-01 14:22:24 INFO LEAD new: [Permitted] Westminster/24/04190/ADLBC — 160 Buckingham Palace Road London
2026-10-01 14:22:24 INFO LEAD new: [Permitted] Westminster/24/03474/ADV — 48 Regent Street London W1B 5RA
2026-10-01 14:22:24 INFO LEAD new: [Permitted] Westminster/24/03458/ADV — 100 Baker Street London W1U 6TL
2026-10-01 14:22:24 INFO LEAD new: [Permitted] Westminster/24/03486/FULL — 25 Chester Square London SW1W 9HS
2026-10-01 14:22:24 INFO LEAD new: [Permitted] Westminster/24/03487/LBC — 25 Chester Square London SW1W 9HS
2026-10-01 14:22:24 INFO LEAD new: [Permitted] Westminster/24/03399/ADLBC — 55 Great Portland Street London W1W 7LQ
2026-10-01 14:22:24 INFO LEAD new: [Permitted] Westminster/24/03400/FULL — 111 Wardour Street London W1F 0UH
2026-10-01 14:22:24 INFO LEAD new: [Permitted] Westminster/24/03306/NMA — 16 - 21 Sackville Street London W1S 3DN
2026-10-01 14:22:24 INFO LEAD new: [Permitted] Westminster/24/03247/ADV — Prince Alfred Public House 5A Formosa Street London W9 1EE
2026-10-01 14:22:24 INFO LEAD new: [Permitted] Westminster/24/03252/NMA — United Kingdom House 2A Great Titchfield Street London W1W 6
2026-10-01 14:22:24 INFO LEAD new: [Permitted] Westminster/24/03294/ADFULL — 34 Grosvenor Street London W1K 4QU
2026-10-01 14:22:24 INFO LEAD new: [Permitted] Westminster/24/03260/ADFULL — 26 Warwick Avenue London W9 2PT
2026-10-01 14:22:24 INFO LEAD new: [Permitted] Westminster/24/03248/FULL — Sherbourne House 13 Savile Row London W1S 3NE
2026-10-01 14:22:24 INFO LEAD new: [Permitted] Westminster/24/03293/ADLBC — 34 Grosvenor Street London W1K 4QU
2026-10-01 14:22:24 INFO LEAD new: [Permitted] Westminster/24/03249/LBC — Sherbourne House 13 Savile Row London W1S 3NE
2026-10-01 14:22:24 INFO LEAD new: [Permitted] Westminster/24/03227/FULL — 3 Chesham Close London SW1X 8DN
2026-10-01 14:22:24 INFO LEAD new: [Permitted] Westminster/24/03245/ADV — 1 Paddington Square City Of Westminster London W2 1DL
2026-10-01 14:22:24 INFO LEAD new: [Permitted] Westminster/24/03243/AADV — John Lewis 278 - 306 Oxford Street London W1C 1DX
2026-10-01 14:22:24 INFO LEAD new: [Permitted] Westminster/24/03239/ADV — Ground Floor Part United Kingdom House 2A Great Titchfield S
2026-10-01 14:22:24 INFO LEAD new: [Permitted] Westminster/24/03225/ADFULL — Audley Square Garage 5 Audley Square W1K 1DS
2026-10-01 14:22:24 INFO LEAD new: [Permitted] Westminster/24/03244/ADLBC — 17 Lord North Street London SW1P 3LD
2026-10-01 14:22:24 INFO LEAD new: [Permitted] Westminster/24/03223/CLLB — 4 Cropthorne Court 20 - 28 Maida Vale London W9 1TA
2026-10-01 14:22:24 INFO LEAD new: [Permitted] Westminster/24/03236/NMA — Lillian Penson Hall 15 - 25 Talbot Square London W2 1TT
2026-10-01 14:22:24 INFO LEAD new: [Permitted] Westminster/24/03200/FULL — Albany Court 1 Abbey Road NW8 9DE
2026-10-01 14:22:24 INFO LEAD new: [Permitted] Westminster/24/03192/ADFULL — 26 Warwick Avenue London W9 2PT
2026-10-01 14:22:24 INFO LEAD new: [Permitted] Westminster/24/03220/ADV — Ground Floor 40 Eastbourne Terrace London W2 3QR
2026-10-01 14:22:24 INFO LEAD new: [Permitted] Westminster/24/03219/LBC — Banqueting House Whitehall London SW1A 2ER
2026-10-01 14:22:25 INFO LEAD new: [Permitted] Westminster/24/03184/ADFULL — 7 Bentinck Street London W1U 2EH
2026-10-01 14:22:25 INFO LEAD new: [Permitted] Westminster/24/03186/ADLBC — 24 Warwick Avenue London W9 2PT
2026-10-01 14:22:25 INFO LEAD new: [Permitted] Westminster/24/03190/ADLBC — 2 Lupus Street London SW1V 3DY
2026-10-01 14:22:25 INFO LEAD new: [Permitted] Westminster/24/03189/LBC — Maida Vale Station Elgin Avenue London W9 1JS
2026-10-01 14:22:25 INFO LEAD new: [Permitted] Westminster/24/03193/FULL — 5 Clifton Road London W9 1SZ
2026-10-01 14:22:25 INFO LEAD new: [Permitted] Westminster/24/03194/LBC — The Lyceum Theatre 17 - 21 Wellington Street London WC2E 7RQ
2026-10-01 14:22:25 INFO LEAD new: [Permitted] Westminster/24/03182/LBC — Old Admiralty Building Spring Gardens London SW1A 2AH
2026-10-01 14:22:25 INFO LEAD new: [Permitted] Westminster/24/03205/ADFULL — Development Site At Former Whiteleys Centre Queensway London
2026-10-01 14:22:25 INFO LEAD new: [Permitted] Westminster/24/03221/ADLBC — Princess Mary Adelaide House 19 Paddington Green London W2 1
2026-10-01 14:22:25 INFO LEAD new: [Permitted] Westminster/24/03216/ADV — 47 - 48 New Bond Street London W1S 1DJ
2026-10-01 14:22:31 INFO [westminster/Permitted] page at offset 6100: 100 records
2026-10-01 14:22:31 INFO LEAD new: [Permitted] Westminster/24/03187/ADV — 186 Baker Street London NW1 5RU
2026-10-01 14:22:31 INFO LEAD new: [Permitted] Westminster/24/03159/LBC — Flat 5 61 - 62 Eccleston Square London SW1V 1PH
2026-10-01 14:22:31 INFO LEAD new: [Permitted] Westminster/24/03149/LBC — 29 Cropthorne Court 20 - 28 Maida Vale London W9 1TA
2026-10-01 14:22:31 INFO LEAD new: [Permitted] Westminster/24/03179/ADFULL — 25 Blomfield Road London W9 1AA
2026-10-01 14:22:31 INFO LEAD new: [Permitted] Westminster/24/03180/ADFULL — 25 Blomfield Road London W9 1AA
2026-10-01 14:22:31 INFO LEAD new: [Permitted] Westminster/24/03151/ADLBC — 17 Lord North Street London SW1P 3LD
2026-10-01 14:22:31 INFO LEAD new: [Permitted] Westminster/24/03146/ADFULL — 2 Lupus Street London SW1V 3DY
2026-10-01 14:22:31 INFO LEAD new: [Permitted] Westminster/24/03147/ADFULL — 2 Lupus Street London SW1V 3DY
2026-10-01 14:22:31 INFO LEAD new: [Permitted] Westminster/24/03181/FULL — 138 Sutherland Avenue London W9 1HP
2026-10-01 14:22:31 INFO LEAD new: [Permitted] Westminster/24/03150/CLOPUD — Flat 1 24 Queensborough Terrace London W2 3SS
2026-10-01 14:22:31 INFO LEAD new: [Permitted] Westminster/24/03174/LBC — 16 Bourdon Street London W1K 3PH
2026-10-01 14:22:31 INFO LEAD new: [Permitted] Westminster/24/03145/FULL — Flat 4 Welbeck House 62 Welbeck Street London W1G 9XE
2026-10-01 14:22:31 INFO LEAD new: [Permitted] Westminster/24/03202/OBS — 1 Undershaft City Of London London EC3A 8EE
2026-10-01 14:22:31 INFO LEAD new: [Permitted] Westminster/24/03173/ADFULL — 18 Broadwick Street London W1F 8JB
2026-10-01 14:22:31 INFO LEAD new: [Permitted] Westminster/24/03175/LBC — 47 - 48 New Bond Street London W1S 1DJ
2026-10-01 14:22:31 INFO LEAD new: [Permitted] Westminster/24/03169/LBC — Ground Floor 7 Lower Grosvenor Place London SW1W 0EN
2026-10-01 14:22:31 INFO LEAD new: [Permitted] Westminster/24/03170/FULL — Palace Of Westminster St Margaret Street London SW1P 3JX
2026-10-01 14:22:31 INFO LEAD new: [Permitted] Westminster/24/03171/ADFULL — Development Site At 8-10 Grafton Street, 11-14 Grafton Stree
2026-10-01 14:22:31 INFO LEAD new: [Permitted] Westminster/24/03167/ADV — 22 The Market Covent Garden London WC2E 8RD
2026-10-01 14:22:31 INFO LEAD new: [Permitted] Westminster/24/03166/LBC — 22 The Market Covent Garden London WC2E 8RD
2026-10-01 14:22:31 INFO LEAD new: [Permitted] Westminster/24/03165/FULL — 22 The Market Covent Garden London WC2E 8RD
2026-10-01 14:22:31 INFO LEAD new: [Permitted] Westminster/24/03198/ADLBC — 2 Lupus Street London SW1V 3DY
2026-10-01 14:22:31 INFO LEAD new: [Permitted] Westminster/24/03177/ADFULL — 72 Hamilton Terrace London NW8 9UL
2026-10-01 14:22:31 INFO LEAD new: [Permitted] Westminster/24/03158/FULL — Flat 5 61 - 62 Eccleston Square London SW1V 1PH
2026-10-01 14:22:31 INFO LEAD new: [Permitted] Westminster/24/03115/LBC — Basement And Ground Floor 19 Mount Street London W1K 2RN
2026-10-01 14:22:31 INFO LEAD new: [Permitted] Westminster/24/03139/ADLBC — 17 Lord North Street London SW1P 3LD
2026-10-01 14:22:31 INFO LEAD new: [Permitted] Westminster/24/03110/FULL — Ryder Court 14 Ryder Street London SW1Y 6QB
2026-10-01 14:22:31 INFO LEAD new: [Permitted] Westminster/24/03122/ADV — Basement And Ground Floor 19 Mount Street London W1K 2RN
2026-10-01 14:22:31 INFO LEAD new: [Permitted] Westminster/24/03125/NMA — Development Site At Former Berkeley Square House 36 To 38 Be
2026-10-01 14:22:31 INFO LEAD new: [Permitted] Westminster/24/03140/FULL — Ground Floor Flat 68 Gloucester Terrace London W2 3HH
2026-10-01 14:22:31 INFO LEAD new: [Permitted] Westminster/24/03113/FULL — 29 Eccleston Place London SW1W 9NF
2026-10-01 14:22:31 INFO LEAD new: [Permitted] Westminster/24/03141/LBC — Ground Floor Flat 68 Gloucester Terrace London W2 3HH
2026-10-01 14:22:32 INFO LEAD new: [Permitted] Westminster/24/03138/FULL — 41 Cranbourn Street London WC2H 7AN
2026-10-01 14:22:32 INFO LEAD new: [Permitted] Westminster/24/03124/LBC — 38 Elizabeth Street London SW1W 9NZ
2026-10-01 14:22:32 INFO LEAD new: [Permitted] Westminster/24/03121/ADV — 38 Elizabeth Street London SW1W 9NZ
2026-10-01 14:22:32 INFO LEAD new: [Permitted] Westminster/24/03134/ADLBC — 29 Bloomfield Terrace London SW1W 8PQ
2026-10-01 14:22:32 INFO LEAD new: [Permitted] Westminster/24/03104/ADFULL — Meadows House 20 - 22 Queen Street London W1J 5PR
2026-10-01 14:22:32 INFO LEAD new: [Permitted] Westminster/24/03107/ADFULL — The Ritz Hotel 150 - 156 Piccadilly London W1J 9BR
2026-10-01 14:22:32 INFO LEAD new: [Permitted] Westminster/24/03137/ADFULL — 24 Warwick Avenue London W9 2PT
2026-10-01 14:22:32 INFO LEAD new: [Permitted] Westminster/24/03135/ADV — 70 Great Portland Street London W1W 7NL
2026-10-01 14:22:32 INFO LEAD new: [Permitted] Westminster/24/03130/ADLBC — 5 Nottingham Street London W1U 5EH
2026-10-01 14:22:32 INFO LEAD new: [Permitted] Westminster/24/03133/ADLBC — 17 Lord North Street London SW1P 3LD
2026-10-01 14:22:32 INFO LEAD new: [Permitted] Westminster/24/03128/ADFULL — 19 Hanover Terrace London NW1 4RJ
2026-10-01 14:22:32 INFO LEAD new: [Permitted] Westminster/24/03120/FULL — 38 Elizabeth Street London SW1W 9NZ
2026-10-01 14:22:32 INFO LEAD new: [Permitted] Westminster/24/03127/ADFULL — 19 Hanover Terrace London NW1 4RJ
2026-10-01 14:22:32 INFO LEAD new: [Permitted] Westminster/24/03117/ADV — Westar House 139 - 151 Marylebone Road London NW1 5QE
2026-10-01 14:22:32 INFO LEAD new: [Permitted] Westminster/24/03142/FULL — 27 Grove End Road London NW8 9BS
2026-10-01 14:22:32 INFO LEAD new: [Permitted] Westminster/24/03228/ADFULL — 21 Boundary Road London NW8 0JE
2026-10-01 14:22:32 INFO LEAD new: [Permitted] Westminster/24/03103/NMA — Development Site At 285 - 329 Edgware Road London W2 1DH
2026-10-01 14:22:32 INFO LEAD new: [Permitted] Westminster/24/03093/LBC — Noel Coward Theatre 85 - 89 St Martin's Lane London WC2N 4AU
2026-10-01 14:22:32 INFO LEAD new: [Permitted] Westminster/24/03088/NMA — 12 Orme Square London W2 4RS
2026-10-01 14:22:32 INFO LEAD new: [Permitted] Westminster/24/03073/ADV — Quadrant House 55 - 58 Pall Mall London SW1Y 5JH
2026-10-01 14:22:32 INFO LEAD new: [Permitted] Westminster/24/03087/LBC — Flat 5 32 Bryanston Square London W1H 2DU
2026-10-01 14:22:32 INFO LEAD new: [Permitted] Westminster/24/03085/LBC — Niketown 236 Oxford Street London W1C 1DA
2026-10-01 14:22:32 INFO LEAD new: [Permitted] Westminster/24/03086/FULL — Flat 5 32 Bryanston Square London W1H 2DU
2026-10-01 14:22:32 INFO LEAD new: [Permitted] Westminster/24/03091/ADFULL — 5 Nottingham Street London W1U 5EH
2026-10-01 14:22:32 INFO LEAD new: [Permitted] Westminster/24/03090/ADV — Noel Coward Theatre 85 - 89 St Martin's Lane London WC2N 4AU
2026-10-01 14:22:32 INFO LEAD new: [Permitted] Westminster/24/03084/FULL — Niketown 236 Oxford Street London W1C 1DA
2026-10-01 14:22:32 INFO LEAD new: [Permitted] Westminster/24/03079/LBC — Flat 19 Manor House Marylebone Road London NW1 5NP
2026-10-01 14:22:32 INFO LEAD new: [Permitted] Westminster/24/03083/ADFULL — St Mary Magdalene's Primary School Rowington Close London W2
2026-10-01 14:22:32 INFO LEAD new: [Permitted] Westminster/24/03095/FULL — 50 Eresby House Rutland Gate London SW7 1BG
2026-10-01 14:22:32 INFO LEAD new: [Permitted] Westminster/24/03082/CLEUD — 41 Upper Grosvenor Street London W1K 2NH
2026-10-01 14:22:32 INFO LEAD new: [Permitted] Westminster/24/03074/LBC — 100 Baker Street London W1U 6TL
2026-10-01 14:22:32 INFO LEAD new: [Permitted] Westminster/24/03076/ADLBC — The Ritz Hotel 150 - 156 Piccadilly London W1J 9BR
2026-10-01 14:22:32 INFO LEAD new: [Permitted] Westminster/24/03092/FULL — 21 Bruton Street London W1J 6QD
2026-10-01 14:22:32 INFO LEAD new: [Permitted] Westminster/24/03052/CLEUD — 39 Kildare Terrace London W2 5JT
2026-10-01 14:22:32 INFO LEAD new: [Permitted] Westminster/24/03069/LBC — 18 Howley Place London W2 1XA
2026-10-01 14:22:32 INFO LEAD new: [Permitted] Westminster/24/03064/ADV — 43 - 44 New Bond Street London W1S 2SG
2026-10-01 14:22:32 INFO LEAD new: [Permitted] Westminster/24/03049/ADV — St Martin's Lane London
2026-10-01 14:22:32 INFO LEAD new: [Permitted] Westminster/24/03068/FULL — 18 Howley Place London W2 1XA
2026-10-01 14:22:32 INFO LEAD new: [Permitted] Westminster/24/03027/ADV — Regent Street London
2026-10-01 14:22:32 INFO LEAD new: [Permitted] Westminster/24/03032/LBC — Flat 23 Mulready House Marsham Street London SW1P 4JL
2026-10-01 14:22:32 INFO LEAD new: [Permitted] Westminster/24/03035/LBC — 17A Warwick Avenue London W9 2PS
2026-10-01 14:22:32 INFO LEAD new: [Permitted] Westminster/24/03016/ADFULL — Development Site Bound By Brook Street, Davies Street And So
2026-10-01 14:22:32 INFO LEAD new: [Permitted] Westminster/24/03033/LBC — 36 Wigmore Street London W1U 2BP
2026-10-01 14:22:32 INFO LEAD new: [Permitted] Westminster/24/03024/ADV — Ground Floor 17A Curzon Street London W1J 5HX
2026-10-01 14:22:32 INFO LEAD new: [Permitted] Westminster/24/03025/ADV — 57 St Martin's Lane London WC2N 4EA
2026-10-01 14:22:32 INFO LEAD new: [Permitted] Westminster/24/03036/ADFULL — 82A Shirland Road London W9 2EQ
2026-10-01 14:22:32 INFO LEAD new: [Permitted] Westminster/24/03017/FULL — The Point 37 North Wharf Road London W2 1LA
2026-10-01 14:22:32 INFO LEAD new: [Permitted] Westminster/24/03026/FULL — 3 Maunsel Street London SW1P 2QL
2026-10-01 14:22:32 INFO LEAD new: [Permitted] Westminster/24/03020/ADV — 83 - 85 Regent Street London W1B 4EN
2026-10-01 14:22:32 INFO LEAD new: [Permitted] Westminster/24/03015/ADFULL — 256 Ashmore Road W9 3DD
2026-10-01 14:22:32 INFO LEAD new: [Permitted] Westminster/24/03005/LBC — 10A Westbourne Terrace Road London W2 6NG
2026-10-01 14:22:32 INFO LEAD new: [Permitted] Westminster/24/03004/FULL — 10A Westbourne Terrace Road London W2 6NG
2026-10-01 14:22:32 INFO LEAD new: [Permitted] Westminster/24/03013/LBC — Public Information Office 1 Derby Gate London SW1A 2DG
2026-10-01 14:22:32 INFO LEAD new: [Permitted] Westminster/24/02989/LBC — London District Horse Guards Whitehall London SW1A 2AX
2026-10-01 14:22:32 INFO LEAD new: [Permitted] Westminster/24/02984/LBC — London District Horse Guards Whitehall London SW1A 2AX
2026-10-01 14:22:32 INFO LEAD new: [Permitted] Westminster/24/02939/AD7 — Basement And Ground Floor 97 Westbourne Grove London W2 4UW
2026-10-01 14:22:39 INFO [westminster/Permitted] page at offset 6200: 100 records
2026-10-01 14:22:39 INFO LEAD new: [Permitted] Westminster/24/02950/FULL — 68 - 70 Gloucester Gardens London W2 6BN
2026-10-01 14:22:39 INFO LEAD new: [Permitted] Westminster/24/02955/ADV — 43 - 44 New Bond Street London W1S 2SG
2026-10-01 14:22:39 INFO LEAD new: [Permitted] Westminster/24/02954/ADFULL — 25 - 31 Wellington Street London WC2E 7DD
2026-10-01 14:22:39 INFO LEAD new: [Permitted] Westminster/24/02953/LBC — Flat 1 50 Hallam Street London W1W 6DE
2026-10-01 14:22:39 INFO LEAD new: [Permitted] Westminster/24/02943/ADV — 12 Great George Street London SW1P 3AE
2026-10-01 14:22:39 INFO LEAD new: [Permitted] Westminster/24/02942/ADV — Woodstock House 10 - 12 James Street Marylebone London W1U 1
2026-10-01 14:22:39 INFO LEAD new: [Permitted] Westminster/24/02964/LBC — 2 Wallenberg Place City Of Westminster London W1H 7TN
2026-10-01 14:22:39 INFO LEAD new: [Permitted] Westminster/24/02963/FULL — 2 Wallenberg Place City Of Westminster London W1H 7TN
2026-10-01 14:22:39 INFO LEAD new: [Permitted] Westminster/24/02940/FULL — 15 Craven Street London WC2N 5PB
2026-10-01 14:22:39 INFO LEAD new: [Permitted] Westminster/24/02960/FULL — 107 Ebury Street London SW1W 9QU
2026-10-01 14:22:39 INFO LEAD new: [Permitted] Westminster/24/02941/LBC — 15 Craven Street London WC2N 5PB
2026-10-01 14:22:39 INFO LEAD new: [Permitted] Westminster/24/02958/ADLBC — Old War Office Whitehall London SW1A 2BX
2026-10-01 14:22:39 INFO LEAD new: [Permitted] Westminster/24/02961/LBC — 107 Ebury Street London SW1W 9QU
2026-10-01 14:22:39 INFO LEAD new: [Permitted] Westminster/24/02962/ADLBC — The Victoria Tower Gardens Millbank London SW1P 3YB
2026-10-01 14:22:39 INFO LEAD new: [Permitted] Westminster/24/02959/ADV — 149 New Bond Street London W1S 2TT
2026-10-01 14:22:39 INFO LEAD new: [Permitted] Westminster/24/02935/FULL — 38 Ashworth Road W9 1JY
2026-10-01 14:22:39 INFO LEAD new: [Permitted] Westminster/24/02924/FULL — Newton Medical Centre 14 Newton Road London W2 5LT
2026-10-01 14:22:39 INFO LEAD new: [Permitted] Westminster/24/02917/LBC — 35 Warwick Avenue London W9 2PR
2026-10-01 14:22:39 INFO LEAD new: [Permitted] Westminster/24/02915/ADV — Basement And Ground Floor 35 Marylebone High Street London W
2026-10-01 14:22:39 INFO LEAD new: [Permitted] Westminster/24/02919/FULL — 13 Grosvenor Place London SW1X 7HH
2026-10-01 14:22:39 INFO LEAD new: [Permitted] Westminster/24/02926/ADV — 166 - 172 Queensway London W2 6LY
2026-10-01 14:22:39 INFO LEAD new: [Permitted] Westminster/24/02925/FULL — 166 - 172 Queensway London W2 6LY
2026-10-01 14:22:39 INFO LEAD new: [Permitted] Westminster/24/02909/FULL — Basement And Ground Floor 11 - 12 Hanover Street London W1S 
2026-10-01 14:22:39 INFO LEAD new: [Permitted] Westminster/24/02907/FULL — Ground Floor 10 Grosvenor Street London W1K 4QB
2026-10-01 14:22:39 INFO LEAD new: [Permitted] Westminster/24/02908/ADV — Ground Floor 10 Grosvenor Street London W1K 4QB
2026-10-01 14:22:39 INFO LEAD new: [Permitted] Westminster/24/02933/LBC — 9 Halkin Street London SW1X 7DR
2026-10-01 14:22:39 INFO LEAD new: [Permitted] Westminster/24/02916/ADLBC — 8 - 9 Grosvenor Place London SW1X 7SH
2026-10-01 14:22:39 INFO LEAD new: [Permitted] Westminster/24/02932/FULL — 9 Halkin Street London SW1X 7DR
2026-10-01 14:22:39 INFO LEAD new: [Permitted] Westminster/24/02923/ADFULL — 20 Carlton House Terrace London SW1Y 5AN
2026-10-01 14:22:39 INFO LEAD new: [Permitted] Westminster/24/02888/ADFULL — 14 Berkeley Mews London W1H 7AX
2026-10-01 14:22:39 INFO LEAD new: [Permitted] Westminster/24/02894/ADFULL — 52 Westbourne Park Road London W2 5PH
2026-10-01 14:22:39 INFO LEAD new: [Permitted] Westminster/24/02884/ADV — 23 - 24 Great Marlborough Street London W1F 7HU
2026-10-01 14:22:39 INFO LEAD new: [Permitted] Westminster/24/02903/ADFULL — Claridge House 32 Davies Street London W1K 4ND
2026-10-01 14:22:39 INFO LEAD new: [Permitted] Westminster/24/02881/ADLBC — Top Floor 63 Balcombe Street London NW1 6HD
2026-10-01 14:22:39 INFO LEAD new: [Permitted] Westminster/24/02882/FULL — Marylebone Road London
2026-10-01 14:22:39 INFO LEAD new: [Permitted] Westminster/24/02898/NMA — 8 Wimpole Street London W1G 9SP
2026-10-01 14:22:39 INFO LEAD new: [Permitted] Westminster/24/02900/ADV — Ground Floor 82 Dean Street London W1D 3SP
2026-10-01 14:22:39 INFO LEAD new: [Permitted] Westminster/24/03241/ADV — The Platinum Medical Centre 15 - 17 Lodge Road London NW8 7J
2026-10-01 14:22:39 INFO LEAD new: [Permitted] Westminster/24/02833/NMA — 13 - 19 Circus Road London NW8 6PB
2026-10-01 14:22:40 INFO LEAD new: [Permitted] Westminster/24/02835/LBC — 53 Warwick Avenue London W9 2PR
2026-10-01 14:22:40 INFO LEAD new: [Permitted] Westminster/24/02857/FULL — Royal Courts Of Justice Strand London WC2A 2LL
2026-10-01 14:22:40 INFO LEAD new: [Permitted] Westminster/24/02830/FULL — 1 Knightsbridge London SW1X 7LX
2026-10-01 14:22:40 INFO LEAD new: [Permitted] Westminster/24/02849/CLOPUD — 27 Grove End Road London NW8 9BS
2026-10-01 14:22:40 INFO LEAD new: [Permitted] Westminster/24/02829/FULL — 10 Ennismore Mews London SW7 1AN
2026-10-01 14:22:40 INFO LEAD new: [Permitted] Westminster/24/02841/FULL — 1 - 2 Upper Belgrave Street London SW1X 8BD
2026-10-01 14:22:40 INFO LEAD new: [Permitted] Westminster/24/02872/ADFULL — 20 Newcourt Street London NW8 7AA
2026-10-01 14:22:40 INFO LEAD new: [Permitted] Westminster/24/02873/ADLBC — 8 Carlos Place London W1K 3AW
2026-10-01 14:22:40 INFO LEAD new: [Permitted] Westminster/24/02839/ADFULL — Banqueting House Whitehall London SW1A 2ER
2026-10-01 14:22:40 INFO LEAD new: [Permitted] Westminster/24/02832/FULL — 18 - 20 Huntsworth Mews London NW1 6DD
2026-10-01 14:22:40 INFO LEAD new: [Permitted] Westminster/24/02871/ADV — 8 The Market Covent Garden London WC2E 8RB
2026-10-01 14:22:40 INFO LEAD new: [Permitted] Westminster/24/02866/LBC — The Ritz Hotel 150 - 156 Piccadilly London W1J 9BR
2026-10-01 14:22:40 INFO LEAD new: [Permitted] Westminster/24/02831/LBC — 45 Warwick Avenue London W9 2PR
2026-10-01 14:22:40 INFO LEAD new: [Permitted] Westminster/24/02844/FULL — Flat 1 21 Craven Hill London W2 3EN
2026-10-01 14:22:40 INFO LEAD new: [Permitted] Westminster/24/02834/LBC — 22 Grosvenor Gardens London SW1W 0DH
2026-10-01 14:22:40 INFO LEAD new: [Permitted] Westminster/24/02845/LBC — Flat 1 21 Craven Hill London W2 3EN
2026-10-01 14:22:40 INFO LEAD new: [Permitted] Westminster/24/02863/FULL — 123 Buckingham Palace Road London SW1W 9SL
2026-10-01 14:22:40 INFO LEAD new: [Permitted] Westminster/24/02868/AD7 — 20 Seymour Place London W1H 7NH
2026-10-01 14:22:40 INFO LEAD new: [Permitted] Westminster/24/02848/ADV — Development Site At Former Car Park Cramer Street London
2026-10-01 14:22:40 INFO LEAD new: [Permitted] Westminster/24/02869/LBC — 23 - 24 Great Marlborough Street London W1F 7HU
2026-10-01 14:22:40 INFO LEAD new: [Permitted] Westminster/24/02867/ADFULL — The Ritz Hotel 150 - 156 Piccadilly London W1J 9BR
2026-10-01 14:22:40 INFO LEAD new: [Permitted] Westminster/24/02865/FULL — The Ritz Hotel 150 - 156 Piccadilly London W1J 9BR
2026-10-01 14:22:40 INFO LEAD new: [Permitted] Westminster/24/02861/CLOPUD — York Mansions Chiltern Street London W1U 5AL
2026-10-01 14:22:40 INFO LEAD new: [Permitted] Westminster/24/02840/NMA — Claridge House 32 Davies Street London W1K 4ND
2026-10-01 14:22:40 INFO LEAD new: [Permitted] Westminster/24/02852/FULL — 3 Eliot Mews London NW8 9ED
2026-10-01 14:22:40 INFO LEAD new: [Permitted] Westminster/24/02911/ADLBC — Banqueting House Whitehall London SW1A 2ER
2026-10-01 14:22:40 INFO LEAD new: [Permitted] Westminster/24/02850/LBC — 59 Warwick Avenue London W9 2PR
2026-10-01 14:22:40 INFO LEAD new: [Permitted] Westminster/24/02846/ADFULL — 49 Villiers Street London WC2N 6NE
2026-10-01 14:22:40 INFO LEAD new: [Permitted] Westminster/24/02842/LBC — 1 - 2 Upper Belgrave Street London SW1X 8BD
2026-10-01 14:22:40 INFO LEAD new: [Permitted] Westminster/24/02803/AADV — Marble Arch At Marble Arch London W1H 7DX
2026-10-01 14:22:40 INFO LEAD new: [Permitted] Westminster/24/02814/ADLBC — Flat 2 21 - 22 Westbourne Street London W2 2TZ
2026-10-01 14:22:40 INFO LEAD new: [Permitted] Westminster/24/02821/ADLBC — 16 Charles Street London W1J 5DR
2026-10-01 14:22:40 INFO LEAD new: [Permitted] Westminster/24/02817/FULL — 150 - 162 Edgware Road London W2 2DT
2026-10-01 14:22:40 INFO LEAD new: [Permitted] Westminster/24/02818/ADV — 150 - 162 Edgware Road London W2 2DT
2026-10-01 14:22:40 INFO LEAD new: [Permitted] Westminster/24/02820/ADV — 70 Brompton Road London SW3 1ER
2026-10-01 14:22:40 INFO LEAD new: [Permitted] Westminster/24/02816/ADFULL — Flat 5 54 Queen's Gardens Bayswater London W2 3AF
2026-10-01 14:22:40 INFO LEAD new: [Permitted] Westminster/24/02827/FULL — 22A Lydford Road London W9 3LU
2026-10-01 14:22:40 INFO LEAD new: [Permitted] Westminster/24/02811/LBC — 26 Wellington Road London NW8 9SP
2026-10-01 14:22:40 INFO LEAD new: [Permitted] Westminster/24/02823/LBC — 13 Grosvenor Place London SW1X 7HH
2026-10-01 14:22:40 INFO LEAD new: [Permitted] Westminster/24/02804/LBC — Flat 21 31 Inverness Terrace London W2 3JR
2026-10-01 14:22:40 INFO LEAD new: [Permitted] Westminster/24/02799/ADLBC — 197 Gloucester Place London NW1 6BU
2026-10-01 14:22:40 INFO LEAD new: [Permitted] Westminster/24/02798/ADLBC — 199 Gloucester Place London NW1 6BU
2026-10-01 14:22:40 INFO LEAD new: [Permitted] Westminster/24/02797/ADFULL — 199 Gloucester Place London NW1 6BU
2026-10-01 14:22:40 INFO LEAD new: [Permitted] Westminster/24/02796/ADFULL — 197 Gloucester Place London NW1 6BU
2026-10-01 14:22:40 INFO LEAD new: [Permitted] Westminster/24/02795/ADLBC — 195 Gloucester Place London NW1 6BU
2026-10-01 14:22:40 INFO LEAD new: [Permitted] Westminster/24/02794/ADLBC — 193 Gloucester Place London NW1 6BU
2026-10-01 14:22:40 INFO LEAD new: [Permitted] Westminster/24/02793/ADFULL — 193 Gloucester Place London NW1 6BU
2026-10-01 14:22:40 INFO LEAD new: [Permitted] Westminster/24/02792/ADLBC — 191 Gloucester Place London NW1 6BU
2026-10-01 14:22:40 INFO LEAD new: [Permitted] Westminster/24/02791/ADFULL — 191 Gloucester Place London NW1 6BU
2026-10-01 14:22:40 INFO LEAD new: [Permitted] Westminster/24/02778/FULL — Basement And Ground Floor Maisonette 133 Randolph Avenue Lon
2026-10-01 14:22:40 INFO LEAD new: [Permitted] Westminster/24/02780/FULL — 32 Old Queen Street London SW1H 9HP
2026-10-01 14:22:40 INFO LEAD new: [Permitted] Westminster/24/02781/LBC — 32 Old Queen Street London SW1H 9HP
2026-10-01 14:22:40 INFO LEAD new: [Permitted] Westminster/24/02775/LBC — 1 Dean Trench Street London SW1P 3HB
2026-10-01 14:22:40 INFO LEAD new: [Permitted] Westminster/24/02746/TCH — 65 Westbourne Grove London W2 4UJ
2026-10-01 14:22:40 INFO LEAD new: [Permitted] Westminster/24/02739/FULL — 2 Spanish Place London W1U 3HF
2026-10-01 14:22:40 INFO LEAD new: [Permitted] Westminster/24/02769/LBC — Dorchester Hotel 53 Park Lane London W1K 1QA
2026-10-01 14:22:40 INFO LEAD new: [Permitted] Westminster/24/02768/FULL — Dorchester Hotel 53 Park Lane London W1K 1QA
2026-10-01 14:22:47 INFO [westminster/Permitted] page at offset 6300: 100 records
2026-10-01 14:22:47 INFO LEAD new: [Permitted] Westminster/24/02761/LBC — 52 - 53 Burlington Arcade London W1J 0QL
2026-10-01 14:22:47 INFO LEAD new: [Permitted] Westminster/24/02760/LBC — 52 - 53 Burlington Arcade London W1J 0QL
2026-10-01 14:22:47 INFO LEAD new: [Permitted] Westminster/24/02740/LBC — 2 Spanish Place London W1U 3HF
2026-10-01 14:22:47 INFO LEAD new: [Permitted] Westminster/24/02745/FULL — Basement And Ground Floor 52 Leamington Road Villas London W
2026-10-01 14:22:47 INFO LEAD new: [Permitted] Westminster/24/02742/ADFULL — 204A Great Portland Street London W1W 5NP
2026-10-01 14:22:47 INFO LEAD new: [Permitted] Westminster/24/02731/ADFULL — 134 Oxford Street London W1D 1LU
2026-10-01 14:22:47 INFO LEAD new: [Permitted] Westminster/24/02748/FULL — Basement And Ground Floor 52 Leamington Road Villas London W
2026-10-01 14:22:47 INFO LEAD new: [Permitted] Westminster/24/02765/LBC — Crown Equerrys House The Royal Mews London SW1W 0QH
2026-10-01 14:22:47 INFO LEAD new: [Permitted] Westminster/24/02734/ADFULL — New Zealand House 80 Haymarket London SW1Y 4TE
2026-10-01 14:22:47 INFO LEAD new: [Permitted] Westminster/24/02773/ADV — 17 Whitcomb Street London WC2H 7HA
2026-10-01 14:22:47 INFO LEAD new: [Permitted] Westminster/24/02737/ADFULL — Site At 94 Piccadilly, 95 Piccadilly, 12 White Horse Street,
2026-10-01 14:22:47 INFO LEAD new: [Permitted] Westminster/24/02736/ADLBC — Site At 94 Piccadilly, 95 Piccadilly, 12 White Horse Street,
2026-10-01 14:22:47 INFO LEAD new: [Permitted] Westminster/24/02752/ADV — 51 - 52 South Audley Street London W1K 2QF
2026-10-01 14:22:47 INFO LEAD new: [Permitted] Westminster/24/02772/COLBC — Westminster City Council Public Mortuary 1 Regency Place Lon
2026-10-01 14:22:47 INFO LEAD new: [Permitted] Westminster/24/02771/COFUL — Westminster City Council Public Mortuary 1 Regency Place Lon
2026-10-01 14:22:47 INFO LEAD new: [Permitted] Westminster/24/02764/ADLBC — Flat 5 54 Queen's Gardens Bayswater London W2 3AF
2026-10-01 14:22:47 INFO LEAD new: [Permitted] Westminster/24/02801/ADLBC — First Floor 12 Welbeck Street London W1G 9XF
2026-10-01 14:22:47 INFO LEAD new: [Permitted] Westminster/24/02767/NMA — 72 Grove End Road London NW8 9ND
2026-10-01 14:22:47 INFO LEAD new: [Permitted] Westminster/24/02733/NMA — 7 - 9 Botts Mews London W2 5AG
2026-10-01 14:22:47 INFO LEAD new: [Permitted] Westminster/24/02743/FULL — 73 - 75 Strand London WC2R 0DE
2026-10-01 14:22:47 INFO LEAD new: [Permitted] Westminster/24/02754/ADFULL — 19 Hanover Terrace London NW1 4RJ
2026-10-01 14:22:47 INFO LEAD new: [Permitted] Westminster/24/02753/ADFULL — 19 Hanover Terrace London NW1 4RJ
2026-10-01 14:22:47 INFO LEAD new: [Permitted] Westminster/24/02710/LBC — Francis Holland School 39 Ivor Place London NW1 6XR
2026-10-01 14:22:47 INFO LEAD new: [Permitted] Westminster/24/02712/ADFULL — 16 Stanhope Row London W1J 7BT
2026-10-01 14:22:47 INFO LEAD new: [Permitted] Westminster/24/02723/ADFULL — 22 Hanover Square London W1S 1JP
2026-10-01 14:22:47 INFO LEAD new: [Permitted] Westminster/24/02709/FULL — Basement 125 Sutherland Avenue London W9 2QJ
2026-10-01 14:22:47 INFO LEAD new: [Permitted] Westminster/24/02711/NMA — Morris House 1 Jermyn Street London SW1Y 4UH
2026-10-01 14:22:47 INFO LEAD new: [Permitted] Westminster/24/02722/FULL — 10 New Quebec Street London W1H 7RN
2026-10-01 14:22:47 INFO LEAD new: [Permitted] Westminster/24/02703/LBC — 70 Clifton Hill London NW8 0JT
2026-10-01 14:22:47 INFO LEAD new: [Permitted] Westminster/24/02683/FULL — Flat B 138 - 140 Shirland Road London W9 2BT
2026-10-01 14:22:47 INFO LEAD new: [Permitted] Westminster/24/02682/ADV — 96 Victoria Street London SW1E 5JL
2026-10-01 14:22:47 INFO LEAD new: [Permitted] Westminster/24/02678/FULL — 74 Shirland Road London W9 2EH
2026-10-01 14:22:47 INFO LEAD new: [Permitted] Westminster/24/02704/FULL — 31 Shirland Mews London W9 3DY
2026-10-01 14:22:47 INFO LEAD new: [Permitted] Westminster/24/02681/ADFULL — 30 Lower Belgrave Street London SW1W 0LN
2026-10-01 14:22:47 INFO LEAD new: [Permitted] Westminster/24/02665/CLOPUD — 20 Marlborough Place London NW8 0PA
2026-10-01 14:22:47 INFO LEAD new: [Permitted] Westminster/24/02702/FULL — 70 Clifton Hill London NW8 0JT
2026-10-01 14:22:47 INFO LEAD new: [Permitted] Westminster/24/02677/FULL — 33 Shirland Road London W9 2JD
2026-10-01 14:22:47 INFO LEAD new: [Permitted] Westminster/24/02675/LBC — Flat C 4 Cleveland Square London W2 6DH
2026-10-01 14:22:47 INFO LEAD new: [Permitted] Westminster/24/02674/FULL — Flat C 4 Cleveland Square London W2 6DH
2026-10-01 14:22:47 INFO LEAD new: [Permitted] Westminster/24/02692/LBC — 2 Spanish Place London W1U 3HF
2026-10-01 14:22:47 INFO LEAD new: [Permitted] Westminster/24/02691/FULL — 2 Spanish Place London W1U 3HF
2026-10-01 14:22:47 INFO LEAD new: [Permitted] Westminster/24/02667/FULL — 57 Pimlico Road London SW1W 8NE
2026-10-01 14:22:47 INFO LEAD new: [Permitted] Westminster/24/02679/FULL — 175 Shirland Road London W9 2EU
2026-10-01 14:22:47 INFO LEAD new: [Permitted] Westminster/24/02651/ADV — Basement And Ground Floor 168 - 170 Randolph Avenue London W
2026-10-01 14:22:47 INFO LEAD new: [Permitted] Westminster/24/02785/CLLB — Palace Of Westminster St Margaret Street London SW1P 3JX
2026-10-01 14:22:48 INFO LEAD new: [Permitted] Westminster/24/02658/FULL — 31 Grove End Road London NW8 9LY
2026-10-01 14:22:48 INFO LEAD new: [Permitted] Westminster/24/02654/ADFULL — Basement And Ground Floor 11 - 12 Pall Mall London SW1Y 5LU
2026-10-01 14:22:48 INFO LEAD new: [Permitted] Westminster/24/02653/ADFULL — West End House 91 - 92 Dean Street London W1D 3SY
2026-10-01 14:22:48 INFO LEAD new: [Permitted] Westminster/24/02655/ADFULL — 25 Hanover Square London W1S 1JF
2026-10-01 14:22:48 INFO LEAD new: [Permitted] Westminster/24/02652/ADFULL — 21 Bruton Place London W1J 6QR
2026-10-01 14:22:48 INFO LEAD new: [Permitted] Westminster/24/02638/ADFULL — St Johns Church St John's Wood High Street London NW8 7NJ
2026-10-01 14:22:48 INFO LEAD new: [Permitted] Westminster/24/02650/FULL — Basement And Ground Floor 168 - 170 Randolph Avenue London W
2026-10-01 14:22:48 INFO LEAD new: [Permitted] Westminster/24/02670/ADLBC — Basement And Ground Floor 11 - 12 Pall Mall London SW1Y 5LU
2026-10-01 14:22:48 INFO LEAD new: [Permitted] Westminster/24/02616/ADV — 25 - 27 Heddon Street London W1B 4BH
2026-10-01 14:22:48 INFO LEAD new: [Permitted] Westminster/24/02627/FULL — Flat 14 Montagu Court 27 - 29 Montagu Square London W1H 2LG
2026-10-01 14:22:48 INFO LEAD new: [Permitted] Westminster/24/02611/ADLBC — 19 Hanover Terrace London NW1 4RJ
2026-10-01 14:22:48 INFO LEAD new: [Permitted] Westminster/24/02603/FULL — 18 - 22 Queen Anne Street London W1G 8HU
2026-10-01 14:22:48 INFO LEAD new: [Permitted] Westminster/24/02602/FULL — 34 Knightsbridge London SW1X 7JN
2026-10-01 14:22:48 INFO LEAD new: [Permitted] Westminster/24/02607/FULL — 14 St John's Wood Park London NW8 6QP
2026-10-01 14:22:48 INFO LEAD new: [Permitted] Westminster/24/02609/ADLBC — 19 Hanover Terrace London NW1 4RJ
2026-10-01 14:22:48 INFO LEAD new: [Permitted] Westminster/24/02608/NMA — Hotelpacc House 40 - 46 Headfort Place London SW1X 7DH
2026-10-01 14:22:48 INFO LEAD new: [Permitted] Westminster/24/02594/LBC — Flat 1 76 Kensington Gardens Square London W2 4DJ
2026-10-01 14:22:48 INFO LEAD new: [Permitted] Westminster/24/02593/FULL — Flat 1 76 Kensington Gardens Square London W2 4DJ
2026-10-01 14:22:48 INFO LEAD new: [Permitted] Westminster/24/02571/ADV — 170 Westbourne Grove London W11 2RW
2026-10-01 14:22:48 INFO LEAD new: [Permitted] Westminster/24/02566/ADFULL — 72 Chester Square London SW1W 9DU
2026-10-01 14:22:48 INFO LEAD new: [Permitted] Westminster/24/02579/LBC — 24 South Molton Street London W1K 5RE
2026-10-01 14:22:48 INFO LEAD new: [Permitted] Westminster/24/02584/FULL — 16 Kildare Terrace London W2 5LX
2026-10-01 14:22:48 INFO LEAD new: [Permitted] Westminster/24/02567/ADLBC — 72 Chester Square London SW1W 9DU
2026-10-01 14:22:48 INFO LEAD new: [Permitted] Westminster/24/02557/FULL — 9 Mercer Street London WC2H 9QJ
2026-10-01 14:22:48 INFO LEAD new: [Permitted] Westminster/24/02559/ADLBC — 107 Eaton Square London SW1W 9AA
2026-10-01 14:22:48 INFO LEAD new: [Permitted] Westminster/24/02577/LBC — 10 South Molton Street London W1K 5QJ
2026-10-01 14:22:48 INFO LEAD new: [Permitted] Westminster/24/02564/ADLBC — Site At 1 - 15 Portsea Mews London W2 2BN
2026-10-01 14:22:48 INFO LEAD new: [Permitted] Westminster/24/02575/FULL — 14 Clarendon Mews London W2 2NR
2026-10-01 14:22:48 INFO LEAD new: [Permitted] Westminster/24/02565/LBC — 40 Gloucester Gardens London W2 6BN
2026-10-01 14:22:48 INFO LEAD new: [Permitted] Westminster/24/02562/ADLBC — 27 Upper Berkeley Street London W1H 7QN
2026-10-01 14:22:48 INFO LEAD new: [Permitted] Westminster/24/02555/FULL — 34 - 36 Villiers Street London WC2N 6NJ
2026-10-01 14:22:48 INFO LEAD new: [Permitted] Westminster/24/02591/ADFULL — 24 Warwick Avenue London W9 2PT
2026-10-01 14:22:48 INFO LEAD new: [Permitted] Westminster/24/02578/LBC — 15 South Molton Street London W1K 5QR
2026-10-01 14:22:48 INFO LEAD new: [Permitted] Westminster/24/02570/FULL — 170 Westbourne Grove London W11 2RW
2026-10-01 14:22:48 INFO LEAD new: [Permitted] Westminster/24/02574/ADFULL — 17 - 21 South Audley Street London W1K 2NY
2026-10-01 14:22:49 INFO LEAD new: [Permitted] Westminster/24/02581/LBC — 20 Greville Place London NW6 5JH
2026-10-01 14:22:49 INFO LEAD new: [Permitted] Westminster/24/02582/FULL — 20 Greville Place London NW6 5JH
2026-10-01 14:22:49 INFO LEAD new: [Permitted] Westminster/24/02572/LBC — 100 Pall Mall London SW1Y 5NQ
2026-10-01 14:22:49 INFO LEAD new: [Permitted] Westminster/24/02549/FULL — 133 - 135 Regent Street London W1B 4HX
2026-10-01 14:22:49 INFO LEAD new: [Permitted] Westminster/24/02561/ADFULL — 27 Upper Berkeley Street London W1H 7QN
2026-10-01 14:22:49 INFO LEAD new: [Permitted] Westminster/24/02544/NMA — 48 Dover Street London W1S 4FF
2026-10-01 14:22:49 INFO LEAD new: [Permitted] Westminster/24/02583/LBC — 20 Greville Place London NW6 5JH
2026-10-01 14:22:49 INFO LEAD new: [Permitted] Westminster/24/02537/ADFULL — 204 Great Portland Street London W1W 5NP
2026-10-01 14:22:49 INFO LEAD new: [Permitted] Westminster/24/02538/ADFULL — 204A Great Portland Street London W1W 5NP
2026-10-01 14:22:49 INFO LEAD new: [Permitted] Westminster/24/02530/ADFULL — 23 Abbey Road NW8 9AU
2026-10-01 14:22:49 INFO LEAD new: [Permitted] Westminster/24/02606/ADLBC — 23 Abbey Road NW8 9AU
2026-10-01 14:22:49 INFO LEAD new: [Permitted] Westminster/24/02527/ADV — Queen Elizabeth II Conference Centre Broad Sanctuary London 
2026-10-01 14:22:49 INFO LEAD new: [Permitted] Westminster/24/02540/LBC — 2 Chester Street London SW1X 7BB
2026-10-01 14:22:49 INFO LEAD new: [Permitted] Westminster/24/02541/ADFULL — Flat 2 21 - 22 Westbourne Street London W2 2TZ
2026-10-01 14:22:49 INFO LEAD new: [Permitted] Westminster/24/02542/ADV — Supreme Court Of The United Kingdom Parliament Square London
2026-10-01 14:22:55 INFO [westminster/Permitted] page at offset 6400: 100 records
2026-10-01 14:22:55 INFO LEAD new: [Permitted] Westminster/24/02517/LBC — Francis Holland School 39 Ivor Place London NW1 6XR
2026-10-01 14:22:55 INFO LEAD new: [Permitted] Westminster/24/02531/ADV — Statue Of King Charles I Charing Cross London
2026-10-01 14:22:55 INFO LEAD new: [Permitted] Westminster/24/02516/PIAPA — 1B Harewood Row London NW1 6SE
2026-10-01 14:22:55 INFO LEAD new: [Permitted] Westminster/24/02533/ADFULL — Dev Site At 19-35 Baker Street, 88-110 George Street, 69-71 
2026-10-01 14:22:55 INFO LEAD new: [Permitted] Westminster/24/02539/ADV — St Mary Le Strand Church Strand London WC2R 1ES
2026-10-01 14:22:55 INFO LEAD new: [Permitted] Westminster/24/02504/ADV — Whitehall Gardens London SW1A 2ET
2026-10-01 14:22:55 INFO LEAD new: [Permitted] Westminster/24/02508/LBC — Kings College 160 Strand London WC2R 2LS
2026-10-01 14:22:55 INFO LEAD new: [Permitted] Westminster/24/02506/LBC — St James's Park Underground Station 55 Broadway London SW1H 
2026-10-01 14:22:55 INFO LEAD new: [Permitted] Westminster/24/02503/ADV — The Victoria Tower Gardens Millbank London SW1P 3YB
2026-10-01 14:22:55 INFO LEAD new: [Permitted] Westminster/24/02501/AADV — Leicester Square London WC2H 7LE
2026-10-01 14:22:55 INFO LEAD new: [Permitted] Westminster/24/02502/LBC — 8 Lyall Street London SW1X 8LH
2026-10-01 14:22:55 INFO LEAD new: [Permitted] Westminster/24/02513/ADLBC — Basement Rear And Ground Floor Maisonette 7 Bryanston Square
2026-10-01 14:22:55 INFO LEAD new: [Permitted] Westminster/24/02514/LBC — 8 Park Square West London NW1 4LJ
2026-10-01 14:22:55 INFO LEAD new: [Permitted] Westminster/24/02505/ADFULL — Basement Rear And Ground Floor Maisonette 7 Bryanston Square
2026-10-01 14:22:55 INFO LEAD new: [Permitted] Westminster/24/02477/ADV — St James's Park The Mall London SW1A 1AA
2026-10-01 14:22:55 INFO LEAD new: [Permitted] Westminster/24/02478/COGADF — 65 Horseferry Road London SW1P 2ED
2026-10-01 14:22:55 INFO LEAD new: [Permitted] Westminster/24/02460/LBC — 108 - 132 Westbourne Terrace London W2 6QJ
2026-10-01 14:22:55 INFO LEAD new: [Permitted] Westminster/24/02453/FULL — Flat 6 42 Craven Hill Gardens London W2 3EA
2026-10-01 14:22:55 INFO LEAD new: [Permitted] Westminster/24/02483/FULL — 11 Strand London WC2N 5HR
2026-10-01 14:22:55 INFO LEAD new: [Permitted] Westminster/24/02484/FULL — 10 Carlton House Terrace London SW1Y 5AH
2026-10-01 14:22:55 INFO LEAD new: [Permitted] Westminster/24/02479/ADV — Cathedral Piazza Victoria Street London SW1E 5NN
2026-10-01 14:22:55 INFO LEAD new: [Permitted] Westminster/24/02472/FULL — 3 Down Street Mews London W1J 7AU
2026-10-01 14:22:55 INFO LEAD new: [Permitted] Westminster/24/02456/ADV — STREET RECORD Eccleston Yard City Of Westminster London
2026-10-01 14:22:55 INFO LEAD new: [Permitted] Westminster/24/02468/ADFULL — Amadeus House 27B Floral Street London WC2E 9DP
2026-10-01 14:22:55 INFO LEAD new: [Permitted] Westminster/24/02485/LBC — 10 Carlton House Terrace London SW1Y 5AH
2026-10-01 14:22:55 INFO LEAD new: [Permitted] Westminster/24/02486/ADV — Victoria Embankment Gardens Villiers Street London WC2N 6ND
2026-10-01 14:22:55 INFO LEAD new: [Permitted] Westminster/24/02455/LBC — Flat 1 109 Gloucester Terrace London W2 3HB
2026-10-01 14:22:55 INFO LEAD new: [Permitted] Westminster/24/02481/ADV — Grosvenor Gardens London
2026-10-01 14:22:56 INFO LEAD new: [Permitted] Westminster/24/02482/ADV — Park Lane Mews Hotel 2 - 6 Stanhope Row London W1J 7BT
2026-10-01 14:22:56 INFO LEAD new: [Permitted] Westminster/24/02476/NMA — Grosvenor Gardens House 35 - 37 Grosvenor Gardens London SW1
2026-10-01 14:22:56 INFO LEAD new: [Permitted] Westminster/24/02550/ADLBC — 6 Blenheim Road London NW8 0LU
2026-10-01 14:22:56 INFO LEAD new: [Permitted] Westminster/24/02480/FULL — 67A Marlborough Place London NW8 0PT
2026-10-01 14:22:56 INFO LEAD new: [Permitted] Westminster/24/02436/ADLBC — 37 Belgrave Square London SW1X 8NS
2026-10-01 14:22:56 INFO LEAD new: [Permitted] Westminster/24/02445/FULL — Flat 5 St James's Court 75 Gloucester Terrace London W2 3DH
2026-10-01 14:22:56 INFO LEAD new: [Permitted] Westminster/24/02450/FULL — 30 Ashworth Road W9 1JY
2026-10-01 14:22:56 INFO LEAD new: [Permitted] Westminster/24/02440/FULL — 20 Park Street London W1K 2JA
2026-10-01 14:22:56 INFO LEAD new: [Permitted] Westminster/24/02441/LBC — 20 Park Street London W1K 2JA
2026-10-01 14:22:56 INFO LEAD new: [Permitted] Westminster/24/02442/FULL — Flat 33 Baynards House 1 Chepstow Place London W2 4TE
2026-10-01 14:22:56 INFO LEAD new: [Permitted] Westminster/24/02451/NMA — Egyptian House 170 - 173 Piccadilly London W1J 9EJ
2026-10-01 14:22:56 INFO LEAD new: [Permitted] Westminster/24/02447/FULL — Basement To First Floor 63 South Molton Street London W1K 5S
2026-10-01 14:22:56 INFO LEAD new: [Permitted] Westminster/24/02448/LBC — Basement To First Floor 63 South Molton Street London W1K 5S
2026-10-01 14:22:56 INFO LEAD new: [Permitted] Westminster/24/02439/LBC — 21 St James's Square London SW1Y 4JZ
2026-10-01 14:22:56 INFO LEAD new: [Permitted] Westminster/24/02432/FULL — 8 Gayfere Street London SW1P 3HN
2026-10-01 14:22:56 INFO LEAD new: [Permitted] Westminster/24/02435/COGADF — Ebury Bridge Estate Ebury Bridge Road London SW1W 8PX
2026-10-01 14:22:56 INFO LEAD new: [Permitted] Westminster/24/02433/FULL — 30 Gloucester Place London W1U 8PL
2026-10-01 14:22:56 INFO LEAD new: [Permitted] Westminster/24/02518/MOD106 — Site At Bressenden Place And Victoria Street And Palace Stre
2026-10-01 14:22:56 INFO LEAD new: [Permitted] Westminster/24/02420/LBC — Flat 32 Abady House Page Street London SW1P 4EW
2026-10-01 14:22:56 INFO LEAD new: [Permitted] Westminster/24/02422/LBC — Flat 32 Abady House Page Street London SW1P 4EW
2026-10-01 14:22:56 INFO LEAD new: [Permitted] Westminster/24/02421/CLOPUD — Flat 32 Abady House Page Street London SW1P 4EW
2026-10-01 14:22:56 INFO LEAD new: [Permitted] Westminster/24/02412/LBC — House Of Commons Palace Of Westminster Parliament Square Lon
2026-10-01 14:22:56 INFO LEAD new: [Permitted] Westminster/24/02405/ADFULL — Basement And Ground Floor 49 South Audley Street London W1K 
2026-10-01 14:22:56 INFO LEAD new: [Permitted] Westminster/24/02373/AD7 — 5 St James's Place London SW1A 1NP
2026-10-01 14:22:56 INFO LEAD new: [Permitted] Westminster/24/02388/ADFULL — Development Site At 180 Piccadilly And 48 To 50 Jermyn Stree
2026-10-01 14:22:56 INFO LEAD new: [Permitted] Westminster/24/02370/FULL — 8 Russell Street London WC2B 5HZ
2026-10-01 14:22:56 INFO LEAD new: [Permitted] Westminster/24/02371/LBC — 8 Russell Street London WC2B 5HZ
2026-10-01 14:22:56 INFO LEAD new: [Permitted] Westminster/24/02391/LBC — London Coliseum 32 - 35 St Martin's Lane London WC2N 4ES
2026-10-01 14:22:56 INFO LEAD new: [Permitted] Westminster/24/02369/ADV — New Bond Street London W1S 1DA
2026-10-01 14:22:56 INFO LEAD new: [Permitted] Westminster/24/02383/ADFULL — Egyptian House 170 - 173 Piccadilly London W1J 9EJ
2026-10-01 14:22:56 INFO LEAD new: [Permitted] Westminster/24/02372/ADLBC — Egyptian House 170 - 173 Piccadilly London W1J 9EJ
2026-10-01 14:22:56 INFO LEAD new: [Permitted] Westminster/24/02384/ADFULL — 169 Piccadilly London W1J 9EH
2026-10-01 14:22:56 INFO LEAD new: [Permitted] Westminster/24/02377/ADV — 100 Victoria Street London SW1E 5JL
2026-10-01 14:22:56 INFO LEAD new: [Permitted] Westminster/24/02381/FULL — 4 Clarendon Terrace London W9 1BZ
2026-10-01 14:22:56 INFO LEAD new: [Permitted] Westminster/24/02387/FULL — 27 - 28 Poland Street London
2026-10-01 14:22:56 INFO LEAD new: [Permitted] Westminster/24/02386/LBC — Ground Floor 3 Fitzhardinge Street London W1H 6EF
2026-10-01 14:22:56 INFO LEAD new: [Permitted] Westminster/24/02376/ADLBC — Egyptian House 170 - 173 Piccadilly London W1J 9EJ
2026-10-01 14:22:56 INFO LEAD new: [Permitted] Westminster/24/02545/ADFULL — 6 Blenheim Road London NW8 0LU
2026-10-01 14:22:56 INFO LEAD new: [Permitted] Westminster/24/02359/ADLBC — 47 Albert Court Central Block Prince Consort Road London SW7
2026-10-01 14:22:56 INFO LEAD new: [Permitted] Westminster/24/02352/LBC — 45 - 49 Warwick Square London SW1V 2AJ
2026-10-01 14:22:56 INFO LEAD new: [Permitted] Westminster/24/02295/LBC — 4 The Market Covent Garden London WC2E 8RA
2026-10-01 14:22:56 INFO LEAD new: [Permitted] Westminster/24/02306/FULL — 54 Mount Street London W1K 2SQ
2026-10-01 14:22:56 INFO LEAD new: [Permitted] Westminster/24/02336/OBS — Tenter House 45 Moorfields City Of London London EC2Y 9AE
2026-10-01 14:22:56 INFO LEAD new: [Permitted] Westminster/24/02321/ADV — 14 Eccleston Street London SW1W 9LT
2026-10-01 14:22:56 INFO LEAD new: [Permitted] Westminster/24/02301/FULL — Garden Flat 79 Hamilton Terrace London NW8 9QX
2026-10-01 14:22:56 INFO LEAD new: [Permitted] Westminster/24/02302/COGADF — Westmead 4 Tavistock Road London W11 1BA
2026-10-01 14:22:56 INFO LEAD new: [Permitted] Westminster/24/02329/ADFULL — 34 - 35 Eastcastle Street London W1W 8DW
2026-10-01 14:22:56 INFO LEAD new: [Permitted] Westminster/24/02297/ADFULL — 48 Circus Road London NW8 9SE
2026-10-01 14:22:56 INFO LEAD new: [Permitted] Westminster/24/02290/NMA — St Georges Rc Secondary School Lanark Road London W9 1RB
2026-10-01 14:22:56 INFO LEAD new: [Permitted] Westminster/24/02300/COGADF — Westmead 4 Tavistock Road London W11 1BA
2026-10-01 14:22:56 INFO LEAD new: [Permitted] Westminster/24/02330/ADFULL — 32 Upper Berkeley Street London W1H 5QE
2026-10-01 14:22:56 INFO LEAD new: [Permitted] Westminster/24/02292/ADFULL — The Ritz Hotel 150 - 156 Piccadilly London W1J 9BR
2026-10-01 14:22:56 INFO LEAD new: [Permitted] Westminster/24/02312/LBC — 7 Wimpole Street London W1G 9SN
2026-10-01 14:22:56 INFO LEAD new: [Permitted] Westminster/24/02311/FULL — 7 Wimpole Street London W1G 9SN
2026-10-01 14:22:56 INFO LEAD new: [Permitted] Westminster/24/02334/ADLBC — 151 Sussex Gardens London W2 2RY
2026-10-01 14:22:56 INFO LEAD new: [Permitted] Westminster/24/02309/LBC — 60 Gloucester Gardens London W2 6BN
2026-10-01 14:22:56 INFO LEAD new: [Permitted] Westminster/24/02307/LBC — 54 Mount Street London W1K 2SQ
2026-10-01 14:22:56 INFO LEAD new: [Permitted] Westminster/24/02289/FULL — Ground Floor Flat 2C 2A Portnall Road London W9 3BD
2026-10-01 14:22:57 INFO LEAD new: [Permitted] Westminster/24/02326/ADLBC — Basement Rear And Ground Floor Part And Mezzanine Part And F
2026-10-01 14:22:57 INFO LEAD new: [Permitted] Westminster/24/02319/ADFULL — 43 Curzon Street London W1J 7UF
2026-10-01 14:22:57 INFO LEAD new: [Permitted] Westminster/24/02265/FULL — Alexandra House 33 Kingsway London WC2B 6UF
2026-10-01 14:22:57 INFO LEAD new: [Permitted] Westminster/24/02272/FULL — Flat 6 11 Hyde Park Gardens London W2 2LU
2026-10-01 14:22:57 INFO LEAD new: [Permitted] Westminster/24/02288/LBC — Archbishops House Ambrosden Avenue SW1P 1QJ
2026-10-01 14:23:02 WARNING Rate limited (429); waiting 494s before retry 1/6
2026-10-01 14:31:19 INFO [westminster/Permitted] page at offset 6500: 100 records
2026-10-01 14:31:19 INFO LEAD new: [Permitted] Westminster/24/02262/AD7 — First Floor 4 - 7 Manchester Street London W1U 3AE
2026-10-01 14:31:20 INFO LEAD new: [Permitted] Westminster/24/02264/FULL — 40 Grosvenor Place London SW1X 7HJ
2026-10-01 14:31:20 INFO LEAD new: [Permitted] Westminster/24/02261/ADFULL — 16 Stanhope Row London W1J 7BT
2026-10-01 14:31:20 INFO LEAD new: [Permitted] Westminster/24/02263/FULL — 40 Grosvenor Place London SW1X 7HJ
2026-10-01 14:31:20 INFO LEAD new: [Permitted] Westminster/24/02269/ADFULL — 51 - 53 Brick Street London
2026-10-01 14:31:20 INFO LEAD new: [Permitted] Westminster/24/02268/LBC — Admiralty Buildings Whitehall London SW1A 2PA
2026-10-01 14:31:20 INFO LEAD new: [Permitted] Westminster/24/02287/LBC — 15 - 16 Bedford Street London WC2E 9HE
2026-10-01 14:31:20 INFO LEAD new: [Permitted] Westminster/24/02277/ADLBC — Egyptian House 170 - 173 Piccadilly London W1J 9EJ
2026-10-01 14:31:20 INFO LEAD new: [Permitted] Westminster/24/02273/LBC — Flat 6 11 Hyde Park Gardens London W2 2LU
2026-10-01 14:31:20 INFO LEAD new: [Permitted] Westminster/24/02284/NMA — Amadeus House 27B Floral Street London WC2E 9DP
2026-10-01 14:31:20 INFO LEAD new: [Permitted] Westminster/24/02285/FULL — Serpentine Gallery Kensington Gardens Exhibition Road London
2026-10-01 14:31:20 INFO LEAD new: [Permitted] Westminster/24/02250/ADV — Basement And Ground Floor 1 Melcombe Street London NW1 6AE
2026-10-01 14:31:20 INFO LEAD new: [Permitted] Westminster/24/02275/FULL — 33 - 37 Wardour Street London W1D 6PT
2026-10-01 14:31:20 INFO LEAD new: [Permitted] Westminster/24/02249/LBC — Flat 5 St James's Court 75 Gloucester Terrace London W2 3DH
2026-10-01 14:31:20 INFO LEAD new: [Permitted] Westminster/24/02218/LBC — 8 Upper Wimpole Street London W1G 6LH
2026-10-01 14:31:20 INFO LEAD new: [Permitted] Westminster/24/02225/ADV — The National Gallery Trafalgar Square London WC2N 5DN
2026-10-01 14:31:20 INFO LEAD new: [Permitted] Westminster/24/02232/ADFULL — Ground Floor Flat 5 Lauderdale Road London W9 1LT
2026-10-01 14:31:20 INFO LEAD new: [Permitted] Westminster/24/02220/NMA — Portland House Bressenden Place London SW1E 5BH
2026-10-01 14:31:20 INFO LEAD new: [Permitted] Westminster/24/02215/LBC — 17 Wilton Crescent London SW1X 8SA
2026-10-01 14:31:20 INFO LEAD new: [Permitted] Westminster/24/02240/LBC — First Floor 23 Mount Street London W1K 2RP
2026-10-01 14:31:20 INFO LEAD new: [Permitted] Westminster/24/02217/FULL — 8 Upper Wimpole Street London W1G 6LH
2026-10-01 14:31:20 INFO LEAD new: [Permitted] Westminster/24/02234/ADFULL — 13 Macclesfield Street London W1D 5BR
2026-10-01 14:31:20 INFO LEAD new: [Permitted] Westminster/24/02227/NMA — 8 Bourdon Street London W1K 3PD
2026-10-01 14:31:20 INFO LEAD new: [Permitted] Westminster/24/02210/LBC — Level 1 The Adelphi 1 - 11 John Adam Street London WC2N 6HT
2026-10-01 14:31:20 INFO LEAD new: [Permitted] Westminster/24/02183/FULL — 7 Wilton Crescent London SW1X 8RN
2026-10-01 14:31:20 INFO LEAD new: [Permitted] Westminster/24/02188/ADFULL — 6 Ennismore Gardens Mews London SW7 1HX
2026-10-01 14:31:20 INFO LEAD new: [Permitted] Westminster/24/02205/FULL — Storeyard Inner Circle Regents Park London NW1 4NR
2026-10-01 14:31:20 INFO LEAD new: [Permitted] Westminster/24/02201/ADFULL — 34 - 35 Eastcastle Street London W1W 8DW
2026-10-01 14:31:20 INFO LEAD new: [Permitted] Westminster/24/02200/ADV — 28 Argyll Street W1F 7EB
2026-10-01 14:31:20 INFO LEAD new: [Permitted] Westminster/24/02199/LBC — 357 - 359 Strand London WC2R 0HS
2026-10-01 14:31:20 INFO LEAD new: [Permitted] Westminster/24/02211/ADV — 23 Barrett Street London W1U 1BF
2026-10-01 14:31:20 INFO LEAD new: [Permitted] Westminster/24/02184/LBC — 7 Wilton Crescent London SW1X 8RN
2026-10-01 14:31:20 INFO LEAD new: [Permitted] Westminster/24/02209/FULL — Level 1 The Adelphi 1 - 11 John Adam Street London WC2N 6HT
2026-10-01 14:31:20 INFO LEAD new: [Permitted] Westminster/24/02203/ADFULL — Basement And Ground Floor 402 Harrow Road London W9 2HU
2026-10-01 14:31:20 INFO LEAD new: [Permitted] Westminster/24/02172/ADLBC — Basement Rear And Ground Floor Part And Mezzanine Part And F
2026-10-01 14:31:20 INFO LEAD new: [Permitted] Westminster/24/02140/FULL — 56 Millbank London SW1P 4RL
2026-10-01 14:31:20 INFO LEAD new: [Permitted] Westminster/24/02221/NMA — Ebury Edge 43 Ebury Bridge Road London SW1W 8DX
2026-10-01 14:31:20 INFO LEAD new: [Permitted] Westminster/24/02142/ADLBC — 1 Ennismore Gardens London SW7 1NL
2026-10-01 14:31:20 INFO LEAD new: [Permitted] Westminster/24/02147/ADFULL — 13 - 14 Hanover Street London W1S 1YH
2026-10-01 14:31:20 INFO LEAD new: [Permitted] Westminster/24/02177/LBC — 3 - 15 Neal Street London WC2H 9PU
2026-10-01 14:31:20 INFO LEAD new: [Permitted] Westminster/24/02134/FULL — Selfridges 400 Oxford Street London W1A 1AB
2026-10-01 14:31:20 INFO LEAD new: [Permitted] Westminster/24/02135/LBC — Selfridges 400 Oxford Street London W1A 1AB
2026-10-01 14:31:20 INFO LEAD new: [Permitted] Westminster/24/02173/ADLBC — 25 - 31 Wellington Street London WC2E 7DD
2026-10-01 14:31:20 INFO LEAD new: [Permitted] Westminster/24/02146/NMA — 204A Great Portland Street London W1W 5NP
2026-10-01 14:31:20 INFO LEAD new: [Permitted] Westminster/24/02133/ADFULL — 24 Biddulph Road London W9 1JB
2026-10-01 14:31:20 INFO LEAD new: [Permitted] Westminster/24/02149/FULL — 4 Denning Close London NW8 9PJ
2026-10-01 14:31:20 INFO LEAD new: [Permitted] Westminster/24/02178/FULL — 38 Leamington Road Villas London W11 1HT
2026-10-01 14:31:21 INFO LEAD new: [Permitted] Westminster/24/02153/FULL — London Coliseum 32 - 35 St Martin's Lane London WC2N 4ES
2026-10-01 14:31:21 INFO LEAD new: [Permitted] Westminster/24/02222/FULL — Ebury Edge 43 Ebury Bridge Road London SW1W 8DX
2026-10-01 14:31:21 INFO LEAD new: [Permitted] Westminster/24/02154/LBC — London Coliseum 32 - 35 St Martin's Lane London WC2N 4ES
2026-10-01 14:31:21 INFO LEAD new: [Permitted] Westminster/24/02157/ADFULL — Newport Place London
2026-10-01 14:31:21 INFO LEAD new: [Permitted] Westminster/24/02176/ADFULL — 34 - 35 Eastcastle Street London W1W 8DW
2026-10-01 14:31:21 INFO LEAD new: [Permitted] Westminster/24/02179/LBC — 1-17 Ulster Terrace London NW1 4PJ
2026-10-01 14:31:21 INFO LEAD new: [Permitted] Westminster/24/02161/ADFULL — 18 Hanover Terrace London NW1 4RJ
2026-10-01 14:31:21 INFO LEAD new: [Permitted] Westminster/24/02162/ADLBC — 18 Hanover Terrace London NW1 4RJ
2026-10-01 14:31:21 INFO LEAD new: [Permitted] Westminster/24/02132/FULL — 17 Three Kings Yard London W1K 4JT
2026-10-01 14:31:21 INFO LEAD new: [Permitted] Westminster/24/02089/ADV — 10 Moor Street London W1D 5NF
2026-10-01 14:31:21 INFO LEAD new: [Permitted] Westminster/24/02087/FULL — 71 Queensway London W2 4QH
2026-10-01 14:31:21 INFO LEAD new: [Permitted] Westminster/24/02117/ADFULL — 10 Orme Square London W2 4RS
2026-10-01 14:31:21 INFO LEAD new: [Permitted] Westminster/24/02103/FULL — Princes Gate Court Exhibition Road London SW7 2QJ
2026-10-01 14:31:21 INFO LEAD new: [Permitted] Westminster/24/02305/ADLBC — 28 - 32 Shelton Street London WC2H 9JE
2026-10-01 14:31:21 INFO LEAD new: [Permitted] Westminster/24/02145/APA — Charing Cross Station Strand London WC2N 5HS
2026-10-01 14:31:21 INFO LEAD new: [Permitted] Westminster/24/02094/ADFULL — 28 - 32 Shelton Street London WC2H 9JE
2026-10-01 14:31:21 INFO LEAD new: [Permitted] Westminster/24/02109/FULL — Development Site At 74 To 77 Welbeck Street And 28 To 40 Mar
2026-10-01 14:31:21 INFO LEAD new: [Permitted] Westminster/24/02122/ADFULL — 1 St Vincent Street London W1U 4DA
2026-10-01 14:31:21 INFO LEAD new: [Permitted] Westminster/24/02121/NMA — 24 Tufton Street London SW1P 3RB
2026-10-01 14:31:21 INFO LEAD new: [Permitted] Westminster/24/02090/LBC — 1 - 4 Suffolk Street London SW1Y 4HG
2026-10-01 14:31:21 INFO LEAD new: [Permitted] Westminster/24/02104/FULL — Portman House 2 Portman Street London W1H 6DU
2026-10-01 14:31:21 INFO LEAD new: [Permitted] Westminster/24/02110/CLEUD — 23 - 25 Charles Lane London NW8 7SB
2026-10-01 14:31:21 INFO LEAD new: [Permitted] Westminster/24/02115/LBC — 1 James Street Covent Garden London WC2E 8BG
2026-10-01 14:31:21 INFO LEAD new: [Permitted] Westminster/24/02163/LBC — Venture House 27 - 29 Glasshouse Street London W1B 5DF
2026-10-01 14:31:21 INFO LEAD new: [Permitted] Westminster/24/02102/ADFULL — 17 - 21 South Audley Street London W1K 2NY
2026-10-01 14:31:21 INFO LEAD new: [Permitted] Westminster/24/02096/LBC — Charing Cross Station Strand London WC2N 5HS
2026-10-01 14:31:21 INFO LEAD new: [Permitted] Westminster/24/02128/FULL — Flat 1 97 St George's Drive London SW1V 4DB
2026-10-01 14:31:21 INFO LEAD new: [Permitted] Westminster/24/02108/FULL — 13 Hill Street London W1J 5LQ
2026-10-01 14:31:21 INFO LEAD new: [Permitted] Westminster/24/02076/FULL — Upper Mais 18 Clarendon Gardens London W9 1AZ
2026-10-01 14:31:21 INFO LEAD new: [Permitted] Westminster/24/02077/LBC — Upper Mais 18 Clarendon Gardens London W9 1AZ
2026-10-01 14:31:21 INFO LEAD new: [Permitted] Westminster/24/02075/LBC — 97 Mount Street London W1K 2TD
2026-10-01 14:31:21 INFO LEAD new: [Permitted] Westminster/24/02078/LBC — Lancaster House Stable Yard Road London SW1A 1BB
2026-10-01 14:31:21 INFO LEAD new: [Permitted] Westminster/24/02073/FULL — 1 Hall Gate London NW8 9PG
2026-10-01 14:31:21 INFO LEAD new: [Permitted] Westminster/24/02066/ADLBC — London District Horse Guards Whitehall London SW1A 2AX
2026-10-01 14:31:21 INFO LEAD new: [Permitted] Westminster/24/02059/LBC — Flat B 22 Eaton Square London SW1W 9DE
2026-10-01 14:31:21 INFO LEAD new: [Permitted] Westminster/24/02041/LBC — London Coliseum 32 - 35 St Martin's Lane London WC2N 4ES
2026-10-01 14:31:21 INFO LEAD new: [Permitted] Westminster/24/02051/FULL — First Floor East 47 - 50 Margaret Street London W1W 8SB
2026-10-01 14:31:21 INFO LEAD new: [Permitted] Westminster/24/02071/ADV — 265 Strand London WC2R 1BH
2026-10-01 14:31:21 INFO LEAD new: [Permitted] Westminster/24/02046/FULL — 65 Marlborough Place London NW8 0PT
2026-10-01 14:31:21 INFO LEAD new: [Permitted] Westminster/24/02068/ADV — 97 Mount Street London W1K 2TD
2026-10-01 14:31:21 INFO LEAD new: [Permitted] Westminster/24/02042/FULL — Flat 5E Block 5 Portman Mansions Chiltern Street London W1U 
2026-10-01 14:31:21 INFO LEAD new: [Permitted] Westminster/24/02040/ADFULL — 4 Relton Mews London SW7 1ET
2026-10-01 14:31:21 INFO LEAD new: [Permitted] Westminster/24/02214/ADFULL — 10 Orme Square London W2 4RS
2026-10-01 14:31:28 INFO [westminster/Permitted] page at offset 6600: 100 records
2026-10-01 14:31:28 INFO LEAD new: [Permitted] Westminster/24/02008/FULL — 45 St Martin's Lane London WC2N 4HX
2026-10-01 14:31:28 INFO LEAD new: [Permitted] Westminster/24/02021/TCH — 32 Broadwick Street London W1F 8JB
2026-10-01 14:31:28 INFO LEAD new: [Permitted] Westminster/24/02009/FULL — 82 Portland Place London W1B 1NS
2026-10-01 14:31:28 INFO LEAD new: [Permitted] Westminster/24/02032/COADV — Eros (Shaftesbury Memorial) Piccadilly Circus London W1J 0TR
2026-10-01 14:31:28 INFO LEAD new: [Permitted] Westminster/24/02363/MOD106 — Development Site At 8 To 26 And 36 To 44 Queensway London
2026-10-01 14:31:28 INFO LEAD new: [Permitted] Westminster/24/02365/MOD106 — Queens Court Queensway London W2 4QN
2026-10-01 14:31:28 INFO LEAD new: [Permitted] Westminster/24/02364/MOD106 — Queens Court Queensway London W2 4QN
2026-10-01 14:31:28 INFO LEAD new: [Permitted] Westminster/24/02018/ADFULL — 1 Neathouse Place London SW1V 1LH
2026-10-01 14:31:28 INFO LEAD new: [Permitted] Westminster/24/01993/FULL — 25 Clifton Villas London W9 2PH
2026-10-01 14:31:28 INFO LEAD new: [Permitted] Westminster/24/01973/ADFULL — 204A Great Portland Street London W1W 5NP
2026-10-01 14:31:28 INFO LEAD new: [Permitted] Westminster/24/01994/FULL — 27 Clifton Villas London W9 2PH
2026-10-01 14:31:28 INFO LEAD new: [Permitted] Westminster/24/01964/FULL — Warwick House Stable Yard Road London SW1A 1BD
2026-10-01 14:31:28 INFO LEAD new: [Permitted] Westminster/24/01938/FULL — Flat 2 49 Montagu Square London W1H 2LW
2026-10-01 14:31:28 INFO LEAD new: [Permitted] Westminster/24/01941/ADLBC — 33 Blenheim Terrace London NW8 0EH
2026-10-01 14:31:28 INFO LEAD new: [Permitted] Westminster/24/01969/LBC — 25 Dover Street London W1S 4LX
2026-10-01 14:31:28 INFO LEAD new: [Permitted] Westminster/24/01965/LBC — Warwick House Stable Yard Road London SW1A 1BD
2026-10-01 14:31:28 INFO LEAD new: [Permitted] Westminster/24/01951/FULL — 31 St Petersburgh Place London W2 4LA
2026-10-01 14:31:28 INFO LEAD new: [Permitted] Westminster/24/01939/ADLBC — Flat 4 42 King Street Covent Garden London WC2E 8JS
2026-10-01 14:31:28 INFO LEAD new: [Permitted] Westminster/24/02207/LBC — 18 Seymour Street London W1H 7HU
2026-10-01 14:31:28 INFO LEAD new: [Permitted] Westminster/24/01934/ADFULL — Development Site At 14 To 17 Paddington Green London
2026-10-01 14:31:28 INFO LEAD new: [Permitted] Westminster/24/01935/NMA — Sanderson House 50 Berners Street London W1T 3NG
2026-10-01 14:31:28 INFO LEAD new: [Permitted] Westminster/24/01967/LBC — Warwick House Stable Yard Road London SW1A 1BD
2026-10-01 14:31:28 INFO LEAD new: [Permitted] Westminster/24/01966/FULL — Warwick House Stable Yard Road London SW1A 1BD
2026-10-01 14:31:28 INFO LEAD new: [Permitted] Westminster/24/01936/ADLBC — Flat 4 42 King Street Covent Garden London WC2E 8JS
2026-10-01 14:31:28 INFO LEAD new: [Permitted] Westminster/24/01930/LBC — 53 Wimpole Street London W1G 8YH
2026-10-01 14:31:28 INFO LEAD new: [Permitted] Westminster/24/01929/ADFULL — Capital House 7 Clipstone Street London W1W 6BD
2026-10-01 14:31:28 INFO LEAD new: [Permitted] Westminster/24/01926/ADFULL — 12 Orme Square London W2 4RS
2026-10-01 14:31:28 INFO LEAD new: [Permitted] Westminster/24/01984/LBC — 20 Hamilton Terrace London NW8 9UG
2026-10-01 14:31:28 INFO LEAD new: [Permitted] Westminster/24/01892/FULL — 14 Berkeley Square London W1J 6AF
2026-10-01 14:31:28 INFO LEAD new: [Permitted] Westminster/24/01917/ADFULL — 10 Carlton House Terrace London SW1Y 5AH
2026-10-01 14:31:28 INFO LEAD new: [Permitted] Westminster/24/01890/CLOPUD — 1 Bryanston Mews West London W1H 2BW
2026-10-01 14:31:28 INFO LEAD new: [Permitted] Westminster/24/01977/OBS — Lambeth Bridge London
2026-10-01 14:31:28 INFO LEAD new: [Permitted] Westminster/24/01902/FULL — 29 Cropthorne Court 20-28 Maida Vale London W9 1TA
2026-10-01 14:31:28 INFO LEAD new: [Permitted] Westminster/24/01914/NMA — 89 Boundary Road London NW8 0RG
2026-10-01 14:31:28 INFO LEAD new: [Permitted] Westminster/24/01909/ADFULL — 12 Wilton Row London SW1X 7NR
2026-10-01 14:31:28 INFO LEAD new: [Permitted] Westminster/24/01920/ADFULL — 150 Hamilton Terrace London NW8 9UX
2026-10-01 14:31:28 INFO LEAD new: [Permitted] Westminster/24/01878/LBC — Fifth Floor 42 - 44 Grosvenor Gardens London SW1W 0EB
2026-10-01 14:31:28 INFO LEAD new: [Permitted] Westminster/24/01916/FULL — 1 Eastbourne Terrace London W2 1BA
2026-10-01 14:31:28 INFO LEAD new: [Permitted] Westminster/24/01867/LBC — 144-146 Buckingham Palace Road London SW1W 9TR
2026-10-01 14:31:28 INFO LEAD new: [Permitted] Westminster/24/01866/LBC — 33 Westminster Palace Gardens Artillery Row London SW1P 1RR
2026-10-01 14:31:28 INFO LEAD new: [Permitted] Westminster/24/01881/FULL — Storeyard Inner Circle Regents Park London NW1 4NR
2026-10-01 14:31:28 INFO LEAD new: [Permitted] Westminster/24/01875/ADFULL — 13-14 Hanover Street London W1S 1YH
2026-10-01 14:31:28 INFO LEAD new: [Permitted] Westminster/24/01876/ADFULL — 29 Marylebone Road London NW1 5JX
2026-10-01 14:31:28 INFO LEAD new: [Permitted] Westminster/24/01872/LBC — Buckingham Palace The Mall London SW1A 1AA
2026-10-01 14:31:28 INFO LEAD new: [Permitted] Westminster/24/01863/LBC — 24 St John's Wood Terrace London NW8 6JL
2026-10-01 14:31:28 INFO LEAD new: [Permitted] Westminster/24/01837/LBC — 45 Eaton Square London SW1W 9BD
2026-10-01 14:31:28 INFO LEAD new: [Permitted] Westminster/24/01860/LBC — 107 Ebury Street London SW1W 9QU
2026-10-01 14:31:28 INFO LEAD new: [Permitted] Westminster/24/01854/LBC — Basement And Ground Floor 158 Marylebone Road London NW1 5PN
2026-10-01 14:31:28 INFO LEAD new: [Permitted] Westminster/24/01856/ADV — Marylebone High Street London
2026-10-01 14:31:28 INFO LEAD new: [Permitted] Westminster/24/01859/FULL — 107 Ebury Street London SW1W 9QU
2026-10-01 14:31:28 INFO LEAD new: [Permitted] Westminster/24/01846/FULL — 76-78 Portland Place London W1B 1NT
2026-10-01 14:31:28 INFO LEAD new: [Permitted] Westminster/24/01862/FULL — 24 St John's Wood Terrace London NW8 6JL
2026-10-01 14:31:28 INFO LEAD new: [Permitted] Westminster/24/01853/ADFULL — 248 Marylebone Road London NW1 6JF
2026-10-01 14:31:29 INFO LEAD new: [Permitted] Westminster/24/01841/ADFULL — 33 Moreton Place London SW1V 2NL
2026-10-01 14:31:29 INFO LEAD new: [Permitted] Westminster/24/01855/FULL — RB Building 557 Harrow Road London W10 4RH
2026-10-01 14:31:29 INFO LEAD new: [Permitted] Westminster/24/01848/FULL — 8 Lancelot Place London SW7 1DR
2026-10-01 14:31:29 INFO LEAD new: [Permitted] Westminster/24/01847/ADV — Basement To Eleventh Floor 1 Neathouse Place London SW1V 1LH
2026-10-01 14:31:29 INFO LEAD new: [Permitted] Westminster/24/01830/LBC — 150 Randolph Avenue London W9 1PG
2026-10-01 14:31:29 INFO LEAD new: [Permitted] Westminster/24/01833/LBC — 162 - 164 Randolph Avenue London W9 1PG
2026-10-01 14:31:29 INFO LEAD new: [Permitted] Westminster/24/01832/LBC — 158 Randolph Avenue London W9 1PG
2026-10-01 14:31:29 INFO LEAD new: [Permitted] Westminster/24/01824/LBC — RB Building 557 Harrow Road London W10 4RH
2026-10-01 14:31:29 INFO LEAD new: [Permitted] Westminster/24/01796/FULL — Morpeth Arms 58 Millbank London SW1P 4RW
2026-10-01 14:31:29 INFO LEAD new: [Permitted] Westminster/24/01819/LBC — 124-126 Randolph Avenue London W9 1PQ
2026-10-01 14:31:29 INFO LEAD new: [Permitted] Westminster/24/01827/FULL — 14 Enbrook Street London W10 4SF
2026-10-01 14:31:29 INFO LEAD new: [Permitted] Westminster/24/01828/LBC — 144-146 Randolph Avenue London W9 1PG
2026-10-01 14:31:29 INFO LEAD new: [Permitted] Westminster/24/01783/NMA — 1 Leicester Place London WC2H 7BP
2026-10-01 14:31:29 INFO LEAD new: [Permitted] Westminster/24/01816/LBC — Flat 1 67 Kensington Gardens Square London W2 4BA
2026-10-01 14:31:29 INFO LEAD new: [Permitted] Westminster/24/01744/FULL — Avenue House 25-27 Shaftesbury Avenue London W1D 7EG
2026-10-01 14:31:29 INFO LEAD new: [Permitted] Westminster/24/01742/NMA — Westminster House 7 Millbank London SW1P 3JA
2026-10-01 14:31:29 INFO LEAD new: [Permitted] Westminster/24/01752/FULL — 5 Berners Mews London W1T 3AJ
2026-10-01 14:31:29 INFO LEAD new: [Permitted] Westminster/24/01748/FULL — Moxon House Moxon Street London W1U 4EY
2026-10-01 14:31:29 INFO LEAD new: [Permitted] Westminster/24/01747/FULL — Stone House 9 Weymouth Street London W1W 6DB
2026-10-01 14:31:29 INFO LEAD new: [Permitted] Westminster/24/01746/FULL — 1 Marylebone High Street London W1U 4DL
2026-10-01 14:31:29 INFO LEAD new: [Permitted] Westminster/24/01749/ADFULL — 139 Hamilton Terrace London NW8 9QS
2026-10-01 14:31:29 INFO LEAD new: [Permitted] Westminster/24/01772/ADV — Development Site At 1-23 Shaftesbury Ave, 19-26 Denman St, 4
2026-10-01 14:31:29 INFO LEAD new: [Permitted] Westminster/24/01779/ADFULL — 68D Denbigh Street London SW1V 2EX
2026-10-01 14:31:29 INFO LEAD new: [Permitted] Westminster/24/01773/LBC — Development Site At 1-23 Shaftesbury Ave, 19-26 Denman St, 4
2026-10-01 14:31:29 INFO LEAD new: [Permitted] Westminster/24/01770/LBC — 11 Leinster Square London W2 4PL
2026-10-01 14:31:29 INFO LEAD new: [Permitted] Westminster/24/01769/FULL — 11 Leinster Square London W2 4PL
2026-10-01 14:31:29 INFO LEAD new: [Permitted] Westminster/24/01765/ADFULL — 307 - 309 Regent Street London W1B 2HW
2026-10-01 14:31:29 INFO LEAD new: [Permitted] Westminster/24/01775/FULL — 34 Old Bond Street London W1S 4QL
2026-10-01 14:31:29 INFO LEAD new: [Permitted] Westminster/24/01782/LBC — 12 Waterloo Place London SW1Y 4AU
2026-10-01 14:31:29 INFO LEAD new: [Permitted] Westminster/24/01864/ADLBC — 307 - 309 Regent Street London W1B 2HW
2026-10-01 14:31:29 INFO LEAD new: [Permitted] Westminster/24/01781/FULL — 12 Waterloo Place London SW1Y 4AU
2026-10-01 14:31:29 INFO LEAD new: [Permitted] Westminster/24/01778/FULL — 25B Wilton Row London SW1X 7NS
2026-10-01 14:31:29 INFO LEAD new: [Permitted] Westminster/24/01756/ADFULL — 204A Great Portland Street London W1W 5NP
2026-10-01 14:31:29 INFO LEAD new: [Permitted] Westminster/24/01757/FULL — 16 Thayer Street London W1U 3JU
2026-10-01 14:31:29 INFO LEAD new: [Permitted] Westminster/24/01734/ADV — 31 Westbourne Grove London W2 4UA
2026-10-01 14:31:29 INFO LEAD new: [Permitted] Westminster/24/01733/ADLBC — 40 Grosvenor Gardens London SW1W 0EB
2026-10-01 14:31:36 INFO [westminster/Permitted] page at offset 6700: 100 records
2026-10-01 14:31:36 INFO LEAD new: [Permitted] Westminster/24/01736/ADFULL — 158 Shirland Road London W9 2BT
2026-10-01 14:31:36 INFO LEAD new: [Permitted] Westminster/24/01708/FULL — 14-15 Langham Place London W1B 2QS
2026-10-01 14:31:36 INFO LEAD new: [Permitted] Westminster/24/01728/ADV — 74 Wardour Street London W1F 0TE
2026-10-01 14:31:36 INFO LEAD new: [Permitted] Westminster/24/01713/ADV — Apollo Victoria 17-18 Wilton Road London
2026-10-01 14:31:36 INFO LEAD new: [Permitted] Westminster/24/01712/ADV — ATM Machine Between Exit 1 And 2 Oxford Circus Station 237 O
2026-10-01 14:31:36 INFO LEAD new: [Permitted] Westminster/24/01711/ADV — Trafalgar Square Subway Trafalgar Square London WC2N 5DP
2026-10-01 14:31:36 INFO LEAD new: [Permitted] Westminster/24/01710/ADV — Golden Jubilee Bridge Hungerford Bridge London WC2N 6PA
2026-10-01 14:31:36 INFO LEAD new: [Permitted] Westminster/24/01789/FULL — Basement 31 Leamington Road Villas London W11 1HT
2026-10-01 14:31:36 INFO LEAD new: [Permitted] Westminster/24/01729/ADFULL — 318 Oxford Street London W1C 1HF
2026-10-01 14:31:36 INFO LEAD new: [Permitted] Westminster/24/01715/NMA — 18 Seymour Street London W1H 7HU
2026-10-01 14:31:36 INFO LEAD new: [Permitted] Westminster/24/01725/ADFULL — 25 Chester Square London SW1W 9HS
2026-10-01 14:31:36 INFO LEAD new: [Permitted] Westminster/24/01706/FULL — 27 Gloucester Place London W1U 8HU
2026-10-01 14:31:36 INFO LEAD new: [Permitted] Westminster/24/01707/LBC — 27 Gloucester Place London W1U 8HU
2026-10-01 14:31:36 INFO LEAD new: [Permitted] Westminster/24/01721/FULL — First Floor To Third Floor 1 Lower John Street London W1F 9D
2026-10-01 14:31:36 INFO LEAD new: [Permitted] Westminster/24/01705/ADFULL — 150 Hamilton Terrace London NW8 9UX
2026-10-01 14:31:36 INFO LEAD new: [Permitted] Westminster/24/01788/NMA — Land Bound By Edgware Rd, Boscobel St, Penfold St, Church St
2026-10-01 14:31:36 INFO LEAD new: [Permitted] Westminster/24/01719/ADV — The Orange Public House 37 - 39 Pimlico Road London SW1W 8NE
2026-10-01 14:31:36 INFO LEAD new: [Permitted] Westminster/24/01714/LBC — Apollo Victoria 17-18 Wilton Road London
2026-10-01 14:31:36 INFO LEAD new: [Permitted] Westminster/24/01709/ADV — Somerset House Strand London WC2R 1LA
2026-10-01 14:31:36 INFO LEAD new: [Permitted] Westminster/24/01688/FULL — Basement Premises Hallam Court 77 Hallam Street London W1W 5
2026-10-01 14:31:36 INFO LEAD new: [Permitted] Westminster/24/01679/ADFULL — 1 Leicester Place London WC2H 7BP
2026-10-01 14:31:36 INFO LEAD new: [Permitted] Westminster/24/01677/ADLBC — 25 - 31 Wellington Street London WC2E 7DD
2026-10-01 14:31:36 INFO LEAD new: [Permitted] Westminster/24/01716/OBS — Bury House 31 Bury Street City Of London EC3A 5AR
2026-10-01 14:31:36 INFO LEAD new: [Permitted] Westminster/24/01787/NMA — Open Space At Junction And Horse Guards Road And The Mall Th
2026-10-01 14:31:36 INFO LEAD new: [Permitted] Westminster/24/01697/ADV — 32 - 33 New Bond Street London W1S 2RS
2026-10-01 14:31:36 INFO LEAD new: [Permitted] Westminster/24/01682/FULL — 123 Buckingham Palace Road London SW1W 9SL
2026-10-01 14:31:36 INFO LEAD new: [Permitted] Westminster/24/01680/LBC — Hinde House 11-14 Hinde Street London W1U 3BD
2026-10-01 14:31:36 INFO LEAD new: [Permitted] Westminster/24/01691/ADV — Lower Ground Floor Part And Ground Floor FKS House 40 - 44 N
2026-10-01 14:31:36 INFO LEAD new: [Permitted] Westminster/24/01686/LBC — 52 Regent Street London W1B 5AS
2026-10-01 14:31:36 INFO LEAD new: [Permitted] Westminster/24/01699/FULL — 41-43 Bell Street London NW1 5BY
2026-10-01 14:31:36 INFO LEAD new: [Permitted] Westminster/24/01684/ADFULL — Development Site At Former Whiteleys Centre Queensway London
2026-10-01 14:31:36 INFO LEAD new: [Permitted] Westminster/24/01657/ADFULL — 62 Clifton Hill London NW8 0JT
2026-10-01 14:31:36 INFO LEAD new: [Permitted] Westminster/24/01644/FULL — 1 Sussex Street London SW1V 4RZ
2026-10-01 14:31:36 INFO LEAD new: [Permitted] Westminster/24/01654/FULL — Basement And Ground Floor 49 South Audley Street London W1K 
2026-10-01 14:31:36 INFO LEAD new: [Permitted] Westminster/24/01675/FULL — Hamilton House 1 Hall Road London NW8 9PN
2026-10-01 14:31:36 INFO LEAD new: [Permitted] Westminster/24/01647/ADFULL — 12 Warwick Square London SW1V 2AA
2026-10-01 14:31:36 INFO LEAD new: [Permitted] Westminster/24/01670/CLEUD — 3 West Halkin Street London SW1X 8JJ
2026-10-01 14:31:36 INFO LEAD new: [Permitted] Westminster/24/01645/ADLBC — Marlborough House Pall Mall London SW1Y 5HX
2026-10-01 14:31:36 INFO LEAD new: [Permitted] Westminster/24/01652/ADV — Basement And Ground Floor 35 Melcombe Street London NW1 6AG
2026-10-01 14:31:36 INFO LEAD new: [Permitted] Westminster/24/01668/FULL — Flat 24 Neville Court Abbey Road London NW8 9DD
2026-10-01 14:31:36 INFO LEAD new: [Permitted] Westminster/24/01649/ADFULL — 2 Kingly Street London W1B 5PB
2026-10-01 14:31:36 INFO LEAD new: [Permitted] Westminster/24/01646/FULL — Top Floor Flat Third Floor 128 Shirland Road London W9 2BT
2026-10-01 14:31:36 INFO LEAD new: [Permitted] Westminster/24/01643/ADLBC — Development Site At Former Whiteleys Centre Queensway London
2026-10-01 14:31:36 INFO LEAD new: [Permitted] Westminster/24/01635/ADLBC — 29 Queen Anne Street London W1G 9HU
2026-10-01 14:31:36 INFO LEAD new: [Permitted] Westminster/24/01633/LBC — Foreign & Commonwealth Office King Charles Street London SW1
2026-10-01 14:31:36 INFO LEAD new: [Permitted] Westminster/24/01610/ADV — 22-23 James Street Covent Garden London WC2E 8NS
2026-10-01 14:31:36 INFO LEAD new: [Permitted] Westminster/24/01606/COGADF — Torridon House 8 Randolph Gardens London NW6 5HP
2026-10-01 14:31:36 INFO LEAD new: [Permitted] Westminster/24/01608/FULL — 36 Crown Reach 145 Grosvenor Road London SW1V 3JU
2026-10-01 14:31:36 INFO LEAD new: [Permitted] Westminster/24/01639/ADLBC — 19 Hanover Terrace London NW1 4RJ
2026-10-01 14:31:36 INFO LEAD new: [Permitted] Westminster/24/01612/LBC — 8 Queen Street London W1J 5PD
2026-10-01 14:31:37 INFO LEAD new: [Permitted] Westminster/24/01607/COGADF — Garages At Adpar Street London
2026-10-01 14:31:37 INFO LEAD new: [Permitted] Westminster/24/01596/LBC — 47 Gloucester Place London W1U 8JE
2026-10-01 14:31:37 INFO LEAD new: [Permitted] Westminster/24/01597/FULL — 34 Old Bond Street London W1S 4QL
2026-10-01 14:31:37 INFO LEAD new: [Permitted] Westminster/24/01564/ADFULL — The National Gallery Trafalgar Square London WC2N 5DN
2026-10-01 14:31:37 INFO LEAD new: [Permitted] Westminster/24/01568/ADFULL — 90 Brompton Road London SW3 1ER
2026-10-01 14:31:37 INFO LEAD new: [Permitted] Westminster/24/01576/ADV — Regent Street London
2026-10-01 14:31:37 INFO LEAD new: [Permitted] Westminster/24/01586/LBC — 17 Dorset Square London NW1 6QB
2026-10-01 14:31:37 INFO LEAD new: [Permitted] Westminster/24/01572/ADFULL — 204A Great Portland Street London W1W 5NP
2026-10-01 14:31:37 INFO LEAD new: [Permitted] Westminster/24/01581/ADFULL — 65-69 Ebury Street London SW1W 0NZ
2026-10-01 14:31:37 INFO LEAD new: [Permitted] Westminster/24/01585/LBC — 15 Wyndham Place London W1H 2QA
2026-10-01 14:31:37 INFO LEAD new: [Permitted] Westminster/24/01562/FULL — 42 Sussex Street London SW1V 4RH
2026-10-01 14:31:37 INFO LEAD new: [Permitted] Westminster/24/01561/ADV — Basement And Ground Floor 127 Queensway London W2 4SJ
2026-10-01 14:31:37 INFO LEAD new: [Permitted] Westminster/24/01560/CLOPUD — United Kingdom House 180 Oxford Street London W1D 1NN
2026-10-01 14:31:37 INFO LEAD new: [Permitted] Westminster/24/01540/FULL — 147 Cleveland Street London W1T 6QJ
2026-10-01 14:31:37 INFO LEAD new: [Permitted] Westminster/24/01541/LBC — 147 Cleveland Street London W1T 6QJ
2026-10-01 14:31:37 INFO LEAD new: [Permitted] Westminster/24/01544/NMA — 52 Acacia Road London NW8 6AL
2026-10-01 14:31:37 INFO LEAD new: [Permitted] Westminster/24/01529/ADFULL — The Ritz Hotel 150 - 156 Piccadilly London W1J 9BR
2026-10-01 14:31:37 INFO LEAD new: [Permitted] Westminster/24/01523/LBC — 32 Old Burlington Street London W1S 3AT
2026-10-01 14:31:37 INFO LEAD new: [Permitted] Westminster/24/01520/ADFULL — 106 Hamilton Terrace London NW8 9UP
2026-10-01 14:31:37 INFO LEAD new: [Permitted] Westminster/24/01522/ADFULL — 11 Belgrave Road London SW1V 1TS
2026-10-01 14:31:37 INFO LEAD new: [Permitted] Westminster/24/01487/FULL — 22 Weymouth Street London W1G 7BN
2026-10-01 14:31:37 INFO LEAD new: [Permitted] Westminster/24/01516/LBC — 2 Mansfield Street London W1G 9NZ
2026-10-01 14:31:37 INFO LEAD new: [Permitted] Westminster/24/01506/FULL — Cork Street London
2026-10-01 14:31:37 INFO LEAD new: [Permitted] Westminster/24/01482/LBC — 22 - 26 Whitehall London SW1A 2EG
2026-10-01 14:31:37 INFO LEAD new: [Permitted] Westminster/24/01499/FULL — New Bond Street London W1S 1DA
2026-10-01 14:31:37 INFO LEAD new: [Permitted] Westminster/24/01458/FULL — 10 Abercorn Close London NW8 9XS
2026-10-01 14:31:37 INFO LEAD new: [Permitted] Westminster/24/01484/ADLBC — First Floor 23 Mount Street London W1K 2RP
2026-10-01 14:31:37 INFO LEAD new: [Permitted] Westminster/24/01428/ADFULL — 71 Carlton Hill London NW8 0EN
2026-10-01 14:31:37 INFO LEAD new: [Permitted] Westminster/24/01435/LBC — Mezzanine And First Floor Flat 76 St George's Square London 
2026-10-01 14:31:37 INFO LEAD new: [Permitted] Westminster/24/01514/ADLBC — 11 Connaught Square London W2 2HG
2026-10-01 14:31:37 INFO LEAD new: [Permitted] Westminster/24/01432/LBC — 31 Curzon Street London W1J 7TW
2026-10-01 14:31:37 INFO LEAD new: [Permitted] Westminster/24/01434/FULL — Mezzanine And First Floor Flat 76 St George's Square London 
2026-10-01 14:31:37 INFO LEAD new: [Permitted] Westminster/24/01436/FULL — 518 - 520 Oxford Street London W1C 1NX
2026-10-01 14:31:37 INFO LEAD new: [Permitted] Westminster/24/01425/ADFULL — 11 Connaught Square London W2 2HG
2026-10-01 14:31:37 INFO LEAD new: [Permitted] Westminster/24/01441/ADFULL — 25 - 31 Wellington Street London WC2E 7DD
2026-10-01 14:31:37 INFO LEAD new: [Permitted] Westminster/24/01409/ADV — 20 Victoria Street London SW1H 0NB
2026-10-01 14:31:37 INFO LEAD new: [Permitted] Westminster/24/01382/FULL — 18 Craven Hill London W2 3DS
2026-10-01 14:31:37 INFO LEAD new: [Permitted] Westminster/24/01383/LBC — 18 Craven Hill London W2 3DS
2026-10-01 14:31:37 INFO LEAD new: [Permitted] Westminster/24/01411/FULL — Copperfield House 52-54 Marylebone High Street London W1U 5H
2026-10-01 14:31:37 INFO LEAD new: [Permitted] Westminster/24/01403/ADFULL — 62 Carlton Hill London NW8 0ET
2026-10-01 14:31:44 INFO [westminster/Permitted] page at offset 6800: 100 records
2026-10-01 14:31:44 INFO LEAD new: [Permitted] Westminster/24/01406/TCH — Blue Post Public House 6 Bennet Street London SW1A 1RP
2026-10-01 14:31:44 INFO LEAD new: [Permitted] Westminster/24/01385/FULL — 18 Craven Hill London W2 3DS
2026-10-01 14:31:44 INFO LEAD new: [Permitted] Westminster/24/01412/LBC — Lambeth Bridge London
2026-10-01 14:31:44 INFO LEAD new: [Permitted] Westminster/24/01495/ADLBC — 62 Carlton Hill London NW8 0ET
2026-10-01 14:31:44 INFO LEAD new: [Permitted] Westminster/24/01386/LBC — 18 Craven Hill London W2 3DS
2026-10-01 14:31:44 INFO LEAD new: [Permitted] Westminster/24/01392/FULL — 2 Kingly Street London W1B 5PB
2026-10-01 14:31:44 INFO LEAD new: [Permitted] Westminster/24/01402/ADFULL — Fitzroy House 18-20 Grafton Street London W1S 4DZ
2026-10-01 14:31:44 INFO LEAD new: [Permitted] Westminster/24/01521/ADLBC — First Floor 23 Mount Street London W1K 2RP
2026-10-01 14:31:44 INFO LEAD new: [Permitted] Westminster/24/01380/ADLBC — First Floor 23 Mount Street London W1K 2RP
2026-10-01 14:31:44 INFO LEAD new: [Permitted] Westminster/24/01371/LBC — 103 - 113 Regent Street London
2026-10-01 14:31:44 INFO LEAD new: [Permitted] Westminster/24/01374/ADLBC — First Floor 23 Mount Street London W1K 2RP
2026-10-01 14:31:44 INFO LEAD new: [Permitted] Westminster/24/01373/NMA — 72 Hamilton Terrace London NW8 9UL
2026-10-01 14:31:44 INFO LEAD new: [Permitted] Westminster/24/01352/ADFULL — 7 - 8 St Stephen's Mews London W2 5QZ
2026-10-01 14:31:44 INFO LEAD new: [Permitted] Westminster/24/01364/ADFULL — Bayswater Road Public Convenience At Marlborough Gate Bayswa
2026-10-01 14:31:44 INFO LEAD new: [Permitted] Westminster/24/01370/ADV — 103 - 113 Regent Street London
2026-10-01 14:31:44 INFO LEAD new: [Permitted] Westminster/24/01422/FULL — 6 - 14 Mandeville Place London W1U 2BQ
2026-10-01 14:31:44 INFO LEAD new: [Permitted] Westminster/24/01372/LBC — 6 - 14 Mandeville Place London W1U 2BQ
2026-10-01 14:31:44 INFO LEAD new: [Permitted] Westminster/24/01347/FULL — 3 Montrose Place London SW1X 7DU
2026-10-01 14:31:44 INFO LEAD new: [Permitted] Westminster/24/01369/FULL — 17 Albert Court West Block Prince Consort Road London SW7 2B
2026-10-01 14:31:44 INFO LEAD new: [Permitted] Westminster/24/01350/ADV — 22 Northumberland Place London W2 5BS
2026-10-01 14:31:44 INFO LEAD new: [Permitted] Westminster/24/01355/FULL — 6 - 14 Mandeville Place London W1U 2BQ
2026-10-01 14:31:44 INFO LEAD new: [Permitted] Westminster/24/01337/LBC — 38 Grosvenor Gardens London SW1W 0EB
2026-10-01 14:31:44 INFO LEAD new: [Permitted] Westminster/24/01344/FULL — Flat 2 16 Montagu Street London W1H 7EX
2026-10-01 14:31:44 INFO LEAD new: [Permitted] Westminster/24/01343/ADLBC — 24 Tufton Street London SW1P 3RB
2026-10-01 14:31:44 INFO LEAD new: [Permitted] Westminster/24/01339/LBC — Admiralty Arch The Mall London SW1A 2WH
2026-10-01 14:31:44 INFO LEAD new: [Permitted] Westminster/24/01894/ADLBC — 10 Buckingham Gate London SW1E 6LA
2026-10-01 14:31:44 INFO LEAD new: [Permitted] Westminster/24/01315/FULL — 60 - 62 Margaret Street London W1W 8TF
2026-10-01 14:31:44 INFO LEAD new: [Permitted] Westminster/24/01313/ADLBC — 7 Burlington Gardens London W1S 3QG
2026-10-01 14:31:44 INFO LEAD new: [Permitted] Westminster/24/01321/ADFULL — 8 Clifton Hill London NW8 0QG
2026-10-01 14:31:44 INFO LEAD new: [Permitted] Westminster/24/01287/FULL — 27 Maida Avenue London W2 1ST
2026-10-01 14:31:44 INFO LEAD new: [Permitted] Westminster/24/01274/FULL — Wellington 351 Strand London WC2R 0HS
2026-10-01 14:31:44 INFO LEAD new: [Permitted] Westminster/24/01278/ADLBC — Flat 1 13 Chesham Place London SW1X 8HN
2026-10-01 14:31:44 INFO LEAD new: [Permitted] Westminster/24/01267/ADV — 415 Strand London WC2R 0NS
2026-10-01 14:31:44 INFO LEAD new: [Permitted] Westminster/24/01258/FULL — 70-71 Wilton Road London SW1V 1DE
2026-10-01 14:31:44 INFO LEAD new: [Permitted] Westminster/24/01271/ADV — 36 Buckingham Palace Road London SW1W 0RE
2026-10-01 14:31:44 INFO LEAD new: [Permitted] Westminster/24/01276/COFUL — John Aird Court London W2 1UU
2026-10-01 14:31:44 INFO LEAD new: [Permitted] Westminster/24/01263/FULL — 76-77 Newman Street London W1T 3EW
2026-10-01 14:31:44 INFO LEAD new: [Permitted] Westminster/24/01273/ADV — 16 Carnaby Street London W1F 9PN
2026-10-01 14:31:44 INFO LEAD new: [Permitted] Westminster/24/01266/LBC — 151 Sussex Gardens London W2 2RY
2026-10-01 14:31:44 INFO LEAD new: [Permitted] Westminster/24/01270/FULL — 38-39 Strand London WC2N 5JB
2026-10-01 14:31:44 INFO LEAD new: [Permitted] Westminster/24/01288/LBC — 27 Maida Avenue London W2 1ST
2026-10-01 14:31:44 INFO LEAD new: [Permitted] Westminster/24/01281/FULL — 1 Drummond Gate London SW1V 2QX
2026-10-01 14:31:44 INFO LEAD new: [Permitted] Westminster/24/01232/FULL — Flat 23 Orchard Court Portman Square London W1H 6LE
2026-10-01 14:31:44 INFO LEAD new: [Permitted] Westminster/24/01235/FULL — Flat 6 49 Grosvenor Square London W1K 3EP
2026-10-01 14:31:44 INFO LEAD new: [Permitted] Westminster/24/01233/LBC — 26 - 49 The Market Covent Garden London WC2E 8RE
2026-10-01 14:31:44 INFO LEAD new: [Permitted] Westminster/24/01236/FULL — 2 Kingly Street London W1B 5PB
2026-10-01 14:31:44 INFO LEAD new: [Permitted] Westminster/24/01241/ADLBC — 11-17 Seymour Street London W1H 7JW
2026-10-01 14:31:44 INFO LEAD new: [Permitted] Westminster/24/01254/FULL — 37 Dean Street London W1D 4PT
2026-10-01 14:31:45 INFO LEAD new: [Permitted] Westminster/24/01245/COMADL — 42 Queen's Gardens Bayswater London W2 3AA
2026-10-01 14:31:45 INFO LEAD new: [Permitted] Westminster/24/01228/FULL — Flat 1 67 Talbot Road London W2 5JL
2026-10-01 14:31:45 INFO LEAD new: [Permitted] Westminster/24/01223/FULL — Flat 1 1A Devonshire Terrace London W2 3DN
2026-10-01 14:31:45 INFO LEAD new: [Permitted] Westminster/24/01224/LBC — Flat 1 1A Devonshire Terrace London W2 3DN
2026-10-01 14:31:45 INFO LEAD new: [Permitted] Westminster/24/01192/FULL — 11-12 William Street London SW1X 9HL
2026-10-01 14:31:45 INFO LEAD new: [Permitted] Westminster/24/01193/LBC — 11-12 William Street London SW1X 9HL
2026-10-01 14:31:45 INFO LEAD new: [Permitted] Westminster/24/01201/FULL — 15 Passmore Street London SW1W 8HR
2026-10-01 14:31:45 INFO LEAD new: [Permitted] Westminster/24/01203/FULL — 19 Passmore Street London SW1W 8HR
2026-10-01 14:31:45 INFO LEAD new: [Permitted] Westminster/24/01190/ADFULL — 5 Orme Square London W2 4RS
2026-10-01 14:31:45 INFO LEAD new: [Permitted] Westminster/24/01186/CLOPUD — 20 Marlborough Place London NW8 0PA
2026-10-01 14:31:45 INFO LEAD new: [Permitted] Westminster/24/01195/LBC — Flat 2 3 Belgrave Place London SW1X 8BU
2026-10-01 14:31:45 INFO LEAD new: [Permitted] Westminster/24/01220/FULL — Ground Floor 59 Bravington Road London W9 3AA
2026-10-01 14:31:45 INFO LEAD new: [Permitted] Westminster/24/01175/FULL — Third Floor To Fourth Floor 76 Eaton Place London SW1X 8AU
2026-10-01 14:31:45 INFO LEAD new: [Permitted] Westminster/24/01154/ADFULL — 19 Cavendish Avenue London NW8 9JD
2026-10-01 14:31:45 INFO LEAD new: [Permitted] Westminster/24/01183/NMA — Libertys Tudor Building Great Marlborough Street London W1F 
2026-10-01 14:31:45 INFO LEAD new: [Permitted] Westminster/24/01185/ADV — 119-121 Oxford Street London W1D 2HP
2026-10-01 14:31:45 INFO LEAD new: [Permitted] Westminster/24/01174/FULL — Rosebery Court 15 Charles Street London W1J 5EX
2026-10-01 14:31:45 INFO LEAD new: [Permitted] Westminster/24/01150/FULL — 440 Strand London WC2R 0QS
2026-10-01 14:31:45 INFO LEAD new: [Permitted] Westminster/24/01151/LBC — 440 Strand London WC2R 0QS
2026-10-01 14:31:45 INFO LEAD new: [Permitted] Westminster/24/01157/ADLBC — 19 Cavendish Avenue London NW8 9JD
2026-10-01 14:31:45 INFO LEAD new: [Permitted] Westminster/24/01178/COGADF — 42 Queen's Gardens Bayswater London W2 3AA
2026-10-01 14:31:45 INFO LEAD new: [Permitted] Westminster/24/01105/ADV — 75A Victoria Street London SW1H 0HW
2026-10-01 14:31:45 INFO LEAD new: [Permitted] Westminster/24/01104/FULL — 75A Victoria Street London SW1H 0HW
2026-10-01 14:31:45 INFO LEAD new: [Permitted] Westminster/24/01131/CLOPUD — Basement And Ground Floor Part 15 Marylebone Road London NW1
2026-10-01 14:31:45 INFO LEAD new: [Permitted] Westminster/24/01130/LBC — 16 Arlington Street London SW1A 1RD
2026-10-01 14:31:45 INFO LEAD new: [Permitted] Westminster/24/01141/FULL — 10 Old Burlington Street London W1S 3AG
2026-10-01 14:31:45 INFO LEAD new: [Permitted] Westminster/24/01126/FULL — 48 Regent Street London W1B 5RA
2026-10-01 14:31:45 INFO LEAD new: [Permitted] Westminster/24/01144/NMA — 318 Oxford Street London W1C 1HF
2026-10-01 14:31:45 INFO LEAD new: [Permitted] Westminster/24/01129/FULL — 16 Arlington Street London SW1A 1RD
2026-10-01 14:31:45 INFO LEAD new: [Permitted] Westminster/24/01142/LBC — 1 Ennismore Gardens London SW7 1NL
2026-10-01 14:31:45 INFO LEAD new: [Permitted] Westminster/24/01132/ADFULL — 43 Curzon Street London W1J 7UF
2026-10-01 14:31:45 INFO LEAD new: [Permitted] Westminster/24/01109/ADFULL — 4 Kingly Street London W1B 5PE
2026-10-01 14:31:45 INFO LEAD new: [Permitted] Westminster/24/01138/LBC — Old War Office Whitehall London SW1A 2BX
2026-10-01 14:31:45 INFO LEAD new: [Permitted] Westminster/24/01114/ADFULL — 51 - 53 Brick Street London
2026-10-01 14:31:45 INFO LEAD new: [Permitted] Westminster/24/01118/ADV — Bishop's Bridge Road London
2026-10-01 14:31:45 INFO LEAD new: [Permitted] Westminster/24/01106/FULL — 18 Balderton Street London W1K 6TG
2026-10-01 14:31:45 INFO LEAD new: [Permitted] Westminster/24/01103/ADV — 318 Oxford Street London W1C 1HF
2026-10-01 14:31:45 INFO LEAD new: [Permitted] Westminster/24/01096/FULL — 7 Moor Street London W1D 5NB
2026-10-01 14:31:45 INFO LEAD new: [Permitted] Westminster/24/01085/NMA — Open Space At Junction And Horse Guards Road And The Mall Th
2026-10-01 14:31:45 INFO LEAD new: [Permitted] Westminster/24/01088/FULL — Argyll Arms Public House 18 Argyll Street W1F 7TP
2026-10-01 14:31:52 INFO [westminster/Permitted] page at offset 6900: 100 records
2026-10-01 14:31:52 INFO LEAD new: [Permitted] Westminster/24/01093/LBC — 1 Great George Street London SW1P 3AA
2026-10-01 14:31:52 INFO LEAD new: [Permitted] Westminster/24/01077/AADV — Marble Arch London
2026-10-01 14:31:52 INFO LEAD new: [Permitted] Westminster/24/01234/ADFULL — 12 Gloucester Place Mews London W1U 8BA
2026-10-01 14:31:52 INFO LEAD new: [Permitted] Westminster/24/01092/FULL — 1 Great George Street London SW1P 3AA
2026-10-01 14:31:52 INFO LEAD new: [Permitted] Westminster/24/01091/FULL — 1 Dean Street London W1D 3RB
2026-10-01 14:31:52 INFO LEAD new: [Permitted] Westminster/24/01098/LBC — 6 Chesterfield Gardens London W1J 5BQ
2026-10-01 14:31:52 INFO LEAD new: [Permitted] Westminster/24/01097/FULL — 6 Chesterfield Gardens London W1J 5BQ
2026-10-01 14:31:52 INFO LEAD new: [Permitted] Westminster/24/01086/FULL — The Three Greyhounds Public House 25 Greek Street London W1D
2026-10-01 14:31:52 INFO LEAD new: [Permitted] Westminster/24/01087/ADV — 1 Bear Street London WC2H 7AR
2026-10-01 14:31:52 INFO LEAD new: [Permitted] Westminster/24/01094/ADV — Alexandra House 221-223 Oxford Street London W1D 2LJ
2026-10-01 14:31:52 INFO LEAD new: [Permitted] Westminster/24/01082/TCH — 32 Crawford Place London W1H 5NN
2026-10-01 14:31:52 INFO LEAD new: [Permitted] Westminster/24/01089/NMA — Audley Square London
2026-10-01 14:31:52 INFO LEAD new: [Permitted] Westminster/24/01081/FULL — Ground Floor 53 Whitehall London SW1A 2HP
2026-10-01 14:31:52 INFO LEAD new: [Permitted] Westminster/24/01099/FULL — Central Reservation Opposite The Dorchester Hotel Park Lane 
2026-10-01 14:31:52 INFO LEAD new: [Permitted] Westminster/24/01054/LBC — Crofton House 1 New Cavendish Street London W1G 8US
2026-10-01 14:31:52 INFO LEAD new: [Permitted] Westminster/24/01053/FULL — Trafalgar Square London
2026-10-01 14:31:52 INFO LEAD new: [Permitted] Westminster/24/01050/ADFULL — 39 Newton Road London W2 5JR
2026-10-01 14:31:52 INFO LEAD new: [Permitted] Westminster/24/01166/ADLBC — 33 Rutland Gate London SW7 1PD
2026-10-01 14:31:52 INFO LEAD new: [Permitted] Westminster/24/01066/ADFULL — 402 Harrow Road London W9 2HU
2026-10-01 14:31:52 INFO LEAD new: [Permitted] Westminster/24/01051/ADFULL — 5 Hillside Close London NW8 0EF
2026-10-01 14:31:52 INFO LEAD new: [Permitted] Westminster/24/01052/ADFULL — Basement 57 Warrington Crescent London W9 1EH
2026-10-01 14:31:52 INFO LEAD new: [Permitted] Westminster/24/01049/ADV — Basement And Ground Floor 102 Baker Street London W1U 6TL
2026-10-01 14:31:52 INFO LEAD new: [Permitted] Westminster/24/01064/FULL — 28 Old Barrack Yard London SW1X 7NP
2026-10-01 14:31:52 INFO LEAD new: [Permitted] Westminster/24/01059/ADLBC — Police Public Call Post Grosvenor Square London W1K 6LD
2026-10-01 14:31:52 INFO LEAD new: [Permitted] Westminster/24/01065/LBC — 28 Old Barrack Yard London SW1X 7NP
2026-10-01 14:31:52 INFO LEAD new: [Permitted] Westminster/24/01062/FULL — Green Man 36 Riding House Street London W1W 7EP
2026-10-01 14:31:52 INFO LEAD new: [Permitted] Westminster/24/01048/ADFULL — 13-14 Hanover Street London W1S 1YH
2026-10-01 14:31:52 INFO LEAD new: [Permitted] Westminster/24/01068/ADFULL — 33 Rutland Gate London SW7 1PD
2026-10-01 14:31:52 INFO LEAD new: [Permitted] Westminster/24/01058/ADFULL — 34-35 Eastcastle Street London W1W 8DW
2026-10-01 14:31:52 INFO LEAD new: [Permitted] Westminster/24/01044/FULL — 11 Binney Street London W1K 5BD
2026-10-01 14:31:52 INFO LEAD new: [Permitted] Westminster/24/01009/ADLBC — 9 Molyneux Street London W1H 5HP
2026-10-01 14:31:52 INFO LEAD new: [Permitted] Westminster/24/01022/ADFULL — 13 Passmore Street London SW1W 8HR
2026-10-01 14:31:52 INFO LEAD new: [Permitted] Westminster/24/01024/ADFULL — 17 Passmore Street London SW1W 8HR
2026-10-01 14:31:52 INFO LEAD new: [Permitted] Westminster/24/01019/ADFULL — 7 Passmore Street London SW1W 8HR
2026-10-01 14:31:52 INFO LEAD new: [Permitted] Westminster/24/01011/ADV — 1 Paddington Square City Of Westminster London W2 1DL
2026-10-01 14:31:52 INFO LEAD new: [Permitted] Westminster/24/01018/ADFULL — 5 Passmore Street London SW1W 8HR
2026-10-01 14:31:52 INFO LEAD new: [Permitted] Westminster/24/01017/FULL — Avenfield House 118-127 Park Lane London W1K 7AF
2026-10-01 14:31:52 INFO LEAD new: [Permitted] Westminster/24/01020/ADFULL — 9 Passmore Street London SW1W 8HR
2026-10-01 14:31:52 INFO LEAD new: [Permitted] Westminster/24/01023/ADFULL — 15 Passmore Street London SW1W 8HR
2026-10-01 14:31:53 INFO LEAD new: [Permitted] Westminster/24/01076/OBS — Lambeth College Vauxhall Centre Belmore Street Lambeth Londo
2026-10-01 14:31:53 INFO LEAD new: [Permitted] Westminster/24/01040/ADLBC — 5 Craven Hill London W2 3EN
2026-10-01 14:31:53 INFO LEAD new: [Permitted] Westminster/24/01005/ADLBC — Development Site At Former Whiteleys Centre Queensway London
2026-10-01 14:31:53 INFO LEAD new: [Permitted] Westminster/24/01015/ADLBC — The Ritz Hotel 150 - 156 Piccadilly London W1J 9BR
2026-10-01 14:31:53 INFO LEAD new: [Permitted] Westminster/24/01042/ADV — Basement And Ground Floor 7-8 Market Place London W1W 8AG
2026-10-01 14:31:53 INFO LEAD new: [Permitted] Westminster/24/01079/ADLBC — 4 Duke Street London W1U 3EH
2026-10-01 14:31:53 INFO LEAD new: [Permitted] Westminster/24/01012/ADFULL — 4 Duke Street London W1U 3EH
2026-10-01 14:31:53 INFO LEAD new: [Permitted] Westminster/24/01021/ADFULL — 11 Passmore Street London SW1W 8HR
2026-10-01 14:31:53 INFO LEAD new: [Permitted] Westminster/24/01035/FULL — Flat 15 2 Mansfield Street London W1G 9NF
2026-10-01 14:31:53 INFO LEAD new: [Permitted] Westminster/24/01036/LBC — Flat 15 2 Mansfield Street London W1G 9NF
2026-10-01 14:31:53 INFO LEAD new: [Permitted] Westminster/24/01037/FULL — Flat 34 2 Mansfield Street London W1G 9NF
2026-10-01 14:31:53 INFO LEAD new: [Permitted] Westminster/24/01038/LBC — Flat 34 2 Mansfield Street London W1G 9NF
2026-10-01 14:31:53 INFO LEAD new: [Permitted] Westminster/24/01041/ADFULL — 5 Craven Hill London W2 3EN
2026-10-01 14:31:53 INFO LEAD new: [Permitted] Westminster/24/01027/LBC — 25 North Audley Street London W1K 6WS
2026-10-01 14:31:53 INFO LEAD new: [Permitted] Westminster/24/01025/ADFULL — 19 Passmore Street London SW1W 8HR
2026-10-01 14:31:53 INFO LEAD new: [Permitted] Westminster/24/01028/ADFULL — Development Site At Chelsea Barracks Chelsea Bridge Road Lon
2026-10-01 14:31:53 INFO LEAD new: [Permitted] Westminster/24/00970/LBC — 4-6 Soho Square London W1D 3PZ
2026-10-01 14:31:53 INFO LEAD new: [Permitted] Westminster/24/01327/TELNOT — 50 Brompton Road London SW3 1BW
2026-10-01 14:31:53 INFO LEAD new: [Permitted] Westminster/24/00984/LBC — Old War Office Whitehall London SW1A 2BX
2026-10-01 14:31:53 INFO LEAD new: [Permitted] Westminster/24/01332/TELNOT — Drummond Gate London
2026-10-01 14:31:53 INFO LEAD new: [Permitted] Westminster/24/00981/LBC — The Lyceum Theatre 17 - 21 Wellington Street London WC2E 7RQ
2026-10-01 14:31:53 INFO LEAD new: [Permitted] Westminster/24/01316/TELNOT — 79 Victoria Street London SW1H 0HW
2026-10-01 14:31:53 INFO LEAD new: [Permitted] Westminster/24/00979/NMA — Ebury Bridge Estate Ebury Bridge Road London SW1W 8PX
2026-10-01 14:31:53 INFO LEAD new: [Permitted] Westminster/24/00998/ADFULL — Paddington Sorting & Delivery 31 London Street London W2 1DJ
2026-10-01 14:31:53 INFO LEAD new: [Permitted] Westminster/24/00999/ADV — Max Mara 19 - 21 Old Bond Street London W1S 4PU
2026-10-01 14:31:53 INFO LEAD new: [Permitted] Westminster/24/01071/OBS — Lambeth College Vauxhall Centre Belmore Street Lambeth Londo
2026-10-01 14:31:53 INFO LEAD new: [Permitted] Westminster/24/00988/LBC — 77 Eaton Terrace London SW1W 8TN
2026-10-01 14:31:53 INFO LEAD new: [Permitted] Westminster/24/00996/ADFULL — 1 James Street Marylebone London W1U 1DR
2026-10-01 14:31:53 INFO LEAD new: [Permitted] Westminster/24/00997/ADV — Columbia House 69 Aldwych London WC2B 4RR
2026-10-01 14:31:53 INFO LEAD new: [Permitted] Westminster/24/00986/NMA — 114 - 116 Queensway London
2026-10-01 14:31:53 INFO LEAD new: [Permitted] Westminster/24/00971/FULL — 94 Ebury Mews London SW1W 9NX
2026-10-01 14:31:53 INFO LEAD new: [Permitted] Westminster/24/00990/ADV — Terminal House 52 Grosvenor Gardens London SW1W 0AU
2026-10-01 14:31:53 INFO LEAD new: [Permitted] Westminster/24/00991/FULL — Hanover Square Garden Hanover Square London W1S 1HP
2026-10-01 14:31:53 INFO LEAD new: [Permitted] Westminster/24/00978/ADLBC — 12-12A Ulster Terrace London NW1 4PJ
2026-10-01 14:31:53 INFO LEAD new: [Permitted] Westminster/24/00995/FULL — Serpentine Gallery Kensington Gardens Exhibition Road London
2026-10-01 14:31:53 INFO LEAD new: [Permitted] Westminster/24/00987/FULL — 77 Eaton Terrace London SW1W 8TN
2026-10-01 14:31:53 INFO LEAD new: [Permitted] Westminster/24/00974/LBC — 78 Regent Street London W1B 5RL
2026-10-01 14:31:53 INFO LEAD new: [Permitted] Westminster/24/00969/FULL — 4-6 Soho Square London W1D 3PZ
2026-10-01 14:31:53 INFO LEAD new: [Permitted] Westminster/24/01033/ADFULL — 37 Belgrave Square London SW1X 8NS
2026-10-01 14:31:53 INFO LEAD new: [Permitted] Westminster/24/00967/NMA — 40 Grosvenor Place London SW1X 7HJ
2026-10-01 14:31:53 INFO LEAD new: [Permitted] Westminster/24/00966/NMA — 40 Grosvenor Place London SW1X 7HJ
2026-10-01 14:31:53 INFO LEAD new: [Permitted] Westminster/24/00963/ADFULL — 40 Eastbourne Terrace London W2 6LG
2026-10-01 14:31:53 INFO LEAD new: [Permitted] Westminster/24/00940/FULL — 12-12A Ulster Terrace London NW1 4PJ
2026-10-01 14:31:53 INFO LEAD new: [Permitted] Westminster/24/00955/CLOPUD — 27 Grove End Road London NW8 9BS
2026-10-01 14:31:53 INFO LEAD new: [Permitted] Westminster/24/00921/LBC — Flat 2 1 Hyde Park Street London W2 2JW
2026-10-01 14:31:53 INFO LEAD new: [Permitted] Westminster/24/00942/NMA — Hinde House 11-14 Hinde Street London W1U 3BD
2026-10-01 14:31:53 INFO LEAD new: [Permitted] Westminster/24/00964/ADFULL — 50 George Street London W1U 7GA
2026-10-01 14:31:53 INFO LEAD new: [Permitted] Westminster/24/00973/CLLB — 45 Blenheim Terrace London NW8 0EJ
2026-10-01 14:31:53 INFO LEAD new: [Permitted] Westminster/24/00939/TELNOT — Chapter Chambers London SW1P 4NR
2026-10-01 14:31:53 INFO LEAD new: [Permitted] Westminster/24/00954/ADFULL — 6 Buckingham Mews London SW1E 6NR
2026-10-01 14:31:53 INFO LEAD new: [Permitted] Westminster/24/00957/LBC — Fortune Theatre Russell Street London WC2B 5HH
2026-10-01 14:31:53 INFO LEAD new: [Permitted] Westminster/24/00948/LBC — 11 York Terrace West London NW1 4QA
2026-10-01 14:31:53 INFO LEAD new: [Permitted] Westminster/24/00961/LBC — Flat 6 11 Hyde Park Gardens London W2 2LU
2026-10-01 14:31:53 INFO LEAD new: [Permitted] Westminster/24/00959/ADFULL — 9 Cavendish Square London W1G 9DF
2026-10-01 14:32:00 INFO [westminster/Permitted] page at offset 7000: 100 records
2026-10-01 14:32:00 INFO LEAD new: [Permitted] Westminster/24/00949/ADV — 39-44 Grosvenor Square London W1K 2HP
2026-10-01 14:32:00 INFO LEAD new: [Permitted] Westminster/24/00956/LBC — London Coliseum 32 - 35 St Martin's Lane London WC2N 4ES
2026-10-01 14:32:00 INFO LEAD new: [Permitted] Westminster/24/00933/ADLBC — The Punch And Judy 40 The Market Covent Garden London WC2E 8
2026-10-01 14:32:00 INFO LEAD new: [Permitted] Westminster/24/01047/ADFULL — The Punch And Judy 40 The Market Covent Garden London WC2E 8
2026-10-01 14:32:00 INFO LEAD new: [Permitted] Westminster/24/00922/FULL — Flat 2 1 Hyde Park Street London W2 2JW
2026-10-01 14:32:00 INFO LEAD new: [Permitted] Westminster/24/00953/FULL — Wogan House 99 Great Portland Street London W1W 7NY
2026-10-01 14:32:00 INFO LEAD new: [Permitted] Westminster/24/00941/LBC — 12-12A Ulster Terrace London NW1 4PJ
2026-10-01 14:32:00 INFO LEAD new: [Permitted] Westminster/24/00929/FULL — 31 Cleveland Terrace London W2 6DU
2026-10-01 14:32:00 INFO LEAD new: [Permitted] Westminster/24/00944/ADFULL — 334 - 348 Oxford Street London W1C 1JG
2026-10-01 14:32:00 INFO LEAD new: [Permitted] Westminster/24/00952/ADFULL — 334 - 348 Oxford Street London W1C 1JG
2026-10-01 14:32:00 INFO LEAD new: [Permitted] Westminster/24/00907/TCH — Basement And Ground Floor 24 Ganton Street London W1F 7QY
2026-10-01 14:32:00 INFO LEAD new: [Permitted] Westminster/24/00900/LBC — The Punch And Judy 40 The Market Covent Garden London WC2E 8
2026-10-01 14:32:00 INFO LEAD new: [Permitted] Westminster/24/00895/ADFULL — Development Site At 14 To 17 Paddington Green London
2026-10-01 14:32:00 INFO LEAD new: [Permitted] Westminster/24/00908/ADV — 57-59 Welbeck Street London W1G 9BL
2026-10-01 14:32:00 INFO LEAD new: [Permitted] Westminster/24/00909/ADFULL — Grosvenor Gardens House 35-37 Grosvenor Gardens London SW1W 
2026-10-01 14:32:00 INFO LEAD new: [Permitted] Westminster/24/00910/ADFULL — Grosvenor Gardens House 35-37 Grosvenor Gardens London SW1W 
2026-10-01 14:32:00 INFO LEAD new: [Permitted] Westminster/24/00911/ADFULL — Grosvenor Gardens House 35-37 Grosvenor Gardens London SW1W 
2026-10-01 14:32:00 INFO LEAD new: [Permitted] Westminster/24/00912/ADFULL — Grosvenor Gardens House 35-37 Grosvenor Gardens London SW1W 
2026-10-01 14:32:00 INFO LEAD new: [Permitted] Westminster/24/01312/TELNOT — Kensington Gardens Hotel 104 Bayswater Road London W2 3HL
2026-10-01 14:32:00 INFO LEAD new: [Permitted] Westminster/24/00901/ADFULL — Development Site At 14 To 17 Paddington Green London
2026-10-01 14:32:00 INFO LEAD new: [Permitted] Westminster/24/00904/ADV — 128 Wilton Road London SW1V 1JZ
2026-10-01 14:32:00 INFO LEAD new: [Permitted] Westminster/24/00896/LBC — 27 Norfolk Road London NW8 6AU
2026-10-01 14:32:00 INFO LEAD new: [Permitted] Westminster/24/01075/LBC — Fifth Floor 80 Strand London WC2R 0DE
2026-10-01 14:32:00 INFO LEAD new: [Permitted] Westminster/24/00891/NMA — 1 James Street Marylebone London W1U 1DR
2026-10-01 14:32:00 INFO LEAD new: [Permitted] Westminster/24/00918/LBC — 3 Ennismore Gardens London SW7 1NL
2026-10-01 14:32:00 INFO LEAD new: [Permitted] Westminster/24/00917/FULL — 3 Ennismore Gardens London SW7 1NL
2026-10-01 14:32:00 INFO LEAD new: [Permitted] Westminster/24/00920/CLEUD — Basement 79 Marylands Road London W9 2DS
2026-10-01 14:32:00 INFO LEAD new: [Permitted] Westminster/24/00886/ADLBC — Warwick House Stable Yard Road London SW1A 1BD
2026-10-01 14:32:00 INFO LEAD new: [Permitted] Westminster/24/00870/FULL — 24 Warwick Avenue London W9 2PT
2026-10-01 14:32:00 INFO LEAD new: [Permitted] Westminster/24/00890/FULL — 4 Eaton Terrace Mews London SW1W 8EU
2026-10-01 14:32:00 INFO LEAD new: [Permitted] Westminster/24/00876/ADFULL — 129 Lauderdale Mansions Lauderdale Road London W9 1LY
2026-10-01 14:32:00 INFO LEAD new: [Permitted] Westminster/24/00880/ADV — Buckingham Palace The Mall London SW1A 1AA
2026-10-01 14:32:00 INFO LEAD new: [Permitted] Westminster/24/00885/ADV — Alexandra House 221-223 Oxford Street London W1D 2LJ
2026-10-01 14:32:00 INFO LEAD new: [Permitted] Westminster/24/00871/LBC — 24 Warwick Avenue London W9 2PT
2026-10-01 14:32:00 INFO LEAD new: [Permitted] Westminster/24/00881/LBC — Buckingham Palace The Mall London SW1A 1AA
2026-10-01 14:32:00 INFO LEAD new: [Permitted] Westminster/24/00857/ADV — 240 Edgware Road London W2 1DW
2026-10-01 14:32:00 INFO LEAD new: [Permitted] Westminster/24/00845/LBC — 64 Bayswater Road London W2 3PH
2026-10-01 14:32:00 INFO LEAD new: [Permitted] Westminster/24/00856/FULL — 240 Edgware Road London W2 1DW
2026-10-01 14:32:00 INFO LEAD new: [Permitted] Westminster/24/00839/ADV — 144-146 New Bond Street London W1S 2TR
2026-10-01 14:32:00 INFO LEAD new: [Permitted] Westminster/24/00849/FULL — 5 Orme Square London W2 4RS
2026-10-01 14:32:01 INFO LEAD new: [Permitted] Westminster/24/00841/FULL — 63 Ebury Street London SW1W 0NZ
2026-10-01 14:32:01 INFO LEAD new: [Permitted] Westminster/24/00838/FULL — 5 Manchester Street London W1U 3AE
2026-10-01 14:32:01 INFO LEAD new: [Permitted] Westminster/24/00860/ADFULL — 46 St Petersburgh Place London W2 4LD
2026-10-01 14:32:01 INFO LEAD new: [Permitted] Westminster/24/00855/LBC — Third Floor And Fourth Floor Maisonette 109 Gloucester Terra
2026-10-01 14:32:01 INFO LEAD new: [Permitted] Westminster/24/00844/ADV — 1A Poland Street London W1F 8PR
2026-10-01 14:32:01 INFO LEAD new: [Permitted] Westminster/24/00825/FULL — 333 Vauxhall Bridge Road London SW1V 1EJ
2026-10-01 14:32:01 INFO LEAD new: [Permitted] Westminster/24/00830/FULL — 37 Sussex Street London SW1V 4RJ
2026-10-01 14:32:01 INFO LEAD new: [Permitted] Westminster/24/00809/ADLBC — 208 Piccadilly London W1J 9HG
2026-10-01 14:32:01 INFO LEAD new: [Permitted] Westminster/24/00829/LBC — 16 King Street Covent Garden London WC2E 8JF
2026-10-01 14:32:01 INFO LEAD new: [Permitted] Westminster/24/00806/ADV — 51 Cleveland Street London W1T 4JH
2026-10-01 14:32:01 INFO LEAD new: [Permitted] Westminster/24/00810/ADFULL — 208 Piccadilly London W1J 9HG
2026-10-01 14:32:01 INFO LEAD new: [Permitted] Westminster/24/00823/NMA — Development Site At 14 To 17 Paddington Green London
2026-10-01 14:32:01 INFO LEAD new: [Permitted] Westminster/24/00828/ADV — 16 King Street Covent Garden London WC2E 8JF
2026-10-01 14:32:01 INFO LEAD new: [Permitted] Westminster/24/00803/COGADF — 1 Ebury Bridge Road London SW1W 8PX
2026-10-01 14:32:01 INFO LEAD new: [Permitted] Westminster/24/00801/FULL — Flat 10 And 11 12 - 18 Hill Street London W1J 5NH
2026-10-01 14:32:01 INFO LEAD new: [Permitted] Westminster/24/00822/ADV — 80 Strand London WC2R 0RL
2026-10-01 14:32:01 INFO LEAD new: [Permitted] Westminster/24/00813/ADFULL — Brettenham House Lancaster Place London WC2E 7EN
2026-10-01 14:32:01 INFO LEAD new: [Permitted] Westminster/24/00814/ADFULL — Devonshire House Mayfair Place London W1J 8AJ
2026-10-01 14:32:01 INFO LEAD new: [Permitted] Westminster/24/00821/ADFULL — Development Site At 14 To 17 Paddington Green London
2026-10-01 14:32:01 INFO LEAD new: [Permitted] Westminster/24/00827/FULL — 16 King Street Covent Garden London WC2E 8JF
2026-10-01 14:32:01 INFO LEAD new: [Permitted] Westminster/24/00836/ADLBC — Devonshire House Mayfair Place London W1J 8AJ
2026-10-01 14:32:01 INFO LEAD new: [Permitted] Westminster/24/00804/NMA — 51 - 53 Brick Street London
2026-10-01 14:32:01 INFO LEAD new: [Permitted] Westminster/24/00805/LBC — Flat 3 4 Upper Belgrave Street London SW1X 8BD
2026-10-01 14:32:01 INFO LEAD new: [Permitted] Westminster/24/00799/FULL — 29 Foubert's Place London W1F 7QF
2026-10-01 14:32:01 INFO LEAD new: [Permitted] Westminster/24/00802/NMA — 23 Abbey Road London NW8 9AU
2026-10-01 14:32:01 INFO LEAD new: [Permitted] Westminster/24/00817/NMA — Porchester Court Porchester Gardens London W2 4DF
2026-10-01 14:32:01 INFO LEAD new: [Permitted] Westminster/24/00826/ADV — 333 Vauxhall Bridge Road London SW1V 1EJ
2026-10-01 14:32:01 INFO LEAD new: [Permitted] Westminster/24/00820/LBC — Royal Albert Hall Kensington Gore London SW7 2AP
2026-10-01 14:32:01 INFO LEAD new: [Permitted] Westminster/24/00782/ADV — 26 - 28 Warwick Way London SW1V 1RX
2026-10-01 14:32:01 INFO LEAD new: [Permitted] Westminster/24/00786/FULL — 16 Ormonde Terrace London NW8 7LP
2026-10-01 14:32:01 INFO LEAD new: [Permitted] Westminster/24/00776/FULL — 55 Ebury Street London SW1W 0PA
2026-10-01 14:32:01 INFO LEAD new: [Permitted] Westminster/24/00795/NMA — 24 Warwick Avenue London W9 2PT
2026-10-01 14:32:01 INFO LEAD new: [Permitted] Westminster/24/00789/ADLBC — 17 Wilton Crescent London SW1X 8SA
2026-10-01 14:32:01 INFO LEAD new: [Permitted] Westminster/24/00791/ADV — 4 The Market Covent Garden London WC2E 8RA
2026-10-01 14:32:01 INFO LEAD new: [Permitted] Westminster/24/00773/ADFULL — 11 - 12 Hamilton Place London W1J 7DR
2026-10-01 14:32:01 INFO LEAD new: [Permitted] Westminster/24/00784/FULL — Flat 19 Bickenhall Mansions Bickenhall Street London W1U 6BP
2026-10-01 14:32:01 INFO LEAD new: [Permitted] Westminster/24/00781/FULL — 26 - 28 Warwick Way London SW1V 1RX
2026-10-01 14:32:01 INFO LEAD new: [Permitted] Westminster/24/00788/ADFULL — 50 York Street London W1H 1GD
2026-10-01 14:32:01 INFO LEAD new: [Permitted] Westminster/24/00787/ADFULL — 6 Charles Street London W1J 5DG
2026-10-01 14:32:01 INFO LEAD new: [Permitted] Westminster/24/00778/LBC — 17 Lord North Street London SW1P 3LD
2026-10-01 14:32:01 INFO LEAD new: [Permitted] Westminster/24/00777/FULL — 17 Lord North Street London SW1P 3LD
2026-10-01 14:32:01 INFO LEAD new: [Permitted] Westminster/24/00785/FULL — 34-36 Charles Street London W1J 5EB
2026-10-01 14:32:01 INFO LEAD new: [Permitted] Westminster/24/00877/ADFULL — Whaddon House William Mews London SW1X 9HG
2026-10-01 14:32:01 INFO LEAD new: [Permitted] Westminster/24/00897/ADLBC — 50 York Street London W1H 1GD
2026-10-01 14:32:01 INFO LEAD new: [Permitted] Westminster/24/00768/ADFULL — 127 St George's Drive London SW1V 4DA
2026-10-01 14:32:01 INFO LEAD new: [Permitted] Westminster/24/00772/ADLBC — 27 Upper Berkeley Street London W1H 7QN
2026-10-01 14:32:01 INFO LEAD new: [Permitted] Westminster/24/00752/ADFULL — 33 Rutland Gate London SW7 1PD
2026-10-01 14:32:01 INFO LEAD new: [Permitted] Westminster/24/00754/FULL — Third Floor Flat 34 - 35 Dean Street London W1D 4PR
2026-10-01 14:32:01 INFO LEAD new: [Permitted] Westminster/24/00763/ADV — 85 Shaftesbury Avenue London W1D 5DX
2026-10-01 14:32:08 INFO [westminster/Permitted] page at offset 7100: 100 records
2026-10-01 14:32:08 INFO LEAD new: [Permitted] Westminster/24/00808/ADLBC — 33 Rutland Gate London SW7 1PD
2026-10-01 14:32:08 INFO LEAD new: [Permitted] Westminster/24/00748/LBC — Admiralty Buildings Whitehall London SW1A 2PA
2026-10-01 14:32:08 INFO LEAD new: [Permitted] Westminster/24/00756/LBC — 17 Lord North Street London SW1P 3LD
2026-10-01 14:32:08 INFO LEAD new: [Permitted] Westminster/24/00765/FULL — 53A Marlborough Place London NW8 0PS
2026-10-01 14:32:08 INFO LEAD new: [Permitted] Westminster/24/00753/FULL — 18 Balderton Street London W1K 6TG
2026-10-01 14:32:08 INFO LEAD new: [Permitted] Westminster/24/00759/FULL — 50 Long Acre London WC2E 9JR
2026-10-01 14:32:08 INFO LEAD new: [Permitted] Westminster/24/00760/ADV — 50 Long Acre London WC2E 9JR
2026-10-01 14:32:08 INFO LEAD new: [Permitted] Westminster/24/00761/LBC — 50 Long Acre London WC2E 9JR
2026-10-01 14:32:08 INFO LEAD new: [Permitted] Westminster/24/00771/ADFULL — 27 Upper Berkeley Street London W1H 7QN
2026-10-01 14:32:08 INFO LEAD new: [Permitted] Westminster/24/00783/ADLBC — Flat 2 48 Montagu Square London W1H 2LW
2026-10-01 14:32:08 INFO LEAD new: [Permitted] Westminster/24/00766/ADLBC — 25 - 31 Wellington Street London WC2E 7DD
2026-10-01 14:32:08 INFO LEAD new: [Permitted] Westminster/24/00751/ADFULL — Flat 2 48 Montagu Square London W1H 2LW
2026-10-01 14:32:08 INFO LEAD new: [Permitted] Westminster/24/00755/ADFULL — 8 Northwick Close London NW8 8JG
2026-10-01 14:32:08 INFO LEAD new: [Permitted] Westminster/24/00733/LBC — Flat 4 38-39 Rutland Gate London SW7 1PD
2026-10-01 14:32:08 INFO LEAD new: [Permitted] Westminster/24/00732/FULL — 50 Sussex Street London SW1V 4RG
2026-10-01 14:32:08 INFO LEAD new: [Permitted] Westminster/24/00727/ADFULL — Development Site At 14 To 17 Paddington Green London
2026-10-01 14:32:08 INFO LEAD new: [Permitted] Westminster/24/00729/NMA — 100 Piccadilly London W1J 7NH
2026-10-01 14:32:08 INFO LEAD new: [Permitted] Westminster/24/00708/ADFULL — 14 Acacia Road London NW8 6AN
2026-10-01 14:32:08 INFO LEAD new: [Permitted] Westminster/24/00709/ADLBC — 89-91 Pall Mall London SW1Y 5HS
2026-10-01 14:32:08 INFO LEAD new: [Permitted] Westminster/24/01498/ADV — 51 Whitehall London SW1A 2BX
2026-10-01 14:32:08 INFO LEAD new: [Permitted] Westminster/24/00914/ADV — 11 South Molton Street London W1K 5QL
2026-10-01 14:32:08 INFO LEAD new: [Permitted] Westminster/24/00696/ADV — Basement And Ground Floor 16 Maiden Lane London WC2E 7NA
2026-10-01 14:32:09 INFO LEAD new: [Permitted] Westminster/24/00705/FULL — Third Floor Flat 4 79 Randolph Avenue London W9 1DW
2026-10-01 14:32:09 INFO LEAD new: [Permitted] Westminster/24/00667/ADLBC — Grosvenor Gardens House 35-37 Grosvenor Gardens London SW1W 
2026-10-01 14:32:09 INFO LEAD new: [Permitted] Westminster/24/00674/FULL — 5A Motcomb Street London SW1X 8JU
2026-10-01 14:32:09 INFO LEAD new: [Permitted] Westminster/24/00692/FULL — Byron House 7-9 St James's Street London SW1A 1EE
2026-10-01 14:32:09 INFO LEAD new: [Permitted] Westminster/24/00950/TELNOT — Pethwick-Lawrence House 3 Clement's Inn London WC2A 2AZ
2026-10-01 14:32:09 INFO LEAD new: [Permitted] Westminster/24/00668/ADLBC — Grosvenor Gardens House 35-37 Grosvenor Gardens London SW1W 
2026-10-01 14:32:09 INFO LEAD new: [Permitted] Westminster/24/00672/ADLBC — 62 Prince's Square London W2 4PX
2026-10-01 14:32:09 INFO LEAD new: [Permitted] Westminster/24/00694/ADV — Byron House 7-9 St James's Street London SW1A 1EE
2026-10-01 14:32:09 INFO LEAD new: [Permitted] Westminster/24/00666/ADLBC — Grosvenor Gardens House 35-37 Grosvenor Gardens London SW1W 
2026-10-01 14:32:09 INFO LEAD new: [Permitted] Westminster/24/00654/ADV — 20 Berkeley Street London W1J 8EE
2026-10-01 14:32:09 INFO LEAD new: [Permitted] Westminster/24/00653/ADFULL — Embankment Tea Rooms Victoria Embankment London WC2N 6PB
2026-10-01 14:32:09 INFO LEAD new: [Permitted] Westminster/24/00800/CLLB — Palace Of Westminster St Margaret Street London SW1P 3JX
2026-10-01 14:32:09 INFO LEAD new: [Permitted] Westminster/24/00643/NMA — 1 Marble Arch London W1H 7EJ
2026-10-01 14:32:09 INFO LEAD new: [Permitted] Westminster/24/00644/FULL — Heron House 19 Marylebone Road London NW1 5JL
2026-10-01 14:32:09 INFO LEAD new: [Permitted] Westminster/24/00655/ADV — 37 Bedford Street London WC2E 9EN
2026-10-01 14:32:09 INFO LEAD new: [Permitted] Westminster/24/00629/FULL — 70 Charlbert Court Charlbert Street London NW8 7DB
2026-10-01 14:32:09 INFO LEAD new: [Permitted] Westminster/24/00640/ADLBC — The Market Covent Garden London WC2E 8RA
2026-10-01 14:32:09 INFO LEAD new: [Permitted] Westminster/24/00638/LBC — 7 - 14 Coventry Street London W1D 7DH
2026-10-01 14:32:09 INFO LEAD new: [Permitted] Westminster/24/00642/ADV — 7 - 14 Coventry Street London W1D 7DH
2026-10-01 14:32:09 INFO LEAD new: [Permitted] Westminster/24/00639/FULL — 41 - 54 Buckingham Gate London SW1E 6AF
2026-10-01 14:32:09 INFO LEAD new: [Permitted] Westminster/24/00649/ADFULL — Development Site At 150 And 152 Hamilton Terrace London NW8 
2026-10-01 14:32:09 INFO LEAD new: [Permitted] Westminster/24/00648/LBC — Flat 2 48 Montagu Square London W1H 2LW
2026-10-01 14:32:09 INFO LEAD new: [Permitted] Westminster/24/00661/FULL — Flat 15 Lanark Mansions 14 Lanark Road London W9 1DB
2026-10-01 14:32:09 INFO LEAD new: [Permitted] Westminster/24/00626/ADLBC — 83 Pall Mall London SW1Y 5ES
2026-10-01 14:32:09 INFO LEAD new: [Permitted] Westminster/24/00617/ADFULL — 1B Ennismore Gardens Mews London SW7 1HX
2026-10-01 14:32:09 INFO LEAD new: [Permitted] Westminster/24/00600/LBC — Flat 1 26A North Audley Street London W1K 6WB
2026-10-01 14:32:09 INFO LEAD new: [Permitted] Westminster/24/00621/LBC — Basement Floor And Ground Floor 112 Westbourne Grove London 
2026-10-01 14:32:09 INFO LEAD new: [Permitted] Westminster/24/00610/ADLBC — Flat 10 1 Carlos Place London W1K 3AJ
2026-10-01 14:32:09 INFO LEAD new: [Permitted] Westminster/24/00615/ADV — South West Wing Bush House Strand London WC2B 4RD
2026-10-01 14:32:09 INFO LEAD new: [Permitted] Westminster/24/00623/ADFULL — 7 Burlington Gardens London W1S 3QG
2026-10-01 14:32:09 INFO LEAD new: [Permitted] Westminster/24/00599/FULL — Flat 1 26A North Audley Street London W1K 6WB
2026-10-01 14:32:09 INFO LEAD new: [Permitted] Westminster/24/00588/ADV — Oxford Street London
2026-10-01 14:32:09 INFO LEAD new: [Permitted] Westminster/24/00616/ADV — 64 - 64A South Audley Street London W1K 2QT
2026-10-01 14:32:09 INFO LEAD new: [Permitted] Westminster/24/00628/FULL — 147 - 149 Wardour Street London W1F 8WD
2026-10-01 14:32:09 INFO LEAD new: [Permitted] Westminster/24/00624/TCH — 56 Wells Street London W1T 3PT
2026-10-01 14:32:09 INFO LEAD new: [Permitted] Westminster/24/00595/ADFULL — Lillian Penson Hall 15-25 Talbot Square London W2 1TT
2026-10-01 14:32:09 INFO LEAD new: [Permitted] Westminster/24/00614/ADV — 22 Kingsway London WC2B 6LE
2026-10-01 14:32:09 INFO LEAD new: [Permitted] Westminster/24/00619/ADLBC — 7 Burlington Gardens London W1S 3QG
2026-10-01 14:32:09 INFO LEAD new: [Permitted] Westminster/24/00591/ADLBC — 27 Gloucester Place London W1U 8HU
2026-10-01 14:32:09 INFO LEAD new: [Permitted] Westminster/24/00625/ADV — 56 Wells Street London W1T 3PT
2026-10-01 14:32:09 INFO LEAD new: [Permitted] Westminster/24/00593/ADFULL — Basement 27 Gloucester Place London W1U 8HU
2026-10-01 14:32:09 INFO LEAD new: [Permitted] Westminster/24/00592/ADFULL — 27 Gloucester Place London W1U 8HU
2026-10-01 14:32:09 INFO LEAD new: [Permitted] Westminster/24/00587/FULL — 8 Ennismore Gardens Mews London SW7 1HX
2026-10-01 14:32:09 INFO LEAD new: [Permitted] Westminster/24/00622/FULL — Beachcroft School 35 Finchley Road London NW8 0NW
2026-10-01 14:32:09 INFO LEAD new: [Permitted] Westminster/24/00579/LBC — 2 Pearson Square W1T 3BF
2026-10-01 14:32:09 INFO LEAD new: [Permitted] Westminster/24/00584/CLOPUD — 22 Northumberland Place London W2 5BS
2026-10-01 14:32:09 INFO LEAD new: [Permitted] Westminster/24/00561/FULL — 70 Margaret Street London W1W 8SS
2026-10-01 14:32:09 INFO LEAD new: [Permitted] Westminster/24/00583/FULL — 42 Devonshire Close London W1G 7BF
2026-10-01 14:32:09 INFO LEAD new: [Permitted] Westminster/24/00575/FULL — 26 Spring Street London W2 1JA
2026-10-01 14:32:09 INFO LEAD new: [Permitted] Westminster/24/00576/ADV — 26 Spring Street London W2 1JA
2026-10-01 14:32:09 INFO LEAD new: [Permitted] Westminster/24/00569/ADV — 150 Regent Street London W1B 5SJ
2026-10-01 14:32:09 INFO LEAD new: [Permitted] Westminster/24/00585/LBC — L Block Albany London W1J 0AZ
2026-10-01 14:32:09 INFO LEAD new: [Permitted] Westminster/24/00556/LBC — 5A Motcomb Street London SW1X 8JU
2026-10-01 14:32:09 INFO LEAD new: [Permitted] Westminster/24/00573/LBC — 108-132 Westbourne Terrace London W2 6QJ
2026-10-01 14:32:09 INFO LEAD new: [Permitted] Westminster/24/00562/LBC — 150 Regent Street London W1B 5SJ
2026-10-01 14:32:09 INFO LEAD new: [Permitted] Westminster/24/00581/ADFULL — Development Site At Carrington Street Car Park, 51-53 Brick 
2026-10-01 14:32:09 INFO LEAD new: [Permitted] Westminster/24/00574/FULL — 16 North Audley Street London W1K 6WL
2026-10-01 14:32:09 INFO LEAD new: [Permitted] Westminster/24/00586/ADLBC — 33 Blenheim Terrace London NW8 0EH
2026-10-01 14:32:10 INFO LEAD new: [Permitted] Westminster/24/00566/ADLBC — 89-91 Pall Mall London SW1Y 5HS
2026-10-01 14:32:16 INFO [westminster/Permitted] page at offset 7200: 100 records
2026-10-01 14:32:16 INFO LEAD new: [Permitted] Westminster/24/00580/ADFULL — Development Site At Carrington Street Car Park, 51-53 Brick 
2026-10-01 14:32:16 INFO LEAD new: [Permitted] Westminster/24/00541/FULL — 7 Norfolk Place London W2 1QL
2026-10-01 14:32:16 INFO LEAD new: [Permitted] Westminster/24/00544/NMA — 1 Welbeck Street London W1G 0AR
2026-10-01 14:32:16 INFO LEAD new: [Permitted] Westminster/24/00540/ADLBC — 9 Molyneux Street London W1H 5HP
2026-10-01 14:32:16 INFO LEAD new: [Permitted] Westminster/24/00553/FULL — 34 Eaton Mews South London SW1W 9HR
2026-10-01 14:32:16 INFO LEAD new: [Permitted] Westminster/24/00590/CLLB — Apartment 43 20 Park Crescent London W1B 1AA
2026-10-01 14:32:16 INFO LEAD new: [Permitted] Westminster/24/00552/NMA — 55 Baker Street London W1U 8EW
2026-10-01 14:32:16 INFO LEAD new: [Permitted] Westminster/24/00597/CLLB — Flat 65 79 Portland Place London W1B 1QY
2026-10-01 14:32:16 INFO LEAD new: [Permitted] Westminster/24/00543/NMA — 42-48 Great Portland Street London W1W 7LZ
2026-10-01 14:32:16 INFO LEAD new: [Permitted] Westminster/24/00545/FULL — 20 Clifton Hill London NW8 0QG
2026-10-01 14:32:16 INFO LEAD new: [Permitted] Westminster/24/00547/LBC — 20 Grosvenor Gardens London SW1W 0DH
2026-10-01 14:32:16 INFO LEAD new: [Permitted] Westminster/24/00542/ADV — 42-48 Great Portland Street London W1W 7LZ
2026-10-01 14:32:16 INFO LEAD new: [Permitted] Westminster/24/00546/LBC — 20 Clifton Hill London NW8 0QG
2026-10-01 14:32:16 INFO LEAD new: [Permitted] Westminster/24/00551/LBC — Fourth Floor 49 St James's Street London SW1A 1JT
2026-10-01 14:32:16 INFO LEAD new: [Permitted] Westminster/24/00550/LBC — 1 Horse Guards Road London SW1A 2HQ
2026-10-01 14:32:16 INFO LEAD new: [Permitted] Westminster/24/00538/ADFULL — 3A Devereux Court London WC2R 3JJ
2026-10-01 14:32:16 INFO LEAD new: [Permitted] Westminster/24/00936/TELNOT — Buckingham Palace Road London
2026-10-01 14:32:16 INFO LEAD new: [Permitted] Westminster/24/00532/FULL — 11A Ennismore Mews London SW7 1AP
2026-10-01 14:32:16 INFO LEAD new: [Permitted] Westminster/24/00510/LBC — 45 Lexington Street London W1F 9AN
2026-10-01 14:32:16 INFO LEAD new: [Permitted] Westminster/24/00508/FULL — 29 Poland Street London W1F 8QN
2026-10-01 14:32:16 INFO LEAD new: [Permitted] Westminster/24/00557/OBS — Southbank Centre Belvedere Road Lambeth London SE1 8XX
2026-10-01 14:32:16 INFO LEAD new: [Permitted] Westminster/24/00535/ADLBC — Flat 15 27-28 Ennismore Gardens London SW7 1AD
2026-10-01 14:32:16 INFO LEAD new: [Permitted] Westminster/24/00514/ADFULL — Southside 105 Victoria Street London SW1E 6QT
2026-10-01 14:32:16 INFO LEAD new: [Permitted] Westminster/24/00527/FULL — Flat 3 23 Bryanston Square London W1H 2DS
2026-10-01 14:32:16 INFO LEAD new: [Permitted] Westminster/24/00558/OBS — Southbank Centre Belvedere Road Lambeth London SE1 8XX
2026-10-01 14:32:16 INFO LEAD new: [Permitted] Westminster/24/00516/LBC — Third Floor And Fourth Floor Flat 69 Kensington Gardens Squa
2026-10-01 14:32:16 INFO LEAD new: [Permitted] Westminster/24/00522/FULL — 24 Warwick Avenue London W9 2PT
2026-10-01 14:32:17 INFO LEAD new: [Permitted] Westminster/24/00513/ADLBC — Admiralty Arch The Mall London SW1A 2WH
2026-10-01 14:32:17 INFO LEAD new: [Permitted] Westminster/24/00523/LBC — 24 Warwick Avenue London W9 2PT
2026-10-01 14:32:17 INFO LEAD new: [Permitted] Westminster/24/00525/FULL — 58 Buckingham Gate London SW1E 6AJ
2026-10-01 14:32:17 INFO LEAD new: [Permitted] Westminster/24/00520/ADFULL — 78-102 Rochester Row London
2026-10-01 14:32:17 INFO LEAD new: [Permitted] Westminster/24/00636/CLLB — Dorchester Hotel 53 Park Lane London W1K 1QA
2026-10-01 14:32:17 INFO LEAD new: [Permitted] Westminster/24/00521/ADFULL — Ebury Bridge Estate Ebury Bridge Road London SW1W 8PX
2026-10-01 14:32:17 INFO LEAD new: [Permitted] Westminster/24/00506/LBC — London Coliseum 32 - 35 St Martin's Lane London WC2N 4ES
2026-10-01 14:32:17 INFO LEAD new: [Permitted] Westminster/24/00501/ADFULL — Development Site At 150 And 152 Hamilton Terrace London NW8 
2026-10-01 14:32:17 INFO LEAD new: [Permitted] Westminster/24/00499/ADFULL — 12 Clifton Hill London NW8 0QG
2026-10-01 14:32:17 INFO LEAD new: [Permitted] Westminster/24/00477/ADLBC — 17 Manette Street London W1D 4AS
2026-10-01 14:32:17 INFO LEAD new: [Permitted] Westminster/24/00490/FULL — 18 Baker Street London W1U 3BX
2026-10-01 14:32:17 INFO LEAD new: [Permitted] Westminster/24/00504/LBC — 29 Bloomfield Terrace London SW1W 8PQ
2026-10-01 14:32:17 INFO LEAD new: [Permitted] Westminster/24/00502/FULL — 160 Great Portland Street London W1W 5QA
2026-10-01 14:32:17 INFO LEAD new: [Permitted] Westminster/24/00496/FULL — Basement And Ground Floor Maisonette 25-27 Old Queen Street 
2026-10-01 14:32:17 INFO LEAD new: [Permitted] Westminster/24/00482/ADLBC — 8 Cavendish Avenue London NW8 9JE
2026-10-01 14:32:17 INFO LEAD new: [Permitted] Westminster/24/00483/ADFULL — 8 Cavendish Avenue London NW8 9JE
2026-10-01 14:32:17 INFO LEAD new: [Permitted] Westminster/24/00479/FULL — St Johns Wood Barracks Ordnance Hill London NW8 6PT
2026-10-01 14:32:17 INFO LEAD new: [Permitted] Westminster/24/00500/ADFULL — Development Site At 150 And 152 Hamilton Terrace London NW8 
2026-10-01 14:32:17 INFO LEAD new: [Permitted] Westminster/24/00498/NMA — 46 Boscobel Place London SW1W 9PE
2026-10-01 14:32:17 INFO LEAD new: [Permitted] Westminster/24/00503/FULL — 29 Bloomfield Terrace London SW1W 8PQ
2026-10-01 14:32:17 INFO LEAD new: [Permitted] Westminster/24/00480/ADV — 1 Sheldon Square London W2 6PR
2026-10-01 14:32:17 INFO LEAD new: [Permitted] Westminster/24/00470/LBC — 3 Bulstrode Street London W1U 2JB
2026-10-01 14:32:17 INFO LEAD new: [Permitted] Westminster/24/00459/ADLBC — 46 Manchester Street London W1U 7LS
2026-10-01 14:32:17 INFO LEAD new: [Permitted] Westminster/24/00471/FULL — 26 Aberdeen Place London NW8 8JR
2026-10-01 14:32:17 INFO LEAD new: [Permitted] Westminster/24/00472/LBC — 26 Aberdeen Place London NW8 8JR
2026-10-01 14:32:17 INFO LEAD new: [Permitted] Westminster/24/00474/ADFULL — First Chicago House 90 Long Acre London WC2E 9RA
2026-10-01 14:32:17 INFO LEAD new: [Permitted] Westminster/24/00464/ADFULL — Development Site At 268-282 Vauxhall Bridge Road London
2026-10-01 14:32:17 INFO LEAD new: [Permitted] Westminster/24/00457/FULL — 25 - 26 Albemarle Street London W1S 4HX
2026-10-01 14:32:17 INFO LEAD new: [Permitted] Westminster/24/00468/ADFULL — 3 Kingdom Street London W2 6BD
2026-10-01 14:32:17 INFO LEAD new: [Permitted] Westminster/24/00469/FULL — 207 Shirland Road London W9 2EX
2026-10-01 14:32:17 INFO LEAD new: [Permitted] Westminster/24/00478/OBS — 1 Undershaft City Of London London EC3A 8EE
2026-10-01 14:32:17 INFO LEAD new: [Permitted] Westminster/24/00475/ADV — Ground Floor 30 Brewer Street London W1F 0SS
2026-10-01 14:32:17 INFO LEAD new: [Permitted] Westminster/24/00518/OBS — 40 Queen Victoria Street City Of London London EC4R 1DD
2026-10-01 14:32:17 INFO LEAD new: [Permitted] Westminster/24/00460/FULL — 138 Long Acre London WC2E 9AA
2026-10-01 14:32:17 INFO LEAD new: [Permitted] Westminster/24/00461/ADV — 138 Long Acre London WC2E 9AA
2026-10-01 14:32:17 INFO LEAD new: [Permitted] Westminster/24/00473/FULL — 4 - 5 Cavendish Mews North London W1W 6LA
2026-10-01 14:32:17 INFO LEAD new: [Permitted] Westminster/24/00484/CLLB — Royal Opera House Covent Garden London WC2E 9DD
2026-10-01 14:32:17 INFO LEAD new: [Permitted] Westminster/24/00466/FULL — Henry Wood House 2 Riding House Street London W1W 7FA
2026-10-01 14:32:17 INFO LEAD new: [Permitted] Westminster/24/00492/CLEUD — 40 Long Acre London WC2E 9RA
2026-10-01 14:32:17 INFO LEAD new: [Permitted] Westminster/24/00455/ADFULL — Grove End Gardens 33 Grove End Road London NW8 9LL
2026-10-01 14:32:17 INFO LEAD new: [Permitted] Westminster/24/00452/NMA — 16 Palace Street London SW1E 5JD
2026-10-01 14:32:17 INFO LEAD new: [Permitted] Westminster/24/00453/ADFULL — 16 Palace Street London SW1E 5JD
2026-10-01 14:32:17 INFO LEAD new: [Permitted] Westminster/24/00438/LBC — 40 Tavistock Street London WC2E 7PB
2026-10-01 14:32:17 INFO LEAD new: [Permitted] Westminster/24/00439/ADLBC — Open Space At Trafalgar Square London WC2N 5DS
2026-10-01 14:32:17 INFO LEAD new: [Permitted] Westminster/24/00431/AD7 — 16 - 17 Little Portland Street London W1W 8NE
2026-10-01 14:32:17 INFO LEAD new: [Permitted] Westminster/24/00436/FULL — 11 Northwick Close London NW8 8JG
2026-10-01 14:32:17 INFO LEAD new: [Permitted] Westminster/24/00449/LBC — Flat 2 1 Nottingham Street London W1U 5EF
2026-10-01 14:32:17 INFO LEAD new: [Permitted] Westminster/24/00451/LBC — 24 Stanhope Terrace London W2 2UA
2026-10-01 14:32:17 INFO LEAD new: [Permitted] Westminster/24/00432/COFUL — Blackstone House Churchill Gardens Estate London SW1V 3DT
2026-10-01 14:32:17 INFO LEAD new: [Permitted] Westminster/24/00443/ADV — 1 - 2 Coventry Street London W1D 6BH
2026-10-01 14:32:17 INFO LEAD new: [Permitted] Westminster/24/00434/FULL — Westminster Under School Adrian House 27 Vincent Square Lond
2026-10-01 14:32:17 INFO LEAD new: [Permitted] Westminster/24/02429/ADFULL — 43 Boundary Road London NW8 0JE
2026-10-01 14:32:17 INFO LEAD new: [Permitted] Westminster/24/00433/ADV — 20 Newcourt Street London NW8 7AA
2026-10-01 14:32:24 INFO [westminster/Permitted] page at offset 7300: 100 records
2026-10-01 14:32:24 INFO LEAD new: [Permitted] Westminster/24/00417/ADLBC — 1 Cavendish Square London W1G 0LA
2026-10-01 14:32:24 INFO LEAD new: [Permitted] Westminster/24/00416/ADLBC — Norman Shaw North Parliamentary Victoria Embankment London S
2026-10-01 14:32:24 INFO LEAD new: [Permitted] Westminster/24/00410/FULL — 25 Chester Square London SW1W 9HS
2026-10-01 14:32:24 INFO LEAD new: [Permitted] Westminster/24/00404/LBC — 25 Chester Square London SW1W 9HS
2026-10-01 14:32:24 INFO LEAD new: [Permitted] Westminster/24/00399/ADV — Basement And Ground Floor 24 New Cavendish Street London W1G
2026-10-01 14:32:24 INFO LEAD new: [Permitted] Westminster/24/00402/ADLBC — 27 Gloucester Place London W1U 8HU
2026-10-01 14:32:24 INFO LEAD new: [Permitted] Westminster/24/00403/FULL — Ground 26 James Street Marylebone London W1U 1EN
2026-10-01 14:32:24 INFO LEAD new: [Permitted] Westminster/24/00414/ADFULL — Garages At Devonshire Row Mews London
2026-10-01 14:32:24 INFO LEAD new: [Permitted] Westminster/24/00420/LBC — 10 York Terrace West London NW1 4QA
2026-10-01 14:32:24 INFO LEAD new: [Permitted] Westminster/24/00411/FULL — 93 Charing Cross Road London WC2H 0DP
2026-10-01 14:32:24 INFO LEAD new: [Permitted] Westminster/24/00489/ADLBC — 15 Queen Anne's Gate London
2026-10-01 14:32:24 INFO LEAD new: [Permitted] Westminster/24/00401/ADV — 36 Buckingham Palace Road London SW1W 0RE
2026-10-01 14:32:24 INFO LEAD new: [Permitted] Westminster/24/00400/ADV — 99 Wilton Road London SW1V 1DT
2026-10-01 14:32:24 INFO LEAD new: [Permitted] Westminster/24/00413/LBC — Greycoat Hospital Upper School Horseferry Road London SW1P 2
2026-10-01 14:32:24 INFO LEAD new: [Permitted] Westminster/24/00418/FULL — 22 Chapter Street London SW1P 4NP
2026-10-01 14:32:24 INFO LEAD new: [Permitted] Westminster/24/00419/FULL — 3 Buckingham Mews London SW1E 6NR
2026-10-01 14:32:24 INFO LEAD new: [Permitted] Westminster/24/00409/ADFULL — Taxi House 11 Woodfield Road London W9 2BA
2026-10-01 14:32:24 INFO LEAD new: [Permitted] Westminster/24/00394/FULL — 64 - 64A South Audley Street London W1K 2QT
2026-10-01 14:32:24 INFO LEAD new: [Permitted] Westminster/24/00388/ADLBC — Foreign & Commonwealth Office King Charles Street London SW1
2026-10-01 14:32:24 INFO LEAD new: [Permitted] Westminster/24/00387/LBC — First Floor Flat 13 Queen's Gardens Bayswater London W2 3BA
2026-10-01 14:32:24 INFO LEAD new: [Permitted] Westminster/24/00386/FULL — First Floor Flat 13 Queen's Gardens Bayswater London W2 3BA
2026-10-01 14:32:24 INFO LEAD new: [Permitted] Westminster/24/00390/CLOPUD — 118 Oliphant Street London W10 4EB
2026-10-01 14:32:24 INFO LEAD new: [Permitted] Westminster/24/00391/FULL — 118 Oliphant Street London W10 4EB
2026-10-01 14:32:24 INFO LEAD new: [Permitted] Westminster/24/00389/FULL — 32 Neville Court Abbey Road London NW8 9DA
2026-10-01 14:32:24 INFO LEAD new: [Permitted] Westminster/24/00378/ADFULL — 26 James Street Covent Garden London WC2E 8PA
2026-10-01 14:32:24 INFO LEAD new: [Permitted] Westminster/24/00366/LBC — Marylebone Station Melcombe Place London NW1 6JJ
2026-10-01 14:32:24 INFO LEAD new: [Permitted] Westminster/24/00371/LBC — 101-104 Piccadilly London W1J 7JT
2026-10-01 14:32:24 INFO LEAD new: [Permitted] Westminster/24/00370/FULL — 101-104 Piccadilly London W1J 7JT
2026-10-01 14:32:24 INFO LEAD new: [Permitted] Westminster/24/00567/TCH — 10 Irving Street London WC2H 7AT
2026-10-01 14:32:24 INFO LEAD new: [Permitted] Westminster/24/00373/FULL — Ground Floor Flat 46 Sussex Street London SW1V 4RH
2026-10-01 14:32:24 INFO LEAD new: [Permitted] Westminster/24/00381/ADFULL — St Marks Court Abercorn Place London NW8 9AN
2026-10-01 14:32:24 INFO LEAD new: [Permitted] Westminster/24/00382/CLOPUD — 6A Langford Place London NW8 0LL
2026-10-01 14:32:24 INFO LEAD new: [Permitted] Westminster/24/00374/FULL — Masionette First To Fourth Floor 46 Sussex Street London SW1
2026-10-01 14:32:24 INFO LEAD new: [Permitted] Westminster/24/00946/TELNOT — 1 Sheldon Square London W2 6PR
2026-10-01 14:32:24 INFO LEAD new: [Permitted] Westminster/24/00380/ADLBC — 79 Chester Square London SW1W 9DU
2026-10-01 14:32:24 INFO LEAD new: [Permitted] Westminster/24/00372/FULL — 12 Wilton Row London SW1X 7NR
2026-10-01 14:32:24 INFO LEAD new: [Permitted] Westminster/24/00369/ADFULL — Terminal House 52 Grosvenor Gardens London SW1W 0AU
2026-10-01 14:32:24 INFO LEAD new: [Permitted] Westminster/24/00356/LBC — 6 Warwick Place London W9 2PX
2026-10-01 14:32:24 INFO LEAD new: [Permitted] Westminster/24/00345/ADV — 36 Edgware Road London W2 2EH
2026-10-01 14:32:24 INFO LEAD new: [Permitted] Westminster/24/00430/TELNOT — The View 20 Palace Street London SW1E 5BA
2026-10-01 14:32:24 INFO LEAD new: [Permitted] Westminster/24/00935/TELNOT — 16 Noel Street London W1F 8GL
2026-10-01 14:32:24 INFO LEAD new: [Permitted] Westminster/24/00348/NMA — Westmead 4 Tavistock Road London W11 1BA
2026-10-01 14:32:24 INFO LEAD new: [Permitted] Westminster/24/00347/FULL — Flat 2 36 Buckingham Gate London SW1E 6PB
2026-10-01 14:32:24 INFO LEAD new: [Permitted] Westminster/24/00343/ADLBC — Lower Maisonette 64 Chepstow Road London W2 5BE
2026-10-01 14:32:24 INFO LEAD new: [Permitted] Westminster/24/00346/FULL — 36 Edgware Road London W2 2EH
2026-10-01 14:32:25 INFO LEAD new: [Permitted] Westminster/24/00362/NMA — Development Site On Land Bounded By Dean Street, Oxford Stre
2026-10-01 14:32:25 INFO LEAD new: [Permitted] Westminster/24/00358/FULL — 7 Durham Terrace London W2 5PB
2026-10-01 14:32:25 INFO LEAD new: [Permitted] Westminster/24/00341/LBC — 84 York Street London W1H 1QR
2026-10-01 14:32:25 INFO LEAD new: [Permitted] Westminster/24/00353/ADFULL — 23 Avenue Road London NW8 6BS
2026-10-01 14:32:25 INFO LEAD new: [Permitted] Westminster/24/00352/LBC — Buckingham Palace The Mall London SW1A 1AA
2026-10-01 14:32:25 INFO LEAD new: [Permitted] Westminster/24/00340/LBC — 90 Eaton Square London SW1W 9AG
2026-10-01 14:32:25 INFO LEAD new: [Permitted] Westminster/24/00336/FULL — 103 Elgin Avenue London W9 2NP
2026-10-01 14:32:25 INFO LEAD new: [Permitted] Westminster/24/00355/FULL — 6 Warwick Place London W9 2PX
2026-10-01 14:32:25 INFO LEAD new: [Permitted] Westminster/24/00357/FULL — Serpentine Gallery Pavilion Serpentine Gallery Kensington Ga
2026-10-01 14:32:25 INFO LEAD new: [Permitted] Westminster/24/00344/P3JPA — 29 - 31 Chadwick Street London SW1P 2ES
2026-10-01 14:32:25 INFO LEAD new: [Permitted] Westminster/24/00322/ADFULL — 12 Wilton Row London SW1X 7NR
2026-10-01 14:32:25 INFO LEAD new: [Permitted] Westminster/24/00398/OBS — Royal Festival Hall Belvedere Road Lambeth London SE1 8XX
2026-10-01 14:32:25 INFO LEAD new: [Permitted] Westminster/24/00312/ADFULL — 1 Kingly Court London W1B 5PW
2026-10-01 14:32:25 INFO LEAD new: [Permitted] Westminster/24/00307/ADFULL — 50 - 57 Newman Street London W1T 3EB
2026-10-01 14:32:25 INFO LEAD new: [Permitted] Westminster/24/00314/OBS — Lambeth College Vauxhall Centre Belmore Street Lambeth Londo
2026-10-01 14:32:25 INFO LEAD new: [Permitted] Westminster/24/00325/FULL — 21 Shouldham Street London W1H 5FL
2026-10-01 14:32:25 INFO LEAD new: [Permitted] Westminster/24/00321/FULL — 42 Harley Street London W1G 9PR
2026-10-01 14:32:25 INFO LEAD new: [Permitted] Westminster/24/00440/LBC — 10 Downing Street London SW1A 2AA
2026-10-01 14:32:25 INFO LEAD new: [Permitted] Westminster/24/00308/ADFULL — 29 Marylebone Road London NW1 5JX
2026-10-01 14:32:25 INFO LEAD new: [Permitted] Westminster/24/00311/ADV — 27 Marylebone High Street London W1U 4PH
2026-10-01 14:32:25 INFO LEAD new: [Permitted] Westminster/24/00330/FULL — 206A Randolph Avenue London W9 1PF
2026-10-01 14:32:25 INFO LEAD new: [Permitted] Westminster/24/00324/NMA — 41 Cranbourn Street London WC2H 7AN
2026-10-01 14:32:25 INFO LEAD new: [Permitted] Westminster/24/00332/TCH — 3 Pollen Street London W1S 1NA
2026-10-01 14:32:25 INFO LEAD new: [Permitted] Westminster/24/00313/ADFULL — 79 Chester Square London SW1W 9DU
2026-10-01 14:32:25 INFO LEAD new: [Permitted] Westminster/24/00309/FULL — Basement And Ground Floor 24 New Cavendish Street London W1G
2026-10-01 14:32:25 INFO LEAD new: [Permitted] Westminster/24/00305/ADFULL — 17 Queen's Mews London W2 4BZ
2026-10-01 14:32:25 INFO LEAD new: [Permitted] Westminster/24/00517/OBS — 60 Queen Victoria Street City Of London London EC4N 4TZ
2026-10-01 14:32:25 INFO LEAD new: [Permitted] Westminster/24/00316/FULL — 5 St Peter's Place London W9 2EE
2026-10-01 14:32:25 INFO LEAD new: [Permitted] Westminster/24/00304/ADV — 309 Oxford Street London W1C 2HW
2026-10-01 14:32:25 INFO LEAD new: [Permitted] Westminster/24/00293/CLOPUD — 24 Tufton Street London SW1P 3RB
2026-10-01 14:32:25 INFO LEAD new: [Permitted] Westminster/24/00294/ADFULL — Portland House Bressenden Place London SW1E 5BH
2026-10-01 14:32:25 INFO LEAD new: [Permitted] Westminster/24/00295/ADFULL — 77 Grosvenor Street London W1K 3JR
2026-10-01 14:32:25 INFO LEAD new: [Permitted] Westminster/24/00275/FULL — Basement And Ground Floor 2 Newburgh Street London W1F 7RB
2026-10-01 14:32:25 INFO LEAD new: [Permitted] Westminster/24/00291/ADV — Film House 142-150 Wardour Street London W1F 8ZR
2026-10-01 14:32:25 INFO LEAD new: [Permitted] Westminster/24/00299/LBC — 36 Carlton Hill London NW8 0JY
2026-10-01 14:32:25 INFO LEAD new: [Permitted] Westminster/24/00296/LBC — 22 Weymouth Street London W1G 7BN
2026-10-01 14:32:25 INFO LEAD new: [Permitted] Westminster/24/00282/LBC — Mint Wing Of St Mary's Hospital Winsland Street London W2 1N
2026-10-01 14:32:25 INFO LEAD new: [Permitted] Westminster/24/00281/FULL — Mint Wing Of St Mary's Hospital Winsland Street London W2 1N
2026-10-01 14:32:25 INFO LEAD new: [Permitted] Westminster/24/00292/FULL — 24 De Walden Street London W1G 8RN
2026-10-01 14:32:25 INFO LEAD new: [Permitted] Westminster/24/00300/FULL — 15 Carlton Hill London NW8 0JX
2026-10-01 14:32:25 INFO LEAD new: [Permitted] Westminster/24/00476/OBS — Southbank Centre Belvedere Road Lambeth London SE1 8XX
2026-10-01 14:32:25 INFO LEAD new: [Permitted] Westminster/24/00302/LBC — Basement Flat 78 Belgrave Road London SW1V 2BJ
2026-10-01 14:32:25 INFO LEAD new: [Permitted] Westminster/24/00301/FULL — Basement Flat 78 Belgrave Road London SW1V 2BJ
2026-10-01 14:32:25 INFO LEAD new: [Permitted] Westminster/24/00298/FULL — 36 Carlton Hill London NW8 0JY
2026-10-01 14:32:25 INFO LEAD new: [Permitted] Westminster/24/00277/FULL — 6 Hillside Close London NW8 0EF
2026-10-01 14:32:25 INFO LEAD new: [Permitted] Westminster/24/00290/ADFULL — Dev Site At 19-35 Baker Street, 88-110 George Street, 69-71 
2026-10-01 14:32:25 INFO LEAD new: [Permitted] Westminster/24/00283/LBC — Royal Courts Of Justice Strand London WC2A 2LL
2026-10-01 14:32:25 INFO LEAD new: [Permitted] Westminster/24/00297/LBC — 2 Savoy Court London WC2R 0EZ
2026-10-01 14:32:32 INFO [westminster/Permitted] page at offset 7400: 100 records
2026-10-01 14:32:32 INFO LEAD new: [Permitted] Westminster/24/00274/FULL — Fitzroy House 18-20 Grafton Street London W1S 4DZ
2026-10-01 14:32:32 INFO LEAD new: [Permitted] Westminster/24/00276/LBC — Basement And Ground Floor 2 Newburgh Street London W1F 7RB
2026-10-01 14:32:32 INFO LEAD new: [Permitted] Westminster/24/00267/ADV — 33 Whitehall London SW1A 2BX
2026-10-01 14:32:32 INFO LEAD new: [Permitted] Westminster/24/00268/LBC — 33 Whitehall London SW1A 2BX
2026-10-01 14:32:32 INFO LEAD new: [Permitted] Westminster/24/00256/LBC — 27 Wardour Street London W1D 6PR
2026-10-01 14:32:32 INFO LEAD new: [Permitted] Westminster/24/00258/ADLBC — 7 Albion Street London W2 2AS
2026-10-01 14:32:32 INFO LEAD new: [Permitted] Westminster/24/00239/FULL — Flat 133 Arthur Court Queensway London W2 5HP
2026-10-01 14:32:32 INFO LEAD new: [Permitted] Westminster/24/00254/FULL — Shop At A 60 Seymour Street London W1H 7JN
2026-10-01 14:32:32 INFO LEAD new: [Permitted] Westminster/24/00243/ADLBC — 102 Star Street London W2 1QF
2026-10-01 14:32:32 INFO LEAD new: [Permitted] Westminster/24/00260/ADV — 4-5 Langham Place London W1B 3DG
2026-10-01 14:32:32 INFO LEAD new: [Permitted] Westminster/24/00247/LBC — 72 Winchester House Hallfield Estate London W2 6EB
2026-10-01 14:32:32 INFO LEAD new: [Permitted] Westminster/24/00237/LBC — 89-91 Pall Mall London SW1Y 5HS
2026-10-01 14:32:32 INFO LEAD new: [Permitted] Westminster/24/00266/LBC — Albemarle House 1 Albemarle Street London W1S 4HA
2026-10-01 14:32:32 INFO LEAD new: [Permitted] Westminster/24/00257/AADV — 56 Wardour Street London W1D 4JG
2026-10-01 14:32:32 INFO LEAD new: [Permitted] Westminster/24/00255/FULL — 27 Wardour Street London W1D 6PR
2026-10-01 14:32:32 INFO LEAD new: [Permitted] Westminster/24/00246/LBC — 28 Park Crescent Mews West London W1G 7EP
2026-10-01 14:32:32 INFO LEAD new: [Permitted] Westminster/24/00245/FULL — 28 Park Crescent Mews West London W1G 7EP
2026-10-01 14:32:32 INFO LEAD new: [Permitted] Westminster/24/00252/FULL — 8 - 9 William Street London SW1X 9HL
2026-10-01 14:32:32 INFO LEAD new: [Permitted] Westminster/24/00259/FULL — 4-5 Langham Place London W1B 3DG
2026-10-01 14:32:32 INFO LEAD new: [Permitted] Westminster/24/00244/LBC — 8 - 9 William Street London SW1X 9HL
2026-10-01 14:32:32 INFO LEAD new: [Permitted] Westminster/24/02385/ADFULL — 75 Clifton Hill London NW8 0JN
2026-10-01 14:32:32 INFO LEAD new: [Permitted] Westminster/24/00263/ADFULL — Claridge House 32 Davies Street London W1K 4ND
2026-10-01 14:32:32 INFO LEAD new: [Permitted] Westminster/24/00261/ADLBC — Gwydyr House Whitehall London SW1A 2NP
2026-10-01 14:32:32 INFO LEAD new: [Permitted] Westminster/24/00236/ADFULL — Flat A 150 Elgin Avenue London W9 2NT
2026-10-01 14:32:32 INFO LEAD new: [Permitted] Westminster/24/00201/ADV — 17 Whitcomb Street London WC2H 7HA
2026-10-01 14:32:32 INFO LEAD new: [Permitted] Westminster/24/00213/FULL — The Hippodrome 10 - 14 Cranbourn Street London WC2H 7JH
2026-10-01 14:32:32 INFO LEAD new: [Permitted] Westminster/24/00200/LBC — Lower Ground Floor Flat 42 Southwick Street London W2 1JQ
2026-10-01 14:32:32 INFO LEAD new: [Permitted] Westminster/24/00199/FULL — Lower Ground Floor Flat 42 Southwick Street London W2 1JQ
2026-10-01 14:32:32 INFO LEAD new: [Permitted] Westminster/24/00227/FULL — 110A Ashmore Road London W9 3DQ
2026-10-01 14:32:32 INFO LEAD new: [Permitted] Westminster/24/00219/FULL — 42 Clarges Mews London W1J 5BY
2026-10-01 14:32:32 INFO LEAD new: [Permitted] Westminster/24/00197/FULL — Ground Floor 42 Southwick Street London W2 1JQ
2026-10-01 14:32:32 INFO LEAD new: [Permitted] Westminster/24/00286/CLLB — Paddington Station Praed Street London W2 1HB
2026-10-01 14:32:32 INFO LEAD new: [Permitted] Westminster/24/00198/LBC — Ground Floor 42 Southwick Street London W2 1JQ
2026-10-01 14:32:32 INFO LEAD new: [Permitted] Westminster/24/00232/FULL — 39 Devonshire Place Mews London W1G 6DD
2026-10-01 14:32:32 INFO LEAD new: [Permitted] Westminster/24/00202/FULL — Flat 6 2A Dawson Place London W2 4TJ
2026-10-01 14:32:32 INFO LEAD new: [Permitted] Westminster/24/00214/LBC — The Hippodrome 10 - 14 Cranbourn Street London WC2H 7JH
2026-10-01 14:32:32 INFO LEAD new: [Permitted] Westminster/24/00169/ADLBC — Development Site At Former Whiteleys Centre Queensway London
2026-10-01 14:32:32 INFO LEAD new: [Permitted] Westminster/24/00173/LBC — 78 Chester Square London SW1W 9DU
2026-10-01 14:32:32 INFO LEAD new: [Permitted] Westminster/24/00170/FULL — 25 Passmore Street London SW1W 8HR
2026-10-01 14:32:32 INFO LEAD new: [Permitted] Westminster/24/00184/FULL — 31 St Petersburgh Place London W2 4LA
2026-10-01 14:32:32 INFO LEAD new: [Permitted] Westminster/24/00186/ADFULL — 38 Abbey Road London NW8 0AS
2026-10-01 14:32:32 INFO LEAD new: [Permitted] Westminster/24/00185/ADLBC — 29 Bloomfield Terrace London SW1W 8PQ
2026-10-01 14:32:32 INFO LEAD new: [Permitted] Westminster/24/00189/FULL — Park Mansions 89 Allitsen Road London NW8 7AT
2026-10-01 14:32:32 INFO LEAD new: [Permitted] Westminster/24/00193/FULL — Flat H 82 Portland Place London W1B 1NS
2026-10-01 14:32:32 INFO LEAD new: [Permitted] Westminster/24/00191/FULL — 8 Carlos Place London W1K 3AW
2026-10-01 14:32:32 INFO LEAD new: [Permitted] Westminster/24/00187/LBC — 37 Belgrave Square London SW1X 8NS
2026-10-01 14:32:32 INFO LEAD new: [Permitted] Westminster/24/00172/FULL — 78 Chester Square London SW1W 9DU
2026-10-01 14:32:32 INFO LEAD new: [Permitted] Westminster/24/00306/OBS — The Writers' House 13 Haydon Street City Of London London EC
2026-10-01 14:32:32 INFO LEAD new: [Permitted] Westminster/24/00147/NMA — Elmfield House Carlton Hill London NW8 9XB
2026-10-01 14:32:32 INFO LEAD new: [Permitted] Westminster/24/00161/ADFULL — 6 Rutland Court Rutland Gardens London SW7 1BN
2026-10-01 14:32:32 INFO LEAD new: [Permitted] Westminster/24/00278/ADLBC — 25 - 31 Wellington Street London WC2E 7DD
2026-10-01 14:32:32 INFO LEAD new: [Permitted] Westminster/24/00159/CLOPUD — 166 Ilbert Street London W10 4QD
2026-10-01 14:32:32 INFO LEAD new: [Permitted] Westminster/24/00151/LBC — 7 Connaught Place London W2 2ET
2026-10-01 14:32:32 INFO LEAD new: [Permitted] Westminster/24/00153/ADFULL — 50 Stratton Street London W1J 8LL
2026-10-01 14:32:32 INFO LEAD new: [Permitted] Westminster/24/00150/FULL — 7 Connaught Place London W2 2ET
2026-10-01 14:32:32 INFO LEAD new: [Permitted] Westminster/24/00163/FULL — 166 Ilbert Street London W10 4QD
2026-10-01 14:32:33 INFO LEAD new: [Permitted] Westminster/24/00146/LBC — Third Floor And Fourth Floor Maisonette 6 Warrington Crescen
2026-10-01 14:32:33 INFO LEAD new: [Permitted] Westminster/24/00154/NMA — Development Site At Former Berkeley Square House 36 To 38 Be
2026-10-01 14:32:33 INFO LEAD new: [Permitted] Westminster/24/00141/ADFULL — 25 - 31 Wellington Street London WC2E 7DD
2026-10-01 14:32:33 INFO LEAD new: [Permitted] Westminster/24/00162/ADV — 7-9 Paddington Street London W1U 5QH
2026-10-01 14:32:33 INFO LEAD new: [Permitted] Westminster/24/00145/NMA — Garlands House Carlton Hill London NW8 9XA
2026-10-01 14:32:33 INFO LEAD new: [Permitted] Westminster/24/00164/FULL — 23 Nottingham Street London W1U 5ES
2026-10-01 14:32:33 INFO LEAD new: [Permitted] Westminster/24/00144/TCH — 30 Thayer Street London W1U 2QP
2026-10-01 14:32:33 INFO LEAD new: [Permitted] Westminster/24/00158/FULL — Flat 98 2-4 Montagu Mansions London W1U 6LF
2026-10-01 14:32:33 INFO LEAD new: [Permitted] Westminster/24/00143/ADFULL — Lower Maisonette 64 Chepstow Road London W2 5BE
2026-10-01 14:32:33 INFO LEAD new: [Permitted] Westminster/24/00155/TCH — Sherlock Holmes Hotel 108-114 Baker Street London W1U 8ED
2026-10-01 14:32:33 INFO LEAD new: [Permitted] Westminster/24/00136/NMA — 45 Kilburn Park Road London NW6 5XD
2026-10-01 14:32:33 INFO LEAD new: [Permitted] Westminster/24/00116/ADFULL — Residence 51 Charlbert Street London NW8 6JN
2026-10-01 14:32:33 INFO LEAD new: [Permitted] Westminster/24/00123/FULL — 124 Seymour Place London W1H 1NS
2026-10-01 14:32:33 INFO LEAD new: [Permitted] Westminster/24/00132/ADV — 44 Floral Street London WC2E 9DA
2026-10-01 14:32:33 INFO LEAD new: [Permitted] Westminster/24/00131/FULL — 40 - 44 Floral Street London WC2E 9TB
2026-10-01 14:32:33 INFO LEAD new: [Permitted] Westminster/24/00133/CLEUD — 56 Cumberland Street London SW1V 4LZ
2026-10-01 14:32:33 INFO LEAD new: [Permitted] Westminster/24/00138/LBC — 39 Wellington Street London WC2E 7BB
2026-10-01 14:32:33 INFO LEAD new: [Permitted] Westminster/24/00126/FULL — 3 - 5 Duke Street London W1U 3ED
2026-10-01 14:32:33 INFO LEAD new: [Permitted] Westminster/24/00121/NMA — 22 - 26 Whitehall London SW1A 2EG
2026-10-01 14:32:33 INFO LEAD new: [Permitted] Westminster/24/00125/ADFULL — 6 Blenheim Road London NW8 0LU
2026-10-01 14:32:33 INFO LEAD new: [Permitted] Westminster/24/00134/LBC — Second Floor 10-11 Grosvenor Place London SW1X 7HH
2026-10-01 14:32:33 INFO LEAD new: [Permitted] Westminster/24/00119/LBC — 2 Wallenberg Place City Of Westminster London W1H 7TN
2026-10-01 14:32:33 INFO LEAD new: [Permitted] Westminster/24/00113/FULL — Steve Biko Court St John's Terrace London W10 4RB
2026-10-01 14:32:33 INFO LEAD new: [Permitted] Westminster/24/00130/FULL — Glass House 128A Elgin Avenue London W9 2HD
2026-10-01 14:32:33 INFO LEAD new: [Permitted] Westminster/24/00117/NMA — Knoll House Carlton Hill London NW8 9XD
2026-10-01 14:32:33 INFO LEAD new: [Permitted] Westminster/24/00128/ADV — Basement And Ground Floor 88 Queensway London W2 3RR
2026-10-01 14:32:33 INFO LEAD new: [Permitted] Westminster/24/00115/ADFULL — 204A Great Portland Street London W1W 5NP
2026-10-01 14:32:33 INFO LEAD new: [Permitted] Westminster/24/00139/ADFULL — 53 Queen's Grove London NW8 6EN
2026-10-01 14:32:33 INFO LEAD new: [Permitted] Westminster/24/00273/ADFULL — Development Site At Former 300 Harrow Road London
2026-10-01 14:32:33 INFO LEAD new: [Permitted] Westminster/24/00090/COGADF — Dev Site At 4 Lilestone St, Mallory St, Penn Hse, Bernhardt 
2026-10-01 14:32:33 INFO LEAD new: [Permitted] Westminster/24/00112/FULL — Flat 30 Chelsea Gate Apartments 93 Ebury Bridge Road London 
2026-10-01 14:32:33 INFO LEAD new: [Permitted] Westminster/24/00088/COGADF — Darwin House 104 Grosvenor Road London SW1V 3LH
2026-10-01 14:32:39 INFO [westminster/Permitted] page at offset 7500: 100 records
2026-10-01 14:32:39 INFO LEAD new: [Permitted] Westminster/24/00099/ADLBC — 28 Jay Mews London SW7 2ER
2026-10-01 14:32:39 INFO LEAD new: [Permitted] Westminster/24/00102/ADV — Zig Zag Building 70 Victoria Street London SW1E 6SQ
2026-10-01 14:32:39 INFO LEAD new: [Permitted] Westminster/24/00097/ADFULL — 28 Jay Mews London SW7 2ER
2026-10-01 14:32:39 INFO LEAD new: [Permitted] Westminster/24/00106/LBC — Two Temple Place 2 Temple Place London WC2R 3BD
2026-10-01 14:32:40 INFO LEAD new: [Permitted] Westminster/24/00114/LBC — 2 Pearson Square W1T 3BF
2026-10-01 14:32:40 INFO LEAD new: [Permitted] Westminster/24/00087/COGADF — Darwin House 104 Grosvenor Road London SW1V 3LH
2026-10-01 14:32:40 INFO LEAD new: [Permitted] Westminster/24/00095/ADV — Coventry Street London
2026-10-01 14:32:40 INFO LEAD new: [Permitted] Westminster/24/00204/OBS — Lambeth College Vauxhall Centre Belmore Street Lambeth Londo
2026-10-01 14:32:40 INFO LEAD new: [Permitted] Westminster/24/00091/ADV — Development Site Bound By Brook Street, Davies Street And So
2026-10-01 14:32:40 INFO LEAD new: [Permitted] Westminster/24/00096/LBC — 89-91 Pall Mall London SW1Y 5HS
2026-10-01 14:32:40 INFO LEAD new: [Permitted] Westminster/24/00110/FULL — Ground Floor 37 Duke Street London W1U 1LN
2026-10-01 14:32:40 INFO LEAD new: [Permitted] Westminster/24/00094/LBC — Unit 40 Platform 15 Victoria Station Terminus Place London S
2026-10-01 14:32:40 INFO LEAD new: [Permitted] Westminster/24/00104/ADFULL — Devonshire Hospital 30 Devonshire Street London W1G 6PU
2026-10-01 14:32:40 INFO LEAD new: [Permitted] Westminster/24/00111/ADV — Ground Floor 37 Duke Street London W1U 1LN
2026-10-01 14:32:40 INFO LEAD new: [Permitted] Westminster/24/00089/NMA — 126 - 134 Baker Street London W1U 6SH
2026-10-01 14:32:40 INFO LEAD new: [Permitted] Westminster/24/00107/FULL — 295 Oxford Street London W1C 2DY
2026-10-01 14:32:40 INFO LEAD new: [Permitted] Westminster/24/00086/FULL — 95 Jermyn Street London SW1Y 6JE
2026-10-01 14:32:40 INFO LEAD new: [Permitted] Westminster/24/00103/ADV — 48 Chandos Place London WC2N 4HS
2026-10-01 14:32:40 INFO LEAD new: [Permitted] Westminster/24/00084/FULL — Flat 2 32 Hyde Park Square London W2 2NW
2026-10-01 14:32:40 INFO LEAD new: [Permitted] Westminster/24/00085/LBC — First Floor Flat 30 Hyde Park Square London W2 2NW
2026-10-01 14:32:40 INFO LEAD new: [Permitted] Westminster/24/00081/ADFULL — 7 Berwick Street London W1F 0PJ
2026-10-01 14:32:40 INFO LEAD new: [Permitted] Westminster/24/00080/FULL — 1 Knightsbridge London SW1X 7LX
2026-10-01 14:32:40 INFO LEAD new: [Permitted] Westminster/23/08961/ADLBC — The National Gallery Trafalgar Square London WC2N 5DN
2026-10-01 14:32:40 INFO LEAD new: [Permitted] Westminster/24/00067/LBC — Flat C 75 Eaton Square London SW1W 9AW
2026-10-01 14:32:40 INFO LEAD new: [Permitted] Westminster/24/00065/FULL — 14 Upper Wimpole Street London W1G 6LR
2026-10-01 14:32:40 INFO LEAD new: [Permitted] Westminster/24/00066/LBC — 14 Upper Wimpole Street London W1G 6LR
2026-10-01 14:32:40 INFO LEAD new: [Permitted] Westminster/24/00070/ADV — 1 Oxford Street London W1D 2DH
2026-10-01 14:32:40 INFO LEAD new: [Permitted] Westminster/24/00075/COGADF — Garages At Adpar Street London
2026-10-01 14:32:40 INFO LEAD new: [Permitted] Westminster/24/00077/ADLBC — 37 Belgrave Square London SW1X 8NS
2026-10-01 14:32:40 INFO LEAD new: [Permitted] Westminster/24/00062/FULL — 79 Elgin Avenue London W9 2DB
2026-10-01 14:32:40 INFO LEAD new: [Permitted] Westminster/24/00060/LBC — 79 Harley Street London W1G 9HW
2026-10-01 14:32:40 INFO LEAD new: [Permitted] Westminster/24/00052/ADV — 12 Sheldon Square London W2 6EZ
2026-10-01 14:32:40 INFO LEAD new: [Permitted] Westminster/24/00056/LBC — Spanish Place Rectory 22 George Street London W1U 3QY
2026-10-01 14:32:40 INFO LEAD new: [Permitted] Westminster/24/00051/FULL — 12 Sheldon Square London W2 6EZ
2026-10-01 14:32:40 INFO LEAD new: [Permitted] Westminster/24/00058/ADFULL — 6 Buckingham Mews London SW1E 6NR
2026-10-01 14:32:40 INFO LEAD new: [Permitted] Westminster/24/00047/FULL — Flat 43 Orchard Court Portman Square London W1H 6LG
2026-10-01 14:32:40 INFO LEAD new: [Permitted] Westminster/24/00055/ADV — The National Gallery Trafalgar Square London WC2N 5DN
2026-10-01 14:32:40 INFO LEAD new: [Permitted] Westminster/24/00042/ADFULL — 23 Grafton Street London W1S 4EY
2026-10-01 14:32:40 INFO LEAD new: [Permitted] Westminster/24/00046/LBC — House Of Commons Palace Of Westminster Parliament Square Lon
2026-10-01 14:32:40 INFO LEAD new: [Permitted] Westminster/24/00044/ADV — 101 - 103 Edgware Road London W2 2HX
2026-10-01 14:32:40 INFO LEAD new: [Permitted] Westminster/24/00043/FULL — Flat 3 76 Charlwood Street London SW1V 4PF
2026-10-01 14:32:40 INFO LEAD new: [Permitted] Westminster/24/00059/LBC — 24 North Audley Street London W1K 6WB
2026-10-01 14:32:40 INFO LEAD new: [Permitted] Westminster/24/00061/ADLBC — 17 Manette Street London W1D 4AS
2026-10-01 14:32:40 INFO LEAD new: [Permitted] Westminster/24/00036/FULL — Park Modern Apartments 123 Bayswater Road London W2 3JH
2026-10-01 14:32:40 INFO LEAD new: [Permitted] Westminster/24/00037/ADV — Park Modern Apartments 123 Bayswater Road London W2 3JH
2026-10-01 14:32:40 INFO LEAD new: [Permitted] Westminster/24/00030/TCH — Basement And Ground Floor 18 Shepherd Street London W1J 7JG
2026-10-01 14:32:40 INFO LEAD new: [Permitted] Westminster/24/00018/FULL — Brook House 113 Park Lane London W1K 7AJ
2026-10-01 14:32:40 INFO LEAD new: [Permitted] Westminster/24/00009/ADFULL — 15 Berkeley Street London
2026-10-01 14:32:40 INFO LEAD new: [Permitted] Westminster/24/00006/FULL — 81 Elizabeth Street London SW1W 9PG
2026-10-01 14:32:40 INFO LEAD new: [Permitted] Westminster/24/00019/FULL — 77 Ilbert Street London W10 4QH
2026-10-01 14:32:40 INFO LEAD new: [Permitted] Westminster/24/00020/FULL — 25 Springfield Road London NW8 0QJ
2026-10-01 14:32:40 INFO LEAD new: [Permitted] Westminster/24/00001/ADV — 14 Lisle Street London WC2H 7BE
2026-10-01 14:32:40 INFO LEAD new: [Permitted] Westminster/24/00011/FULL — Brook House 113 Park Lane London W1K 7AJ
2026-10-01 14:32:40 INFO LEAD new: [Permitted] Westminster/24/00012/FULL — Flat 3 95 Belgrave Road London SW1V 2BQ
2026-10-01 14:32:40 INFO LEAD new: [Permitted] Westminster/24/00007/LBC — 81 Elizabeth Street London SW1W 9PG
2026-10-01 14:32:40 INFO LEAD new: [Permitted] Westminster/24/00003/FULL — 6 St James's Street London SW1A 1EF
2026-10-01 14:32:40 INFO LEAD new: [Permitted] Westminster/24/00013/LBC — Flat 3 95 Belgrave Road London SW1V 2BQ
2026-10-01 14:32:40 INFO LEAD new: [Permitted] Westminster/24/00017/FULL — 13 Macclesfield Street London W1D 5BR
2026-10-01 14:32:40 INFO LEAD new: [Permitted] Westminster/24/00005/ADFULL — 25 Blomfield Road London W9 1AA
2026-10-01 14:32:40 INFO LEAD new: [Permitted] Westminster/24/00002/FULL — 318 Kilburn Lane London W9 3EF
2026-10-01 14:32:41 INFO LEAD new: [Permitted] Westminster/23/08960/FULL — Flat 5 24 Kensington Gore London SW7 2ET
2026-10-01 14:32:41 INFO LEAD new: [Permitted] Westminster/23/08953/FULL — Basement And Ground Floor 28-32 St Martin's Court London WC2
2026-10-01 14:32:41 INFO LEAD new: [Permitted] Westminster/23/08958/TCH — Ground Floor Front East 33 Cavendish Square London W1G 0PW
2026-10-01 14:32:41 INFO LEAD new: [Permitted] Westminster/23/08954/FULL — Amalco House 26 - 28 Broadwick Street London W1F 8JB
2026-10-01 14:32:41 INFO LEAD new: [Permitted] Westminster/23/08952/ADLBC — 22 Weymouth Street London W1G 7BN
2026-10-01 14:32:41 INFO LEAD new: [Permitted] Westminster/23/08955/FULL — Flat 4 Welbeck House 62 Welbeck Street London W1G 9XE
2026-10-01 14:32:41 INFO LEAD new: [Permitted] Westminster/23/08956/FULL — 41 - 54 Buckingham Gate London SW1E 6AF
2026-10-01 14:32:41 INFO LEAD new: [Permitted] Westminster/23/08957/TCH — 16-18 Palmer Street London SW1H 0AD
2026-10-01 14:32:41 INFO LEAD new: [Permitted] Westminster/23/08949/FULL — 1A Avery Row London W1K 4AJ
2026-10-01 14:32:41 INFO LEAD new: [Permitted] Westminster/23/08950/ADV — 1A Avery Row London W1K 4AJ
2026-10-01 14:32:41 INFO LEAD new: [Permitted] Westminster/23/08945/FULL — 82 Portland Place London W1B 1NS
2026-10-01 14:32:41 INFO LEAD new: [Permitted] Westminster/23/08941/ADFULL — Portland House Bressenden Place London SW1E 5BH
2026-10-01 14:32:41 INFO LEAD new: [Permitted] Westminster/23/08946/FULL — Capital House 7 Clipstone Street London W1W 6BD
2026-10-01 14:32:41 INFO LEAD new: [Permitted] Westminster/23/08943/ADV — Development Site At Carrington Street Car Park, 51-53 Brick 
2026-10-01 14:32:41 INFO LEAD new: [Permitted] Westminster/23/08944/FULL — Basement And Ground Floor 16 Thayer Street London W1U 3JU
2026-10-01 14:32:41 INFO LEAD new: [Permitted] Westminster/23/08940/ADFULL — 100 Piccadilly London W1J 7NH
2026-10-01 14:32:41 INFO LEAD new: [Permitted] Westminster/23/08932/FULL — First Floor Flat 64 Alderney Street London SW1V 4EX
2026-10-01 14:32:41 INFO LEAD new: [Permitted] Westminster/23/08933/FULL — Flat 93 Arthur Court Queensway London W2 5HP
2026-10-01 14:32:41 INFO LEAD new: [Permitted] Westminster/23/08934/TCH — 9 St Christopher's Place London W1U 1NE
2026-10-01 14:32:41 INFO LEAD new: [Permitted] Westminster/23/08882/LBC — 18 Loudoun Road London NW8 0LT
2026-10-01 14:32:41 INFO LEAD new: [Permitted] Westminster/23/08916/FULL — 35 Randolph Avenue London W9 1BQ
2026-10-01 14:32:41 INFO LEAD new: [Permitted] Westminster/23/08917/LBC — 35 Randolph Avenue London W9 1BQ
2026-10-01 14:32:41 INFO LEAD new: [Permitted] Westminster/23/08930/ADV — 22-23 James Street Covent Garden London WC2E 8NS
2026-10-01 14:32:41 INFO LEAD new: [Permitted] Westminster/23/08912/FULL — Flat 27 Saxon Hall Palace Court London W2 4JA
2026-10-01 14:32:41 INFO LEAD new: [Permitted] Westminster/23/08883/NMA — Taxi House 11 Woodfield Road London W9 2BA
2026-10-01 14:32:41 INFO LEAD new: [Permitted] Westminster/23/08894/LBC — 24 Sutherland Place London W2 5BZ
2026-10-01 14:32:41 INFO LEAD new: [Permitted] Westminster/23/08902/LBC — 5 Eaton Place London SW1X 8BN
2026-10-01 14:32:41 INFO LEAD new: [Permitted] Westminster/23/08903/FULL — 6 Bolney Gate London SW7 1QW
2026-10-01 14:32:41 INFO LEAD new: [Permitted] Westminster/23/08920/FULL — 13 Salisbury Place London W1H 1FJ
2026-10-01 14:32:41 INFO LEAD new: [Permitted] Westminster/23/08906/TCH — 207 Edgware Road London W2 1ES
2026-10-01 14:32:41 INFO LEAD new: [Permitted] Westminster/23/08913/ADV — 84 Strand London WC2R 0DW
2026-10-01 14:32:47 INFO [westminster/Permitted] page at offset 7600: 100 records
2026-10-01 14:32:47 INFO LEAD new: [Permitted] Westminster/23/08900/CLOPUD — 15 Chesterfield Street London W1J 5JN
2026-10-01 14:32:47 INFO LEAD new: [Permitted] Westminster/23/08887/ADFULL — Development Site At 180 Piccadilly And 48 To 50 Jermyn Stree
2026-10-01 14:32:47 INFO LEAD new: [Permitted] Westminster/23/08925/LBC — 30 Chepstow Road London W2 5BE
2026-10-01 14:32:47 INFO LEAD new: [Permitted] Westminster/23/08889/ADFULL — Development Site At 180 Piccadilly And 48 To 50 Jermyn Stree
2026-10-01 14:32:47 INFO LEAD new: [Permitted] Westminster/23/08891/ADFULL — Green Park Piccadilly London W1V 9HA
2026-10-01 14:32:47 INFO LEAD new: [Permitted] Westminster/23/08893/ADFULL — 38 Lower Belgrave Street London SW1W 0LN
2026-10-01 14:32:47 INFO LEAD new: [Permitted] Westminster/23/08892/ADLBC — 38 Lower Belgrave Street London SW1W 0LN
2026-10-01 14:32:47 INFO LEAD new: [Permitted] Westminster/23/08886/ADFULL — Arthur Court Car Park Queensway London W2 5HW
2026-10-01 14:32:47 INFO LEAD new: [Permitted] Westminster/23/08924/FULL — 30 Chepstow Road London W2 5BE
2026-10-01 14:32:48 INFO LEAD new: [Permitted] Westminster/23/08899/LBC — 24 Warwick Avenue London W9 2PT
2026-10-01 14:32:48 INFO LEAD new: [Permitted] Westminster/23/08922/LBC — 38 Lower Belgrave Street London SW1W 0LN
2026-10-01 14:32:48 INFO LEAD new: [Permitted] Westminster/23/08921/FULL — 38 Lower Belgrave Street London SW1W 0LN
2026-10-01 14:32:48 INFO LEAD new: [Permitted] Westminster/23/08905/FULL — 18 Loudoun Road London NW8 0LT
2026-10-01 14:32:48 INFO LEAD new: [Permitted] Westminster/23/08919/LBC — 33 Rose Street London WC2E 9EB
2026-10-01 14:32:48 INFO LEAD new: [Permitted] Westminster/23/08918/FULL — 33 Rose Street London WC2E 9EB
2026-10-01 14:32:48 INFO LEAD new: [Permitted] Westminster/23/08895/NMA — 7 - 9 Paddington Street London W1U 5QE
2026-10-01 14:32:48 INFO LEAD new: [Permitted] Westminster/23/08898/FULL — 24 Warwick Avenue London W9 2PT
2026-10-01 14:32:48 INFO LEAD new: [Permitted] Westminster/23/08884/LBC — New West End Synagogue St Petersburgh Place London W2 4LB
2026-10-01 14:32:48 INFO LEAD new: [Permitted] Westminster/24/08847/COLBC — Hallfield Primary School Porchester Gardens London W2 6JJ
2026-10-01 14:32:48 INFO LEAD new: [Permitted] Westminster/23/08878/LBC — 51 Berkeley Street London W1J 8NL
2026-10-01 14:32:48 INFO LEAD new: [Permitted] Westminster/23/08873/FULL — 108 Tachbrook Street London SW1V 2ND
2026-10-01 14:32:48 INFO LEAD new: [Permitted] Westminster/23/08869/ADV — Basement And Ground Floor Excluding Rear East 103 Mount Stre
2026-10-01 14:32:48 INFO LEAD new: [Permitted] Westminster/23/08874/ADFULL — 1 Belgrave Place London SW1X 8BU
2026-10-01 14:32:48 INFO LEAD new: [Permitted] Westminster/23/08832/ADFULL — 36 Eaton Mews South London SW1W 9HR
2026-10-01 14:32:48 INFO LEAD new: [Permitted] Westminster/23/08837/LBC — 440 Strand London WC2R 0QS
2026-10-01 14:32:48 INFO LEAD new: [Permitted] Westminster/23/08835/LBC — 10 Formosa Street London W9 1EE
2026-10-01 14:32:48 INFO LEAD new: [Permitted] Westminster/23/08864/ADFULL — 61 Connaught Street London W2 2AE
2026-10-01 14:32:48 INFO LEAD new: [Permitted] Westminster/23/08870/FULL — 24 North Audley Street London W1K 6WB
2026-10-01 14:32:48 INFO LEAD new: [Permitted] Westminster/23/08836/FULL — 388-396 Oxford Street London W1C 1JU
2026-10-01 14:32:48 INFO LEAD new: [Permitted] Westminster/23/08850/LBC — Buckingham Palace The Mall London SW1A 1AA
2026-10-01 14:32:48 INFO LEAD new: [Permitted] Westminster/23/08845/LBC — 6 Carlos Place London W1K 3AP
2026-10-01 14:32:48 INFO LEAD new: [Permitted] Westminster/23/08838/FULL — Swan Court 1 Booth's Place London W1T 3AF
2026-10-01 14:32:48 INFO LEAD new: [Permitted] Westminster/23/08834/LBC — 6-7 Old Palace Yard London SW1P 3JY
2026-10-01 14:32:48 INFO LEAD new: [Permitted] Westminster/23/08854/ADV — Buckingham Palace The Mall London SW1A 1AA
2026-10-01 14:32:48 INFO LEAD new: [Permitted] Westminster/23/08871/LBC — 24 North Audley Street London W1K 6WB
2026-10-01 14:32:48 INFO LEAD new: [Permitted] Westminster/24/08846/COFUL — Hallfield Primary School Porchester Gardens London W2 6JJ
2026-10-01 14:32:48 INFO LEAD new: [Permitted] Westminster/23/08794/FULL — 60 Harley Street London W1G 7HA
2026-10-01 14:32:48 INFO LEAD new: [Permitted] Westminster/23/08795/LBC — 60 Harley Street London W1G 7HA
2026-10-01 14:32:48 INFO LEAD new: [Permitted] Westminster/23/08792/FULL — Basement Flat 80 Balcombe Street London NW1 6NE
2026-10-01 14:32:48 INFO LEAD new: [Permitted] Westminster/23/08793/LBC — Basement Flat 80 Balcombe Street London NW1 6NE
2026-10-01 14:32:48 INFO LEAD new: [Permitted] Westminster/23/08788/FULL — 82A Shirland Road London W9 2EQ
2026-10-01 14:32:48 INFO LEAD new: [Permitted] Westminster/24/00040/OBS — 38 - 39 Furnival Street City Of London London EC4A 1JQ
2026-10-01 14:32:48 INFO LEAD new: [Permitted] Westminster/23/08814/ADLBC — Site At 94 Piccadilly, 95 Piccadilly, 12 White Horse Street,
2026-10-01 14:32:48 INFO LEAD new: [Permitted] Westminster/23/08825/LBC — 18 Greville Place London NW6 5JH
2026-10-01 14:32:48 INFO LEAD new: [Permitted] Westminster/23/08809/NMA — Development Site At 31 London Street, 9 Winsland Mews And 12
2026-10-01 14:32:48 INFO LEAD new: [Permitted] Westminster/23/08784/LBC — 8 Buckingham Street London WC2N 6BX
2026-10-01 14:32:48 INFO LEAD new: [Permitted] Westminster/24/00943/TELNOT — 20 Abbey Road London NW8 9BW
2026-10-01 14:32:48 INFO LEAD new: [Permitted] Westminster/23/08807/LBC — 2 Lowndes Court London W1F 7HB
2026-10-01 14:32:48 INFO LEAD new: [Permitted] Westminster/23/08791/ADFULL — 17 Queen's Mews London W2 4BZ
2026-10-01 14:32:48 INFO LEAD new: [Permitted] Westminster/23/08798/ADLBC — 61 Connaught Street London W2 2AE
2026-10-01 14:32:48 INFO LEAD new: [Permitted] Westminster/23/08813/ADFULL — The National Gallery Trafalgar Square London WC2N 5DN
2026-10-01 14:32:48 INFO LEAD new: [Permitted] Westminster/23/08797/ADFULL — Claridges Hotel 47 - 57 Brook Street Mayfair London W1K 4HR
2026-10-01 14:32:48 INFO LEAD new: [Permitted] Westminster/23/08811/ADV — Marylebone Station Melcombe Place London NW1 6JJ
2026-10-01 14:32:48 INFO LEAD new: [Permitted] Westminster/23/08817/LBC — 14 A Block Albany London W1J 0AL
2026-10-01 14:32:48 INFO LEAD new: [Permitted] Westminster/23/08822/FULL — King Solomon Academy Penfold Street London NW1 6RX
2026-10-01 14:32:48 INFO LEAD new: [Permitted] Westminster/23/08818/FULL — 20 Albion Street London W2 2AS
2026-10-01 14:32:48 INFO LEAD new: [Permitted] Westminster/23/08810/FULL — Top Floor 125 Ashmore Road London W9 3DA
2026-10-01 14:32:48 INFO LEAD new: [Permitted] Westminster/23/08823/LBC — King Solomon Academy Penfold Street London NW1 6RX
2026-10-01 14:32:48 INFO LEAD new: [Permitted] Westminster/23/08819/LBC — 20 Albion Street London W2 2AS
2026-10-01 14:32:48 INFO LEAD new: [Permitted] Westminster/23/08796/FULL — Flat B 11 Craven Hill London W2 3EN
2026-10-01 14:32:48 INFO LEAD new: [Permitted] Westminster/23/08800/FULL — Basement And Ground Floor 17 Bruton Street London W1J 6QB
2026-10-01 14:32:48 INFO LEAD new: [Permitted] Westminster/23/08815/FULL — 8 Bourdon Street London W1K 3PD
2026-10-01 14:32:48 INFO LEAD new: [Permitted] Westminster/23/08781/FULL — 12 Knightsbridge Green London SW1X 7QL
2026-10-01 14:32:48 INFO LEAD new: [Permitted] Westminster/23/08824/FULL — 18 Greville Place London NW6 5JH
2026-10-01 14:32:49 INFO LEAD new: [Permitted] Westminster/23/08816/FULL — Ryder Court 14 Ryder Street London SW1Y 6QB
2026-10-01 14:32:49 INFO LEAD new: [Permitted] Westminster/23/08806/FULL — Central Park Hotel 49 - 67 Queensborough Terrace London W2 3
2026-10-01 14:32:49 INFO LEAD new: [Permitted] Westminster/23/08768/LBC — Marylebone Station Melcombe Place London NW1 6JJ
2026-10-01 14:32:49 INFO LEAD new: [Permitted] Westminster/23/08753/ADLBC — 89-91 Pall Mall London SW1Y 5HS
2026-10-01 14:32:49 INFO LEAD new: [Permitted] Westminster/23/08772/ADLBC — 33 Eccleston Square London SW1V 1PB
2026-10-01 14:32:49 INFO LEAD new: [Permitted] Westminster/23/08777/ADFULL — 33 Eccleston Square London SW1V 1PB
2026-10-01 14:32:49 INFO LEAD new: [Permitted] Westminster/23/08778/LBC — Apartment 48 20 Park Crescent London W1B 1PD
2026-10-01 14:32:49 INFO LEAD new: [Permitted] Westminster/23/08764/FULL — Basement And Ground Floor 10 Marylebone High Street London W
2026-10-01 14:32:49 INFO LEAD new: [Permitted] Westminster/23/08770/FULL — 81 Edgware Road London W2 2HX
2026-10-01 14:32:49 INFO LEAD new: [Permitted] Westminster/23/08783/FULL — 1 Hanover Street London W1S 1YZ
2026-10-01 14:32:49 INFO LEAD new: [Permitted] Westminster/23/08757/ADFULL — Ground Floor 42 Southwick Street London W2 1JQ
2026-10-01 14:32:49 INFO LEAD new: [Permitted] Westminster/23/08762/ADFULL — 50 Sussex Street London SW1V 4RG
2026-10-01 14:32:49 INFO LEAD new: [Permitted] Westminster/23/08765/FULL — 37 Belgrave Square London SW1X 8NS
2026-10-01 14:32:49 INFO LEAD new: [Permitted] Westminster/23/08775/FULL — Pond Field House 24 Clifton Gardens London W9 1DS
2026-10-01 14:32:49 INFO LEAD new: [Permitted] Westminster/23/08787/LBC — 1 Hanover Street London W1S 1YZ
2026-10-01 14:32:49 INFO LEAD new: [Permitted] Westminster/23/08755/FULL — 6 Ponsonby Terrace London SW1P 4QA
2026-10-01 14:32:49 INFO LEAD new: [Permitted] Westminster/23/08758/ADV — 1A Great Cumberland Place London W1H 7AL
2026-10-01 14:32:49 INFO LEAD new: [Permitted] Westminster/23/08779/ADV — Marylebone Lane London
2026-10-01 14:32:49 INFO LEAD new: [Permitted] Westminster/23/08771/ADV — 81 Edgware Road London W2 2HX
2026-10-01 14:32:49 INFO LEAD new: [Permitted] Westminster/23/08766/LBC — 37 Belgrave Square London SW1X 8NS
2026-10-01 14:32:49 INFO LEAD new: [Permitted] Westminster/23/08744/NMA — 79 Harley Street London W1G 9HW
2026-10-01 14:32:49 INFO LEAD new: [Permitted] Westminster/23/08738/ADFULL — Site At 1-15 Portsea Mews London W2 2BN
2026-10-01 14:32:49 INFO LEAD new: [Permitted] Westminster/23/08747/FULL — 63 - 65 Goldney Road London W9 2AR
2026-10-01 14:32:49 INFO LEAD new: [Permitted] Westminster/23/08723/LBC — Smithson Tower 25 St James's Street London SW1A 1HA
2026-10-01 14:32:49 INFO LEAD new: [Permitted] Westminster/23/08746/ADFULL — 38 Clarges Street London W1J 7EN
2026-10-01 14:32:49 INFO LEAD new: [Permitted] Westminster/23/08715/LBC — Flat 11 6 Ennismore Gardens London SW7 1NL
2026-10-01 14:32:49 INFO LEAD new: [Permitted] Westminster/23/08714/FULL — Flat 11 6 Ennismore Gardens London SW7 1NL
2026-10-01 14:32:49 INFO LEAD new: [Permitted] Westminster/23/08748/ADLBC — 37 Great Cumberland Place London W1H 7TD
2026-10-01 14:32:49 INFO LEAD new: [Permitted] Westminster/23/08718/ADLBC — 46 Manchester Street London W1U 7LS
2026-10-01 14:32:49 INFO LEAD new: [Permitted] Westminster/23/08737/ADV — Basement And Ground Floor 106 Crawford Street London W1H 2HY
2026-10-01 14:32:54 WARNING Rate limited (429); waiting 501s before retry 1/6
2026-10-01 14:41:16 WARNING Request failed (403 Client Error: Forbidden for url: https://www.planit.org.uk/api/applics/json?app_state=Permitted&start_date=2023-10-01&end_date=2026-10-01&pg_sz=100&auth=Westminster&offset=7700); retry 2/6 in 10s
2026-10-01 14:41:29 INFO [westminster/Permitted] page at offset 7700: 100 records
2026-10-01 14:41:29 INFO LEAD new: [Permitted] Westminster/23/08752/FULL — 10 - 11 Craven Terrace London W2 3QD
2026-10-01 14:41:29 INFO LEAD new: [Permitted] Westminster/23/08743/ADFULL — 26 Berwick Street London W1F 8RG
2026-10-01 14:41:29 INFO LEAD new: [Permitted] Westminster/23/08724/FULL — Basement And Ground Floor 49 South Audley Street London W1K 
2026-10-01 14:41:29 INFO LEAD new: [Permitted] Westminster/23/08713/LBC — 1-2 Prince Consort Road London SW7 2BZ
2026-10-01 14:41:29 INFO LEAD new: [Permitted] Westminster/23/08707/ADFULL — 63 St Michael's Street London W2 1QR
2026-10-01 14:41:29 INFO LEAD new: [Permitted] Westminster/23/08710/ADFULL — Flat 3 70 South Audley Street London W1K 2RA
2026-10-01 14:41:29 INFO LEAD new: [Permitted] Westminster/23/08705/FULL — Flat 10 St James's Court 75 Gloucester Terrace London W2 3DH
2026-10-01 14:41:29 INFO LEAD new: [Permitted] Westminster/23/08706/LBC — Flat 10 St James's Court 75 Gloucester Terrace London W2 3DH
2026-10-01 14:41:29 INFO LEAD new: [Permitted] Westminster/23/08703/FULL — Ambassador Court 17 Craven Terrace London W2 3QH
2026-10-01 14:41:29 INFO LEAD new: [Permitted] Westminster/23/08704/LBC — 28 York Terrace West London NW1 4QA
2026-10-01 14:41:29 INFO LEAD new: [Permitted] Westminster/23/08701/FULL — 87 Chester Row London SW1W 8JL
2026-10-01 14:41:29 INFO LEAD new: [Permitted] Westminster/23/08696/ADV — 3 William Street London SW1X 9HL
2026-10-01 14:41:30 INFO LEAD new: [Permitted] Westminster/23/08681/ADFULL — 33 St James's Square London SW1Y 4JS
2026-10-01 14:41:30 INFO LEAD new: [Permitted] Westminster/23/08888/ADLBC — 33 St James's Square London SW1Y 4JS
2026-10-01 14:41:30 INFO LEAD new: [Permitted] Westminster/23/08682/LBC — 60 Marlborough Place London NW8 0PL
2026-10-01 14:41:30 INFO LEAD new: [Permitted] Westminster/23/08699/ADFULL — Lansdowne House 57 Berkeley Square London W1J 6ER
2026-10-01 14:41:30 INFO LEAD new: [Permitted] Westminster/23/08689/ADLBC — 72 Chester Square London SW1W 9DU
2026-10-01 14:41:30 INFO LEAD new: [Permitted] Westminster/23/08686/LBC — Flat 1 43 Harrowby Street London W1H 5HX
2026-10-01 14:41:30 INFO LEAD new: [Permitted] Westminster/23/08695/FULL — 3 William Street London SW1X 9HL
2026-10-01 14:41:30 INFO LEAD new: [Permitted] Westminster/23/08684/FULL — 20 Marne Street London W10 4JE
2026-10-01 14:41:30 INFO LEAD new: [Permitted] Westminster/23/08698/LBC — 4 William Street London SW1X 9HL
2026-10-01 14:41:30 INFO LEAD new: [Permitted] Westminster/23/08702/FULL — 7 Little Chester Street London SW1X 7AL
2026-10-01 14:41:30 INFO LEAD new: [Permitted] Westminster/23/08693/NMA — 21 Woronzow Road London NW8 6BA
2026-10-01 14:41:30 INFO LEAD new: [Permitted] Westminster/23/08690/ADV — 175 Edgware Road London W2 2HR
2026-10-01 14:41:30 INFO LEAD new: [Permitted] Westminster/23/08694/FULL — Flat 74 Fountain House Park Street London W1K 7HG
2026-10-01 14:41:30 INFO LEAD new: [Permitted] Westminster/23/08691/ADLBC — Site At 1-15 Portsea Mews London W2 2BN
2026-10-01 14:41:30 INFO LEAD new: [Permitted] Westminster/23/08697/FULL — 4 William Street London SW1X 9HL
2026-10-01 14:41:30 INFO LEAD new: [Permitted] Westminster/23/08677/FULL — 116 Loudoun Road London NW8 0ND
2026-10-01 14:41:30 INFO LEAD new: [Permitted] Westminster/23/08661/CLOPUD — 6 Bryanston Mews West London W1H 2DD
2026-10-01 14:41:30 INFO LEAD new: [Permitted] Westminster/23/08649/CLOPUD — 14 Craven Hill Mews London W2 3DY
2026-10-01 14:41:30 INFO LEAD new: [Permitted] Westminster/23/08648/CLOPUD — 14 Craven Hill Mews London W2 3DY
2026-10-01 14:41:30 INFO LEAD new: [Permitted] Westminster/23/08659/FULL — Flat 37 6 Porchester Terrace London W2 3TL
2026-10-01 14:41:30 INFO LEAD new: [Permitted] Westminster/23/08656/ADLBC — House Of Commons Palace Of Westminster Parliament Square Lon
2026-10-01 14:41:30 INFO LEAD new: [Permitted] Westminster/23/08678/LBC — 116 Loudoun Road London NW8 0ND
2026-10-01 14:41:30 INFO LEAD new: [Permitted] Westminster/23/08658/NMA — 33 Northumberland Place London W2 5AS
2026-10-01 14:41:30 INFO LEAD new: [Permitted] Westminster/23/08671/LBC — Ground Floor And First Floor Flat 26 Wellington Road London 
2026-10-01 14:41:30 INFO LEAD new: [Permitted] Westminster/23/08646/ADLBC — 89-91 Pall Mall London SW1Y 5HS
2026-10-01 14:41:30 INFO LEAD new: [Permitted] Westminster/23/08652/ADFULL — Open Space At Trafalgar Square London WC2N 5DS
2026-10-01 14:41:30 INFO LEAD new: [Permitted] Westminster/23/08679/LBC — Third Floor 100 Pall Mall London SW1Y 5NQ
2026-10-01 14:41:30 INFO LEAD new: [Permitted] Westminster/23/08653/ADFULL — 25 - 31 Wellington Street London WC2E 7DD
2026-10-01 14:41:30 INFO LEAD new: [Permitted] Westminster/23/00142/ADLBC — 25 - 31 Wellington Street London WC2E 7DD
2026-10-01 14:41:30 INFO LEAD new: [Permitted] Westminster/23/08645/ADLBC — 114 Chancery Lane London WC2A 1PP
2026-10-01 14:41:30 INFO LEAD new: [Permitted] Westminster/23/08655/LBC — 1 Devonshire Terrace London W2 3DN
2026-10-01 14:41:30 INFO LEAD new: [Permitted] Westminster/23/08669/ADLBC — Basement And Ground Floor Flat 23 Chepstow Road London W2 5B
2026-10-01 14:41:30 INFO LEAD new: [Permitted] Westminster/23/08650/ADFULL — 1A Ranelagh Cottages London SW1W 8QA
2026-10-01 14:41:30 INFO LEAD new: [Permitted] Westminster/23/08664/ADFULL — 38 Grosvenor Gardens London SW1W 0EB
2026-10-01 14:41:30 INFO LEAD new: [Permitted] Westminster/23/08754/MOD106 — Development Site At 285 - 329 Edgware Road London W2 1DH
2026-10-01 14:41:30 INFO LEAD new: [Permitted] Westminster/23/08638/ADV — 144 Marylebone Road London NW1 5PH
2026-10-01 14:41:30 INFO LEAD new: [Permitted] Westminster/23/08620/CLEUD — 2 Clifton Hill London NW8 0QG
2026-10-01 14:41:30 INFO LEAD new: [Permitted] Westminster/23/08618/LBC — 77 St George's Square London SW1V 3QW
2026-10-01 14:41:30 INFO LEAD new: [Permitted] Westminster/23/08630/ADFULL — 43 William Mews London SW1X 9HQ
2026-10-01 14:41:30 INFO LEAD new: [Permitted] Westminster/23/08634/NMA — Development Site Bounded By Ebury Street, Pimlico Road, Aver
2026-10-01 14:41:30 INFO LEAD new: [Permitted] Westminster/23/08662/FULL — Achilles Way London
2026-10-01 14:41:30 INFO LEAD new: [Permitted] Westminster/23/08632/COFUL — Dorothy Gardner Centre 293 Shirland Road London W9 3JY
2026-10-01 14:41:30 INFO LEAD new: [Permitted] Westminster/23/08629/FULL — 68 Wimpole Street London W1G 8AR
2026-10-01 14:41:30 INFO LEAD new: [Permitted] Westminster/23/08641/FULL — Victoria Gate Lodge Hyde Park Bayswater Road London W2 2UH
2026-10-01 14:41:30 INFO LEAD new: [Permitted] Westminster/23/08617/FULL — 77 St George's Square London SW1V 3QW
2026-10-01 14:41:30 INFO LEAD new: [Permitted] Westminster/23/08642/LBC — Victoria Gate Lodge Hyde Park Bayswater Road London W2 2UH
2026-10-01 14:41:30 INFO LEAD new: [Permitted] Westminster/23/00041/ADLBC — 36 Hertford Street London W1J 7SE
2026-10-01 14:41:30 INFO LEAD new: [Permitted] Westminster/23/08628/CLLB — Flat A 1 Halkin Street London SW1X 7DJ
2026-10-01 14:41:30 INFO LEAD new: [Permitted] Westminster/23/08623/FULL — 22 Hanover Square London W1S 1JP
2026-10-01 14:41:30 INFO LEAD new: [Permitted] Westminster/23/08631/LBC — House Of Commons Palace Of Westminster Parliament Square Lon
2026-10-01 14:41:30 INFO LEAD new: [Permitted] Westminster/23/08640/ADLBC — 16 Stanhope Row London W1J 7BT
2026-10-01 14:41:31 INFO LEAD new: [Permitted] Westminster/23/08624/ADLBC — 1 Belgrave Place London SW1X 8BU
2026-10-01 14:41:31 INFO LEAD new: [Permitted] Westminster/23/08594/FULL — 75 Kilravock Street London W10 4HY
2026-10-01 14:41:31 INFO LEAD new: [Permitted] Westminster/23/08582/ADLBC — 89-91 Pall Mall London SW1Y 5HS
2026-10-01 14:41:31 INFO LEAD new: [Permitted] Westminster/23/08591/ADV — 58 Greek Street London W1D 3DY
2026-10-01 14:41:31 INFO LEAD new: [Permitted] Westminster/23/08592/FULL — 116-117 New Bond Street London W1S 1EN
2026-10-01 14:41:31 INFO LEAD new: [Permitted] Westminster/23/08602/ADV — 1 Bear Street London WC2H 7AR
2026-10-01 14:41:31 INFO LEAD new: [Permitted] Westminster/23/08597/FULL — 50 Eastcastle Street London W1W 8EA
2026-10-01 14:41:31 INFO LEAD new: [Permitted] Westminster/23/08611/ADFULL — 6 Charles Street London W1J 5DG
2026-10-01 14:41:31 INFO LEAD new: [Permitted] Westminster/23/08595/FULL — Basement To Second Floor 92-104 Regent Street London W1B 5SR
2026-10-01 14:41:31 INFO LEAD new: [Permitted] Westminster/23/08584/ADFULL — 14 Farm Street London W1J 5RF
2026-10-01 14:41:31 INFO LEAD new: [Permitted] Westminster/24/00951/TELNOT — Covent Garden Exchange 30-34 Bow Street London WC2E 7AT
2026-10-01 14:41:31 INFO LEAD new: [Permitted] Westminster/23/08603/TCH — Basement And Ground Floor Windsor House 40 - 41 Great Castle
2026-10-01 14:41:31 INFO LEAD new: [Permitted] Westminster/23/08605/FULL — Flat 37 Templar Court 43 St John's Wood Road London NW8 8QJ
2026-10-01 14:41:31 INFO LEAD new: [Permitted] Westminster/23/08581/FULL — 55 Shirland Road London W9 2JD
2026-10-01 14:41:31 INFO LEAD new: [Permitted] Westminster/23/08598/ADV — 50 Eastcastle Street London W1W 8EA
2026-10-01 14:41:31 INFO LEAD new: [Permitted] Westminster/23/08590/FULL — 36 Edgware Road London W2 2EH
2026-10-01 14:41:31 INFO LEAD new: [Permitted] Westminster/23/08596/LBC — 92-104 Regent Street London W1B 5SR
2026-10-01 14:41:31 INFO LEAD new: [Permitted] Westminster/23/08610/FULL — 25 Denbigh Street London SW1V 2HF
2026-10-01 14:41:31 INFO LEAD new: [Permitted] Westminster/23/08604/LBC — The Citadel Admiralty Place London SW1A 2BE
2026-10-01 14:41:31 INFO LEAD new: [Permitted] Westminster/23/08612/LBC — The Citadel Admiralty Place London SW1A 2BE
2026-10-01 14:41:31 INFO LEAD new: [Permitted] Westminster/23/08586/FULL — 16-18 Westmoreland Street London W1G 8PH
2026-10-01 14:41:31 INFO LEAD new: [Permitted] Westminster/23/08601/ADFULL — 16 Palace Street London SW1E 5JD
2026-10-01 14:41:31 INFO LEAD new: [Permitted] Westminster/23/08719/OBS — Development Site At London Wall West, Bastion House And Muse
2026-10-01 14:41:31 INFO LEAD new: [Permitted] Westminster/23/08593/NMA — 28 - 32 Shelton Street London WC2H 9JE
2026-10-01 14:41:31 INFO LEAD new: [Permitted] Westminster/23/08585/FULL — Templar Court 43 St John's Wood Road London NW8 8QJ
2026-10-01 14:41:31 INFO LEAD new: [Permitted] Westminster/23/08574/FULL — 11 Connaught Square London W2 2HG
2026-10-01 14:41:31 INFO LEAD new: [Permitted] Westminster/23/08553/ADV — 5 Cavendish Place London W1G 0QA
2026-10-01 14:41:31 INFO LEAD new: [Permitted] Westminster/23/08552/FULL — L Block Albany London W1J 0AZ
2026-10-01 14:41:31 INFO LEAD new: [Permitted] Westminster/23/08568/FULL — Henry Wood House 2 Riding House Street London W1W 7FA
2026-10-01 14:41:31 INFO LEAD new: [Permitted] Westminster/23/08569/FULL — American School In London 1 Waverley Place London NW8 0NP
2026-10-01 14:41:38 INFO [westminster/Permitted] page at offset 7800: 100 records
2026-10-01 14:41:38 INFO LEAD new: [Permitted] Westminster/23/08577/LBC — Flat 5 29 Cleveland Square London W2 6DD
2026-10-01 14:41:38 INFO LEAD new: [Permitted] Westminster/23/08548/FULL — 5 Grosvenor Gardens London SW1W 0BD
2026-10-01 14:41:38 INFO LEAD new: [Permitted] Westminster/23/08549/LBC — 5 Grosvenor Gardens London SW1W 0BD
2026-10-01 14:41:38 INFO LEAD new: [Permitted] Westminster/23/08573/LBC — 88 Regent Street London W1B 5RS
2026-10-01 14:41:38 INFO LEAD new: [Permitted] Westminster/23/08555/FULL — 25 Springfield Road London NW8 0QJ
2026-10-01 14:41:38 INFO LEAD new: [Permitted] Westminster/23/08565/FULL — Basement 57 Warrington Crescent London W9 1EH
2026-10-01 14:41:38 INFO LEAD new: [Permitted] Westminster/23/08680/CLEUD — 96 Sussex Gardens London W2 1UH
2026-10-01 14:41:38 INFO LEAD new: [Permitted] Westminster/23/08572/FULL — Basement To First Floor 43 - 44 New Bond Street London W1S 2
2026-10-01 14:41:38 INFO LEAD new: [Permitted] Westminster/23/08545/NMA — 40 Eastbourne Terrace London W2 6LG
2026-10-01 14:41:38 INFO LEAD new: [Permitted] Westminster/23/08575/LBC — 11 Connaught Square London W2 2HG
2026-10-01 14:41:38 INFO LEAD new: [Permitted] Westminster/24/00339/CLLB — 78 St James's Street London SW1A 1LF
2026-10-01 14:41:38 INFO LEAD new: [Permitted] Westminster/23/08541/FULL — 57 Great Cumberland Place London W1H 7LJ
2026-10-01 14:41:38 INFO LEAD new: [Permitted] Westminster/23/08542/LBC — 57 Great Cumberland Place London W1H 7LJ
2026-10-01 14:41:38 INFO LEAD new: [Permitted] Westminster/23/08550/FULL — 208 Piccadilly London W1J 9HG
2026-10-01 14:41:38 INFO LEAD new: [Permitted] Westminster/23/08547/ADFULL — 16-17 Hanover Street London W1S 1YL
2026-10-01 14:41:38 INFO LEAD new: [Permitted] Westminster/23/08543/ADFULL — 40 Eastbourne Terrace London W2 6LG
2026-10-01 14:41:38 INFO LEAD new: [Permitted] Westminster/23/08551/LBC — 208 Piccadilly London W1J 9HG
2026-10-01 14:41:38 INFO LEAD new: [Permitted] Westminster/23/08554/FULL — Flat 1 Basement 127 Sutherland Avenue London W9 2QJ
2026-10-01 14:41:38 INFO LEAD new: [Permitted] Westminster/23/08566/ADFULL — Portland House Bressenden Place London SW1E 5BH
2026-10-01 14:41:38 INFO LEAD new: [Permitted] Westminster/23/08544/ADV — Basement And Ground Floor Windsor House 40 - 41 Great Castle
2026-10-01 14:41:38 INFO LEAD new: [Permitted] Westminster/23/08540/ADFULL — 95B Boundary Road London NW8 0RG
2026-10-01 14:41:38 INFO LEAD new: [Permitted] Westminster/23/08539/ADFULL — Westminster House 7 Millbank London SW1P 3JA
2026-10-01 14:41:38 INFO LEAD new: [Permitted] Westminster/23/08532/ADLBC — Palace Of Westminster St Margaret Street London SW1P 3JX
2026-10-01 14:41:38 INFO LEAD new: [Permitted] Westminster/23/08663/NMA — Ebury Bridge Estate Ebury Bridge Road London SW1W 8PX
2026-10-01 14:41:38 INFO LEAD new: [Permitted] Westminster/23/08537/LBC — 85 Chester Square London SW1W 9HJ
2026-10-01 14:41:38 INFO LEAD new: [Permitted] Westminster/23/08519/NMA — Dorset House Gloucester Place London NW1 5AH
2026-10-01 14:41:38 INFO LEAD new: [Permitted] Westminster/23/08526/NMA — North Wharf Road London
2026-10-01 14:41:38 INFO LEAD new: [Permitted] Westminster/23/08528/LBC — 7 Connaught Square London W2 2HG
2026-10-01 14:41:38 INFO LEAD new: [Permitted] Westminster/23/08520/LBC — 24 Wellington Street London WC2E 7DD
2026-10-01 14:41:38 INFO LEAD new: [Permitted] Westminster/23/08535/FULL — 17 Porchester Terrace London W2 3TH
2026-10-01 14:41:38 INFO LEAD new: [Permitted] Westminster/23/08536/LBC — 17 Porchester Terrace London W2 3TH
2026-10-01 14:41:38 INFO LEAD new: [Permitted] Westminster/23/08518/ADFULL — 72 Chester Square London SW1W 9DU
2026-10-01 14:41:38 INFO LEAD new: [Permitted] Westminster/23/08516/NMA — The Ritz Hotel 150 - 156 Piccadilly London W1J 9BR
2026-10-01 14:41:38 INFO LEAD new: [Permitted] Westminster/23/08515/FULL — Imperial College Civil Engineering Department Imperial Colle
2026-10-01 14:41:38 INFO LEAD new: [Permitted] Westminster/23/08524/LBC — Flat 4A Albert Hall Mansions Kensington Gore London SW7 2AN
2026-10-01 14:41:38 INFO LEAD new: [Permitted] Westminster/23/08525/ADV — 88 Regent Street London W1B 5RS
2026-10-01 14:41:38 INFO LEAD new: [Permitted] Westminster/23/08513/ADFULL — 51 - 53 Brick Street London
2026-10-01 14:41:39 INFO LEAD new: [Permitted] Westminster/23/08514/ADFULL — Development Site At Carrington Street Car Park, 51-53 Brick 
2026-10-01 14:41:39 INFO LEAD new: [Permitted] Westminster/23/08534/ADLBC — Palace Of Westminster St Margaret Street London SW1P 3JX
2026-10-01 14:41:39 INFO LEAD new: [Permitted] Westminster/23/08517/ADFULL — 46 Manchester Street London W1U 7LS
2026-10-01 14:41:39 INFO LEAD new: [Permitted] Westminster/23/08503/FULL — 295 Regent Street London W1B 2HL
2026-10-01 14:41:39 INFO LEAD new: [Permitted] Westminster/23/08494/FULL — 29 Harley Street London W1G 9QR
2026-10-01 14:41:39 INFO LEAD new: [Permitted] Westminster/23/08510/ADFULL — 25 Blomfield Road London W9 1AA
2026-10-01 14:41:39 INFO LEAD new: [Permitted] Westminster/23/08504/ADV — 295 Regent Street London W1B 2HL
2026-10-01 14:41:39 INFO LEAD new: [Permitted] Westminster/23/08501/LBC — Savoy Hotel 1 Savoy Hill London WC2R 0BP
2026-10-01 14:41:39 INFO LEAD new: [Permitted] Westminster/23/08507/LBC — 12-12A Ulster Terrace London NW1 4PJ
2026-10-01 14:41:39 INFO LEAD new: [Permitted] Westminster/23/08491/ADLBC — First Floor And Second Floor Maisonette 11 Montagu Square Lo
2026-10-01 14:41:39 INFO LEAD new: [Permitted] Westminster/23/08492/ADFULL — First Floor And Second Floor Maisonette 11 Montagu Square Lo
2026-10-01 14:41:39 INFO LEAD new: [Permitted] Westminster/23/08505/ADFULL — Development Site At 180 Piccadilly And 48 To 50 Jermyn Stree
2026-10-01 14:41:39 INFO LEAD new: [Permitted] Westminster/23/08495/LBC — 29 Harley Street London W1G 9QR
2026-10-01 14:41:39 INFO LEAD new: [Permitted] Westminster/23/08482/ADFULL — 6 Rutland Court Rutland Gardens London SW7 1BN
2026-10-01 14:41:39 INFO LEAD new: [Permitted] Westminster/23/08457/ADLBC — 12 Upper Belgrave Street London SW1X 8BA
2026-10-01 14:41:39 INFO LEAD new: [Permitted] Westminster/23/08483/FULL — 3 Cranbourn Street London WC2H 7AL
2026-10-01 14:41:39 INFO LEAD new: [Permitted] Westminster/23/08461/FULL — Basement And Ground Floor 9 Little Portland Street London W1
2026-10-01 14:41:39 INFO LEAD new: [Permitted] Westminster/23/08473/ADV — 287A Edgware Road London W2 1BY
2026-10-01 14:41:39 INFO LEAD new: [Permitted] Westminster/23/08486/LBC — 4 Chester Square London SW1W 9HH
2026-10-01 14:41:39 INFO LEAD new: [Permitted] Westminster/23/08475/ADV — Thistle Hotel 39 Coventry Street London W1D 6BZ
2026-10-01 14:41:39 INFO LEAD new: [Permitted] Westminster/23/08485/TCH — 15 Argyll Street London W1F 7TN
2026-10-01 14:41:39 INFO LEAD new: [Permitted] Westminster/23/08484/ADFULL — Beachcroft School 35 Finchley Road London NW8 0NW
2026-10-01 14:41:39 INFO LEAD new: [Permitted] Westminster/23/08472/FULL — 25 Randolph Crescent London W9 1DP
2026-10-01 14:41:39 INFO LEAD new: [Permitted] Westminster/23/08477/FULL — 20 Portman Square London W1H 6LW
2026-10-01 14:41:39 INFO LEAD new: [Permitted] Westminster/23/08471/FULL — 59 Marne Street London W10 4JF
2026-10-01 14:41:39 INFO LEAD new: [Permitted] Westminster/23/08458/FULL — Ground Floor Lords Cricket Ground St John's Wood Road London
2026-10-01 14:41:39 INFO LEAD new: [Permitted] Westminster/23/08445/NMA — 13 Clifton Road London W9 1SZ
2026-10-01 14:41:39 INFO LEAD new: [Permitted] Westminster/23/08414/NMA — 289 Shirland Road London W9 3JW
2026-10-01 14:41:39 INFO LEAD new: [Permitted] Westminster/23/08443/FULL — 145A Bravington Road London W9 3AT
2026-10-01 14:41:39 INFO LEAD new: [Permitted] Westminster/23/08621/LBC — Ground Floor Lords Cricket Ground St John's Wood Road London
2026-10-01 14:41:39 INFO LEAD new: [Permitted] Westminster/23/08423/ADLBC — 1 Eaton Place London SW1X 8BN
2026-10-01 14:41:39 INFO LEAD new: [Permitted] Westminster/23/08415/ADFULL — 289 Shirland Road London W9 3JW
2026-10-01 14:41:39 INFO LEAD new: [Permitted] Westminster/23/08444/FULL — 29 - 31 St John's Wood High Street London NW8 7NH
2026-10-01 14:41:39 INFO LEAD new: [Permitted] Westminster/23/08410/FULL — 4D Durham Terrace London W2 5PB
2026-10-01 14:41:39 INFO LEAD new: [Permitted] Westminster/23/08411/FULL — 24 Eaton Place London SW1X 8AE
2026-10-01 14:41:39 INFO LEAD new: [Permitted] Westminster/23/08412/LBC — 24 Eaton Place London SW1X 8AE
2026-10-01 14:41:39 INFO LEAD new: [Permitted] Westminster/23/08426/ADLBC — 41 Hay's Mews London W1J 5QA
2026-10-01 14:41:39 INFO LEAD new: [Permitted] Westminster/23/08441/FULL — 60 Marlborough Place London NW8 0PL
2026-10-01 14:41:39 INFO LEAD new: [Permitted] Westminster/23/08442/LBC — 60 Marlborough Place London NW8 0PL
2026-10-01 14:41:39 INFO LEAD new: [Permitted] Westminster/23/08418/FULL — The Orange Public House 37 - 39 Pimlico Road London SW1W 8NE
2026-10-01 14:41:39 INFO LEAD new: [Permitted] Westminster/23/08419/LBC — The Orange Public House 37 - 39 Pimlico Road London SW1W 8NE
2026-10-01 14:41:40 INFO LEAD new: [Permitted] Westminster/23/08434/ADFULL — 1-2 Upper Belgrave Street London SW1X 8BD
2026-10-01 14:41:40 INFO LEAD new: [Permitted] Westminster/23/08429/FULL — 45 Kilravock Street London W10 4HX
2026-10-01 14:41:40 INFO LEAD new: [Permitted] Westminster/23/08452/LBC — Ground Floor 7 Lower Grosvenor Place London SW1W 0EN
2026-10-01 14:41:40 INFO LEAD new: [Permitted] Westminster/23/08416/FULL — 25 Belgrave Square London SW1X 8QD
2026-10-01 14:41:40 INFO LEAD new: [Permitted] Westminster/23/08417/LBC — 25 Belgrave Square London SW1X 8QD
2026-10-01 14:41:40 INFO LEAD new: [Permitted] Westminster/23/08413/ADV — Heron House 10 Dean Farrar Street London SW1H 0DX
2026-10-01 14:41:40 INFO LEAD new: [Permitted] Westminster/23/08438/LBC — 116-118 Chancery Lane London WC2A 1PP
2026-10-01 14:41:40 INFO LEAD new: [Permitted] Westminster/23/08439/FULL — Basement Floor To First Floor 181-183 Oxford Street London W
2026-10-01 14:41:40 INFO LEAD new: [Permitted] Westminster/23/08446/LBC — Flat 113 4 Whitehall Court London SW1A 2EP
2026-10-01 14:41:40 INFO LEAD new: [Permitted] Westminster/23/08557/FULL — Flat 34 Eaton House 39-40 Upper Grosvenor Street London W1K 
2026-10-01 14:41:40 INFO LEAD new: [Permitted] Westminster/23/08583/P3JPA — 34 Palace Court London W2 4HZ
2026-10-01 14:41:40 INFO LEAD new: [Permitted] Westminster/23/08388/ADFULL — 108 Denbigh Street London SW1V 2EX
2026-10-01 14:41:40 INFO LEAD new: [Permitted] Westminster/23/08403/LBC — International House 223 Regent Street London W1B 2EB
2026-10-01 14:41:40 INFO LEAD new: [Permitted] Westminster/23/08380/NMA — Norfolk House 31 St James's Square London SW1Y 4JR
2026-10-01 14:41:40 INFO LEAD new: [Permitted] Westminster/23/08395/ADFULL — Dev Site At 19-35 Baker Street, 88-110 George Street, 69-71 
2026-10-01 14:41:46 INFO [westminster/Permitted] page at offset 7900: 100 records
2026-10-01 14:41:46 INFO LEAD new: [Permitted] Westminster/23/08393/FULL — Osbourne Mansions Luxborough Street London W1U 5BT
2026-10-01 14:41:46 INFO LEAD new: [Permitted] Westminster/23/08390/ADV — Basement Floor To First Floor 181-183 Oxford Street London W
2026-10-01 14:41:46 INFO LEAD new: [Permitted] Westminster/23/08391/FULL — 41 Elm Tree Road London NW8 9JR
2026-10-01 14:41:46 INFO LEAD new: [Permitted] Westminster/23/08407/FULL — Second Floor Flat 190 Portnall Road London W9 3BJ
2026-10-01 14:41:46 INFO LEAD new: [Permitted] Westminster/23/08383/FULL — 2 Balfour Place London W1K 2AR
2026-10-01 14:41:46 INFO LEAD new: [Permitted] Westminster/23/08384/FULL — 38 Buckingham Palace Road London SW1W 0RE
2026-10-01 14:41:46 INFO LEAD new: [Permitted] Westminster/23/08385/ADV — 38 Buckingham Palace Road London SW1W 0RE
2026-10-01 14:41:46 INFO LEAD new: [Permitted] Westminster/23/08376/FULL — 28 Elm Tree Road London NW8 9JP
2026-10-01 14:41:46 INFO LEAD new: [Permitted] Westminster/23/08394/ADFULL — 17 - 21 South Audley Street London W1K 2NY
2026-10-01 14:41:46 INFO LEAD new: [Permitted] Westminster/23/08379/AD7 — 36 Queen Anne Street London W1G 8HF
2026-10-01 14:41:46 INFO LEAD new: [Permitted] Westminster/23/08375/TCH — 71 Wigmore Street London W1U 1QA
2026-10-01 14:41:46 INFO LEAD new: [Permitted] Westminster/23/08377/ADLBC — 55 Whitehall London SW1A 2EY
2026-10-01 14:41:46 INFO LEAD new: [Permitted] Westminster/23/08362/TCH — Basement And Ground Floor 7-8 Market Place London W1W 8AG
2026-10-01 14:41:46 INFO LEAD new: [Permitted] Westminster/23/08365/ADV — 69 Welbeck Street London W1G 0AT
2026-10-01 14:41:46 INFO LEAD new: [Permitted] Westminster/23/08364/CLOPUD — 192 Emery Hill Street London SW1P 1PN
2026-10-01 14:41:47 INFO LEAD new: [Permitted] Westminster/23/08368/ADFULL — 64 Chester Square London SW1W 9EA
2026-10-01 14:41:47 INFO LEAD new: [Permitted] Westminster/23/08369/ADLBC — 64 Chester Square London SW1W 9EA
2026-10-01 14:41:47 INFO LEAD new: [Permitted] Westminster/23/08355/NMA — 2 Providence Court London W1K 6PR
2026-10-01 14:41:47 INFO LEAD new: [Permitted] Westminster/23/08349/FULL — 56 Grosvenor Hill London W1K 3QT
2026-10-01 14:41:47 INFO LEAD new: [Permitted] Westminster/23/08360/LBC — 22 Lancaster Gate London W2 3LP
2026-10-01 14:41:47 INFO LEAD new: [Permitted] Westminster/23/08361/ADFULL — 5 Balfour Place London W1K 2AU
2026-10-01 14:41:47 INFO LEAD new: [Permitted] Westminster/23/08343/FULL — 18-20 Huntsworth Mews London NW1 6DD
2026-10-01 14:41:47 INFO LEAD new: [Permitted] Westminster/23/08347/ADFULL — 80 New Bond Street London W1S 1SB
2026-10-01 14:41:47 INFO LEAD new: [Permitted] Westminster/23/08345/LBC — Sixth Floor 103 - 113 Regent Street London W1B 4NP
2026-10-01 14:41:47 INFO LEAD new: [Permitted] Westminster/23/08348/ADLBC — 22 - 26 Whitehall London SW1A 2EG
2026-10-01 14:41:47 INFO LEAD new: [Permitted] Westminster/23/08353/FULL — 20 Barfett Street London W10 4NP
2026-10-01 14:41:47 INFO LEAD new: [Permitted] Westminster/23/08336/FULL — 3 Kingdom Street London W2 6BD
2026-10-01 14:41:47 INFO LEAD new: [Permitted] Westminster/23/08333/FULL — 13 - 19 Circus Road London NW8 6PB
2026-10-01 14:41:47 INFO LEAD new: [Permitted] Westminster/23/08335/LBC — Apollo Victoria 17-18 Wilton Road London
2026-10-01 14:41:47 INFO LEAD new: [Permitted] Westminster/23/08853/FULL — 227 - 228 Strand London WC2R 1BE
2026-10-01 14:41:47 INFO LEAD new: [Permitted] Westminster/23/08381/FULL — St Mary Magdalene's Primary School Rowington Close London W2
2026-10-01 14:41:47 INFO LEAD new: [Permitted] Westminster/23/08334/FULL — Marylebone Telephone Exchange Building 11 Nottingham Street 
2026-10-01 14:41:47 INFO LEAD new: [Permitted] Westminster/23/08546/EEN — St Stephen With St John Westminster Rochester Row London SW1
2026-10-01 14:41:47 INFO LEAD new: [Permitted] Westminster/23/08298/ADLBC — 83 Pall Mall London SW1Y 5ES
2026-10-01 14:41:47 INFO LEAD new: [Permitted] Westminster/23/08317/ADFULL — 32 Hamilton Terrace London NW8 9UG
2026-10-01 14:41:47 INFO LEAD new: [Permitted] Westminster/23/08322/LBC — Flat 1 Basement And Ground Floor 98 Ebury Street London SW1W
2026-10-01 14:41:47 INFO LEAD new: [Permitted] Westminster/23/08329/LBC — Royal College Of Surgeons Of England 38 - 43 Lincoln's Inn F
2026-10-01 14:41:47 INFO LEAD new: [Permitted] Westminster/23/08297/LBC — Egyptian House 170-173 Piccadilly London W1J 9EJ
2026-10-01 14:41:47 INFO LEAD new: [Permitted] Westminster/23/08311/ADFULL — 23 Savile Row London W1S 2ET
2026-10-01 14:41:47 INFO LEAD new: [Permitted] Westminster/23/08306/ADLBC — 26-30 Craven Road London W2 3QB
2026-10-01 14:41:47 INFO LEAD new: [Permitted] Westminster/23/08300/ADFULL — Development Site At 14 To 17 Paddington Green London
2026-10-01 14:41:47 INFO LEAD new: [Permitted] Westminster/23/08307/ADLBC — 214 Oxford Street London W1C 1DA
2026-10-01 14:41:47 INFO LEAD new: [Permitted] Westminster/23/08291/ADFULL — Paddington Green Police Station 4 Harrow Road London W2 1XJ
2026-10-01 14:41:47 INFO LEAD new: [Permitted] Westminster/23/08290/ADFULL — Paddington Green Police Station 4 Harrow Road London W2 1XJ
2026-10-01 14:41:47 INFO LEAD new: [Permitted] Westminster/23/08289/ADFULL — Paddington Green Police Station 4 Harrow Road London W2 1XJ
2026-10-01 14:41:47 INFO LEAD new: [Permitted] Westminster/23/08302/ADFULL — Development Site At 14 To 17 Paddington Green London
2026-10-01 14:41:47 INFO LEAD new: [Permitted] Westminster/23/08301/ADFULL — Development Site At 14 To 17 Paddington Green London
2026-10-01 14:41:47 INFO LEAD new: [Permitted] Westminster/23/08299/NMA — Paddington Green Police Station 4 Harrow Road London W2 1XJ
2026-10-01 14:41:47 INFO LEAD new: [Permitted] Westminster/23/08310/LBC — 1 Horse Guards Road London SW1A 2HQ
2026-10-01 14:41:47 INFO LEAD new: [Permitted] Westminster/23/08296/FULL — Egyptian House 170-173 Piccadilly London W1J 9EJ
2026-10-01 14:41:47 INFO LEAD new: [Permitted] Westminster/23/08315/FULL — 8 Bedford Court London WC2E 9LU
2026-10-01 14:41:47 INFO LEAD new: [Permitted] Westminster/23/08312/LBC — House Of Commons Palace Of Westminster Parliament Square Lon
2026-10-01 14:41:47 INFO LEAD new: [Permitted] Westminster/23/08321/FULL — 48 Chandos Place London WC2N 4HS
2026-10-01 14:41:47 INFO LEAD new: [Permitted] Westminster/23/08326/FULL — Basement And Ground Floor 27 Oxford Street London W1D 2DP
2026-10-01 14:41:47 INFO LEAD new: [Permitted] Westminster/23/08330/FULL — 1 Neathouse Place London SW1V 1LH
2026-10-01 14:41:47 INFO LEAD new: [Permitted] Westminster/23/08313/LBC — 15A New Quebec Street London W1H 7RT
2026-10-01 14:41:47 INFO LEAD new: [Permitted] Westminster/23/08325/FULL — 37 St Martin's Lane London WC2N 4ER
2026-10-01 14:41:47 INFO LEAD new: [Permitted] Westminster/23/08332/FULL — 1 Knightsbridge London SW1X 7LX
2026-10-01 14:41:47 INFO LEAD new: [Permitted] Westminster/23/08309/ADFULL — 24 Culross Street London W1K 7HE
2026-10-01 14:41:47 INFO LEAD new: [Permitted] Westminster/23/08267/ADV — Bridge House Hotel 13 Westbourne Terrace Road London W2 6NG
2026-10-01 14:41:47 INFO LEAD new: [Permitted] Westminster/23/08488/ADFULL — Ground Floor And First Floor Flat 26 Wellington Road London 
2026-10-01 14:41:47 INFO LEAD new: [Permitted] Westminster/23/08263/NMA — Robin House Barrow Hill Estate Newcourt Street London NW8 7A
2026-10-01 14:41:47 INFO LEAD new: [Permitted] Westminster/23/08264/ADFULL — 56 Curzon Street London W1J 8PB
2026-10-01 14:41:47 INFO LEAD new: [Permitted] Westminster/23/08278/ADFULL — Porchester Court Porchester Gardens London W2 4DF
2026-10-01 14:41:47 INFO LEAD new: [Permitted] Westminster/23/08268/ADFULL — 84 Margaret Street London W1W 8TD
2026-10-01 14:41:47 INFO LEAD new: [Permitted] Westminster/23/08269/ADLBC — 84 Margaret Street London W1W 8TD
2026-10-01 14:41:47 INFO LEAD new: [Permitted] Westminster/23/08276/COFUL — Pimlico Academy Lupus Street London SW1V 3AT
2026-10-01 14:41:48 INFO LEAD new: [Permitted] Westminster/23/08270/ADLBC — 5 Victoria Square London SW1W 0QY
2026-10-01 14:41:48 INFO LEAD new: [Permitted] Westminster/23/08273/FULL — 15-16 Cornwall Terrace London NW1 4QP
2026-10-01 14:41:48 INFO LEAD new: [Permitted] Westminster/23/08274/LBC — 15-16 Cornwall Terrace London NW1 4QP
2026-10-01 14:41:48 INFO LEAD new: [Permitted] Westminster/23/08277/ADFULL — Development Site At North, South, Alexandra And Mews Buildin
2026-10-01 14:41:48 INFO LEAD new: [Permitted] Westminster/23/08256/NMA — Development Site At Former Whiteleys Centre Queensway London
2026-10-01 14:41:48 INFO LEAD new: [Permitted] Westminster/23/08229/ADV — 8-12 Neal Street London WC2H 9LY
2026-10-01 14:41:48 INFO LEAD new: [Permitted] Westminster/23/08255/NMA — 141 Wardour Street London W1F 0UT
2026-10-01 14:41:48 INFO LEAD new: [Permitted] Westminster/23/08262/LBC — 24 Warwick Avenue London W9 2PT
2026-10-01 14:41:48 INFO LEAD new: [Permitted] Westminster/23/08237/FULL — 71 Queensway London W2 4QH
2026-10-01 14:41:48 INFO LEAD new: [Permitted] Westminster/23/08259/LBC — 295 Regent Street London W1B 2HL
2026-10-01 14:41:48 INFO LEAD new: [Permitted] Westminster/23/08243/ADFULL — Theatre Royal Catherine Street London WC2B 5JF
2026-10-01 14:41:48 INFO LEAD new: [Permitted] Westminster/23/08240/ADFULL — 43 Warwick Way London SW1V 1QS
2026-10-01 14:41:48 INFO LEAD new: [Permitted] Westminster/23/08245/ADV — 47 - 49 Oxford Street London W1D 2EB
2026-10-01 14:41:48 INFO LEAD new: [Permitted] Westminster/23/08251/COLBC — 35 St Martin's Street London WC2H 7HP
2026-10-01 14:41:48 INFO LEAD new: [Permitted] Westminster/23/08242/FULL — 21 Little Portland Street London W1W 8BT
2026-10-01 14:41:48 INFO LEAD new: [Permitted] Westminster/23/08260/ADLBC — 11 - 12 Hamilton Place London W1J 7DR
2026-10-01 14:41:48 INFO LEAD new: [Permitted] Westminster/23/08258/ADLBC — 11 - 12 Hamilton Place London W1J 7DR
2026-10-01 14:41:48 INFO LEAD new: [Permitted] Westminster/23/08239/LBC — 21 Little Portland Street London W1W 8BT
2026-10-01 14:41:48 INFO LEAD new: [Permitted] Westminster/23/08249/TCH — 29-30 Leicester Square London WC2H 7LA
2026-10-01 14:41:48 INFO LEAD new: [Permitted] Westminster/23/08234/AD7 — 9 Argyll Street London W1F 7TG
2026-10-01 14:41:48 INFO LEAD new: [Permitted] Westminster/23/08521/CLLB — 295 Regent Street London W1B 2HL
2026-10-01 14:41:48 INFO LEAD new: [Permitted] Westminster/23/08252/NMA — Kilmuir House Ebury Street London SW1W 8TH
2026-10-01 14:41:48 INFO LEAD new: [Permitted] Westminster/23/08232/ADLBC — Development Site At Former Whiteleys Centre Queensway London
2026-10-01 14:41:48 INFO LEAD new: [Permitted] Westminster/23/08219/FULL — 38 Grosvenor Gardens London SW1W 0EB
2026-10-01 14:41:48 INFO LEAD new: [Permitted] Westminster/23/08217/LBC — 4 Shepherd Market London W1J 7QB
2026-10-01 14:41:48 INFO LEAD new: [Permitted] Westminster/23/08216/FULL — 4 Shepherd Market London W1J 7QB
2026-10-01 14:41:48 INFO LEAD new: [Permitted] Westminster/23/08220/LBC — 38 Grosvenor Gardens London SW1W 0EB
2026-10-01 14:41:48 INFO LEAD new: [Permitted] Westminster/23/08227/ADFULL — Townsend House Greycoat Place London SW1P 1BL
2026-10-01 14:41:55 INFO [westminster/Permitted] page at offset 8000: 100 records
2026-10-01 14:41:55 INFO LEAD new: [Permitted] Westminster/23/08221/ADV — 64-66 Oxford Street London W1D 1BL
2026-10-01 14:41:55 INFO LEAD new: [Permitted] Westminster/23/08223/LBC — 25-27 Southwick Street London W2 1JQ
2026-10-01 14:41:55 INFO LEAD new: [Permitted] Westminster/23/08210/FULL — Development Site At Chelsea Barracks Chelsea Bridge Road Lon
2026-10-01 14:41:55 INFO LEAD new: [Permitted] Westminster/23/08225/NMA — 46 Berkeley Square London W1J 5AT
2026-10-01 14:41:55 INFO LEAD new: [Permitted] Westminster/23/08212/ADV — 425 Strand London WC2R 0QE
2026-10-01 14:41:55 INFO LEAD new: [Permitted] Westminster/23/08218/ADFULL — Development Site At Ergon House Horseferry Road And 9 Millba
2026-10-01 14:41:55 INFO LEAD new: [Permitted] Westminster/23/08204/LBC — 1-3 The Sanctuary London
2026-10-01 14:41:55 INFO LEAD new: [Permitted] Westminster/23/08202/FULL — Second Floor Flat 34 Lanhill Road London W9 2BS
2026-10-01 14:41:55 INFO LEAD new: [Permitted] Westminster/23/08188/FULL — 42 Randolph Avenue London W9 1BE
2026-10-01 14:41:55 INFO LEAD new: [Permitted] Westminster/23/08195/ADFULL — Development Site At Olympia Mews And 28 To 34 Queensway Lond
2026-10-01 14:41:55 INFO LEAD new: [Permitted] Westminster/23/08175/FULL — 40 Chester Square London SW1W 9HT
2026-10-01 14:41:55 INFO LEAD new: [Permitted] Westminster/23/08199/FULL — 20 Newport Place London
2026-10-01 14:41:55 INFO LEAD new: [Permitted] Westminster/23/08185/ADLBC — 9 Molyneux Street London W1H 5HP
2026-10-01 14:41:55 INFO LEAD new: [Permitted] Westminster/23/08176/FULL — 69 - 71 Dean Street London W1D 3SE
2026-10-01 14:41:55 INFO LEAD new: [Permitted] Westminster/23/08172/NMA — 3 Strutton Ground London SW1P 2HX
2026-10-01 14:41:55 INFO LEAD new: [Permitted] Westminster/23/08197/FULL — Basement And Ground Floor 107 Westbourne Grove London W2 4UW
2026-10-01 14:41:55 INFO LEAD new: [Permitted] Westminster/23/08180/NMA — 1 - 17 Shaftesbury Avenue London W1D 7EA
2026-10-01 14:41:55 INFO LEAD new: [Permitted] Westminster/23/08200/ADFULL — 90 Harley Street London W1G 7HY
2026-10-01 14:41:55 INFO LEAD new: [Permitted] Westminster/23/08192/CLOPUD — 61 To 130 Miles Buildings Penfold Place London NW1 6RG
2026-10-01 14:41:55 INFO LEAD new: [Permitted] Westminster/23/08187/ADV — Basement And Ground Floor 9 St John's Wood High Street Londo
2026-10-01 14:41:55 INFO LEAD new: [Permitted] Westminster/23/08173/FULL — 3 Strutton Ground London SW1P 2HX
2026-10-01 14:41:55 INFO LEAD new: [Permitted] Westminster/23/08191/NMA — Brick Court Chambers 7-8 Essex Street London WC2R 3AT
2026-10-01 14:41:55 INFO LEAD new: [Permitted] Westminster/23/08189/LBC — 42 Randolph Avenue London W9 1BE
2026-10-01 14:41:55 INFO LEAD new: [Permitted] Westminster/23/08196/LBC — Tate Britain Millbank London SW1P 4RG
2026-10-01 14:41:55 INFO LEAD new: [Permitted] Westminster/23/08198/ADV — New Bond Street London W1S 1DA
2026-10-01 14:41:55 INFO LEAD new: [Permitted] Westminster/23/08179/LBC — 26 St James's Place London SW1A 1NH
2026-10-01 14:41:55 INFO LEAD new: [Permitted] Westminster/23/08186/LBC — Green Park Piccadilly London W1V 9HA
2026-10-01 14:41:55 INFO LEAD new: [Permitted] Westminster/23/08183/TCH — 17 Sheldon Square London W2 6EP
2026-10-01 14:41:55 INFO LEAD new: [Permitted] Westminster/23/08184/ADV — 49 - 50 Dover Street London W1S 4NY
2026-10-01 14:41:55 INFO LEAD new: [Permitted] Westminster/23/08165/LBC — 25 Shepherd Market London W1J 7PP
2026-10-01 14:41:55 INFO LEAD new: [Permitted] Westminster/23/08151/ADV — 7 The Piazza Covent Garden London WC2E 8HD
2026-10-01 14:41:55 INFO LEAD new: [Permitted] Westminster/23/08163/FULL — 6 Bryanston Mews West London W1H 2DD
2026-10-01 14:41:55 INFO LEAD new: [Permitted] Westminster/23/08150/FULL — Basement To First Floor 267-269 Oxford Street London W1C 2DG
2026-10-01 14:41:55 INFO LEAD new: [Permitted] Westminster/23/08162/NMA — Development Site At 14 To 17 Paddington Green London
2026-10-01 14:41:55 INFO LEAD new: [Permitted] Westminster/23/08158/FULL — 28-32 Aybrook Street London W1U 4AW
2026-10-01 14:41:55 INFO LEAD new: [Permitted] Westminster/23/08157/ADV — 104 Marylebone High Street London W1U 4RR
2026-10-01 14:41:55 INFO LEAD new: [Permitted] Westminster/23/08155/CLEUD — 1 Birdcage Walk London SW1H 9JJ
2026-10-01 14:41:55 INFO LEAD new: [Permitted] Westminster/23/08153/FULL — 1 The Quadrangle Sussex Gardens London W2 2RN
2026-10-01 14:41:55 INFO LEAD new: [Permitted] Westminster/23/08142/NMA — Basement 172 Randolph Avenue London W9 1PE
2026-10-01 14:41:55 INFO LEAD new: [Permitted] Westminster/23/08136/FULL — Royal College Of Surgeons Of England 38 - 43 Lincoln's Inn F
2026-10-01 14:41:55 INFO LEAD new: [Permitted] Westminster/23/08145/LBC — Foreign & Commonwealth Office King Charles Street London SW1
2026-10-01 14:41:56 INFO LEAD new: [Permitted] Westminster/23/08149/ADV — Basement To First Floor 267-269 Oxford Street London W1C 2DG
2026-10-01 14:41:56 INFO LEAD new: [Permitted] Westminster/23/08137/LBC — Royal College Of Surgeons Of England 38 - 43 Lincoln's Inn F
2026-10-01 14:41:56 INFO LEAD new: [Permitted] Westminster/23/08148/ADFULL — 35 - 35A Chester Row London SW1W 9JE
2026-10-01 14:41:56 INFO LEAD new: [Permitted] Westminster/23/08135/FULL — 48 Circus Road London NW8 9SE
2026-10-01 14:41:56 INFO LEAD new: [Permitted] Westminster/23/08166/FULL — 8 Upper Grosvenor Street London W1K 2ND
2026-10-01 14:41:56 INFO LEAD new: [Permitted] Westminster/23/08170/LBC — Basement And Ground Floor 8 Buckingham Palace Road London SW
2026-10-01 14:41:56 INFO LEAD new: [Permitted] Westminster/23/08125/ADFULL — 50 Stratton Street London W1J 8LL
2026-10-01 14:41:56 INFO LEAD new: [Permitted] Westminster/23/08111/ADLBC — 71C Hereford Road London W2 5BB
2026-10-01 14:41:56 INFO LEAD new: [Permitted] Westminster/23/08122/ADFULL — Dev Site At 19-35 Baker Street, 88-110 George Street, 69-71 
2026-10-01 14:41:56 INFO LEAD new: [Permitted] Westminster/23/08104/ADFULL — Gloucester Square Gardens Gloucester Square London W2 2TJ
2026-10-01 14:41:56 INFO LEAD new: [Permitted] Westminster/23/08131/LBC — 11-17 Seymour Street London W1H 7JW
2026-10-01 14:41:56 INFO LEAD new: [Permitted] Westminster/23/08106/COGADF — Queens Park Court Ilbert Street London W10 4QA
2026-10-01 14:41:56 INFO LEAD new: [Permitted] Westminster/23/08119/FULL — 83 Pall Mall London SW1Y 5ES
2026-10-01 14:41:56 INFO LEAD new: [Permitted] Westminster/23/08126/FULL — 10 Marylands Road London W9 2DZ
2026-10-01 14:41:56 INFO LEAD new: [Permitted] Westminster/23/08120/LBC — 83 Pall Mall London SW1Y 5ES
2026-10-01 14:41:56 INFO LEAD new: [Permitted] Westminster/23/08272/ADFULL — 71C Hereford Road London W2 5BB
2026-10-01 14:41:56 INFO LEAD new: [Permitted] Westminster/23/08114/FULL — 36-40 Glasshouse Street London W1B 5DL
2026-10-01 14:41:56 INFO LEAD new: [Permitted] Westminster/23/08115/LBC — 36-40 Glasshouse Street London W1B 5DL
2026-10-01 14:41:56 INFO LEAD new: [Permitted] Westminster/23/08124/FULL — 13 Hill Street London W1J 5LQ
2026-10-01 14:41:56 INFO LEAD new: [Permitted] Westminster/23/08132/FULL — 2-4 Carnaby Street London W1F 9PA
2026-10-01 14:41:56 INFO LEAD new: [Permitted] Westminster/23/08116/ADFULL — 2, 3 And 4 Orme Court London W2 4RL
2026-10-01 14:41:56 INFO LEAD new: [Permitted] Westminster/23/08110/NMA — Academy House 26-28 Sackville Street London W1S 3EJ
2026-10-01 14:41:56 INFO LEAD new: [Permitted] Westminster/23/08121/ADFULL — 83 Pall Mall London SW1Y 5ES
2026-10-01 14:41:56 INFO LEAD new: [Permitted] Westminster/23/08128/ADFULL — 5 Victoria Square London SW1W 0QY
2026-10-01 14:41:56 INFO LEAD new: [Permitted] Westminster/23/08118/ADFULL — Dev Site At 19-35 Baker Street, 88-110 George Street, 69-71 
2026-10-01 14:41:56 INFO LEAD new: [Permitted] Westminster/23/08108/ADV — 78-79 New Bond Street London W1S 1RZ
2026-10-01 14:41:56 INFO LEAD new: [Permitted] Westminster/23/08071/FULL — 30 Old Burlington Street London W1S 3AP
2026-10-01 14:41:56 INFO LEAD new: [Permitted] Westminster/23/08078/FULL — 34 Belgrave Mews South London SW1X 8BT
2026-10-01 14:41:56 INFO LEAD new: [Permitted] Westminster/23/08097/ADFULL — 12 Upper Belgrave Street London SW1X 8BA
2026-10-01 14:41:56 INFO LEAD new: [Permitted] Westminster/23/08084/ADLBC — Lancaster House Stable Yard Road London SW1A 1BB
2026-10-01 14:41:56 INFO LEAD new: [Permitted] Westminster/23/08073/LBC — 20 King Street St James's London SW1Y 6QY
2026-10-01 14:41:56 INFO LEAD new: [Permitted] Westminster/23/08083/NMA — 45 Foubert's Place London W1F 7QH
2026-10-01 14:41:56 INFO LEAD new: [Permitted] Westminster/23/08094/ADFULL — 1 Eaton Place London SW1X 8BN
2026-10-01 14:41:56 INFO LEAD new: [Permitted] Westminster/23/08070/FULL — 3 Circus Road London NW8 6NX
2026-10-01 14:41:56 INFO LEAD new: [Permitted] Westminster/23/08082/ADLBC — Admiralty Buildings Whitehall London SW1A 2PA
2026-10-01 14:41:56 INFO LEAD new: [Permitted] Westminster/23/08086/LBC — 1 Berkeley Square London W1J 6EA
2026-10-01 14:41:56 INFO LEAD new: [Permitted] Westminster/23/08095/ADLBC — Ground Floor And First Floor Flat 26 Wellington Road London 
2026-10-01 14:41:56 INFO LEAD new: [Permitted] Westminster/23/08077/FULL — 14 - 16 Great Portland Street London W1W 8QW
2026-10-01 14:41:56 INFO LEAD new: [Permitted] Westminster/23/08096/LBC — 116 Long Acre London WC2E 9PA
2026-10-01 14:41:56 INFO LEAD new: [Permitted] Westminster/23/08085/FULL — 8 Wimpole Street London W1G 9SP
2026-10-01 14:41:56 INFO LEAD new: [Permitted] Westminster/23/08068/FULL — First Floor To Third Floor Maisonette 57 Talbot Road London 
2026-10-01 14:41:56 INFO LEAD new: [Permitted] Westminster/23/08079/CLOPUD — Horseferry House Horseferry Road London
2026-10-01 14:41:56 INFO LEAD new: [Permitted] Westminster/23/08090/LBC — Ground Floor 32 Chilworth Street London W2 6DT
2026-10-01 14:41:56 INFO LEAD new: [Permitted] Westminster/23/08089/FULL — Ground Floor 32 Chilworth Street London W2 6DT
2026-10-01 14:41:56 INFO LEAD new: [Permitted] Westminster/23/08080/ADFULL — Audley Square Garage 5 Audley Square London W1K 1DS
2026-10-01 14:41:56 INFO LEAD new: [Permitted] Westminster/23/08081/LBC — The Ritz Hotel 150 - 156 Piccadilly London W1J 9BR
2026-10-01 14:41:56 INFO LEAD new: [Permitted] Westminster/23/08030/LBC — 12 Waterloo Place London SW1Y 4AU
2026-10-01 14:41:56 INFO LEAD new: [Permitted] Westminster/23/08056/FULL — Basement And Ground Floor 17 St George Street London W1S 1FJ
2026-10-01 14:41:57 INFO LEAD new: [Permitted] Westminster/23/08039/FULL — 69 Welbeck Street London W1G 0AT
2026-10-01 14:42:03 INFO [westminster/Permitted] page at offset 8100: 100 records
2026-10-01 14:42:03 INFO LEAD new: [Permitted] Westminster/23/08062/CLOPUD — 4 Hide Place London SW1P 4NJ
2026-10-01 14:42:03 INFO LEAD new: [Permitted] Westminster/23/08061/FULL — Flat A 1 Aldridge Road Villas London W11 1BL
2026-10-01 14:42:03 INFO LEAD new: [Permitted] Westminster/23/08035/ADV — 57-59 Beak Street London W1F 9SJ
2026-10-01 14:42:03 INFO LEAD new: [Permitted] Westminster/23/08042/LBC — 17 Chester Street London SW1X 7BB
2026-10-01 14:42:03 INFO LEAD new: [Permitted] Westminster/23/08041/FULL — 17 Chester Street London SW1X 7BB
2026-10-01 14:42:03 INFO LEAD new: [Permitted] Westminster/23/08057/LBC — Basement And Ground Floor 17 St George Street London W1S 1FJ
2026-10-01 14:42:03 INFO LEAD new: [Permitted] Westminster/23/08052/ADLBC — First Floor To Fourth Floor Maisonette 35 South Audley Stree
2026-10-01 14:42:03 INFO LEAD new: [Permitted] Westminster/23/08016/FULL — 14 Montpelier Place London SW7 1HJ
2026-10-01 14:42:03 INFO LEAD new: [Permitted] Westminster/23/08017/LBC — 14 Montpelier Place London SW7 1HJ
2026-10-01 14:42:03 INFO LEAD new: [Permitted] Westminster/23/08619/ADLBC — Clarence House Stable Yard Road London SW1A 1BA
2026-10-01 14:42:03 INFO LEAD new: [Permitted] Westminster/23/07995/COFUL — College Park School Garway Road London W2 4PH
2026-10-01 14:42:03 INFO LEAD new: [Permitted] Westminster/23/07986/COFUL — Irving House 5 Irving Street London WC2H 7AT
2026-10-01 14:42:03 INFO LEAD new: [Permitted] Westminster/23/07999/FULL — Basement And Ground Floor 7-8 Market Place London W1W 8AG
2026-10-01 14:42:03 INFO LEAD new: [Permitted] Westminster/23/08161/ADLBC — Flat 8 126 Gloucester Terrace London W2 6HP
2026-10-01 14:42:03 INFO LEAD new: [Permitted] Westminster/23/07980/FULL — 69 Eaton Place London SW1X 8DF
2026-10-01 14:42:03 INFO LEAD new: [Permitted] Westminster/23/08003/ADV — Unlimited House 10 Great Pulteney Street London W1F 9NB
2026-10-01 14:42:03 INFO LEAD new: [Permitted] Westminster/23/07968/FULL — 5-7 Belgrave Mews South London SW1X 8BT
2026-10-01 14:42:03 INFO LEAD new: [Permitted] Westminster/23/07957/ADV — Platform 2 Victoria Station Terminus Place London SW1V 1JT
2026-10-01 14:42:03 INFO LEAD new: [Permitted] Westminster/23/07976/LBC — Garden Flat 1 Warrington Crescent London W9 1ED
2026-10-01 14:42:03 INFO LEAD new: [Permitted] Westminster/23/07975/FULL — Garden Flat 1 Warrington Crescent London W9 1ED
2026-10-01 14:42:03 INFO LEAD new: [Permitted] Westminster/23/07971/LBC — Flat 2 48 Montagu Square London W1H 2LW
2026-10-01 14:42:03 INFO LEAD new: [Permitted] Westminster/23/07970/FULL — Flat 2 48 Montagu Square London W1H 2LW
2026-10-01 14:42:03 INFO LEAD new: [Permitted] Westminster/23/08177/OBS — Development Site At 4-5 Paris Garden And 18-19 Hatfields (In
2026-10-01 14:42:03 INFO LEAD new: [Permitted] Westminster/23/07963/ADV — 127-133 Charing Cross Road London WC2H 0EA
2026-10-01 14:42:03 INFO LEAD new: [Permitted] Westminster/23/07964/FULL — 44 Moreton Street London SW1V 2PB
2026-10-01 14:42:03 INFO LEAD new: [Permitted] Westminster/23/08174/OBS — Neasden Goods Depot Neasden Lane Brent London NW10 2UG
2026-10-01 14:42:04 INFO LEAD new: [Permitted] Westminster/23/07974/ADLBC — French Railways House 177 - 180 Piccadilly London W1J 9EP
2026-10-01 14:42:04 INFO LEAD new: [Permitted] Westminster/23/07966/LBC — 45 - 47 South Street London W1K 2XQ
2026-10-01 14:42:04 INFO LEAD new: [Permitted] Westminster/23/07940/FULL — Bridge House Hotel 13 Westbourne Terrace Road London W2 6NG
2026-10-01 14:42:04 INFO LEAD new: [Permitted] Westminster/23/07941/LBC — Bridge House Hotel 13 Westbourne Terrace Road London W2 6NG
2026-10-01 14:42:04 INFO LEAD new: [Permitted] Westminster/23/07946/LBC — The Orange Public House 37 - 39 Pimlico Road London SW1W 8NE
2026-10-01 14:42:04 INFO LEAD new: [Permitted] Westminster/23/07917/FULL — Flat 3 26 Devonshire Place London W1G 6JE
2026-10-01 14:42:04 INFO LEAD new: [Permitted] Westminster/23/07938/FULL — 28 Wigmore Street London W1U 2RN
2026-10-01 14:42:04 INFO LEAD new: [Permitted] Westminster/23/07939/ADV — 28 Wigmore Street London W1U 2RN
2026-10-01 14:42:04 INFO LEAD new: [Permitted] Westminster/23/07945/LBC — 1 West Halkin Street London SW1X 8JJ
2026-10-01 14:42:04 INFO LEAD new: [Permitted] Westminster/23/07935/FULL — 8 Oliphant Street London W10 4EG
2026-10-01 14:42:04 INFO LEAD new: [Permitted] Westminster/23/07897/ADLBC — 77 Eaton Terrace London SW1W 8TN
2026-10-01 14:42:04 INFO LEAD new: [Permitted] Westminster/23/07904/FULL — Flat 2 14 Hyde Park Gardens London W2 2LU
2026-10-01 14:42:04 INFO LEAD new: [Permitted] Westminster/23/07894/ADFULL — 44 Grove End Road London NW8 9NE
2026-10-01 14:42:04 INFO LEAD new: [Permitted] Westminster/23/07905/LBC — Flat 2 14 Hyde Park Gardens London W2 2LU
2026-10-01 14:42:04 INFO LEAD new: [Permitted] Westminster/23/07895/ADFULL — 77 Eaton Terrace London SW1W 8TN
2026-10-01 14:42:04 INFO LEAD new: [Permitted] Westminster/23/07866/ADV — 34 Old Bond Street London W1S 4QL
2026-10-01 14:42:04 INFO LEAD new: [Permitted] Westminster/23/07853/FULL — Flat 12 Brymon Court 31-32 Montagu Square London W1H 2LH
2026-10-01 14:42:04 INFO LEAD new: [Permitted] Westminster/23/07843/ADFULL — 19 Villiers Street London WC2N 6ND
2026-10-01 14:42:04 INFO LEAD new: [Permitted] Westminster/23/07842/LBC — Flat M 11 Craven Hill London W2 3EN
2026-10-01 14:42:04 INFO LEAD new: [Permitted] Westminster/23/07830/COFUL — Beachcroft School 35 Finchley Road London NW8 0NW
2026-10-01 14:42:04 INFO LEAD new: [Permitted] Westminster/23/07840/LBC — 13 Montagu Place London W1H 2ET
2026-10-01 14:42:04 INFO LEAD new: [Permitted] Westminster/23/07815/TCH — 31 - 32 Bedford Street London WC2E 9ED
2026-10-01 14:42:04 INFO LEAD new: [Permitted] Westminster/23/07839/FULL — 13 Montagu Place London W1H 2ET
2026-10-01 14:42:04 INFO LEAD new: [Permitted] Westminster/23/07813/COFUL — Ground Floor Seymour Leisure Centre Seymour Place London W1H
2026-10-01 14:42:04 INFO LEAD new: [Permitted] Westminster/23/07786/LBC — Flat 11 12-14 Cleveland Square London W2 6DH
2026-10-01 14:42:04 INFO LEAD new: [Permitted] Westminster/23/07782/ADV — John Lewis 278-306 Oxford Street London W1C 1DX
2026-10-01 14:42:04 INFO LEAD new: [Permitted] Westminster/23/07775/LBC — 2 Chesterfield Street London W1J 5JF
2026-10-01 14:42:04 INFO LEAD new: [Permitted] Westminster/23/07771/FULL — 16 - 21 Sackville Street London W1S 3DN
2026-10-01 14:42:04 INFO LEAD new: [Permitted] Westminster/23/07793/FULL — Flat 21 York House 12 Berners Street London W1T 3LG
2026-10-01 14:42:04 INFO LEAD new: [Permitted] Westminster/23/07777/ADFULL — Car Park Moxon Street London W1U 4EY
2026-10-01 14:42:04 INFO LEAD new: [Permitted] Westminster/23/07801/LBC — 33 Clarence Terrace London NW1 4RD
2026-10-01 14:42:04 INFO LEAD new: [Permitted] Westminster/23/07776/ADFULL — Car Park Moxon Street London W1U 4EY
2026-10-01 14:42:04 INFO LEAD new: [Permitted] Westminster/23/07781/ADFULL — 43 William Mews London SW1X 9HQ
2026-10-01 14:42:04 INFO LEAD new: [Permitted] Westminster/23/07798/LBC — 167 New Bond Street London W1S 4AY
2026-10-01 14:42:04 INFO LEAD new: [Permitted] Westminster/23/07797/FULL — 167 New Bond Street London W1S 4AY
2026-10-01 14:42:04 INFO LEAD new: [Permitted] Westminster/23/07788/LBC — 440 Strand London WC2R 0QS
2026-10-01 14:42:04 INFO LEAD new: [Permitted] Westminster/23/07787/FULL — 440 Strand London WC2R 0QS
2026-10-01 14:42:04 INFO LEAD new: [Permitted] Westminster/23/07799/FULL — 77 - 78 St Martin's Lane London WC2N 4AA
2026-10-01 14:42:04 INFO LEAD new: [Permitted] Westminster/23/07746/LBC — Flat 1 23 Eaton Place London SW1X 8BP
2026-10-01 14:42:04 INFO LEAD new: [Permitted] Westminster/23/07745/FULL — Flat 1 23 Eaton Place London SW1X 8BP
2026-10-01 14:42:04 INFO LEAD new: [Permitted] Westminster/23/07763/FULL — Norfolk House 31 St James's Square London SW1Y 4JR
2026-10-01 14:42:04 INFO LEAD new: [Permitted] Westminster/23/07713/LBC — 54B Star Street London W2 1QQ
2026-10-01 14:42:04 INFO LEAD new: [Permitted] Westminster/23/07732/ADV — Basement And Ground Floor 5 Princes Street London W1B 2LF
2026-10-01 14:42:04 INFO LEAD new: [Permitted] Westminster/23/07743/ADFULL — 40 Northumberland Place London W2 5AS
2026-10-01 14:42:04 INFO LEAD new: [Permitted] Westminster/23/07727/OBS — Battersea Power Station And Adjoining Land Battersea Park Ro
2026-10-01 14:42:04 INFO LEAD new: [Permitted] Westminster/23/07737/COFUL — Hallam House Churchill Gardens Estate London SW1V 3ET
2026-10-01 14:42:04 INFO LEAD new: [Permitted] Westminster/23/07736/ADFULL — Development Site At Former Whiteleys Centre Queensway London
2026-10-01 14:42:04 INFO LEAD new: [Permitted] Westminster/23/07883/ADLBC — Development Site At Former Whiteleys Centre Queensway London
2026-10-01 14:42:04 INFO LEAD new: [Permitted] Westminster/23/07695/LBC — 90 - 92 Lancaster Gate London W2 3NL
2026-10-01 14:42:04 INFO LEAD new: [Permitted] Westminster/23/07704/CLOPUD — Third Floor 60 - 62 St Martin's Lane London WC2N 4JS
2026-10-01 14:42:05 INFO LEAD new: [Permitted] Westminster/23/07686/LBC — 59 Hereford Road London W2 5BB
2026-10-01 14:42:05 INFO LEAD new: [Permitted] Westminster/23/07683/TCH — 31 Eccleston Place London SW1W 9NF
2026-10-01 14:42:05 INFO LEAD new: [Permitted] Westminster/23/07697/FULL — 59 Hereford Road London W2 5BB
2026-10-01 14:42:05 INFO LEAD new: [Permitted] Westminster/23/07693/ADV — 31 King Street Covent Garden London WC2E 8JD
2026-10-01 14:42:05 INFO LEAD new: [Permitted] Westminster/23/07688/FULL — London Hilton 22 Park Lane London W1K 1BE
2026-10-01 14:42:05 INFO LEAD new: [Permitted] Westminster/23/07705/ADV — 159 Oxford Street London W1D 2JL
2026-10-01 14:42:05 INFO LEAD new: [Permitted] Westminster/23/07682/FULL — 19 Crown Passage London SW1Y 6PP
2026-10-01 14:42:05 INFO LEAD new: [Permitted] Westminster/23/07708/LBC — 9 St John's Wood Terrace London NW8 6JJ
2026-10-01 14:42:05 INFO LEAD new: [Permitted] Westminster/23/07707/FULL — 9 St John's Wood Terrace London NW8 6JJ
2026-10-01 14:42:05 INFO LEAD new: [Permitted] Westminster/23/07700/LBC — 33 St James's Square London SW1Y 4JS
2026-10-01 14:42:05 INFO LEAD new: [Permitted] Westminster/23/07699/FULL — 33 St James's Square London SW1Y 4JS
2026-10-01 14:42:12 INFO [westminster/Permitted] page at offset 8200: 100 records
2026-10-01 14:42:12 INFO LEAD new: [Permitted] Westminster/23/07690/FULL — Flat 71 Baynards House 1 Chepstow Place London W2 4TE
2026-10-01 14:42:12 INFO LEAD new: [Permitted] Westminster/23/07696/LBC — 443 Strand London WC2R 0QU
2026-10-01 14:42:12 INFO LEAD new: [Permitted] Westminster/23/07681/ADV — Ground Floor 106 Great Portland Street London W1W 6PF
2026-10-01 14:42:12 INFO LEAD new: [Permitted] Westminster/23/07679/ADFULL — 22 - 23 Little Portland Street London W1W 8BU
2026-10-01 14:42:12 INFO LEAD new: [Permitted] Westminster/23/07648/FULL — 66 Knightsbridge London SW1X 7LA
2026-10-01 14:42:12 INFO LEAD new: [Permitted] Westminster/23/07652/ADLBC — First Floor 23 Mount Street London W1K 2RP
2026-10-01 14:42:12 INFO LEAD new: [Permitted] Westminster/23/07656/LBC — The National Gallery Trafalgar Square London WC2N 5DN
2026-10-01 14:42:12 INFO LEAD new: [Permitted] Westminster/23/07674/ADV — 45 Albemarle Street London W1S 4JL
2026-10-01 14:42:12 INFO LEAD new: [Permitted] Westminster/23/07668/FULL — 26 King Street Covent Garden London WC2E 8HN
2026-10-01 14:42:12 INFO LEAD new: [Permitted] Westminster/23/07669/LBC — 26 King Street Covent Garden London WC2E 8HN
2026-10-01 14:42:12 INFO LEAD new: [Permitted] Westminster/23/07663/LBC — 60 - 62 St Martin's Lane London WC2N 4JS
2026-10-01 14:42:12 INFO LEAD new: [Permitted] Westminster/23/07671/CLEUD — 66 Abbey Road London NW8 0QH
2026-10-01 14:42:12 INFO LEAD new: [Permitted] Westminster/23/07641/ADFULL — 139 Hamilton Terrace London NW8 9QS
2026-10-01 14:42:12 INFO LEAD new: [Permitted] Westminster/23/07639/ADFULL — 2 Kingly Street London W1B 5PB
2026-10-01 14:42:12 INFO LEAD new: [Permitted] Westminster/23/07659/ADFULL — Dev Site At 19-35 Baker Street, 88-110 George Street, 69-71 
2026-10-01 14:42:12 INFO LEAD new: [Permitted] Westminster/23/07666/ADFULL — Third Floor 88 - 92 Baker Street London W1U 8TQ
2026-10-01 14:42:12 INFO LEAD new: [Permitted] Westminster/23/07667/LBC — 8 Ennismore Gardens London SW7 1NL
2026-10-01 14:42:12 INFO LEAD new: [Permitted] Westminster/23/07657/FULL — 1 Great George Street London SW1P 3AA
2026-10-01 14:42:12 INFO LEAD new: [Permitted] Westminster/23/07645/LBC — The National Gallery Trafalgar Square London WC2N 5DN
2026-10-01 14:42:12 INFO LEAD new: [Permitted] Westminster/23/07642/NMA — 139 Hamilton Terrace London NW8 9QS
2026-10-01 14:42:12 INFO LEAD new: [Permitted] Westminster/23/07662/FULL — 60 - 62 St Martin's Lane London WC2N 4JS
2026-10-01 14:42:12 INFO LEAD new: [Permitted] Westminster/23/07651/FULL — 39 Craven Hill Gardens London W2 3EA
2026-10-01 14:42:12 INFO LEAD new: [Permitted] Westminster/23/07664/FULL — Portland House 4 Great Portland Street London W1W 8QJ
2026-10-01 14:42:12 INFO LEAD new: [Permitted] Westminster/23/07658/LBC — 1 Great George Street London SW1P 3AA
2026-10-01 14:42:12 INFO LEAD new: [Permitted] Westminster/23/07638/LBC — 20 Bow Street London WC2E 7AW
2026-10-01 14:42:12 INFO LEAD new: [Permitted] Westminster/23/07631/ADFULL — Denham Building 27 St James's Street London SW1A 1HA
2026-10-01 14:42:12 INFO LEAD new: [Permitted] Westminster/23/07622/ADV — 4 Motcomb Street London SW1X 8JU
2026-10-01 14:42:12 INFO LEAD new: [Permitted] Westminster/23/07612/ADFULL — 4 Wilton Crescent London SW1X 8RN
2026-10-01 14:42:12 INFO LEAD new: [Permitted] Westminster/23/07621/LBC — Flat 1 120 Mount Street London W1K 3NN
2026-10-01 14:42:12 INFO LEAD new: [Permitted] Westminster/23/07627/LBC — Second Floor 10-11 Grosvenor Place London SW1X 7HH
2026-10-01 14:42:12 INFO LEAD new: [Permitted] Westminster/23/07632/FULL — 32 Galton Street London W10 4QW
2026-10-01 14:42:12 INFO LEAD new: [Permitted] Westminster/23/07617/LBC — 4 Motcomb Street London SW1X 8JU
2026-10-01 14:42:12 INFO LEAD new: [Permitted] Westminster/23/07629/ADFULL — 65 Bayswater Road London W2 3PH
2026-10-01 14:42:12 INFO LEAD new: [Permitted] Westminster/23/07620/NMA — 127 St George's Drive London SW1V 4DA
2026-10-01 14:42:12 INFO LEAD new: [Permitted] Westminster/23/07636/ADV — 45 Lexington Street London W1F 9AN
2026-10-01 14:42:12 INFO LEAD new: [Permitted] Westminster/23/07625/FULL — Westminster College The Pulteney School Peter Street London 
2026-10-01 14:42:12 INFO LEAD new: [Permitted] Westminster/23/07610/ADV — 20 Bow Street London WC2E 7AW
2026-10-01 14:42:12 INFO LEAD new: [Permitted] Westminster/23/07772/ADLBC — 4 Wilton Crescent London SW1X 8RN
2026-10-01 14:42:12 INFO LEAD new: [Permitted] Westminster/23/07615/ADV — Basement And Ground Floor 23 Bruton Street London W1J 6QF
2026-10-01 14:42:12 INFO LEAD new: [Permitted] Westminster/23/07614/LBC — Basement And Ground Floor 23 Bruton Street London W1J 6QF
2026-10-01 14:42:12 INFO LEAD new: [Permitted] Westminster/23/07613/FULL — Basement And Ground Floor 23 Bruton Street London W1J 6QF
2026-10-01 14:42:12 INFO LEAD new: [Permitted] Westminster/23/07584/LBC — 1-7 Davies Mews London W1K 5AB
2026-10-01 14:42:12 INFO LEAD new: [Permitted] Westminster/23/07591/LBC — 40-46 Brook Street Mayfair London W1K 5DB
2026-10-01 14:42:12 INFO LEAD new: [Permitted] Westminster/23/07583/FULL — 1-7 Davies Mews London W1K 5AB
2026-10-01 14:42:12 INFO LEAD new: [Permitted] Westminster/23/07601/AADV — Eros (Shaftesbury Memorial) Piccadilly Circus London W1J 0TR
2026-10-01 14:42:13 INFO LEAD new: [Permitted] Westminster/23/07582/LBC — 52 - 54 Davies Street London W1K 5JF
2026-10-01 14:42:13 INFO LEAD new: [Permitted] Westminster/23/07581/FULL — 52 - 54 Davies Street London W1K 5JF
2026-10-01 14:42:13 INFO LEAD new: [Permitted] Westminster/23/07600/LBC — Flat 80 Albert Hall Mansions Kensington Gore London SW7 2AE
2026-10-01 14:42:13 INFO LEAD new: [Permitted] Westminster/23/07595/ADLBC — 20 Buckingham Street London WC2N 6EF
2026-10-01 14:42:13 INFO LEAD new: [Permitted] Westminster/23/07596/ADLBC — 20 Buckingham Street London WC2N 6EF
2026-10-01 14:42:13 INFO LEAD new: [Permitted] Westminster/23/07586/FULL — 66 Wigmore Street London W1U 2SB
2026-10-01 14:42:13 INFO LEAD new: [Permitted] Westminster/23/07594/ADV — 62 St James's Street London SW1A 1LY
2026-10-01 14:42:13 INFO LEAD new: [Permitted] Westminster/23/07605/FULL — 20 Carlton House Terrace London SW1Y 5AN
2026-10-01 14:42:13 INFO LEAD new: [Permitted] Westminster/23/07593/CLEUD — Basement And Ground Floor 61 Old Compton Street London W1D 6
2026-10-01 14:42:13 INFO LEAD new: [Permitted] Westminster/23/07575/CLOPUD — 11 Adelphi Terrace London WC2N 6BJ
2026-10-01 14:42:13 INFO LEAD new: [Permitted] Westminster/23/07590/FULL — 40-46 Brook Street London W1K 5DB
2026-10-01 14:42:13 INFO LEAD new: [Permitted] Westminster/23/08107/ADV — 53 Shaftesbury Avenue London W1D 6LB
2026-10-01 14:42:13 INFO LEAD new: [Permitted] Westminster/23/07569/FULL — 158 Shirland Road London W9 2BT
2026-10-01 14:42:13 INFO LEAD new: [Permitted] Westminster/23/07545/COGADF — 27 Tresham Crescent London NW8 8TW
2026-10-01 14:42:13 INFO LEAD new: [Permitted] Westminster/23/07547/FULL — 53 Shaftesbury Avenue London W1D 6LB
2026-10-01 14:42:13 INFO LEAD new: [Permitted] Westminster/23/07558/FULL — 23 Queen Anne's Gate London SW1H 9BU
2026-10-01 14:42:13 INFO LEAD new: [Permitted] Westminster/23/07571/FULL — 42 Conduit Street London W1S 2YH
2026-10-01 14:42:13 INFO LEAD new: [Permitted] Westminster/23/07573/FULL — 21 Churton Street London SW1V 2LY
2026-10-01 14:42:13 INFO LEAD new: [Permitted] Westminster/23/07559/LBC — 23 Queen Anne's Gate London SW1H 9BU
2026-10-01 14:42:13 INFO LEAD new: [Permitted] Westminster/23/07568/ADV — 10 Gees Court London W1U 1JJ
2026-10-01 14:42:13 INFO LEAD new: [Permitted] Westminster/23/07572/LBC — 42 Conduit Street London W1S 2YH
2026-10-01 14:42:13 INFO LEAD new: [Permitted] Westminster/23/07539/LBC — 132 Harley Street London W1G 7JX
2026-10-01 14:42:13 INFO LEAD new: [Permitted] Westminster/23/07543/CLOPUD — 32-36 Great Portland Street London W1W 8QT
2026-10-01 14:42:13 INFO LEAD new: [Permitted] Westminster/23/07542/LBC — 37 Belgrave Square London SW1X 8NS
2026-10-01 14:42:13 INFO LEAD new: [Permitted] Westminster/23/07687/ADFULL — Flat 4 13 Sutherland Street London SW1V 4JU
2026-10-01 14:42:13 INFO LEAD new: [Permitted] Westminster/23/07512/ADLBC — Flat 4 13 Sutherland Street London SW1V 4JU
2026-10-01 14:42:13 INFO LEAD new: [Permitted] Westminster/23/07494/NMA — Proposed Development Site At 51 To 58 Rathbone Place And 54-
2026-10-01 14:42:13 INFO LEAD new: [Permitted] Westminster/23/07506/ADFULL — Flat 3 Albert Gate Court 124 Knightsbridge London SW1X 7PE
2026-10-01 14:42:13 INFO LEAD new: [Permitted] Westminster/23/07464/ADFULL — 18 Wigmore Street London W1U 2RG
2026-10-01 14:42:13 INFO LEAD new: [Permitted] Westminster/23/07554/EEN — Clergy House 42 Francis Street London SW1P 1QW
2026-10-01 14:42:13 INFO LEAD new: [Permitted] Westminster/23/07449/LBC — 1B Albemarle Street London W1S 4HB
2026-10-01 14:42:13 INFO LEAD new: [Permitted] Westminster/23/07451/LBC — Buckingham Palace The Mall London SW1A 1AA
2026-10-01 14:42:13 INFO LEAD new: [Permitted] Westminster/23/07444/LBC — 40 Carnaby Street London W1F 7DU
2026-10-01 14:42:13 INFO LEAD new: [Permitted] Westminster/23/07453/ADV — 40 Carnaby Street London W1F 7DU
2026-10-01 14:42:13 INFO LEAD new: [Permitted] Westminster/23/07427/LBC — 11 Waterloo Place London SW1Y 4AU
2026-10-01 14:42:13 INFO LEAD new: [Permitted] Westminster/23/07431/COLBC — 4 Shepherd Market London W1J 7QB
2026-10-01 14:42:13 INFO LEAD new: [Permitted] Westminster/23/07417/ADV — Development Site At Former Whiteleys Centre Queensway London
2026-10-01 14:42:13 INFO LEAD new: [Permitted] Westminster/23/07439/NMA — 6 Buckingham Mews London SW1E 6NR
2026-10-01 14:42:13 INFO LEAD new: [Permitted] Westminster/23/07438/ADV — 127A Queensway London W2 4SJ
2026-10-01 14:42:13 INFO LEAD new: [Permitted] Westminster/23/07395/ADFULL — 24 - 25 Bruton Street London W1J 6QQ
2026-10-01 14:42:13 INFO LEAD new: [Permitted] Westminster/23/07393/LBC — 24B Clifton Gardens London W9 1AU
2026-10-01 14:42:13 INFO LEAD new: [Permitted] Westminster/23/07389/ADFULL — Development Site At 180 Piccadilly And 48 To 50 Jermyn Stree
2026-10-01 14:42:13 INFO LEAD new: [Permitted] Westminster/23/07406/CLEUD — Trafalgar Buildings 1-3 Whitehall London SW1A 2DD
2026-10-01 14:42:20 INFO [westminster/Permitted] page at offset 8300: 100 records
2026-10-01 14:42:20 INFO LEAD new: [Permitted] Westminster/23/07392/NMA — 24B Clifton Gardens London W9 1AU
2026-10-01 14:42:20 INFO LEAD new: [Permitted] Westminster/23/07398/FULL — 83 - 85 Shaftesbury Avenue London W1D 5DX
2026-10-01 14:42:20 INFO LEAD new: [Permitted] Westminster/23/07380/FULL — 66 Westbourne Park Villas London W2 5EB
2026-10-01 14:42:20 INFO LEAD new: [Permitted] Westminster/23/07390/ADFULL — London Business School Sussex Place Regents Park London NW1 
2026-10-01 14:42:20 INFO LEAD new: [Permitted] Westminster/23/07387/ADFULL — 62 Carlton Hill London NW8 0ET
2026-10-01 14:42:20 INFO LEAD new: [Permitted] Westminster/23/07388/ADFULL — Development Site At 150 And 152 Hamilton Terrace London NW8 
2026-10-01 14:42:20 INFO LEAD new: [Permitted] Westminster/23/07396/ADFULL — Times Place 45 Pall Mall London SW1Y 5JG
2026-10-01 14:42:20 INFO LEAD new: [Permitted] Westminster/23/07383/ADFULL — Open Space Berkeley Square London W1J 6EB
2026-10-01 14:42:20 INFO LEAD new: [Permitted] Westminster/23/07391/ADLBC — Flat 11 72 Eaton Square London SW1W 9AS
2026-10-01 14:42:20 INFO LEAD new: [Permitted] Westminster/23/07493/MOD106 — Development Site Bounded By Ebury Street, Pimlico Road, Aver
2026-10-01 14:42:20 INFO LEAD new: [Permitted] Westminster/23/07381/FULL — 45 - 47 South Street London W1K 2XQ
2026-10-01 14:42:20 INFO LEAD new: [Permitted] Westminster/23/07567/ADLBC — 62 Carlton Hill London NW8 0ET
2026-10-01 14:42:20 INFO LEAD new: [Permitted] Westminster/23/07394/AADV — Marble Arch London
2026-10-01 14:42:20 INFO LEAD new: [Permitted] Westminster/23/07386/ADLBC — 43 Charing Cross Road London WC2H 0AP
2026-10-01 14:42:20 INFO LEAD new: [Permitted] Westminster/23/07373/LBC — 41 - 42 King Street Covent Garden London WC2E 8JS
2026-10-01 14:42:20 INFO LEAD new: [Permitted] Westminster/23/07397/ADFULL — 20-22 Berkeley Square London W1J 6EQ
2026-10-01 14:42:20 INFO LEAD new: [Permitted] Westminster/23/07364/FULL — Balderton Street London
2026-10-01 14:42:20 INFO LEAD new: [Permitted] Westminster/23/07370/FULL — 102 Rochester Row London SW1P 1JP
2026-10-01 14:42:20 INFO LEAD new: [Permitted] Westminster/23/07368/ADFULL — 24 Westminster Mansions Great Smith Street London SW1P 3BP
2026-10-01 14:42:20 INFO LEAD new: [Permitted] Westminster/23/07350/CLLB — 12 Carlton House Terrace London SW1Y 5AH
2026-10-01 14:42:20 INFO LEAD new: [Permitted] Westminster/23/07352/FULL — 61 South Audley Street London W1K 2QP
2026-10-01 14:42:20 INFO LEAD new: [Permitted] Westminster/23/07416/ADLBC — 15A New Quebec Street London W1H 7RT
2026-10-01 14:42:20 INFO LEAD new: [Permitted] Westminster/23/07342/ADFULL — 23 Avenue Road London NW8 6BS
2026-10-01 14:42:20 INFO LEAD new: [Permitted] Westminster/23/07348/TCH — 4-5 Langham Place London W1B 3DG
2026-10-01 14:42:20 INFO LEAD new: [Permitted] Westminster/23/07365/NMA — St Johns Church Kilburn Lane London W10 4AA
2026-10-01 14:42:20 INFO LEAD new: [Permitted] Westminster/23/07347/LBC — Basement And Ground Floor 38 Montagu Square London W1H 2LL
2026-10-01 14:42:20 INFO LEAD new: [Permitted] Westminster/23/07346/FULL — Basement And Ground Floor 38 Montagu Square London W1H 2LL
2026-10-01 14:42:20 INFO LEAD new: [Permitted] Westminster/23/07344/FULL — Flat 5 48A Ledbury Road London W11 2AS
2026-10-01 14:42:20 INFO LEAD new: [Permitted] Westminster/23/07371/LBC — Australia House Strand London WC2B 4LU
2026-10-01 14:42:20 INFO LEAD new: [Permitted] Westminster/23/07337/ADV — 32-34 Great Marlborough Street London W1F 7JB
2026-10-01 14:42:20 INFO LEAD new: [Permitted] Westminster/23/07324/ADFULL — 15 Warwick Way London SW1V 1QT
2026-10-01 14:42:20 INFO LEAD new: [Permitted] Westminster/23/07318/FULL — St Patrick's R C Church 21A Soho Square London W1D 4NR
2026-10-01 14:42:20 INFO LEAD new: [Permitted] Westminster/23/07327/LBC — Commissioners' Yard Gate Victoria Embankment London
2026-10-01 14:42:20 INFO LEAD new: [Permitted] Westminster/23/07301/FULL — Berkeley House 15 Hay Hill London W1J 8NS
2026-10-01 14:42:20 INFO LEAD new: [Permitted] Westminster/23/07335/CLEUD — 3A Devereux Court London WC2R 3JJ
2026-10-01 14:42:20 INFO LEAD new: [Permitted] Westminster/23/07295/ADV — 61 South Audley Street London W1K 2QP
2026-10-01 14:42:20 INFO LEAD new: [Permitted] Westminster/23/07299/LBC — Basement And Ground Floor And Part First Floor 47 Frith Stre
2026-10-01 14:42:20 INFO LEAD new: [Permitted] Westminster/23/07314/FULL — Development Site At 12-13 Rathbone Place, 1-6 Gresse Street 
2026-10-01 14:42:20 INFO LEAD new: [Permitted] Westminster/23/07312/FULL — 34 Belgrave Mews South London SW1X 8BT
2026-10-01 14:42:21 INFO LEAD new: [Permitted] Westminster/23/07315/FULL — 100 Victoria Street London SW1E 5JL
2026-10-01 14:42:21 INFO LEAD new: [Permitted] Westminster/23/07329/ADFULL — Audley Square Garage 5 Audley Square London W1K 1DS
2026-10-01 14:42:21 INFO LEAD new: [Permitted] Westminster/23/07290/ADLBC — 8 Craven Hill London W2 3DS
2026-10-01 14:42:21 INFO LEAD new: [Permitted] Westminster/23/07313/ADV — Basement And Ground Floor Seaford House 105 Marylebone High 
2026-10-01 14:42:21 INFO LEAD new: [Permitted] Westminster/23/07292/FULL — Royal College Of Surgeons Of England 38 - 43 Lincoln's Inn F
2026-10-01 14:42:21 INFO LEAD new: [Permitted] Westminster/23/07325/FULL — 21 Randolph Road London W9 1AN
2026-10-01 14:42:21 INFO LEAD new: [Permitted] Westminster/23/07291/ADV — Victoria Place 115 Buckingham Palace Road London SW1W 9SJ
2026-10-01 14:42:21 INFO LEAD new: [Permitted] Westminster/23/07330/ADLBC — Site At 94 Piccadilly, 95 Piccadilly, 12 White Horse Street,
2026-10-01 14:42:21 INFO LEAD new: [Permitted] Westminster/23/07276/CLEUD — 23A Craven Hill London W2 3EN
2026-10-01 14:42:21 INFO LEAD new: [Permitted] Westminster/23/07284/ADLBC — Flat 2 29 Eccleston Square London SW1V 1NZ
2026-10-01 14:42:21 INFO LEAD new: [Permitted] Westminster/23/07262/FULL — 138 Grosvenor Road London SW1V 3JS
2026-10-01 14:42:21 INFO LEAD new: [Permitted] Westminster/23/07289/ADLBC — 9 Molyneux Street London W1H 5HP
2026-10-01 14:42:21 INFO LEAD new: [Permitted] Westminster/23/07270/ADLBC — Ground Floor 42 Southwick Street London W2 1JQ
2026-10-01 14:42:21 INFO LEAD new: [Permitted] Westminster/23/07280/NMA — Belgravia Court 33 Ebury Street London SW1W 0NY
2026-10-01 14:42:21 INFO LEAD new: [Permitted] Westminster/23/07261/LBC — 57A Tufton Street London SW1P 3QL
2026-10-01 14:42:21 INFO LEAD new: [Permitted] Westminster/23/07287/LBC — 82 Mortimer Street London W1W 7FE
2026-10-01 14:42:21 INFO LEAD new: [Permitted] Westminster/23/07283/ADV — 307 - 309 Regent Street London W1B 2HW
2026-10-01 14:42:21 INFO LEAD new: [Permitted] Westminster/23/07288/LBC — First Floor 12 Welbeck Street London W1G 9XF
2026-10-01 14:42:21 INFO LEAD new: [Permitted] Westminster/23/07275/ADV — 108 New Bond Street London W1S 1EF
2026-10-01 14:42:21 INFO LEAD new: [Permitted] Westminster/23/07286/LBC — Cunard House 15 Regent Street London SW1Y 4LR
2026-10-01 14:42:21 INFO LEAD new: [Permitted] Westminster/23/07281/FULL — Flat 1 At Basement Floor 58 Warrington Crescent London W9 1E
2026-10-01 14:42:21 INFO LEAD new: [Permitted] Westminster/23/07263/ADFULL — American Embassy 24 - 31 Grosvenor Square London W1K 6AH
2026-10-01 14:42:21 INFO LEAD new: [Permitted] Westminster/23/07285/FULL — Flat 10 11 Hyde Park Gardens London W2 2LU
2026-10-01 14:42:21 INFO LEAD new: [Permitted] Westminster/23/07282/ADLBC — 16 Maida Avenue London W2 1SR
2026-10-01 14:42:21 INFO LEAD new: [Permitted] Westminster/23/07250/FULL — 9 - 11 Kingly Street London W1B 5PH
2026-10-01 14:42:21 INFO LEAD new: [Permitted] Westminster/23/07229/FULL — 69 Oliphant Street London W10 4ED
2026-10-01 14:42:21 INFO LEAD new: [Permitted] Westminster/23/07251/LBC — 9 - 11 Kingly Street London W1B 5PH
2026-10-01 14:42:21 INFO LEAD new: [Permitted] Westminster/23/07233/FULL — Basement And Ground Floor Maisonette 14 Eaton Place London S
2026-10-01 14:42:21 INFO LEAD new: [Permitted] Westminster/23/07227/COGADF — Darwin House 104 Grosvenor Road London SW1V 3LH
2026-10-01 14:42:21 INFO LEAD new: [Permitted] Westminster/23/07239/AADV — John Lewis 278-306 Oxford Street London W1C 1DX
2026-10-01 14:42:21 INFO LEAD new: [Permitted] Westminster/23/07234/LBC — Basement And Ground Floor Maisonette 14 Eaton Place London S
2026-10-01 14:42:21 INFO LEAD new: [Permitted] Westminster/23/07242/ADFULL — Newton Medical Centre 14 Newton Road London W2 5LT
2026-10-01 14:42:21 INFO LEAD new: [Permitted] Westminster/23/07259/FULL — Pitch 1714 St Martin's Place London WC2N 5DN
2026-10-01 14:42:21 INFO LEAD new: [Permitted] Westminster/23/07246/ADV — 56 Wardour Street London W1D 4JG
2026-10-01 14:42:21 INFO LEAD new: [Permitted] Westminster/23/07247/ADV — 14 Savile Row London W1S 3JN
2026-10-01 14:42:21 INFO LEAD new: [Permitted] Westminster/23/07238/COLBC — Stubbs House Erasmus Street London SW1P 4DY
2026-10-01 14:42:21 INFO LEAD new: [Permitted] Westminster/23/07249/ADLBC — Dorset House Gloucester Place London NW1 5AH
2026-10-01 14:42:21 INFO LEAD new: [Permitted] Westminster/23/07241/ADV — John Lewis 278-306 Oxford Street London W1C 1DX
2026-10-01 14:42:21 INFO LEAD new: [Permitted] Westminster/23/07245/FULL — 56 Wardour Street London W1D 4JG
2026-10-01 14:42:21 INFO LEAD new: [Permitted] Westminster/23/07235/FULL — 12 Heddon Street London W1B 4BZ
2026-10-01 14:42:28 INFO [westminster/Permitted] page at offset 8400: 100 records
2026-10-01 14:42:28 INFO LEAD new: [Permitted] Westminster/23/07257/FULL — 180 Regent Street London W1B 5TW
2026-10-01 14:42:28 INFO LEAD new: [Permitted] Westminster/23/07211/LBC — 40-46 Brook Street Mayfair London W1K 5DB
2026-10-01 14:42:28 INFO LEAD new: [Permitted] Westminster/23/07212/FULL — 58 Davies Street London W1K 5LP
2026-10-01 14:42:28 INFO LEAD new: [Permitted] Westminster/23/07223/FULL — Hospital 60 Grove End Road London NW8 9NH
2026-10-01 14:42:28 INFO LEAD new: [Permitted] Westminster/23/07194/AADV — Marble Arch London
2026-10-01 14:42:28 INFO LEAD new: [Permitted] Westminster/23/07200/LBC — 28 Newman Street London W1T 1PR
2026-10-01 14:42:28 INFO LEAD new: [Permitted] Westminster/23/07220/FULL — 18 Groom Place London SW1X 7BA
2026-10-01 14:42:28 INFO LEAD new: [Permitted] Westminster/23/07215/NMA — 141 Wardour Street London W1F 0UT
2026-10-01 14:42:28 INFO LEAD new: [Permitted] Westminster/23/07216/FULL — 12 Rex Place London W1K 2HB
2026-10-01 14:42:28 INFO LEAD new: [Permitted] Westminster/23/07191/ADLBC — 167 New Bond Street London W1S 4AY
2026-10-01 14:42:28 INFO LEAD new: [Permitted] Westminster/23/07219/ADFULL — 3 West Halkin Street London SW1X 8JJ
2026-10-01 14:42:28 INFO LEAD new: [Permitted] Westminster/23/07218/ADLBC — 3 West Halkin Street London SW1X 8JJ
2026-10-01 14:42:28 INFO LEAD new: [Permitted] Westminster/23/07208/LBC — 17 Harcourt Street London W1H 4EG
2026-10-01 14:42:28 INFO LEAD new: [Permitted] Westminster/23/07207/FULL — 17 Harcourt Street London W1H 4EG
2026-10-01 14:42:28 INFO LEAD new: [Permitted] Westminster/23/07213/LBC — 58 Davies Street London W1K 5LP
2026-10-01 14:42:29 INFO LEAD new: [Permitted] Westminster/23/07187/LBC — Flat 1 7 Bryanston Square London W1H 2DH
2026-10-01 14:42:29 INFO LEAD new: [Permitted] Westminster/23/07186/FULL — Flat 1 7 Bryanston Square London W1H 2DH
2026-10-01 14:42:29 INFO LEAD new: [Permitted] Westminster/23/07198/TELCOM — 88 Portland Place London W1B 1PR
2026-10-01 14:42:29 INFO LEAD new: [Permitted] Westminster/23/07222/ADLBC — 1-7 Davies Mews London W1K 5AB
2026-10-01 14:42:29 INFO LEAD new: [Permitted] Westminster/23/07221/ADLBC — 52 - 54 Davies Street London W1K 5JF
2026-10-01 14:42:29 INFO LEAD new: [Permitted] Westminster/23/07210/FULL — 40-46 Brook Street Mayfair London W1K 5DB
2026-10-01 14:42:29 INFO LEAD new: [Permitted] Westminster/23/07179/ADV — 218 Regent Street London W1B 5TR
2026-10-01 14:42:29 INFO LEAD new: [Permitted] Westminster/23/07385/OBS — 99 Bishopsgate City Of London London EC2M 3XD
2026-10-01 14:42:29 INFO LEAD new: [Permitted] Westminster/23/07183/LBC — 68D Randolph Avenue London W9 1BG
2026-10-01 14:42:29 INFO LEAD new: [Permitted] Westminster/23/07172/LBC — Flat C 28 Maida Avenue London W2 1ST
2026-10-01 14:42:29 INFO LEAD new: [Permitted] Westminster/23/07157/COGADF — Dev Site At 4 Lilestone St, Mallory St, Penn Hse, Bernhardt 
2026-10-01 14:42:29 INFO LEAD new: [Permitted] Westminster/23/07169/ADFULL — 10 Orme Square London W2 4RS
2026-10-01 14:42:29 INFO LEAD new: [Permitted] Westminster/23/07167/COGADF — Ebury Bridge Estate Ebury Bridge Road London SW1W 8PX
2026-10-01 14:42:29 INFO LEAD new: [Permitted] Westminster/23/07170/LBC — Buckingham Palace The Mall London SW1A 1AA
2026-10-01 14:42:29 INFO LEAD new: [Permitted] Westminster/23/07181/FULL — First Floor 78 Marylebone Lane London W1U 2NU
2026-10-01 14:42:29 INFO LEAD new: [Permitted] Westminster/23/07163/LBC — Seymour House 17 Waterloo Place London
2026-10-01 14:42:29 INFO LEAD new: [Permitted] Westminster/23/07165/ADFULL — Pegasus House 37-43 Sackville Street London W1S 3EH
2026-10-01 14:42:29 INFO LEAD new: [Permitted] Westminster/23/07154/ADFULL — Flat A 150 Elgin Avenue London W9 2NT
2026-10-01 14:42:29 INFO LEAD new: [Permitted] Westminster/23/07153/ADV — 44 Poland Street London W1F 7LZ
2026-10-01 14:42:29 INFO LEAD new: [Permitted] Westminster/23/07151/ADFULL — 26 The Marlowes London NW8 6NA
2026-10-01 14:42:29 INFO LEAD new: [Permitted] Westminster/23/07145/LBC — 58 Abbey Road London NW8 0QD
2026-10-01 14:42:29 INFO LEAD new: [Permitted] Westminster/23/07148/FULL — 46 Manchester Street London W1U 7LS
2026-10-01 14:42:29 INFO LEAD new: [Permitted] Westminster/23/07149/LBC — 46 Manchester Street London W1U 7LS
2026-10-01 14:42:29 INFO LEAD new: [Permitted] Westminster/23/07146/LBC — 55 Great Portland Street London W1W 7LQ
2026-10-01 14:42:29 INFO LEAD new: [Permitted] Westminster/23/07120/ADFULL — 65 Davies Street London W1K 5JL
2026-10-01 14:42:29 INFO LEAD new: [Permitted] Westminster/23/07122/ADFULL — Grosvenor Square Gardens Grosvenor Square London W1K 6LD
2026-10-01 14:42:29 INFO LEAD new: [Permitted] Westminster/23/07143/ADLBC — 25 Bruton Street London W1J 6QH
2026-10-01 14:42:29 INFO LEAD new: [Permitted] Westminster/23/07132/LBC — 37 Belgrave Square London SW1X 8NS
2026-10-01 14:42:29 INFO LEAD new: [Permitted] Westminster/23/07128/LBC — 3 - 15 Neal Street London
2026-10-01 14:42:29 INFO LEAD new: [Permitted] Westminster/23/07127/FULL — 3 - 15 Neal Street London
2026-10-01 14:42:29 INFO LEAD new: [Permitted] Westminster/23/07126/FULL — 1 - 2 Berkeley Mews London W1H 7AT
2026-10-01 14:42:29 INFO LEAD new: [Permitted] Westminster/23/07147/FULL — 28 Dorset Street London W1U 8AR
2026-10-01 14:42:29 INFO LEAD new: [Permitted] Westminster/23/07133/ADLBC — 89-91 Pall Mall London SW1Y 5HS
2026-10-01 14:42:29 INFO LEAD new: [Permitted] Westminster/23/07090/ADFULL — 1 Cavendish Square London W1G 0LA
2026-10-01 14:42:29 INFO LEAD new: [Permitted] Westminster/23/07113/FULL — Ground Floor 110 Park Street London W1K 6NX
2026-10-01 14:42:29 INFO LEAD new: [Permitted] Westminster/23/07112/FULL — Top Floor Flat 321 Shirland Road London W9 3JJ
2026-10-01 14:42:29 INFO LEAD new: [Permitted] Westminster/23/07096/CLEUD — 28 Blomfield Road London W9 1AA
2026-10-01 14:42:29 INFO LEAD new: [Permitted] Westminster/23/07091/CLEUD — 6 Devonshire Mews West London W1G 6QE
2026-10-01 14:42:30 INFO LEAD new: [Permitted] Westminster/23/07103/ADFULL — 4A Hereford Road London W2 4AA
2026-10-01 14:42:30 INFO LEAD new: [Permitted] Westminster/23/07115/ADFULL — 6 Rutland Court Rutland Gardens London SW7 1BN
2026-10-01 14:42:30 INFO LEAD new: [Permitted] Westminster/23/07117/FULL — Flat B 127 Randolph Avenue London W9 1DN
2026-10-01 14:42:30 INFO LEAD new: [Permitted] Westminster/23/07111/LBC — 25 Wilton Place London SW1X 8RL
2026-10-01 14:42:30 INFO LEAD new: [Permitted] Westminster/23/07119/FULL — Development Site At Olympia Mews And 28 To 34 Queensway Lond
2026-10-01 14:42:30 INFO LEAD new: [Permitted] Westminster/23/07102/COGADF — Queens Park Court Ilbert Street London W10 4QA
2026-10-01 14:42:30 INFO LEAD new: [Permitted] Westminster/23/07093/FULL — 60 Hamilton Terrace London NW8 9UJ
2026-10-01 14:42:30 INFO LEAD new: [Permitted] Westminster/23/07110/FULL — 25 Wilton Place London SW1X 8RL
2026-10-01 14:42:30 INFO LEAD new: [Permitted] Westminster/23/07104/LBC — Ground Floor Broadway Complex 55 Broadway London SW1H 0BD
2026-10-01 14:42:30 INFO LEAD new: [Permitted] Westminster/23/07100/FULL — The Market Covent Garden London WC2E 8RA
2026-10-01 14:42:30 INFO LEAD new: [Permitted] Westminster/23/07101/LBC — The Market Covent Garden London WC2E 8RA
2026-10-01 14:42:30 INFO LEAD new: [Permitted] Westminster/23/07099/COGADF — Garages At Adpar Street London
2026-10-01 14:42:30 INFO LEAD new: [Permitted] Westminster/23/07077/FULL — 14 Cardinal Walk London SW1E 5JE
2026-10-01 14:42:30 INFO LEAD new: [Permitted] Westminster/23/07064/LBC — Penthouse 41 Ennismore Gardens London SW7 1NL
2026-10-01 14:42:30 INFO LEAD new: [Permitted] Westminster/23/07068/FULL — Penthouse 41 Ennismore Gardens London SW7 1NL
2026-10-01 14:42:30 INFO LEAD new: [Permitted] Westminster/23/07083/LBC — Basement And Ground Floor 8 Duke Street London W1U 3EW
2026-10-01 14:42:30 INFO LEAD new: [Permitted] Westminster/23/07075/FULL — 1 Knightsbridge London SW1X 7LX
2026-10-01 14:42:30 INFO LEAD new: [Permitted] Westminster/23/07078/ADFULL — Gordon House 10 Greencoat Place London SW1P 1PH
2026-10-01 14:42:30 INFO LEAD new: [Permitted] Westminster/23/07087/LBC — 70 Eaton Terrace London SW1W 8UA
2026-10-01 14:42:30 INFO LEAD new: [Permitted] Westminster/23/07071/ADFULL — John Stewart House 435 - 437 Edgware Road London W2 1TH
2026-10-01 14:42:30 INFO LEAD new: [Permitted] Westminster/23/07074/FULL — Fourth Floor East 53 - 54 Grosvenor Street London W1K 3HU
2026-10-01 14:42:30 INFO LEAD new: [Permitted] Westminster/23/07070/LBC — 62 - 64 Horseferry Road London SW1P 2AF
2026-10-01 14:42:30 INFO LEAD new: [Permitted] Westminster/23/07065/FULL — 16 Westbourne Street London W2 2TZ
2026-10-01 14:42:30 INFO LEAD new: [Permitted] Westminster/23/07066/LBC — 16 Westbourne Street London W2 2TZ
2026-10-01 14:42:30 INFO LEAD new: [Permitted] Westminster/23/07086/LBC — 6-9 Carlton House Terrace London SW1Y 5AG
2026-10-01 14:42:30 INFO LEAD new: [Permitted] Westminster/23/07036/NMA — Development Site At 14 To 17 Paddington Green London
2026-10-01 14:42:30 INFO LEAD new: [Permitted] Westminster/23/07052/FULL — Sutherland House 5-6 Argyll Street London W1F 7TE
2026-10-01 14:42:30 INFO LEAD new: [Permitted] Westminster/23/07039/FULL — 180 Kilburn Lane London W10 4AS
2026-10-01 14:42:30 INFO LEAD new: [Permitted] Westminster/23/07056/ADLBC — 31 Wilton Place London SW1X 8SH
2026-10-01 14:42:30 INFO LEAD new: [Permitted] Westminster/23/07040/FULL — 26 Barfett Street London W10 4NP
2026-10-01 14:42:30 INFO LEAD new: [Permitted] Westminster/23/07296/ADFULL — Site At 94 Piccadilly, 95 Piccadilly, 12 White Horse Street,
2026-10-01 14:42:30 INFO LEAD new: [Permitted] Westminster/23/07294/ADFULL — Site At 94 Piccadilly, 95 Piccadilly, 12 White Horse Street,
2026-10-01 14:42:30 INFO LEAD new: [Permitted] Westminster/23/07047/NMA — 134 Oxford Street London W1D 1LU
2026-10-01 14:42:30 INFO LEAD new: [Permitted] Westminster/23/07054/ADFULL — 11 Devonshire Place London W1G 6HT
2026-10-01 14:42:30 INFO LEAD new: [Permitted] Westminster/23/07228/ADLBC — 11 Devonshire Place London W1G 6HT
2026-10-01 14:42:30 INFO LEAD new: [Permitted] Westminster/23/07049/ADFULL — 40 Eastbourne Terrace London W2 6LG
2026-10-01 14:42:30 INFO LEAD new: [Permitted] Westminster/23/07034/ADV — 225 Ebury Street London SW1W 8UT
2026-10-01 14:42:30 INFO LEAD new: [Permitted] Westminster/23/07035/ADFULL — Development Site At 14 To 17 Paddington Green London
2026-10-01 14:42:30 INFO LEAD new: [Permitted] Westminster/23/07028/NMA — Basement And Ground Floor Maisonette 133 Randolph Avenue Lon
2026-10-01 14:42:37 INFO [westminster/Permitted] page at offset 8500: 100 records
2026-10-01 14:42:37 INFO LEAD new: [Permitted] Westminster/23/07001/FULL — Film House 142-150 Wardour Street London W1F 8ZR
2026-10-01 14:42:37 INFO LEAD new: [Permitted] Westminster/23/06989/FULL — 8 Clifton Hill London NW8 0QG
2026-10-01 14:42:37 INFO LEAD new: [Permitted] Westminster/23/07003/ADFULL — Flat J 80 Eaton Square London SW1W 9AP
2026-10-01 14:42:37 INFO LEAD new: [Permitted] Westminster/23/07005/FULL — Nightingale House 90A Harley Street London W1G 7HT
2026-10-01 14:42:37 INFO LEAD new: [Permitted] Westminster/23/07006/ADV — 21 - 25 Bruton Place London W1J 6QR
2026-10-01 14:42:37 INFO LEAD new: [Permitted] Westminster/23/07000/ADFULL — 50 Stratton Street London W1J 8LL
2026-10-01 14:42:37 INFO LEAD new: [Permitted] Westminster/23/07009/LBC — Flat 30 2 Mansfield Street London W1G 9NF
2026-10-01 14:42:37 INFO LEAD new: [Permitted] Westminster/23/07017/ADFULL — The Pavilion Corner Of Irving Street And Charing Cross Road 
2026-10-01 14:42:37 INFO LEAD new: [Permitted] Westminster/23/07008/ADLBC — Flat J 80 Eaton Square London SW1W 9AP
2026-10-01 14:42:37 INFO LEAD new: [Permitted] Westminster/23/07007/FULL — 147E Queensway London W2 4BD
2026-10-01 14:42:37 INFO LEAD new: [Permitted] Westminster/23/06993/LBC — 214 Oxford Street London W1C 1DA
2026-10-01 14:42:37 INFO LEAD new: [Permitted] Westminster/23/07016/ADFULL — 10 Abercorn Close London NW8 9XS
2026-10-01 14:42:38 INFO LEAD new: [Permitted] Westminster/23/07021/FULL — Ground Floor Lords Cricket Ground St John's Wood Road London
2026-10-01 14:42:38 INFO LEAD new: [Permitted] Westminster/23/06995/OBS — Perks Field Kensington Palace Gardens London W8 4PX
2026-10-01 14:42:38 INFO LEAD new: [Permitted] Westminster/23/07012/ADV — 17 - 21 South Audley Street London W1K 2NY
2026-10-01 14:42:38 INFO LEAD new: [Permitted] Westminster/23/07024/ADFULL — 6 Buckingham Mews London SW1E 6NR
2026-10-01 14:42:38 INFO LEAD new: [Permitted] Westminster/23/07030/ADFULL — Development Site At 8-10 Grafton Street, 11-14 Grafton Stree
2026-10-01 14:42:38 INFO LEAD new: [Permitted] Westminster/23/06977/ADV — Basement And Ground Floor 24 Rupert Street London W1D 6DQ
2026-10-01 14:42:38 INFO LEAD new: [Permitted] Westminster/23/06975/ADFULL — Development Site At 14 To 17 Paddington Green London
2026-10-01 14:42:38 INFO LEAD new: [Permitted] Westminster/23/06980/ADFULL — Development Site At 14 To 17 Paddington Green London
2026-10-01 14:42:38 INFO LEAD new: [Permitted] Westminster/23/06979/ADFULL — Development Site At 14 To 17 Paddington Green London
2026-10-01 14:42:38 INFO LEAD new: [Permitted] Westminster/23/06949/LBC — Foreign & Commonwealth Office King Charles Street London SW1
2026-10-01 14:42:38 INFO LEAD new: [Permitted] Westminster/23/06948/FULL — Foreign & Commonwealth Office King Charles Street London SW1
2026-10-01 14:42:38 INFO LEAD new: [Permitted] Westminster/23/06938/LBC — 214 - 236 Oxford Street London W1C 1DA
2026-10-01 14:42:38 INFO LEAD new: [Permitted] Westminster/23/06966/LBC — 28 Old Queen Street London SW1H 9HP
2026-10-01 14:42:38 INFO LEAD new: [Permitted] Westminster/23/06956/ADLBC — Old Admiralty Building Spring Gardens London SW1A 2AH
2026-10-01 14:42:38 INFO LEAD new: [Permitted] Westminster/23/06965/FULL — 7 - 9 Slingsby Place London WC2E 9AB
2026-10-01 14:42:38 INFO LEAD new: [Permitted] Westminster/23/06974/FULL — 70-72 Westbourne Terrace London W2 6QA
2026-10-01 14:42:38 INFO LEAD new: [Permitted] Westminster/23/06964/NMA — 19 Newman Street London W1T 1PF
2026-10-01 14:42:38 INFO LEAD new: [Permitted] Westminster/23/06961/LBC — 58 Hereford Road London W2 5AJ
2026-10-01 14:42:38 INFO LEAD new: [Permitted] Westminster/23/06939/LBC — First Floor 37 Harley Street London W1G 8QG
2026-10-01 14:42:38 INFO LEAD new: [Permitted] Westminster/23/06976/ADFULL — Development Site At 14 To 17 Paddington Green London
2026-10-01 14:42:38 INFO LEAD new: [Permitted] Westminster/23/06960/FULL — 58 Hereford Road London W2 5AJ
2026-10-01 14:42:38 INFO LEAD new: [Permitted] Westminster/23/06937/FULL — 19 Randolph Crescent London W9 1DP
2026-10-01 14:42:38 INFO LEAD new: [Permitted] Westminster/23/06906/ADV — Berkeley Hotel 40 Wilton Place London SW1X 7RL
2026-10-01 14:42:38 INFO LEAD new: [Permitted] Westminster/23/06919/FULL — Flat 10 1 Carlos Place London W1K 3AJ
2026-10-01 14:42:38 INFO LEAD new: [Permitted] Westminster/23/06901/ADV — Connaught Hotel Carlos Place London W1K 2AL
2026-10-01 14:42:38 INFO LEAD new: [Permitted] Westminster/23/06912/TCH — 47-49 Queensway London W2 4QH
2026-10-01 14:42:38 INFO LEAD new: [Permitted] Westminster/23/06905/LBC — Morland House Marsham Street London SW1P 4JQ
2026-10-01 14:42:38 INFO LEAD new: [Permitted] Westminster/23/06904/FULL — Morland House Marsham Street London SW1P 4JQ
2026-10-01 14:42:38 INFO LEAD new: [Permitted] Westminster/23/06903/ADFULL — Ryder Court 14 Ryder Street London SW1Y 6QB
2026-10-01 14:42:38 INFO LEAD new: [Permitted] Westminster/23/06921/FULL — Basement And Ground Floor 72 Shaftesbury Avenue London W1D 6
2026-10-01 14:42:38 INFO LEAD new: [Permitted] Westminster/23/06916/FULL — 49 Eaton Mews South London SW1W 9HR
2026-10-01 14:42:38 INFO LEAD new: [Permitted] Westminster/23/06920/LBC — Flat 10 1 Carlos Place London W1K 3AJ
2026-10-01 14:42:38 INFO LEAD new: [Permitted] Westminster/23/06917/ADFULL — Avery House 1 - 3 Avery Row London W1K 4AJ
2026-10-01 14:42:38 INFO LEAD new: [Permitted] Westminster/23/06902/FULL — Hanover House St John's Wood High Street London NW8 7DY
2026-10-01 14:42:38 INFO LEAD new: [Permitted] Westminster/23/06908/ADFULL — Ryder Court 14 Ryder Street London SW1Y 6QB
2026-10-01 14:42:38 INFO LEAD new: [Permitted] Westminster/23/06907/ADFULL — Ryder Court 14 Ryder Street London SW1Y 6QB
2026-10-01 14:42:38 INFO LEAD new: [Permitted] Westminster/23/06900/ADFULL — 22 Baker Street London W1U 3BW
2026-10-01 14:42:38 INFO LEAD new: [Permitted] Westminster/23/06899/LBC — 51 Manchester Street London W1U 7LU
2026-10-01 14:42:38 INFO LEAD new: [Permitted] Westminster/23/06911/LBC — 12 Weymouth Street London W1W 5BY
2026-10-01 14:42:38 INFO LEAD new: [Permitted] Westminster/23/06898/FULL — 51 Manchester Street London W1U 7LU
2026-10-01 14:42:38 INFO LEAD new: [Permitted] Westminster/23/06858/ADFULL — 32 Hamilton Terrace London NW8 9UG
2026-10-01 14:42:38 INFO LEAD new: [Permitted] Westminster/23/06861/FULL — 21-22 Barrett Street London W1U 1BD
2026-10-01 14:42:38 INFO LEAD new: [Permitted] Westminster/23/06866/FULL — 11 Great Cumberland Place London W1H 7LU
2026-10-01 14:42:39 INFO LEAD new: [Permitted] Westminster/23/06860/LBC — Flat 1 68 Kensington Gardens Square London W2 4DG
2026-10-01 14:42:39 INFO LEAD new: [Permitted] Westminster/23/06859/FULL — Flat 1 68 Kensington Gardens Square London W2 4DG
2026-10-01 14:42:39 INFO LEAD new: [Permitted] Westminster/23/06869/FULL — Flat 2 25 Cleveland Square London W2 6DD
2026-10-01 14:42:39 INFO LEAD new: [Permitted] Westminster/23/06878/ADFULL — Dev Site At 19-35 Baker Street, 88-110 George Street, 69-71 
2026-10-01 14:42:39 INFO LEAD new: [Permitted] Westminster/23/06868/ADLBC — 13 Hanover Terrace London NW1 4RJ
2026-10-01 14:42:39 INFO LEAD new: [Permitted] Westminster/23/06881/ADV — 28 Heddon Street London W1B 4BH
2026-10-01 14:42:39 INFO LEAD new: [Permitted] Westminster/23/06874/NMA — Reynolds House Erasmus Street London SW1P 4HP
2026-10-01 14:42:39 INFO LEAD new: [Permitted] Westminster/23/06876/FULL — 48 Dover Street London W1S 4FF
2026-10-01 14:42:39 INFO LEAD new: [Permitted] Westminster/23/06879/NMA — Dev Site At 19-35 Baker Street, 88-110 George Street, 69-71 
2026-10-01 14:42:39 INFO LEAD new: [Permitted] Westminster/23/06884/ADV — Porchester Place London
2026-10-01 14:42:39 INFO LEAD new: [Permitted] Westminster/23/06880/ADFULL — Dev Site At 19-35 Baker Street, 88-110 George Street, 69-71 
2026-10-01 14:42:39 INFO LEAD new: [Permitted] Westminster/23/06887/FULL — 37 Cavendish Square London W1G 0PP
2026-10-01 14:42:46 INFO [westminster/Permitted] page at offset 8600: 58 records
2026-10-01 14:42:46 INFO LEAD new: [Permitted] Westminster/23/06885/ADV — Connaught Street London
2026-10-01 14:42:46 INFO LEAD new: [Permitted] Westminster/23/06883/FULL — 41 Romney Street London SW1P 3RF
2026-10-01 14:42:46 INFO LEAD new: [Permitted] Westminster/23/06870/LBC — Flat 2 25 Cleveland Square London W2 6DD
2026-10-01 14:42:46 INFO LEAD new: [Permitted] Westminster/23/06888/FULL — The Feathers Public House 18 - 20 Broadway London SW1H 0BH
2026-10-01 14:42:46 INFO LEAD new: [Permitted] Westminster/23/06872/FULL — Flat 5 61-62 Eccleston Square London SW1V 1PH
2026-10-01 14:42:46 INFO LEAD new: [Permitted] Westminster/23/06871/FULL — 8 Northwick Close London NW8 8JG
2026-10-01 14:42:46 INFO LEAD new: [Permitted] Westminster/23/06886/ADV — Kendal Street London
2026-10-01 14:42:46 INFO LEAD new: [Permitted] Westminster/23/06864/LBC — Flat 5 61-62 Eccleston Square London SW1V 1PH
2026-10-01 14:42:46 INFO LEAD new: [Permitted] Westminster/23/06837/ADV — 18 Broadwick Street London W1F 8JB
2026-10-01 14:42:46 INFO LEAD new: [Permitted] Westminster/23/06850/FULL — 77 Park Lane London W1K 7TP
2026-10-01 14:42:46 INFO LEAD new: [Permitted] Westminster/23/06847/FULL — 167 New Bond Street London W1S 4AY
2026-10-01 14:42:46 INFO LEAD new: [Permitted] Westminster/23/06845/LBC — Flat 1 3 Montagu Square London W1H 2LA
2026-10-01 14:42:46 INFO LEAD new: [Permitted] Westminster/23/06844/FULL — Flat 1 3 Montagu Square London W1H 2LA
2026-10-01 14:42:46 INFO LEAD new: [Permitted] Westminster/23/06841/FULL — 95 Ebury Street London SW1W 9QU
2026-10-01 14:42:46 INFO LEAD new: [Permitted] Westminster/23/06851/ADFULL — Taxi House 11 Woodfield Road London W9 2BA
2026-10-01 14:42:46 INFO LEAD new: [Permitted] Westminster/23/06842/LBC — 95 Ebury Street London SW1W 9QU
2026-10-01 14:42:46 INFO LEAD new: [Permitted] Westminster/23/06833/LBC — Unit 32 Paddington Station Praed Street London W2 1HA
2026-10-01 14:42:46 INFO LEAD new: [Permitted] Westminster/23/06834/AADV — Marble Arch London W1
2026-10-01 14:42:46 INFO LEAD new: [Permitted] Westminster/23/06839/CLEUD — 8 Monmouth Road London W2 5SB
2026-10-01 14:42:46 INFO LEAD new: [Permitted] Westminster/23/06849/ADV — 73 Piccadilly London W1J 8HS
2026-10-01 14:42:46 INFO LEAD new: [Permitted] Westminster/23/06840/FULL — Ground Floor 364 Harrow Road London W9 2HU
2026-10-01 14:42:46 INFO LEAD new: [Permitted] Westminster/23/06782/LBC — 72 - 74 Lancaster Gate London W2 3NH
2026-10-01 14:42:46 INFO LEAD new: [Permitted] Westminster/23/06812/CLOPUD — Third Floor Flat C1 15 Cleveland Square London W2 6DG
2026-10-01 14:42:46 INFO LEAD new: [Permitted] Westminster/23/06800/ADV — Marylebone High Street London
2026-10-01 14:42:46 INFO LEAD new: [Permitted] Westminster/23/06823/LBC — 66 Upper Berkeley Street London W1H 7QU
2026-10-01 14:42:46 INFO LEAD new: [Permitted] Westminster/23/06783/COGADF — Westmead 4 Tavistock Road London W11 1BA
2026-10-01 14:42:46 INFO LEAD new: [Permitted] Westminster/23/06982/ADFULL — 8 Belgrave Place London SW1X 8AJ
2026-10-01 14:42:46 INFO LEAD new: [Permitted] Westminster/23/06790/LBC — 2 Wimpole Mews London W1G 8PE
2026-10-01 14:42:46 INFO LEAD new: [Permitted] Westminster/23/06779/ADV — Basement And Ground Floor 39 Marylebone High Street London W
2026-10-01 14:42:46 INFO LEAD new: [Permitted] Westminster/23/06821/FULL — 8 Lancashire Court London W1S 1EY
2026-10-01 14:42:46 INFO LEAD new: [Permitted] Westminster/23/06822/CLEUD — Second Floor And Third Floor Maisonette 3 Castellain Road Lo
2026-10-01 14:42:46 INFO LEAD new: [Permitted] Westminster/23/06775/ADFULL — Westminster House 7 Millbank London SW1P 3JA
2026-10-01 14:42:46 INFO LEAD new: [Permitted] Westminster/23/06825/APA — 1 Bell Street London NW1 5BY
2026-10-01 14:42:46 INFO LEAD new: [Permitted] Westminster/23/06777/ADFULL — Westminster House 7 Millbank London SW1P 3JA
2026-10-01 14:42:46 INFO LEAD new: [Permitted] Westminster/23/06776/LBC — Flat 5 18 Stanhope Terrace London W2 2TU
2026-10-01 14:42:46 INFO LEAD new: [Permitted] Westminster/23/06788/FULL — 77 Grosvenor Street London W1K 3JR
2026-10-01 14:42:46 INFO LEAD new: [Permitted] Westminster/23/06786/FULL — 203 Peach Road London W10 4DX
2026-10-01 14:42:46 INFO LEAD new: [Permitted] Westminster/23/06814/LBC — 30B Wimpole Street London W1G 8YB
2026-10-01 14:42:46 INFO LEAD new: [Permitted] Westminster/23/06789/FULL — 2 Wimpole Mews London W1G 8PE
2026-10-01 14:42:46 INFO LEAD new: [Permitted] Westminster/23/06801/CLEUD — 8 Lupus Street London SW1V 3DY
2026-10-01 14:42:46 INFO LEAD new: [Permitted] Westminster/23/06791/FULL — 101-104 Piccadilly London W1J 7JT
2026-10-01 14:42:46 INFO LEAD new: [Permitted] Westminster/23/06816/LBC — 17 Duchess Mews London W1G 9DU
2026-10-01 14:42:46 INFO LEAD new: [Permitted] Westminster/23/06815/FULL — 17 Duchess Mews London W1G 9DU
2026-10-01 14:42:46 INFO LEAD new: [Permitted] Westminster/23/06792/LBC — 101-104 Piccadilly London W1J 7JT
2026-10-01 14:42:46 INFO LEAD new: [Permitted] Westminster/23/06806/FULL — 30 Chepstow Road London W2 5BE
2026-10-01 14:42:46 INFO LEAD new: [Permitted] Westminster/23/06780/ADLBC — The Clarence Memorial Wing St Marys Hospital Praed Street Lo
2026-10-01 14:42:46 INFO LEAD new: [Permitted] Westminster/23/06807/LBC — 30 Chepstow Road London W2 5BE
2026-10-01 14:42:46 INFO LEAD new: [Permitted] Westminster/23/06832/ADFULL — 9 Leinster Mews London W2 3EY
2026-10-01 14:42:46 INFO LEAD new: [Permitted] Westminster/23/06784/COGADF — Westmead 4 Tavistock Road London W11 1BA
2026-10-01 14:42:46 INFO LEAD new: [Permitted] Westminster/23/06781/FULL — 72 - 74 Lancaster Gate London W2 3NH
2026-10-01 14:42:47 INFO LEAD new: [Permitted] Westminster/23/06774/ADV — South Molton Street London
2026-10-01 14:42:55 INFO [westminster/Conditions] page at offset 0: 100 records
2026-10-01 14:42:55 INFO LEAD new: [Conditions] Westminster/26/06070/ADV — 36 Shepherd Market London W1J 7QR
2026-10-01 14:42:55 INFO LEAD new: [Conditions] Westminster/26/04852/ADV — 222 Baker Street London NW1 5RT
2026-10-01 14:42:55 INFO LEAD new: [Conditions] Westminster/26/04588/ADLBC — Princess Mary Adelaide House 19 Paddington Green London W2 1
2026-10-01 14:42:55 INFO LEAD new: [Conditions] Westminster/26/04205/ADV — Ground Floor Front 80 Queensway London W2 3RL
2026-10-01 14:42:55 INFO LEAD new: [Conditions] Westminster/26/02773/ADLBC — 17 Welbeck Street London W1G 9XJ
2026-10-01 14:42:55 INFO LEAD new: [Conditions] Westminster/26/02586/ADV — Triangle Development Site Situated Adjacent To Paddington St
2026-10-01 14:42:55 INFO LEAD new: [Conditions] Westminster/26/01925/ADV — 19 - 20 Irving Street London WC2H 7AU
2026-10-01 14:42:55 INFO LEAD new: [Conditions] Westminster/26/01718/MOD106 — Development Site At 38-70 Baker Street, 64-66 Blandford Stre
2026-10-01 14:42:55 INFO LEAD new: [Conditions] Westminster/26/01479/ADV — 22 Devonshire Place London W1G 6JA
2026-10-01 14:42:55 INFO LEAD new: [Conditions] Westminster/26/01148/FULL — Basement And Ground Floor Northumberland House 155 - 157 Gre
2026-10-01 14:42:55 INFO LEAD new: [Conditions] Westminster/26/00939/FULL — 19 - 20 Irving Street London WC2H 7AU
2026-10-01 14:42:55 INFO LEAD new: [Conditions] Westminster/26/00861/ADFULL — Warwick House Stable Yard Road London SW1A 1BD
2026-10-01 14:42:55 INFO LEAD new: [Conditions] Westminster/26/00469/FULL — 1 Vine Street London W1J 0AH
2026-10-01 14:42:55 INFO LEAD new: [Conditions] Westminster/26/00175/ADFULL — 36 Ordnance Hill London NW8 6PU
2026-10-01 14:42:55 INFO LEAD new: [Conditions] Westminster/26/00165/ADV — Paddington Central Bishop's Bridge Road W2 6BA
2026-10-01 14:42:55 INFO LEAD new: [Conditions] Westminster/26/00089/FULL — 4 Stratford Place London W1C 1AT
2026-10-01 14:42:55 INFO LEAD new: [Conditions] Westminster/26/00090/LBC — 4 Stratford Place London W1C 1AT
2026-10-01 14:42:55 INFO LEAD new: [Conditions] Westminster/26/00024/FULL — Basement - Flat A 124 Shirland Road London W9 2BT
2026-10-01 14:42:55 INFO LEAD new: [Conditions] Westminster/25/08778/FULL — 76 - 78 Charing Cross Road London WC2H 0BD
2026-10-01 14:42:55 INFO LEAD new: [Conditions] Westminster/25/07898/FULL — 13 - 14 Dean Street London W1D 3RS
2026-10-01 14:42:56 INFO LEAD new: [Conditions] Westminster/25/07245/FULL — Carlton Gate Phase 3 Admiral Walk W9 3TD
2026-10-01 14:42:56 INFO LEAD new: [Conditions] Westminster/25/06104/CLEUD — 5 - 7 King Street St James's London SW1Y 6QS
2026-10-01 14:42:56 INFO LEAD new: [Conditions] Westminster/25/05101/ADFULL — Proposed Development Site At 51 To 58 Rathbone Place And 54-
2026-10-01 14:42:56 INFO LEAD new: [Conditions] Westminster/25/03602/LBC — 50 Hallam Street London W1W 6JJ
2026-10-01 14:42:56 INFO LEAD new: [Conditions] Westminster/25/03526/ADFULL — 2 Wimpole Mews London W1G 8PE
2026-10-01 14:42:56 INFO LEAD new: [Conditions] Westminster/25/02424/ADLBC — 15 Hamilton Close London NW8 8QY
2026-10-01 14:42:56 INFO LEAD new: [Conditions] Westminster/25/02423/ADFULL — 15 Hamilton Close London NW8 8QY
2026-10-01 14:42:56 INFO LEAD new: [Conditions] Westminster/25/02333/ADV — 6A Hertford Street London W1J 7RF
2026-10-01 14:42:56 INFO LEAD new: [Conditions] Westminster/25/01226/NMA — Flat 1 10 Chesham Place London SW1X 8HN
2026-10-01 14:42:56 INFO LEAD new: [Conditions] Westminster/25/01222/ADFULL — Basement 7 Leamington Road Villas London W11 1HS
2026-10-01 14:42:56 INFO LEAD new: [Conditions] Westminster/25/01238/ADV — Sherlock Holmes Public House 10 - 11 Northumberland Street L
2026-10-01 14:42:56 INFO LEAD new: [Conditions] Westminster/25/01236/ADLBC — 15 Cunningham Place London NW8 8JT
2026-10-01 14:42:56 INFO LEAD new: [Conditions] Westminster/25/01131/ADV — London Hilton 22 Park Lane London W1K 1BE
2026-10-01 14:42:56 INFO LEAD new: [Conditions] Westminster/25/00478/ADLBC — Basement And Ground Floor 38 Montagu Square London W1H 2LL
2026-10-01 14:42:56 INFO LEAD new: [Conditions] Westminster/25/00463/ADV — 137 - 143 Gloucester Place London NW1 5AL
2026-10-01 14:42:56 INFO LEAD new: [Conditions] Westminster/25/00422/ADFULL — 15 Cunningham Place London NW8 8JT
2026-10-01 14:42:56 INFO LEAD new: [Conditions] Westminster/25/00424/ADLBC — 33C Warwick Avenue London W9 2PR
2026-10-01 14:42:56 INFO LEAD new: [Conditions] Westminster/25/00397/OBS — Heron House 319-325 And 326-332 High Holborn And 26 And 44 S
2026-10-01 14:42:56 INFO LEAD new: [Conditions] Westminster/24/08184/LBC — 38 Chester Square London SW1W 9HT
2026-10-01 14:42:56 INFO LEAD new: [Conditions] Westminster/24/08185/LBC — Albemarle House 1 Albemarle Street City Of Westminster Londo
2026-10-01 14:42:56 INFO LEAD new: [Conditions] Westminster/24/08004/ADFULL — 134 Oxford Street London W1D 1LU
2026-10-01 14:42:56 INFO LEAD new: [Conditions] Westminster/24/07945/ADFULL — Development Site At 29-43 Oxford Street And 16 And 17-19 Soh
2026-10-01 14:42:56 INFO LEAD new: [Conditions] Westminster/24/07108/LBC — 7 Burlington Gardens London W1S 3QG
2026-10-01 14:42:56 INFO LEAD new: [Conditions] Westminster/24/07053/CLEUD — Flat 1 8 Montagu Square London W1H 2LB
2026-10-01 14:42:56 INFO LEAD new: [Conditions] Westminster/24/07049/LBC — Flat 1 8 Montagu Square London W1H 2LB
2026-10-01 14:42:56 INFO LEAD new: [Conditions] Westminster/24/06739/NMA — Park Mansions Knightsbridge London SW1X 7QU
2026-10-01 14:42:56 INFO LEAD new: [Conditions] Westminster/24/06593/ADFULL — 96 Queensway London W2 3RR
2026-10-01 14:42:56 INFO LEAD new: [Conditions] Westminster/24/06176/ADFULL — Development Site At Former Berkeley Square House 36 To 38 Be
2026-10-01 14:42:56 INFO LEAD new: [Conditions] Westminster/24/05981/EIASCO — 1 - 2 Minster Court City Of London London EC3R 7AA
2026-10-01 14:42:56 INFO LEAD new: [Conditions] Westminster/24/05466/ADLBC — 43 Eaton Place London SW1X 8BX
2026-10-01 14:42:56 INFO LEAD new: [Conditions] Westminster/24/05196/ADV — 293 Oxford Street London W1C 2DX
2026-10-01 14:42:56 INFO LEAD new: [Conditions] Westminster/24/04545/FULL — St Mary Magdalene's Primary School Rowington Close London W2
2026-10-01 14:42:56 INFO LEAD new: [Conditions] Westminster/24/04265/ADFULL — 38 Grosvenor Gardens London SW1W 0EB
2026-10-01 14:42:56 INFO LEAD new: [Conditions] Westminster/24/04171/OBS — Southbank Centre Belvedere Road Lambeth SE1 8XX
2026-10-01 14:42:56 INFO LEAD new: [Conditions] Westminster/24/04173/OBS — Southbank Centre Belvedere Road Lambeth SE1 8XX
2026-10-01 14:42:56 INFO LEAD new: [Conditions] Westminster/24/03623/ADV — 6 Station Approach Marylebone Road London NW1 5LD
2026-10-01 14:42:56 INFO LEAD new: [Conditions] Westminster/24/03234/ADLBC — 39 Connaught Square London W2 2HL
2026-10-01 14:42:56 INFO LEAD new: [Conditions] Westminster/24/02735/FULL — 10 Duchess Street London W1G 9AB
2026-10-01 14:42:56 INFO LEAD new: [Conditions] Westminster/24/02208/ADLBC — 14 North Row London W1K 7DQ
2026-10-01 14:42:56 INFO LEAD new: [Conditions] Westminster/24/02212/ADFULL — 14 North Row London W1K 7DQ
2026-10-01 14:42:56 INFO LEAD new: [Conditions] Westminster/24/01101/FULL — Development Site At Carrington Street Car Park, 51-53 Brick 
2026-10-01 14:42:56 INFO LEAD new: [Conditions] Westminster/24/00534/FULL — 8 Tilney Street London W1K 1AE
2026-10-01 14:42:56 INFO LEAD new: [Conditions] Westminster/23/08769/FULL — The Westbury Hotel 37 Conduit Street London W1S 2YF
2026-10-01 14:43:04 INFO [westminster/Conditions] page at offset 100: 5 records
2026-10-01 14:43:04 INFO LEAD new: [Conditions] Westminster/23/08425/ADV — Basement To First Floor 43 - 44 New Bond Street London W1S 2
2026-10-01 14:43:09 WARNING Rate limited (429); waiting 487s before retry 1/6
2026-10-01 14:51:19 INFO [westminster/Undecided] page at offset 0: 100 records
2026-10-01 14:51:26 INFO [westminster/Undecided] page at offset 100: 100 records
2026-10-01 14:51:32 INFO [westminster/Undecided] page at offset 200: 100 records
2026-10-01 14:51:41 INFO [westminster/Undecided] page at offset 300: 100 records
2026-10-01 14:51:47 WARNING Rate limited (429); waiting 1769s before retry 1/6
2026-10-01 15:21:20 INFO [westminster/Undecided] page at offset 400: 100 records
2026-10-01 15:21:26 INFO [westminster/Undecided] page at offset 500: 100 records
2026-10-01 15:21:32 INFO [westminster/Undecided] page at offset 600: 100 records
2026-10-01 15:21:38 INFO [westminster/Undecided] page at offset 700: 100 records
2026-10-01 15:21:44 INFO [westminster/Undecided] page at offset 800: 100 records
2026-10-01 15:21:50 INFO [westminster/Undecided] page at offset 900: 100 records
2026-10-01 15:21:56 INFO [westminster/Undecided] page at offset 1000: 100 records
2026-10-01 15:22:02 INFO [westminster/Undecided] page at offset 1100: 100 records
2026-10-01 15:22:08 INFO [westminster/Undecided] page at offset 1200: 100 records
2026-10-01 15:22:14 INFO [westminster/Undecided] page at offset 1300: 100 records
2026-10-01 15:22:20 INFO [westminster/Undecided] page at offset 1400: 100 records
2026-10-01 15:22:26 INFO [westminster/Undecided] page at offset 1500: 100 records
2026-10-01 15:22:32 WARNING Rate limited (429); waiting 525s before retry 1/6
2026-10-01 15:31:17 WARNING Request failed (403 Client Error: Forbidden for url: https://www.planit.org.uk/api/applics/json?app_state=Undecided&start_date=2023-10-01&end_date=2026-10-01&pg_sz=100&auth=Westminster&offset=1600); retry 2/6 in 10s
2026-10-01 15:31:30 INFO [westminster/Undecided] page at offset 1600: 100 records
2026-10-01 15:31:36 INFO [westminster/Undecided] page at offset 1700: 100 records
2026-10-01 15:31:42 INFO [westminster/Undecided] page at offset 1800: 100 records
2026-10-01 15:31:48 INFO [westminster/Undecided] page at offset 1900: 100 records
2026-10-01 15:31:54 INFO [westminster/Undecided] page at offset 2000: 100 records
2026-10-01 15:32:01 INFO [westminster/Undecided] page at offset 2100: 100 records
2026-10-01 15:32:07 INFO [westminster/Undecided] page at offset 2200: 100 records
2026-10-01 15:32:13 INFO [westminster/Undecided] page at offset 2300: 100 records
2026-10-01 15:32:19 INFO [westminster/Undecided] page at offset 2400: 100 records
2026-10-01 15:32:25 INFO [westminster/Undecided] page at offset 2500: 100 records
2026-10-01 15:32:32 INFO [westminster/Undecided] page at offset 2600: 100 records
2026-10-01 15:32:38 INFO [westminster/Undecided] page at offset 2700: 100 records
2026-10-01 15:32:43 WARNING Rate limited (429); waiting 514s before retry 1/6
2026-10-01 15:41:19 INFO [westminster/Undecided] page at offset 2800: 100 records
2026-10-01 15:41:26 INFO [westminster/Undecided] page at offset 2900: 100 records
2026-10-01 15:41:32 INFO [westminster/Undecided] page at offset 3000: 100 records
2026-10-01 15:41:38 INFO [westminster/Undecided] page at offset 3100: 100 records
2026-10-01 15:41:44 INFO [westminster/Undecided] page at offset 3200: 100 records
2026-10-01 15:41:50 INFO [westminster/Undecided] page at offset 3300: 100 records
2026-10-01 15:41:56 INFO [westminster/Undecided] page at offset 3400: 100 records
2026-10-01 15:42:04 INFO [westminster/Undecided] page at offset 3500: 100 records
2026-10-01 15:42:10 INFO [westminster/Undecided] page at offset 3600: 100 records
2026-10-01 15:42:16 INFO [westminster/Undecided] page at offset 3700: 100 records
2026-10-01 15:42:23 INFO [westminster/Undecided] page at offset 3800: 100 records
2026-10-01 15:42:30 INFO [westminster/Undecided] page at offset 3900: 100 records
2026-10-01 15:42:35 WARNING Rate limited (429); waiting 522s before retry 1/6
2026-10-01 15:51:21 INFO [westminster/Undecided] page at offset 4000: 100 records
2026-10-01 15:51:27 INFO [westminster/Undecided] page at offset 4100: 100 records
2026-10-01 15:51:33 INFO [westminster/Undecided] page at offset 4200: 100 records
2026-10-01 15:51:39 INFO [westminster/Undecided] page at offset 4300: 100 records
2026-10-01 15:51:45 INFO [westminster/Undecided] page at offset 4400: 100 records
2026-10-01 15:51:52 WARNING Rate limited (429); waiting 1765s before retry 1/6
2026-10-01 16:21:17 WARNING Request failed (403 Client Error: Forbidden for url: https://www.planit.org.uk/api/applics/json?app_state=Undecided&start_date=2023-10-01&end_date=2026-10-01&pg_sz=100&auth=Westminster&offset=4500); retry 2/6 in 10s
2026-10-01 16:21:29 INFO [westminster/Undecided] page at offset 4500: 100 records
2026-10-01 16:21:36 INFO [westminster/Undecided] page at offset 4600: 100 records
2026-10-01 16:21:42 INFO [westminster/Undecided] page at offset 4700: 100 records
2026-10-01 16:21:48 INFO [westminster/Undecided] page at offset 4800: 100 records
2026-10-01 16:21:54 INFO [westminster/Undecided] page at offset 4900: 100 records
2026-10-01 16:22:01 INFO [westminster/Undecided] page at offset 5000: 100 records
2026-10-01 16:22:07 INFO [westminster/Undecided] page at offset 5100: 100 records
2026-10-01 16:22:13 INFO [westminster/Undecided] page at offset 5200: 100 records
2026-10-01 16:22:19 INFO [westminster/Undecided] page at offset 5300: 100 records
2026-10-01 16:22:25 INFO [westminster/Undecided] page at offset 5400: 100 records
2026-10-01 16:22:31 INFO [westminster/Undecided] page at offset 5500: 100 records
2026-10-01 16:22:38 INFO [westminster/Undecided] page at offset 5600: 100 records
2026-10-01 16:22:43 WARNING Rate limited (429); waiting 514s before retry 1/6
2026-10-01 16:31:20 INFO [westminster/Undecided] page at offset 5700: 100 records
2026-10-01 16:31:26 INFO [westminster/Undecided] page at offset 5800: 100 records
2026-10-01 16:31:32 INFO [westminster/Undecided] page at offset 5900: 100 records
2026-10-01 16:31:39 INFO [westminster/Undecided] page at offset 6000: 100 records
2026-10-01 16:31:45 INFO [westminster/Undecided] page at offset 6100: 100 records
2026-10-01 16:31:51 INFO [westminster/Undecided] page at offset 6200: 100 records
2026-10-01 16:31:57 INFO [westminster/Undecided] page at offset 6300: 100 records
2026-10-01 16:32:03 INFO [westminster/Undecided] page at offset 6400: 100 records
2026-10-01 16:32:10 INFO [westminster/Undecided] page at offset 6500: 100 records
2026-10-01 16:32:16 INFO [westminster/Undecided] page at offset 6600: 100 records
2026-10-01 16:32:22 INFO [westminster/Undecided] page at offset 6700: 100 records
2026-10-01 16:32:29 INFO [westminster/Undecided] page at offset 6800: 100 records
2026-10-01 16:32:34 WARNING Rate limited (429); waiting 523s before retry 1/6
2026-10-01 16:41:20 INFO [westminster/Undecided] page at offset 6900: 100 records
2026-10-01 16:41:26 INFO [westminster/Undecided] page at offset 7000: 100 records
2026-10-01 16:41:32 INFO [westminster/Undecided] page at offset 7100: 100 records
2026-10-01 16:41:38 INFO [westminster/Undecided] page at offset 7200: 100 records
2026-10-01 16:41:45 INFO [westminster/Undecided] page at offset 7300: 100 records
2026-10-01 16:41:51 INFO [westminster/Undecided] page at offset 7400: 100 records
2026-10-01 16:41:57 INFO [westminster/Undecided] page at offset 7500: 100 records
2026-10-01 16:42:06 INFO [westminster/Undecided] page at offset 7600: 100 records
2026-10-01 16:42:13 INFO [westminster/Undecided] page at offset 7700: 100 records
2026-10-01 16:42:20 INFO [westminster/Undecided] page at offset 7800: 100 records
2026-10-01 16:42:26 INFO [westminster/Undecided] page at offset 7900: 100 records
2026-10-01 16:42:33 INFO [westminster/Undecided] page at offset 8000: 100 records
2026-10-01 16:42:39 WARNING Rate limited (429); waiting 518s before retry 1/6
2026-10-01 16:51:17 WARNING Request failed (403 Client Error: Forbidden for url: https://www.planit.org.uk/api/applics/json?app_state=Undecided&start_date=2023-10-01&end_date=2026-10-01&pg_sz=100&auth=Westminster&offset=8100); retry 2/6 in 10s
2026-10-01 16:51:29 INFO [westminster/Undecided] page at offset 8100: 100 records
2026-10-01 16:51:38 INFO [westminster/Undecided] page at offset 8200: 100 records
2026-10-01 16:51:45 INFO [westminster/Undecided] page at offset 8300: 100 records
2026-10-01 16:51:51 INFO [westminster/Undecided] page at offset 8400: 100 records
2026-10-01 16:51:57 WARNING Rate limited (429); waiting 1760s before retry 1/6
2026-10-01 17:21:20 INFO [westminster/Undecided] page at offset 8500: 100 records
2026-10-01 17:21:26 INFO [westminster/Undecided] page at offset 8600: 100 records
2026-10-01 17:21:32 INFO [westminster/Undecided] page at offset 8700: 100 records
2026-10-01 17:21:39 INFO [westminster/Undecided] page at offset 8800: 100 records
2026-10-01 17:21:45 INFO [westminster/Undecided] page at offset 8900: 100 records
2026-10-01 17:21:51 INFO [westminster/Undecided] page at offset 9000: 100 records
2026-10-01 17:21:57 INFO [westminster/Undecided] page at offset 9100: 100 records
2026-10-01 17:22:04 INFO [westminster/Undecided] page at offset 9200: 100 records
2026-10-01 17:22:10 INFO [westminster/Undecided] page at offset 9300: 100 records
2026-10-01 17:22:16 INFO [westminster/Undecided] page at offset 9400: 100 records
2026-10-01 17:22:22 INFO [westminster/Undecided] page at offset 9500: 100 records
2026-10-01 17:22:29 INFO [westminster/Undecided] page at offset 9600: 100 records
2026-10-01 17:22:34 WARNING Rate limited (429); waiting 523s before retry 1/6
2026-10-01 17:31:20 INFO [westminster/Undecided] page at offset 9700: 100 records
2026-10-01 17:31:26 INFO [westminster/Undecided] page at offset 9800: 100 records
2026-10-01 17:31:32 INFO [westminster/Undecided] page at offset 9900: 100 records
2026-10-01 17:31:38 INFO [westminster/Undecided] page at offset 10000: 100 records
2026-10-01 17:31:45 INFO [westminster/Undecided] page at offset 10100: 100 records
2026-10-01 17:31:51 INFO [westminster/Undecided] page at offset 10200: 100 records
2026-10-01 17:31:57 INFO [westminster/Undecided] page at offset 10300: 100 records
2026-10-01 17:32:03 INFO [westminster/Undecided] page at offset 10400: 100 records
2026-10-01 17:32:10 INFO [westminster/Undecided] page at offset 10500: 100 records
2026-10-01 17:32:16 INFO [westminster/Undecided] page at offset 10600: 100 records
2026-10-01 17:32:22 INFO [westminster/Undecided] page at offset 10700: 100 records
2026-10-01 17:32:28 INFO [westminster/Undecided] page at offset 10800: 100 records
2026-10-01 17:32:34 WARNING Rate limited (429); waiting 523s before retry 1/6
2026-10-01 17:41:17 WARNING Request failed (403 Client Error: Forbidden for url: https://www.planit.org.uk/api/applics/json?app_state=Undecided&start_date=2023-10-01&end_date=2026-10-01&pg_sz=100&auth=Westminster&offset=10900); retry 2/6 in 10s
2026-10-01 17:41:29 INFO [westminster/Undecided] page at offset 10900: 100 records
2026-10-01 17:41:36 INFO [westminster/Undecided] page at offset 11000: 100 records
2026-10-01 17:41:42 INFO [westminster/Undecided] page at offset 11100: 100 records
2026-10-01 17:41:48 INFO [westminster/Undecided] page at offset 11200: 100 records
2026-10-01 17:41:55 INFO [westminster/Undecided] page at offset 11300: 100 records
2026-10-01 17:42:01 INFO [westminster/Undecided] page at offset 11400: 100 records
2026-10-01 17:42:07 INFO [westminster/Undecided] page at offset 11500: 100 records
2026-10-01 17:42:13 INFO [westminster/Undecided] page at offset 11600: 100 records
2026-10-01 17:42:19 INFO [westminster/Undecided] page at offset 11700: 100 records
2026-10-01 17:42:26 INFO [westminster/Undecided] page at offset 11800: 100 records
2026-10-01 17:42:32 INFO [westminster/Undecided] page at offset 11900: 100 records
2026-10-01 17:42:38 INFO [westminster/Undecided] page at offset 12000: 100 records
2026-10-01 17:42:44 WARNING Rate limited (429); waiting 513s before retry 1/6
2026-10-01 17:51:17 WARNING Request failed (403 Client Error: Forbidden for url: https://www.planit.org.uk/api/applics/json?app_state=Undecided&start_date=2023-10-01&end_date=2026-10-01&pg_sz=100&auth=Westminster&offset=12100); retry 2/6 in 10s
2026-10-01 17:51:29 INFO [westminster/Undecided] page at offset 12100: 100 records
2026-10-01 17:51:36 INFO [westminster/Undecided] page at offset 12200: 100 records
2026-10-01 17:51:42 INFO [westminster/Undecided] page at offset 12300: 100 records
2026-10-01 17:51:50 INFO [westminster/Undecided] page at offset 12400: 100 records
2026-10-01 17:51:56 WARNING Rate limited (429); waiting 1761s before retry 1/6
