2026-09-30 10:38:01 INFO Window: 2023-09-30 -> 2026-09-30 | areas: islington
2026-09-30 10:38:05 INFO [islington/Permitted] page at offset 0: 100 records
2026-09-30 10:38:05 INFO LEAD new: [Permitted] Islington/P2026/2125/OBS — 19 Charterhouse Street, London, EC1N 6RA
2026-09-30 10:38:05 INFO LEAD new: [Permitted] Islington/P2026/2097/OBS — Second Floor Flat 41 Charterhouse Square London EC1M 6EA
2026-09-30 10:38:05 INFO LEAD new: [Permitted] Islington/P2026/1984/NMA — 79 Aberdeen Park, London, N5 2AZ
2026-09-30 10:38:05 INFO LEAD new: [Permitted] Islington/P2026/1832/NMA — Isleden House, Prebend Street, London, N1 8PP
2026-09-30 10:38:05 INFO LEAD new: [Permitted] Islington/P2026/1877/OBS — 128 Southgate Road, Hackney, London, N1 3HX
2026-09-30 10:38:05 INFO LEAD new: [Permitted] Islington/P2026/1951/OBS — O2 Communication Station And Premises 8774, The O2 Centre, 2
2026-09-30 10:38:05 INFO LEAD new: [Permitted] Islington/P2026/1712/NMA — 34 York Way (Jahn Court), 34B York Way (The Hub), Albion Yar
2026-09-30 10:38:05 INFO LEAD new: [Permitted] Islington/P2026/1525/NMA — 123 Golden Lane, London, EC1Y 0RT
2026-09-30 10:38:05 INFO LEAD new: [Permitted] Islington/P2026/1519/OBS — 90 Bartholomew Close London EC1A 7BN
2026-09-30 10:38:05 INFO LEAD new: [Permitted] Islington/P2026/1480/NMA — 9, Prah Road, London, N4 2RA
2026-09-30 10:38:11 INFO [islington/Permitted] page at offset 100: 100 records
2026-09-30 10:38:11 INFO LEAD new: [Permitted] Islington/P2026/1526/OBS — 24 - 58 Royal College Street, London, NW1 0QA
2026-09-30 10:38:11 INFO LEAD new: [Permitted] Islington/P2026/1380/NMA — Hylo Building, 105 Bunhill Row, London, EC1Y 8LZ
2026-09-30 10:38:11 INFO LEAD new: [Permitted] Islington/P2026/1301/NMA — 81 Turlewray Close, London N4 3LR
2026-09-30 10:38:11 INFO LEAD new: [Permitted] Islington/P2026/1176/OBS — 81 Newgate Street, London, EC1A 7AJ
2026-09-30 10:38:11 INFO LEAD new: [Permitted] Islington/P2026/1082/NMA — City Of London Primary Academy, 15 Baltic Street West, Londo
2026-09-30 10:38:11 INFO LEAD new: [Permitted] Islington/P2026/1080/PRA — 42 Davenant Road, London, N19 3NN
2026-09-30 10:38:11 INFO LEAD new: [Permitted] Islington/P2026/1070/NMA — 105 Richmond Avenue, London, N1 0LT
2026-09-30 10:38:11 INFO LEAD new: [Permitted] Islington/P2026/1075/NMA — 32 Hermes Street, London, N1 9JD
2026-09-30 10:38:11 INFO LEAD new: [Permitted] Islington/P2026/1076/NMA — 32 Hermes Street, London, N1 9JD
2026-09-30 10:38:11 INFO LEAD new: [Permitted] Islington/P2026/1021/OBS — 57 - 63 Scrutton Street, Hackney, London, EC2A 4PF
2026-09-30 10:38:11 INFO LEAD new: [Permitted] Islington/P2026/1018/NMA — Lindsey Mews Playground, Lindsey Mews, London N1 3EG
2026-09-30 10:38:11 INFO LEAD new: [Permitted] Islington/P2026/0996/NMA — Land to rear of 12 Chadwell Street, London, EC1R 1XD,
2026-09-30 10:38:11 INFO LEAD new: [Permitted] Islington/P2026/0987/PRA — 213 Highbury Quadrant, London, N5 2TE
2026-09-30 10:38:11 INFO LEAD new: [Permitted] Islington/P2026/0949/NMA — 40 Oakley Road, London, N1 3LS
2026-09-30 10:38:11 INFO LEAD new: [Permitted] Islington/P2026/0974/OBS — 130 Southgate Road, Hackney, London, N1 3HX
2026-09-30 10:38:17 INFO [islington/Permitted] page at offset 200: 100 records
2026-09-30 10:38:17 INFO LEAD new: [Permitted] Islington/P2026/0873/NMA — 99 City Road, London, EC1Y 1AX
2026-09-30 10:38:17 INFO LEAD new: [Permitted] Islington/P2026/0678/NMA — Land to rear of 12 Chadwell Street, London, EC1R 1XD
2026-09-30 10:38:17 INFO LEAD new: [Permitted] Islington/P2026/0605/NMA — William Martin Court, 65 Margery Street, London, WC1X 0JH
2026-09-30 10:38:17 INFO LEAD new: [Permitted] Islington/P2026/0580/OBS — 61-65 Holborn Viaduct , London , EC1A 2FD
2026-09-30 10:38:17 INFO LEAD new: [Permitted] Islington/P2026/0585/NMA — 250 City Road London EC1V 2PU
2026-09-30 10:38:17 INFO LEAD new: [Permitted] Islington/P2026/0726/OBS — Guildhall School of Music and Drama, Silk Street, London, EC
2026-09-30 10:38:17 INFO LEAD new: [Permitted] Islington/P2026/0408/NMA — 10, St George's Avenue, London, N7 0HD
2026-09-30 10:38:17 INFO LEAD new: [Permitted] Islington/P2026/0375/NMA — 46 Gibson Square, London, N1 0RA
2026-09-30 10:38:17 INFO LEAD new: [Permitted] Islington/P2026/0358/NMA — 25 Beacon Hill, London, N7 9LY
2026-09-30 10:38:17 INFO LEAD new: [Permitted] Islington/P2026/0322/NMA — 24 Arlington Square, London, N1 7DP
2026-09-30 10:38:17 INFO LEAD new: [Permitted] Islington/P2026/0219/NMA — Sports Pavilion, Wray Crescent Open Space, Wray, Crescent, L
2026-09-30 10:38:17 INFO LEAD new: [Permitted] Islington/P2026/0193/PRA — 13 Trecastle Way, London, N7 0EL
2026-09-30 10:38:17 INFO LEAD new: [Permitted] Islington/P2026/0856/OBS — 10 Godliman Street, London, EC4V 5AJ
2026-09-30 10:38:17 INFO LEAD new: [Permitted] Islington/P2026/0143/NMA — Elthorne Estate: Sunken Play Pitch in between St, Johns way 
2026-09-30 10:38:23 INFO [islington/Permitted] page at offset 300: 100 records
2026-09-30 10:38:23 INFO LEAD new: [Permitted] Islington/P2026/0085/NMA — Unit 31, Angel Gate, London, EC1V 2PT
2026-09-30 10:38:23 INFO LEAD new: [Permitted] Islington/P2026/0017/NMA — 44 Northolme Road, London, N5 2UX
2026-09-30 10:38:23 INFO LEAD new: [Permitted] Islington/P2025/3678/NMA — 22-23 Tileyard Road, London, N7 9AH
2026-09-30 10:38:23 INFO LEAD new: [Permitted] Islington/P2025/3601/NMA — 30 - 31 Clerkenwell Green, London EC1R 0DU
2026-09-30 10:38:23 INFO LEAD new: [Permitted] Islington/P2025/3575/PRA — River Place Health Centre, 1 - 7 River Place, London, N1 2DE
2026-09-30 10:38:23 INFO LEAD new: [Permitted] Islington/P2025/3540/FUL — 37 Thornhill Road, London, N1 1JS
2026-09-30 10:38:23 INFO LEAD new: [Permitted] Islington/P2025/3521/NMA — 5 - 17, St Albans Place, Islington, London, N1 0NX
2026-09-30 10:38:23 INFO LEAD new: [Permitted] Islington/P2025/3596/OBS — Senator House 85 Queen Victoria Street London EC4V 4AB
2026-09-30 10:38:23 INFO LEAD new: [Permitted] Islington/P2025/3593/OBS — Thoresby House, 1 Thoresby Street, Hackney, London, N1
2026-09-30 10:38:23 INFO LEAD new: [Permitted] Islington/P2025/3400/NMA — 130 Old Street, London, EC1V 9BD
2026-09-30 10:38:23 INFO LEAD new: [Permitted] Islington/P2025/3363/NMA — St John's Mansions, 308 St John Street, London, EC1V 4NX
2026-09-30 10:38:23 INFO LEAD new: [Permitted] Islington/P2025/3374/NMA — 92 Englefield Road, London, N1 3LG
2026-09-30 10:38:23 INFO LEAD new: [Permitted] Islington/P2025/3352/NMA — 87 Sunnyside Road, London, N19 3SL
2026-09-30 10:38:23 INFO LEAD new: [Permitted] Islington/P2025/3310/NMA — 50 - 56 Great Sutton Street, London, EC1V 0DE
2026-09-30 10:38:23 INFO LEAD new: [Permitted] Islington/P2025/3312/NMA — 33 - 37 Corsica Street, London, N5 1JT
2026-09-30 10:38:23 INFO LEAD new: [Permitted] Islington/P2025/3314/OBS — 139 Blackstock Road, Hackney, London, N4 2JW
2026-09-30 10:38:23 INFO LEAD new: [Permitted] Islington/P2025/3309/NMA — 50-56 Great Sutton Street and 9-11 Northburgh Street, London
2026-09-30 10:38:23 INFO LEAD new: [Permitted] Islington/P2025/3313/NMA — 33 - 37 Corsica Street, London, N5 1JT
2026-09-30 10:38:23 INFO LEAD new: [Permitted] Islington/P2025/3256/OBS — Juniper Crescent, Chalk Farm, London, NW1 8HQ
2026-09-30 10:38:23 INFO LEAD new: [Permitted] Islington/P2025/3220/NMA — 224-232 St John Street, London, EC1V 4QR
2026-09-30 10:38:23 INFO LEAD new: [Permitted] Islington/P2025/3210/OBS — 1 Regis Road, London, NW5 3EW
2026-09-30 10:38:23 INFO LEAD new: [Permitted] Islington/P2025/3137/NMA — 35 Battledean Road, London, N5 1UX
2026-09-30 10:38:23 INFO LEAD new: [Permitted] Islington/P2025/3114/FUL — Flat 3, 87 Kelvin Road, London, N5 2PL
2026-09-30 10:38:23 INFO LEAD new: [Permitted] Islington/P2025/3108/NMA — 99, City Road, London, EC1Y 1AX
2026-09-30 10:38:23 INFO LEAD new: [Permitted] Islington/P2025/3109/NMA — 10 Dominion Street, London, EC2M 2EF
2026-09-30 10:38:23 INFO LEAD new: [Permitted] Islington/P2025/3102/NMA — Flat 3, 11 Ashley Road, London, N19 3AG
2026-09-30 10:38:23 INFO LEAD new: [Permitted] Islington/P2025/3034/NMA — Waitrose, 174 St John Street, London, EC1V 4DE
2026-09-30 10:38:23 INFO LEAD new: [Permitted] Islington/P2025/3066/OBS — 3-30 Cedar Way, London, N1C 4PD
2026-09-30 10:38:23 INFO LEAD new: [Permitted] Islington/P2025/3028/PRA — The Old Ivy House, 166 Goswell Road, London, EC1V 7DT
2026-09-30 10:38:23 INFO LEAD new: [Permitted] Islington/P2025/2982/NMA — 87 Sunnyside Road, London, N19 3SL
2026-09-30 10:38:29 INFO [islington/Permitted] page at offset 400: 100 records
2026-09-30 10:38:29 INFO LEAD new: [Permitted] Islington/P2025/2978/NMA — 34 York Way (Jahn Court), 34B York Way (The Hub), Albion Yar
2026-09-30 10:38:29 INFO LEAD new: [Permitted] Islington/P2025/2926/NMA — 11 Tyndale Terrace, London, N1 2AT
2026-09-30 10:38:29 INFO LEAD new: [Permitted] Islington/P2025/2931/NMA — New Barnsbury Estate, N1, London
2026-09-30 10:38:29 INFO LEAD new: [Permitted] Islington/P2025/2902/NMA — 94 Mildmay Grove South, London, N1 4PJ
2026-09-30 10:38:29 INFO LEAD new: [Permitted] Islington/P2025/2879/OBS — 81 Newgate Street, London, EC1A 7AJ
2026-09-30 10:38:29 INFO LEAD new: [Permitted] Islington/P2025/2887/NMA — Astey’s House, 137-139 Essex Road, London, N1 2SN
2026-09-30 10:38:29 INFO LEAD new: [Permitted] Islington/P2025/2862/OBS — Snow Hill Police Station, 5 Snow Hill, London, EC1A 2DP
2026-09-30 10:38:29 INFO LEAD new: [Permitted] Islington/P2025/2783/NMA — 4 Brandon Road, London, N7 9AA
2026-09-30 10:38:29 INFO LEAD new: [Permitted] Islington/P2025/2720/NMA — Rear Of 67-81, 81A Benwell Road, London, N7 7BW
2026-09-30 10:38:29 INFO LEAD new: [Permitted] Islington/P2025/2678/NMA — 34 York Way (Jahn Court), 34b York Way (The Hub), Albion Yar
2026-09-30 10:38:29 INFO LEAD new: [Permitted] Islington/P2025/2594/OBS — Kelvin House, 123 Judd Street, London, WC1H 9NP
2026-09-30 10:38:29 INFO LEAD new: [Permitted] Islington/P2025/2552/NMA — Lionel Denny House, 23 Goswell Road, London, EC1M 7AJ
2026-09-30 10:38:29 INFO LEAD new: [Permitted] Islington/P2025/2537/NMA — 38 Finsbury Square, London, EC2A 1PX
2026-09-30 10:38:29 INFO LEAD new: [Permitted] Islington/P2025/2536/OBS — 145 Hornsey Lane, Hornsey, London, N6 5NH
2026-09-30 10:38:29 INFO LEAD new: [Permitted] Islington/P2025/2547/OBS — 145 Hornsey Lane, Hornsey, London, N6 5NH
2026-09-30 10:38:29 INFO LEAD new: [Permitted] Islington/P2025/2493/OBS — Highgate Cemetery, Swain's Lane, London, N6 6PJ
2026-09-30 10:38:29 INFO LEAD new: [Permitted] Islington/P2025/2531/OBS — 14 -21, Holborn Viaduct, 32-33 & 34-35 Farringdon Street, Lo
2026-09-30 10:38:29 INFO LEAD new: [Permitted] Islington/P2025/2485/NMA — 52 Ambler Road, London, N4 2QR
2026-09-30 10:38:29 INFO LEAD new: [Permitted] Islington/P2025/2447/OBS — 130 Fenchurch Street London EC3M 5DJ
2026-09-30 10:38:29 INFO LEAD new: [Permitted] Islington/P2025/2397/NMA — 87, Sunnyside Road, London
2026-09-30 10:38:29 INFO LEAD new: [Permitted] Islington/P2025/2401/PRA — City And Islington College, 383 Holloway Road, London, N7 0R
2026-09-30 10:38:29 INFO LEAD new: [Permitted] Islington/P2025/2390/OBS — Flat 1, 48 Blythwood Road, Hornsey, London, N4 4EX
2026-09-30 10:38:29 INFO LEAD new: [Permitted] Islington/P2025/2332/NMA — 99 City Road, London, EC1Y 1AX
2026-09-30 10:38:29 INFO LEAD new: [Permitted] Islington/P2025/2303/NMA — 27 Barnsbury Square, London, N1 1JP
2026-09-30 10:38:29 INFO LEAD new: [Permitted] Islington/P2025/2255/NMA — 30 Finsbury Square, London EC2A 1AG
2026-09-30 10:38:29 INFO LEAD new: [Permitted] Islington/P2025/2180/NMA — Times House and Laundry Buildings (4-6 Bravingtons Walk, 8 C
2026-09-30 10:38:29 INFO LEAD new: [Permitted] Islington/P2025/2095/OBS — Juniper Crescent, Chalk Farm, London, NW1 8HQ
2026-09-30 10:38:29 INFO LEAD new: [Permitted] Islington/P2025/2093/PRA — 84 Gillespie Road, London, N5 1LN
2026-09-30 10:38:29 INFO LEAD new: [Permitted] Islington/P2025/2079/NMA — 52 Ambler Road, London, N4 2QR
2026-09-30 10:38:29 INFO LEAD new: [Permitted] Islington/P2025/2040/NMA — Highbury Fields Cafe Catering Kiosk, The Old Bandstand, The 
2026-09-30 10:38:29 INFO LEAD new: [Permitted] Islington/P2025/2016/NMA — 94 Ambler Road, London, N4 2QR
2026-09-30 10:38:29 INFO LEAD new: [Permitted] Islington/P2025/1985/NMA — 7 Floral Place, Northampton Grove, London, N1 2PL
2026-09-30 10:38:29 INFO LEAD new: [Permitted] Islington/P2025/1892/NMA — Arbuthnot House, 7-21 Wilson Street, London, EC2M 2SN
2026-09-30 10:38:29 INFO LEAD new: [Permitted] Islington/P2025/1868/NMA — Elthorne Estate: Sunken Play Pitch n between St, Johns way a
2026-09-30 10:38:29 INFO LEAD new: [Permitted] Islington/P2025/1861/PRA — 9 Atlas Mews, London, N7 8XT
2026-09-30 10:38:29 INFO LEAD new: [Permitted] Islington/P2025/1864/OBS — London College Of Printing And Graphic Art, Elephant And Cas
2026-09-30 10:38:29 INFO LEAD new: [Permitted] Islington/P2025/1805/NMA — 14, City Road, London, EC1Y 2AA
2026-09-30 10:38:29 INFO LEAD new: [Permitted] Islington/P2025/1749/NMA — 161, St Lukes Church, Old Street, London, EC1V 9NG
2026-09-30 10:38:29 INFO LEAD new: [Permitted] Islington/P2025/1635/NMA — 34 Farringdon Lane and 22-23 Clerkenwell Close, London, EC1R
2026-09-30 10:38:29 INFO LEAD new: [Permitted] Islington/P2025/1599/NMA — 34 Margery Street, London, WC1X 0JJ
2026-09-30 10:38:29 INFO LEAD new: [Permitted] Islington/P2025/1575/NMA — St Martin Of Tours Care Home, 4 Wilton Villas, London, N1 3D
2026-09-30 10:38:29 INFO LEAD new: [Permitted] Islington/P2025/1504/PRA — 26 Kelvin Road, London, N5 2PJ
2026-09-30 10:38:29 INFO LEAD new: [Permitted] Islington/P2025/1502/NMA — Art Line Ltd, 66 - 67 Colebrooke Row, London, N1 8AB
2026-09-30 10:38:29 INFO LEAD new: [Permitted] Islington/P2025/1477/PRA — Sun Court House, 18 - 26 Essex Road, London N1 8LN
2026-09-30 10:38:29 INFO LEAD new: [Permitted] Islington/P2025/1492/NMA — 26 - 30 Baron Street, London
2026-09-30 10:38:29 INFO LEAD new: [Permitted] Islington/P2025/1452/NMA — Flat 1, 165 Junction Road, London, N19 5PZ
2026-09-30 10:38:29 INFO LEAD new: [Permitted] Islington/P2025/1413/NMA — Former Holloway Prison, Parkhurst Road, London, N7 0NU
2026-09-30 10:38:29 INFO LEAD new: [Permitted] Islington/P2025/1258/OBS — Basement Retail Unit, Fountain House, 130 Fenchurch Street, 
2026-09-30 10:38:29 INFO LEAD new: [Permitted] Islington/P2025/1262/NMA — 49 Clerkenwell Green, London, EC1R 0EB
2026-09-30 10:38:29 INFO LEAD new: [Permitted] Islington/P2025/1241/COL — 69 Kelross Road, London, N5 2QN
2026-09-30 10:38:29 INFO LEAD new: [Permitted] Islington/P2025/1217/NMA — 29 Sekforde Street, London, EC1R 0HH
2026-09-30 10:38:29 INFO LEAD new: [Permitted] Islington/P2025/1163/OBS — 19 Charterhouse Street, London, EC1N 6RA
2026-09-30 10:38:29 INFO LEAD new: [Permitted] Islington/P2025/1162/OBS — Haberdashers Hall, 18 West Smithfield, London, EC1A 9HQ
2026-09-30 10:38:29 INFO LEAD new: [Permitted] Islington/P2025/0999/OBS — 63 St Mary Axe, London, EC3A 8AA
2026-09-30 10:38:29 INFO LEAD new: [Permitted] Islington/P2025/1104/COL — 348-356, Holloway Road, Islington, London, N7 6PA
2026-09-30 10:38:35 INFO [islington/Permitted] page at offset 500: 100 records
2026-09-30 10:38:35 INFO LEAD new: [Permitted] Islington/P2025/1009/NMA — 41 Aberdeen Park, London, N5 2AR
2026-09-30 10:38:35 INFO LEAD new: [Permitted] Islington/P2025/0978/NMA — 40 Clerkenwell Close, London
2026-09-30 10:38:35 INFO LEAD new: [Permitted] Islington/P2025/0892/AOD — New Barnsbury Estate, London N1 0SE
2026-09-30 10:38:35 INFO LEAD new: [Permitted] Islington/P2025/0893/NMA — 38 Finsbury Square, London EC2A 1PX
2026-09-30 10:38:35 INFO LEAD new: [Permitted] Islington/P2025/0866/AOD — London Metropolitan University, Rear Of 67-81, 81A Benwell R
2026-09-30 10:38:35 INFO LEAD new: [Permitted] Islington/P2025/0863/NMA — Archway Leisure Centre, Macdonald Road, London, N19 5DD
2026-09-30 10:38:35 INFO LEAD new: [Permitted] Islington/P2025/1033/OBS — 115 Houndsditch, London, EC3A 7BU
2026-09-30 10:38:35 INFO LEAD new: [Permitted] Islington/P2025/0804/NMA — Land At Park View Estate Park View Estate, Collins Road, Lon
2026-09-30 10:38:35 INFO LEAD new: [Permitted] Islington/P2025/0784/NMA — 30 Finsbury Square, London EC2A 1AG
2026-09-30 10:38:35 INFO LEAD new: [Permitted] Islington/P2025/0717/OBS — Site bounded by Worship Street, Curtain Road, Scrutton Stree
2026-09-30 10:38:35 INFO LEAD new: [Permitted] Islington/P2025/0659/PRA — Collingwood House, Mercers Road, London N19 4PJ
2026-09-30 10:38:35 INFO LEAD new: [Permitted] Islington/P2025/0560/NMA — William Martin Court, 65 Margery Street, London
2026-09-30 10:38:35 INFO LEAD new: [Permitted] Islington/P2025/0581/OBS — 2 Bayer House, Golden Lane Estate, London, EC1Y 0RN
2026-09-30 10:38:35 INFO LEAD new: [Permitted] Islington/P2025/0474/NMA — 24 Fitzwarren Gardens, London, N19 3TP
2026-09-30 10:38:35 INFO LEAD new: [Permitted] Islington/P2025/0440/OBS — Holiday Inn Express London City, 275 Old Street, Hackney, Lo
2026-09-30 10:38:35 INFO LEAD new: [Permitted] Islington/P2025/0424/NMA — Barnard Park, Copehagen Street, London N1 0NL
2026-09-30 10:38:35 INFO LEAD new: [Permitted] Islington/P2025/0469/OBS — The O2 Centre, 255 Finchley Road, London, NW3 6LU
2026-09-30 10:38:35 INFO LEAD new: [Permitted] Islington/P2025/0412/COL — 230, Upper Flat, St Paul's Road, London, N1 2LJ
2026-09-30 10:38:35 INFO LEAD new: [Permitted] Islington/P2025/0386/FUL — First and Second Floors, 108 Seven Sisters Road, London, N7 
2026-09-30 10:38:35 INFO LEAD new: [Permitted] Islington/P2025/0360/COL — 8, Halton Road, London, N1 2EU
2026-09-30 10:38:35 INFO LEAD new: [Permitted] Islington/P2025/0339/AOD — New Barnsbury Estate, London, N1 0SE
2026-09-30 10:38:35 INFO LEAD new: [Permitted] Islington/P2025/0334/AOD — New Barnsbury Estate, London, N1 0SE
2026-09-30 10:38:35 INFO LEAD new: [Permitted] Islington/P2025/0322/COL — 70, Upper Street, London
2026-09-30 10:38:35 INFO LEAD new: [Permitted] Islington/P2025/0289/PRA — 1 Burness Close, London, N7 8SP
2026-09-30 10:38:35 INFO LEAD new: [Permitted] Islington/P2025/0279/OBS — Master'S Flat, Haberdashers Hall, 18 West Smithfield, London
2026-09-30 10:38:35 INFO LEAD new: [Permitted] Islington/P2025/0250/COL — 2, Chapel Market, London
2026-09-30 10:38:35 INFO LEAD new: [Permitted] Islington/P2025/0228/NMA — Land North West Of Mount Pleasant Sorting Office, Farringdon
2026-09-30 10:38:35 INFO LEAD new: [Permitted] Islington/P2025/0168/PRA — 17 Manger Road, London N7 9TG
2026-09-30 10:38:35 INFO LEAD new: [Permitted] Islington/P2025/0129/NMA — 186 City Road, London, EC1V 2NT
2026-09-30 10:38:35 INFO LEAD new: [Permitted] Islington/P2025/0095/NMA — Former Richard Cloudesley School, Golden Lane, London, EC1Y 
2026-09-30 10:38:35 INFO LEAD new: [Permitted] Islington/P2025/0126/OBS — Euston Tower, 286 Euston Road, London, NW1 3DP
2026-09-30 10:38:35 INFO LEAD new: [Permitted] Islington/P2025/0078/AOD — 1, Torrens Street, London, EC1V 1NQ
2026-09-30 10:38:35 INFO LEAD new: [Permitted] Islington/P2025/0059/OBS — 135 - 137, City Road, Hackney, London, EC1V 1JB
2026-09-30 10:38:35 INFO LEAD new: [Permitted] Islington/P2025/0070/EIA — Barnsbury Estate, Copenhagen Street, Islington, London, N1
2026-09-30 10:38:35 INFO LEAD new: [Permitted] Islington/P2025/0026/NMA — 2 Hanbury Mews, London, N1 7DW
2026-09-30 10:38:35 INFO LEAD new: [Permitted] Islington/P2025/0022/NMA — St James's Church, 51 Clerkenwell Close, London EC1R 0EA
2026-09-30 10:38:35 INFO LEAD new: [Permitted] Islington/P2024/3814/COL — 609, 609 - 613 Holloway Road, London, N19 4DJ
2026-09-30 10:38:35 INFO LEAD new: [Permitted] Islington/P2024/3810/NMA — 278-300 Pentonville Road, London, N1 9NR
2026-09-30 10:38:35 INFO LEAD new: [Permitted] Islington/P2024/3722/ADV — 36, Unic Food Ltd, Old Street, London, EC1V 9AE
2026-09-30 10:38:35 INFO LEAD new: [Permitted] Islington/P2024/3670/NMA — Bonhill Building, 15 Bonhill Street, London
2026-09-30 10:38:35 INFO LEAD new: [Permitted] Islington/P2024/3640/OBS — Highgate Cemetery, Swain's Lane, London, N6 6PJ
2026-09-30 10:38:35 INFO LEAD new: [Permitted] Islington/P2024/3641/OBS — Highgate Cemetery, Swain's Lane, London, N6 6PJ
2026-09-30 10:38:35 INFO LEAD new: [Permitted] Islington/P2024/3639/OBS — Eldon House, 2 - 3 Eldon Street, London, EC2M 7LS
2026-09-30 10:38:35 INFO LEAD new: [Permitted] Islington/P2024/3469/OBS — Haberdashers Hall, 18 West Smithfield, London
2026-09-30 10:38:35 INFO LEAD new: [Permitted] Islington/P2024/3456/NMA — Land At Formerly Windsor Street Garages, Windsor Street, Lon
2026-09-30 10:38:35 INFO LEAD new: [Permitted] Islington/P2024/3464/NMA — 99 City Road, Islington, London, EC1Y 1AX
2026-09-30 10:38:35 INFO LEAD new: [Permitted] Islington/P2024/3372/OBS — Allianz House, 60 Gracechurch Street, London, EC3V 0HR
2026-09-30 10:38:35 INFO LEAD new: [Permitted] Islington/P2024/3557/NMA — 50-56 Great Sutton Street EC1V 0DF & 9-11 Northburgh Street 
2026-09-30 10:38:35 INFO LEAD new: [Permitted] Islington/P2024/3315/NMA — 5 - 7 Singer Street, London
2026-09-30 10:38:35 INFO LEAD new: [Permitted] Islington/P2024/3780/NMA — 79 Shepperton Road, London N1 3DF
2026-09-30 10:38:35 INFO LEAD new: [Permitted] Islington/P2024/3202/NMA — 10 - 14, Garrett Street, London, EC1Y 0TY
2026-09-30 10:38:35 INFO LEAD new: [Permitted] Islington/P2024/3228/COL — 58 St Peter's Street, London
2026-09-30 10:38:35 INFO LEAD new: [Permitted] Islington/P2024/3221/PRA — 1 Berry Place, London, EC1V 0JD
2026-09-30 10:38:35 INFO LEAD new: [Permitted] Islington/P2024/3121/NMA — British Telecom Telephone Exchange, 15 Pine Grove, London, N
2026-09-30 10:38:35 INFO LEAD new: [Permitted] Islington/P2024/2856/NMA — 1, Torrens Street, London, EC1V 1NQ
2026-09-30 10:38:35 INFO LEAD new: [Permitted] Islington/P2024/2832/NMA — 134 Old Street, London EC1V 9BL
2026-09-30 10:38:35 INFO LEAD new: [Permitted] Islington/P2024/2755/FUL — 187 Caledonian Road, London N1 0SL
2026-09-30 10:38:35 INFO LEAD new: [Permitted] Islington/P2024/2672/NMA — Barnard Park, Copenhagen Street, London N1 0NL
2026-09-30 10:38:35 INFO LEAD new: [Permitted] Islington/P2024/2670/DOV — 23 Goswell Road, London, EC1M 7AJ
2026-09-30 10:38:35 INFO LEAD new: [Permitted] Islington/P2024/2528/NMA — Car Park, Windsor Street, London, N1 8QF
2026-09-30 10:38:36 INFO LEAD new: [Permitted] Islington/P2024/2527/ADV — Laser House, 132 - 140 Goswell Road, London
2026-09-30 10:38:36 INFO LEAD new: [Permitted] Islington/P2024/2314/PRA — The National Youth Theatre Of Great Britain, Ground And Firs
2026-09-30 10:38:36 INFO LEAD new: [Permitted] Islington/P2024/2225/PRA — St Mark's Primary School, 175 Sussex Way, London, N19 4JF
2026-09-30 10:38:36 INFO LEAD new: [Permitted] Islington/P2024/2198/NMA — 87 Sunnyside Road, London
2026-09-30 10:38:36 INFO LEAD new: [Permitted] Islington/P2024/2126/PRA — 8 Lidyard Road, London, N19 5NR
2026-09-30 10:38:36 INFO LEAD new: [Permitted] Islington/P2024/2088/NMA — 50 - 56 Great Sutton Street, London, EC1V 0DE and 9-11 North
2026-09-30 10:38:36 INFO LEAD new: [Permitted] Islington/P2024/2087/S73 — 22-23 Tileyard Road and part of 226-228 York Way, London, N7
2026-09-30 10:38:36 INFO LEAD new: [Permitted] Islington/P2024/2014/LBC — 16 And A Half St Paul's Place, London, N1 2QF
2026-09-30 10:38:36 INFO LEAD new: [Permitted] Islington/P2024/2016/PRA — 2 - 4 Digswell Street and 3 Furlong Road, N7 8JX
2026-09-30 10:38:36 INFO LEAD new: [Permitted] Islington/P2024/2013/FUL — 16 And A Half St Paul's Place, London, N1 2QF
2026-09-30 10:38:36 INFO LEAD new: [Permitted] Islington/P2024/1937/PRA — 46 Hatchard Road, London, N19 4NH
2026-09-30 10:38:36 INFO LEAD new: [Permitted] Islington/P2024/1896/FUL — 16 St Mary's Grove, London, N1 2NT
2026-09-30 10:38:36 INFO LEAD new: [Permitted] Islington/P2024/1846/NMA — Flat D, 57 Beresford Road, London, N5 2HR
2026-09-30 10:38:36 INFO LEAD new: [Permitted] Islington/P2024/1797/NMA — Willen House, 8 - 26 Bath Street, London, EC1V 9DX
2026-09-30 10:38:36 INFO LEAD new: [Permitted] Islington/P2024/1798/FUL — 62A Whistler Street, London, N5 1NJ
2026-09-30 10:38:36 INFO LEAD new: [Permitted] Islington/P2024/1748/LBC — 382 City Road, London, EC1V 2QA
2026-09-30 10:38:36 INFO LEAD new: [Permitted] Islington/P2024/1747/FUL — 382 City Road, London, EC1V 2QA
2026-09-30 10:38:36 INFO LEAD new: [Permitted] Islington/P2024/1770/NMA — 10 Dominion Street, London
2026-09-30 10:38:36 INFO LEAD new: [Permitted] Islington/P2024/1689/NMA — 16 - 26 Banner Street, London
2026-09-30 10:38:36 INFO LEAD new: [Permitted] Islington/P2024/1544/FUL — 24 Blythwood Road, Flat 1, London, N4 4EU
2026-09-30 10:38:36 INFO LEAD new: [Permitted] Islington/P2024/1457/NMA — River House, 143 - 145 Farringdon Road, London
2026-09-30 10:38:36 INFO LEAD new: [Permitted] Islington/P2024/1395/NMA — 92 - 94 Essex Road, London
2026-09-30 10:38:36 INFO LEAD new: [Permitted] Islington/P2024/1385/S73 — 158 - 160 Pentonville Road, London, N1 9JL
2026-09-30 10:38:36 INFO LEAD new: [Permitted] Islington/P2024/1378/NMA — 52 Kiver Road, London, N19 4PD
2026-09-30 10:38:36 INFO LEAD new: [Permitted] Islington/P2024/1333/NMA — 3 - 7 Herbal Hill, London
2026-09-30 10:38:36 INFO LEAD new: [Permitted] Islington/P2024/1310/NMA — 64 Anson Road, London, N7 0AA
2026-09-30 10:38:36 INFO LEAD new: [Permitted] Islington/P2024/1295/NMA — 1 Oliver's Yard, London
2026-09-30 10:38:36 INFO LEAD new: [Permitted] Islington/P2024/1245/NMA — Cottam House, 36 - 40 York Way, London, N1 9AB
2026-09-30 10:38:36 INFO LEAD new: [Permitted] Islington/P2024/1454/NMA — 50 - 56 Great Sutton Street, London, EC1V 0DE & 9-11 Northbu
2026-09-30 10:38:36 INFO LEAD new: [Permitted] Islington/P2024/1209/NMA — Former Holloway Prison, Parkhurst Road, London, N7 0NU
2026-09-30 10:38:36 INFO LEAD new: [Permitted] Islington/P2024/0899 — Land north west of the Royal Mail Sorting Office, Farringdon
2026-09-30 10:38:36 INFO LEAD new: [Permitted] Islington/P2024/0896 — Land north west of the Royal Mail Sorting Office, Farringdon
2026-09-30 10:38:42 INFO [islington/Permitted] page at offset 600: 100 records
2026-09-30 10:38:42 INFO LEAD new: [Permitted] Islington/P2024/0882 — The Lighthouse Building, Restaurant And Premises At Part Gro
2026-09-30 10:38:42 INFO LEAD new: [Permitted] Islington/P2024/0888 — Lionel Denny House, 23, Goswell Road, London, EC1M 7AJ
2026-09-30 10:38:42 INFO LEAD new: [Permitted] Islington/P2024/0709/AOD — 61 Elmore Street, London, N1 3AJ
2026-09-30 10:38:42 INFO LEAD new: [Permitted] Islington/P2024/0569/PRA — 4 Brandon Road, London, N7 9AA
2026-09-30 10:38:42 INFO LEAD new: [Permitted] Islington/P2024/0598/NMA — 33 Charterhouse Street, London, EC1M 6HA
2026-09-30 10:38:42 INFO LEAD new: [Permitted] Islington/P2024/0559/NMA — Former Post Office (now Sainsburys), 14 Junction Road, Londo
2026-09-30 10:38:42 INFO LEAD new: [Permitted] Islington/P2024/0489/NMA — 469 Hornsey Rd, London, N19 3QL
2026-09-30 10:38:42 INFO LEAD new: [Permitted] Islington/P2024/0469/OBS — Land At 18 Blackfriars Road And 1-7 Stamford Street Together
2026-09-30 10:38:42 INFO LEAD new: [Permitted] Islington/P2024/0411/NMA — The Zetter Hotel, 86-88 Clerkenwell Road, London, EC1M 5RJ
2026-09-30 10:38:42 INFO LEAD new: [Permitted] Islington/P2024/0412/NMA — Former Richard Cloudesley School, Golden Lane, London, EC1Y 
2026-09-30 10:38:42 INFO LEAD new: [Permitted] Islington/P2024/0307/NMA — (Taverner Estate) 1-36 Matthews Court, 1-12 Bowen Court, 1-4
2026-09-30 10:38:42 INFO LEAD new: [Permitted] Islington/P2024/0322/NMA — Basement And Ground Floor , Flat 75 Corinne Road, London, N1
2026-09-30 10:38:42 INFO LEAD new: [Permitted] Islington/P2024/0305/NMA — 17-23 Beaumont Rise, London, N19 3AA
2026-09-30 10:38:42 INFO LEAD new: [Permitted] Islington/P2024/0235/NMA — Regent's Wharf, 10-18 All Saints Street, London, N1 9RL
2026-09-30 10:38:42 INFO LEAD new: [Permitted] Islington/P2024/0203/PRA — 232 St Paul's Road, London, N1 2LJ
2026-09-30 10:38:42 INFO LEAD new: [Permitted] Islington/P2024/0187/OBS — 40 Queen Street, London, EC4R 1DD
2026-09-30 10:38:42 INFO LEAD new: [Permitted] Islington/P2024/0186/NMA — Land At 57-65 Randell's Road, London, N1 0DH
2026-09-30 10:38:48 INFO [islington/Permitted] page at offset 700: 100 records
2026-09-30 10:38:48 INFO LEAD new: [Permitted] Islington/P2024/0142/NMA — Unit 1 - 3 Stapleton House, 271-275 Holloway Road, London, N
2026-09-30 10:38:48 INFO LEAD new: [Permitted] Islington/P2024/0135/NMA — 2-7 Clerkenwell Green , London, EC1R 0DE
2026-09-30 10:38:48 INFO LEAD new: [Permitted] Islington/P2024/0079/NMA — Bonhill Building, 15 Bonhill Street, London, EC2A 4DN
2026-09-30 10:38:48 INFO LEAD new: [Permitted] Islington/P2024/0063/FUL — Flat C, 20 Blythwood Road, London, N4 4EU
2026-09-30 10:38:48 INFO LEAD new: [Permitted] Islington/P2024/0042/OBS — Euston Tower , 286 Euston Road, London, NW1 3DP,
2026-09-30 10:38:48 INFO LEAD new: [Permitted] Islington/P2024/0031/NMA — Former Holloway Prison, Parkhurst Road, London, N7 0NU
2026-09-30 10:38:48 INFO LEAD new: [Permitted] Islington/P2024/0027/NMA — Former Holloway Prison, Parkhurst Road, London, N7 0NU
2026-09-30 10:38:48 INFO LEAD new: [Permitted] Islington/P2023/3682/NMA — 87 Sunnyside Road, London, N19 3SL
2026-09-30 10:38:48 INFO LEAD new: [Permitted] Islington/P2023/3681/NMA — 10 Halton Road, London, N1 2EU
2026-09-30 10:38:48 INFO LEAD new: [Permitted] Islington/P2023/3627/NMA — Angel Square, 1 Torrens Street, London, EC1V 1NY
2026-09-30 10:38:48 INFO LEAD new: [Permitted] Islington/P2023/3584/OBS — London Wall West - 140 London Wall, 150 London Wall, Ironmon
2026-09-30 10:38:48 INFO LEAD new: [Permitted] Islington/P2023/3585/OBS — London Wall West - 140 London Wall, 150 London Wall, Ironmon
2026-09-30 10:38:48 INFO LEAD new: [Permitted] Islington/P2023/3572/NMA — Block G and Block S, Whittington Hospital Campus, Dartmouth 
2026-09-30 10:38:48 INFO LEAD new: [Permitted] Islington/P2023/3352/OBS — 5-8 Woodberry Down Phases, London, N4
2026-09-30 10:38:48 INFO LEAD new: [Permitted] Islington/P2023/3323/NMA — Student Living Heights Derwent Point, 312 Goswell Road, Lond
2026-09-30 10:38:48 INFO LEAD new: [Permitted] Islington/P2023/3317/NMA — 71 Cheverton Road, London, N19 3BA
2026-09-30 10:38:48 INFO LEAD new: [Permitted] Islington/P2023/3267/NMA — 95 City Road, London, EC1Y 1BD
2026-09-30 10:38:48 INFO LEAD new: [Permitted] Islington/P2023/3237/NMA — Bayes Business School, 33 Finsbury Square, London, EC2A 1AG
2026-09-30 10:38:48 INFO LEAD new: [Permitted] Islington/P2023/3193/NMA — 179 Hornsey Road, London, N7 6RA
2026-09-30 10:38:54 INFO [islington/Permitted] page at offset 800: 51 records
2026-09-30 10:38:54 INFO LEAD new: [Permitted] Islington/P2023/3167/PRA — 31 Bryantwood Road, London, N7 7BG
2026-09-30 10:38:54 INFO LEAD new: [Permitted] Islington/P2023/3081/NMA — 102 Huddleston Road, London, N7 0EG
2026-09-30 10:38:54 INFO LEAD new: [Permitted] Islington/P2023/2918/NMA — Car Park & Garages Windsor Street, London, N1 8QF
2026-09-30 10:38:54 INFO LEAD new: [Permitted] Islington/P2023/2924/NMA — Car Park & Garages, Windsor Street, London, N1 8QF
2026-09-30 10:38:54 INFO LEAD new: [Permitted] Islington/P2023/2904/NMA — 48A Leconfield Road, London, N5 2SN
2026-09-30 10:38:54 INFO LEAD new: [Permitted] Islington/P2023/2896/NMA — The Old Bandstand , Church Path , London, N5 1QL
2026-09-30 10:39:02 INFO [islington/Conditions] page at offset 0: 100 records
2026-09-30 10:39:02 INFO LEAD new: [Conditions] Islington/P2026/2318/AOD — Clock Tower, Highbury Hill, London
2026-09-30 10:39:02 INFO LEAD new: [Conditions] Islington/P2026/2266/COL — 32 Gillespie Road, London, N5 1LN
2026-09-30 10:39:02 INFO LEAD new: [Conditions] Islington/P2026/2265/NMA — Times House and Laundry Buildings (4-6 Bravingtons Walk, 8 C
2026-09-30 10:39:02 INFO LEAD new: [Conditions] Islington/P2026/2248/AOD — 53, Amwell Street, London, EC1R 1UR
2026-09-30 10:39:02 INFO LEAD new: [Conditions] Islington/P2026/2216/AOD — 108, Barnsbury Road, London, N1 0ES
2026-09-30 10:39:02 INFO LEAD new: [Conditions] Islington/P2026/2217/AOD — Coach & Horses Public House, 26 – 28 Ray Street, London, EC1
2026-09-30 10:39:02 INFO LEAD new: [Conditions] Islington/P2026/2179/AOD — 80-90 Highgate Hill, London, N19 5NQ
2026-09-30 10:39:02 INFO LEAD new: [Conditions] Islington/P2026/2167/AOD — 30-40 Vale Royal, London, N7 9AP
2026-09-30 10:39:02 INFO LEAD new: [Conditions] Islington/P2026/2122/FUL — 127 Corbyn Street, London N4 3BX
2026-09-30 10:39:02 INFO LEAD new: [Conditions] Islington/P2026/2123/FUL — 47 Upper Street, London, N1 0PN
2026-09-30 10:39:02 INFO LEAD new: [Conditions] Islington/P2026/2107/AOD — 240, The Peasant Public House, St John Street, London, EC1V 
2026-09-30 10:39:02 INFO LEAD new: [Conditions] Islington/P2026/2082/FUL — 38 Dalmeny Road, London, N7 0DY
2026-09-30 10:39:02 INFO LEAD new: [Conditions] Islington/P2026/2081/PRA — Ground Floor, 196 Blackstock Road, London, N5 1EN
2026-09-30 10:39:02 INFO LEAD new: [Conditions] Islington/P2026/2085/FUL — 4 Pemberton Gardens, London, N19 5RU
2026-09-30 10:39:02 INFO LEAD new: [Conditions] Islington/P2026/2004/COL — Whittington House, 766 Holloway Road, London, N19 3JQ
2026-09-30 10:39:02 INFO LEAD new: [Conditions] Islington/P2026/2003/ADV — Virgin Active, 33 Bunhill Row, London, EC1Y 8LP
2026-09-30 10:39:02 INFO LEAD new: [Conditions] Islington/P2026/2002/FUL — Virgin Active, 33 Bunhill Row, London, EC1Y 8LP
2026-09-30 10:39:02 INFO LEAD new: [Conditions] Islington/P2026/1999/AOD — 2A Arran Walk, London, N1 2TL
2026-09-30 10:39:02 INFO LEAD new: [Conditions] Islington/P2026/1981/FUL — Garden Flat, 56 Anson Road, London, N7 0AA
2026-09-30 10:39:02 INFO LEAD new: [Conditions] Islington/P2026/1983/AOD — 5, Sebastian Street, London, EC1V 0HE
2026-09-30 10:39:02 INFO LEAD new: [Conditions] Islington/P2026/1967/AOD — 321 Liverpool Road, London, N1 1NQ
2026-09-30 10:39:02 INFO LEAD new: [Conditions] Islington/P2026/1838/COL — 18 - 20 St John Street, London, EC1M 4AY
2026-09-30 10:39:02 INFO LEAD new: [Conditions] Islington/P2026/1959/LBC — 18 & 19 Arlington Square, London
2026-09-30 10:39:02 INFO LEAD new: [Conditions] Islington/P2026/1958/FUL — 22 Blythwood Road, London, N4 4EU
2026-09-30 10:39:02 INFO LEAD new: [Conditions] Islington/P2026/1962/AOD — 29, Arlington Square, London, N1 7DP
2026-09-30 10:39:02 INFO LEAD new: [Conditions] Islington/P2026/1943/COL — 49 Linton Street, London, N1 7AN
2026-09-30 10:39:02 INFO LEAD new: [Conditions] Islington/P2026/1936/FUL — 45 Wyatt Road, London, N5 2JU
2026-09-30 10:39:02 INFO LEAD new: [Conditions] Islington/P2026/1923/FUL — 104 St George's Avenue, London, N7 0AH
2026-09-30 10:39:02 INFO LEAD new: [Conditions] Islington/P2026/1938/LBC — 55 Colebrooke Row, London, N1 8AF
2026-09-30 10:39:02 INFO LEAD new: [Conditions] Islington/P2026/1937/FUL — 55 Colebrooke Row, London, N1 8AF
2026-09-30 10:39:02 INFO LEAD new: [Conditions] Islington/P2026/1914/FUL — 16 Rees Street, London, N1 7AR
2026-09-30 10:39:02 INFO LEAD new: [Conditions] Islington/P2026/1907/FUL — Flat 2, 3 and 4 Banner buildings, 74 - 84 Banner Street, Lon
2026-09-30 10:39:02 INFO LEAD new: [Conditions] Islington/P2026/1889/AOD — Finsbury Dials, 20 Finsbury Street, London
2026-09-30 10:39:02 INFO LEAD new: [Conditions] Islington/P2026/1899/FUL — 8 Sidney Grove, London, EC1V 7LP
2026-09-30 10:39:02 INFO LEAD new: [Conditions] Islington/P2026/1896/FUL — Units 1 & 2 Holford Yard, London, WC1X 9HF
2026-09-30 10:39:02 INFO LEAD new: [Conditions] Islington/P2026/1890/FUL — 17 Belitha Villas, London, N1 1PE
2026-09-30 10:39:02 INFO LEAD new: [Conditions] Islington/P2026/1884/FUL — 17 Almorah Road, London, N1 3ER
2026-09-30 10:39:02 INFO LEAD new: [Conditions] Islington/P2026/1868/ADV — Bus Shelter Outside 10 Finsbury Square London EC2A 1AJ
2026-09-30 10:39:02 INFO LEAD new: [Conditions] Islington/P2026/1870/ADV — Bus Shelter, Pavement outside 229 Holloway Road, London, N7 
2026-09-30 10:39:02 INFO LEAD new: [Conditions] Islington/P2026/1871/ADV — Bus shelter pavement outside 695 Holloway Road N19 5SE
2026-09-30 10:39:02 INFO LEAD new: [Conditions] Islington/P2026/1848/FUL — 25 Highbury Place, London, N5 1QP
2026-09-30 10:39:02 INFO LEAD new: [Conditions] Islington/P2026/1849/LBC — 25 Highbury Place, London, N5 1QP
2026-09-30 10:39:02 INFO LEAD new: [Conditions] Islington/P2026/1843/AOD — 64 King's Cross Road, London, WC1X 9QE
2026-09-30 10:39:02 INFO LEAD new: [Conditions] Islington/P2026/1824/FUL — Apartment 8, 16 Barnsbury Square, London, N1 1JL
2026-09-30 10:39:02 INFO LEAD new: [Conditions] Islington/P2026/1825/FUL — Denmark Court, 1A Francis Terrace, London N19 5PY
2026-09-30 10:39:02 INFO LEAD new: [Conditions] Islington/P2026/1822/FUL — 47 Mercers Road, London, N19 4PP
2026-09-30 10:39:02 INFO LEAD new: [Conditions] Islington/P2026/1823/FUL — 31 Devonia Road, London, N1 8JQ
2026-09-30 10:39:02 INFO LEAD new: [Conditions] Islington/P2026/1806/FUL — Ground Floor, 64 Cross Street, London, N1 2BA
2026-09-30 10:39:02 INFO LEAD new: [Conditions] Islington/P2026/1814/FUL — 41 Corsica Street, London, N5 1JT
2026-09-30 10:39:02 INFO LEAD new: [Conditions] Islington/P2026/1804/AOD — Bevin Court, Cruikshank Street, London
2026-09-30 10:39:02 INFO LEAD new: [Conditions] Islington/P2026/1805/FUL — 10 Pentonville Road, London, N1 9HF
2026-09-30 10:39:02 INFO LEAD new: [Conditions] Islington/P2026/1815/COL — 47 Battledean Road, London, N5 1UX
2026-09-30 10:39:02 INFO LEAD new: [Conditions] Islington/P2026/1794/FUL — East, West and South Penthouses, The Orchard Building, 25 Pe
2026-09-30 10:39:02 INFO LEAD new: [Conditions] Islington/P2026/1788/AOD — 1, Islington High Street, London
2026-09-30 10:39:02 INFO LEAD new: [Conditions] Islington/P2026/1775/AOD — 8 Halton Road and 8 Halton Cross Street, London, N1 2EU
2026-09-30 10:39:02 INFO LEAD new: [Conditions] Islington/P2026/1782/COL — 16 Hungerford Road, London, N7 9LX
2026-09-30 10:39:02 INFO LEAD new: [Conditions] Islington/P2026/1777/FUL — 61 Avenell Road, London, N5 1BT
2026-09-30 10:39:02 INFO LEAD new: [Conditions] Islington/P2026/1778/FUL — 28 Remington Street, London, N1 8DH
2026-09-30 10:39:02 INFO LEAD new: [Conditions] Islington/P2026/1779/FUL — 118 Northchurch Road, London N1 3PA
2026-09-30 10:39:02 INFO LEAD new: [Conditions] Islington/P2026/1756/FUL — 17 Dunford Road, London, N7 6EP
2026-09-30 10:39:02 INFO LEAD new: [Conditions] Islington/P2026/1765/S73 — 16 Kelross Road, London, N5 2QS
2026-09-30 10:39:02 INFO LEAD new: [Conditions] Islington/P2026/1769/COL — 474 Caledonian Road, London, N7 8TB
2026-09-30 10:39:02 INFO LEAD new: [Conditions] Islington/P2026/1766/COL — Maude Court, 8 Piper Close, London, N7 8TY
2026-09-30 10:39:02 INFO LEAD new: [Conditions] Islington/P2026/1763/LBC — 38 Lonsdale Square, London, N1 1EW
2026-09-30 10:39:02 INFO LEAD new: [Conditions] Islington/P2026/1768/COL — Mallard Court, 1 Piper Close, London, N7 8TQ
2026-09-30 10:39:02 INFO LEAD new: [Conditions] Islington/P2026/1755/AOD — 10 - 14, Garrett Street, London, EC1Y 0TY
2026-09-30 10:39:02 INFO LEAD new: [Conditions] Islington/P2026/1761/COL — 61 Regina Road, London, N4 3PT
2026-09-30 10:39:02 INFO LEAD new: [Conditions] Islington/P2026/1747/FUL — 68, Kiver Road, London, N19 4PD
2026-09-30 10:39:02 INFO LEAD new: [Conditions] Islington/P2026/1739/AOD — 38 Finsbury Square, London EC2A 1PX
2026-09-30 10:39:02 INFO LEAD new: [Conditions] Islington/P2026/1749/FUL — Top Floor Flat, 60 Gladsmuir Road, N19 3JU
2026-09-30 10:39:02 INFO LEAD new: [Conditions] Islington/P2026/1748/AOD — 15 Furlong Road, London, N7 8LS
2026-09-30 10:39:02 INFO LEAD new: [Conditions] Islington/P2026/1745/LBC — 11 Northampton Park, London, N1 2PP
2026-09-30 10:39:02 INFO LEAD new: [Conditions] Islington/P2026/1742/FUL — Ground Floor Flat, 52 Romilly Road, London, N4 2QX
2026-09-30 10:39:02 INFO LEAD new: [Conditions] Islington/P2026/1743/LBC — 9 Northampton Park, London, N1 2PP
2026-09-30 10:39:02 INFO LEAD new: [Conditions] Islington/P2026/1741/FUL — 9 Northampton Park, London, N1 2PP
2026-09-30 10:39:02 INFO LEAD new: [Conditions] Islington/P2026/1744/FUL — 11 Northampton Park, London, N1 2PP
2026-09-30 10:39:02 INFO LEAD new: [Conditions] Islington/P2026/1752/FUL — 44 - 46 St John Street, London, EC1M 4DF
2026-09-30 10:39:02 INFO LEAD new: [Conditions] Islington/P2026/1724/FUL — 15, Hugo Road, London, N19 5EU
2026-09-30 10:39:02 INFO LEAD new: [Conditions] Islington/P2026/1727/FUL — 8 Belitha Villas, London, N1 1PD
2026-09-30 10:39:02 INFO LEAD new: [Conditions] Islington/P2026/1729/LBC — 31 Cloudesley Square, London
2026-09-30 10:39:02 INFO LEAD new: [Conditions] Islington/P2026/1694/ADV — 361 - 363 Goswell Road, London, EC1V 7JL
2026-09-30 10:39:02 INFO LEAD new: [Conditions] Islington/P2026/1703/PRA — 167 Whitecross Street, London, EC1Y 8JT
2026-09-30 10:39:02 INFO LEAD new: [Conditions] Islington/P2026/1709/FUL — 167 Whitecross Street, London, EC1Y 8JT
2026-09-30 10:39:08 INFO [islington/Conditions] page at offset 100: 100 records
2026-09-30 10:39:08 INFO LEAD new: [Conditions] Islington/P2026/1710/COL — 499a Hornsey Road, London, N19 3QL
2026-09-30 10:39:08 INFO LEAD new: [Conditions] Islington/P2026/1701/FUL — 20 Cowcross Street, London, EC1M 6DH
2026-09-30 10:39:08 INFO LEAD new: [Conditions] Islington/P2026/1702/ADV — 20 Cowcross Street, London, EC1M 6DH
2026-09-30 10:39:08 INFO LEAD new: [Conditions] Islington/P2026/1715/ADV — 32 Great Sutton Street, London EC1V 0NB
2026-09-30 10:39:08 INFO LEAD new: [Conditions] Islington/P2026/1716/ADV — Bus Shelter outside 83 Seven Sisters Road, London N7 6AE
2026-09-30 10:39:08 INFO LEAD new: [Conditions] Islington/P2026/1696/FUL — 22 Harberton Road, London, N19 3JR
2026-09-30 10:39:08 INFO LEAD new: [Conditions] Islington/P2026/1711/AOD — 427 Caledonian Road, London, N7 9BG
2026-09-30 10:39:08 INFO LEAD new: [Conditions] Islington/P2026/1698/ADV — Ground Floor, 188 - 190 New North Road, London, N1 7BJ
2026-09-30 10:39:08 INFO LEAD new: [Conditions] Islington/P2026/1690/ADV — 50 - 56 Great Sutton Street, London, EC1V 0DF
2026-09-30 10:39:08 INFO LEAD new: [Conditions] Islington/P2026/1687/FUL — 250 - 252 Goswell Road, London, EC1V 7RE
2026-09-30 10:39:08 INFO LEAD new: [Conditions] Islington/P2026/1693/LBC — 361 - 363 Goswell Road, London, EC1V 7JL
2026-09-30 10:39:08 INFO LEAD new: [Conditions] Islington/P2026/1688/FUL — Flat 4, 98 Aberdeen Park, London, N5 2BE
2026-09-30 10:39:08 INFO LEAD new: [Conditions] Islington/P2026/1686/FUL — 19 Cruden Street, London, N1 8NH
2026-09-30 10:39:08 INFO LEAD new: [Conditions] Islington/P2026/1689/PRA — Unit 16, Angel Gate, London, EC1V 2PT
2026-09-30 10:39:08 INFO LEAD new: [Conditions] Islington/P2026/1680/FUL — 1 Alwyne Villas, London, N1 2HG
2026-09-30 10:39:08 INFO LEAD new: [Conditions] Islington/P2026/1682/FUL — Flat A, 33 Ronalds Road, London, N5 1XF
2026-09-30 10:39:08 INFO LEAD new: [Conditions] Islington/P2026/1671/LBC — 4 Granville Square, London, WC1X 9PF
2026-09-30 10:39:08 INFO LEAD new: [Conditions] Islington/P2026/1673/FUL — Hilldrop Estate 6 to 122 Dalmeny Avenue, London, N7 0JS
2026-09-30 10:39:08 INFO LEAD new: [Conditions] Islington/P2026/1676/LBC — 30, Lonsdale Square, London, N1 1EW
2026-09-30 10:39:08 INFO LEAD new: [Conditions] Islington/P2026/1674/COL — 86 Riversdale Road, London, N5 2JZ
2026-09-30 10:39:08 INFO LEAD new: [Conditions] Islington/P2026/1677/LBC — 5 Claremont Square, London, N1 9LY
2026-09-30 10:39:08 INFO LEAD new: [Conditions] Islington/P2026/1672/FUL — 26 Plimsoll Road, London, N4 2EL
2026-09-30 10:39:08 INFO LEAD new: [Conditions] Islington/P2026/1679/FUL — 43 Davenant Road, London, N19 3NW
2026-09-30 10:39:08 INFO LEAD new: [Conditions] Islington/P2026/1678/AOD — 10 - 18 , All Saints Street, London, N1 9RL
2026-09-30 10:39:08 INFO LEAD new: [Conditions] Islington/P2026/1659/FUL — 89 Caledonian Road, London, N1 9BT
2026-09-30 10:39:08 INFO LEAD new: [Conditions] Islington/P2026/1665/FUL — 119 Sotheby Road, London, N5 2UT
2026-09-30 10:39:08 INFO LEAD new: [Conditions] Islington/P2026/1668/FUL — Widford House, 7 Colebrooke Row, London, N1 8DD
2026-09-30 10:39:08 INFO LEAD new: [Conditions] Islington/P2026/1658/S73 — 3 - 5, Islington High Street, London, N1 9LQ
2026-09-30 10:39:08 INFO LEAD new: [Conditions] Islington/P2026/1667/FUL — 22 Tavistock Terrace, London, N19 4DB
2026-09-30 10:39:08 INFO LEAD new: [Conditions] Islington/P2026/1655/AOD — Bartholomew Court (previously known as Redbrick Estate inclu
2026-09-30 10:39:08 INFO LEAD new: [Conditions] Islington/P2026/1660/FUL — 53 Poets Road, London, N5 2SH
2026-09-30 10:39:08 INFO LEAD new: [Conditions] Islington/P2026/1666/FUL — 59A Berriman Road, London, N7 7PN
2026-09-30 10:39:08 INFO LEAD new: [Conditions] Islington/P2026/1661/FUL — 91 Caledonian Road, London, N1 9BT
2026-09-30 10:39:08 INFO LEAD new: [Conditions] Islington/P2026/1649/FUL — 2 Northolme Road, London, N5 2UZ
2026-09-30 10:39:08 INFO LEAD new: [Conditions] Islington/P2026/1639/AOD — 4 Brandon Road, London, N7 9AA
2026-09-30 10:39:08 INFO LEAD new: [Conditions] Islington/P2026/1647/ADV — Basement And Ground Floors, 261 Upper Street, London, N1 2UQ
2026-09-30 10:39:08 INFO LEAD new: [Conditions] Islington/P2026/1629/LBC — 5 Cumberland Gardens, London, WC1X 9AF
2026-09-30 10:39:08 INFO LEAD new: [Conditions] Islington/P2026/1633/FUL — 8 Cressida Road, London, N19 3JW
2026-09-30 10:39:08 INFO LEAD new: [Conditions] Islington/P2026/1628/FUL — 5 Cumberland Gardens, London, WC1X 9AF
2026-09-30 10:39:08 INFO LEAD new: [Conditions] Islington/P2026/1630/FUL — 5 Cumberland Gardens, London, WC1X 9AF
2026-09-30 10:39:08 INFO LEAD new: [Conditions] Islington/P2026/1631/LBC — 5 Cumberland Gardens, London, WC1X 9AF
2026-09-30 10:39:08 INFO LEAD new: [Conditions] Islington/P2026/1622/LBC — 250, Caledonian Road, London, N1 0NG
2026-09-30 10:39:08 INFO LEAD new: [Conditions] Islington/P2026/1623/LBC — 16 Copenhagen Street, London
2026-09-30 10:39:08 INFO LEAD new: [Conditions] Islington/P2026/1609/FUL — 19 Thornhill Crescent, London, N1 1BJ
2026-09-30 10:39:08 INFO LEAD new: [Conditions] Islington/P2026/1620/LBC — 1 Alwyne Villas, London, N1 2HG
2026-09-30 10:39:08 INFO LEAD new: [Conditions] Islington/P2026/1626/LBC — 5 Cumberland Gardens, London, WC1X 9AF
2026-09-30 10:39:08 INFO LEAD new: [Conditions] Islington/P2026/1608/LBC — 19 Thornhill Crescent, London, N1 1BJ
2026-09-30 10:39:08 INFO LEAD new: [Conditions] Islington/P2026/1619/FUL — 58 Northdown Street, London, N1 9BS
2026-09-30 10:39:08 INFO LEAD new: [Conditions] Islington/P2026/1625/LBC — 36 Barnsbury Road, London
2026-09-30 10:39:08 INFO LEAD new: [Conditions] Islington/P2026/1627/FUL — 5 Cumberland Gardens, London, WC1X 9AF
2026-09-30 10:39:08 INFO LEAD new: [Conditions] Islington/P2026/1613/LBC — 108, Barnsbury Road, London, N1 0ES
2026-09-30 10:39:08 INFO LEAD new: [Conditions] Islington/P2026/1611/FUL — 17 Allingham Street, London, N1 8NX
2026-09-30 10:39:08 INFO LEAD new: [Conditions] Islington/P2026/1607/FUL — 121-122 Upper Street, London, N1 1QP
2026-09-30 10:39:08 INFO LEAD new: [Conditions] Islington/P2026/1606/FUL — The Coronet, 338 - 346 Holloway Road, London, N7 6NJ
2026-09-30 10:39:08 INFO LEAD new: [Conditions] Islington/P2026/1600/AOD — 20, Great Percy Street, London, WC1X 9QP
2026-09-30 10:39:08 INFO LEAD new: [Conditions] Islington/P2026/1604/LBC — 42 Barnsbury Road, London
2026-09-30 10:39:08 INFO LEAD new: [Conditions] Islington/P2026/1579/FUL — 5 Mountfort Crescent, London, N1 1JW
2026-09-30 10:39:08 INFO LEAD new: [Conditions] Islington/P2026/1581/LBC — 5 Mountfort Crescent, London, N1 1JW
2026-09-30 10:39:08 INFO LEAD new: [Conditions] Islington/P2026/1586/ADV — 384 Caledonian Road, London, N1 1DY
2026-09-30 10:39:08 INFO LEAD new: [Conditions] Islington/P2026/1590/FUL — 111 Highbury Hill, London, N5 1TA
2026-09-30 10:39:08 INFO LEAD new: [Conditions] Islington/P2026/1582/AOD — 124 - 128 Ball's Pond Road, London, N1 4AE
2026-09-30 10:39:08 INFO LEAD new: [Conditions] Islington/P2026/1588/FUL — 58 Barnsbury Street, London, N1 1ER
2026-09-30 10:39:08 INFO LEAD new: [Conditions] Islington/P2026/1592/LBC — 3 MOUNTFORT CRESCENT, LONDON, ISLINGTON, N1 1JW
2026-09-30 10:39:08 INFO LEAD new: [Conditions] Islington/P2026/1589/LBC — 58 Barnsbury Street, London, N1 1ER
2026-09-30 10:39:08 INFO LEAD new: [Conditions] Islington/P2026/1574/AOD — 427 Caledonian Road, London, N7 9BG
2026-09-30 10:39:08 INFO LEAD new: [Conditions] Islington/P2026/1573/FUL — The Wooden House, 4A Crescent Street, London, N1 1BT
2026-09-30 10:39:08 INFO LEAD new: [Conditions] Islington/P2026/1565/AOD — London Metropolitan University, Rear Of 67-81, 81A Benwell R
2026-09-30 10:39:08 INFO LEAD new: [Conditions] Islington/P2026/1570/FUL — 23 Northolme Road, London, N5 2UZ
2026-09-30 10:39:08 INFO LEAD new: [Conditions] Islington/P2026/1557/FUL — 171 Hemingford Road, London, N1 1DA
2026-09-30 10:39:08 INFO LEAD new: [Conditions] Islington/P2026/1563/FUL — Flat A, 178 Downham Road, London, N1 3HL
2026-09-30 10:39:08 INFO LEAD new: [Conditions] Islington/P2026/1556/LBC — Flat 2, 41 Myddelton Square, London, EC1R 1YB
2026-09-30 10:39:09 INFO LEAD new: [Conditions] Islington/P2026/1562/FUL — 62 Northchurch Road, London, N1 3NY
2026-09-30 10:39:09 INFO LEAD new: [Conditions] Islington/P2026/1555/FUL — Flat 2, 41 Myddelton Square, London, EC1R 1YB
2026-09-30 10:39:09 INFO LEAD new: [Conditions] Islington/P2026/1552/FUL — Flats 5-45, Flats 100-171 & Flats 200-230 Bakersfield, Londo
2026-09-30 10:39:09 INFO LEAD new: [Conditions] Islington/P2026/1545/FUL — 1-10 Lillie House (Old), 18 Fieldway Crescent, London, N5 1Q
2026-09-30 10:39:09 INFO LEAD new: [Conditions] Islington/P2026/1542/COL — 14 Stonenest Street, London, N4 3BA
2026-09-30 10:39:09 INFO LEAD new: [Conditions] Islington/P2026/1541/FUL — Manning House, 27 Fieldway Crescent, London N5 1PZ
2026-09-30 10:39:09 INFO LEAD new: [Conditions] Islington/P2026/1543/FUL — 14 Stonenest Street, London, N4 3BA
2026-09-30 10:39:09 INFO LEAD new: [Conditions] Islington/P2026/1571/FUL — Flats 1-4 Bakersfield, London, N7 0LT
2026-09-30 10:39:09 INFO LEAD new: [Conditions] Islington/P2026/1527/AOD — 36 Thornhill Road, London, N1 1HW
2026-09-30 10:39:09 INFO LEAD new: [Conditions] Islington/P2026/1529/LBC — 90 and 92 Shepperton Road, London, N1 3DQ
2026-09-30 10:39:09 INFO LEAD new: [Conditions] Islington/P2026/1537/FUL — 77 Bastwick Street, London EC1V 3PZ
2026-09-30 10:39:09 INFO LEAD new: [Conditions] Islington/P2026/1528/FUL — 90 and 92 Shepperton Road, London, N1 3DQ
2026-09-30 10:39:09 INFO LEAD new: [Conditions] Islington/P2026/1536/LBC — 110 Richmond Avenue, London, N1 0LS
2026-09-30 10:39:09 INFO LEAD new: [Conditions] Islington/P2026/1521/LBC — 32 Britton Street, London, EC1M 5UH
2026-09-30 10:39:09 INFO LEAD new: [Conditions] Islington/P2026/1524/FUL — Flat 2, 27 - 29 Hermit Street, London, EC1V 7NR
2026-09-30 10:39:09 INFO LEAD new: [Conditions] Islington/P2026/1522/LBC — 17, Cloudesley Place, London, N1 0JA
2026-09-30 10:39:09 INFO LEAD new: [Conditions] Islington/P2026/1523/FUL — 8 Canonbury Street, London, N1 2TD
2026-09-30 10:39:09 INFO LEAD new: [Conditions] Islington/P2026/1520/COL — 422A Caledonian Road, London, N7 8TE
2026-09-30 10:39:09 INFO LEAD new: [Conditions] Islington/P2026/1515/FUL — 17 Paradise Passage, London, N7 8QN
2026-09-30 10:39:09 INFO LEAD new: [Conditions] Islington/P2026/1504/FUL — 16-18 Alwyne Villas, London, N1 2HQ
2026-09-30 10:39:09 INFO LEAD new: [Conditions] Islington/P2026/1507/FUL — Ground Floor, 257 Caledonian Road, London, N1 1ED
2026-09-30 10:39:09 INFO LEAD new: [Conditions] Islington/P2026/1489/LBC — 7, Compton Terrace, London N1 2UN
2026-09-30 10:39:09 INFO LEAD new: [Conditions] Islington/P2026/1490/LBC — 15 Barnsbury Street, London, N1 1PW
2026-09-30 10:39:15 INFO [islington/Conditions] page at offset 200: 100 records
2026-09-30 10:39:15 INFO LEAD new: [Conditions] Islington/P2026/1491/LBC — 13 Balfe Street, London
2026-09-30 10:39:15 INFO LEAD new: [Conditions] Islington/P2026/1508/FUL — 32 St Mary's Grove, London, N1 2NT
2026-09-30 10:39:15 INFO LEAD new: [Conditions] Islington/P2026/1494/LBC — 19 Balfe Street, London
2026-09-30 10:39:15 INFO LEAD new: [Conditions] Islington/P2026/1495/LBC — 21, Barnsbury Park, London
2026-09-30 10:39:15 INFO LEAD new: [Conditions] Islington/P2026/1492/LBC — 62 Amwell Street, London
2026-09-30 10:39:15 INFO LEAD new: [Conditions] Islington/P2026/1510/FUL — Flat A, 110 Highbury Hill, London, N5 1AT
2026-09-30 10:39:15 INFO LEAD new: [Conditions] Islington/P2026/1497/FUL — 7 Highbury Park, London, N5 1QJ
2026-09-30 10:39:15 INFO LEAD new: [Conditions] Islington/P2026/1477/COL — Site of Public Toilets, Clerkenwell Green, London, EC1R
2026-09-30 10:39:15 INFO LEAD new: [Conditions] Islington/P2026/1469/FUL — 9 St Jude Street, London, N16 8JU
2026-09-30 10:39:15 INFO LEAD new: [Conditions] Islington/P2026/1470/PRA — 391 - 395, City Road, London, EC1V 1NG
2026-09-30 10:39:15 INFO LEAD new: [Conditions] Islington/P2026/1476/AOD — 38 Finsbury Square, London, EC2A 1PX
2026-09-30 10:39:15 INFO LEAD new: [Conditions] Islington/P2026/1482/FUL — 340 Caledonian Road, London, N1 1BB
2026-09-30 10:39:15 INFO LEAD new: [Conditions] Islington/P2026/1484/FUL — Flat 1, 9 Alwyne Place, London, N1 2NL
2026-09-30 10:39:15 INFO LEAD new: [Conditions] Islington/P2026/1481/ADV — 340 Caledonian Road, London, N1 1BB
2026-09-30 10:39:15 INFO LEAD new: [Conditions] Islington/P2026/1460/FUL — 116-120 King's Cross Road, London, WC1X 9DS
2026-09-30 10:39:15 INFO LEAD new: [Conditions] Islington/P2026/1464/COL — 5 Melgund Road, London, N5 1PT
2026-09-30 10:39:15 INFO LEAD new: [Conditions] Islington/P2026/1467/AOD — William Martin Court, 65 Margery Street, London, WC1X 0JH
2026-09-30 10:39:15 INFO LEAD new: [Conditions] Islington/P2026/1457/FUL — 8 Rheidol Terrace, London, N1 8NT
2026-09-30 10:39:15 INFO LEAD new: [Conditions] Islington/P2026/1502/OBS — 133 Houndsditch, London, EC3A 7BX
2026-09-30 10:39:15 INFO LEAD new: [Conditions] Islington/P2026/1431/FUL — 36 Parkhurst Road, London N7 0SF
2026-09-30 10:39:15 INFO LEAD new: [Conditions] Islington/P2026/1430/FUL — 63 Landseer Road, London, N19 4JR
2026-09-30 10:39:15 INFO LEAD new: [Conditions] Islington/P2026/1445/AOD — 17, Highbury Place, London
2026-09-30 10:39:15 INFO LEAD new: [Conditions] Islington/P2026/1452/FUL — 112-114 King's Cross Road, London, WC1X 9DS
2026-09-30 10:39:15 INFO LEAD new: [Conditions] Islington/P2026/1444/AOD — 17, Highbury Place, London
2026-09-30 10:39:15 INFO LEAD new: [Conditions] Islington/P2026/1419/FUL — 35 Bryantwood Road, London N7 7BG
2026-09-30 10:39:15 INFO LEAD new: [Conditions] Islington/P2026/1423/AOD — 427 Caledonian Road, London, N7 9BG
2026-09-30 10:39:15 INFO LEAD new: [Conditions] Islington/P2026/1439/FUL — 36 Fortnam Road, London, N19 3NR
2026-09-30 10:39:15 INFO LEAD new: [Conditions] Islington/P2026/1434/COL — 9 Alwyne Square, London, N1 2JX
2026-09-30 10:39:15 INFO LEAD new: [Conditions] Islington/P2026/1427/AOD — 25, Lonsdale Square, London, N1 1EW
2026-09-30 10:39:15 INFO LEAD new: [Conditions] Islington/P2026/1438/FUL — 105, Richmond Avenue, London, N1 0LT
2026-09-30 10:39:15 INFO LEAD new: [Conditions] Islington/P2026/1428/FUL — 512-514 Hornsey Road, London, N19 3QN
2026-09-30 10:39:15 INFO LEAD new: [Conditions] Islington/P2026/1429/FUL — 21 Mildmay Grove North, London, N1 4RH
2026-09-30 10:39:15 INFO LEAD new: [Conditions] Islington/P2026/1436/ADV — Lift Shaft Adjacent to 213 Old Street, London, EC1V 9NR
2026-09-30 10:39:15 INFO LEAD new: [Conditions] Islington/P2026/1456/FUL — Flat 6 St James's School, 15 Georges Road, London, N7 8HD
2026-09-30 10:39:15 INFO LEAD new: [Conditions] Islington/P2026/1437/FUL — 16 Tremlett Grove, London, N19 5JX
2026-09-30 10:39:15 INFO LEAD new: [Conditions] Islington/P2026/1422/FUL — Swan House, 57 Oakley Road, London N1 3LN
2026-09-30 10:39:15 INFO LEAD new: [Conditions] Islington/P2026/1410/FUL — 65-67 Hartham Road, London, N7 9JJ
2026-09-30 10:39:15 INFO LEAD new: [Conditions] Islington/P2026/1398/FUL — 1 Hopping Lane, London, N1 2NU
2026-09-30 10:39:15 INFO LEAD new: [Conditions] Islington/P2026/1908/FUL — Flat B, 65, Ferntower Road, London, N5 2JE
2026-09-30 10:39:15 INFO LEAD new: [Conditions] Islington/P2026/1402/FUL — 7-9 Lambton Road, London, N19 3QJ
2026-09-30 10:39:15 INFO LEAD new: [Conditions] Islington/P2026/1397/FUL — 25 Bracey Street, London, N4 3BJ
2026-09-30 10:39:15 INFO LEAD new: [Conditions] Islington/P2026/1403/FUL — 79A Tollington Park, London, N4 3QJ
2026-09-30 10:39:15 INFO LEAD new: [Conditions] Islington/P2026/1405/FUL — 26 Rheidol Terrace, London, N1 8NS
2026-09-30 10:39:15 INFO LEAD new: [Conditions] Islington/P2026/1400/COL — 25 Bracey Street, London, N4 3BJ
2026-09-30 10:39:15 INFO LEAD new: [Conditions] Islington/P2026/1390/PRA — 5, Elthorne Road, London, N19 4AB
2026-09-30 10:39:15 INFO LEAD new: [Conditions] Islington/P2026/1367/FUL — 338 Liverpool Road, London, N7 8PZ
2026-09-30 10:39:15 INFO LEAD new: [Conditions] Islington/P2026/1368/LBC — 338 Liverpool Road, London, N7 8PZ
2026-09-30 10:39:15 INFO LEAD new: [Conditions] Islington/P2026/1388/FUL — The London Archives, 40 Northampton Road, London, EC1R 0HB
2026-09-30 10:39:15 INFO LEAD new: [Conditions] Islington/P2026/1389/FUL — 64 Plimsoll Road, London, N4 2EE
2026-09-30 10:39:15 INFO LEAD new: [Conditions] Islington/P2026/1376/COL — 6 Shaftesbury Road, London, N19 4QN
2026-09-30 10:39:15 INFO LEAD new: [Conditions] Islington/P2026/1375/LBC — 56 Thornhill Square, London
2026-09-30 10:39:15 INFO LEAD new: [Conditions] Islington/P2026/1369/LBC — 38 Highbury Place, London, N5 1QP
2026-09-30 10:39:15 INFO LEAD new: [Conditions] Islington/P2026/1363/ADV — Bus shelter, Pavement Opposite 178 Goswell Road, London, EX1
2026-09-30 10:39:15 INFO LEAD new: [Conditions] Islington/P2026/1374/FUL — Flat C, 35 Mulkern Road, London, N19 3HQ
2026-09-30 10:39:15 INFO LEAD new: [Conditions] Islington/P2026/1370/FUL — 8 Cornwallis Square, London, N19 4LY
2026-09-30 10:39:15 INFO LEAD new: [Conditions] Islington/P2026/1364/ADV — Bus Shelter, Pavement Outside 250-252 Goswell Road, London, 
2026-09-30 10:39:15 INFO LEAD new: [Conditions] Islington/P2026/1359/FUL — Unit 2, Bush Industrial Estate, Station Road, London, N19 5U
2026-09-30 10:39:15 INFO LEAD new: [Conditions] Islington/P2026/1362/ADV — Bus shelter, Pavement outside the Tait Building opposite 248
2026-09-30 10:39:15 INFO LEAD new: [Conditions] Islington/P2026/1349/COL — 52 Dalmeny Road, London, N7 0DY
2026-09-30 10:39:15 INFO LEAD new: [Conditions] Islington/P2026/1352/FUL — 7-13 & 15-21 Wakeham Street, London, N1 3HP
2026-09-30 10:39:15 INFO LEAD new: [Conditions] Islington/P2026/1355/FUL — 8 Hopping Lane, London, N1 2NU
2026-09-30 10:39:15 INFO LEAD new: [Conditions] Islington/P2026/1347/AOD — 7 - 8, Wakley Street, London, EC1V 7LT
2026-09-30 10:39:15 INFO LEAD new: [Conditions] Islington/P2026/1346/ADV — 2-4 Highbury Corner, London, N5 1RE
2026-09-30 10:39:15 INFO LEAD new: [Conditions] Islington/P2026/1334/FUL — 7 Lloyd Square, London, WC1X 9BA
2026-09-30 10:39:15 INFO LEAD new: [Conditions] Islington/P2026/1333/FUL — Flat A, 93 Mildmay Road, London, N1 4PU
2026-09-30 10:39:15 INFO LEAD new: [Conditions] Islington/P2026/1336/FUL — 22 Almeida Street, London, N1 1TB
2026-09-30 10:39:15 INFO LEAD new: [Conditions] Islington/P2026/1340/FUL — 75 Compton Street, London, EC1V 0BN
2026-09-30 10:39:15 INFO LEAD new: [Conditions] Islington/P2026/1343/S73 — 19 Yerbury Road, London, N19 4RN
2026-09-30 10:39:15 INFO LEAD new: [Conditions] Islington/P2026/1324/COL — Gough House, 1 Windsor Street, London, N1 8QA
2026-09-30 10:39:15 INFO LEAD new: [Conditions] Islington/P2026/1409/AOD — 23 Lloyd Baker Street, London, WC1X 9AZ
2026-09-30 10:39:15 INFO LEAD new: [Conditions] Islington/P2026/1317/FUL — 196 Old Street, London, EC1V 9FR
2026-09-30 10:39:15 INFO LEAD new: [Conditions] Islington/P2026/1307/LBC — 19, Noel Road, London, N1 8HQ
2026-09-30 10:39:15 INFO LEAD new: [Conditions] Islington/P2026/1309/LBC — 57 White Lion Street, London, N1 9PP
2026-09-30 10:39:15 INFO LEAD new: [Conditions] Islington/P2026/1306/AOD — 33 - 37 Corsica Street, London, N5 1JT
2026-09-30 10:39:15 INFO LEAD new: [Conditions] Islington/P2026/1292/FUL — Flats 87-89, 90-95, 96-101, 102-104, 105-110 and 111-116 Hed
2026-09-30 10:39:15 INFO LEAD new: [Conditions] Islington/P2026/1290/FUL — 6 Hugo Road, London, N19 5EU
2026-09-30 10:39:15 INFO LEAD new: [Conditions] Islington/P2026/1305/AOD — Land adjacent to 1 Dresden Road, London, N19 3BE
2026-09-30 10:39:15 INFO LEAD new: [Conditions] Islington/P2026/1299/FUL — 10 Chiswell Street, London, EC1Y 4UQ
2026-09-30 10:39:15 INFO LEAD new: [Conditions] Islington/P2026/1302/LBC — 78 King's Cross Road, London, WC1X 9QG
2026-09-30 10:39:15 INFO LEAD new: [Conditions] Islington/P2026/1289/AOD — Flat B, 306 Liverpool Road, London, N7 8PU
2026-09-30 10:39:15 INFO LEAD new: [Conditions] Islington/P2026/1296/FUL — 37A Canonbury Square, London, N1 2AN
2026-09-30 10:39:15 INFO LEAD new: [Conditions] Islington/P2026/1320/LBC — 5, Nelson Terrace, London, N1 8DG
2026-09-30 10:39:15 INFO LEAD new: [Conditions] Islington/P2026/1281/FUL — 5 Nelson Terrace, London, N1 8DG
2026-09-30 10:39:15 INFO LEAD new: [Conditions] Islington/P2026/1269/AOD — New Barnsbury Estate, London, N1
2026-09-30 10:39:15 INFO LEAD new: [Conditions] Islington/P2026/1268/AOD — New Barnsbury Estate, London, N1
2026-09-30 10:39:15 INFO LEAD new: [Conditions] Islington/P2026/1263/FUL — 4 Lysander Grove, London, N19 3QY
2026-09-30 10:39:15 INFO LEAD new: [Conditions] Islington/P2026/1270/AOD — 28, Colebrooke Row, London, N1 8AS
2026-09-30 10:39:15 INFO LEAD new: [Conditions] Islington/P2026/1272/FUL — 9 Tibberton Square, London, N1 8SF
2026-09-30 10:39:15 INFO LEAD new: [Conditions] Islington/P2026/1274/ADV — All Bar One, 127 Finsbury Pavement, London, EC2A 1NS
2026-09-30 10:39:15 INFO LEAD new: [Conditions] Islington/P2026/1273/LBC — 9 Tibberton Square, London, N1 8SF
2026-09-30 10:39:15 INFO LEAD new: [Conditions] Islington/P2026/1271/COL — Astey's House, 137-139 Essex Road, London, N1 2SN
2026-09-30 10:39:15 INFO LEAD new: [Conditions] Islington/P2026/1259/FUL — 3-7 Ray Street, London, EC1R 3DR
2026-09-30 10:39:21 WARNING Rate limited (429); waiting 116s before retry 1/6
2026-09-30 10:41:17 WARNING Request failed (403 Client Error: Forbidden for url: https://www.planit.org.uk/api/applics/json?app_state=Conditions&start_date=2023-09-30&end_date=2026-09-30&pg_sz=100&auth=Islington&offset=300); retry 2/6 in 10s
2026-09-30 10:41:28 INFO [islington/Conditions] page at offset 300: 100 records
2026-09-30 10:41:28 INFO LEAD new: [Conditions] Islington/P2026/1260/LBC — 3-7 Ray Street, London, EC1R 3DR
2026-09-30 10:41:28 INFO LEAD new: [Conditions] Islington/P2026/1267/AOD — 48, DUNCAN TERRACE, LONDON, ISLINGTON, N1 8AL
2026-09-30 10:41:28 INFO LEAD new: [Conditions] Islington/P2026/1245/FUL — Flat C, 45 Queen Margaret's Grove, London, N1 4PZ
2026-09-30 10:41:28 INFO LEAD new: [Conditions] Islington/P2026/1239/FUL — 164A Liverpool Road, London N1 1LA
2026-09-30 10:41:28 INFO LEAD new: [Conditions] Islington/P2026/1243/AOD — 36, Myddelton Square, London, EC1R 1YB
2026-09-30 10:41:28 INFO LEAD new: [Conditions] Islington/P2026/1251/COL — 105, 109 and 111 Golden Lane, London, EC1Y 0TZ
2026-09-30 10:41:28 INFO LEAD new: [Conditions] Islington/P2026/1250/PRA — 19, Wharfdale Road, London, N1 9SB
2026-09-30 10:41:28 INFO LEAD new: [Conditions] Islington/P2026/1252/FUL — Alphabeta Building, 2 Worship Street, London
2026-09-30 10:41:28 INFO LEAD new: [Conditions] Islington/P2026/1242/PRA — 92 Tollington Way, London, N7 6RY
2026-09-30 10:41:28 INFO LEAD new: [Conditions] Islington/P2026/1215/FUL — 16 Fife Terrace, London, N1 9RA
2026-09-30 10:41:28 INFO LEAD new: [Conditions] Islington/P2026/1222/AOD — St James Vicarage, 1A Arlington Square, London, N1 7DS
2026-09-30 10:41:28 INFO LEAD new: [Conditions] Islington/P2026/1225/FUL — 37 Gibson Square, London, N1 0RB
2026-09-30 10:41:28 INFO LEAD new: [Conditions] Islington/P2026/1221/FUL — 5 Melgund Road, London, N5 1PT
2026-09-30 10:41:28 INFO LEAD new: [Conditions] Islington/P2026/1223/COL — Bovingdon Close, London, N19 5SN
2026-09-30 10:41:28 INFO LEAD new: [Conditions] Islington/P2026/1228/FUL — 27 Frome Street, London, N1 8PB
2026-09-30 10:41:28 INFO LEAD new: [Conditions] Islington/P2026/1219/FUL — 23 Canonbury Place, London, N1 2NY
2026-09-30 10:41:28 INFO LEAD new: [Conditions] Islington/P2026/1214/FUL — Ground Floor Flat, 101 Marlborough Road, London, N19 4PA
2026-09-30 10:41:28 INFO LEAD new: [Conditions] Islington/P2026/1226/LBC — 37 Gibson Square, London, N1 0RB
2026-09-30 10:41:28 INFO LEAD new: [Conditions] Islington/P2026/1229/FUL — 5 Gallia Road, London, N5 1LA
2026-09-30 10:41:28 INFO LEAD new: [Conditions] Islington/P2026/1213/LBC — 10 Bowling Green Lane, London, EC1R 0BQ
2026-09-30 10:41:28 INFO LEAD new: [Conditions] Islington/P2026/1212/ADV — 10, Tait Building, THE CITY UNIVERSITY, Northampton Square, 
2026-09-30 10:41:28 INFO LEAD new: [Conditions] Islington/P2026/1211/ADV — 124, Goswell Road, London, EC1V 7DP
2026-09-30 10:41:28 INFO LEAD new: [Conditions] Islington/P2026/1207/FUL — 28 Peacock Place, London, N1 1YG
2026-09-30 10:41:28 INFO LEAD new: [Conditions] Islington/P2026/1208/COL — 36, Colebrooke Row, London, N1 8AF
2026-09-30 10:41:28 INFO LEAD new: [Conditions] Islington/P2026/1210/FUL — 40 Elmore Street, London, N1 3AL
2026-09-30 10:41:28 INFO LEAD new: [Conditions] Islington/P2026/1209/FUL — 1 & 1A Huntingdon Street, London, N1 1BU
2026-09-30 10:41:28 INFO LEAD new: [Conditions] Islington/P2026/1193/AOD — 308, St John's Mansions, St John Street, London, EC1V 4NX
2026-09-30 10:41:28 INFO LEAD new: [Conditions] Islington/P2026/1201/FUL — 90 St George's Avenue, London, N7 0AH
2026-09-30 10:41:28 INFO LEAD new: [Conditions] Islington/P2026/1188/FUL — 211 Blackstock Road, London, N5 2LL
2026-09-30 10:41:28 INFO LEAD new: [Conditions] Islington/P2026/1187/COL — 14 Canning Road, London, N5 2JS
2026-09-30 10:41:28 INFO LEAD new: [Conditions] Islington/P2026/1190/FUL — 3 The Coach House, 108A Tollington Park, London, N4 3RB
2026-09-30 10:41:28 INFO LEAD new: [Conditions] Islington/P2026/1189/PRA — 211 Blackstock Road, London, N5 2LL
2026-09-30 10:41:28 INFO LEAD new: [Conditions] Islington/P2026/1183/FUL — 42 Aberdeen Park, London, N5 2BL
2026-09-30 10:41:28 INFO LEAD new: [Conditions] Islington/P2026/1172/LBC — 16, Milner Square, London, N1 1TL
2026-09-30 10:41:28 INFO LEAD new: [Conditions] Islington/P2026/1169/S73 — 9 Battledean Road, London, N5 1UX
2026-09-30 10:41:28 INFO LEAD new: [Conditions] Islington/P2026/1168/LBC — 51, Gibson Square, London, N1 0RA
2026-09-30 10:41:28 INFO LEAD new: [Conditions] Islington/P2026/1171/LBC — 6, Canonbury Square, London, N1 2AU
2026-09-30 10:41:28 INFO LEAD new: [Conditions] Islington/P2026/1151/FUL — 351 - 352 Upper Street, London, N1 0PD
2026-09-30 10:41:28 INFO LEAD new: [Conditions] Islington/P2026/1152/ADV — 351 - 352 Upper Street, London N1 0PD
2026-09-30 10:41:28 INFO LEAD new: [Conditions] Islington/P2026/1160/COL — Flat A, 24 Pyrland Road, London N5 2JD
2026-09-30 10:41:28 INFO LEAD new: [Conditions] Islington/P2026/1153/LBC — 9, Brooksby Street, London, N1 1EX
2026-09-30 10:41:28 INFO LEAD new: [Conditions] Islington/P2026/1150/FUL — 158 Barnsbury Road, London, N1 0ER
2026-09-30 10:41:28 INFO LEAD new: [Conditions] Islington/P2026/1162/AOD — Craftwork Studios, 1 - 3 Dufferin Street, London EC1Y 8NA
2026-09-30 10:41:28 INFO LEAD new: [Conditions] Islington/P2026/1148/COL — 5 Ashmount Road, London, N19 3BH
2026-09-30 10:41:28 INFO LEAD new: [Conditions] Islington/P2026/1145/FUL — 4 Hornsey Lane, London, N6 5LZ
2026-09-30 10:41:28 INFO LEAD new: [Conditions] Islington/P2026/1146/LBC — 4 Hornsey Lane, London, N6 5LZ
2026-09-30 10:41:28 INFO LEAD new: [Conditions] Islington/P2026/1159/AOD — Arbuthnot House, 7-21 Wilson Street, London EC2M 2SN
2026-09-30 10:41:28 INFO LEAD new: [Conditions] Islington/P2026/1147/LBC — Hanover Primary School, Noel Road, London, N1 8BD
2026-09-30 10:41:28 INFO LEAD new: [Conditions] Islington/P2026/1139/COL — 33-35 Topham Street, London, EC1R 5HH
2026-09-30 10:41:28 INFO LEAD new: [Conditions] Islington/P2026/1129/LBC — 32 Britton Street, London, EC1M 5NQ
2026-09-30 10:41:28 INFO LEAD new: [Conditions] Islington/P2026/1128/FUL — 32 Britton Street, London, EC1M 5NQ
2026-09-30 10:41:28 INFO LEAD new: [Conditions] Islington/P2026/1126/FUL — 14 Compton Terrace, London, N1 2UN
2026-09-30 10:41:28 INFO LEAD new: [Conditions] Islington/P2026/1127/LBC — 14 Compton Terrace, London, N1 2UN
2026-09-30 10:41:28 INFO LEAD new: [Conditions] Islington/P2026/1134/ADV — 120 Central Street, London, EC1V 8DS
2026-09-30 10:41:28 INFO LEAD new: [Conditions] Islington/P2026/1136/LBC — 158 Barnsbury Road, London, N1 0ER
2026-09-30 10:41:28 INFO LEAD new: [Conditions] Islington/P2026/1135/FUL — 20 Ockendon Road, London
2026-09-30 10:41:28 INFO LEAD new: [Conditions] Islington/P2026/1115/FUL — 42 Davenant Road, London, N19 3NN
2026-09-30 10:41:28 INFO LEAD new: [Conditions] Islington/P2026/1125/COL — 5, Coleridge Road, London, N4 3NY
2026-09-30 10:41:28 INFO LEAD new: [Conditions] Islington/P2026/1123/FUL — 7 Framfield Road, London, N5 1UU
2026-09-30 10:41:28 INFO LEAD new: [Conditions] Islington/P2026/1117/AOD — 4 Brandon Road, London, N7 9AA
2026-09-30 10:41:28 INFO LEAD new: [Conditions] Islington/P2026/1121/FUL — 30 Melgund Road, London, N5 1PT
2026-09-30 10:41:28 INFO LEAD new: [Conditions] Islington/P2026/1122/FUL — 57 Tavistock Terrace, London, N19 4BZ
2026-09-30 10:41:28 INFO LEAD new: [Conditions] Islington/P2026/1108/ADV — Business Design Centre, 52 Upper Street, London N1 0QH
2026-09-30 10:41:28 INFO LEAD new: [Conditions] Islington/P2026/1097/LBC — 1, Flat 2, Compton Terrace, London, N1 2UN
2026-09-30 10:41:28 INFO LEAD new: [Conditions] Islington/P2026/1087/FUL — 72 Romilly Road, London, N4 2QX
2026-09-30 10:41:28 INFO LEAD new: [Conditions] Islington/P2026/1106/FUL — 61 Chatterton Road, London, N4 2EA
2026-09-30 10:41:28 INFO LEAD new: [Conditions] Islington/P2026/1096/FUL — 33 St Paul Street, London, N1 7DJ
2026-09-30 10:41:28 INFO LEAD new: [Conditions] Islington/P2026/1103/FUL — Flat B, 24 Bromfield Street, London, N1 0PZ
2026-09-30 10:41:28 INFO LEAD new: [Conditions] Islington/P2026/1104/LBC — Flat B, 24 Bromfield Street, London, N1 0PZ
2026-09-30 10:41:28 INFO LEAD new: [Conditions] Islington/P2026/1095/LBC — Flat B, 306 Liverpool Road, London, N7 8PU
2026-09-30 10:41:28 INFO LEAD new: [Conditions] Islington/P2026/1089/AOD — St Aloysius College, 32 Hornsey Lane, London, N6 5LY
2026-09-30 10:41:28 INFO LEAD new: [Conditions] Islington/P2026/1090/FUL — 149 Stroud Green Road, London
2026-09-30 10:41:28 INFO LEAD new: [Conditions] Islington/P2026/1081/FUL — Flat 3.2, 150 Cannon Brewery Apartments, St John Street, Lon
2026-09-30 10:41:28 INFO LEAD new: [Conditions] Islington/P2026/1085/FUL — 11-20 Lillie House (New), 18 Fieldway Crescent, London, N5 1
2026-09-30 10:41:28 INFO LEAD new: [Conditions] Islington/P2026/1072/FUL — 75 Fairbridge Road, London N19 3EP
2026-09-30 10:41:28 INFO LEAD new: [Conditions] Islington/P2026/1094/FUL — Flat B, 306 Liverpool Road, London, N7 8PU
2026-09-30 10:41:28 INFO LEAD new: [Conditions] Islington/P2026/1098/LBC — Flat 3.2, 150 Cannon Brewery Apartments, St John Street, Lon
2026-09-30 10:41:28 INFO LEAD new: [Conditions] Islington/P2026/1064/FUL — 36 Arlington Avenue, London, N1 7AY
2026-09-30 10:41:28 INFO LEAD new: [Conditions] Islington/P2026/1066/PRA — 144 Seven Sisters Road, London, N7 7NS
2026-09-30 10:41:28 INFO LEAD new: [Conditions] Islington/P2026/1084/AOD — FLAT A 29 CLAREMONT SQUARE LONDON N1 9LX
2026-09-30 10:41:28 INFO LEAD new: [Conditions] Islington/P2026/1069/FUL — Upper Ground Floor Flat, 239 New North Road, London, N1 7AT
2026-09-30 10:41:28 INFO LEAD new: [Conditions] Islington/P2026/1050/LBC — 13 Canonbury Grove, London, N1 2HR
2026-09-30 10:41:28 INFO LEAD new: [Conditions] Islington/P2026/1057/FUL — 12 Queen Margaret's Grove, London, N1 4QD
2026-09-30 10:41:28 INFO LEAD new: [Conditions] Islington/P2026/1053/FUL — Top Flat, 39 Beresford Road, London, N5 2HS
2026-09-30 10:41:28 INFO LEAD new: [Conditions] Islington/P2026/1052/FUL — 123 Farringdon Road, London, EC1R 3DA
2026-09-30 10:41:28 INFO LEAD new: [Conditions] Islington/P2026/1054/FUL — 39 Beresford Road, London, N5 2HS
2026-09-30 10:41:28 INFO LEAD new: [Conditions] Islington/P2026/1049/FUL — 13 Canonbury Grove, London, N1 2HR
2026-09-30 10:41:28 INFO LEAD new: [Conditions] Islington/P2026/1056/FUL — 23 Yerbury Road, London N19 4RN
2026-09-30 10:41:28 INFO LEAD new: [Conditions] Islington/P2026/1059/FUL — Flat 1, 98 Aberdeen Park, London, N5 2BE
2026-09-30 10:41:28 INFO LEAD new: [Conditions] Islington/P2026/1039/FUL — 52 Shaftesbury Road, London, N19 4QN
2026-09-30 10:41:28 INFO LEAD new: [Conditions] Islington/P2026/1046/COL — Flat 10, 40 Danbury Street, London, N1 8JU
2026-09-30 10:41:35 INFO [islington/Conditions] page at offset 400: 100 records
2026-09-30 10:41:35 INFO LEAD new: [Conditions] Islington/P2026/1045/COL — Flat 31, 40 Danbury Street, London, N1 8JU
2026-09-30 10:41:35 INFO LEAD new: [Conditions] Islington/P2026/1040/FUL — Flat 1, Loraine Mansions, Widdenham Road, London, N7 9SE
2026-09-30 10:41:35 INFO LEAD new: [Conditions] Islington/P2026/1048/COL — Flat 24, 40 Danbury Street, London, N1 8JU
2026-09-30 10:41:35 INFO LEAD new: [Conditions] Islington/P2026/1024/LBC — 13 Colebrooke Row, London, N1 8DB
2026-09-30 10:41:35 INFO LEAD new: [Conditions] Islington/P2026/1023/FUL — 13 Colebrooke Row, London, N1 8DB
2026-09-30 10:41:35 INFO LEAD new: [Conditions] Islington/P2026/1014/FUL — Basement Flat, 5 Huddleston Road, London, N7 0RE
2026-09-30 10:41:35 INFO LEAD new: [Conditions] Islington/P2026/1022/ADV — The Arcade, 385 Holloway Road, London, N7 0RY
2026-09-30 10:41:35 INFO LEAD new: [Conditions] Islington/P2026/1015/S73 — 16 Hungerford Road, London, N7 9LX
2026-09-30 10:41:35 INFO LEAD new: [Conditions] Islington/P2026/1017/LBC — 75 Compton Street, London, EC1V 0BN
2026-09-30 10:41:35 INFO LEAD new: [Conditions] Islington/P2026/1013/FUL — Norton Lodge, 17 Harecourt Road, London, N1 2NE
2026-09-30 10:41:35 INFO LEAD new: [Conditions] Islington/P2026/1020/FUL — Flat A, 22 Fairmead Road, London, N19 4DF
2026-09-30 10:41:35 INFO LEAD new: [Conditions] Islington/P2026/1009/AOD — 4 Brandon Road, London, N7 9AA
2026-09-30 10:41:35 INFO LEAD new: [Conditions] Islington/P2026/0999/COL — Blocks C, D and E, 30-34 Hornsey Road, London, N7 7AT
2026-09-30 10:41:35 INFO LEAD new: [Conditions] Islington/P2026/0995/AOD — Town Hall, Islington Assembly Hall, Upper Street, London
2026-09-30 10:41:35 INFO LEAD new: [Conditions] Islington/P2026/1007/FUL — Flat 12, Chequer Court, 3, Chequer Street, London, EC1Y 8PW
2026-09-30 10:41:35 INFO LEAD new: [Conditions] Islington/P2026/0989/FUL — Flat H, 10 Compton Road, London, N1 2PA
2026-09-30 10:41:35 INFO LEAD new: [Conditions] Islington/P2026/0993/FUL — 9 Prah Road, London, N4 2RA
2026-09-30 10:41:35 INFO LEAD new: [Conditions] Islington/P2026/0991/FUL — Flat 1, 12 Crossley Street, London, N7 8PD
2026-09-30 10:41:35 INFO LEAD new: [Conditions] Islington/P2026/1005/COL — 505A Hornsey Road, London
2026-09-30 10:41:35 INFO LEAD new: [Conditions] Islington/P2026/0998/AOD — 50 Florence Street, London, N1 2DU
2026-09-30 10:41:35 INFO LEAD new: [Conditions] Islington/P2026/0982/FUL — 26 Northampton Park, London, N1 2PJ
2026-09-30 10:41:35 INFO LEAD new: [Conditions] Islington/P2026/0984/FUL — 68 Oakley Road, London, N1 3LR
2026-09-30 10:41:35 INFO LEAD new: [Conditions] Islington/P2026/0978/COL — 213 Highbury Quadrant, London, N5 2TE
2026-09-30 10:41:35 INFO LEAD new: [Conditions] Islington/P2026/0985/LBC — 7 Milner Square, London
2026-09-30 10:41:35 INFO LEAD new: [Conditions] Islington/P2026/0980/COL — 4A Cowcross Street, London, EC1M 6DR
2026-09-30 10:41:35 INFO LEAD new: [Conditions] Islington/P2026/1019/COL — 59 Kingsdown Road, London, N19 4LD
2026-09-30 10:41:35 INFO LEAD new: [Conditions] Islington/P2026/0964/FUL — 46 Colebrooke Row, London N1 8AF
2026-09-30 10:41:35 INFO LEAD new: [Conditions] Islington/P2026/0971/COL — 27 Plimsoll Road, London, N4 2EN
2026-09-30 10:41:35 INFO LEAD new: [Conditions] Islington/P2026/0967/COL — 37 Charteris Road, London, N4 3AA
2026-09-30 10:41:35 INFO LEAD new: [Conditions] Islington/P2026/0965/LBC — 46 Colebrooke Row, London N1 8AF
2026-09-30 10:41:35 INFO LEAD new: [Conditions] Islington/P2026/0953/FUL — Baker House, 16 Melgund Road, London N5 1PX
2026-09-30 10:41:35 INFO LEAD new: [Conditions] Islington/P2026/0963/ADV — Finsbury Tower, 103 - 105 Bunhill Row, London, EC1Y 8LZ
2026-09-30 10:41:35 INFO LEAD new: [Conditions] Islington/P2026/0962/FUL — Finsbury Tower, 103 - 105 Bunhill Row, London, EC1Y 8LZ
2026-09-30 10:41:35 INFO LEAD new: [Conditions] Islington/P2026/0951/FUL — 42, Danbury Street, London N1 8JU
2026-09-30 10:41:35 INFO LEAD new: [Conditions] Islington/P2026/0960/LBC — 32, Kingsway Place, London, EC1R 0LU
2026-09-30 10:41:35 INFO LEAD new: [Conditions] Islington/P2026/0950/FUL — 133 Junction Road, London, N19 5PX
2026-09-30 10:41:35 INFO LEAD new: [Conditions] Islington/P2026/0941/LBC — 290 Essex Road, London
2026-09-30 10:41:35 INFO LEAD new: [Conditions] Islington/P2026/0942/FUL — 159B Offord Road, London, N1 1LR
2026-09-30 10:41:35 INFO LEAD new: [Conditions] Islington/P2026/0940/LBC — 41 and 42, Milner Square, London
2026-09-30 10:41:35 INFO LEAD new: [Conditions] Islington/P2026/0934/LBC — 16 Ashby Street, London, EC1V 0ED
2026-09-30 10:41:35 INFO LEAD new: [Conditions] Islington/P2026/0933/FUL — 16 Ashby Street, London, EC1V 0ED
2026-09-30 10:41:35 INFO LEAD new: [Conditions] Islington/P2026/0937/FUL — 27 Wyatt Road, London, N5 2JU
2026-09-30 10:41:35 INFO LEAD new: [Conditions] Islington/P2026/0930/NMA — Institute of Physics, 2-8 Balfe Street & 35-45 Caledonian Ro
2026-09-30 10:41:35 INFO LEAD new: [Conditions] Islington/P2026/0928/FUL — 15 Ferntower Road, London, N5 2JE
2026-09-30 10:41:35 INFO LEAD new: [Conditions] Islington/P2026/0917/AOD — Lindsey Mews Playground, Lindsey Mews, London, N1 3EG
2026-09-30 10:41:35 INFO LEAD new: [Conditions] Islington/P2026/0919/FUL — 185 Holloway Road, London, N7 8LX
2026-09-30 10:41:35 INFO LEAD new: [Conditions] Islington/P2026/0924/S19 — 14 GIBSON SQUARE LONDON N1 0RD
2026-09-30 10:41:35 INFO LEAD new: [Conditions] Islington/P2026/0923/S73 — 99, City Road, London, EC1Y 1AX
2026-09-30 10:41:35 INFO LEAD new: [Conditions] Islington/P2026/0918/AOD — Land adjacent to 1 Dresden Road, London, N19 3BE
2026-09-30 10:41:35 INFO LEAD new: [Conditions] Islington/P2026/0905/FUL — Flat 3, 29 Cruden Street, London, N1 8NH
2026-09-30 10:41:35 INFO LEAD new: [Conditions] Islington/P2026/0895/COL — 39 Chatterton Road, London, N4 2EA
2026-09-30 10:41:35 INFO LEAD new: [Conditions] Islington/P2026/0900/FUL — 9 Herrick Road, London, N5 2JX
2026-09-30 10:41:35 INFO LEAD new: [Conditions] Islington/P2026/0899/FUL — 7 Dalmeny Road, London, N7 0HG
2026-09-30 10:41:35 INFO LEAD new: [Conditions] Islington/P2026/0896/COL — 9 Herrick Road, London, N5 2JX
2026-09-30 10:41:35 INFO LEAD new: [Conditions] Islington/P2026/0892/AOD — Former Holloway Prison, Parkhurst Road, London, N7 0NU
2026-09-30 10:41:35 INFO LEAD new: [Conditions] Islington/P2026/0903/FUL — The footway opposite to 139 Isledon Road, London, N7 7JP
2026-09-30 10:41:35 INFO LEAD new: [Conditions] Islington/P2026/0904/FUL — 13 Willow Bridge Road, London, N1 2LB
2026-09-30 10:41:35 INFO LEAD new: [Conditions] Islington/P2026/0890/FUL — 131 St Thomas's Road, London, N4 2QJ
2026-09-30 10:41:35 INFO LEAD new: [Conditions] Islington/P2026/0893/AOD — York Way Estate, North Road, London, N7 9PX
2026-09-30 10:41:35 INFO LEAD new: [Conditions] Islington/P2026/0884/FUL — Barclays, 38 Islington Green, London, N1 8EH
2026-09-30 10:41:35 INFO LEAD new: [Conditions] Islington/P2026/0885/ADV — Barclays, 38 Islington Green, London, N1 8EH
2026-09-30 10:41:35 INFO LEAD new: [Conditions] Islington/P2026/0897/FUL — 16 Cruden Street, London, N1 8NH
2026-09-30 10:41:35 INFO LEAD new: [Conditions] Islington/P2026/0887/FUL — The Wooden House, 4A Crescent Street, London, N1 1BT
2026-09-30 10:41:35 INFO LEAD new: [Conditions] Islington/P2026/0871/FUL — The London Archives, 40 Northampton Road, London, EC1R 0HU
2026-09-30 10:41:35 INFO LEAD new: [Conditions] Islington/P2026/0869/AOD — The Whittington Hospital, Magdala Avenue, London, N19 5NF
2026-09-30 10:41:35 INFO LEAD new: [Conditions] Islington/P2026/0870/AOD — The Whittington Hospital, Magdala Avenue, London
2026-09-30 10:41:35 INFO LEAD new: [Conditions] Islington/P2026/0889/AOD — 4 Brandon Road, London, N7 9AA
2026-09-30 10:41:35 INFO LEAD new: [Conditions] Islington/P2026/0882/FUL — 18 St Paul's Road, London, N1 2QN
2026-09-30 10:41:35 INFO LEAD new: [Conditions] Islington/P2026/0891/PRA — 470 - 474, Holloway Road, London, N7 6HT
2026-09-30 10:41:35 INFO LEAD new: [Conditions] Islington/P2026/0879/FUL — 65, Canning Road, London, N5 2JR
2026-09-30 10:41:35 INFO LEAD new: [Conditions] Islington/P2026/0888/PRA — 6 St John's Place, London, EC1M 4NP
2026-09-30 10:41:35 INFO LEAD new: [Conditions] Islington/P2026/0886/NMA — 34 York Way (Jahn Court), 34B York Way (The Hub), Albion Yar
2026-09-30 10:41:35 INFO LEAD new: [Conditions] Islington/P2026/0881/S73 — 8A Tollington Place, London, N4 3QR
2026-09-30 10:41:35 INFO LEAD new: [Conditions] Islington/P2026/0883/LBC — 18 St Paul's Road, London, N1 2QN
2026-09-30 10:41:35 INFO LEAD new: [Conditions] Islington/P2026/0880/S73 — 10 Davey Close, London, N7 8BB
2026-09-30 10:41:35 INFO LEAD new: [Conditions] Islington/P2026/0855/FUL — 92 Lofting Road, London, N1 1JB
2026-09-30 10:41:35 INFO LEAD new: [Conditions] Islington/P2026/0847/FUL — Flat C, 26 Witherington Road, London, N5 1PP
2026-09-30 10:41:35 INFO LEAD new: [Conditions] Islington/P2026/0874/LBC — The Peasant Public House, 240 St John Street, London, EC1V 4
2026-09-30 10:41:35 INFO LEAD new: [Conditions] Islington/P2026/0853/FUL — Flat C, 6 Crowland Terrace, London, N1 3LP
2026-09-30 10:41:35 INFO LEAD new: [Conditions] Islington/P2026/0854/FUL — The Peasant Public House, 240 St John Street, London, EC1V 4
2026-09-30 10:41:35 INFO LEAD new: [Conditions] Islington/P2026/0848/FUL — 2, Arvon Road, London, N5 1PS
2026-09-30 10:41:35 INFO LEAD new: [Conditions] Islington/P2026/0846/FUL — Flat 3, 165 Junction Road, London, N19 5PZ
2026-09-30 10:41:35 INFO LEAD new: [Conditions] Islington/P2026/0849/LBC — 7 Lloyd Square, London, WC1X 9BA
2026-09-30 10:41:35 INFO LEAD new: [Conditions] Islington/P2026/0834/FUL — 28 Rotherfield Street, London, N1 3DZ
2026-09-30 10:41:35 INFO LEAD new: [Conditions] Islington/P2026/0835/LBC — 28 Rotherfield Street, London, N1 3DZ
2026-09-30 10:41:35 INFO LEAD new: [Conditions] Islington/P2026/0830/ADV — 49 Clerkenwell Green, London, EC1R 0EB
2026-09-30 10:41:35 INFO LEAD new: [Conditions] Islington/P2026/0843/NMA — 4 Brandon Road, London, N7 9AA
2026-09-30 10:41:35 INFO LEAD new: [Conditions] Islington/P2026/0836/AOD — 74 - 76 St John Street, London, EC1M 4DT
2026-09-30 10:41:35 INFO LEAD new: [Conditions] Islington/P2026/0829/FUL — 45 Crouch Hill, London, N4 4AJ
2026-09-30 10:41:35 INFO LEAD new: [Conditions] Islington/P2026/0838/FUL — 36 Rotherfield Street, London, N1 3Z
2026-09-30 10:41:35 INFO LEAD new: [Conditions] Islington/P2026/0828/FUL — Woodland Court, 34 Market Road, London N7 9AW
2026-09-30 10:41:35 INFO LEAD new: [Conditions] Islington/P2026/0841/LBC — 36 Rotherfield Street, London, N1 3Z
2026-09-30 10:41:41 INFO [islington/Conditions] page at offset 500: 100 records
2026-09-30 10:41:41 INFO LEAD new: [Conditions] Islington/P2026/0832/FUL — Flat A, 93 Tollington Way, London, N7 6RE
2026-09-30 10:41:41 INFO LEAD new: [Conditions] Islington/P2026/0822/FUL — 361 - 363 Goswell Road, London, EC1V 7JL
2026-09-30 10:41:41 INFO LEAD new: [Conditions] Islington/P2026/0816/AOD — 64, King's Cross Road, London, WC1X 9QE
2026-09-30 10:41:41 INFO LEAD new: [Conditions] Islington/P2026/0819/NMA — Delhi Outram Estate, Vibart Walk, London, N1
2026-09-30 10:41:41 INFO LEAD new: [Conditions] Islington/P2026/0817/AOD — 4 Brandon Road, London, N7 9AA
2026-09-30 10:41:41 INFO LEAD new: [Conditions] Islington/P2026/0823/LBC — 361 - 363 Goswell Road, London, EC1V 7JL
2026-09-30 10:41:41 INFO LEAD new: [Conditions] Islington/P2026/0809/FUL — 37 - 45 City Road, London, EC1Y 1AT
2026-09-30 10:41:41 INFO LEAD new: [Conditions] Islington/P2026/0806/FUL — 13-15 Wharfdale Road, London, N1 9SB
2026-09-30 10:41:41 INFO LEAD new: [Conditions] Islington/P2026/0796/FUL — 3 Travers Road, London, N7 7PR
2026-09-30 10:41:41 INFO LEAD new: [Conditions] Islington/P2026/0797/FUL — 5 Travers Road, London, N7 7PR
2026-09-30 10:41:41 INFO LEAD new: [Conditions] Islington/P2026/0798/FUL — 509 Liverpool Road, London, N7 8NS
2026-09-30 10:41:41 INFO LEAD new: [Conditions] Islington/P2026/0802/LBC — 509 Liverpool Road, London, N7 8NS
2026-09-30 10:41:41 INFO LEAD new: [Conditions] Islington/P2026/0804/FUL — 2 Giesbach Road, London, N19 3EH
2026-09-30 10:41:41 INFO LEAD new: [Conditions] Islington/P2026/0894/OBS — Battlebridge Basin Moorings, London Canal Museum, 12-13 New 
2026-09-30 10:41:41 INFO LEAD new: [Conditions] Islington/P2026/0787/LBC — 10 Lonsdale Square, London, N1 1EN
2026-09-30 10:41:41 INFO LEAD new: [Conditions] Islington/P2026/0794/LBC — 55 Hemingford Road, London
2026-09-30 10:41:41 INFO LEAD new: [Conditions] Islington/P2026/0793/LBC — 16 Barnsbury Road, London
2026-09-30 10:41:41 INFO LEAD new: [Conditions] Islington/P2026/0790/COL — Land adjacent to 2 Sheringham Road, London, N7 8NZ
2026-09-30 10:41:41 INFO LEAD new: [Conditions] Islington/P2026/0789/FUL — 32 - 33 Upper Street, London N1 0PN
2026-09-30 10:41:41 INFO LEAD new: [Conditions] Islington/P2026/0773/LBC — 45, Flat C, Milner Square, London, N1 1TW
2026-09-30 10:41:41 INFO LEAD new: [Conditions] Islington/P2026/0779/LBC — Flat B,132 Hemingford Road, N1 1DE
2026-09-30 10:41:41 INFO LEAD new: [Conditions] Islington/P2026/0778/FUL — 6 Canonbury Square, London, N1 2AU
2026-09-30 10:41:41 INFO LEAD new: [Conditions] Islington/P2026/0777/AOD — Chequer Court, 3 Chequer Street, London
2026-09-30 10:41:41 INFO LEAD new: [Conditions] Islington/P2026/0780/AOD — 338, Liverpool Road, London, N7 8PZ
2026-09-30 10:41:41 INFO LEAD new: [Conditions] Islington/P2026/0766/LBC — 53 Amwell Street, London, EC1R 1UR
2026-09-30 10:41:41 INFO LEAD new: [Conditions] Islington/P2026/0765/FUL — 53 Amwell Street, London, EC1R 1UR
2026-09-30 10:41:41 INFO LEAD new: [Conditions] Islington/P2026/0753/AOD — William Martin Court, 65 Margery Street, London, WC1X 0JH
2026-09-30 10:41:41 INFO LEAD new: [Conditions] Islington/P2026/0755/FUL — 35 Kelross Road, London, N5 2QS
2026-09-30 10:41:41 INFO LEAD new: [Conditions] Islington/P2026/0767/FUL — 192 Seven Sisters Road, London, N4 3NX
2026-09-30 10:41:41 INFO LEAD new: [Conditions] Islington/P2026/0754/AOD — 57 - 65 Randell's Road, London N1 0DH
2026-09-30 10:41:41 INFO LEAD new: [Conditions] Islington/P2026/0758/ADV — Lloyds Bank, 19 - 20 Upper Street, London, N1 0PQ
2026-09-30 10:41:41 INFO LEAD new: [Conditions] Islington/P2026/0761/FUL — Flat A, 34 Anson Road, London, N7 0AB
2026-09-30 10:41:41 INFO LEAD new: [Conditions] Islington/P2026/0762/FUL — 84 Gillespie Road, London, N5 1LN
2026-09-30 10:41:41 INFO LEAD new: [Conditions] Islington/P2026/0759/LBC — 81 - 83 Essex Road, London
2026-09-30 10:41:41 INFO LEAD new: [Conditions] Islington/P2026/0740/LBC — 44, Canonbury Park South, London, N1 2JH
2026-09-30 10:41:41 INFO LEAD new: [Conditions] Islington/P2026/0746/FUL — Flat C 8 - 10 Ferntower Road, London
2026-09-30 10:41:41 INFO LEAD new: [Conditions] Islington/P2026/0745/ADV — 348 Goswell Road, London, EC1V 7LQ
2026-09-30 10:41:41 INFO LEAD new: [Conditions] Islington/P2026/0747/LBC — Sunday School, Compton Avenue, London, N1 2XD
2026-09-30 10:41:41 INFO LEAD new: [Conditions] Islington/P2026/0734/COL — 250 - 254, Old Street, London, EC1V 9DD
2026-09-30 10:41:41 INFO LEAD new: [Conditions] Islington/P2026/0736/FUL — Flat 1, 28 Huntingdon Street, London, N1 1BS
2026-09-30 10:41:41 INFO LEAD new: [Conditions] Islington/P2026/0735/FUL — 73 Huddleston Road, London, N7 0AE
2026-09-30 10:41:41 INFO LEAD new: [Conditions] Islington/P2026/0733/FUL — Watersview Estate, London, N1 7RN
2026-09-30 10:41:41 INFO LEAD new: [Conditions] Islington/P2026/0722/FUL — 190 Drayton Park, London, N5 1LU
2026-09-30 10:41:41 INFO LEAD new: [Conditions] Islington/P2026/0721/AOD — Whittington Stone Monument, Highgate Hill, London
2026-09-30 10:41:41 INFO LEAD new: [Conditions] Islington/P2026/0709/FUL — 39 and 40 Wallace Road, London, N1 2PQ
2026-09-30 10:41:41 INFO LEAD new: [Conditions] Islington/P2026/0710/FUL — 54 Biddestone Road, London, N7 9RA
2026-09-30 10:41:41 INFO LEAD new: [Conditions] Islington/P2026/0716/FUL — 13 Hatley Road, London, N4 3NN
2026-09-30 10:41:41 INFO LEAD new: [Conditions] Islington/P2026/0720/AOD — Former Holloway Prison, Parkhurst Road, London, N7 0NU
2026-09-30 10:41:41 INFO LEAD new: [Conditions] Islington/P2026/0718/FUL — 1-28 & 37-64 Cluse Court, St Peter's Street, London, N1 8PE
2026-09-30 10:41:41 INFO LEAD new: [Conditions] Islington/P2026/0686/PRA — Collingwood House, Mercers Road, London N19 4PJ
2026-09-30 10:41:41 INFO LEAD new: [Conditions] Islington/P2026/0694/FUL — Manor Gardens Centre, 8-9 Manor Gardens, London, N7 6LA
2026-09-30 10:41:41 INFO LEAD new: [Conditions] Islington/P2026/0690/FUL — Flat A, 44 Northdown Street, London, N1 9BP
2026-09-30 10:41:41 INFO LEAD new: [Conditions] Islington/P2026/0704/AOD — York Way Estate, North Road, London, N7 9PX
2026-09-30 10:41:41 INFO LEAD new: [Conditions] Islington/P2026/0707/FUL — 1 & 2 Colebrooke Row, London, N1 8DB
2026-09-30 10:41:41 INFO LEAD new: [Conditions] Islington/P2026/0687/FUL — Flat 17 Imperial Hall, 104 - 122 City Road, London, EC1V 2NR
2026-09-30 10:41:41 INFO LEAD new: [Conditions] Islington/P2026/0688/LBC — Flat 17, Imperial Hall, 104 - 122 City Road, London, EC1V 2N
2026-09-30 10:41:41 INFO LEAD new: [Conditions] Islington/P2026/0693/LBC — Manor Gardens Centre, 8-9 Manor Gardens, London, N7 6LA
2026-09-30 10:41:41 INFO LEAD new: [Conditions] Islington/P2026/0689/ADV — Bus Shelter on Sandridge Street opposite 798-800 Holloway Ro
2026-09-30 10:41:41 INFO LEAD new: [Conditions] Islington/P2026/0708/LBC — 1 & 2 Colebrooke Row, London, N1 8DB
2026-09-30 10:41:42 INFO LEAD new: [Conditions] Islington/P2026/0684/LBC — 24 Great Percy Street, London
2026-09-30 10:41:42 INFO LEAD new: [Conditions] Islington/P2026/0685/ADV — 123 Upper Street, London, N1 1QP
2026-09-30 10:41:42 INFO LEAD new: [Conditions] Islington/P2026/0674/S73 — Units 17 - 18, Angel Gate, London, EC1V 2PT
2026-09-30 10:41:42 INFO LEAD new: [Conditions] Islington/P2026/0681/FUL — 2 Gladsmuir Road, London, N19 3JX
2026-09-30 10:41:42 INFO LEAD new: [Conditions] Islington/P2026/0676/LBC — 87 & 89 Hemingford Road, London, N1 1BY
2026-09-30 10:41:42 INFO LEAD new: [Conditions] Islington/P2026/0680/FUL — Flat A, 56 Sotheby Road, London, N5 2UR
2026-09-30 10:41:42 INFO LEAD new: [Conditions] Islington/P2026/0679/LBC — 38B Granville Square, London
2026-09-30 10:41:42 INFO LEAD new: [Conditions] Islington/P2026/0675/FUL — 87 & 89 Hemingford Road, London, N1 1BY
2026-09-30 10:41:42 INFO LEAD new: [Conditions] Islington/P2026/0655/S73 — Unit 19, Angel Gate, London, EC1V 2PT
2026-09-30 10:41:42 INFO LEAD new: [Conditions] Islington/P2026/0658/S73 — Unit 25, Angel Gate, London, EC1V 2PT
2026-09-30 10:41:42 INFO LEAD new: [Conditions] Islington/P2026/0660/S73 — Unit 12, Angel Gate, London, EC1V 2PT
2026-09-30 10:41:42 INFO LEAD new: [Conditions] Islington/P2026/0653/FUL — Flat A, 80 Caledonian Road, London, N1 9DN
2026-09-30 10:41:42 INFO LEAD new: [Conditions] Islington/P2026/0652/ADV — 296 Upper Street, London N1 2TU
2026-09-30 10:41:42 INFO LEAD new: [Conditions] Islington/P2026/0662/S73 — Units 27 - 28, Angel Gate, London, EC1V 2PT
2026-09-30 10:41:42 INFO LEAD new: [Conditions] Islington/P2026/0663/S73 — Units 8 - 9 & 10 Angel Gate, London, EC1V 2PT
2026-09-30 10:41:42 INFO LEAD new: [Conditions] Islington/P2026/0664/FUL — Flat B, 9 Lowman Road, London, N7 6DD
2026-09-30 10:41:42 INFO LEAD new: [Conditions] Islington/P2026/0665/S73 — Unit 29, Angel Gate, London, EC1V 2PT
2026-09-30 10:41:42 INFO LEAD new: [Conditions] Islington/P2026/0666/S73 — Unit 15, Angel Gate, London, EC1V 2PT
2026-09-30 10:41:42 INFO LEAD new: [Conditions] Islington/P2026/0657/S73 — Unit 30, Angel Gate, London, EC1V 2PT
2026-09-30 10:41:42 INFO LEAD new: [Conditions] Islington/P2026/0661/FUL — Unit 24, Angel Gate, London, EC1V 2PT
2026-09-30 10:41:42 INFO LEAD new: [Conditions] Islington/P2026/0659/S73 — Unit 24, Angel Gate, London, EC1V 2PT
2026-09-30 10:41:42 INFO LEAD new: [Conditions] Islington/P2026/0646/FUL — 180 Ball's Pond Road, London, N1 4AA
2026-09-30 10:41:42 INFO LEAD new: [Conditions] Islington/P2026/0647/LBC — 180 Ball's Pond Road, London, N1 4AA
2026-09-30 10:41:42 INFO LEAD new: [Conditions] Islington/P2026/0639/ADV — Sunday School, Compton Avenue, London, N1 2XD
2026-09-30 10:41:42 INFO LEAD new: [Conditions] Islington/P2026/0631/FUL — Flat C, 8 Mallow Street, London, EC1Y 8RQ
2026-09-30 10:41:42 INFO LEAD new: [Conditions] Islington/P2026/0645/FUL — 47 Linton Street, London, N1 7AN
2026-09-30 10:41:42 INFO LEAD new: [Conditions] Islington/P2026/0642/AOD — Land Rear Of 28 Amwell Street, Amwell Street, London
2026-09-30 10:41:42 INFO LEAD new: [Conditions] Islington/P2026/0638/FUL — Sunday School, Compton Avenue, London, N1 2XD
2026-09-30 10:41:42 INFO LEAD new: [Conditions] Islington/P2026/0636/FUL — Flat A, 10 Highcroft Road, London, N19 3AQ
2026-09-30 10:41:42 INFO LEAD new: [Conditions] Islington/P2026/0635/COL — 70 Kingsdown Road, London, N19 4LW
2026-09-30 10:41:42 INFO LEAD new: [Conditions] Islington/P2026/0629/FUL — Prior Weston Primary School, 101 Whitecross Street, London, 
2026-09-30 10:41:48 INFO [islington/Conditions] page at offset 600: 100 records
2026-09-30 10:41:48 INFO LEAD new: [Conditions] Islington/P2026/0625/FUL — 61 Lofting Road, London N1 1JA
2026-09-30 10:41:48 INFO LEAD new: [Conditions] Islington/P2026/0630/LBC — Sunday School, Compton Avenue, London, N1 2XD
2026-09-30 10:41:48 INFO LEAD new: [Conditions] Islington/P2026/0626/PRA — 17 Westbourne Road, London, N7 8AN
2026-09-30 10:41:48 INFO LEAD new: [Conditions] Islington/P2026/0609/ADV — Bus shelter outside 33 Finsbury Square, London, EC2A 1AG
2026-09-30 10:41:48 INFO LEAD new: [Conditions] Islington/P2026/0618/LBC — 26, Myddelton Square, London, EC1R 1YE
2026-09-30 10:41:48 INFO LEAD new: [Conditions] Islington/P2026/0611/FUL — Flat A, 125 Riversdale Road, London, N5 2SU
2026-09-30 10:41:48 INFO LEAD new: [Conditions] Islington/P2026/0608/FUL — 13-15 Seven Sisters Road, London, N7 6AJ
2026-09-30 10:41:48 INFO LEAD new: [Conditions] Islington/P2026/0617/FUL — 49 Landseer Road, London, N19 4JR
2026-09-30 10:41:48 INFO LEAD new: [Conditions] Islington/P2026/0614/ADV — Bus Shelter outside Cairns House, Loraine Estate, Holloway R
2026-09-30 10:41:48 INFO LEAD new: [Conditions] Islington/P2026/0616/LBC — Flat 4, 74 Highbury New Park, London, N5 2DJ
2026-09-30 10:41:48 INFO LEAD new: [Conditions] Islington/P2026/0610/ADV — Bus Shelter Outside 357 Holloway Road, London, N7 0RN
2026-09-30 10:41:48 INFO LEAD new: [Conditions] Islington/P2026/0619/LBC — 5, River Street, London, EC1R 1XN
2026-09-30 10:41:48 INFO LEAD new: [Conditions] Islington/P2026/0607/AOD — Blocks, C, D, E, N and P, THE WHITTINGTON HOSPITAL, Magdala 
2026-09-30 10:41:48 INFO LEAD new: [Conditions] Islington/P2026/0613/ADV — 13-15 Seven Sisters Road, London, N7 6AJ
2026-09-30 10:41:48 INFO LEAD new: [Conditions] Islington/P2026/0672/FUL — 79 Mildmay Grove North, London, N1 4PL
2026-09-30 10:41:48 INFO LEAD new: [Conditions] Islington/P2026/0591/FUL — Hathersage Court, Newington Green, London, N1 4RF
2026-09-30 10:41:48 INFO LEAD new: [Conditions] Islington/P2026/0594/AOD — Blocks C,D,E,N and P, The Whittington Hospital, Magdala Aven
2026-09-30 10:41:48 INFO LEAD new: [Conditions] Islington/P2026/0601/AOD — 96, St Paul's Road, London, N1 2QP
2026-09-30 10:41:48 INFO LEAD new: [Conditions] Islington/P2026/0599/LBC — 15 GIBSON SQUARE LONDON N1 0RD
2026-09-30 10:41:48 INFO LEAD new: [Conditions] Islington/P2026/0597/FUL — The Brassworks, 32 York Way, London, N1 9AB
2026-09-30 10:41:48 INFO LEAD new: [Conditions] Islington/P2026/0587/FUL — 260 Goswell Road, London, EC1V 7EB
2026-09-30 10:41:48 INFO LEAD new: [Conditions] Islington/P2026/0589/FUL — 51 Landseer Road, London, N19 4JR
2026-09-30 10:41:48 INFO LEAD new: [Conditions] Islington/P2026/0584/PRA — 332C, Goswell Road, London, EC1V 7LQ
2026-09-30 10:41:48 INFO LEAD new: [Conditions] Islington/P2026/0582/FUL — 53 Freegrove Road, London, N7 9RG
2026-09-30 10:41:48 INFO LEAD new: [Conditions] Islington/P2026/0562/AOD — 43 - 53, Flat 4, Myddelton Square, London, EC1R 1YD
2026-09-30 10:41:48 INFO LEAD new: [Conditions] Islington/P2026/0569/FUL — Flat A, 37 Oakley Road, London, N1 3LL
2026-09-30 10:41:48 INFO LEAD new: [Conditions] Islington/P2026/0556/LBC — 12A Stonefield Street, London, N1 0HW
2026-09-30 10:41:48 INFO LEAD new: [Conditions] Islington/P2026/0570/LBC — Ninteentwenty Limited, First Floor Rear, SATILA HOUSE, 109 -
2026-09-30 10:41:48 INFO LEAD new: [Conditions] Islington/P2026/0565/FUL — 8 - 34 Blundell Street, London, N7 9BH
2026-09-30 10:41:48 INFO LEAD new: [Conditions] Islington/P2026/0561/COL — 16 Riversdale Road, London, N5 2JT
2026-09-30 10:41:48 INFO LEAD new: [Conditions] Islington/P2026/0568/AOD — Land Rear Of 28 Amwell Street, Amwell Street, London
2026-09-30 10:41:48 INFO LEAD new: [Conditions] Islington/P2026/0555/FUL — 12A Stonefield Street, London, N1 0HW
2026-09-30 10:41:48 INFO LEAD new: [Conditions] Islington/P2026/0554/ADV — 124-128 Ball's Pond Road, London, N1 4AN
2026-09-30 10:41:48 INFO LEAD new: [Conditions] Islington/P2026/0550/FUL — 12 Ringcroft Street, London, N7 8ND
2026-09-30 10:41:48 INFO LEAD new: [Conditions] Islington/P2026/1479/COL — Maple House, 213 Junction Road, London, N19 5QA
2026-09-30 10:41:48 INFO LEAD new: [Conditions] Islington/P2026/0728/FUL — Flat 3, 129 Whitecross Street, London, EC1Y 8JL
2026-09-30 10:41:48 INFO LEAD new: [Conditions] Islington/P2026/0697/COL — 108 Northchurch Road, London, N1 3NY
2026-09-30 10:41:48 INFO LEAD new: [Conditions] Islington/P2026/0547/LBC — 40 Amwell Street, London
2026-09-30 10:41:48 INFO LEAD new: [Conditions] Islington/P2026/0549/S73 — 27 Lidyard Road, London, N19 5NR
2026-09-30 10:41:48 INFO LEAD new: [Conditions] Islington/P2026/0564/FUL — Flat B, 136 Mildmay Road, London, N1 4NE
2026-09-30 10:41:48 INFO LEAD new: [Conditions] Islington/P2026/0551/COL — Flat A, 53 King Henry's Walk, London, N1 4NH
2026-09-30 10:41:48 INFO LEAD new: [Conditions] Islington/P2026/0544/AOD — 58 Roman Way, London, N7 8XF
2026-09-30 10:41:48 INFO LEAD new: [Conditions] Islington/P2026/0531/FUL — 19 Bryantwood Road, London N7 7BG
2026-09-30 10:41:48 INFO LEAD new: [Conditions] Islington/P2026/0530/LBC — 24 Arlington Square, London, N1 7DP
2026-09-30 10:41:48 INFO LEAD new: [Conditions] Islington/P2026/0538/ADV — 116J Upper Street, London, N1 1QP
2026-09-30 10:41:48 INFO LEAD new: [Conditions] Islington/P2026/0541/FUL — 66 Riversdale Road, London, N5 2JZ
2026-09-30 10:41:48 INFO LEAD new: [Conditions] Islington/P2026/0520/FUL — 71 Ripplevale Grove, London, N1 1HS
2026-09-30 10:41:48 INFO LEAD new: [Conditions] Islington/P2026/0543/FUL — 27 St Thomas's Road, London, N4 2QH
2026-09-30 10:41:48 INFO LEAD new: [Conditions] Islington/P2026/0529/FUL — 24 Arlington Square, London, N1 7DP
2026-09-30 10:41:48 INFO LEAD new: [Conditions] Islington/P2026/0536/LBC — 24 Arlington Square, London, N1 7DP
2026-09-30 10:41:48 INFO LEAD new: [Conditions] Islington/P2026/0537/LBC — Ground Floor And Basement Maisonette, 21 - 22 Canonbury Squa
2026-09-30 10:41:48 INFO LEAD new: [Conditions] Islington/P2026/0533/FUL — Second Floor Flat, 20 Oakley Road, London, N1 3LS
2026-09-30 10:41:48 INFO LEAD new: [Conditions] Islington/P2026/0535/AOD — Craftwork Studios, 1 - 3 Dufferin Street, London EC1Y 8NA
2026-09-30 10:41:48 INFO LEAD new: [Conditions] Islington/P2026/0527/FUL — Studio House, 46a Cressida Road, London, N19 3JW
2026-09-30 10:41:48 INFO LEAD new: [Conditions] Islington/P2026/0534/FUL — Ground Floor And Basement Maisonette, 21 - 22 Canonbury Squa
2026-09-30 10:41:48 INFO LEAD new: [Conditions] Islington/P2026/0513/FUL — 47 Davenant Road, London, N19 3NW
2026-09-30 10:41:48 INFO LEAD new: [Conditions] Islington/P2026/0523/COL — Newcombe House, 25 Aberdeen Park, London, N5 2AU
2026-09-30 10:41:48 INFO LEAD new: [Conditions] Islington/P2026/0517/FUL — Flat A, 91 Mildmay Road, London, N1 4PU
2026-09-30 10:41:48 INFO LEAD new: [Conditions] Islington/P2026/0522/AOD — St Paul's Waldorf School, 1 St Paul's Road, London, N1 2QH
2026-09-30 10:41:48 INFO LEAD new: [Conditions] Islington/P2026/0518/FUL — 35 Noel Road, London, N1 8HQ
2026-09-30 10:41:48 INFO LEAD new: [Conditions] Islington/P2026/0521/AOD — St Paul's Waldorf School, 1 St Paul's Road, London, N1 2QH
2026-09-30 10:41:48 INFO LEAD new: [Conditions] Islington/P2026/0519/LBC — 35 Noel Road, London, N1 8HQ
2026-09-30 10:41:48 INFO LEAD new: [Conditions] Islington/P2026/0504/AOD — 32 Hermes Street, London N1 9JD
2026-09-30 10:41:48 INFO LEAD new: [Conditions] Islington/P2026/0506/PRA — 137 Fonthill Road, London, N4 3HH
2026-09-30 10:41:48 INFO LEAD new: [Conditions] Islington/P2026/0511/FUL — 68 Queen's Head Street, London, N1 8NG
2026-09-30 10:41:48 INFO LEAD new: [Conditions] Islington/P2026/0509/AOD — 13A Percy Circus, London, WC1X 9ES
2026-09-30 10:41:48 INFO LEAD new: [Conditions] Islington/P2026/0503/FUL — 39 Eburne Road, London, N7 6AU
2026-09-30 10:41:48 INFO LEAD new: [Conditions] Islington/P2026/0493/FUL — 62 Hamilton Park West, London, N5 1AB
2026-09-30 10:41:48 INFO LEAD new: [Conditions] Islington/P2026/0508/FUL — 141 Offord Road, London, N1 1LR
2026-09-30 10:41:48 INFO LEAD new: [Conditions] Islington/P2026/0496/LBC — 2, St Mungo's Housing Association, Hillside House, Hilldrop 
2026-09-30 10:41:48 INFO LEAD new: [Conditions] Islington/P2026/0498/FUL — Flat 5, 8 Highbury Place, London, N5 1QZ
2026-09-30 10:41:48 INFO LEAD new: [Conditions] Islington/P2026/0495/COL — 124 Huddleston Road, London, N7 0EG
2026-09-30 10:41:48 INFO LEAD new: [Conditions] Islington/P2026/0499/LBC — Flat 5, 8 Highbury Place, London, N5 1QZ
2026-09-30 10:41:48 INFO LEAD new: [Conditions] Islington/P2026/0489/FUL — 50 Penn Road, London, N7 9RE
2026-09-30 10:41:48 INFO LEAD new: [Conditions] Islington/P2026/0474/COL — 60 Seven Sisters Road, London, N7 6AA
2026-09-30 10:41:48 INFO LEAD new: [Conditions] Islington/P2026/0475/FUL — 6 Blythwood Road, London, N4 4EU
2026-09-30 10:41:48 INFO LEAD new: [Conditions] Islington/P2026/0476/FUL — 203 - 207 Whitecross Street, London, EC1Y 8QP
2026-09-30 10:41:48 INFO LEAD new: [Conditions] Islington/P2026/0505/ADV — 68 Old Street, London, EC1V 9AN
2026-09-30 10:41:48 INFO LEAD new: [Conditions] Islington/P2026/0485/LBC — 28 Barnsbury Park, London
2026-09-30 10:41:48 INFO LEAD new: [Conditions] Islington/P2026/0486/FUL — 24 Rocliffe Street, London, N1 8DT
2026-09-30 10:41:48 INFO LEAD new: [Conditions] Islington/P2026/0478/COL — 50 Seven Sisters Road, London, N7 6AA
2026-09-30 10:41:48 INFO LEAD new: [Conditions] Islington/P2026/0487/LBC — 55 Amwell Street, London
2026-09-30 10:41:48 INFO LEAD new: [Conditions] Islington/P2026/0464/FUL — 72 Halton Road, London, N1 2AD
2026-09-30 10:41:48 INFO LEAD new: [Conditions] Islington/P2026/0461/ADV — 320 Upper Street, London, N1 2XQ
2026-09-30 10:41:48 INFO LEAD new: [Conditions] Islington/P2026/0471/FUL — Flat C, 50 Hilldrop Road, London, N7 0JE
2026-09-30 10:41:48 INFO LEAD new: [Conditions] Islington/P2026/0484/AOD — Ground And First Floor Flat, 43 Wilmington Square, London, W
2026-09-30 10:41:48 INFO LEAD new: [Conditions] Islington/P2026/0466/PRA — Second Floor, The Hayloft, 44 - 46 St John Street, London, E
2026-09-30 10:41:48 INFO LEAD new: [Conditions] Islington/P2026/0469/FUL — 40A Offord Road, London, N1 1EB
2026-09-30 10:41:48 INFO LEAD new: [Conditions] Islington/P2026/0465/LBC — 72 Halton Road, London, N1 2AD
2026-09-30 10:41:54 INFO [islington/Conditions] page at offset 700: 100 records
2026-09-30 10:41:54 INFO LEAD new: [Conditions] Islington/P2026/0449/FUL — 118 Heddington Grove, London, N7 9SZ
2026-09-30 10:41:54 INFO LEAD new: [Conditions] Islington/P2026/0450/ADV — 1 Parkfield Street, London, N1 0PS
2026-09-30 10:41:54 INFO LEAD new: [Conditions] Islington/P2026/0436/AOD — Blocks 3, 4, 5, 7, 8 & 9 Tiltman Place, Block 6 Tiltman Clos
2026-09-30 10:41:54 INFO LEAD new: [Conditions] Islington/P2026/0424/FUL — 21 Lever Street, London, EC1V 3QY
2026-09-30 10:41:54 INFO LEAD new: [Conditions] Islington/P2026/0448/FUL — 105 Highbury Hill, London, N5 1TA
2026-09-30 10:41:54 INFO LEAD new: [Conditions] Islington/P2026/0428/FUL — 2 Waterfront Mews, London, N1 7FE
2026-09-30 10:41:54 INFO LEAD new: [Conditions] Islington/P2026/0417/AOD — 30 City Road, London, EC1Y 2AY
2026-09-30 10:41:54 INFO LEAD new: [Conditions] Islington/P2026/0410/ADV — 343 Upper Street, London, N1 0PD
2026-09-30 10:41:54 INFO LEAD new: [Conditions] Islington/P2026/0409/S73 — 1 Northampton Row, London, EC1R 0JZ
2026-09-30 10:41:54 INFO LEAD new: [Conditions] Islington/P2026/0425/LBC — 33 Ellington Street, London, N7 8PN
2026-09-30 10:41:54 INFO LEAD new: [Conditions] Islington/P2026/0420/ADV — 50 Finsbury Square, London, EC2A 1HD
2026-09-30 10:41:54 INFO LEAD new: [Conditions] Islington/P2026/0421/FUL — 29 Huntingdon Street, London, N1 1BS
2026-09-30 10:41:54 INFO LEAD new: [Conditions] Islington/P2026/0413/ADV — 99 City Road, London, EC1Y 1AX
2026-09-30 10:41:54 INFO LEAD new: [Conditions] Islington/P2026/0416/AOD — 321, Liverpool Road, London, N1 1NQ
2026-09-30 10:41:54 INFO LEAD new: [Conditions] Islington/P2026/0399/LBC — 161-169 Essex Road, London, N1 2SN
2026-09-30 10:41:54 INFO LEAD new: [Conditions] Islington/P2026/0405/ADV — 80 City Road, London, EC1Y 2AS
2026-09-30 10:41:54 INFO LEAD new: [Conditions] Islington/P2026/0403/FUL — 34 Sparsholt Road, London, N19 4EL
2026-09-30 10:41:54 INFO LEAD new: [Conditions] Islington/P2026/0401/LBC — 43 Lloyd Baker Street, London, WC1X 9AA
2026-09-30 10:41:54 INFO LEAD new: [Conditions] Islington/P2026/0390/FUL — 171 Hemingford Road, London, N1 1DA
2026-09-30 10:41:54 INFO LEAD new: [Conditions] Islington/P2026/0404/FUL — 14 Corbyn Street, London, N4 3BZ
2026-09-30 10:41:54 INFO LEAD new: [Conditions] Islington/P2026/0398/FUL — 161-169 Essex Road, London, N1 2SN
2026-09-30 10:41:54 INFO LEAD new: [Conditions] Islington/P2026/0396/LBC — 316, Flat D, Liverpool Road, London, N7 8PU
2026-09-30 10:41:54 INFO LEAD new: [Conditions] Islington/P2026/0392/AOD — 4 Brandon Road, London, N7 9AA
2026-09-30 10:41:54 INFO LEAD new: [Conditions] Islington/P2026/0391/AOD — 4 Brandon Road, London, N7 9AA
2026-09-30 10:41:54 INFO LEAD new: [Conditions] Islington/P2026/0389/S73 — Former Holloway Prison, Parkhurst Road, London, N7 0NU
2026-09-30 10:41:54 INFO LEAD new: [Conditions] Islington/P2026/0385/AOD — 48, DUNCAN TERRACE, LONDON, ISLINGTON, N1 8AL
2026-09-30 10:41:54 INFO LEAD new: [Conditions] Islington/P2026/0388/AOD — Former Holloway Prison, Parkhurst Road, London, N7 0NU
2026-09-30 10:41:54 INFO LEAD new: [Conditions] Islington/P2026/0395/FUL — 46 Eburne Road, London, N7 6AU
2026-09-30 10:41:54 INFO LEAD new: [Conditions] Islington/P2026/0394/AOD — 30, Richmond Avenue, London, N1 0ND
2026-09-30 10:41:54 INFO LEAD new: [Conditions] Islington/P2026/0376/FUL — 44 Alexander Road, London, N19 3PQ
2026-09-30 10:41:54 INFO LEAD new: [Conditions] Islington/P2026/0379/AOD — 123 Golden Lane, London, EC1Y 0TJ
2026-09-30 10:41:54 INFO LEAD new: [Conditions] Islington/P2026/0377/AOD — 12, Alwyne Road, London, N1 2HH
2026-09-30 10:41:54 INFO LEAD new: [Conditions] Islington/P2026/0369/AOD — 48, DUNCAN TERRACE, LONDON, ISLINGTON, N1 8AL
2026-09-30 10:41:54 INFO LEAD new: [Conditions] Islington/P2026/0368/AOD — 48, DUNCAN TERRACE, LONDON, ISLINGTON, N1 8AL
2026-09-30 10:41:54 INFO LEAD new: [Conditions] Islington/P2026/0357/FUL — The Brassworks, 32 York Way, London, N1 9AB
2026-09-30 10:41:54 INFO LEAD new: [Conditions] Islington/P2026/0354/LBC — Flat A, 70 Tollington Park, London, N4 3RA
2026-09-30 10:41:54 INFO LEAD new: [Conditions] Islington/P2026/0353/FUL — Flat A, 70 Tollington Park, London, N4 3RA
2026-09-30 10:41:54 INFO LEAD new: [Conditions] Islington/P2026/0365/AOD — 48, DUNCAN TERRACE, LONDON, ISLINGTON, N1 8AL
2026-09-30 10:41:54 INFO LEAD new: [Conditions] Islington/P2026/0370/AOD — 48, DUNCAN TERRACE, LONDON, ISLINGTON, N1 8AL
2026-09-30 10:41:54 INFO LEAD new: [Conditions] Islington/P2026/0340/LBC — 252, Caledonian Road, London
2026-09-30 10:41:54 INFO LEAD new: [Conditions] Islington/P2026/0349/LBC — 110 Hemingford Road, London, N1 1DE
2026-09-30 10:41:54 INFO LEAD new: [Conditions] Islington/P2026/0351/COL — Archway Central Hall, Navigator Square, London, N19 3TD
2026-09-30 10:41:54 INFO LEAD new: [Conditions] Islington/P2026/0350/FUL — 18 Offord Road, London, N1 1DL
2026-09-30 10:41:54 INFO LEAD new: [Conditions] Islington/P2026/0341/LBC — 156 Barnsbury Road, London
2026-09-30 10:41:54 INFO LEAD new: [Conditions] Islington/P2026/0348/FUL — 22 Aubert Park, London, N5 1TU
2026-09-30 10:41:54 INFO LEAD new: [Conditions] Islington/P2026/0326/LBC — 16, Granville Square, London
2026-09-30 10:41:54 INFO LEAD new: [Conditions] Islington/P2026/0346/FUL — 105 St John's Way, London, N19 3RG
2026-09-30 10:41:54 INFO LEAD new: [Conditions] Islington/P2026/0343/FUL — 128 Offord Road, London, N1 1PF
2026-09-30 10:41:54 INFO LEAD new: [Conditions] Islington/P2026/0339/LBC — 106 Caledonian Road, London
2026-09-30 10:41:54 INFO LEAD new: [Conditions] Islington/P2026/0323/LBC — 5, Nelson Terrace, London, N1 8DG
2026-09-30 10:41:54 INFO LEAD new: [Conditions] Islington/P2026/0315/LBC — 23 Balfe Street, London
2026-09-30 10:41:54 INFO LEAD new: [Conditions] Islington/P2026/0328/FUL — 22 Richmond Crescent, London, N1 0LZ
2026-09-30 10:41:54 INFO LEAD new: [Conditions] Islington/P2026/0317/AOD — 45, Gibson Square, London, N1 0RA
2026-09-30 10:41:54 INFO LEAD new: [Conditions] Islington/P2026/0337/AOD — 49 Clerkenwell Green, London EC1R 0EB
2026-09-30 10:41:54 INFO LEAD new: [Conditions] Islington/P2026/0314/COL — 30 - 31 Clerkenwell Green, London, EC1R 0DU
2026-09-30 10:41:54 INFO LEAD new: [Conditions] Islington/P2026/0320/FUL — 38 St Paul Street, London, N1 7AB
2026-09-30 10:41:54 INFO LEAD new: [Conditions] Islington/P2026/0335/COL — Haven House, 280 Holly Park, London, N4 4AQ
2026-09-30 10:41:54 INFO LEAD new: [Conditions] Islington/P2026/0338/FUL — 61 St George's Avenue, London, N7 0AJ
2026-09-30 10:41:54 INFO LEAD new: [Conditions] Islington/P2026/0334/FUL — Flat C, 112 - 114 Caledonian Road, London, N1 9RE
2026-09-30 10:41:54 INFO LEAD new: [Conditions] Islington/P2026/0316/FUL — 54 Ambler Road, London, N4 2QR
2026-09-30 10:41:54 INFO LEAD new: [Conditions] Islington/P2026/0329/FUL — 66 Chatterton Road, London, N4 2DZ
2026-09-30 10:41:54 INFO LEAD new: [Conditions] Islington/P2026/0332/FUL — 65 Gillespie Road, London, N5 1LH
2026-09-30 10:41:55 INFO LEAD new: [Conditions] Islington/P2026/0330/LBC — Flat C 112 - 114, Caledonian Road, London, N1 9RE
2026-09-30 10:41:55 INFO LEAD new: [Conditions] Islington/P2026/0303/COL — 10, Dominion Street, London, EC2M 2EF
2026-09-30 10:41:55 INFO LEAD new: [Conditions] Islington/P2026/0311/COL — 84 Ambler Road, London, N4 2QR
2026-09-30 10:41:55 INFO LEAD new: [Conditions] Islington/P2026/0308/ADV — Waitrose, 21 Liverpool Road, London, N1 0RW
2026-09-30 10:41:55 INFO LEAD new: [Conditions] Islington/P2026/0310/FUL — 21 Liverpool Road, London, N1 0RW
2026-09-30 10:41:55 INFO LEAD new: [Conditions] Islington/P2026/0294/ADV — Bus shelter, pavement outside Foxcroft House, 187 Pentonvill
2026-09-30 10:41:55 INFO LEAD new: [Conditions] Islington/P2026/0293/ADV — bus shelter outside Montcalm Royal London House, Finsbury Sq
2026-09-30 10:41:55 INFO LEAD new: [Conditions] Islington/P2026/0295/ADV — Bus Shelter, Pavement outside 40 Islington High Street, Lond
2026-09-30 10:41:55 INFO LEAD new: [Conditions] Islington/P2026/0300/ADV — Bus Shelter outside 40 Islington High Street, London N1 8XB
2026-09-30 10:41:55 INFO LEAD new: [Conditions] Islington/P2026/0287/FUL — 95-97 Crouch Hill, London, N8 9EG
2026-09-30 10:41:55 INFO LEAD new: [Conditions] Islington/P2026/0299/ADV — Bus Shelter outside 27 Upper Street, London N1 0PQ
2026-09-30 10:41:55 INFO LEAD new: [Conditions] Islington/P2026/0283/FUL — 31 Jackson Road, London N7 6ES
2026-09-30 10:41:55 INFO LEAD new: [Conditions] Islington/P2026/0297/ADV — Bus Shelter, Pavement Outside 10 Finsbury Square EC2A 1AF
2026-09-30 10:41:55 INFO LEAD new: [Conditions] Islington/P2026/0298/ADV — Bus Shelter outside Angel Central, Upper Street, London N1 0
2026-09-30 10:41:55 INFO LEAD new: [Conditions] Islington/P2026/0280/LBC — 15 Noel Road, London, N1 8HQ
2026-09-30 10:41:55 INFO LEAD new: [Conditions] Islington/P2026/0279/FUL — 15 Noel Road, London, N1 8HQ
2026-09-30 10:41:55 INFO LEAD new: [Conditions] Islington/P2026/0282/FUL — Top Floor Flat, 42 Windsor Road, London, N7 6JL
2026-09-30 10:41:55 INFO LEAD new: [Conditions] Islington/P2026/0296/ADV — Bus shelter outside 80 Islington High Street N1 8EQ
2026-09-30 10:41:55 INFO LEAD new: [Conditions] Islington/P2026/0289/COL — 92 Englefield Road, London, N1 3LG
2026-09-30 10:41:55 INFO LEAD new: [Conditions] Islington/P2026/0281/FUL — Ground Floor Flat, 9 Ferntower Road, London, N5 2JE
2026-09-30 10:41:55 INFO LEAD new: [Conditions] Islington/P2026/0292/FUL — 74 Queen's Head Street, London, N1 8NG
2026-09-30 10:41:55 INFO LEAD new: [Conditions] Islington/P2026/0266/FUL — 97 Liverpool Road, London, N1 0RG
2026-09-30 10:41:55 INFO LEAD new: [Conditions] Islington/P2026/0275/S73 — 103 Essex Road, London, N1 2SJ
2026-09-30 10:41:55 INFO LEAD new: [Conditions] Islington/P2026/0277/FUL — Flat B, 31 Ferntower Road, London, N5 2JE
2026-09-30 10:41:55 INFO LEAD new: [Conditions] Islington/P2026/0278/PRA — 391-395 City Road, London, EC1V 1NG
2026-09-30 10:41:55 INFO LEAD new: [Conditions] Islington/P2026/0272/FUL — First And Second Floor Flat, 15 Chatterton Road, London, N4 
2026-09-30 10:41:55 INFO LEAD new: [Conditions] Islington/P2026/0276/FUL — 4 Crescent Street, London, N1 1BT
2026-09-30 10:41:55 INFO LEAD new: [Conditions] Islington/P2026/0267/LBC — 97 Liverpool Road, London, N1 0RG
2026-09-30 10:41:55 INFO LEAD new: [Conditions] Islington/P2026/0273/AOD — 35, Flat A, Baalbec Road, London, N5 1QN
2026-09-30 10:41:55 INFO LEAD new: [Conditions] Islington/P2026/0248/FUL — John Vane Science Centre, St Bartholomews Hospital Medical C
2026-09-30 10:41:55 INFO LEAD new: [Conditions] Islington/P2026/0244/S73 — 5A Rickthorne Road, London, N19 4JS
2026-09-30 10:41:55 INFO LEAD new: [Conditions] Islington/P2026/0256/LBC — Basement To Third Floors, 12A Charterhouse Square, London, E
2026-09-30 10:41:55 INFO LEAD new: [Conditions] Islington/P2026/0260/S73 — 15 Eden Grove, London, N7 8EE
2026-09-30 10:42:01 INFO [islington/Conditions] page at offset 800: 100 records
2026-09-30 10:42:01 INFO LEAD new: [Conditions] Islington/P2026/0238/ADV — 224 - 232, St John Street, London, EC1V 4QR
2026-09-30 10:42:01 INFO LEAD new: [Conditions] Islington/P2026/0243/LBC — 32 Wilmington Square, London, WC1X 0EG
2026-09-30 10:42:01 INFO LEAD new: [Conditions] Islington/P2026/0242/FUL — 32 Wilmington Square, London, WC1X 0EG
2026-09-30 10:42:01 INFO LEAD new: [Conditions] Islington/P2026/0239/FUL — 23 Dalmeny Road, London, N7 0HE
2026-09-30 10:42:01 INFO LEAD new: [Conditions] Islington/P2026/0240/FUL — 15 Furlong Road, London, N7 8LS
2026-09-30 10:42:01 INFO LEAD new: [Conditions] Islington/P2026/0235/FUL — 18 Northolme Road, London, N5 2UZ
2026-09-30 10:42:01 INFO LEAD new: [Conditions] Islington/P2026/0228/AOD — 139-149 Fonthill Road, London, N4 3HF
2026-09-30 10:42:01 INFO LEAD new: [Conditions] Islington/P2026/0226/FUL — 12 Madras Place, London, N7 8LU
2026-09-30 10:42:01 INFO LEAD new: [Conditions] Islington/P2026/0234/COL — 11 Ormond Road, London, N19 3QG
2026-09-30 10:42:01 INFO LEAD new: [Conditions] Islington/P2026/0225/FUL — Flat B, 33 Newington Green Road, London, N1 4QT
2026-09-30 10:42:01 INFO LEAD new: [Conditions] Islington/P2026/0208/FUL — 66 - 67, Colebrooke Row, London, N1 8AB
2026-09-30 10:42:01 INFO LEAD new: [Conditions] Islington/P2026/0207/FUL — 11 Allingham Street London N1 8NX
2026-09-30 10:42:01 INFO LEAD new: [Conditions] Islington/P2026/0217/FUL — Flat 1, 97 Chapel Market, London, N1 9EY
2026-09-30 10:42:01 INFO LEAD new: [Conditions] Islington/P2026/0220/AOD — St John's Mansions, 308 St John Street, London, EC1V 4NX
2026-09-30 10:42:01 INFO LEAD new: [Conditions] Islington/P2026/0216/LBC — 27 BATCHELOR STREET LONDON N1 0EG
2026-09-30 10:42:01 INFO LEAD new: [Conditions] Islington/P2026/0204/OBS — Princess Of Wales 146 Lea Bridge Road, Hackney, London, E5 9
2026-09-30 10:42:01 INFO LEAD new: [Conditions] Islington/P2026/0215/FUL — 8 Cornwallis Square, London, N19 4LY
2026-09-30 10:42:01 INFO LEAD new: [Conditions] Islington/P2026/0195/FUL — Flat A, 4 Almeida Street, London, N1 1TA
2026-09-30 10:42:01 INFO LEAD new: [Conditions] Islington/P2026/0203/S73 — 110 Hemingford Road, London, N1 1DT
2026-09-30 10:42:01 INFO LEAD new: [Conditions] Islington/P2026/0196/LBC — Flat A, 4 Almeida Street, London, N1 1TA
2026-09-30 10:42:01 INFO LEAD new: [Conditions] Islington/P2026/0202/FUL — Flat C, 30 Blythwood Road, London, N4 4EU
2026-09-30 10:42:01 INFO LEAD new: [Conditions] Islington/P2026/0200/LBC — 7 Claremont Square, London, N1 9LY
2026-09-30 10:42:01 INFO LEAD new: [Conditions] Islington/P2026/0199/FUL — 7 Claremont Square, London, N1 9LY
2026-09-30 10:42:01 INFO LEAD new: [Conditions] Islington/P2026/0201/LBC — 3 Wilton Square, London, N1 3DL
2026-09-30 10:42:01 INFO LEAD new: [Conditions] Islington/P2026/0194/S73 — Railway Arch 2, 303 Holloway Road, London, N7 8HS
2026-09-30 10:42:01 INFO LEAD new: [Conditions] Islington/P2026/0184/FUL — 35 Wyatt Road, London, N5 2JU
2026-09-30 10:42:01 INFO LEAD new: [Conditions] Islington/P2026/0174/FUL — Flat C, 5 Stradbroke Road, London, N5 2PZ
2026-09-30 10:42:01 INFO LEAD new: [Conditions] Islington/P2026/0189/LBC — 25 Highbury Park, London, N5 1TH
2026-09-30 10:42:01 INFO LEAD new: [Conditions] Islington/P2026/0188/FUL — 25 Highbury Park, London, N5 1TH
2026-09-30 10:42:01 INFO LEAD new: [Conditions] Islington/P2026/0183/COL — 1 Morea Mews, London, N5 2EE
2026-09-30 10:42:01 INFO LEAD new: [Conditions] Islington/P2026/0178/S73 — Flat 4, 2 Bath Street, London, EC1V 9DX
2026-09-30 10:42:01 INFO LEAD new: [Conditions] Islington/P2026/0173/FUL — Maisonette, 45 Bavaria Road, London, N19 4EU
2026-09-30 10:42:01 INFO LEAD new: [Conditions] Islington/P2026/0179/FUL — Cross Street Baptist Church, 16 - 18 Cross Street, London, N
2026-09-30 10:42:01 INFO LEAD new: [Conditions] Islington/P2026/0177/FUL — 39 & 40 Milner Square, London, N1 1TW
2026-09-30 10:42:01 INFO LEAD new: [Conditions] Islington/P2026/0175/FUL — 92 Offord Road, London, N1 1PF
2026-09-30 10:42:01 INFO LEAD new: [Conditions] Islington/P2026/0176/LBC — 39 & 40 Milner Square, London, N1 1TW
2026-09-30 10:42:01 INFO LEAD new: [Conditions] Islington/P2026/0167/COL — 35 Wyatt Road, London, N5 2JU
2026-09-30 10:42:01 INFO LEAD new: [Conditions] Islington/P2026/0170/LBC — 5 Sebastian Street, London, EC1V 0HE
2026-09-30 10:42:01 INFO LEAD new: [Conditions] Islington/P2026/0166/FUL — Flat A, 6 Crowland Terrace, London, N1 3LP
2026-09-30 10:42:01 INFO LEAD new: [Conditions] Islington/P2026/0169/FUL — 5 Sebastian Street, London, EC1V 0HE
2026-09-30 10:42:01 INFO LEAD new: [Conditions] Islington/P2026/0164/LBC — 2 Chadwell Street, London, EC1R 1UX
2026-09-30 10:42:01 INFO LEAD new: [Conditions] Islington/P2026/0163/FUL — 2 Chadwell Street, London, EC1R 1UX
2026-09-30 10:42:01 INFO LEAD new: [Conditions] Islington/P2026/0185/AOD — 32 Hermes Street, London N1 9JD
2026-09-30 10:42:01 INFO LEAD new: [Conditions] Islington/P2026/0158/FUL — 57 Windsor Road, London, N7 6JL
2026-09-30 10:42:01 INFO LEAD new: [Conditions] Islington/P2026/0162/COL — 17, First Floor Flat, Westbourne Road, London, N7 8AN
2026-09-30 10:42:01 INFO LEAD new: [Conditions] Islington/P2026/0160/FUL — Ground Floor Flat, 78 Highbury Park, London
2026-09-30 10:42:01 INFO LEAD new: [Conditions] Islington/P2026/0157/AOD — 1, Torrens Street, London, EC1V 1NQ
2026-09-30 10:42:01 INFO LEAD new: [Conditions] Islington/P2026/0148/FUL — Waitrose 21 Liverpool Road, London, N1 0RW
2026-09-30 10:42:01 INFO LEAD new: [Conditions] Islington/P2026/0147/ADV — Marks & Spencer, 3-7 Liverpool Road, London, N1 0RR
2026-09-30 10:42:01 INFO LEAD new: [Conditions] Islington/P2026/0154/FUL — 1 - 48 Claremont Close, London, N1 9LU
2026-09-30 10:42:01 INFO LEAD new: [Conditions] Islington/P2026/0146/FUL — Marks & Spencer, 3-7 Liverpool Road, London, N1 0RR
2026-09-30 10:42:01 INFO LEAD new: [Conditions] Islington/P2026/0153/FUL — 84 Highbury Hill, London N5 1AP
2026-09-30 10:42:01 INFO LEAD new: [Conditions] Islington/P2026/0134/FUL — 3 Wilton Square, London, N1 3DL
2026-09-30 10:42:01 INFO LEAD new: [Conditions] Islington/P2026/0127/FUL — 114 Playford Road, London, N4 3NL
2026-09-30 10:42:01 INFO LEAD new: [Conditions] Islington/P2026/0137/ADV — Bus Shelter outside 201, Old Street, London, EC1V 9NP
2026-09-30 10:42:01 INFO LEAD new: [Conditions] Islington/P2026/0139/ADV — Bus Shelter, Pavement Outside 90-92 Upper Street, London, N1
2026-09-30 10:42:01 INFO LEAD new: [Conditions] Islington/P2026/0126/PRA — 354 - 356 Goswell Road, London EC1V 7LQ
2026-09-30 10:42:01 INFO LEAD new: [Conditions] Islington/P2026/0138/LBC — 28, Ripplevale Grove, London, N1 1HU
2026-09-30 10:42:01 INFO LEAD new: [Conditions] Islington/P2026/0128/FUL — 127A, Mildmay Road, London, N1 4PT
2026-09-30 10:42:01 INFO LEAD new: [Conditions] Islington/P2026/0140/ADV — Bus Shelter, Pavement Outside 238 Upper Street, London, N1 1
2026-09-30 10:42:01 INFO LEAD new: [Conditions] Islington/P2026/0144/S73 — Elthorne Estate: Sunken Play Pitch between St, Johns way and
2026-09-30 10:42:01 INFO LEAD new: [Conditions] Islington/P2026/0141/ADV — Bus Shelter, Pavement Outside 157 Essex Road, London, N1 2SN
2026-09-30 10:42:01 INFO LEAD new: [Conditions] Islington/P2026/0131/FUL — 109 Offord Road, London, N1 1PQ
2026-09-30 10:42:01 INFO LEAD new: [Conditions] Islington/P2026/0129/AOD — 10, Highbury Terrace, London, N5 1UP
2026-09-30 10:42:01 INFO LEAD new: [Conditions] Islington/P2026/0136/ADV — Finsbury Dials, 20 Finsbury Street, London EC2Y 9AQ
2026-09-30 10:42:01 INFO LEAD new: [Conditions] Islington/P2026/0132/FUL — 17 Regina Road, London, N4 3PT
2026-09-30 10:42:01 INFO LEAD new: [Conditions] Islington/P2026/0142/ADV — Bus Shelter, Pavement Outside 338-346 Holloway Road, London,
2026-09-30 10:42:01 INFO LEAD new: [Conditions] Islington/P2026/0118/AOD — 33 - 37 Corsica Street, London, N5 1JT
2026-09-30 10:42:01 INFO LEAD new: [Conditions] Islington/P2026/0114/S73 — Flat B, 58 Plimsoll Road, London, N4 2EE
2026-09-30 10:42:01 INFO LEAD new: [Conditions] Islington/P2026/0119/FUL — 1-3 Orchard Close, London, N1 3AS
2026-09-30 10:42:01 INFO LEAD new: [Conditions] Islington/P2026/0122/ADV — Bus Shelter, Opposite 112 Essex Road, London, N1
2026-09-30 10:42:01 INFO LEAD new: [Conditions] Islington/P2026/0120/FUL — 29A Morton Road, London, N1 3BB
2026-09-30 10:42:01 INFO LEAD new: [Conditions] Islington/P2026/0121/ADV — Bus Shelter, Pavement Outside 391 City Road, London, EC1V
2026-09-30 10:42:01 INFO LEAD new: [Conditions] Islington/P2026/0124/FUL — 33 St Paul Street, London, N1 7DJ
2026-09-30 10:42:01 INFO LEAD new: [Conditions] Islington/P2026/0102/OBS — Finsgate House, 5-7 Cranwood Street, Hackney, London, EC1V 9
2026-09-30 10:42:01 INFO LEAD new: [Conditions] Islington/P2026/0107/FUL — 96 Cloudesley Road, London, N1 0EB
2026-09-30 10:42:01 INFO LEAD new: [Conditions] Islington/P2026/0104/FUL — Park Theatre, 11 Clifton Terrace, London, N4 3JP
2026-09-30 10:42:01 INFO LEAD new: [Conditions] Islington/P2026/0103/FUL — Flat 1, 49 Mildmay Park, London, N1 4NB
2026-09-30 10:42:01 INFO LEAD new: [Conditions] Islington/P2026/0108/LBC — 96 Cloudesley Road, London, N1 0EB
2026-09-30 10:42:01 INFO LEAD new: [Conditions] Islington/P2026/0109/FUL — 51 Gibson Square, London, N1 0RA
2026-09-30 10:42:01 INFO LEAD new: [Conditions] Islington/P2026/0106/FUL — 53 Huntingdon Street, London, N1 1BX
2026-09-30 10:42:01 INFO LEAD new: [Conditions] Islington/P2026/0097/FUL — 47 Stroud Green Road, London, N4 3EF
2026-09-30 10:42:01 INFO LEAD new: [Conditions] Islington/P2026/0094/FUL — Second Floor Flat, 6 St John's Villas, London, N19 3EG
2026-09-30 10:42:01 INFO LEAD new: [Conditions] Islington/P2026/0092/FUL — Flat 5, 20 - 21 St Lukes View, Bartholomew Square, London, E
2026-09-30 10:42:01 INFO LEAD new: [Conditions] Islington/P2026/0098/FUL — 104 Rosebery Avenue, London, EC1R 4TL
2026-09-30 10:42:01 INFO LEAD new: [Conditions] Islington/P2026/0090/FUL — 16 Witley Road, London, N19, 5SQ
2026-09-30 10:42:01 INFO LEAD new: [Conditions] Islington/P2026/0089/FUL — 54-56 Barnsbury Grove, London, N7 8BP
2026-09-30 10:42:01 INFO LEAD new: [Conditions] Islington/P2026/0087/FUL — 30 Whitehall Park, London, N19 3TN
2026-09-30 10:42:01 INFO LEAD new: [Conditions] Islington/P2026/0088/FUL — Coach & Horses Public House, 26 - 28 Ray Street, London, EC1
2026-09-30 10:42:01 INFO LEAD new: [Conditions] Islington/P2026/0080/S73 — Units 3 and 4, Angel Gate, London, EC1V 2PT
2026-09-30 10:42:01 INFO LEAD new: [Conditions] Islington/P2026/0073/S73 — 60 Pear Tree Street, London, EC1V 3SB
2026-09-30 10:42:01 INFO LEAD new: [Conditions] Islington/P2026/0074/AOD — 38 Finsbury Square, London, EC2A 1PX
2026-09-30 10:42:01 INFO LEAD new: [Conditions] Islington/P2026/0069/FUL — 5 Thornbury Square, London, N6 5YN
2026-09-30 10:42:01 INFO LEAD new: [Conditions] Islington/P2026/0060/FUL — 3 Plimsoll Road, London, N4 2EW
2026-09-30 10:42:01 INFO LEAD new: [Conditions] Islington/P2026/0075/ADV — The Mall, 359 Upper Street, London, N1 0PD
2026-09-30 10:42:01 INFO LEAD new: [Conditions] Islington/P2026/0079/S73 — Units 1 and 2 (Ground), Angel Gate, London, EC1V 2PT
2026-09-30 10:42:07 INFO [islington/Conditions] page at offset 900: 100 records
2026-09-30 10:42:07 INFO LEAD new: [Conditions] Islington/P2026/0083/LBC — Flat C, 39 Highbury Park, London, N5 1TH
2026-09-30 10:42:07 INFO LEAD new: [Conditions] Islington/P2026/0078/S73 — Units 1 and 2 (Upper Levels), Angel Gate, London, EC1V 2PT
2026-09-30 10:42:07 INFO LEAD new: [Conditions] Islington/P2026/0076/COL — Basement Flat, 191 Blackstock Road, London, N5 2LL
2026-09-30 10:42:07 INFO LEAD new: [Conditions] Islington/P2026/0070/FUL — Units 1 & 2, 3 & 4, 5 & 6 and 22 & 23, Angel Gate, London, E
2026-09-30 10:42:07 INFO LEAD new: [Conditions] Islington/P2026/0082/S73 — Units 22 and 23, Angel Gate, London, EC1V 2PT
2026-09-30 10:42:07 INFO LEAD new: [Conditions] Islington/P2026/0084/FUL — 51 Romilly Road, London, N4 2QY
2026-09-30 10:42:07 INFO LEAD new: [Conditions] Islington/P2026/0081/S73 — Units 5 and 6, Angel Gate, London, EC1V 2PT
2026-09-30 10:42:07 INFO LEAD new: [Conditions] Islington/P2026/0055/FUL — Flat A, 30 Leconfield Road, London, N5 2SN
2026-09-30 10:42:07 INFO LEAD new: [Conditions] Islington/P2026/0066/AOD — 375, Liverpool Road, London, N1 1NL
2026-09-30 10:42:07 INFO LEAD new: [Conditions] Islington/P2026/0057/FUL — 124 Mercers Road, London, N19 4PU
2026-09-30 10:42:07 INFO LEAD new: [Conditions] Islington/P2026/0047/COL — Flat B, 714 Holloway Road, London N19 3NH
2026-09-30 10:42:07 INFO LEAD new: [Conditions] Islington/P2026/0037/AOD — Sports Court, Land South of Highbury Quadrant, London, N5
2026-09-30 10:42:07 INFO LEAD new: [Conditions] Islington/P2026/0038/AOD — 17, Barnsbury Street, London, N1 1PW
2026-09-30 10:42:07 INFO LEAD new: [Conditions] Islington/P2026/0041/AOD — 33 - 37 Corsica Street, London, N5 1JT
2026-09-30 10:42:07 INFO LEAD new: [Conditions] Islington/P2026/0039/AOD — 46, St Paul's Road, London, N1 2QW
2026-09-30 10:42:07 INFO LEAD new: [Conditions] Islington/P2026/0032/FUL — Flat 69, Dickinson Court, 15 Brewhouse Yard, London, EC1V 4J
2026-09-30 10:42:07 INFO LEAD new: [Conditions] Islington/P2026/0034/FUL — First And Second Floor Flat, 448 Hornsey Road, London, N19 4
2026-09-30 10:42:07 INFO LEAD new: [Conditions] Islington/P2026/0024/LBC — The Mall, 359 Upper Street, London, N1 0PD
2026-09-30 10:42:07 INFO LEAD new: [Conditions] Islington/P2026/0026/FUL — 32 Liberia Road, London, N5 1JR
2026-09-30 10:42:07 INFO LEAD new: [Conditions] Islington/P2026/0023/LBC — Flat 1, 19 Stonefield Street, London, N1 0HW
2026-09-30 10:42:07 INFO LEAD new: [Conditions] Islington/P2026/0022/FUL — Flat 1, 19 Stonefield Street, London, N1 0HW
2026-09-30 10:42:07 INFO LEAD new: [Conditions] Islington/P2026/0031/COL — 32 Liberia Road, London, N5 1JR
2026-09-30 10:42:07 INFO LEAD new: [Conditions] Islington/P2026/0027/FUL — 11-13 Wakley Street, London EC1V 7LT
2026-09-30 10:42:07 INFO LEAD new: [Conditions] Islington/P2026/0025/FUL — 32 Liberia Road, London, N5 1JR
2026-09-30 10:42:08 INFO LEAD new: [Conditions] Islington/P2026/0016/FUL — St James's Vicarage, 1A Arlington Square, London, N1 7DS
2026-09-30 10:42:08 INFO LEAD new: [Conditions] Islington/P2026/0013/FUL — 50 Rawstorne Street, London, EC1V 7NQ
2026-09-30 10:42:08 INFO LEAD new: [Conditions] Islington/P2026/0015/LBC — 50 Rawstorne Street, London, EC1V 7NQ
2026-09-30 10:42:08 INFO LEAD new: [Conditions] Islington/P2026/0009/FUL — 20 Compton Avenue, London, N1 2XD
2026-09-30 10:42:08 INFO LEAD new: [Conditions] Islington/P2026/0008/FUL — Park Gate House, 250 - 252 Seven Sisters Road, London
2026-09-30 10:42:08 INFO LEAD new: [Conditions] Islington/P2026/0005/FUL — Flat 26, Church Garth, Pemberton Gardens, London, N19 5RN
2026-09-30 10:42:08 INFO LEAD new: [Conditions] Islington/P2026/0004/FUL — Flat A, 60 Whitehall Park, London, N19 3TN
2026-09-30 10:42:08 INFO LEAD new: [Conditions] Islington/P2025/3690/FUL — 60 Sotheby Road, London, N5 2UT
2026-09-30 10:42:08 INFO LEAD new: [Conditions] Islington/P2025/3695/FUL — Flat C, 71 Corinne Road, London, N19 5HA
2026-09-30 10:42:08 INFO LEAD new: [Conditions] Islington/P2025/3691/FUL — Flat 1, 46 Axminster Road, London, N7 6BP
2026-09-30 10:42:08 INFO LEAD new: [Conditions] Islington/P2025/3686/LBC — 18 Canonbury Park North, London, N1 2JT
2026-09-30 10:42:08 INFO LEAD new: [Conditions] Islington/P2025/3676/FUL — 5 Cumberland Gardens London, WC1X 9AF
2026-09-30 10:42:08 INFO LEAD new: [Conditions] Islington/P2025/3687/COL — Times House and Laundry Buildings, (4-6 Bravingtons Walk, 8 
2026-09-30 10:42:08 INFO LEAD new: [Conditions] Islington/P2025/3683/AOD — 48, DUNCAN TERRACE, LONDON, ISLINGTON, N1 8AL
2026-09-30 10:42:08 INFO LEAD new: [Conditions] Islington/P2025/3680/FUL — 140 Cloudesley Road, London, N1 0EA
2026-09-30 10:42:08 INFO LEAD new: [Conditions] Islington/P2025/3679/S73 — 27 Highbury Hill, London, N5 1SU
2026-09-30 10:42:08 INFO LEAD new: [Conditions] Islington/P2025/3684/AOD — 50-56 Great Sutton Street, London, EC1V 0DE & 9-11 Northburg
2026-09-30 10:42:08 INFO LEAD new: [Conditions] Islington/P2025/3677/LBC — 5 Cumberland Gardens, London, WC1X 9AF
2026-09-30 10:42:08 INFO LEAD new: [Conditions] Islington/P2025/3685/FUL — 18 Canonbury Park North, London, N1 2JT
2026-09-30 10:42:08 INFO LEAD new: [Conditions] Islington/P2025/3674/AOD — Edward Rudolph House, 69 - 85 Margery Street, London, WC1X 0
2026-09-30 10:42:08 INFO LEAD new: [Conditions] Islington/P2025/3681/LBC — 140 Cloudesley Road, London, N1 0EA
2026-09-30 10:42:08 INFO LEAD new: [Conditions] Islington/P2025/3662/LBC — 44 Canonbury Park South, London, N1 2JH
2026-09-30 10:42:08 INFO LEAD new: [Conditions] Islington/P2025/3669/FUL — 8 Miranda Road, London, N19 3RB
2026-09-30 10:42:08 INFO LEAD new: [Conditions] Islington/P2025/3661/FUL — 44 Canonbury Park South, London, N1 2JH
2026-09-30 10:42:08 INFO LEAD new: [Conditions] Islington/P2025/3667/PRA — 35 - 53 Britannia Row, London N1 8QH
2026-09-30 10:42:08 INFO LEAD new: [Conditions] Islington/P2025/3664/FUL — 124-128, Balls Pond Road, London, N1 4AE
2026-09-30 10:42:08 INFO LEAD new: [Conditions] Islington/P2025/3670/FUL — 84 Gillespie Road, London, N5 1LN
2026-09-30 10:42:08 INFO LEAD new: [Conditions] Islington/P2025/3663/COL — Six Acres Estate (Rosefield, Hollyfield and Maplefield), Lon
2026-09-30 10:42:08 INFO LEAD new: [Conditions] Islington/P2025/3666/ADV — 124-128, Balls Pond Road, London, N1 4AE
2026-09-30 10:42:08 INFO LEAD new: [Conditions] Islington/P2025/3648/FUL — 74 Offord Road, London N1 1EB
2026-09-30 10:42:08 INFO LEAD new: [Conditions] Islington/P2025/3647/FUL — Ground Floor Flat, 15 Whitehall Park, London, N19 3TS
2026-09-30 10:42:08 INFO LEAD new: [Conditions] Islington/P2025/3645/LBC — 24 Highbury Place, London, N5 1QP
2026-09-30 10:42:08 INFO LEAD new: [Conditions] Islington/P2025/3657/FUL — 45 and 46 New River Head, 173 Rosebery Avenue, London, EC1R 
2026-09-30 10:42:08 INFO LEAD new: [Conditions] Islington/P2025/3643/FUL — Kennedy's Public House, 297 Caledonian Road, London, N1 1EG
2026-09-30 10:42:08 INFO LEAD new: [Conditions] Islington/P2025/3646/AOD — Delhi Outram Estate, Vibart Walk, London, N1
2026-09-30 10:42:08 INFO LEAD new: [Conditions] Islington/P2025/3653/AOD — 46 Gibson Square, London, N1 0RA
2026-09-30 10:42:08 INFO LEAD new: [Conditions] Islington/P2025/3644/FUL — 15 Highbury Terrace Mews, London, N5 1UT
2026-09-30 10:42:08 INFO LEAD new: [Conditions] Islington/P2025/3658/LBC — 45 and 46 New River Head, 173 Rosebery Avenue, London, EC1R 
2026-09-30 10:42:08 INFO LEAD new: [Conditions] Islington/P2025/3649/FUL — Flat 1, 67A Stroud Green Road, London, N4 3EG
2026-09-30 10:42:08 INFO LEAD new: [Conditions] Islington/P2026/0116/AOD — 32 College Cross, London, N1 1PR
2026-09-30 10:42:08 INFO LEAD new: [Conditions] Islington/P2025/3652/AOD — Parkhurst Court, Warlters Road, London N7 0SD
2026-09-30 10:42:08 INFO LEAD new: [Conditions] Islington/P2025/3659/FUL — Flat 1, 8 Crossley Street, London, N7 8PD
2026-09-30 10:42:08 INFO LEAD new: [Conditions] Islington/P2025/3654/AOD — 34, YORK WAY (JAHN COURT), 34 34B YORK WAY (THE HUB) ALBION 
2026-09-30 10:42:08 INFO LEAD new: [Conditions] Islington/P2025/3641/LBC — 29 - 30, 37-38 & 39-40 Milner Square, London, N1 1TW
2026-09-30 10:42:08 INFO LEAD new: [Conditions] Islington/P2025/3630/AOD — 46, Gibson Square, London, N1 0RA
2026-09-30 10:42:08 INFO LEAD new: [Conditions] Islington/P2025/3640/FUL — 24 Highbury Place, London, N5 1QP
2026-09-30 10:42:08 INFO LEAD new: [Conditions] Islington/P2026/1033/S19 — 46, Gibson Square, London, N1 0RA
2026-09-30 10:42:08 INFO LEAD new: [Conditions] Islington/P2025/3631/AOD — 46, Gibson Square, London, N1 0RA
2026-09-30 10:42:08 INFO LEAD new: [Conditions] Islington/P2025/3627/FUL — 39 Chatterton Road, London, N4 2EA
2026-09-30 10:42:08 INFO LEAD new: [Conditions] Islington/P2025/3611/FUL — Horsfield and Haslam House, Northampton Street, London, N1 2
2026-09-30 10:42:08 INFO LEAD new: [Conditions] Islington/P2025/3634/FUL — 44 Brooksby Street, London, N1 1HA
2026-09-30 10:42:08 INFO LEAD new: [Conditions] Islington/P2025/3612/FUL — Kings Place, 90 York Way, London, N1 9AG
2026-09-30 10:42:08 INFO LEAD new: [Conditions] Islington/P2025/3642/FUL — Flat A, 7 Alexander Road, London, N19 3PF
2026-09-30 10:42:08 INFO LEAD new: [Conditions] Islington/P2025/3618/ADV — 55 - 63 Goswell Road, London, EC1V 7EN
2026-09-30 10:42:08 INFO LEAD new: [Conditions] Islington/P2025/3635/LBC — 44 Brooksby Street, London, N1 1HA
2026-09-30 10:42:08 INFO LEAD new: [Conditions] Islington/P2025/3636/FUL — Flat 1, 20 Aubert Park, London, N5 1TU
2026-09-30 10:42:08 INFO LEAD new: [Conditions] Islington/P2025/3626/FUL — Flat 11, 53 Tollington Park, London, N4 3QP
2026-09-30 10:42:08 INFO LEAD new: [Conditions] Islington/P2025/3617/AOD — 282-284 St Paul's Road, London N1 2LH
2026-09-30 10:42:08 INFO LEAD new: [Conditions] Islington/P2025/3594/FUL — Morrisons, 10 Hertslet Road, London, N7 6PL
2026-09-30 10:42:08 INFO LEAD new: [Conditions] Islington/P2025/3602/FUL — 537 Liverpool Road, London, N7 8NS
2026-09-30 10:42:08 INFO LEAD new: [Conditions] Islington/P2025/3604/FUL — 7 Highbury Park, London, N5 1QJ
2026-09-30 10:42:08 INFO LEAD new: [Conditions] Islington/P2025/3603/LBC — 537 Liverpool Road, London, N7 8NS
2026-09-30 10:42:08 INFO LEAD new: [Conditions] Islington/P2025/3615/FUL — Ground Floor, 354 Caledonian Road, London, N1 1DU
2026-09-30 10:42:08 INFO LEAD new: [Conditions] Islington/P2025/3599/FUL — Flat 2, 63 White Lion Street, London, N1 9PP
2026-09-30 10:42:08 INFO LEAD new: [Conditions] Islington/P2025/3605/AOD — 51, Gibson Square, London, N1 0RA
2026-09-30 10:42:08 INFO LEAD new: [Conditions] Islington/P2025/3616/ADV — Ground Floor, 354 Caledonian Road, London, N1 1DU
2026-09-30 10:42:08 INFO LEAD new: [Conditions] Islington/P2025/3620/COL — Tufnell Park Estate, Tufnell Park Road, London, N7
2026-09-30 10:42:08 INFO LEAD new: [Conditions] Islington/P2025/3583/FUL — 1 Elia Street, London, N1 8DE
2026-09-30 10:42:08 INFO LEAD new: [Conditions] Islington/P2025/3572/FUL — 16 Elphinstone Street, London, N5 1BS
2026-09-30 10:42:14 INFO [islington/Conditions] page at offset 1000: 100 records
2026-09-30 10:42:14 INFO LEAD new: [Conditions] Islington/P2025/3565/FUL — 34 Ronalds Road, London, N5 1XG
2026-09-30 10:42:14 INFO LEAD new: [Conditions] Islington/P2025/3580/ADV — 8-12 Junction Road, London, N19 5RQ
2026-09-30 10:42:14 INFO LEAD new: [Conditions] Islington/P2025/3568/FUL — 1 Archibald Road, London, N7 0AN
2026-09-30 10:42:14 INFO LEAD new: [Conditions] Islington/P2025/3567/FUL — Basement Flat, 69 Sotheby Road, London, N5 2UP
2026-09-30 10:42:14 INFO LEAD new: [Conditions] Islington/P2025/3584/LBC — 9, Alwyne Road, London, N1 2HH
2026-09-30 10:42:14 INFO LEAD new: [Conditions] Islington/P2025/3574/PRA — Goodinge Health Centre, 20 North Road, London, N7 9EW
2026-09-30 10:42:14 INFO LEAD new: [Conditions] Islington/P2025/3586/FUL — 24 Napier Terrace, London, N1 1TJ
2026-09-30 10:42:14 INFO LEAD new: [Conditions] Islington/P2025/3566/FUL — 7 Medina Road, London N7 7JU
2026-09-30 10:42:14 INFO LEAD new: [Conditions] Islington/P2025/3564/FUL — 39 Miranda Road, London N19 3RA
2026-09-30 10:42:14 INFO LEAD new: [Conditions] Islington/P2025/3587/ADV — 213 - 215 Upper Street, London, N1 1RL
2026-09-30 10:42:14 INFO LEAD new: [Conditions] Islington/P2025/3579/FUL — 8-12 Junction Road, London, N19 5RQ
2026-09-30 10:42:14 INFO LEAD new: [Conditions] Islington/P2025/3544/FUL — Flat A, 507 Caledonian Road, London, N7 9RN
2026-09-30 10:42:14 INFO LEAD new: [Conditions] Islington/P2025/3552/LBC — Block F, THE WHITTINGTON HOSPITAL, Magdala Avenue, London, N
2026-09-30 10:42:14 INFO LEAD new: [Conditions] Islington/P2025/3553/AOD — Land Rear Of 28 Amwell Street, Amwell Street, London
2026-09-30 10:42:14 INFO LEAD new: [Conditions] Islington/P2025/3551/AOD — Highbury Fields Cafe, London, Islington, N5 1HP
2026-09-30 10:42:14 INFO LEAD new: [Conditions] Islington/P2025/3561/FUL — 55 Colebrooke Row, London, N1 8AF
2026-09-30 10:42:14 INFO LEAD new: [Conditions] Islington/P2025/3562/LBC — 55 Colebrooke Row, London, N1 8AF
2026-09-30 10:42:14 INFO LEAD new: [Conditions] Islington/P2025/3549/FUL — Wash House Court, The Charterhouse, Charterhouse Square, EC1
2026-09-30 10:42:14 INFO LEAD new: [Conditions] Islington/P2025/3550/LBC — Wash House Court, The Charterhouse, Charterhouse Square, EC1
2026-09-30 10:42:14 INFO LEAD new: [Conditions] Islington/P2025/3525/LBC — TOWN HALL, UPPER STREET, LONDON, ISLINGTON, N1 2UD
2026-09-30 10:42:14 INFO LEAD new: [Conditions] Islington/P2025/3524/LBC — Unit A, EASTSTAND APARTMENTS, Highbury Stadium Square, Londo
2026-09-30 10:42:14 INFO LEAD new: [Conditions] Islington/P2025/3529/FUL — Basement And Ground Floor Flat, 79 Highbury Hill, London, N5
2026-09-30 10:42:14 INFO LEAD new: [Conditions] Islington/P2025/3535/AOD — 81 Turlewray Close, London, N4 3LR
2026-09-30 10:42:14 INFO LEAD new: [Conditions] Islington/P2025/3533/AOD — 81 Turlewray Close, London, N4 3LR
2026-09-30 10:42:14 INFO LEAD new: [Conditions] Islington/P2025/3530/FUL — 155- 157 Offord Road, London N1 1LR
2026-09-30 10:42:14 INFO LEAD new: [Conditions] Islington/P2025/3531/PRA — 361 - 373 City Road, London, EC1V 1LR
2026-09-30 10:42:14 INFO LEAD new: [Conditions] Islington/P2025/3523/LBC — 29 St Paul's Place, London, N1 2QG
2026-09-30 10:42:14 INFO LEAD new: [Conditions] Islington/P2025/3522/FUL — 29 St Paul's Place, London, N1 2QG
2026-09-30 10:42:14 INFO LEAD new: [Conditions] Islington/P2025/3536/FUL — 8 Halton Road and 8 Halton Cross Street, London, N1 2EU
2026-09-30 10:42:14 INFO LEAD new: [Conditions] Islington/P2025/3520/COL — 2 Furlong Road, London
2026-09-30 10:42:14 INFO LEAD new: [Conditions] Islington/P2025/3505/COL — 36 Upper Street, London, N1 0PN
2026-09-30 10:42:14 INFO LEAD new: [Conditions] Islington/P2025/3507/AOD — 1, Sudeley Street, London, N1 8HP
2026-09-30 10:42:14 INFO LEAD new: [Conditions] Islington/P2025/3504/FUL — Basement Flat, 5 Huddleston Road, London, N7 0RE
2026-09-30 10:42:14 INFO LEAD new: [Conditions] Islington/P2025/3516/FUL — 14 Northolme Road, London, N5 2UZ
2026-09-30 10:42:14 INFO LEAD new: [Conditions] Islington/P2025/3590/FUL — St Davids Apartments, 53 Lough Road, London, N7 8BZ
2026-09-30 10:42:14 INFO LEAD new: [Conditions] Islington/P2025/3519/COL — 38, Melgund Road, London, N5 1PT
2026-09-30 10:42:14 INFO LEAD new: [Conditions] Islington/P2025/3477/AOD — Land Rear Of 28 Amwell Street, Amwell Street, London
2026-09-30 10:42:14 INFO LEAD new: [Conditions] Islington/P2025/3482/ADV — 16 Clerkenwell Green, London, EC1R 0QT
2026-09-30 10:42:14 INFO LEAD new: [Conditions] Islington/P2025/3495/FUL — 137 Stroud Green Road, London, N4 3PX
2026-09-30 10:42:14 INFO LEAD new: [Conditions] Islington/P2025/3473/FUL — 12 Nelson Terrace, London, N1 8DG
2026-09-30 10:42:14 INFO LEAD new: [Conditions] Islington/P2025/3475/FUL — 16, Grenville Road, London, N19 4EH
2026-09-30 10:42:14 INFO LEAD new: [Conditions] Islington/P2025/3474/LBC — 12 Nelson Terrace, London, N1 8DG
2026-09-30 10:42:14 INFO LEAD new: [Conditions] Islington/P2025/3469/FUL — John Vane Science Centre, St Bartholomews Hospital Medical C
2026-09-30 10:42:14 INFO LEAD new: [Conditions] Islington/P2025/3481/FUL — 16 Clerkenwell Green, London, EC1R 0QT
2026-09-30 10:42:14 INFO LEAD new: [Conditions] Islington/P2025/3467/FUL — 29 Arlington Square, London, N1 7DP
2026-09-30 10:42:14 INFO LEAD new: [Conditions] Islington/P2025/3446/FUL — 58 Witherington Road, London, N5 1PP
2026-09-30 10:42:14 INFO LEAD new: [Conditions] Islington/P2025/3471/S73 — 123 Farringdon Road, London, EC1R 3DA
2026-09-30 10:42:14 INFO LEAD new: [Conditions] Islington/P2025/3463/FUL — 97 Crayford Road, London, N7 0NE
2026-09-30 10:42:14 INFO LEAD new: [Conditions] Islington/P2025/3508/FUL — 61 Ripplevale Grove, London, N1 1HS
2026-09-30 10:42:14 INFO LEAD new: [Conditions] Islington/P2025/3450/S73 — 427 Caledonian Road, London, N7 9BG
2026-09-30 10:42:14 INFO LEAD new: [Conditions] Islington/P2025/3468/LBC — 29 Arlington Square, London, N1 7DP
2026-09-30 10:42:14 INFO LEAD new: [Conditions] Islington/P2025/3470/S73 — 123 Farringdon Road, London, EC1R 3DA
2026-09-30 10:42:14 INFO LEAD new: [Conditions] Islington/P2025/3440/FUL — 62A Bride Street, London, N7 8AZ
2026-09-30 10:42:14 INFO LEAD new: [Conditions] Islington/P2025/3439/LBC — 5,8 & 23, Milner Square, London
2026-09-30 10:42:14 INFO LEAD new: [Conditions] Islington/P2025/3447/FUL — 140 Seven Sisters Road, London, N7 7NS
2026-09-30 10:42:14 INFO LEAD new: [Conditions] Islington/P2025/3444/LBC — 1 College Cross, London, N1 1PT
2026-09-30 10:42:14 INFO LEAD new: [Conditions] Islington/P2025/3443/FUL — 1 College Cross, London, N1 1PT
2026-09-30 10:42:14 INFO LEAD new: [Conditions] Islington/P2025/3438/FUL — 38 Medina Road, London N7 7LA
2026-09-30 10:42:14 INFO LEAD new: [Conditions] Islington/P2025/3441/FUL — 14 City Road, London, EC1Y 2AA
2026-09-30 10:42:14 INFO LEAD new: [Conditions] Islington/P2025/3437/LBC — 380 City Road, London
2026-09-30 10:42:14 INFO LEAD new: [Conditions] Islington/P2025/3442/LBC — 36, Myddelton Square, London, EC1R 1YB
2026-09-30 10:42:14 INFO LEAD new: [Conditions] Islington/P2025/3427/ADV — 106 Blackstock Road, London, N4 2DR
2026-09-30 10:42:14 INFO LEAD new: [Conditions] Islington/P2025/3423/OBS — Anvil House, 8 - 34 Matthias Road, Hackney, London, N16 8NT
2026-09-30 10:42:14 INFO LEAD new: [Conditions] Islington/P2025/3424/FUL — 33 Cressida Road, London, N19 3JN
2026-09-30 10:42:14 INFO LEAD new: [Conditions] Islington/P2025/3429/FUL — 14 City Road, London, EC1Y 2AA
2026-09-30 10:42:14 INFO LEAD new: [Conditions] Islington/P2025/3430/COL — Flat 20A Chequer Court, 3 Chequer Street, London
2026-09-30 10:42:14 INFO LEAD new: [Conditions] Islington/P2025/3422/FUL — 21 Hargrave Road, London N19 5SH
2026-09-30 10:42:14 INFO LEAD new: [Conditions] Islington/P2025/3419/FUL — 28 Hemingford Road, London, N1 0JU
2026-09-30 10:42:14 INFO LEAD new: [Conditions] Islington/P2025/3415/LBC — 49 Noel Road, London, N1 8HQ
2026-09-30 10:42:14 INFO LEAD new: [Conditions] Islington/P2025/3418/S73 — 49 Noel Road, London, N1 8HQ
2026-09-30 10:42:14 INFO LEAD new: [Conditions] Islington/P2025/3414/FUL — 52 Northolme Road, London, N5 2UX
2026-09-30 10:42:14 INFO LEAD new: [Conditions] Islington/P2025/3393/FUL — 40 Melgund Road, London N5 1PT
2026-09-30 10:42:14 INFO LEAD new: [Conditions] Islington/P2025/3407/FUL — 3, Pavillion Mews, London, N4 3QA
2026-09-30 10:42:14 INFO LEAD new: [Conditions] Islington/P2025/3394/FUL — 125 Fairbridge Road, London N19 3HF
2026-09-30 10:42:14 INFO LEAD new: [Conditions] Islington/P2025/3404/FUL — 23 Almorah Road, London, N1 3ER
2026-09-30 10:42:14 INFO LEAD new: [Conditions] Islington/P2025/3406/S73 — Telfer House, 27 Lever Street, London, EC1V 3QY
2026-09-30 10:42:14 INFO LEAD new: [Conditions] Islington/P2025/3411/FUL — Flat C, 71 Corinne Road, London, N19 5HA
2026-09-30 10:42:14 INFO LEAD new: [Conditions] Islington/P2025/3408/S73 — 23 Crossley Street, London, N7 8PE
2026-09-30 10:42:14 INFO LEAD new: [Conditions] Islington/P2025/3391/FUL — Bevin Court, Cruikshank Street, London, WC1X 9HB
2026-09-30 10:42:14 INFO LEAD new: [Conditions] Islington/P2025/3395/FUL — 25A Courtney Road, London, N7 7BQ
2026-09-30 10:42:14 INFO LEAD new: [Conditions] Islington/P2025/3392/LBC — Bevin Court, Cruikshank Street, London, WC1X 9HB
2026-09-30 10:42:14 INFO LEAD new: [Conditions] Islington/P2025/3398/ADV — 240 Seven Sisters Road, London, N4 2HX
2026-09-30 10:42:14 INFO LEAD new: [Conditions] Islington/P2025/3389/AOD — 10 - 14, Garrett Street, London, EC1Y 0TY
2026-09-30 10:42:14 INFO LEAD new: [Conditions] Islington/P2025/3390/COL — 4 Pollard Close, London, N7 9SX
2026-09-30 10:42:14 INFO LEAD new: [Conditions] Islington/P2025/3396/FUL — 2 Chadwell Mews, London, EC1R 1AF
2026-09-30 10:42:14 INFO LEAD new: [Conditions] Islington/P2025/3386/FUL — 47 Cleveland Road, London, N1 3ES
2026-09-30 10:42:14 INFO LEAD new: [Conditions] Islington/P2025/3368/COL — 53, Amwell Street, London, EC1R 1UR
2026-09-30 10:42:14 INFO LEAD new: [Conditions] Islington/P2025/3364/FUL — Flat 2, 1 St George's Avenue, London, N7 0HB
2026-09-30 10:42:14 INFO LEAD new: [Conditions] Islington/P2025/3372/FUL — 89 Riversdale Road, London, N5 2ST
2026-09-30 10:42:14 INFO LEAD new: [Conditions] Islington/P2025/3362/FUL — 2 Miranda Road, Ground Floor Flat, London, N19 3RB
2026-09-30 10:42:14 INFO LEAD new: [Conditions] Islington/P2025/3365/AOD — Land Rear Of 28 Amwell Street, Amwell Street, London
2026-09-30 10:42:14 INFO LEAD new: [Conditions] Islington/P2025/3373/FUL — 35 Crane Grove, London, N7 8LD
2026-09-30 10:42:21 INFO [islington/Conditions] page at offset 1100: 100 records
2026-09-30 10:42:21 INFO LEAD new: [Conditions] Islington/P2025/3375/AOD — 372, 374, 376, 378, 380, 382, 384, 386, 388, 390, St John St
2026-09-30 10:42:21 INFO LEAD new: [Conditions] Islington/P2025/3360/FUL — 70 and 72 St Thomas's Road, London, N4 2QW
2026-09-30 10:42:21 INFO LEAD new: [Conditions] Islington/P2025/3356/FUL — 28, 30, 32, 34, and 36 St Thomas's Road, London, N4 2QQ
2026-09-30 10:42:21 INFO LEAD new: [Conditions] Islington/P2025/3353/LBC — Caledonian Road Underground Station, Caledonian Road, London
2026-09-30 10:42:21 INFO LEAD new: [Conditions] Islington/P2025/3358/AOD — 375, Liverpool Road, London, N1 1NL
2026-09-30 10:42:21 INFO LEAD new: [Conditions] Islington/P2025/3355/FUL — Flat 1, 44 Aberdeen Road, London, N5 2XD
2026-09-30 10:42:21 INFO LEAD new: [Conditions] Islington/P2025/3347/FUL — Unit 1 & 2, Holford Yard, London, WC1X 9HD
2026-09-30 10:42:21 INFO LEAD new: [Conditions] Islington/P2025/3351/AOD — 139-149 Fonthill Road, London, N4 3HF
2026-09-30 10:42:21 INFO LEAD new: [Conditions] Islington/P2025/3350/AOD — Old Barnsbury, The Barnsbury Estate, London, N1 0JE
2026-09-30 10:42:21 INFO LEAD new: [Conditions] Islington/P2025/3346/ADV — 64, Essex Road, London
2026-09-30 10:42:21 INFO LEAD new: [Conditions] Islington/P2025/3330/FUL — 27 Hatley Road, London, N4 3NN
2026-09-30 10:42:21 INFO LEAD new: [Conditions] Islington/P2025/3343/AOD — 95 Richmond Avenue, London, N1 0LT
2026-09-30 10:42:21 INFO LEAD new: [Conditions] Islington/P2025/3335/FUL — Bridge Wharf, 156 Caledonian Road, London, N1 9UU
2026-09-30 10:42:21 INFO LEAD new: [Conditions] Islington/P2025/3341/FUL — 44 Milner Square, London, N1 1TW
2026-09-30 10:42:21 INFO LEAD new: [Conditions] Islington/P2025/3342/LBC — 44 Milner Square, London, N1 1TW
2026-09-30 10:42:21 INFO LEAD new: [Conditions] Islington/P2025/3344/COL — Flat 2, 180 Drayton Park, London, N5 1LX
2026-09-30 10:42:21 INFO LEAD new: [Conditions] Islington/P2025/3320/COL — 33-35 Topham Street, London, EC1R 5HH
2026-09-30 10:42:21 INFO LEAD new: [Conditions] Islington/P2025/3328/FUL — Flat 2, Floral Place 7, Northampton Grove, London, N1 2PL
2026-09-30 10:42:21 INFO LEAD new: [Conditions] Islington/P2025/3323/LBC — 158, Barnsbury Road, London, N1 0ER
2026-09-30 10:42:21 INFO LEAD new: [Conditions] Islington/P2025/3326/S73 — 104 Thorpedale Road, London N4 3BS
2026-09-30 10:42:21 INFO LEAD new: [Conditions] Islington/P2025/3322/FUL — Basement Flat, 7 Huddleston Road, London, N7 0RE
2026-09-30 10:42:21 INFO LEAD new: [Conditions] Islington/P2025/3327/AOD — 7 Hillmarton Road, London, N7 9JE
2026-09-30 10:42:21 INFO LEAD new: [Conditions] Islington/P2025/3311/LBC — Business Design Centre, 52 Upper Street, London N1 0QH
2026-09-30 10:42:21 INFO LEAD new: [Conditions] Islington/P2025/3306/FUL — Flat B, 101 Moray Road, London, N4 3LB
2026-09-30 10:42:21 INFO LEAD new: [Conditions] Islington/P2025/3308/FUL — 34 Yerbury Road, London, N19 4RJ
2026-09-30 10:42:21 INFO LEAD new: [Conditions] Islington/P2025/3303/ADV — 7 - 8 Carthusian Street, London EC1M 6EB
2026-09-30 10:42:21 INFO LEAD new: [Conditions] Islington/P2025/3301/ADV — Bus Shelter Outside 101 Stroud Green Road, London, N4 3PX
2026-09-30 10:42:21 INFO LEAD new: [Conditions] Islington/P2025/3299/ADV — Bus Shelter outside Angel House, 20-32 Pentonville Road, N1 
2026-09-30 10:42:21 INFO LEAD new: [Conditions] Islington/P2025/3300/ADV — Bus Shelter on Sandridge Street (Adj to 800 Holloway Rd), Lo
2026-09-30 10:42:21 INFO LEAD new: [Conditions] Islington/P2025/3294/COL — Flat C, 560 Caledonian Road, Islington, London, N7 9SD
2026-09-30 10:42:21 INFO LEAD new: [Conditions] Islington/P2025/3305/FUL — Charlie Hotel Ltd, 63 Anson Road, London, N7 0AR
2026-09-30 10:42:21 INFO LEAD new: [Conditions] Islington/P2025/3293/AOD — Archway Tavern Public House, 1 Navigator Square, London, N19
2026-09-30 10:42:21 INFO LEAD new: [Conditions] Islington/P2025/3298/ADV — Bus Shelter, 83 Parkhurst Road, London, N7 0LP
2026-09-30 10:42:21 INFO LEAD new: [Conditions] Islington/P2025/3291/LBC — Flat B, 306 Liverpool Road, London, N7 8PU
2026-09-30 10:42:21 INFO LEAD new: [Conditions] Islington/P2025/3282/FUL — 8 Pemberton Gardens, London, N19 5RU
2026-09-30 10:42:21 INFO LEAD new: [Conditions] Islington/P2025/3290/FUL — Flat B, 306 Liverpool Road, London, N7 8PU
2026-09-30 10:42:21 INFO LEAD new: [Conditions] Islington/P2025/3279/FUL — Flat B, 58 Plimsoll Road, London, N4 2EE
2026-09-30 10:42:21 INFO LEAD new: [Conditions] Islington/P2025/3287/AOD — 87, Sunnyside Road, London, N19 3SL
2026-09-30 10:42:21 INFO LEAD new: [Conditions] Islington/P2025/3289/NMA — Basement And Ground Floor, 103 Essex Road, London N1 2SJ
2026-09-30 10:42:21 INFO LEAD new: [Conditions] Islington/P2025/3288/AOD — 87, Sunnyside Road, London, N19 3SL
2026-09-30 10:42:21 INFO LEAD new: [Conditions] Islington/P2025/3292/FUL — Flat A, 1 Almorah Road, London, N1 3EN
2026-09-30 10:42:21 INFO LEAD new: [Conditions] Islington/P2025/3285/FUL — 20 Whewell Road, London, N19 4LS
2026-09-30 10:42:21 INFO LEAD new: [Conditions] Islington/P2025/3270/FUL — Flat 3, 9 Highbury Hill, London, N5 1SU
2026-09-30 10:42:21 INFO LEAD new: [Conditions] Islington/P2025/3286/FUL — Flat B, 9 Barnsbury Terrace, London, N1 1JH
2026-09-30 10:42:21 INFO LEAD new: [Conditions] Islington/P2025/3283/AOD — St John’s Mansions, St John Street, London, EC1V 4NX
2026-09-30 10:42:21 INFO LEAD new: [Conditions] Islington/P2025/3334/OBS — Various locations, on the public highway, in the London Boro
2026-09-30 10:42:21 INFO LEAD new: [Conditions] Islington/P2025/3265/FUL — 20 Ferntower Road, London, N5 2JH
2026-09-30 10:42:21 INFO LEAD new: [Conditions] Islington/P2025/3267/AOD — Garages to the rear of Parkhurst Court, Warlters Road, Londo
2026-09-30 10:42:21 INFO LEAD new: [Conditions] Islington/P2025/3251/FUL — Braithwaite House, Bunhill Row, London, EC1Y 8NE
2026-09-30 10:42:21 INFO LEAD new: [Conditions] Islington/P2025/3254/LBC — 53, 55, 61 Pentonville Road, London
2026-09-30 10:42:21 INFO LEAD new: [Conditions] Islington/P2025/3247/FUL — 15A and 16 Great Percy Street and 13 and 14 Percy Circus, Lo
2026-09-30 10:42:21 INFO LEAD new: [Conditions] Islington/P2025/3257/FUL — Flat A, 91 Mildmay Road, London, N1 4PU
2026-09-30 10:42:21 INFO LEAD new: [Conditions] Islington/P2025/3248/FUL — 38A and 38B Petherton Road, London, N5 2RE
2026-09-30 10:42:21 INFO LEAD new: [Conditions] Islington/P2025/3263/AOD — Garages to the rear of Parkhurst Court, Warlters Road, Londo
2026-09-30 10:42:21 INFO LEAD new: [Conditions] Islington/P2025/3261/FUL — 196 Old Street, Islington, London, EC1V 9FR
2026-09-30 10:42:21 INFO LEAD new: [Conditions] Islington/P2025/3250/FUL — Flat 4, 9 Alwyne Place, London, N1 2NL
2026-09-30 10:42:21 INFO LEAD new: [Conditions] Islington/P2025/3259/AOD — 1 John Horner Mews, London, N1 8PB
2026-09-30 10:42:21 INFO LEAD new: [Conditions] Islington/P2025/3234/LBC — 30 Wilmington Square, London, WC1X 0EG
2026-09-30 10:42:21 INFO LEAD new: [Conditions] Islington/P2025/3241/PRA — Clarissa Baldwin House, 17 Wakley Street, London, EC1V 7RQ
2026-09-30 10:42:21 INFO LEAD new: [Conditions] Islington/P2025/3238/FUL — Block K, The Whittington Hospital, Magdala Avenue, London, N
2026-09-30 10:42:21 INFO LEAD new: [Conditions] Islington/P2025/3239/FUL — Gibson House, Gibson Square, London, N1 0RY
2026-09-30 10:42:21 INFO LEAD new: [Conditions] Islington/P2025/3233/FUL — 30 Wilmington Square, London, WC1X 0EG
2026-09-30 10:42:21 INFO LEAD new: [Conditions] Islington/P2025/3237/LBC — 14 GIBSON SQUARE LONDON N1 0RD
2026-09-30 10:42:21 INFO LEAD new: [Conditions] Islington/P2025/3235/LBC — 44 Canonbury Park South, London, N1 2JH
2026-09-30 10:42:21 INFO LEAD new: [Conditions] Islington/P2025/3229/ADV — VUE, 36 Parkfield Street, London, N1 0PS
2026-09-30 10:42:21 INFO LEAD new: [Conditions] Islington/P2025/3232/AOD — Caledonian Park Court, Market Road, London, N7 9PL
2026-09-30 10:42:21 INFO LEAD new: [Conditions] Islington/P2025/3225/FUL — 20 Horsell Road, London, N5 1XR
2026-09-30 10:42:21 INFO LEAD new: [Conditions] Islington/P2025/3231/AOD — 141 Southgate Road, London, N1 3LF
2026-09-30 10:42:21 INFO LEAD new: [Conditions] Islington/P2025/3228/S73 — 48 Queen's Head Street, London, N1 8NG
2026-09-30 10:42:21 INFO LEAD new: [Conditions] Islington/P2025/3223/LBC — 112, Flat B, Liverpool Road, London, N1 0RE
2026-09-30 10:42:21 INFO LEAD new: [Conditions] Islington/P2025/3224/FUL — 49 Fairbridge Road, London, N19 3EW
2026-09-30 10:42:21 INFO LEAD new: [Conditions] Islington/P2025/3213/ADV — Business Design Centre, 52 Upper Street, London N1 0QH
2026-09-30 10:42:21 INFO LEAD new: [Conditions] Islington/P2025/3207/FUL — 30 Giesbach Road, London, N19 3EH
2026-09-30 10:42:21 INFO LEAD new: [Conditions] Islington/P2025/3209/COL — 23 Framfield Road, London, N5 1UU
2026-09-30 10:42:21 INFO LEAD new: [Conditions] Islington/P2025/3212/FUL — 47 Chatterton Road, London, N4 2EA
2026-09-30 10:42:21 INFO LEAD new: [Conditions] Islington/P2025/3200/AOD — 58 Roman Way, London, N7 8XF
2026-09-30 10:42:21 INFO LEAD new: [Conditions] Islington/P2025/3204/FUL — 74 Plimsoll Road, London, N4 2EE
2026-09-30 10:42:21 INFO LEAD new: [Conditions] Islington/P2025/3187/FUL — 74 Plimsoll Road, London, N4 2EE
2026-09-30 10:42:21 INFO LEAD new: [Conditions] Islington/P2025/3191/COL — 155-157, Copenhagen Street, London, N1 0SR
2026-09-30 10:42:21 INFO LEAD new: [Conditions] Islington/P2025/3195/AOD — 186 City Road, London, EC1V 2NT
2026-09-30 10:42:21 INFO LEAD new: [Conditions] Islington/P2025/3186/FUL — 12 Orleston Mews, London, N7 8LL
2026-09-30 10:42:21 INFO LEAD new: [Conditions] Islington/P2025/3174/COL — Chapters Kings Cross, 200 Pentonville Road, London, N1 9LP
2026-09-30 10:42:21 INFO LEAD new: [Conditions] Islington/P2025/3162/S73 — 2 Avenell Road, London, N5 1DP
2026-09-30 10:42:21 INFO LEAD new: [Conditions] Islington/P2025/3183/LBC — 9, Alwyne Road, London, N1 2HH
2026-09-30 10:42:21 INFO LEAD new: [Conditions] Islington/P2025/3173/FUL — 89 Marlborough Road, London, N19 4PA
2026-09-30 10:42:21 INFO LEAD new: [Conditions] Islington/P2025/3177/LBC — 104 - 122, Portvale Properties Limited, Unit 1, IMPERIAL HAL
2026-09-30 10:42:21 INFO LEAD new: [Conditions] Islington/P2025/3197/PRA — 17A Highbury Terrace Mews, London, N5 1UT
2026-09-30 10:42:21 INFO LEAD new: [Conditions] Islington/P2025/3176/AOD — Doubletree by Hilton (London Angel Kings Cross), 60 Pentonvi
2026-09-30 10:42:21 INFO LEAD new: [Conditions] Islington/P2025/3168/AOD — 22, Halton Road, London, N1 2EU
2026-09-30 10:42:21 INFO LEAD new: [Conditions] Islington/P2025/3166/FUL — 246-250 Brecknock Road, London, N19 5BQ
2026-09-30 10:42:21 INFO LEAD new: [Conditions] Islington/P2025/3167/FUL — 7 Hillmarton Road, London, N7 9JE
2026-09-30 10:42:27 INFO [islington/Conditions] page at offset 1200: 100 records
2026-09-30 10:42:27 INFO LEAD new: [Conditions] Islington/P2025/3157/AOD — John Vane Science Centre, ST BARTHOLOMEWS HOSPITAL MEDICAL C
2026-09-30 10:42:27 INFO LEAD new: [Conditions] Islington/P2025/3144/FUL — 15 Eden Grove, London, N7 8EE
2026-09-30 10:42:27 INFO LEAD new: [Conditions] Islington/P2025/3143/FUL — 25 Beacon Hill, London, N7 9LY
2026-09-30 10:42:27 INFO LEAD new: [Conditions] Islington/P2025/3255/LBC — Flat A, 29 Claremont Square, London, N1 9LX
2026-09-30 10:42:27 INFO LEAD new: [Conditions] Islington/P2025/3138/FUL — 401 St John Street, London, EC1V 4LD
2026-09-30 10:42:27 INFO LEAD new: [Conditions] Islington/P2025/3154/FUL — 10 Elphinstone Street, London, N5 1BS
2026-09-30 10:42:27 INFO LEAD new: [Conditions] Islington/P2025/3141/FUL — 58 Ockendon Road, London, N1 3NW
2026-09-30 10:42:27 INFO LEAD new: [Conditions] Islington/P2025/3125/FUL — 36 Thornhill Road, London, N1 1HW
2026-09-30 10:42:27 INFO LEAD new: [Conditions] Islington/P2025/3132/ADV — 9 - 10 Domingo Street, London EC1Y 0TA
2026-09-30 10:42:27 INFO LEAD new: [Conditions] Islington/P2025/3128/FUL — 103 Essex Road, London, N1 2SJ
2026-09-30 10:42:27 INFO LEAD new: [Conditions] Islington/P2025/3127/FUL — 36 Thornhill Road, London, N1 1HW
2026-09-30 10:42:27 INFO LEAD new: [Conditions] Islington/P2025/3122/FUL — 100 St Thomas's Road, London N1 1XR
2026-09-30 10:42:27 INFO LEAD new: [Conditions] Islington/P2025/3117/AOD — 110, Hemingford Road, London, N1 1DE
2026-09-30 10:42:27 INFO LEAD new: [Conditions] Islington/P2025/3111/AOD — 53A Highbury New Park, London, N5 2ET
2026-09-30 10:42:27 INFO LEAD new: [Conditions] Islington/P2025/3113/FUL — 188 Tufnell Park Road, London N7 0EE
2026-09-30 10:42:27 INFO LEAD new: [Conditions] Islington/P2025/3107/LBC — 104 - 122, Imperial Hall, City Road, London
2026-09-30 10:42:27 INFO LEAD new: [Conditions] Islington/P2025/3112/AOD — 53A, Highbury New Park, London, N5 2ET
2026-09-30 10:42:27 INFO LEAD new: [Conditions] Islington/P2025/3082/S73 — London Metropolitan University, 166 - 220 Holloway Road, Lon
2026-09-30 10:42:27 INFO LEAD new: [Conditions] Islington/P2025/3087/FUL — 189 Offord Road, London, N1 1LR
2026-09-30 10:42:27 INFO LEAD new: [Conditions] Islington/P2025/3097/FUL — 74 King's Cross Road, London WC1X 9QG
2026-09-30 10:42:27 INFO LEAD new: [Conditions] Islington/P2025/3088/FUL — 116-125 Quill Street, London, N4 2AE
2026-09-30 10:42:27 INFO LEAD new: [Conditions] Islington/P2025/3090/FUL — 131 Offord Road, London N1 1PH
2026-09-30 10:42:27 INFO LEAD new: [Conditions] Islington/P2025/3095/FUL — 52 Queen's Head Street, London N1 8NG
2026-09-30 10:42:27 INFO LEAD new: [Conditions] Islington/P2025/3094/FUL — 60 Queen's Head Street, London N1 8NG
2026-09-30 10:42:27 INFO LEAD new: [Conditions] Islington/P2025/3093/FUL — 56 Queen's Head Street, London N1 8NG
2026-09-30 10:42:27 INFO LEAD new: [Conditions] Islington/P2025/3092/FUL — 54 Queen's Head Street, London, N1 8NG
2026-09-30 10:42:27 INFO LEAD new: [Conditions] Islington/P2025/3083/COL — 30 Whitehall Park, London
2026-09-30 10:42:27 INFO LEAD new: [Conditions] Islington/P2025/3081/S73 — 76 Plimsoll Road, London, N4 2EE
2026-09-30 10:42:27 INFO LEAD new: [Conditions] Islington/P2025/3103/FUL — Flat A, 178 Downham Road, London, N1 3HL
2026-09-30 10:42:27 INFO LEAD new: [Conditions] Islington/P2025/3091/FUL — 46 Queen's Head Street, London N1 8NG
2026-09-30 10:42:27 INFO LEAD new: [Conditions] Islington/P2025/3089/FUL — 131-139 Quill Street, London, N4 2AE
2026-09-30 10:42:27 INFO LEAD new: [Conditions] Islington/P2025/3064/FUL — Anguilla House, 172 Watkinson Road, London N7 8ET
2026-09-30 10:42:27 INFO LEAD new: [Conditions] Islington/P2025/3079/AOD — 7, Arbuthnot Latham & Co Ltd, Arbuthnot House, Wilson Street
2026-09-30 10:42:27 INFO LEAD new: [Conditions] Islington/P2025/3072/COL — 37A Wedmore Street, London, N19 4RU
2026-09-30 10:42:27 INFO LEAD new: [Conditions] Islington/P2025/3074/FUL — 2 Rosemary Street, London, N1 3DU
2026-09-30 10:42:27 INFO LEAD new: [Conditions] Islington/P2025/3069/COL — 21 Framfield Road, London, N5 1UU
2026-09-30 10:42:27 INFO LEAD new: [Conditions] Islington/P2025/3068/FUL — Flat B, 20 Charteris Road, London, N4 3AB
2026-09-30 10:42:27 INFO LEAD new: [Conditions] Islington/P2025/3076/FUL — 237 Liverpool Road, London, N1 1LX
2026-09-30 10:42:27 INFO LEAD new: [Conditions] Islington/P2025/3078/FUL — 51 Devonia Road, London, N1 8JQ
2026-09-30 10:42:27 INFO LEAD new: [Conditions] Islington/P2025/3085/FUL — Flat A, 2 Aberdeen Park, London, N5 2BN
2026-09-30 10:42:27 INFO LEAD new: [Conditions] Islington/P2025/3071/FUL — 2 Highbury Grange, London N5 2PX
2026-09-30 10:42:27 INFO LEAD new: [Conditions] Islington/P2025/3058/FUL — 1-14 Francis Walk, N1 0LJ, 1-25 Bingfield Street and 4-16 St
2026-09-30 10:42:27 INFO LEAD new: [Conditions] Islington/P2025/3059/PRA — Clarissa Baldwin House, 17 Wakley Street, London, EC1V 7RQ
2026-09-30 10:42:27 INFO LEAD new: [Conditions] Islington/P2025/3057/LBC — 22 St Paul's Place, London, N1 2QF
2026-09-30 10:42:27 INFO LEAD new: [Conditions] Islington/P2025/3333/FUL — 22 St Paul's Place, London, N1 2QF
2026-09-30 10:42:27 INFO LEAD new: [Conditions] Islington/P2025/3060/AOD — 10 - 14, Garrett Street, London, EC1Y 0TY
2026-09-30 10:42:27 INFO LEAD new: [Conditions] Islington/P2025/3061/FUL — 171 Hemingford Road, London, N1 1DA
2026-09-30 10:42:27 INFO LEAD new: [Conditions] Islington/P2025/3029/AOD — Flat A, 30 Devonia Road, London N1 8JH
2026-09-30 10:42:27 INFO LEAD new: [Conditions] Islington/P2025/3032/FUL — 22 Romilly Road, London, N4 2QX
2026-09-30 10:42:27 INFO LEAD new: [Conditions] Islington/P2025/3042/ADV — 30 Finsbury Square, London, EC2A 1AG
2026-09-30 10:42:27 INFO LEAD new: [Conditions] Islington/P2025/3040/FUL — 469 Holloway Road, London, N7 6LE
2026-09-30 10:42:27 INFO LEAD new: [Conditions] Islington/P2025/3050/FUL — 45 Gibson Square, London, N1 0RA
2026-09-30 10:42:27 INFO LEAD new: [Conditions] Islington/P2025/3053/FUL — 28 Grovedale Road, London, N19, 3EQ
2026-09-30 10:42:27 INFO LEAD new: [Conditions] Islington/P2025/3047/AOD — Finsbury Dials, 20 Finsbury Street, London, EC2Y 9AQ
2026-09-30 10:42:27 INFO LEAD new: [Conditions] Islington/P2025/3041/FUL — 1 Islington Green, London, N1 2XH
2026-09-30 10:42:27 INFO LEAD new: [Conditions] Islington/P2025/3051/LBC — 45 Gibson Square, London, N1 0RA
2026-09-30 10:42:27 INFO LEAD new: [Conditions] Islington/P2025/3044/COL — 14 Melgund Road, London, N5 1PT
2026-09-30 10:42:27 INFO LEAD new: [Conditions] Islington/P2025/3035/COL — Pakeman Primary School, 21 Pakeman Street, London, N7 6QN
2026-09-30 10:42:27 INFO LEAD new: [Conditions] Islington/P2025/3020/FUL — 14, Corbyn Street, London, N4 3BZ
2026-09-30 10:42:27 INFO LEAD new: [Conditions] Islington/P2025/3033/AOD — 124 - 128 Ball's Pond Road, London, N1 4AE
2026-09-30 10:42:27 INFO LEAD new: [Conditions] Islington/P2025/3019/FUL — 2 Coombs Street, London, N1 8DJ
2026-09-30 10:42:27 INFO LEAD new: [Conditions] Islington/P2025/3023/FUL — 44 Aberdeen Park, London N5 2BL
2026-09-30 10:42:27 INFO LEAD new: [Conditions] Islington/P2025/3022/LBC — 45 & 48, Milner Square, London, N1 1TW
2026-09-30 10:42:27 INFO LEAD new: [Conditions] Islington/P2025/3024/COL — 51 Romilly Road, London, N4 2QY
2026-09-30 10:42:27 INFO LEAD new: [Conditions] Islington/P2025/3009/FUL — 2B Mercers Road, London, N19 4PJ
2026-09-30 10:42:27 INFO LEAD new: [Conditions] Islington/P2025/3014/AOD — 123 Golden Lane, London, EC1Y 0TJ
2026-09-30 10:42:27 INFO LEAD new: [Conditions] Islington/P2025/2993/FUL — 36 and 38 Landseer Road, London, N19 4JZ
2026-09-30 10:42:27 INFO LEAD new: [Conditions] Islington/P2025/3010/FUL — 20 Rocliffe Street, London, N1 8DT
2026-09-30 10:42:27 INFO LEAD new: [Conditions] Islington/P2025/3011/LBC — 79 - 83, City of London, Charterhouse Street, London, EC1M 6
2026-09-30 10:42:27 INFO LEAD new: [Conditions] Islington/P2025/3005/FUL — 22 Penn Road, London, N7 9RD
2026-09-30 10:42:27 INFO LEAD new: [Conditions] Islington/P2025/3002/FUL — 17 Barnsbury Street, London, N1 1PW
2026-09-30 10:42:27 INFO LEAD new: [Conditions] Islington/P2025/3003/LBC — 17 Barnsbury Street, London, N1 1PW
2026-09-30 10:42:27 INFO LEAD new: [Conditions] Islington/P2025/2986/AOD — 78 - 79, White Lion Street, London
2026-09-30 10:42:27 INFO LEAD new: [Conditions] Islington/P2025/3012/FUL — 46 Berriman Road, London, N7 7PS
2026-09-30 10:42:27 INFO LEAD new: [Conditions] Islington/P2025/2995/FUL — 89 Plimsoll Road, London, N4 2EB
2026-09-30 10:42:27 INFO LEAD new: [Conditions] Islington/P2025/2989/FUL — Flat 2, 37 College Cross, London, N1 1PT
2026-09-30 10:42:27 INFO LEAD new: [Conditions] Islington/P2025/2996/COL — 89 Plimsoll Road, London, N4 2EB
2026-09-30 10:42:27 INFO LEAD new: [Conditions] Islington/P2025/3000/LBC — 53 Cross Street, London, N1 2BB
2026-09-30 10:42:27 INFO LEAD new: [Conditions] Islington/P2025/2977/S73 — 95 Englefield Road, London, N1 3LJ
2026-09-30 10:42:27 INFO LEAD new: [Conditions] Islington/P2025/3013/AOD — Sunday School, Union Chapel Hall, Compton Avenue, London, N1
2026-09-30 10:42:27 INFO LEAD new: [Conditions] Islington/P2025/2994/FUL — 32 College Cross, London, N1 1PR
2026-09-30 10:42:27 INFO LEAD new: [Conditions] Islington/P2025/2963/ADV — 64 Essex Road, London N1 8LR
2026-09-30 10:42:27 INFO LEAD new: [Conditions] Islington/P2025/2970/FUL — Block F, The Whittington Hospital, Magdala Avenue, London, N
2026-09-30 10:42:27 INFO LEAD new: [Conditions] Islington/P2025/2974/COL — Public Open Space, Elia Mews, London, N1
2026-09-30 10:42:27 INFO LEAD new: [Conditions] Islington/P2025/2972/FUL — 16 Kelross Road, London, N5 2QS
2026-09-30 10:42:27 INFO LEAD new: [Conditions] Islington/P2025/2983/AOD — Kings Head Public House, 115 & 116-118 Upper Street, London,
2026-09-30 10:42:27 INFO LEAD new: [Conditions] Islington/P2025/2971/LBC — Block F, The Whittington Hospital, Magdala Avenue, London, N
2026-09-30 10:42:27 INFO LEAD new: [Conditions] Islington/P2025/2979/COL — 4 Cornelia Street, London, N7 8BA
2026-09-30 10:42:27 INFO LEAD new: [Conditions] Islington/P2025/2973/FUL — Flat B, 481 Holloway Road, London, N19 4DD
2026-09-30 10:42:27 INFO LEAD new: [Conditions] Islington/P2025/2943/ADV — Tesco Express, 55 Central Street, London, EC1V 3AF
2026-09-30 10:42:27 INFO LEAD new: [Conditions] Islington/P2025/2966/AOD — Concordia House, 117 - 123 Golden Lane, London, EC1Y 0TJ
2026-09-30 10:42:34 INFO [islington/Conditions] page at offset 1300: 100 records
2026-09-30 10:42:34 INFO LEAD new: [Conditions] Islington/P2025/2951/ADV — 251 - 256, Upper Street, London, N1 1RY
2026-09-30 10:42:34 INFO LEAD new: [Conditions] Islington/P2025/2964/COL — 14 Corbyn Street, London, N4 3BZ
2026-09-30 10:42:34 INFO LEAD new: [Conditions] Islington/P2025/2955/FUL — 16 Islington Park Street, London, N1 1PU
2026-09-30 10:42:34 INFO LEAD new: [Conditions] Islington/P2025/2952/AOD — 21 Stock Orchard Crescent, London, N7 9SL
2026-09-30 10:42:34 INFO LEAD new: [Conditions] Islington/P2025/2940/LBC — 15A and 16 Great Percy Street and 13 and 14 Percy Circus Lon
2026-09-30 10:42:34 INFO LEAD new: [Conditions] Islington/P2025/2967/AOD — 20, Finsbury Dials, Finsbury Street, London, EC2Y 9AQ
2026-09-30 10:42:34 INFO LEAD new: [Conditions] Islington/P2025/2934/AOD — Arbuthnot House, 7-21 Wilson Street, London, EC2M 2SN
2026-09-30 10:42:34 INFO LEAD new: [Conditions] Islington/P2025/2946/FUL — Flat A, 29 Claremont Square, London, N1 9LX
2026-09-30 10:42:34 INFO LEAD new: [Conditions] Islington/P2025/2953/FUL — 6 Annette Road, London, N7 6ET
2026-09-30 10:42:34 INFO LEAD new: [Conditions] Islington/P2025/2938/FUL — 7 Sotheby Road, London, N5 2UP
2026-09-30 10:42:34 INFO LEAD new: [Conditions] Islington/P2025/2933/ADV — 3-4 Mallow Street, London, EC1Y 8RQ
2026-09-30 10:42:34 INFO LEAD new: [Conditions] Islington/P2025/2925/AOD — York Way Estate, North Road, London, N7 9PX
2026-09-30 10:42:34 INFO LEAD new: [Conditions] Islington/P2025/2928/FUL — St Saviour's Church, Hanley Road, London, N4 3DQ
2026-09-30 10:42:34 INFO LEAD new: [Conditions] Islington/P2025/2927/AOD — 4, Brandon Road, London, N7 9AA
2026-09-30 10:42:34 INFO LEAD new: [Conditions] Islington/P2025/2919/LBC — 19 Barnsbury Street, London
2026-09-30 10:42:34 INFO LEAD new: [Conditions] Islington/P2025/2922/LBC — 25, Flat B, Baalbec Road, London, N5 1QN
2026-09-30 10:42:34 INFO LEAD new: [Conditions] Islington/P2025/2924/FUL — 48 Highbury Hill, London, N5 1AP
2026-09-30 10:42:34 INFO LEAD new: [Conditions] Islington/P2025/2923/FUL — Flat 1, 12 St John's Villas, London, N19 3EG
2026-09-30 10:42:34 INFO LEAD new: [Conditions] Islington/P2025/2915/FUL — 116 Highbury New Park, London N5 2DR
2026-09-30 10:42:34 INFO LEAD new: [Conditions] Islington/P2025/2908/AOD — New Barnsbury Estate, N1, London
2026-09-30 10:42:34 INFO LEAD new: [Conditions] Islington/P2025/2909/AOD — New Barnsbury Estate, London, N1 0SE
2026-09-30 10:42:34 INFO LEAD new: [Conditions] Islington/P2025/2907/AOD — New Barnsbury Estate, N1, London
2026-09-30 10:42:34 INFO LEAD new: [Conditions] Islington/P2025/2913/FUL — 25 Lonsdale Square, London, N1 1EW
2026-09-30 10:42:34 INFO LEAD new: [Conditions] Islington/P2025/2914/LBC — 25 Lonsdale Square, London, N1 1EW
2026-09-30 10:42:34 INFO LEAD new: [Conditions] Islington/P2025/2906/FUL — 4 Chantry Street, London, N1 8NL
2026-09-30 10:42:34 INFO LEAD new: [Conditions] Islington/P2025/2897/FUL — 9 Campbell Walk, London, N1 0UT
2026-09-30 10:42:34 INFO LEAD new: [Conditions] Islington/P2025/2892/LBC — 10 Chadwell Street, London
2026-09-30 10:42:34 INFO LEAD new: [Conditions] Islington/P2025/2888/LBC — 1 Granville Square, London
2026-09-30 10:42:34 INFO LEAD new: [Conditions] Islington/P2025/2896/FUL — 9 Hugo Road, London, N19 5EU
2026-09-30 10:42:34 INFO LEAD new: [Conditions] Islington/P2025/2898/S73 — 190 Liverpool Road, London, N1 1LA
2026-09-30 10:42:34 INFO LEAD new: [Conditions] Islington/P2025/2885/AOD — Edward Rudolph House, 69 – 85 Margery Street, London, WC1X 0
2026-09-30 10:42:34 INFO LEAD new: [Conditions] Islington/P2025/2882/FUL — Flat C, 6 Thornhill Crescent, London, N1 1BL
2026-09-30 10:42:34 INFO LEAD new: [Conditions] Islington/P2025/2890/FUL — 87 Highbury New Park, London N5 2EU
2026-09-30 10:42:34 INFO LEAD new: [Conditions] Islington/P2025/2881/FUL — 27 Ashmount Road, London, N19 3BJ
2026-09-30 10:42:34 INFO LEAD new: [Conditions] Islington/P2025/2878/FUL — 352 Essex Road, London, N1 3PD
2026-09-30 10:42:34 INFO LEAD new: [Conditions] Islington/P2025/2883/LBC — Flat C, 6 Thornhill Crescent, London, N1 1BL
2026-09-30 10:42:34 INFO LEAD new: [Conditions] Islington/P2025/2874/AOD — Kings Head Theatre, 115 & 116-118 Upper Street, London, N1 1
2026-09-30 10:42:34 INFO LEAD new: [Conditions] Islington/P2025/2875/COL — Flat 4, 2 Bath Street, London, EC1V 9DX
2026-09-30 10:42:34 INFO LEAD new: [Conditions] Islington/P2025/2876/FUL — 79 Aberdeen Park, London, N5 2AZ
2026-09-30 10:42:34 INFO LEAD new: [Conditions] Islington/P2025/2872/FUL — 61A Wharf Road, London, N1 7RN
2026-09-30 10:42:34 INFO LEAD new: [Conditions] Islington/P2025/2900/OBS — Site bounded by Worship Street, Curtain Road, Scrutton Stree
2026-09-30 10:42:34 INFO LEAD new: [Conditions] Islington/P2025/2867/LBC — 27 Londsale Square, London, N1 1EW
2026-09-30 10:42:34 INFO LEAD new: [Conditions] Islington/P2025/2865/LBC — 4 Stonefield Street, London
2026-09-30 10:42:34 INFO LEAD new: [Conditions] Islington/P2025/2855/FUL — 3 Elfort Road, London, N5 1AX
2026-09-30 10:42:34 INFO LEAD new: [Conditions] Islington/P2025/2866/LBC — 34, Thornhill Square, London, N1 1BE
2026-09-30 10:42:34 INFO LEAD new: [Conditions] Islington/P2025/2858/COL — 60 Fonthill Road, London
2026-09-30 10:42:34 INFO LEAD new: [Conditions] Islington/P2025/2861/ADV — 98 Farringdon Road, London, EC1R 3EA
2026-09-30 10:42:34 INFO LEAD new: [Conditions] Islington/P2025/2868/FUL — 99 Hornsey Road, London, N7 6DN
2026-09-30 10:42:34 INFO LEAD new: [Conditions] Islington/P2025/2849/FUL — 7 Aberdeen Road, London, N5 2UG
2026-09-30 10:42:34 INFO LEAD new: [Conditions] Islington/P2025/2851/FUL — 4 Chantry Street, London, N1 8NL
2026-09-30 10:42:34 INFO LEAD new: [Conditions] Islington/P2025/2842/FUL — 4 Crossley Street, London, N7 8PD
2026-09-30 10:42:34 INFO LEAD new: [Conditions] Islington/P2025/2854/FUL — Dixon Clark Court, 1 Canonbury Road, London, N1 2UR
2026-09-30 10:42:34 INFO LEAD new: [Conditions] Islington/P2025/2848/LBC — 338 Liverpool Road, London, N7 8PZ
2026-09-30 10:42:34 INFO LEAD new: [Conditions] Islington/P2025/2850/FUL — 405 Hornsey Road, London, N19 4DX
2026-09-30 10:42:34 INFO LEAD new: [Conditions] Islington/P2025/2847/FUL — 338 Liverpool Road, London, N7 8PZ
2026-09-30 10:42:34 INFO LEAD new: [Conditions] Islington/P2025/2828/COL — 38 Colebrooke Row, London, N1 8AF
2026-09-30 10:42:34 INFO LEAD new: [Conditions] Islington/P2025/2840/ADV — Basement And Ground, Landaid House, 10 Errol Street, London,
2026-09-30 10:42:34 INFO LEAD new: [Conditions] Islington/P2025/2835/FUL — 32 Fitzwarren Gardens, London, N19 3TP
2026-09-30 10:42:34 INFO LEAD new: [Conditions] Islington/P2025/2834/FUL — 67 Shaftesbury Road, London, N19 4QP
2026-09-30 10:42:34 INFO LEAD new: [Conditions] Islington/P2025/2824/ADV — 89 Hornsey Rise, London N19 3SH
2026-09-30 10:42:34 INFO LEAD new: [Conditions] Islington/P2025/2831/FUL — 96, St Thomas's Road, London, N4 2QW
2026-09-30 10:42:34 INFO LEAD new: [Conditions] Islington/P2025/2839/FUL — Basement And Ground, Landaid House, 10 Errol Street, London,
2026-09-30 10:42:34 INFO LEAD new: [Conditions] Islington/P2025/2817/FUL — 37 Aberdeen Park, London, N5 2AR
2026-09-30 10:42:34 INFO LEAD new: [Conditions] Islington/P2025/2811/LBC — 6 Union Square, London, N1 7DH
2026-09-30 10:42:34 INFO LEAD new: [Conditions] Islington/P2025/2815/ADV — 13 Caledonian Road, London, N1 9DX
2026-09-30 10:42:34 INFO LEAD new: [Conditions] Islington/P2025/2814/AOD — 87 Sunnyside Road, London, N19 3SL
2026-09-30 10:42:34 INFO LEAD new: [Conditions] Islington/P2025/2818/FUL — 108 Barnsbury Road, London, N1 0ES
2026-09-30 10:42:34 INFO LEAD new: [Conditions] Islington/P2025/2825/FUL — Flat 9, 186 St John Street, London, EC1V 4JZ
2026-09-30 10:42:34 INFO LEAD new: [Conditions] Islington/P2025/2821/COL — Unit B, Whittington House, 766 Holloway Road, London, N19 3J
2026-09-30 10:42:34 INFO LEAD new: [Conditions] Islington/P2025/2820/COL — 766, Unit A, WHITTINGTON HOUSE, Holloway Road, London, N19 3
2026-09-30 10:42:34 INFO LEAD new: [Conditions] Islington/P2025/2819/LBC — 108 Barnsbury Road, London, N1 0ES
2026-09-30 10:42:34 INFO LEAD new: [Conditions] Islington/P2025/2816/FUL — 13 Caledonian Road, London, N1 9DX
2026-09-30 10:42:34 INFO LEAD new: [Conditions] Islington/P2025/2810/FUL — 6 Union Square, London, N1 7DH
2026-09-30 10:42:34 INFO LEAD new: [Conditions] Islington/P2025/2809/FUL — 17 Dominion Street, London, EC2M 2EF
2026-09-30 10:42:34 INFO LEAD new: [Conditions] Islington/P2025/2801/FUL — 67 Ripplevale Grove, London, N1 1HS
2026-09-30 10:42:34 INFO LEAD new: [Conditions] Islington/P2025/2799/FUL — Third Floor Flat, 20 Bowling Green Lane, London EC1R 0BD
2026-09-30 10:42:34 INFO LEAD new: [Conditions] Islington/P2025/2792/LBC — 31, Newington Green, London
2026-09-30 10:42:34 INFO LEAD new: [Conditions] Islington/P2025/2794/FUL — 78 Ambler Road, London, N4 2QR
2026-09-30 10:42:34 INFO LEAD new: [Conditions] Islington/P2025/2800/LBC — Basement And Ground Floor Flat, 7 Cloudesley Square, London,
2026-09-30 10:42:34 INFO LEAD new: [Conditions] Islington/P2025/2798/S73 — 1 Torrens Street, Angel Square, London, EC1V 1NY
2026-09-30 10:42:34 INFO LEAD new: [Conditions] Islington/P2025/2779/LBC — Ground Floor Flat, 46 Duncan Terrace, London, N1 8AL
2026-09-30 10:42:34 INFO LEAD new: [Conditions] Islington/P2025/2778/FUL — Ground Floor Flat, 46 Duncan Terrace, London, N1 8AL
2026-09-30 10:42:34 INFO LEAD new: [Conditions] Islington/P2025/2781/FUL — Flat A, 17 Freegrove Road, London N7 9JN
2026-09-30 10:42:34 INFO LEAD new: [Conditions] Islington/P2025/2776/AOD — 31 Newington Green, London N16 9PU
2026-09-30 10:42:34 INFO LEAD new: [Conditions] Islington/P2025/2784/FUL — 62 Prebend Street, London, N1 8PS
2026-09-30 10:42:34 INFO LEAD new: [Conditions] Islington/P2025/2769/FUL — 21-23 Mildmay Library, Mildmay Park, London, N1 4NA
2026-09-30 10:42:34 INFO LEAD new: [Conditions] Islington/P2025/2785/FUL — 19 Canonbury Place, London, N1 2NS
2026-09-30 10:42:34 INFO LEAD new: [Conditions] Islington/P2025/2767/FUL — 10 St George's Avenue, London, N7 0HD
2026-09-30 10:42:34 INFO LEAD new: [Conditions] Islington/P2025/2765/FUL — Flat 2, 66 Barnsbury Road, London, N1 0ES
2026-09-30 10:42:34 INFO LEAD new: [Conditions] Islington/P2025/2764/AOD — New Barnsbury Estate, N1, London
2026-09-30 10:42:34 INFO LEAD new: [Conditions] Islington/P2025/2755/FUL — Green Man Tower, 332C Goswell Road, London, EC1V 7LQ
2026-09-30 10:42:34 INFO LEAD new: [Conditions] Islington/P2025/2756/FUL — 92 Englefield Road, London, N1 3LG
2026-09-30 10:42:40 INFO [islington/Conditions] page at offset 1400: 100 records
2026-09-30 10:42:40 INFO LEAD new: [Conditions] Islington/P2025/2754/AOD — Elthorne Estate: Sunken Play Pitch in-between St John's Way 
2026-09-30 10:42:40 INFO LEAD new: [Conditions] Islington/P2025/2751/LBC — First Floor Flat, 57 Highbury Park, London, N5 1TH
2026-09-30 10:42:40 INFO LEAD new: [Conditions] Islington/P2025/2757/FUL — 660 Holloway Road, London, N19 3NU
2026-09-30 10:42:40 INFO LEAD new: [Conditions] Islington/P2025/2743/LBC — 43 Skinner Street, London
2026-09-30 10:42:40 INFO LEAD new: [Conditions] Islington/P2025/2741/ADV — Lion House, 23 and 25 Islington High Street, London N1 9LQ
2026-09-30 10:42:40 INFO LEAD new: [Conditions] Islington/P2025/2742/LBC — 28 Batchelor Street, London, N1 0EG
2026-09-30 10:42:40 INFO LEAD new: [Conditions] Islington/P2025/2739/FUL — 28 Batchelor Street, London, N1 0EG
2026-09-30 10:42:40 INFO LEAD new: [Conditions] Islington/P2025/2732/FUL — Garden Cottage, 38D Aberdeen Road, London, N5 2XD
2026-09-30 10:42:40 INFO LEAD new: [Conditions] Islington/P2025/3049/FUL — Flat B, 132 Hemingford Road, London, N1 1DE
2026-09-30 10:42:40 INFO LEAD new: [Conditions] Islington/P2025/2734/LBC — Flat B, 132 Hemingford Road, London, N1 1DE
2026-09-30 10:42:40 INFO LEAD new: [Conditions] Islington/P2025/2729/LBC — 8, Brooksby Street, London, N1 1HA
2026-09-30 10:42:40 INFO LEAD new: [Conditions] Islington/P2025/2730/FUL — 95 Leconfield Road, London, N5 2SD
2026-09-30 10:42:40 INFO LEAD new: [Conditions] Islington/P2025/2744/LBC — 6 & 12, Claremont Square, London, N1 9LY
2026-09-30 10:42:40 INFO LEAD new: [Conditions] Islington/P2025/2746/AOD — 20 Finsbury Dials, Finsbury Street, London
2026-09-30 10:42:40 INFO LEAD new: [Conditions] Islington/P2025/2731/FUL — 95 Leconfield Road, London, N5 2SD
2026-09-30 10:42:40 INFO LEAD new: [Conditions] Islington/P2025/2738/COL — 13 Trecastle Way, London, N7 0EL
2026-09-30 10:42:40 INFO LEAD new: [Conditions] Islington/P2025/2726/FUL — 13 Florence Street, London, N1 2DX
2026-09-30 10:42:40 INFO LEAD new: [Conditions] Islington/P2025/2724/LBC — 6, 9 & 10 Milner Square, London, N1 1TN
2026-09-30 10:42:40 INFO LEAD new: [Conditions] Islington/P2025/2727/FUL — 70 Rosebery Avenue, London EC1R 4RR
2026-09-30 10:42:40 INFO LEAD new: [Conditions] Islington/P2025/2714/FUL — Flat B, 99 Moray Road, London, N4 3LB
2026-09-30 10:42:40 INFO LEAD new: [Conditions] Islington/P2025/2709/LBC — 22, Bromfield Street, London, N1 0PZ
2026-09-30 10:42:40 INFO LEAD new: [Conditions] Islington/P2025/2718/LBC — 28 Colebrooke Row, London, N1 8AS
2026-09-30 10:42:40 INFO LEAD new: [Conditions] Islington/P2025/2715/FUL — 20 Fife Terrace, London, N1 9RA
2026-09-30 10:42:40 INFO LEAD new: [Conditions] Islington/P2025/2716/FUL — 61A St Paul's Road, London, N1 2LT
2026-09-30 10:42:40 INFO LEAD new: [Conditions] Islington/P2025/2717/FUL — 28 Colebrooke Row, London, N1 8AS
2026-09-30 10:42:40 INFO LEAD new: [Conditions] Islington/P2025/2697/LBC — 39 Great Percy Street, London
2026-09-30 10:42:40 INFO LEAD new: [Conditions] Islington/P2025/2702/ADV — 7 Newington Barrow Way, London, N7 7EP
2026-09-30 10:42:40 INFO LEAD new: [Conditions] Islington/P2025/2701/LBC — 36, Lonsdale Square, London, N1 1EW
2026-09-30 10:42:40 INFO LEAD new: [Conditions] Islington/P2025/2699/LBC — 16 Barnsbury Street, London
2026-09-30 10:42:40 INFO LEAD new: [Conditions] Islington/P2025/2700/FUL — 13 Liberia Road, London, N5 1JP
2026-09-30 10:42:40 INFO LEAD new: [Conditions] Islington/P2025/2696/AOD — 278-300 Pentonville Road, London, N1 9NR
2026-09-30 10:42:40 INFO LEAD new: [Conditions] Islington/P2025/2693/LBC — 28 St James's Walk, London, EC1R 0AP
2026-09-30 10:42:40 INFO LEAD new: [Conditions] Islington/P2025/2690/FUL — 68 Hungerford Road, London, N7 9LP
2026-09-30 10:42:40 INFO LEAD new: [Conditions] Islington/P2025/2673/FUL — 55 Canonbury Park South, London, N1 2JL
2026-09-30 10:42:40 INFO LEAD new: [Conditions] Islington/P2025/2683/FUL — 3A Compton Avenue, London, N1 2XD
2026-09-30 10:42:40 INFO LEAD new: [Conditions] Islington/P2025/2675/FUL — 32 Hermes Street, London N1 9JD
2026-09-30 10:42:40 INFO LEAD new: [Conditions] Islington/P2025/2684/AOD — 21, Matilda Street, London, N1 0LA
2026-09-30 10:42:40 INFO LEAD new: [Conditions] Islington/P2025/2672/FUL — Flats 49-81, 83-127 (ODDS) Drovers Way and Flats 78-114 Cloc
2026-09-30 10:42:40 INFO LEAD new: [Conditions] Islington/P2025/2660/AOD — Flat 3, 322 Caledonian Road, London, N1 1BB
2026-09-30 10:42:40 INFO LEAD new: [Conditions] Islington/P2025/2665/AOD — 21, Ripplevale Grove, London, N1 1HS
2026-09-30 10:42:40 INFO LEAD new: [Conditions] Islington/P2025/2669/FUL — Block F, Islington Square, 2-16 Shelley Place and 2 Esther A
2026-09-30 10:42:40 INFO LEAD new: [Conditions] Islington/P2025/2708/OBS — The Brewerly, Milton street, London, EC1Y 4SA
2026-09-30 10:42:40 INFO LEAD new: [Conditions] Islington/P2025/2707/OBS — 1 Silk Street, London, EC2Y 8AL
2026-09-30 10:42:40 INFO LEAD new: [Conditions] Islington/P2025/2667/FUL — 54 New Clocktower Place, London, N7 9FD
2026-09-30 10:42:40 INFO LEAD new: [Conditions] Islington/P2025/2668/FUL — 16 - 26 Banner Street, London EC1Y 8QE
2026-09-30 10:42:40 INFO LEAD new: [Conditions] Islington/P2025/2661/FUL — 37 Herrick Road, London, N5 2JX
2026-09-30 10:42:40 INFO LEAD new: [Conditions] Islington/P2025/2662/PRA — 32 Hermes Street, London, N1 9JD
2026-09-30 10:42:40 INFO LEAD new: [Conditions] Islington/P2025/2644/AOD — 99, City Road, London
2026-09-30 10:42:40 INFO LEAD new: [Conditions] Islington/P2025/2653/PRA — 6-9 Moreland Street, London, EC1V 8BE
2026-09-30 10:42:40 INFO LEAD new: [Conditions] Islington/P2025/2645/AOD — 99, City Road, London, EC1Y 1AX
2026-09-30 10:42:40 INFO LEAD new: [Conditions] Islington/P2025/2659/PRA — 140 Seven Sisters Road, London, N7 7NS
2026-09-30 10:42:40 INFO LEAD new: [Conditions] Islington/P2025/2657/COL — 23 Herrick Road, London, N5 2JX
2026-09-30 10:42:40 INFO LEAD new: [Conditions] Islington/P2025/2648/FUL — Land to the East of 58-60 Kelross Road, London, N5 2QJ
2026-09-30 10:42:40 INFO LEAD new: [Conditions] Islington/P2025/2637/FUL — Flats 18-33 Aubert Court, 70 Avenell Road, London, N1 5BJ
2026-09-30 10:42:40 INFO LEAD new: [Conditions] Islington/P2025/2640/FUL — 163A Upper Street, N1 1US, London
2026-09-30 10:42:40 INFO LEAD new: [Conditions] Islington/P2025/2636/FUL — Flats 1-17 Aubert Court, 70 Avenell Road, London, N5 1BJ
2026-09-30 10:42:40 INFO LEAD new: [Conditions] Islington/P2025/2638/FUL — Flats 35-50 Aubert Court, 70 Avenell Road, London, N5 1BJ
2026-09-30 10:42:40 INFO LEAD new: [Conditions] Islington/P2025/2649/FUL — Clarissa Baldwin House, 17 Wakely Street, London, EC1V 7RQ
2026-09-30 10:42:40 INFO LEAD new: [Conditions] Islington/P2025/2643/FUL — Flat B, 38 Medina Road, London, N7 7LA
2026-09-30 10:42:40 INFO LEAD new: [Conditions] Islington/P2025/2635/FUL — Flats 51-67, Aubert Court, 70 Avenell Road, London N5 1BJ
2026-09-30 10:42:40 INFO LEAD new: [Conditions] Islington/P2025/2639/FUL — Flats 68-81 Aubert Court, 70 Avenell Road, London, N1 5BJ
2026-09-30 10:42:40 INFO LEAD new: [Conditions] Islington/P2025/2634/FUL — 23-24 Easton Street, London WC1X 0DS
2026-09-30 10:42:40 INFO LEAD new: [Conditions] Islington/P2025/2641/AOD — Edward Rudolph House 69 - 85, Margery Street, London, WC1X 0
2026-09-30 10:42:40 INFO LEAD new: [Conditions] Islington/P2025/2646/AOD — 30 Finsbury Square, London EC2A 1AG
2026-09-30 10:42:40 INFO LEAD new: [Conditions] Islington/P2025/2625/OBS — Jarvis House, 12 Smithfield Street, London, EC1A 9LA
2026-09-30 10:42:40 INFO LEAD new: [Conditions] Islington/P2025/2626/AOD — Former Holloway Prison, Parkhurst Road, London, N7 0NU
2026-09-30 10:42:40 INFO LEAD new: [Conditions] Islington/P2025/2601/LBC — 46 St Paul's Road, London, N1 2QW
2026-09-30 10:42:40 INFO LEAD new: [Conditions] Islington/P2025/2604/FUL — 25 Baring Street, London, N1 3DJ
2026-09-30 10:42:40 INFO LEAD new: [Conditions] Islington/P2025/2617/AOD — Finsbury Dials, 20 Finsbury Street, London, EC2Y 9AQ
2026-09-30 10:42:40 INFO LEAD new: [Conditions] Islington/P2025/2616/LBC — 1 Islington High Street, London, N1 9LQ
2026-09-30 10:42:40 INFO LEAD new: [Conditions] Islington/P2025/2599/COL — 88 Ambler Road, London, N4 2QR
2026-09-30 10:42:40 INFO LEAD new: [Conditions] Islington/P2025/2602/FUL — 59A Corsica Street, London, N5 1JT
2026-09-30 10:42:40 INFO LEAD new: [Conditions] Islington/P2025/2605/LBC — Flat 7 18 - 21 Wilmington Square, London, WC1X 0ER
2026-09-30 10:42:40 INFO LEAD new: [Conditions] Islington/P2025/2622/LBC — Flat A, 32 Canonbury Square, London, N1 2AL
2026-09-30 10:42:40 INFO LEAD new: [Conditions] Islington/P2025/2621/FUL — 18-22 Searle Place & 81 – 87 Tollington Park, London, N4 3AG
2026-09-30 10:42:40 INFO LEAD new: [Conditions] Islington/P2025/2615/S73 — 1 Islington High Street, London, N1 9LQ
2026-09-30 10:42:40 INFO LEAD new: [Conditions] Islington/P2025/2618/AOD — 1, Torrens Street, London, EC1V 1NQ
2026-09-30 10:42:40 INFO LEAD new: [Conditions] Islington/P2025/2607/S73 — Land At Park View Estate Park View Estate, Collins Road, Lon
2026-09-30 10:42:40 INFO LEAD new: [Conditions] Islington/P2025/2623/FUL — 132 Highbury Hill, London N5 1AT
2026-09-30 10:42:40 INFO LEAD new: [Conditions] Islington/P2025/2620/AOD — 85, Cloudesley Road, London, N1 0EL
2026-09-30 10:42:40 INFO LEAD new: [Conditions] Islington/P2025/2610/AOD — 1 Athelstane Mews, London, N4 3EH
2026-09-30 10:42:40 INFO LEAD new: [Conditions] Islington/P2025/2600/FUL — 46 St Paul's Road, London, N1 2QW
2026-09-30 10:42:40 INFO LEAD new: [Conditions] Islington/P2025/2593/FUL — Ground Floor Flat, 51 Beresford Road, London, N5 2HR
2026-09-30 10:42:40 INFO LEAD new: [Conditions] Islington/P2025/2590/PRA — 32 Hermes Street, London, N1 9JD
2026-09-30 10:42:40 INFO LEAD new: [Conditions] Islington/P2025/2598/LBC — 30 Myddelton Square, London, EC1R 1YE
2026-09-30 10:42:40 INFO LEAD new: [Conditions] Islington/P2025/2685/AOD — 278-280 Pentonville Road, London, N1 9NR
2026-09-30 10:42:40 INFO LEAD new: [Conditions] Islington/P2025/2586/AOD — Edward Rudolph House 69 - 85, Margery Street, London, WC1X 0
2026-09-30 10:42:40 INFO LEAD new: [Conditions] Islington/P2025/2597/FUL — Flat 1, 25 Northdown Street, London, N1 9BL
2026-09-30 10:42:40 INFO LEAD new: [Conditions] Islington/P2025/2587/FUL — Flat 4, 43-53 Myddelton Square, London, EC1R 1YD
2026-09-30 10:42:40 INFO LEAD new: [Conditions] Islington/P2025/2588/LBC — Flat 4, 43-53 Myddelton Square, London, EC1R 1YD
2026-09-30 10:42:40 INFO LEAD new: [Conditions] Islington/P2025/2574/FUL — 1 St Paul Street, London, N1 7AH
2026-09-30 10:42:40 INFO LEAD new: [Conditions] Islington/P2025/2579/ADV — Sports Court, Land South of Highbury Quadrant, London, N5
2026-09-30 10:42:40 INFO LEAD new: [Conditions] Islington/P2025/2572/LBC — 63 Noel Road, London, N1 8HE
2026-09-30 10:42:40 INFO LEAD new: [Conditions] Islington/P2025/2581/S73 — 47 Corbyn Street, London, N4 3BY
2026-09-30 10:42:46 WARNING Rate limited (429); waiting 511s before retry 1/6
2026-09-30 10:51:19 INFO [islington/Conditions] page at offset 1500: 100 records
2026-09-30 10:51:19 INFO LEAD new: [Conditions] Islington/P2025/2571/FUL — 63 Noel Road, London, N1 8HE
2026-09-30 10:51:19 INFO LEAD new: [Conditions] Islington/P2025/2583/COL — 30 Old Street, London, EC1V 9NH
2026-09-30 10:51:19 INFO LEAD new: [Conditions] Islington/P2025/2578/FUL — Sports Court, Land South of Highbury Quadrant, London, N5 2U
2026-09-30 10:51:19 INFO LEAD new: [Conditions] Islington/P2025/2573/FUL — Flat A, 23 Wallace Road, London, N1 2PG
2026-09-30 10:51:19 INFO LEAD new: [Conditions] Islington/P2025/2562/FUL — 19 Thornhill Crescent, London, N1 1BJ
2026-09-30 10:51:19 INFO LEAD new: [Conditions] Islington/P2025/2563/LBC — 19 Thornhill Crescent, London, N1 1BJ
2026-09-30 10:51:19 INFO LEAD new: [Conditions] Islington/P2025/2569/LBC — 49, The Manse, City Road, London, EC1Y 1AU
2026-09-30 10:51:19 INFO LEAD new: [Conditions] Islington/P2025/2568/FUL — Basement and Ground Floor, 17 Westbourne Road, London, N7 8A
2026-09-30 10:51:19 INFO LEAD new: [Conditions] Islington/P2025/2554/FUL — 83 Treaty Street, London, N1 0TE
2026-09-30 10:51:19 INFO LEAD new: [Conditions] Islington/P2025/2556/COL — 65 Sussex Way, London, N7 6RU
2026-09-30 10:51:19 INFO LEAD new: [Conditions] Islington/P2025/2557/COL — 19 Canning Road, London, N5 2JR
2026-09-30 10:51:19 INFO LEAD new: [Conditions] Islington/P2025/2560/FUL — St Silas Church, 47 Penton Street, London, N1 9UL
2026-09-30 10:51:19 INFO LEAD new: [Conditions] Islington/P2025/2553/PRA — 11 - 13, Wakley Street, London, EC1V 7LT
2026-09-30 10:51:19 INFO LEAD new: [Conditions] Islington/P2025/2558/FUL — 19 Canning Road, London, N5 2JR
2026-09-30 10:51:19 INFO LEAD new: [Conditions] Islington/P2025/2546/FUL — Flat A, 20 Stonenest Street, London, N4 3BA
2026-09-30 10:51:19 INFO LEAD new: [Conditions] Islington/P2025/2548/LBC — 55, Colebrooke Row, London, N1 8AF
2026-09-30 10:51:19 INFO LEAD new: [Conditions] Islington/P2025/2542/ADV — 284 Pentonville Road, London, N1 9NR
2026-09-30 10:51:19 INFO LEAD new: [Conditions] Islington/P2025/2550/FUL — 21 Tilney Gardens, London, N1 3QF
2026-09-30 10:51:19 INFO LEAD new: [Conditions] Islington/P2025/2539/ADV — 38 Finsbury Square, London, EC2A 1PX
2026-09-30 10:51:19 INFO LEAD new: [Conditions] Islington/P2025/2528/FUL — 9 Hillmarton Road, London N7 9JE
2026-09-30 10:51:19 INFO LEAD new: [Conditions] Islington/P2025/2535/COL — 30 Hartham Road, London, N7 9JG
2026-09-30 10:51:19 INFO LEAD new: [Conditions] Islington/P2025/2534/COL — 34 Beversbrook Road, London, N19 4QH
2026-09-30 10:51:19 INFO LEAD new: [Conditions] Islington/P2025/2529/FUL — 1, Elia Street, London, N1 8DE
2026-09-30 10:51:19 INFO LEAD new: [Conditions] Islington/P2025/2517/FUL — Flat E, 173 Stroud Green Road, London, N4 3PZ
2026-09-30 10:51:19 INFO LEAD new: [Conditions] Islington/P2025/2533/AOD — 32, Britton Street, London, EC1M 5NQ
2026-09-30 10:51:19 INFO LEAD new: [Conditions] Islington/P2025/2510/FUL — Flat B, 8 Monnery Road, London, N19 5RZ
2026-09-30 10:51:19 INFO LEAD new: [Conditions] Islington/P2025/2515/FUL — Access Self Storage, 14-22 Vale Royal, London, N7 9AP
2026-09-30 10:51:19 INFO LEAD new: [Conditions] Islington/P2025/2514/FUL — Flat B, 61 Morton Road, London, N1 3BG
2026-09-30 10:51:19 INFO LEAD new: [Conditions] Islington/P2025/2504/FUL — The Rookery, 12 Peter's Lane, London, EC1M 6DS
2026-09-30 10:51:19 INFO LEAD new: [Conditions] Islington/P2025/2506/FUL — 222 New North Road, London, N1 7BJ
2026-09-30 10:51:19 INFO LEAD new: [Conditions] Islington/P2025/2507/COL — Blocks C, D and E, 30-34 Hornsey Road, London, N7 7AT
2026-09-30 10:51:19 INFO LEAD new: [Conditions] Islington/P2025/2495/FUL — Ground Floor, 137 Newington Green Road, London, N1 4RA
2026-09-30 10:51:19 INFO LEAD new: [Conditions] Islington/P2025/2492/LBC — 4 Compton Terrace, London, N1 2UN
2026-09-30 10:51:19 INFO LEAD new: [Conditions] Islington/P2025/2491/FUL — 4 Compton Terrace, London, N1 2UN
2026-09-30 10:51:19 INFO LEAD new: [Conditions] Islington/P2025/2502/FUL — 35 Crane Grove, London, N7 8LD
2026-09-30 10:51:19 INFO LEAD new: [Conditions] Islington/P2025/2500/LBC — 114 Liverpool Road, London, N1 0RE
2026-09-30 10:51:19 INFO LEAD new: [Conditions] Islington/P2025/2499/FUL — 114 Liverpool Road, London, N1 0RE
2026-09-30 10:51:19 INFO LEAD new: [Conditions] Islington/P2025/2497/FUL — The Carriageway opposite 139 Isledon Road, London, N7 7JR
2026-09-30 10:51:19 INFO LEAD new: [Conditions] Islington/P2025/2494/PRA — 49 - 51, Central Street, London, EC1V 8AB
2026-09-30 10:51:19 INFO LEAD new: [Conditions] Islington/P2025/2498/FUL — 25 Bewdley Street, London, N1 1HB
2026-09-30 10:51:19 INFO LEAD new: [Conditions] Islington/P2025/2496/FUL — Carriageway adjacent to 301 Upper Street, London, N1 2TU
2026-09-30 10:51:19 INFO LEAD new: [Conditions] Islington/P2025/2479/FUL — 34 Beversbrook Road, London, N19 4QH
2026-09-30 10:51:19 INFO LEAD new: [Conditions] Islington/P2025/2478/FUL — 16 Hungerford Road, London, N7 9LX
2026-09-30 10:51:19 INFO LEAD new: [Conditions] Islington/P2025/2482/FUL — Basement and Ground Floor, 17 Westbourne Road, London, N7 8A
2026-09-30 10:51:19 INFO LEAD new: [Conditions] Islington/P2025/2474/AOD — 9 Ripplevale Grove, London, N1 1HS
2026-09-30 10:51:19 INFO LEAD new: [Conditions] Islington/P2025/2476/FUL — 107A Aldersgate Street, London, EC1A 4JQ
2026-09-30 10:51:19 INFO LEAD new: [Conditions] Islington/P2025/2464/FUL — 6A Thornhill Road, London, N1 1HW
2026-09-30 10:51:19 INFO LEAD new: [Conditions] Islington/P2025/2469/LBC — 133 Upper Street, London N1 1QP
2026-09-30 10:51:19 INFO LEAD new: [Conditions] Islington/P2025/2471/FUL — 2 Willow Walk, London, N1 8BH
2026-09-30 10:51:19 INFO LEAD new: [Conditions] Islington/P2025/2473/AOD — 12A Charterhouse Square, London, EC1M 6AX
2026-09-30 10:51:19 INFO LEAD new: [Conditions] Islington/P2025/2452/FUL — 66 Ripplevale Grove, London, N1 1HT
2026-09-30 10:51:19 INFO LEAD new: [Conditions] Islington/P2025/2457/LBC — Flat B, 1 Nelson Terrace, London, N1 8DG
2026-09-30 10:51:19 INFO LEAD new: [Conditions] Islington/P2025/2463/ADV — 133 Upper Street, London N1 1QP
2026-09-30 10:51:19 INFO LEAD new: [Conditions] Islington/P2025/2456/FUL — Flat B, 1, Nelson Terrace, London, N1 8DG
2026-09-30 10:51:19 INFO LEAD new: [Conditions] Islington/P2025/2461/FUL — 6 Charterhouse Buildings, London, EC1M 7ET
2026-09-30 10:51:19 INFO LEAD new: [Conditions] Islington/P2025/2459/FUL — Block C, The Whittington Hospital, Magdala Avenue, London, N
2026-09-30 10:51:19 INFO LEAD new: [Conditions] Islington/P2025/2437/FUL — 16 Cruden Street, London, N1 8NH
2026-09-30 10:51:19 INFO LEAD new: [Conditions] Islington/P2025/2439/FUL — Flat 22, Enclave Court, 2 Dallington Street, London, EC1V 0B
2026-09-30 10:51:19 INFO LEAD new: [Conditions] Islington/P2025/2438/FUL — 5 Crescent Row, London, EC1Y 0SP
2026-09-30 10:51:19 INFO LEAD new: [Conditions] Islington/P2025/2442/AOD — Harvist Estate, Citizen Road, Islington, London, N7 7NE
2026-09-30 10:51:19 INFO LEAD new: [Conditions] Islington/P2025/2440/LBC — Flat C, 23 - 24 River Street, London, EC1R 1XN
2026-09-30 10:51:19 INFO LEAD new: [Conditions] Islington/P2025/2427/FUL — Flat A, 53 Hemingford Road, London, N1 1BY
2026-09-30 10:51:19 INFO LEAD new: [Conditions] Islington/P2025/2428/FUL — 88 Ambler Road, London, N4 2QR
2026-09-30 10:51:19 INFO LEAD new: [Conditions] Islington/P2025/2429/AOD — 34 York Way (Jahn Court), 34B York Way (The Hub), Albion Yar
2026-09-30 10:51:19 INFO LEAD new: [Conditions] Islington/P2025/2680/FUL — 16 Cruden Street, London, N1 8NH
2026-09-30 10:51:19 INFO LEAD new: [Conditions] Islington/P2025/2423/LBC — Flat A, 53 Hemingford Road, London, N1 1BY
2026-09-30 10:51:19 INFO LEAD new: [Conditions] Islington/P2025/2430/FUL — 108 Northchurch Road, London, N1 3NY
2026-09-30 10:51:19 INFO LEAD new: [Conditions] Islington/P2025/2426/AOD — 49 Clerkenwell Green, London, EC1R 0EB
2026-09-30 10:51:19 INFO LEAD new: [Conditions] Islington/P2025/2425/AOD — 49 Clerkenwell Green, London, EC1R 0EB
2026-09-30 10:51:19 INFO LEAD new: [Conditions] Islington/P2025/2424/AOD — 49 Clerkenwell Green, London EC1R 0EB
2026-09-30 10:51:19 INFO LEAD new: [Conditions] Islington/P2025/2433/FUL — 13 Pleshey Road, London, N7 0RA
2026-09-30 10:51:19 INFO LEAD new: [Conditions] Islington/P2025/2422/FUL — Flat A, 38 Myddelton Square, London, EC1R 1YB
2026-09-30 10:51:19 INFO LEAD new: [Conditions] Islington/P2025/2410/FUL — 28 Corsica Street, London, N5 1JY
2026-09-30 10:51:19 INFO LEAD new: [Conditions] Islington/P2025/2411/FUL — Flat B, 51 Mitchison Road, London, N1 3NJ
2026-09-30 10:51:19 INFO LEAD new: [Conditions] Islington/P2025/2412/FUL — 45 Northolme Road, London, N5 2UX
2026-09-30 10:51:19 INFO LEAD new: [Conditions] Islington/P2025/2418/FUL — Ground Floor Flat, 10 Mildmay Grove South, London, N1 4RL
2026-09-30 10:51:19 INFO LEAD new: [Conditions] Islington/P2025/2408/AOD — 99 City Road, Islington, London, EC1Y 1AX
2026-09-30 10:51:19 INFO LEAD new: [Conditions] Islington/P2025/2409/S73 — 18 Offord Road, London, N1 1DL
2026-09-30 10:51:19 INFO LEAD new: [Conditions] Islington/P2025/2404/FUL — 29, First And Second Floor Flat, Riversdale Road, London, N5
2026-09-30 10:51:19 INFO LEAD new: [Conditions] Islington/P2025/2400/FUL — 4 Witley Road, London, N19 5SQ
2026-09-30 10:51:19 INFO LEAD new: [Conditions] Islington/P2025/2403/FUL — Hathersage Court, Newington Green, London, N1 4RF
2026-09-30 10:51:19 INFO LEAD new: [Conditions] Islington/P2025/2398/FUL — 25 Salterton Road, London, N7 6BB
2026-09-30 10:51:19 INFO LEAD new: [Conditions] Islington/P2025/2389/FUL — Flat D, 16 Wray Crescent, London, N4 3LP
2026-09-30 10:51:19 INFO LEAD new: [Conditions] Islington/P2025/2395/LBC — 12, Wilmington Square, London
2026-09-30 10:51:19 INFO LEAD new: [Conditions] Islington/P2025/2396/LBC — 19 & 28, Claremount Square, London, N1 9LX
2026-09-30 10:51:19 INFO LEAD new: [Conditions] Islington/P2025/2386/ADV — 296 - 298 Pentonville Road, London, N1 9NR
2026-09-30 10:51:19 INFO LEAD new: [Conditions] Islington/P2025/2393/AOD — Territorial Army, Armoury House, City Road, London, EC1Y 2BQ
2026-09-30 10:51:19 INFO LEAD new: [Conditions] Islington/P2025/2387/AOD — 51, Gibson Square, London, N1 0RA
2026-09-30 10:51:19 INFO LEAD new: [Conditions] Islington/P2025/2377/FUL — 1 Francis Terrace, London, N19 5PY
2026-09-30 10:51:19 INFO LEAD new: [Conditions] Islington/P2025/2384/PRA — 144 Seven Sisters Road, London, N7 7NS
2026-09-30 10:51:19 INFO LEAD new: [Conditions] Islington/P2025/2372/AOD — 20, Finsbury Dials, Finsbury Street, London, EC2Y 9AQ
2026-09-30 10:51:19 INFO LEAD new: [Conditions] Islington/P2025/2366/FUL — 56 Bryantwood Road, London N7 7BE
2026-09-30 10:51:19 INFO LEAD new: [Conditions] Islington/P2025/2365/FUL — 113 Lady Margaret Road, London, N19 5ER
2026-09-30 10:51:25 INFO [islington/Conditions] page at offset 1600: 100 records
2026-09-30 10:51:25 INFO LEAD new: [Conditions] Islington/P2025/2369/FUL — Flat 3, 4 Harecourt Road, London, N1 2LW
2026-09-30 10:51:25 INFO LEAD new: [Conditions] Islington/P2025/2361/AOD — 50 - 56, Great Sutton Street, London, EC1V 0DE
2026-09-30 10:51:25 INFO LEAD new: [Conditions] Islington/P2025/2355/FUL — St John The Evangelist Rc Primary School, Duncan Street, Lon
2026-09-30 10:51:25 INFO LEAD new: [Conditions] Islington/P2025/2362/AOD — 50 - 56 Great Sutton Street, London, EC1V 0DE
2026-09-30 10:51:25 INFO LEAD new: [Conditions] Islington/P2025/2364/AOD — 50-56 Great Sutton Street, London, EC1V 0DE & 9-11 Northburg
2026-09-30 10:51:25 INFO LEAD new: [Conditions] Islington/P2025/2360/AOD — 50 - 56, Great Sutton Street, London, EC1V 0DE
2026-09-30 10:51:25 INFO LEAD new: [Conditions] Islington/P2025/2358/AOD — 50 - 56 Great Sutton Street, London, EC1V 0DE & 9-11 Northbu
2026-09-30 10:51:25 INFO LEAD new: [Conditions] Islington/P2025/2353/AOD — 398, Caledonian Road, London, N1 1DN
2026-09-30 10:51:25 INFO LEAD new: [Conditions] Islington/P2025/2347/PRA — 137 Fonthill Road, London, N4 3HH
2026-09-30 10:51:25 INFO LEAD new: [Conditions] Islington/P2025/2351/FUL — Unit R5-6, Angel Central Shopping Centre, Parkfield Street, 
2026-09-30 10:51:25 INFO LEAD new: [Conditions] Islington/P2025/2343/FUL — 116 - 120 Goswell Road, London, EC1V 7DP
2026-09-30 10:51:25 INFO LEAD new: [Conditions] Islington/P2025/2345/FUL — 1-24 Park View, Collins Road, London, N5 2UB
2026-09-30 10:51:25 INFO LEAD new: [Conditions] Islington/P2025/2344/LBC — 25-27 & 63-65, Pentonville Road, London, N1 9LP
2026-09-30 10:51:25 INFO LEAD new: [Conditions] Islington/P2025/2340/FUL — Caroline Martyn House, 18 Hazellville Road, London, N19 3BL
2026-09-30 10:51:25 INFO LEAD new: [Conditions] Islington/P2025/2336/AOD — 87 Sunnyside Road, London, N19 3SL
2026-09-30 10:51:25 INFO LEAD new: [Conditions] Islington/P2025/2323/AOD — 186 City Road, London EC1V 2NT
2026-09-30 10:51:25 INFO LEAD new: [Conditions] Islington/P2025/2324/FUL — Waitrose, 174 St John Street, London, EC1V 4DE
2026-09-30 10:51:25 INFO LEAD new: [Conditions] Islington/P2025/2326/LBC — 22, Ripplevale Grove, London, N1 1HU
2026-09-30 10:51:25 INFO LEAD new: [Conditions] Islington/P2025/2330/LBC — Union Chapel, Compton Terrace, London, N1 2UN
2026-09-30 10:51:25 INFO LEAD new: [Conditions] Islington/P2025/2327/LBC — 25 Thornhill Square, London
2026-09-30 10:51:25 INFO LEAD new: [Conditions] Islington/P2025/2328/FUL — 15 St Paul's Place, London, N1 2QE
2026-09-30 10:51:25 INFO LEAD new: [Conditions] Islington/P2025/2325/FUL — 1 Burness Close, London, N7 8SP
2026-09-30 10:51:25 INFO LEAD new: [Conditions] Islington/P2025/2307/LBC — 20 Great Percy Street, London, WC1X 9QP
2026-09-30 10:51:25 INFO LEAD new: [Conditions] Islington/P2025/2311/FUL — 63 Havelock Street, London, N1 0DA
2026-09-30 10:51:25 INFO LEAD new: [Conditions] Islington/P2025/2315/FUL — Flat 3, 26 Packington Street, London, N1 8QB
2026-09-30 10:51:25 INFO LEAD new: [Conditions] Islington/P2025/2310/AOD — 10 - 14, Garrett Street, London, EC1Y 0TY
2026-09-30 10:51:25 INFO LEAD new: [Conditions] Islington/P2025/2312/AOD — Old Barnsbury, The Barnsbury Estate, N1 0JE
2026-09-30 10:51:25 INFO LEAD new: [Conditions] Islington/P2025/2309/ADV — Pavement West Side of Hornsey Road, London, N7 7DD
2026-09-30 10:51:25 INFO LEAD new: [Conditions] Islington/P2025/2306/FUL — 20 Great Percy Street, London, WC1X 9QP
2026-09-30 10:51:25 INFO LEAD new: [Conditions] Islington/P2025/2319/AOD — 144, Cloudesley Road, London, N1 0EA
2026-09-30 10:51:25 INFO LEAD new: [Conditions] Islington/P2025/2317/FUL — 148 Northchurch Road, London, N1 3PA
2026-09-30 10:51:25 INFO LEAD new: [Conditions] Islington/P2025/2318/FUL — 52 Alexander Road, London, N19 3PQ
2026-09-30 10:51:25 INFO LEAD new: [Conditions] Islington/P2025/2301/FUL — 33 Despard Road, London, N19 5NP
2026-09-30 10:51:25 INFO LEAD new: [Conditions] Islington/P2025/2300/AOD — 45, Theberton Street, London, N1 0QY
2026-09-30 10:51:25 INFO LEAD new: [Conditions] Islington/P2025/2291/FUL — 166 - 220, London Metropolitan University, Holloway Road, Lo
2026-09-30 10:51:25 INFO LEAD new: [Conditions] Islington/P2025/2288/PRA — 7 - 8 Wakley Street (Rear Courtyard Building), London, EC1V 
2026-09-30 10:51:25 INFO LEAD new: [Conditions] Islington/P2025/2290/FUL — 111 Highbury Hill, London, N5 1TA
2026-09-30 10:51:25 INFO LEAD new: [Conditions] Islington/P2025/2289/FUL — Coach & Horses Public House, 26 - 28 Ray Street, London, EC1
2026-09-30 10:51:25 INFO LEAD new: [Conditions] Islington/P2025/2274/FUL — Ground and Lower Ground Floor Maisonette, 18 Tollington Park
2026-09-30 10:51:25 INFO LEAD new: [Conditions] Islington/P2025/2282/ADV — Lung Foundation House, 73 - 75 Goswell Road, London, EC1V 7E
2026-09-30 10:51:25 INFO LEAD new: [Conditions] Islington/P2025/2279/FUL — Flats 1-12, 31 North Road and Flats 1-12 32 North Road, Lond
2026-09-30 10:51:25 INFO LEAD new: [Conditions] Islington/P2025/2281/FUL — Lung Foundation House, 73 - 75 Goswell Road, London, EC1V 7E
2026-09-30 10:51:25 INFO LEAD new: [Conditions] Islington/P2025/2292/FUL — Flat B, 141 Avenell Road, London, N5 1BH
2026-09-30 10:51:25 INFO LEAD new: [Conditions] Islington/P2025/2294/FUL — Mclaren Construction (London) Ltd, Site Office, 22-23 Tileya
2026-09-30 10:51:25 INFO LEAD new: [Conditions] Islington/P2025/2275/ADV — 35 - 37, Clerkenwell Road, London, EC1M 5RS
2026-09-30 10:51:25 INFO LEAD new: [Conditions] Islington/P2025/2266/FUL — Flat A, 2 Heathville Road, London, N19 3AJ
2026-09-30 10:51:25 INFO LEAD new: [Conditions] Islington/P2025/2263/LBC — 32, Florin Court, 6 - 9 Charterhouse Square, London, EC1M 6E
2026-09-30 10:51:25 INFO LEAD new: [Conditions] Islington/P2025/2268/COL — 47 - 53, Basement Floor 47-53, Camden Passage, London, N1 8E
2026-09-30 10:51:25 INFO LEAD new: [Conditions] Islington/P2025/2267/FUL — 12 Lambert Street, London, N1 1JE
2026-09-30 10:51:25 INFO LEAD new: [Conditions] Islington/P2025/2262/LBC — 37 Cloudesley Road, London, N1 0EL
2026-09-30 10:51:25 INFO LEAD new: [Conditions] Islington/P2025/2260/PRA — Sebastian House, 2-4 Sebastian Street, London, EC1V 0HE
2026-09-30 10:51:25 INFO LEAD new: [Conditions] Islington/P2025/2259/FUL — 490 - 492 Holloway Road, London, N7 6HT
2026-09-30 10:51:25 INFO LEAD new: [Conditions] Islington/P2025/2261/FUL — 37 Cloudesley Road, London, N1 0EL
2026-09-30 10:51:25 INFO LEAD new: [Conditions] Islington/P2025/2249/FUL — 103 Harberton Road, London, N19 3JT
2026-09-30 10:51:25 INFO LEAD new: [Conditions] Islington/P2025/2254/AOD — 30 Finsbury Square, London EC2A 1AG
2026-09-30 10:51:25 INFO LEAD new: [Conditions] Islington/P2025/2235/LBC — 7 Sebastian Street, London, EC1V 0HE
2026-09-30 10:51:25 INFO LEAD new: [Conditions] Islington/P2025/2227/LBC — Tunbridge House, St John Street, London, EC1R 4TT
2026-09-30 10:51:25 INFO LEAD new: [Conditions] Islington/P2025/2253/LBC — 30 Sekforde Street, London, EC1R 0HH
2026-09-30 10:51:25 INFO LEAD new: [Conditions] Islington/P2025/2226/FUL — Tunbridge House, St John Street, London, EC1R 4TT
2026-09-30 10:51:25 INFO LEAD new: [Conditions] Islington/P2025/2234/FUL — 7 Sebastian Street, London, EC1V 0HE
2026-09-30 10:51:25 INFO LEAD new: [Conditions] Islington/P2025/2232/FUL — 4 Travers Road, London, N7 7PR
2026-09-30 10:51:25 INFO LEAD new: [Conditions] Islington/P2025/2229/LBC — Sadler House, Rosebery Avenue, London, EC1R 4TS
2026-09-30 10:51:25 INFO LEAD new: [Conditions] Islington/P2025/2231/LBC — Wells House, Rosebery Avenue, London, EC1R 4TR
2026-09-30 10:51:25 INFO LEAD new: [Conditions] Islington/P2025/2228/FUL — Sadler House, Rosebery Avenue, London, EC1R 4TS
2026-09-30 10:51:25 INFO LEAD new: [Conditions] Islington/P2025/2250/FUL — Athenaeum Service Station, 2A Parkhurst Road, London, N7 0SF
2026-09-30 10:51:25 INFO LEAD new: [Conditions] Islington/P2025/2230/FUL — Wells House, Rosebery Avenue, London, EC1R 4TR
2026-09-30 10:51:25 INFO LEAD new: [Conditions] Islington/P2025/2246/COL — 8 Elthorne Road, London
2026-09-30 10:51:25 INFO LEAD new: [Conditions] Islington/P2025/2252/FUL — 30 Sekforde Street, London, EC1R 0HH
2026-09-30 10:51:25 INFO LEAD new: [Conditions] Islington/P2025/2245/LBC — Flat 25, 177 Rosebery Avenue, London, EC1R 4TW
2026-09-30 10:51:25 INFO LEAD new: [Conditions] Islington/P2025/2240/LBC — 320, Liverpool Road, London, N7 8PU
2026-09-30 10:51:25 INFO LEAD new: [Conditions] Islington/P2025/2225/FUL — Flat 2, 124 Highbury New Park, London, N5 2DR
2026-09-30 10:51:25 INFO LEAD new: [Conditions] Islington/P2025/2241/COL — Flat 7, 279 City Road, London, EC1V 1LA
2026-09-30 10:51:25 INFO LEAD new: [Conditions] Islington/P2025/2243/FUL — 29 Britton Street, London EC1M 5UH
2026-09-30 10:51:25 INFO LEAD new: [Conditions] Islington/P2025/2221/LBC — 31 St Peter's Street, London
2026-09-30 10:51:25 INFO LEAD new: [Conditions] Islington/P2025/2233/FUL — 21 Wedmore Gardens, London, N19 4DL
2026-09-30 10:51:25 INFO LEAD new: [Conditions] Islington/P2025/2242/LBC — Town Hall, Upper Street, London, N1 2UD
2026-09-30 10:51:25 INFO LEAD new: [Conditions] Islington/P2025/2239/LBC — Town Hall, Upper Street, London, N1 2UD
2026-09-30 10:51:25 INFO LEAD new: [Conditions] Islington/P2025/2244/FUL — Bideford and Barnstaple Mansions, 35 and 27 Rosebery Avenue,
2026-09-30 10:51:25 INFO LEAD new: [Conditions] Islington/P2025/2217/FUL — Unit 3, Roman Way Industrial Estate, Roman Way, London, N7 8
2026-09-30 10:51:25 INFO LEAD new: [Conditions] Islington/P2025/2216/S73 — 6 Richmond Crescent, London, N1 0LZ
2026-09-30 10:51:25 INFO LEAD new: [Conditions] Islington/P2025/2210/COL — 70 Kingsdown Road, London, N19 4LW
2026-09-30 10:51:25 INFO LEAD new: [Conditions] Islington/P2025/2211/COL — 79 Aberdeen Park, London, N5 2AZ
2026-09-30 10:51:26 INFO LEAD new: [Conditions] Islington/P2025/2200/FUL — 36 - 43 Great Sutton Street, London, EC1V 0AB
2026-09-30 10:51:26 INFO LEAD new: [Conditions] Islington/P2025/2192/FUL — 21 Stock Orchard Crescent, London, N7 9SL
2026-09-30 10:51:26 INFO LEAD new: [Conditions] Islington/P2025/2194/FUL — 70 Drayton Park, London N5 1ND
2026-09-30 10:51:26 INFO LEAD new: [Conditions] Islington/P2025/2198/LBC — 25 Bewdley Street, London, N1 1HB
2026-09-30 10:51:26 INFO LEAD new: [Conditions] Islington/P2025/2202/COL — Flat 14, 279 City Road, London, EC1V 1LA
2026-09-30 10:51:26 INFO LEAD new: [Conditions] Islington/P2025/2196/FUL — Caledonian Park Ballcourt, Market Road, London, N7
2026-09-30 10:51:26 INFO LEAD new: [Conditions] Islington/P2025/2197/ADV — Caledonian Park Ballcourt, Market Road, London, N7
2026-09-30 10:51:26 INFO LEAD new: [Conditions] Islington/P2025/2199/FUL — 143 Cowdenbeath Path, London, N1 0LF
2026-09-30 10:51:26 INFO LEAD new: [Conditions] Islington/P2025/2185/FUL — 17 Cardwell Road, London, N7 0NL
2026-09-30 10:51:26 INFO LEAD new: [Conditions] Islington/P2025/2184/LBC — 35 Shepperton Road, London, N1 3DH
2026-09-30 10:51:26 INFO LEAD new: [Conditions] Islington/P2025/2183/FUL — 35 Shepperton Road, London, N1 3DH
2026-09-30 10:51:32 INFO [islington/Conditions] page at offset 1700: 100 records
2026-09-30 10:51:32 INFO LEAD new: [Conditions] Islington/P2025/2205/FUL — Upper Floor Flat, 13 Bromfield Street, London, N1 0QA
2026-09-30 10:51:32 INFO LEAD new: [Conditions] Islington/P2025/2195/AOD — 45, Theberton Street, London, N1 0QY
2026-09-30 10:51:32 INFO LEAD new: [Conditions] Islington/P2025/2175/COL — Flat 6, 279 City Road, London, EC1V 1LA
2026-09-30 10:51:32 INFO LEAD new: [Conditions] Islington/P2025/2182/FUL — Flat 13, Epstein Court, 27A Essex Road, London, N1 2TP
2026-09-30 10:51:32 INFO LEAD new: [Conditions] Islington/P2025/2179/COL — 53 Gillespie Road, London, N5 1LH
2026-09-30 10:51:32 INFO LEAD new: [Conditions] Islington/P2025/2174/FUL — 88 Corbyn Street, London, N4 3BZ
2026-09-30 10:51:32 INFO LEAD new: [Conditions] Islington/P2025/2178/AOD — 26, Cheverton Road, London, N19 3AY
2026-09-30 10:51:32 INFO LEAD new: [Conditions] Islington/P2025/2149/LBC — 30 Richmond Avenue, London, N1 0ND
2026-09-30 10:51:32 INFO LEAD new: [Conditions] Islington/P2025/2168/FUL — 470 - 474 Holloway Road, London, N7 6HT
2026-09-30 10:51:32 INFO LEAD new: [Conditions] Islington/P2025/2161/LBC — Clock Tower, Highbury Hill, London, N5 1BA
2026-09-30 10:51:32 INFO LEAD new: [Conditions] Islington/P2025/2158/FUL — The Whittington Hospital, Magdala Avenue, London, N15 5DY
2026-09-30 10:51:32 INFO LEAD new: [Conditions] Islington/P2025/2151/LBC — Flat B, 17 Canonbury Square, London, N1 2AL
2026-09-30 10:51:32 INFO LEAD new: [Conditions] Islington/P2025/2150/FUL — Flat B, 17 Canonbury Square, London, N1 2AL
2026-09-30 10:51:32 INFO LEAD new: [Conditions] Islington/P2025/2148/FUL — 30 Richmond Avenue, London, N1 0ND
2026-09-30 10:51:32 INFO LEAD new: [Conditions] Islington/P2025/2156/FUL — 10 Raleigh Street, London, N1 8NN
2026-09-30 10:51:32 INFO LEAD new: [Conditions] Islington/P2025/2154/AOD — 30 Bastwick Street, London, EC1V 3PS
2026-09-30 10:51:32 INFO LEAD new: [Conditions] Islington/P2025/2155/AOD — 30 Bastwick Street, London, EC1V 3PS
2026-09-30 10:51:32 INFO LEAD new: [Conditions] Islington/P2025/2143/FUL — 124 Huddleston Road, London, N7 0EG
2026-09-30 10:51:32 INFO LEAD new: [Conditions] Islington/P2025/2141/PRA — 3 - 5, Islington High Street, London, N1 9LQ
2026-09-30 10:51:32 INFO LEAD new: [Conditions] Islington/P2025/2140/PRA — 3 - 5, Islington High Street, London, N1 9LQ
2026-09-30 10:51:32 INFO LEAD new: [Conditions] Islington/P2025/2152/COL — 31 Ronalds Road, London, N5 1XF
2026-09-30 10:51:32 INFO LEAD new: [Conditions] Islington/P2025/2142/FUL — 31 Ronalds Road, London, N5 1XF
2026-09-30 10:51:32 INFO LEAD new: [Conditions] Islington/P2025/2145/AOD — 30 Bastwick Street, London, EC1V 3PS
2026-09-30 10:51:32 INFO LEAD new: [Conditions] Islington/P2025/2131/FUL — 12 Canonbury Park South, London, N1 2JJ
2026-09-30 10:51:32 INFO LEAD new: [Conditions] Islington/P2025/2123/FUL — 248 Essex Road, London, N1 3AR
2026-09-30 10:51:32 INFO LEAD new: [Conditions] Islington/P2025/2127/S73 — 28 Ellington Street, London, N7 8PJ
2026-09-30 10:51:32 INFO LEAD new: [Conditions] Islington/P2025/2125/LBC — 389, Flat C, St John Street, London, EC1V 4LD
2026-09-30 10:51:32 INFO LEAD new: [Conditions] Islington/P2025/2119/FUL — 2 Bewdley Street, London, N1 1HB
2026-09-30 10:51:32 INFO LEAD new: [Conditions] Islington/P2025/2120/LBC — 2 Bewdley Street, London, N1 1HB
2026-09-30 10:51:32 INFO LEAD new: [Conditions] Islington/P2025/2129/LBC — Upper Floor Flat, 13 Bromfield Street, London, N1 0QA
2026-09-30 10:51:32 INFO LEAD new: [Conditions] Islington/P2025/2121/ADV — 1 Islington Green, London, N1 2XH
2026-09-30 10:51:32 INFO LEAD new: [Conditions] Islington/P2025/2122/LBC — 1 Islington Green, London, N1 2XH
2026-09-30 10:51:32 INFO LEAD new: [Conditions] Islington/P2025/2124/LBC — 248 Essex Road, London N1 3AR
2026-09-30 10:51:32 INFO LEAD new: [Conditions] Islington/P2025/2106/COL — 54 Ambler Road, London, N4 2QR
2026-09-30 10:51:32 INFO LEAD new: [Conditions] Islington/P2025/2117/AOD — Garages to the rear of Parkhurst Court, Warlters Road, Londo
2026-09-30 10:51:32 INFO LEAD new: [Conditions] Islington/P2025/2115/FUL — 9 Huntingdon Street, London, N1 1BU
2026-09-30 10:51:32 INFO LEAD new: [Conditions] Islington/P2025/2114/LBC — 12 Nelson Terrace, London, N1 8DG
2026-09-30 10:51:32 INFO LEAD new: [Conditions] Islington/P2025/2111/ADV — 81 City Road, London, EC1Y 1BD
2026-09-30 10:51:32 INFO LEAD new: [Conditions] Islington/P2025/2293/S73 — 33 - 39 Bowling Green Lane, London, EC1R 0BJ
2026-09-30 10:51:32 INFO LEAD new: [Conditions] Islington/P2025/2108/FUL — 22 Halton Road, London, N1 2EU
2026-09-30 10:51:32 INFO LEAD new: [Conditions] Islington/P2025/2109/LBC — 22 Halton Road, London, N1 2EU
2026-09-30 10:51:32 INFO LEAD new: [Conditions] Islington/P2025/2113/FUL — 12 Nelson Terrace, London, N1 8DG
2026-09-30 10:51:32 INFO LEAD new: [Conditions] Islington/P2025/2098/AOD — 38 Finsbury Square, London, EC2A 1PX
2026-09-30 10:51:32 INFO LEAD new: [Conditions] Islington/P2025/2096/FUL — Flat 4, 2 Bath Street, London, EC1V 9DX
2026-09-30 10:51:32 INFO LEAD new: [Conditions] Islington/P2025/2084/FUL — 3 Elfort Road, London, N5 1AX
2026-09-30 10:51:32 INFO LEAD new: [Conditions] Islington/P2025/2074/FUL — 56 Aberdeen Road, London, N5 2XB
2026-09-30 10:51:32 INFO LEAD new: [Conditions] Islington/P2025/2091/FUL — St John The Evangelist Rc Primary School, Duncan Street, Lon
2026-09-30 10:51:32 INFO LEAD new: [Conditions] Islington/P2025/2077/COL — Flat A, 170 New North Road, London, N1 7BJ
2026-09-30 10:51:32 INFO LEAD new: [Conditions] Islington/P2025/2085/FUL — 5 - 7 Singer Street, London, EC2A 4BQ
2026-09-30 10:51:32 INFO LEAD new: [Conditions] Islington/P2025/2092/S73 — 3 Theseus Walk, London, N1 8DS
2026-09-30 10:51:32 INFO LEAD new: [Conditions] Islington/P2025/2090/FUL — St Aloysius College, 32 Hornsey Lane, London, N6 5LY
2026-09-30 10:51:32 INFO LEAD new: [Conditions] Islington/P2025/2086/COL — Landseer Gardens, Landseer Road, London, N19
2026-09-30 10:51:32 INFO LEAD new: [Conditions] Islington/P2025/2065/ADV — Athena House, 140-142 St John Street, London EC1V 4UB
2026-09-30 10:51:32 INFO LEAD new: [Conditions] Islington/P2025/2075/FUL — Second Floor Flat, 354 Caledonian Road, London, N1 1DU
2026-09-30 10:51:32 INFO LEAD new: [Conditions] Islington/P2025/2068/FUL — 75 Richmond Avenue, London, N1 0LX
2026-09-30 10:51:32 INFO LEAD new: [Conditions] Islington/P2025/2071/FUL — Top Floor Flat, 78 Aberdeen Road, London, N5 2XA
2026-09-30 10:51:32 INFO LEAD new: [Conditions] Islington/P2025/2076/FUL — 120 Calabria Road, London, N5 1HT
2026-09-30 10:51:32 INFO LEAD new: [Conditions] Islington/P2025/2080/AOD — 99, City Road, London
2026-09-30 10:51:32 INFO LEAD new: [Conditions] Islington/P2025/2070/FUL — 10 Northampton Grove, London, N1 2PL
2026-09-30 10:51:32 INFO LEAD new: [Conditions] Islington/P2025/2059/FUL — 82 Mildmay Park, London, N1 4PR
2026-09-30 10:51:32 INFO LEAD new: [Conditions] Islington/P2025/2046/FUL — 90 Shaftesbury Road, London N19 4QR
2026-09-30 10:51:32 INFO LEAD new: [Conditions] Islington/P2025/2052/FUL — 284 Pentonville Road, London, N1 9NR
2026-09-30 10:51:32 INFO LEAD new: [Conditions] Islington/P2025/2051/FUL — Flat 7 Dawlish House, 8 Pleasant Place, London, N1 2BT
2026-09-30 10:51:32 INFO LEAD new: [Conditions] Islington/P2025/2056/LBC — 80 Shepperton Road, London, N1 3DQ
2026-09-30 10:51:32 INFO LEAD new: [Conditions] Islington/P2025/2055/FUL — 80 Shepperton Road, London, N1 3DQ
2026-09-30 10:51:32 INFO LEAD new: [Conditions] Islington/P2025/2058/LBC — 82 Shepperton Road, London, N1 3DQ
2026-09-30 10:51:32 INFO LEAD new: [Conditions] Islington/P2025/2037/FUL — 27 Highbury Hill, London, N5 1SU
2026-09-30 10:51:32 INFO LEAD new: [Conditions] Islington/P2025/2057/FUL — 82 Shepperton Road, London, N1 3DQ
2026-09-30 10:51:32 INFO LEAD new: [Conditions] Islington/P2025/2063/AOD — 85, St Paul's Road, London
2026-09-30 10:51:32 INFO LEAD new: [Conditions] Islington/P2025/2064/AOD — 85, St Paul's Road, London
2026-09-30 10:51:32 INFO LEAD new: [Conditions] Islington/P2025/2036/FUL — Flat A & B, 119 Grosvenor Avenue, London, N5 2NL
2026-09-30 10:51:32 INFO LEAD new: [Conditions] Islington/P2025/2050/FUL — Land adjacent to Chelmsford House, Holloway Road, London, N7
2026-09-30 10:51:32 INFO LEAD new: [Conditions] Islington/P2025/2061/FUL — 70 -77 Cowcross Street, London, EC1M 6EL
2026-09-30 10:51:32 INFO LEAD new: [Conditions] Islington/P2025/2038/FUL — Basement And Ground Floor, 286 Pentonville Road, London, N1 
2026-09-30 10:51:32 INFO LEAD new: [Conditions] Islington/P2025/2041/ADV — Railings at St Luke’s Churchyard, 161 Old Street, London, EC
2026-09-30 10:51:32 INFO LEAD new: [Conditions] Islington/P2025/2039/LBC — Railings at St Luke’s Churchyard, 161 Old Street, London, EC
2026-09-30 10:51:32 INFO LEAD new: [Conditions] Islington/P2025/2044/FUL — Flat A, 16 Jackson Road, London, N7 6EJ
2026-09-30 10:51:32 INFO LEAD new: [Conditions] Islington/P2025/2043/FUL — Flat A, 80 Newington Green Road, London, N1 4RN
2026-09-30 10:51:32 INFO LEAD new: [Conditions] Islington/P2025/2024/FUL — 95 Richmond Avenue, London, N1 0LT
2026-09-30 10:51:32 INFO LEAD new: [Conditions] Islington/P2025/2159/OBS — Finsgate House, 5-7 Cranwood Street, Hackney, London, EC1V 9
2026-09-30 10:51:32 INFO LEAD new: [Conditions] Islington/P2025/2022/AOD — John Vane Science Centre, ST BARTHOLOMEWS HOSPITAL MEDICAL C
2026-09-30 10:51:32 INFO LEAD new: [Conditions] Islington/P2025/2025/COL — 92 Cloudesley Road, London, N1 0EB
2026-09-30 10:51:32 INFO LEAD new: [Conditions] Islington/P2025/2160/OBS — Baltic Street West, London, EC1Y 0ST
2026-09-30 10:51:32 INFO LEAD new: [Conditions] Islington/P2025/2027/FUL — 7 Grange Grove, London, N1 2NP
2026-09-30 10:51:32 INFO LEAD new: [Conditions] Islington/P2025/2028/FUL — 98 Highbury Hill, London, N5 1AT
2026-09-30 10:51:32 INFO LEAD new: [Conditions] Islington/P2025/2011/AOD — Regents Wharf, 10 - 12 All Saints Street, London, N1 9RL
2026-09-30 10:51:32 INFO LEAD new: [Conditions] Islington/P2025/2019/OBS — Finsgate House, 5-7 Cranwood Street, Hackney, London, EC1V 9
2026-09-30 10:51:32 INFO LEAD new: [Conditions] Islington/P2025/2007/FUL — 7 Fergus Road, London, N5 1JS
2026-09-30 10:51:32 INFO LEAD new: [Conditions] Islington/P2025/2010/FUL — 19 Yerbury Road, London, N19 4RN
2026-09-30 10:51:32 INFO LEAD new: [Conditions] Islington/P2025/2006/FUL — 12 Haslam House, 2 Canonbury Road, London, N1 2HT
2026-09-30 10:51:32 INFO LEAD new: [Conditions] Islington/P2025/2003/FUL — 27 Baron Street, London, N1 9ET
2026-09-30 10:51:32 INFO LEAD new: [Conditions] Islington/P2025/2012/AOD — Craft Council Gallery, 44A Pentonville Road, N1 9HJ
2026-09-30 10:51:32 INFO LEAD new: [Conditions] Islington/P2025/2000/LBC — 83, Hemingford Road, London, N1 1BY
2026-09-30 10:51:32 INFO LEAD new: [Conditions] Islington/P2025/2001/COL — 244 Hornsey Road, London
2026-09-30 10:51:32 INFO LEAD new: [Conditions] Islington/P2025/2004/AOD — 32, Halton Road, London, N1 2EU
2026-09-30 10:51:32 INFO LEAD new: [Conditions] Islington/P2025/2002/FUL — 30A Great Sutton Street, London EC1V 0DX
2026-09-30 10:51:38 INFO [islington/Conditions] page at offset 1800: 100 records
2026-09-30 10:51:38 INFO LEAD new: [Conditions] Islington/P2025/1996/FUL — 47 Danbury Street, Flat A, London, N1 8LE
2026-09-30 10:51:38 INFO LEAD new: [Conditions] Islington/P2025/1989/FUL — 28 Ripplevale Grove, London, N1 1HU
2026-09-30 10:51:38 INFO LEAD new: [Conditions] Islington/P2025/1987/ADV — 62 Cross Street, London, N1 2BA
2026-09-30 10:51:38 INFO LEAD new: [Conditions] Islington/P2025/1990/LBC — 28 Ripplevale Grove, London, N1 1HU
2026-09-30 10:51:38 INFO LEAD new: [Conditions] Islington/P2025/1992/AOD — 437, Liverpool Road, London, N7 8PR
2026-09-30 10:51:38 INFO LEAD new: [Conditions] Islington/P2025/1988/FUL — 31 Mildmay Road, London, N1 4PU
2026-09-30 10:51:38 INFO LEAD new: [Conditions] Islington/P2025/1981/AOD — 21, Ripplevale Grove, London, N1 1HS
2026-09-30 10:51:38 INFO LEAD new: [Conditions] Islington/P2025/1971/FUL — 32 College Cross, London, N1 1PR
2026-09-30 10:51:38 INFO LEAD new: [Conditions] Islington/P2025/1975/AOD — 30 Bastwick Street, London, EC1V 3PS
2026-09-30 10:51:38 INFO LEAD new: [Conditions] Islington/P2025/1982/LBC — 45 Lloyd Baker Street, London
2026-09-30 10:51:38 INFO LEAD new: [Conditions] Islington/P2025/1969/FUL — 18 Tremlett Grove, London, N19 5JX
2026-09-30 10:51:38 INFO LEAD new: [Conditions] Islington/P2025/1967/FUL — 41 Shepperton Road, London N1 3DH
2026-09-30 10:51:38 INFO LEAD new: [Conditions] Islington/P2025/1968/LBC — 41 Shepperton Road, London N1 3DH
2026-09-30 10:51:38 INFO LEAD new: [Conditions] Islington/P2025/1978/AOD — 30 Bastwick Street, London, EC1V 3PS
2026-09-30 10:51:38 INFO LEAD new: [Conditions] Islington/P2025/1979/S73 — Floral Place, Northampton Grove, London
2026-09-30 10:51:38 INFO LEAD new: [Conditions] Islington/P2025/1977/AOD — Rear Of 67-81, 81A Benwell Road, London, N7 7BW
2026-09-30 10:51:38 INFO LEAD new: [Conditions] Islington/P2025/1965/AOD — 34, Thornhill Square, London, N1 1BE
2026-09-30 10:51:38 INFO LEAD new: [Conditions] Islington/P2025/1947/LBC — The York Public House, 82 Islington High Street, London, N1 
2026-09-30 10:51:38 INFO LEAD new: [Conditions] Islington/P2025/1959/ADV — Town Hall, Upper Street, London, N1 2UD
2026-09-30 10:51:38 INFO LEAD new: [Conditions] Islington/P2025/1955/FUL — The York Public House, 82 Islington High Street, London, N1 
2026-09-30 10:51:38 INFO LEAD new: [Conditions] Islington/P2025/1964/FUL — 35 Quill Street, London, N4 2AD
2026-09-30 10:51:39 INFO LEAD new: [Conditions] Islington/P2025/1963/FUL — Flats 81 to 87 Quill Street, London, N4 2AD
2026-09-30 10:51:39 INFO LEAD new: [Conditions] Islington/P2025/1958/ADV — Waitrose, 174 St John Street, London, EC1V 4DE
2026-09-30 10:51:39 INFO LEAD new: [Conditions] Islington/P2025/1962/FUL — 44 Queen's Head Street, London, N1 8NG
2026-09-30 10:51:39 INFO LEAD new: [Conditions] Islington/P2025/1956/ADV — The York Public House, 82 Islington High Street, London, N1 
2026-09-30 10:51:39 INFO LEAD new: [Conditions] Islington/P2025/1957/ADV — 44 - 46 Upper Street, London N1 0PN
2026-09-30 10:51:39 INFO LEAD new: [Conditions] Islington/P2025/1944/FUL — Craftwork Studios, 1 - 3 Dufferin Street, London EC1Y 8NA
2026-09-30 10:51:39 INFO LEAD new: [Conditions] Islington/P2025/1933/AOD — 85 St Paul's Road, London N1 2PB
2026-09-30 10:51:39 INFO LEAD new: [Conditions] Islington/P2025/1935/AOD — 85 St Paul's Road, London N1 2PB
2026-09-30 10:51:39 INFO LEAD new: [Conditions] Islington/P2025/1946/FUL — 35 Northolme Road, London, N5 2UU
2026-09-30 10:51:39 INFO LEAD new: [Conditions] Islington/P2025/1945/FUL — 61 Anson Road, London, N7 0AR
2026-09-30 10:51:39 INFO LEAD new: [Conditions] Islington/P2025/1949/LBC — 93 Hemingford Road, London, N1 1BY
2026-09-30 10:51:39 INFO LEAD new: [Conditions] Islington/P2025/1948/FUL — 93 Hemingford Road, London, N1 1BY
2026-09-30 10:51:39 INFO LEAD new: [Conditions] Islington/P2025/1934/S73 — 85 St Paul's Road, London, N1 2NA
2026-09-30 10:51:39 INFO LEAD new: [Conditions] Islington/P2025/1932/LBC — Flat C, 9 Canonbury Lane, London, N1 2AS
2026-09-30 10:51:39 INFO LEAD new: [Conditions] Islington/P2025/1954/AOD — Former Royal Mail Sorting Office (Islington Square), 116 - 1
2026-09-30 10:51:39 INFO LEAD new: [Conditions] Islington/P2025/1938/FUL — 21 Highbury Hill, London, N5 1SU
2026-09-30 10:51:39 INFO LEAD new: [Conditions] Islington/P2025/1931/FUL — Flat C, 9 Canonbury Lane, London, N1 2AS
2026-09-30 10:51:39 INFO LEAD new: [Conditions] Islington/P2025/1928/LBC — 9 Charlton Place, London, N1 8AQ
2026-09-30 10:51:39 INFO LEAD new: [Conditions] Islington/P2025/1927/FUL — 9 Charlton Place, London, N1 8AQ
2026-09-30 10:51:39 INFO LEAD new: [Conditions] Islington/P2025/1921/FUL — 63 Kelvin Road, London, N5 2PR
2026-09-30 10:51:39 INFO LEAD new: [Conditions] Islington/P2025/1925/FUL — 39 Melgund Road, London, N5 1PT
2026-09-30 10:51:39 INFO LEAD new: [Conditions] Islington/P2025/1930/FUL — Flat C, 25 Poets Road, London, N5 2SL
2026-09-30 10:51:39 INFO LEAD new: [Conditions] Islington/P2025/1923/FUL — Flat 3, 58 Hanley Road, London, N4 3DR
2026-09-30 10:51:39 INFO LEAD new: [Conditions] Islington/P2025/1902/FUL — 32 Hermes Street, London N1 9JD
2026-09-30 10:51:39 INFO LEAD new: [Conditions] Islington/P2025/1914/LBC — The Lodge, 55 Highbury New Park, London, N5 2ET
2026-09-30 10:51:39 INFO LEAD new: [Conditions] Islington/P2025/1913/FUL — The Lodge, 55 Highbury New Park, London, N5 2ET
2026-09-30 10:51:39 INFO LEAD new: [Conditions] Islington/P2025/1915/FUL — Old Dairy Court, 17 Crouch Hill, London, N4 4AP
2026-09-30 10:51:39 INFO LEAD new: [Conditions] Islington/P2025/1916/COL — 564, Caledonian Road, London, N7 9SD
2026-09-30 10:51:39 INFO LEAD new: [Conditions] Islington/P2025/1895/FUL — 26 Vickery Court, 40 Mitchell Street, London, EC1V 3QL
2026-09-30 10:51:39 INFO LEAD new: [Conditions] Islington/P2025/1894/LBC — 140A Upper Street, London, N1 1QY
2026-09-30 10:51:39 INFO LEAD new: [Conditions] Islington/P2025/1905/AOD — 175, Liverpool Road, London, N1 0RF
2026-09-30 10:51:39 INFO LEAD new: [Conditions] Islington/P2025/1899/AOD — 29, Sekforde Street, London, EC1R 0HH
2026-09-30 10:51:39 INFO LEAD new: [Conditions] Islington/P2025/1897/LBC — 62 Shepperton Road, London, N1 3DQ
2026-09-30 10:51:39 INFO LEAD new: [Conditions] Islington/P2025/1888/FUL — Flat 1, 80 Gillespie Road, London, N5 1LN
2026-09-30 10:51:39 INFO LEAD new: [Conditions] Islington/P2025/1907/FUL — Flat F & Flat G, 2 Mulberry Court, Highbury Hill, London, N5
2026-09-30 10:51:39 INFO LEAD new: [Conditions] Islington/P2025/1906/LBC — 15, Flat C, Cross Street, London, N1 2BH
2026-09-30 10:51:39 INFO LEAD new: [Conditions] Islington/P2025/1901/FUL — 169 Old Street, London, EC1V 9NH
2026-09-30 10:51:39 INFO LEAD new: [Conditions] Islington/P2025/1896/FUL — 62 Shepperton Road, London, N1 3DQ
2026-09-30 10:51:39 INFO LEAD new: [Conditions] Islington/P2025/1904/ADV — 46 Essex Road, London, N1 8LN
2026-09-30 10:51:39 INFO LEAD new: [Conditions] Islington/P2025/1887/FUL — 123 Englefield Road, London, N1 3LH
2026-09-30 10:51:39 INFO LEAD new: [Conditions] Islington/P2025/1878/FUL — 4 Rees Street, London, N1 7AR
2026-09-30 10:51:39 INFO LEAD new: [Conditions] Islington/P2025/1886/FUL — 6 Dagmar Terrace, London, N1 2BN
2026-09-30 10:51:39 INFO LEAD new: [Conditions] Islington/P2025/1893/AOD — 1, Torrens Street, London, EC1V 1NQ
2026-09-30 10:51:39 INFO LEAD new: [Conditions] Islington/P2025/1891/PRA — 408 Holloway Road, London, N7 6QA
2026-09-30 10:51:39 INFO LEAD new: [Conditions] Islington/P2025/1880/FUL — Lower Maisonette, 29A Kelross Road, London, N5 2QS
2026-09-30 10:51:39 INFO LEAD new: [Conditions] Islington/P2025/1881/FUL — Flat 1, 203 Southgate Road, London, N1 3LD
2026-09-30 10:51:39 INFO LEAD new: [Conditions] Islington/P2025/1885/LBC — 13 Canonbury Square, London, N1 2AL
2026-09-30 10:51:39 INFO LEAD new: [Conditions] Islington/P2025/1882/FUL — Unit 4, Holford Yard, London WC1X 9HD
2026-09-30 10:51:39 INFO LEAD new: [Conditions] Islington/P2025/1883/FUL — 68 - 70 and 60 Goswell Road, London, EC1M 7AD
2026-09-30 10:51:39 INFO LEAD new: [Conditions] Islington/P2025/1884/FUL — 13 Canonbury Square, London, N1 2AL
2026-09-30 10:51:39 INFO LEAD new: [Conditions] Islington/P2025/1871/LBC — 314 St John Street, London
2026-09-30 10:51:39 INFO LEAD new: [Conditions] Islington/P2025/1875/FUL — 90 Plimsoll Road, London, N4 2EE
2026-09-30 10:51:39 INFO LEAD new: [Conditions] Islington/P2025/1872/LBC — Flat 2, 65 Highbury New Park, London, N5 2ET
2026-09-30 10:51:39 INFO LEAD new: [Conditions] Islington/P2025/1866/COL — 50 Ockendon Road, London, N1 3NW
2026-09-30 10:51:39 INFO LEAD new: [Conditions] Islington/P2025/1862/FUL — 1 Allingham Street, London, N1 8NX
2026-09-30 10:51:39 INFO LEAD new: [Conditions] Islington/P2025/1853/FUL — 50 Ockendon Road, London, N1 3NW
2026-09-30 10:51:39 INFO LEAD new: [Conditions] Islington/P2025/1857/LBC — 116 Richmond Avenue, London
2026-09-30 10:51:39 INFO LEAD new: [Conditions] Islington/P2025/1855/LBC — 22 Richmond Avenue, London
2026-09-30 10:51:39 INFO LEAD new: [Conditions] Islington/P2025/1851/LBC — 58 Shepperton Road, London, N1 3DQ
2026-09-30 10:51:39 INFO LEAD new: [Conditions] Islington/P2025/1858/FUL — Crown Tavern Public House, 43 Clerkenwell Green, London, EC1
2026-09-30 10:51:39 INFO LEAD new: [Conditions] Islington/P2025/1854/FUL — 58 Shepperton Road, London, N1 3DQ
2026-09-30 10:51:39 INFO LEAD new: [Conditions] Islington/P2025/1859/FUL — 20, Warlters Road, London, N7 0RX
2026-09-30 10:51:39 INFO LEAD new: [Conditions] Islington/P2025/1847/LBC — 29 Arlington Square, London, N1 7DP
2026-09-30 10:51:39 INFO LEAD new: [Conditions] Islington/P2025/1840/FUL — 15 Allingham Street, London, N1 8NX
2026-09-30 10:51:39 INFO LEAD new: [Conditions] Islington/P2025/1829/FUL — Flat 4, 84 Highbury Hill, London, N5 1AP
2026-09-30 10:51:39 INFO LEAD new: [Conditions] Islington/P2025/1839/FUL — 44 - 46 Sekforde Street, London EC1R 0HA
2026-09-30 10:51:39 INFO LEAD new: [Conditions] Islington/P2025/1846/FUL — 29 Arlington Square, London, N1 7DP
2026-09-30 10:51:39 INFO LEAD new: [Conditions] Islington/P2025/1844/AOD — Former Richard Cloudesley School, Golden Lane, London
2026-09-30 10:51:39 INFO LEAD new: [Conditions] Islington/P2025/1836/FUL — Flat A, 57 Cleveland Road, London, N1 3ES
2026-09-30 10:51:39 INFO LEAD new: [Conditions] Islington/P2025/1841/FUL — 40A, Corinne Road, London, N19 5EY
2026-09-30 10:51:39 INFO LEAD new: [Conditions] Islington/P2025/1828/LBC — 45 Wilton Square, London, N1 3DW
2026-09-30 10:51:39 INFO LEAD new: [Conditions] Islington/P2025/1827/FUL — 45 Wilton Square, London, N1 3DW
2026-09-30 10:51:39 INFO LEAD new: [Conditions] Islington/P2025/1831/LBC — 13A, Percy Circus, London, WC1X 9ES
2026-09-30 10:51:39 INFO LEAD new: [Conditions] Islington/P2025/1835/FUL — 4 Pentonville Road, London, N1 9HF
2026-09-30 10:51:39 INFO LEAD new: [Conditions] Islington/P2025/1830/COL — 16 Riversdale Road, London, N5 2JT
2026-09-30 10:51:39 INFO LEAD new: [Conditions] Islington/P2025/1820/LBC — Town Hall, Islington Assembly Hall, Upper Street, London, N1
2026-09-30 10:51:45 INFO [islington/Conditions] page at offset 1900: 100 records
2026-09-30 10:51:45 INFO LEAD new: [Conditions] Islington/P2025/1818/FUL — Flat C, 99 Grosvenor Avenue, London, N5 2NL
2026-09-30 10:51:45 INFO LEAD new: [Conditions] Islington/P2025/1817/COL — 1A Everleigh Street, London, N4 3AE
2026-09-30 10:51:45 INFO LEAD new: [Conditions] Islington/P2025/1824/COL — 32 Plimsoll Road, London, N4 2EL
2026-09-30 10:51:45 INFO LEAD new: [Conditions] Islington/P2025/1993/S73 — Town Hall, Islington Assembly Hall, Upper Street, London, N1
2026-09-30 10:51:45 INFO LEAD new: [Conditions] Islington/P2025/1823/FUL — 22 Ringcroft Street, London, N7 8ND
2026-09-30 10:51:45 INFO LEAD new: [Conditions] Islington/P2025/1825/FUL — 2 Canonbury Park South, London, N1 2JJ
2026-09-30 10:51:45 INFO LEAD new: [Conditions] Islington/P2025/1812/FUL — HMP Pentonville, Caledonian Road, London, N7 8TT
2026-09-30 10:51:45 INFO LEAD new: [Conditions] Islington/P2025/1806/FUL — 7 Hillmarton Road, London, N7 9JE
2026-09-30 10:51:45 INFO LEAD new: [Conditions] Islington/P2025/1809/FUL — Hawksmoor Court, 1 St Luke's Close, London, EC1V 9DE
2026-09-30 10:51:45 INFO LEAD new: [Conditions] Islington/P2025/1808/FUL — 62 - 64 Chapel Market, London, N1 9ER
2026-09-30 10:51:45 INFO LEAD new: [Conditions] Islington/P2025/1819/FUL — 13A Percy Circus, London, WC1X 9ES
2026-09-30 10:51:45 INFO LEAD new: [Conditions] Islington/P2025/1816/COL — Flat E, 151 Hornsey Road, London, N7 6DU
2026-09-30 10:51:45 INFO LEAD new: [Conditions] Islington/P2025/1813/LBC — HMP Pentonville, Caledonian Road, London, N7 8TT
2026-09-30 10:51:45 INFO LEAD new: [Conditions] Islington/P2025/1799/AOD — St John's Mansions, 308 St John Street, London, EC1V 4NX
2026-09-30 10:51:45 INFO LEAD new: [Conditions] Islington/P2025/1790/AOD — St John's Mansions, 308 St John Street, London, EC1V 4NX
2026-09-30 10:51:45 INFO LEAD new: [Conditions] Islington/P2025/1798/LBC — 4, Milner Place, London, N1 1TN
2026-09-30 10:51:45 INFO LEAD new: [Conditions] Islington/P2025/1801/FUL — 32 Plimsoll Road, London, N4 2EL
2026-09-30 10:51:45 INFO LEAD new: [Conditions] Islington/P2025/1792/LBC — 23 Lloyd Baker Street, London, WC1X 9AZ
2026-09-30 10:51:45 INFO LEAD new: [Conditions] Islington/P2025/1791/FUL — 23 Lloyd Baker Street, London, WC1X 9AZ
2026-09-30 10:51:45 INFO LEAD new: [Conditions] Islington/P2025/1789/COL — 42 Battledean Road, London, N5 1UZ
2026-09-30 10:51:45 INFO LEAD new: [Conditions] Islington/P2025/1802/FUL — The Bridge School Primary Department, 251 Hungerford Road, L
2026-09-30 10:51:45 INFO LEAD new: [Conditions] Islington/P2025/1783/AOD — 41, Lloyd Baker Street, London, WC1X 9AB
2026-09-30 10:51:45 INFO LEAD new: [Conditions] Islington/P2025/1777/LBC — 302 Liverpool Road, London, N7 8PU
2026-09-30 10:51:45 INFO LEAD new: [Conditions] Islington/P2025/1778/FUL — 110, Upper Street, London, N1 1QN
2026-09-30 10:51:45 INFO LEAD new: [Conditions] Islington/P2025/1784/COL — 23, Mitford Road, London, N19 4HJ
2026-09-30 10:51:45 INFO LEAD new: [Conditions] Islington/P2025/1788/FUL — Flat B, 149 Green Lanes, London, N16 9DB
2026-09-30 10:51:45 INFO LEAD new: [Conditions] Islington/P2025/1775/COL — 15 Calverley Grove, London, N19 3LQ
2026-09-30 10:51:45 INFO LEAD new: [Conditions] Islington/P2025/1776/FUL — 302 Liverpool Road, London, N7 8PU
2026-09-30 10:51:45 INFO LEAD new: [Conditions] Islington/P2025/1781/FUL — 25 and 27, Poynings Road, London, N19 5LH
2026-09-30 10:51:45 INFO LEAD new: [Conditions] Islington/P2025/1780/AOD — John Vane Science Centre, ST BARTHOLOMEWS HOSPITAL MEDICAL C
2026-09-30 10:51:45 INFO LEAD new: [Conditions] Islington/P2025/1760/FUL — 7 and 9 Poynings Road, London, N19 5LH
2026-09-30 10:51:45 INFO LEAD new: [Conditions] Islington/P2025/1766/AOD — Finsbury Dials, 20 Finsbury Street, London, EC2Y 9AQ
2026-09-30 10:51:45 INFO LEAD new: [Conditions] Islington/P2025/1770/AOD — 14 City Road, London, EC1Y 0TY
2026-09-30 10:51:45 INFO LEAD new: [Conditions] Islington/P2025/1765/OUT — New Barnsbury Estate, London, N1
2026-09-30 10:51:45 INFO LEAD new: [Conditions] Islington/P2025/1768/AOD — 1 Prospero Road, London, N19 3QX
2026-09-30 10:51:45 INFO LEAD new: [Conditions] Islington/P2025/1771/FUL — 58 Leconfield Road, London, N5 2SN
2026-09-30 10:51:45 INFO LEAD new: [Conditions] Islington/P2025/1769/FUL — 58 Leconfield Road, London
2026-09-30 10:51:45 INFO LEAD new: [Conditions] Islington/P2025/1741/LBC — 40 Claremont Square, London
2026-09-30 10:51:45 INFO LEAD new: [Conditions] Islington/P2025/1738/FUL — Land Outside 3 Upper Street, London, N1 0PQ
2026-09-30 10:51:45 INFO LEAD new: [Conditions] Islington/P2025/1744/FUL — 321 Liverpool Road, London, N1 1NQ
2026-09-30 10:51:45 INFO LEAD new: [Conditions] Islington/P2025/1727/LBC — 29 Northdown Street, London
2026-09-30 10:51:45 INFO LEAD new: [Conditions] Islington/P2025/1739/ADV — Land Outside 3 Upper Street, London, N1 0PQ
2026-09-30 10:51:45 INFO LEAD new: [Conditions] Islington/P2025/1745/LBC — 321 Liverpool Road, London, N1 1NQ
2026-09-30 10:51:45 INFO LEAD new: [Conditions] Islington/P2025/1740/COL — 32 Hartham Road, London, N7 9JL
2026-09-30 10:51:45 INFO LEAD new: [Conditions] Islington/P2025/1728/FUL — Guinness Court, Lever Street, London, EC1V 3TR
2026-09-30 10:51:45 INFO LEAD new: [Conditions] Islington/P2025/1755/FUL — 49 Ripplevale Grove, London, N1 1HS
2026-09-30 10:51:45 INFO LEAD new: [Conditions] Islington/P2025/1750/AOD — William Martin Court, 65 Margery Street, London, WC1X 0JH
2026-09-30 10:51:45 INFO LEAD new: [Conditions] Islington/P2025/1743/LBC — 27, 29, 31 and 33 Balfe Street, London
2026-09-30 10:51:45 INFO LEAD new: [Conditions] Islington/P2025/1723/FUL — 41 Poynings Road, London, N19 5LH
2026-09-30 10:51:45 INFO LEAD new: [Conditions] Islington/P2025/1722/COL — 30 Pyrland Road, London, N5 2JD
2026-09-30 10:51:45 INFO LEAD new: [Conditions] Islington/P2025/1721/FUL — Flat D, 106 Rotherfield Street, London, N1 3BY
2026-09-30 10:51:45 INFO LEAD new: [Conditions] Islington/P2025/1720/AOD — 78 - 79 White Lion Street, London, N1 9PF
2026-09-30 10:51:45 INFO LEAD new: [Conditions] Islington/P2025/1718/FUL — 1 Hertslet Road, London N7 6PJ
2026-09-30 10:51:45 INFO LEAD new: [Conditions] Islington/P2025/1714/FUL — 90 Shepperton Road, London, N1 3DQ
2026-09-30 10:51:45 INFO LEAD new: [Conditions] Islington/P2025/1715/LBC — 90 Shepperton Road, London, N1 3DQ
2026-09-30 10:51:45 INFO LEAD new: [Conditions] Islington/P2025/1716/FUL — 30 Finsbury Square, London EC2A 1AG
2026-09-30 10:51:45 INFO LEAD new: [Conditions] Islington/P2025/1717/FUL — 3 Pavillion Mews, London, N4 3QA
2026-09-30 10:51:45 INFO LEAD new: [Conditions] Islington/P2025/1713/FUL — 12 Jackson Road, London, N7 6EJ
2026-09-30 10:51:45 INFO LEAD new: [Conditions] Islington/P2025/1686/LBC — Sundial Court, 38 - 42 Chiswell Street, London EC1Y 4SB
2026-09-30 10:51:45 INFO LEAD new: [Conditions] Islington/P2025/1697/PRA — Canon Collins House, 64 Essex Road, London, N1 8LR
2026-09-30 10:51:45 INFO LEAD new: [Conditions] Islington/P2025/1734/PRA — Canon Collins House, 64 Essex Road, London, N1 8LR
2026-09-30 10:51:45 INFO LEAD new: [Conditions] Islington/P2025/1685/FUL — Sundial Court, 38 - 42 Chiswell Street, London EC1Y 4SB
2026-09-30 10:51:45 INFO LEAD new: [Conditions] Islington/P2025/1695/AOD — Barnard Park, Copenhagen Street, London, N1 0NL
2026-09-30 10:51:45 INFO LEAD new: [Conditions] Islington/P2025/1689/LBC — Flat B, 10 Burgh Street, London, N1 8HF
2026-09-30 10:51:45 INFO LEAD new: [Conditions] Islington/P2025/1704/COL — Dalmeny Park, Dalmeny Road, London, N7
2026-09-30 10:51:45 INFO LEAD new: [Conditions] Islington/P2025/1703/AOD — 207, The Hope and Anchor Public House, Upper Street, London,
2026-09-30 10:51:45 INFO LEAD new: [Conditions] Islington/P2025/1694/FUL — Maisonette, 46 King's Cross Road, London, WC1X 9QE
2026-09-30 10:51:45 INFO LEAD new: [Conditions] Islington/P2025/1680/LBC — Maisonette, 46 King's Cross Road, London, WC1X 9QE
2026-09-30 10:51:45 INFO LEAD new: [Conditions] Islington/P2025/1702/FUL — 271-273 City Road, London, EC1V 1LA
2026-09-30 10:51:45 INFO LEAD new: [Conditions] Islington/P2025/1668/FUL — 37 Poynings Road, London, N19 5LH
2026-09-30 10:51:45 INFO LEAD new: [Conditions] Islington/P2025/1673/FUL — Doubletree by Hilton (London Angel Kings Cross), 60 Pentonvi
2026-09-30 10:51:45 INFO LEAD new: [Conditions] Islington/P2025/1674/FUL — 188 - 190 New North Road, London N1 7BJ
2026-09-30 10:51:45 INFO LEAD new: [Conditions] Islington/P2025/1665/FUL — 39 Northolme Road, London, N5 2UU
2026-09-30 10:51:45 INFO LEAD new: [Conditions] Islington/P2025/1662/FUL — Thornsett Group Plc, 34 Margery Street, London, WC1X 0JJ
2026-09-30 10:51:45 INFO LEAD new: [Conditions] Islington/P2025/1693/AOD — 1-56 Statham Court, 20 Tollington Way N7 6NF and 1-94 Sherar
2026-09-30 10:51:45 INFO LEAD new: [Conditions] Islington/P2025/1648/FUL — Flat C 46 Mildmay Road, London, N1 4NG
2026-09-30 10:51:45 INFO LEAD new: [Conditions] Islington/P2025/1657/AOD — 10 - 14, Garrett Street, London, EC1Y 0TY
2026-09-30 10:51:45 INFO LEAD new: [Conditions] Islington/P2025/1654/FUL — 21 Poynings Road, London, N19 5LH
2026-09-30 10:51:45 INFO LEAD new: [Conditions] Islington/P2025/1650/FUL — 35 Clerkenwell Close, London, EC1R 0AU
2026-09-30 10:51:45 INFO LEAD new: [Conditions] Islington/P2025/1659/AOD — 25, Wilton Square, London, N1 3DL
2026-09-30 10:51:45 INFO LEAD new: [Conditions] Islington/P2025/1651/FUL — 3 Stanley Lodge, Canonbury Park South, London, N1 2JS
2026-09-30 10:51:45 INFO LEAD new: [Conditions] Islington/P2025/1664/FUL — 5 Windermere Road, London, N19 5SG
2026-09-30 10:51:45 INFO LEAD new: [Conditions] Islington/P2025/1658/AOD — 10 - 14, Garrett Street, London, EC1Y 0TY
2026-09-30 10:51:45 INFO LEAD new: [Conditions] Islington/P2025/1666/AOD — 11, Ripplevale Grove, London, N1 1HS
2026-09-30 10:51:45 INFO LEAD new: [Conditions] Islington/P2025/1661/LBC — 11A Arlington Square, London, N1 7DS
2026-09-30 10:51:45 INFO LEAD new: [Conditions] Islington/P2025/1660/FUL — 11A Arlington Square, London, N1 7DS
2026-09-30 10:51:45 INFO LEAD new: [Conditions] Islington/P2025/1691/AOD — 20, Finsbury Dials, Finsbury Street, London, EC2Y 9AQ
2026-09-30 10:51:45 INFO LEAD new: [Conditions] Islington/P2025/1643/FUL — 203 Highbury Quadrant, London, N5 2TE
2026-09-30 10:51:45 INFO LEAD new: [Conditions] Islington/P2025/1642/FUL — 83 Benwell Road, London, N7 7BW
2026-09-30 10:51:45 INFO LEAD new: [Conditions] Islington/P2025/1646/FUL — 14 City Road, EC1Y 2AA
2026-09-30 10:51:45 INFO LEAD new: [Conditions] Islington/P2025/1692/AOD — 69, Theberton Street, London, N1 0QY
2026-09-30 10:51:45 INFO LEAD new: [Conditions] Islington/P2025/1647/FUL — Flat 2, 9 Alwyne Place, London, N1 2NL
2026-09-30 10:51:45 INFO LEAD new: [Conditions] Islington/P2025/1641/LBC — 13A Percy Circus, London, WC1X 9ES
2026-09-30 10:51:45 INFO LEAD new: [Conditions] Islington/P2025/1690/AOD — Finsbury Dials, 20 Finsbury Street, London, EC2Y 9AQ
2026-09-30 10:51:45 INFO LEAD new: [Conditions] Islington/P2025/1636/COL — Apartment 5, 18 Clerkenwell Road, London, EC1M 5PF
2026-09-30 10:51:45 INFO LEAD new: [Conditions] Islington/P2025/1629/AOD — 27, Barnsbury Square, London, N1 1JP
2026-09-30 10:51:45 INFO LEAD new: [Conditions] Islington/P2025/1632/S73 — 34 Farringdon Lane and 22–23 Clerkenwell Close, London, EC1R
2026-09-30 10:51:52 INFO [islington/Conditions] page at offset 2000: 100 records
2026-09-30 10:51:52 INFO LEAD new: [Conditions] Islington/P2025/1633/FUL — 7 Hillmarton Road, London, N7 9JE
2026-09-30 10:51:52 INFO LEAD new: [Conditions] Islington/P2025/1620/COL — Flat 3, 11 Ashley Road, London, N19 3AG
2026-09-30 10:51:52 INFO LEAD new: [Conditions] Islington/P2025/1619/FUL — Arsenal Football Club, 75 Drayton Park, London, N5 1BU
2026-09-30 10:51:52 INFO LEAD new: [Conditions] Islington/P2025/1615/FUL — 343 Liverpool Road, London, N1 1NH
2026-09-30 10:51:52 INFO LEAD new: [Conditions] Islington/P2025/1614/FUL — 8 Poynings Road, London, N19 5LD
2026-09-30 10:51:52 INFO LEAD new: [Conditions] Islington/P2025/1616/LBC — 343 Liverpool Road, London, N1 1NH
2026-09-30 10:51:52 INFO LEAD new: [Conditions] Islington/P2025/1605/FUL — 45 Balfour Road, London, N5 2HD
2026-09-30 10:51:52 INFO LEAD new: [Conditions] Islington/P2025/1610/FUL — The Whittington Hospital, Magdala Avenue, London, N19 5NF
2026-09-30 10:51:52 INFO LEAD new: [Conditions] Islington/P2025/1612/AOD — Land Rear Of 28 Amwell Street, Amwell Street, London EC1R 1X
2026-09-30 10:51:52 INFO LEAD new: [Conditions] Islington/P2025/1611/FUL — Flat A, 28 Aberdeen Road, London, N5 2UH
2026-09-30 10:51:52 INFO LEAD new: [Conditions] Islington/P2025/1601/ADV — 22 - 24, Nice Guys London Ltd, Camden Passage, London, N1 8E
2026-09-30 10:51:52 INFO LEAD new: [Conditions] Islington/P2025/1585/AOD — 44 Tollington Road, London, N7 6PG
2026-09-30 10:51:52 INFO LEAD new: [Conditions] Islington/P2025/1584/FUL — Flat 5, 1 Rotherfield Street, London, N1 3EE
2026-09-30 10:51:52 INFO LEAD new: [Conditions] Islington/P2025/1594/FUL — 53 Junction Road, London, N19 5QU
2026-09-30 10:51:52 INFO LEAD new: [Conditions] Islington/P2025/1600/FUL — 1 Bevan Street, London, N1 7DY
2026-09-30 10:51:52 INFO LEAD new: [Conditions] Islington/P2025/1604/PRA — Basement And Ground Floor, 103 Essex Road, London, N1 2SJ
2026-09-30 10:51:52 INFO LEAD new: [Conditions] Islington/P2025/1598/LBC — 3, St John's Path, London, EC1M 4DD
2026-09-30 10:51:52 INFO LEAD new: [Conditions] Islington/P2025/1582/FUL — Hidden House, 1 St John's Path, London, EC1M 4DD
2026-09-30 10:51:52 INFO LEAD new: [Conditions] Islington/P2025/1571/AOD — Kings Head Public House, 115 Upper Street, N1 1QN
2026-09-30 10:51:52 INFO LEAD new: [Conditions] Islington/P2025/1590/LBC — 17 Highbury Place, London, N5 1QP
2026-09-30 10:51:52 INFO LEAD new: [Conditions] Islington/P2025/1579/AOD — Land Rear Of 28 Amwell Street, Amwell Street, London
2026-09-30 10:51:52 INFO LEAD new: [Conditions] Islington/P2025/1572/AOD — 99, City Road, London, EC1Y 1AX
2026-09-30 10:51:52 INFO LEAD new: [Conditions] Islington/P2025/1580/FUL — First Floor Flat, 12 Ashmount Road, London, N19 3BJ
2026-09-30 10:51:52 INFO LEAD new: [Conditions] Islington/P2025/1576/FUL — 29 Aubert Park, London, N5 1TP
2026-09-30 10:51:52 INFO LEAD new: [Conditions] Islington/P2025/1574/LBC — 110 Cloudesley Road, London N1 0EB
2026-09-30 10:51:52 INFO LEAD new: [Conditions] Islington/P2025/1568/LBC — Crown Tavern Public House, 43 Clerkenwell Green, London, EC1
2026-09-30 10:51:52 INFO LEAD new: [Conditions] Islington/P2025/1570/FUL — 5 - 8 St Alban's Place, London, N1 3DQ
2026-09-30 10:51:52 INFO LEAD new: [Conditions] Islington/P2025/1566/AOD — 99 City Road, London, EC1Y 1AX
2026-09-30 10:51:52 INFO LEAD new: [Conditions] Islington/P2025/1578/LBC — 347, 349, 357, 359 & 361 St John Street, London
2026-09-30 10:51:52 INFO LEAD new: [Conditions] Islington/P2025/1573/FUL — 110 Cloudesley Road, London N1 0EB
2026-09-30 10:51:52 INFO LEAD new: [Conditions] Islington/P2025/1589/FUL — 17 Highbury Place, London, N5 1QP
2026-09-30 10:51:52 INFO LEAD new: [Conditions] Islington/P2025/1550/AOD — 224 - 232, Paloma Ii (Office I) Unit Trust, St John Street, 
2026-09-30 10:51:52 INFO LEAD new: [Conditions] Islington/P2025/1549/AOD — 224 - 232, Paloma Ii (Office I) Unit Trust, St John Street, 
2026-09-30 10:51:52 INFO LEAD new: [Conditions] Islington/P2025/1551/AOD — 224 - 232, Paloma Ii (Office I) Unit Trust, St John Street, 
2026-09-30 10:51:52 INFO LEAD new: [Conditions] Islington/P2025/1546/AOD — Kings Head Public House, 115 Upper Street, N1 1QN
2026-09-30 10:51:52 INFO LEAD new: [Conditions] Islington/P2025/1547/AOD — 24 Thornhill Square, London, N1 1BQ
2026-09-30 10:51:52 INFO LEAD new: [Conditions] Islington/P2025/1558/LBC — 2, Islington Central Library, Fieldway Crescent, London, N5 
2026-09-30 10:51:52 INFO LEAD new: [Conditions] Islington/P2025/1557/FUL — 150 Thorpedale Road, London, N4 3BS
2026-09-30 10:51:52 INFO LEAD new: [Conditions] Islington/P2025/1556/FUL — 3 Poynings Road, London, N19 5LH
2026-09-30 10:51:52 INFO LEAD new: [Conditions] Islington/P2025/1560/COL — 26, Kelvin Road, London, N5 2PJ
2026-09-30 10:51:52 INFO LEAD new: [Conditions] Islington/P2025/1552/ADV — 11 Seven Sisters Road, London, N7 6AJ
2026-09-30 10:51:52 INFO LEAD new: [Conditions] Islington/P2025/1553/ADV — 2-4 Highbury Corner, London, N5 1RE
2026-09-30 10:51:52 INFO LEAD new: [Conditions] Islington/P2025/1543/FUL — Ground Floor Flat, 66 Barnsbury Road, London, N1 0ES
2026-09-30 10:51:52 INFO LEAD new: [Conditions] Islington/P2025/1542/FUL — Third Floor Flat, 20 Bowling Green Lane, London, EC1R 0BD
2026-09-30 10:51:52 INFO LEAD new: [Conditions] Islington/P2025/1535/FUL — Flat A, 30 Northampton Square, London, EC1V 0ES
2026-09-30 10:51:52 INFO LEAD new: [Conditions] Islington/P2025/1530/FUL — Flat B, 50 St Thomas's Road, London, N4 2QQ
2026-09-30 10:51:52 INFO LEAD new: [Conditions] Islington/P2025/1539/LBC — 8 Thornhill Square, London
2026-09-30 10:51:52 INFO LEAD new: [Conditions] Islington/P2025/1532/ADV — Unit 4, 5 Bollinder Place, London, EC1V 2AL
2026-09-30 10:51:52 INFO LEAD new: [Conditions] Islington/P2025/1529/FUL — Flat C, 19 Alwyne Road, London, N1 2HN
2026-09-30 10:51:52 INFO LEAD new: [Conditions] Islington/P2025/1538/FUL — 1 Athelstane Mews, London, N4 3EH
2026-09-30 10:51:52 INFO LEAD new: [Conditions] Islington/P2025/1541/FUL — 83 Aberdeen Road, London, N5 2XA
2026-09-30 10:51:52 INFO LEAD new: [Conditions] Islington/P2025/1536/LBC — Flat A, 30 Northampton Square, London, EC1V 0ES
2026-09-30 10:51:52 INFO LEAD new: [Conditions] Islington/P2025/1521/ADV — Crown Tavern Public House, 43 Clerkenwell Green, London, EC1
2026-09-30 10:51:52 INFO LEAD new: [Conditions] Islington/P2025/1518/LBC — 74 Cloudesley Road, London N1 0EB
2026-09-30 10:51:52 INFO LEAD new: [Conditions] Islington/P2025/1520/FUL — 29 Laycock Street, London N1 1UR
2026-09-30 10:51:52 INFO LEAD new: [Conditions] Islington/P2025/1517/FUL — 74 Cloudesley Road, London, N1 0EB
2026-09-30 10:51:52 INFO LEAD new: [Conditions] Islington/P2025/1523/FUL — 2 Poynings Road, London, N19 5LD
2026-09-30 10:51:52 INFO LEAD new: [Conditions] Islington/P2025/1528/COL — 13 Waterloo Terrace, London, N1 1TQ
2026-09-30 10:51:52 INFO LEAD new: [Conditions] Islington/P2025/1526/FUL — 8 Tufnell Park Road, London, N7 0DP
2026-09-30 10:51:52 INFO LEAD new: [Conditions] Islington/P2025/1522/LBC — Crown Tavern Public House, 43 Clerkenwell Green, London, EC1
2026-09-30 10:51:52 INFO LEAD new: [Conditions] Islington/P2025/1515/FUL — 21 Stock Orchard Crescent, London, N7 9SL
2026-09-30 10:51:52 INFO LEAD new: [Conditions] Islington/P2025/1512/COL — 4 Chantry Street, London, N1 8NL
2026-09-30 10:51:52 INFO LEAD new: [Conditions] Islington/P2025/1508/FUL — Woodson Building, 4 City Road, London, EC1Y 2AA
2026-09-30 10:51:52 INFO LEAD new: [Conditions] Islington/P2025/1509/ADV — 25 Upper Street, London, N1 0PQ
2026-09-30 10:51:52 INFO LEAD new: [Conditions] Islington/P2025/1494/ADV — 2, 1-7 Upper Street Ltd, Reception, Upper Street, London, N1
2026-09-30 10:51:52 INFO LEAD new: [Conditions] Islington/P2025/1503/COL — 26 Sekforde Street, London, EC1R 0HH
2026-09-30 10:51:52 INFO LEAD new: [Conditions] Islington/P2025/1510/LBC — 143, 147, 153, 157, 191 Liverpool Road, Islington N1 0RF
2026-09-30 10:51:52 INFO LEAD new: [Conditions] Islington/P2025/1507/FUL — 65 Hazellville Road, London N19 3NB
2026-09-30 10:51:52 INFO LEAD new: [Conditions] Islington/P2025/1505/FUL — First, Second and Third Floor, 359-363 Goswell Road, London,
2026-09-30 10:51:52 INFO LEAD new: [Conditions] Islington/P2025/1506/LBC — First, Second and Third Floor, 359-363 Goswell Road, London,
2026-09-30 10:51:52 INFO LEAD new: [Conditions] Islington/P2025/1497/ADV — SIXT Rent a Car, Finsbury Square, London, EC2A 1RR
2026-09-30 10:51:52 INFO LEAD new: [Conditions] Islington/P2025/1511/FUL — Flat A, 201 Tufnell Park Road, London, N7 0PU
2026-09-30 10:51:52 INFO LEAD new: [Conditions] Islington/P2025/1488/FUL — 28-110 Shearling Way (evens), 57-83 Clock View Crescent (odd
2026-09-30 10:51:52 INFO LEAD new: [Conditions] Islington/P2025/1491/AOD — Paloma Ii (Office I) Unit Trust, 224 - 232 St John Street, L
2026-09-30 10:51:52 INFO LEAD new: [Conditions] Islington/P2025/1474/AOD — 58 Roman Way, London
2026-09-30 10:51:52 INFO LEAD new: [Conditions] Islington/P2025/1484/AOD — 35, Wilmington Square, London, WC1X 0EG
2026-09-30 10:51:52 INFO LEAD new: [Conditions] Islington/P2025/1483/AOD — Paloma Ii (Office I) Unit Trust, 224 - 232 St John Street, L
2026-09-30 10:51:52 INFO LEAD new: [Conditions] Islington/P2025/1487/PRA — 420 Holloway Road, London, N7 6QA
2026-09-30 10:51:52 INFO LEAD new: [Conditions] Islington/P2025/1490/FUL — 59 Carleton Road, London N7 0ET
2026-09-30 10:51:52 INFO LEAD new: [Conditions] Islington/P2025/1486/AOD — Paloma Ii (Office I) Unit Trust, 224 - 232 St John Street, L
2026-09-30 10:51:52 INFO LEAD new: [Conditions] Islington/P2025/1493/FUL — 103 Harberton Road, London, N19 3JT
2026-09-30 10:51:52 INFO LEAD new: [Conditions] Islington/P2025/1495/FUL — 54 Penderyn Way, London, N7 0EW
2026-09-30 10:51:52 INFO LEAD new: [Conditions] Islington/P2025/1482/LBC — Flat A, 38 Myddelton Square, London, EC1R 1YB
2026-09-30 10:51:52 INFO LEAD new: [Conditions] Islington/P2025/1476/FUL — Flat C, 44 - 46 St John Street, London, EC1M 4DF
2026-09-30 10:51:52 INFO LEAD new: [Conditions] Islington/P2025/1466/FUL — 29 Seward Street, London EC1V 3RF
2026-09-30 10:51:52 INFO LEAD new: [Conditions] Islington/P2025/1475/FUL — Flat B, 12 Archibald Road, London, N7 0AL
2026-09-30 10:51:52 INFO LEAD new: [Conditions] Islington/P2025/1454/FUL — 29 (flats 1-11) and 30 (flats 1-10) North Road, London, N7 9
2026-09-30 10:51:52 INFO LEAD new: [Conditions] Islington/P2025/1455/FUL — Clock View Crescent Flats 29-53 (Odd), 2-23 Clock View Crese
2026-09-30 10:51:52 INFO LEAD new: [Conditions] Islington/P2025/1451/S73 — 27 Highbury Hill, London, N5 1SU
2026-09-30 10:51:52 INFO LEAD new: [Conditions] Islington/P2025/1453/FUL — 43-57 Chris Pullen Way, and 2-38, 40-76 Clock View Cresent, 
2026-09-30 10:51:52 INFO LEAD new: [Conditions] Islington/P2025/1440/FUL — Waitrose, 174 St John Street, London, EC1V 4DE
2026-09-30 10:51:52 INFO LEAD new: [Conditions] Islington/P2025/1456/AOD — 224 - 232, Paloma Ii (Office I) Unit Trust, St John Street, 
2026-09-30 10:51:52 INFO LEAD new: [Conditions] Islington/P2025/1436/FUL — Angelis Apartments, 69 Graham Street, London, N1 8LH
2026-09-30 10:51:52 INFO LEAD new: [Conditions] Islington/P2025/1420/FUL — 54 Harberton Road, London, N19 3JP
2026-09-30 10:51:52 INFO LEAD new: [Conditions] Islington/P2025/1421/FUL — 8 Brooksby Street, London, N1 1HA
2026-09-30 10:51:52 INFO LEAD new: [Conditions] Islington/P2025/1437/FUL — 619-639 Holloway Road, London, N19 5SS
2026-09-30 10:51:52 INFO LEAD new: [Conditions] Islington/P2025/1438/FUL — Perth House, 80 Stranraer Way, London, N1 0DQ
2026-09-30 10:51:52 INFO LEAD new: [Conditions] Islington/P2025/1435/PRA — 10 Amwell Street, London EC1R 1UQ
2026-09-30 10:51:52 INFO LEAD new: [Conditions] Islington/P2025/1424/COL — 13, Grenville Road, London, N19 4EJ
2026-09-30 10:51:58 INFO [islington/Conditions] page at offset 2100: 100 records
2026-09-30 10:51:58 INFO LEAD new: [Conditions] Islington/P2025/1410/FUL — Selkirk House, Bingfield Street, London, N1 0AB
2026-09-30 10:51:58 INFO LEAD new: [Conditions] Islington/P2025/1409/FUL — 13 Landseer Road, London N19 4JU
2026-09-30 10:51:58 INFO LEAD new: [Conditions] Islington/P2025/1414/AOD — 50 - 56 Great Sutton Street, London, EC1V 0DE
2026-09-30 10:51:58 INFO LEAD new: [Conditions] Islington/P2025/1402/FUL — 20 Bickerton Road, London, N19 5JS
2026-09-30 10:51:58 INFO LEAD new: [Conditions] Islington/P2025/1416/FUL — 2-4 Digswell Street & 3 Furlong Road, London, N7 8JX
2026-09-30 10:51:58 INFO LEAD new: [Conditions] Islington/P2025/1417/FUL — Flat 4, 84 - 86 Rosebery Avenue, London, EC1R 4QY
2026-09-30 10:51:58 INFO LEAD new: [Conditions] Islington/P2025/1398/AOD — 4 Brandon Road, London, N7 9AA
2026-09-30 10:51:58 INFO LEAD new: [Conditions] Islington/P2025/1396/AOD — 4, Brandon Road, London, N7 9AA
2026-09-30 10:51:58 INFO LEAD new: [Conditions] Islington/P2025/1395/AOD — 30 Finsbury Square, London EC2A 1AG
2026-09-30 10:51:58 INFO LEAD new: [Conditions] Islington/P2025/1392/FUL — 7 Quick Street, London, N1 8HL
2026-09-30 10:51:58 INFO LEAD new: [Conditions] Islington/P2025/1384/PRA — Basement Ground And First Floor Rear, 33 Islington Park Stre
2026-09-30 10:51:58 INFO LEAD new: [Conditions] Islington/P2025/1376/FUL — 94 Mildmay Grove South, London, N1 4PJ
2026-09-30 10:51:58 INFO LEAD new: [Conditions] Islington/P2025/1382/FUL — 81 Offord Road, London, N1 1PG
2026-09-30 10:51:58 INFO LEAD new: [Conditions] Islington/P2025/1375/COL — 9 Mountgrove Road, London, N5 2LU
2026-09-30 10:51:58 INFO LEAD new: [Conditions] Islington/P2025/1377/FUL — 2 Landseer Road, London N19 4JZ
2026-09-30 10:51:58 INFO LEAD new: [Conditions] Islington/P2025/1363/LBC — 32 & 33 Kingsway Place, London, EC1R 0LU
2026-09-30 10:51:58 INFO LEAD new: [Conditions] Islington/P2025/1364/FUL — 32 & 33 Kingsway Place, London, EC1R 0LU
2026-09-30 10:51:58 INFO LEAD new: [Conditions] Islington/P2025/1374/AOD — 4, Brandon Road, London, N7 9AA
2026-09-30 10:51:58 INFO LEAD new: [Conditions] Islington/P2025/1373/LBC — 375, Liverpool Road, London, N1 1NL
2026-09-30 10:51:58 INFO LEAD new: [Conditions] Islington/P2025/1352/COL — Highbury Quadrant Congregational Church, Highbury Quadrant, 
2026-09-30 10:51:58 INFO LEAD new: [Conditions] Islington/P2025/1365/FUL — 3 Stonefield Street, London, N1 0HP
2026-09-30 10:51:58 INFO LEAD new: [Conditions] Islington/P2025/1355/LBC — 48 Duncan Terrace, London, N1 8AL
2026-09-30 10:51:58 INFO LEAD new: [Conditions] Islington/P2025/1354/FUL — 48 Duncan Terrace, London, N1 8AL
2026-09-30 10:51:58 INFO LEAD new: [Conditions] Islington/P2025/1346/FUL — 8 Gaskin Street, London, N1 2RY
2026-09-30 10:51:58 INFO LEAD new: [Conditions] Islington/P2025/1339/FUL — 32 Fitzwarren Gardens, London, N19 3TP
2026-09-30 10:51:58 INFO LEAD new: [Conditions] Islington/P2025/1348/FUL — 9 Mountgrove Road, London, N5 2LU
2026-09-30 10:51:58 INFO LEAD new: [Conditions] Islington/P2025/1335/LBC — 18 Furlong Road, London, N7 8LS
2026-09-30 10:51:58 INFO LEAD new: [Conditions] Islington/P2025/1334/FUL — 18 Furlong Road, London, N7 8LS
2026-09-30 10:51:58 INFO LEAD new: [Conditions] Islington/P2025/1340/S73 — 60 Pear Tree Street, London, EC1V 3SB
2026-09-30 10:51:58 INFO LEAD new: [Conditions] Islington/P2025/1351/AOD — 6, Milner Place, London, N1 1TN
2026-09-30 10:51:58 INFO LEAD new: [Conditions] Islington/P2025/1344/AOD — 27 Highbury Hill, London, N5 1SU
2026-09-30 10:51:58 INFO LEAD new: [Conditions] Islington/P2025/1349/FUL — 33A, 33B & 35A Kingsdown Road, London, N19 4LD
2026-09-30 10:51:58 INFO LEAD new: [Conditions] Islington/P2025/1342/LBC — 3 Stonefield Street, London, N1 0HP
2026-09-30 10:51:58 INFO LEAD new: [Conditions] Islington/P2025/1350/FUL — 9 Mountgrove Road, London, N5 2LU
2026-09-30 10:51:58 INFO LEAD new: [Conditions] Islington/P2025/1323/FUL — 30 Highbury Hill, London, N5 1AL
2026-09-30 10:51:58 INFO LEAD new: [Conditions] Islington/P2025/1331/FUL — Archway Tavern Public House, 1 Navigator Square, London, N19
2026-09-30 10:51:58 INFO LEAD new: [Conditions] Islington/P2025/1333/FUL — Orkney House, 195-199 Caledonian Road, London, N1 0AF
2026-09-30 10:51:58 INFO LEAD new: [Conditions] Islington/P2025/1325/AOD — 50-56 Great Sutton Street EC1V 0DF & 9-11 Northburgh Street 
2026-09-30 10:51:58 INFO LEAD new: [Conditions] Islington/P2025/1326/AOD — 50-56 Great Sutton Street EC1V 0DF & 9-11 Northburgh Street 
2026-09-30 10:51:58 INFO LEAD new: [Conditions] Islington/P2025/1327/AOD — 50-56 Great Sutton Street EC1V 0DF & 9-11 Northburgh Street 
2026-09-30 10:51:58 INFO LEAD new: [Conditions] Islington/P2025/1311/AOD — 36 - 44 Tabernacle Street, London, EC2A 4DT
2026-09-30 10:51:58 INFO LEAD new: [Conditions] Islington/P2025/1315/FUL — 30 City Road, London, EC1Y 2AY
2026-09-30 10:51:58 INFO LEAD new: [Conditions] Islington/P2025/1313/FUL — Stapleton House, 263 - 289 Stapleton House, London N7 6NE
2026-09-30 10:51:58 INFO LEAD new: [Conditions] Islington/P2025/1312/FUL — 79 St George's Avenue, London, N7 0AJ
2026-09-30 10:51:58 INFO LEAD new: [Conditions] Islington/P2025/1314/FUL — Unit 10, 11 & 12, Roman Way Industrial Estate, Roman Way, Lo
2026-09-30 10:51:58 INFO LEAD new: [Conditions] Islington/P2025/1316/LBC — 31 Richmond Avenue, London
2026-09-30 10:51:58 INFO LEAD new: [Conditions] Islington/P2025/1305/LBC — The Red House, 49 - 53, Clerkenwell Road, London
2026-09-30 10:51:58 INFO LEAD new: [Conditions] Islington/P2025/1304/FUL — 54 Gillespie Road, London, N5 1LN
2026-09-30 10:51:58 INFO LEAD new: [Conditions] Islington/P2025/1300/FUL — 92 Hemingford Road, London, N1 1DD
2026-09-30 10:51:58 INFO LEAD new: [Conditions] Islington/P2025/1306/AOD — 99 Charterhouse Street, London EC1M 6HR
2026-09-30 10:51:58 INFO LEAD new: [Conditions] Islington/P2025/1290/FUL — Flat A, 70 Oakley Road, London, N1 3LR
2026-09-30 10:51:58 INFO LEAD new: [Conditions] Islington/P2025/1303/LBC — 38 Richmond Avenue, London
2026-09-30 10:51:58 INFO LEAD new: [Conditions] Islington/P2025/1291/FUL — 4 Kingsdown Road, London N19 4LA
2026-09-30 10:51:58 INFO LEAD new: [Conditions] Islington/P2025/1281/AOD — 24, Thornhill Square, London, N1 1BQ
2026-09-30 10:51:58 INFO LEAD new: [Conditions] Islington/P2025/1276/FUL — Flat A, 53 Oakley Road, London, N1 3LL
2026-09-30 10:51:58 INFO LEAD new: [Conditions] Islington/P2025/1287/FUL — 25 St Paul's Place, London, N1 2QF
2026-09-30 10:51:58 INFO LEAD new: [Conditions] Islington/P2025/1280/FUL — 188 Tufnell Park Road, London, N7 0EE
2026-09-30 10:51:58 INFO LEAD new: [Conditions] Islington/P2025/1285/FUL — 172 Pembroke Street, London, N1 0DP
2026-09-30 10:51:58 INFO LEAD new: [Conditions] Islington/P2025/1279/FUL — H.M. Courts And Tribunal Service, Highbury Magistrates Court
2026-09-30 10:51:58 INFO LEAD new: [Conditions] Islington/P2025/1277/FUL — 31 Wolsey Road, London, N1 4QG
2026-09-30 10:51:59 INFO LEAD new: [Conditions] Islington/P2025/1286/FUL — Floral Place Nursery and Pre-School , 2 Floral Place Northam
2026-09-30 10:51:59 INFO LEAD new: [Conditions] Islington/P2025/1278/COL — 54 Gillespie Road, London, N5 1LN
2026-09-30 10:51:59 INFO LEAD new: [Conditions] Islington/P2025/1275/LBC — Flat A, 62 Canonbury Road, London, N1 2DQ
2026-09-30 10:51:59 INFO LEAD new: [Conditions] Islington/P2025/1270/FUL — Flat B, 36 Hemingford Road, London, N1 0JU
2026-09-30 10:51:59 INFO LEAD new: [Conditions] Islington/P2025/1271/LBC — 28, Canonbury Road, London, N1 2HS
2026-09-30 10:51:59 INFO LEAD new: [Conditions] Islington/P2025/1269/FUL — 12 Campdale Road, London, N7 0EB
2026-09-30 10:51:59 INFO LEAD new: [Conditions] Islington/P2025/1268/FUL — 12 Campdale Road, London, N7 0EB
2026-09-30 10:51:59 INFO LEAD new: [Conditions] Islington/P2025/1266/PRA — Craftwork Studios, 1 - 3 Dufferin Street, London EC1Y 8NA
2026-09-30 10:51:59 INFO LEAD new: [Conditions] Islington/P2025/1264/AOD — 144, Hemingford Road, London, N1 1DE
2026-09-30 10:51:59 INFO LEAD new: [Conditions] Islington/P2025/1299/COL — Flat 2, 26 Sekforde Street, London, EC1R 0HH
2026-09-30 10:51:59 INFO LEAD new: [Conditions] Islington/P2025/1260/LBC — Flat A & Flat B, 21 College Cross, London, N1 1PT
2026-09-30 10:51:59 INFO LEAD new: [Conditions] Islington/P2025/1261/FUL — 1 Kingsdown Road, London, N19 4LD
2026-09-30 10:51:59 INFO LEAD new: [Conditions] Islington/P2025/1259/FUL — Flat A & Flat B, 21 College Cross, London, N1 1PT
2026-09-30 10:51:59 INFO LEAD new: [Conditions] Islington/P2025/1263/AOD — 99 Charterhouse Street, London EC1M 6HR
2026-09-30 10:51:59 INFO LEAD new: [Conditions] Islington/P2025/1265/FUL — 408 Holloway Road, London, N7 6QA
2026-09-30 10:51:59 INFO LEAD new: [Conditions] Islington/P2025/1245/AOD — John Vane Science Centre, ST BARTHOLOMEWS HOSPITAL MEDICAL C
2026-09-30 10:51:59 INFO LEAD new: [Conditions] Islington/P2025/1249/FUL — 120 Farringdon Road, London, EC1R 3AP
2026-09-30 10:51:59 INFO LEAD new: [Conditions] Islington/P2025/1237/FUL — 25 - 26 Clerkenwell Close, London, EC1R 0AG
2026-09-30 10:51:59 INFO LEAD new: [Conditions] Islington/P2025/1225/ADV — 33 Charterhouse Street, London, EC1M 6HA
2026-09-30 10:51:59 INFO LEAD new: [Conditions] Islington/P2025/1239/FUL — 59B Berriman Road, London, N7 7PN
2026-09-30 10:51:59 INFO LEAD new: [Conditions] Islington/P2025/1230/AOD — 46, Flat A, Thornhill Square, London, N1 1BE
2026-09-30 10:51:59 INFO LEAD new: [Conditions] Islington/P2025/1231/AOD — 4, Brandon Road, London, N7 9AA
2026-09-30 10:51:59 INFO LEAD new: [Conditions] Islington/P2025/1235/FUL — 23 Ella Road, London, N8 9EL
2026-09-30 10:51:59 INFO LEAD new: [Conditions] Islington/P2025/1233/FUL — 109 Tollington Way, London
2026-09-30 10:51:59 INFO LEAD new: [Conditions] Islington/P2025/1232/FUL — 5A Rickthorne Road, London, N19 4JS
2026-09-30 10:51:59 INFO LEAD new: [Conditions] Islington/P2025/1240/FUL — 142 York Way, London, N1 0AX
2026-09-30 10:51:59 INFO LEAD new: [Conditions] Islington/P2025/1234/FUL — 5 Dickens Mews, London, EC1M 5SZ
2026-09-30 10:51:59 INFO LEAD new: [Conditions] Islington/P2025/1242/FUL — 12 Gillespie Road, London, N5 1LN
2026-09-30 10:51:59 INFO LEAD new: [Conditions] Islington/P2025/1209/FUL — 40 and 42 Hungerford Road, London N7 9LP
2026-09-30 10:51:59 INFO LEAD new: [Conditions] Islington/P2025/1226/FUL — 43 Corinne Road, London, N19 5EZ
2026-09-30 10:51:59 INFO LEAD new: [Conditions] Islington/P2025/1222/FUL — 26 Northolme Road, London, N5 2UZ
2026-09-30 10:51:59 INFO LEAD new: [Conditions] Islington/P2025/1223/FUL — 14 Fonthill Road, London N4 3HX
2026-09-30 10:51:59 INFO LEAD new: [Conditions] Islington/P2025/1227/FUL — 52-53 White Lion Street, London, N1 9PW
2026-09-30 10:51:59 INFO LEAD new: [Conditions] Islington/P2025/1220/FUL — 10, Madras Place, London, N7 8LU
2026-09-30 10:51:59 INFO LEAD new: [Conditions] Islington/P2025/1203/FUL — 92 Englefield Road, London, N1 3LG
2026-09-30 10:52:05 INFO [islington/Conditions] page at offset 2200: 100 records
2026-09-30 10:52:05 INFO LEAD new: [Conditions] Islington/P2025/1202/FUL — 26 Poets Road, London, N5 2SL
2026-09-30 10:52:05 INFO LEAD new: [Conditions] Islington/P2025/1204/FUL — 89 Lady Margaret Road, London, N19 5ER
2026-09-30 10:52:05 INFO LEAD new: [Conditions] Islington/P2025/1200/LBC — 14, 16, 17, River Street, London, EC1R 1XN
2026-09-30 10:52:05 INFO LEAD new: [Conditions] Islington/P2025/1246/FUL — Flat C, 72 Hanley Road, London, N4 3DR
2026-09-30 10:52:05 INFO LEAD new: [Conditions] Islington/P2025/1205/FUL — 1 Landseer Road, London, N19 4JU
2026-09-30 10:52:05 INFO LEAD new: [Conditions] Islington/P2025/1206/FUL — 74 Landseer Road, London, N19 4JP
2026-09-30 10:52:05 INFO LEAD new: [Conditions] Islington/P2025/1197/FUL — Lower Flat, 17 Dresden Road, London, N19 3BE
2026-09-30 10:52:05 INFO LEAD new: [Conditions] Islington/P2025/1189/AOD — Flat B, 52 Elmore Street, London, N1 3FN
2026-09-30 10:52:05 INFO LEAD new: [Conditions] Islington/P2025/1193/LBC — 7 Inglebert Street, London
2026-09-30 10:52:05 INFO LEAD new: [Conditions] Islington/P2025/1188/LBC — 10 Inglebert Street, London
2026-09-30 10:52:05 INFO LEAD new: [Conditions] Islington/P2025/1181/AOD — 2 - 4 Digswell Street and 3 Furlong Road, London, N7 8JX
2026-09-30 10:52:05 INFO LEAD new: [Conditions] Islington/P2025/1186/FUL — 111 Corbyn Street, London, N4 3BX
2026-09-30 10:52:05 INFO LEAD new: [Conditions] Islington/P2025/1187/FUL — Flat C, 129 Isledon Road, London, N7 7JP
2026-09-30 10:52:05 INFO LEAD new: [Conditions] Islington/P2025/1182/FUL — Wilfred Fienburgh Court, 77 Carleton Road, London, N7 0EX
2026-09-30 10:52:05 INFO LEAD new: [Conditions] Islington/P2025/1175/AOD — 123 Golden Lane, London, EC1Y 0TJ
2026-09-30 10:52:05 INFO LEAD new: [Conditions] Islington/P2025/1173/FUL — 9 Hopping Lane, London, N1 2NU
2026-09-30 10:52:05 INFO LEAD new: [Conditions] Islington/P2025/1174/FUL — 22 Thornhill Road, London, N1 1HW
2026-09-30 10:52:05 INFO LEAD new: [Conditions] Islington/P2025/1180/FUL — 9 Elia Street, London, N1 8DE
2026-09-30 10:52:05 INFO LEAD new: [Conditions] Islington/P2025/1177/FUL — 12 Campdale Road, London, N7 0EB
2026-09-30 10:52:05 INFO LEAD new: [Conditions] Islington/P2025/1179/AOD — 24, Thornhill Square, London, N1 1BQ
2026-09-30 10:52:05 INFO LEAD new: [Conditions] Islington/P2025/1176/FUL — 58 Offord Road, London N1 1EB
2026-09-30 10:52:05 INFO LEAD new: [Conditions] Islington/P2025/1146/AOD — Former Holloway Prison, Parkhurst Road, London, N7 0NU
2026-09-30 10:52:05 INFO LEAD new: [Conditions] Islington/P2025/1152/FUL — 13 Tufnell Mansions, 73 Anson Road, London, N7 0AT
2026-09-30 10:52:05 INFO LEAD new: [Conditions] Islington/P2025/1161/FUL — Ground Floor Unit, 82 Seven Sisters Road, London, N7 6AE
2026-09-30 10:52:05 INFO LEAD new: [Conditions] Islington/P2025/1165/FUL — 1 Dallington Street, London, EC1V 0BH
2026-09-30 10:52:05 INFO LEAD new: [Conditions] Islington/P2025/1164/PRA — 7-8 Wakley Street, London, EC1V 7LT
2026-09-30 10:52:05 INFO LEAD new: [Conditions] Islington/P2025/1142/FUL — The Red House, 49 - 53 Clerkenwell Road, London, EC1M 5RS
2026-09-30 10:52:05 INFO LEAD new: [Conditions] Islington/P2025/1148/AOD — 99 City Road, Islington, London, EC1Y 1AX
2026-09-30 10:52:05 INFO LEAD new: [Conditions] Islington/P2025/1157/FUL — 3 Offord Road, London, N1 1DJ
2026-09-30 10:52:05 INFO LEAD new: [Conditions] Islington/P2025/1154/FUL — 453-455 Caledonian Road, London N7 9BA
2026-09-30 10:52:05 INFO LEAD new: [Conditions] Islington/P2025/1139/LBC — 37 Alwyne Villas, London, N1 2HG
2026-09-30 10:52:05 INFO LEAD new: [Conditions] Islington/P2025/1138/FUL — 37 Alwyne Villas, London, N1 2HG
2026-09-30 10:52:05 INFO LEAD new: [Conditions] Islington/P2025/1134/AOD — 4 Barnsbury Square, London, N1 1JL
2026-09-30 10:52:05 INFO LEAD new: [Conditions] Islington/P2025/1135/S73 — 4 Barnsbury Square, London, N1 1JL
2026-09-30 10:52:05 INFO LEAD new: [Conditions] Islington/P2025/1136/FUL — Thornhill Primary School, 11 Thornhill Road, London, N1 1HX
2026-09-30 10:52:05 INFO LEAD new: [Conditions] Islington/P2025/1129/LBC — 7, Claremont Square, London, N1 9LY
2026-09-30 10:52:05 INFO LEAD new: [Conditions] Islington/P2025/1133/ADV — 196 Essex Road, London, N1 8LZ
2026-09-30 10:52:05 INFO LEAD new: [Conditions] Islington/P2025/1124/FUL — 29 Romilly Road, London, N4 2QY
2026-09-30 10:52:05 INFO LEAD new: [Conditions] Islington/P2025/1123/AOD — 5, Burgh Street, London, N1 8HF
2026-09-30 10:52:05 INFO LEAD new: [Conditions] Islington/P2025/1125/FUL — 29 Romilly Road, London, N4 2QY
2026-09-30 10:52:05 INFO LEAD new: [Conditions] Islington/P2025/1131/FUL — 30 Brewery Road, London, N7 9NH
2026-09-30 10:52:05 INFO LEAD new: [Conditions] Islington/P2025/1121/LBC — Flat C, 3 Tibberton Square, London, N1 8SF
2026-09-30 10:52:05 INFO LEAD new: [Conditions] Islington/P2025/1114/FUL — Flat B, 72 Tollington Road, London, N7 6PD
2026-09-30 10:52:05 INFO LEAD new: [Conditions] Islington/P2025/1109/FUL — 42 Beversbrook Road, London N19 4QH
2026-09-30 10:52:05 INFO LEAD new: [Conditions] Islington/P2025/1108/FUL — 16 Wyatt Road, London, N5 2JU
2026-09-30 10:52:05 INFO LEAD new: [Conditions] Islington/P2025/1110/FUL — 3 Aspen Close, London, N19 5XE
2026-09-30 10:52:05 INFO LEAD new: [Conditions] Islington/P2025/1092/COL — 15 Calverley Grove, London, N19 3LQ
2026-09-30 10:52:05 INFO LEAD new: [Conditions] Islington/P2025/1096/LBC — 18, Northampton Square, London, EC1V 0AJ
2026-09-30 10:52:05 INFO LEAD new: [Conditions] Islington/P2025/1115/FUL — Lower Ground Floor Flat and Upper Ground Floor Flat, 8 Barns
2026-09-30 10:52:05 INFO LEAD new: [Conditions] Islington/P2025/1094/FUL — 9 Prah Road, London, N4 2RA
2026-09-30 10:52:05 INFO LEAD new: [Conditions] Islington/P2025/1102/FUL — Flat A, 123 Upper Street, London, N1 1QP
2026-09-30 10:52:05 INFO LEAD new: [Conditions] Islington/P2025/1098/FUL — Lower Ground Floor Flat, 8 Barnsbury Terrace, London, N1 1JH
2026-09-30 10:52:05 INFO LEAD new: [Conditions] Islington/P2025/1093/FUL — 15 Calverley Grove, London, N19 3LQ
2026-09-30 10:52:05 INFO LEAD new: [Conditions] Islington/P2025/1100/FUL — 3 Bunhill Row, London, EC1Y 8YZ
2026-09-30 10:52:05 INFO LEAD new: [Conditions] Islington/P2025/1106/OBS — 87 Gracechurch Street, London EC3V 0AA
2026-09-30 10:52:05 INFO LEAD new: [Conditions] Islington/P2025/1081/FUL — 258 Essex Road, London N1 3AR
2026-09-30 10:52:05 INFO LEAD new: [Conditions] Islington/P2025/1082/LBC — 258 Essex Road, London N1 3AR
2026-09-30 10:52:05 INFO LEAD new: [Conditions] Islington/P2025/1090/FUL — Basement and Ground Floor, Athena House, 140 - 142 St John S
2026-09-30 10:52:05 INFO LEAD new: [Conditions] Islington/P2025/1084/FUL — 190 Liverpool Road, London, N1 1LA
2026-09-30 10:52:05 INFO LEAD new: [Conditions] Islington/P2025/1091/LBC — 80-82, Amwell Street, London, EC1R 1UU
2026-09-30 10:52:05 INFO LEAD new: [Conditions] Islington/P2025/1087/AOD — 7, Claremont Square, London, N1 9LY
2026-09-30 10:52:05 INFO LEAD new: [Conditions] Islington/P2025/1116/LBC — 58 Amwell Street, London EC1R 1XS
2026-09-30 10:52:05 INFO LEAD new: [Conditions] Islington/P2025/1117/LBC — 11 Woodbridge Street, London EC1R 0LL
2026-09-30 10:52:05 INFO LEAD new: [Conditions] Islington/P2025/1076/FUL — 10 Roseleigh Avenue, London N5 1SP
2026-09-30 10:52:05 INFO LEAD new: [Conditions] Islington/P2025/1077/FUL — 28 Canning Road, London, N5 2JS
2026-09-30 10:52:05 INFO LEAD new: [Conditions] Islington/P2025/1073/S73 — Salt and Skip Store, Vale Royal, Vale Royal, N7 9AP
2026-09-30 10:52:05 INFO LEAD new: [Conditions] Islington/P2025/1078/FUL — 13 St George's Avenue, London, N7 0HB
2026-09-30 10:52:05 INFO LEAD new: [Conditions] Islington/P2025/1079/AOD — 75, Cafe Nero, Upper Street, London, N1 0NU
2026-09-30 10:52:05 INFO LEAD new: [Conditions] Islington/P2025/1103/FUL — Blocks 3, 4, 5, 7, 8 & 9 Tiltman Place, Block 6 Tiltman Clos
2026-09-30 10:52:05 INFO LEAD new: [Conditions] Islington/P2025/1067/ADV — 463 Holloway Road, London, N7 6LJ
2026-09-30 10:52:05 INFO LEAD new: [Conditions] Islington/P2025/1060/FUL — 55 Leconfield Road, London, N5 2RZ
2026-09-30 10:52:05 INFO LEAD new: [Conditions] Islington/P2025/1062/FUL — Flat A & Flat B, 40, Corinne Road, London, N19 5EY
2026-09-30 10:52:05 INFO LEAD new: [Conditions] Islington/P2025/1066/FUL — 66, Hemingford Road, London, N1 1DB
2026-09-30 10:52:05 INFO LEAD new: [Conditions] Islington/P2025/1065/AOD — 417, Liverpool Road, London, N7 8PR
2026-09-30 10:52:05 INFO LEAD new: [Conditions] Islington/P2025/1056/ADV — Cock Tavern Public House, 259 Upper Street, London, N1 1RU
2026-09-30 10:52:05 INFO LEAD new: [Conditions] Islington/P2025/1058/ADV — Pencross Works, 233 - 239 Pentonville Road, London, N1 9NG
2026-09-30 10:52:05 INFO LEAD new: [Conditions] Islington/P2025/1039/LBC — 21 Ripplevale Grove, London, N1 1HS
2026-09-30 10:52:05 INFO LEAD new: [Conditions] Islington/P2025/1040/FUL — 85 Plimsoll Road, London, N4 2EB
2026-09-30 10:52:05 INFO LEAD new: [Conditions] Islington/P2025/1052/FUL — 52 and 54 Seven Sisters Road, London, N7 6AA
2026-09-30 10:52:05 INFO LEAD new: [Conditions] Islington/P2025/1045/S73 — 21 Ripplevale Grove, London, N1 1HS
2026-09-30 10:52:05 INFO LEAD new: [Conditions] Islington/P2025/1053/LBC — The Charterhouse, Charterhouse Square, London
2026-09-30 10:52:05 INFO LEAD new: [Conditions] Islington/P2025/1038/AOD — 3, Rawstorne Street, London
2026-09-30 10:52:05 INFO LEAD new: [Conditions] Islington/P2025/1055/AOD — Knights Quarter, 14 St John's Lane, London, EC1M 4BS
2026-09-30 10:52:05 INFO LEAD new: [Conditions] Islington/P2025/1054/FUL — 116 Bridgeman Road, London, N1 1BN
2026-09-30 10:52:05 INFO LEAD new: [Conditions] Islington/P2025/1029/LBC — Flat A, 59 Highbury Park, London, N5 1TH
2026-09-30 10:52:05 INFO LEAD new: [Conditions] Islington/P2025/1026/FUL — 15A Cruikshank Street, London, WC1X 9HG
2026-09-30 10:52:05 INFO LEAD new: [Conditions] Islington/P2025/1023/PRA — 237 Liverpool Rood, London, N1 1LX
2026-09-30 10:52:05 INFO LEAD new: [Conditions] Islington/P2025/1012/FUL — 6 Fortnam Road, London, N19 3NR
2026-09-30 10:52:05 INFO LEAD new: [Conditions] Islington/P2025/1027/AOD — 508 Hornsey Road, London, N19 3QW
2026-09-30 10:52:05 INFO LEAD new: [Conditions] Islington/P2025/1028/ADV — 334 Upper Street, London, N1 0PB
2026-09-30 10:52:05 INFO LEAD new: [Conditions] Islington/P2025/0989/LBC — 34 Thornhill Square, London, N1 1BE
2026-09-30 10:52:05 INFO LEAD new: [Conditions] Islington/P2025/0995/AOD — 278-300 Pentonville Road, London, N1 9NR
2026-09-30 10:52:05 INFO LEAD new: [Conditions] Islington/P2025/1003/LBC — 38 Myddelton Square, London
2026-09-30 10:52:05 INFO LEAD new: [Conditions] Islington/P2025/1004/LBC — 334, Chipotle Mexican Grill Uk Ltd, Upper Street, London, N1
2026-09-30 10:52:05 INFO LEAD new: [Conditions] Islington/P2025/1006/FUL — 19 Loraine Road, London N7 6EZ
2026-09-30 10:52:05 INFO LEAD new: [Conditions] Islington/P2025/0981/FUL — 401 St John Street, London, EC1V 4LD
2026-09-30 10:52:05 INFO LEAD new: [Conditions] Islington/P2025/1007/FUL — 2 Cottage Road, London, N7 8TP
2026-09-30 10:52:05 INFO LEAD new: [Conditions] Islington/P2025/0988/ADV — Co-op Islington, 640-650 Holloway Road, Greater London, N19 
2026-09-30 10:52:12 INFO [islington/Conditions] page at offset 2300: 100 records
2026-09-30 10:52:12 INFO LEAD new: [Conditions] Islington/P2025/1005/FUL — Flat C, 181 Hemingford Road, London, N1 1DA
2026-09-30 10:52:12 INFO LEAD new: [Conditions] Islington/P2025/1011/LBC — 49 Thornhill Road, London, N1 1JS
2026-09-30 10:52:12 INFO LEAD new: [Conditions] Islington/P2025/1010/FUL — 49 Thornhill Road, London, N1 1JS
2026-09-30 10:52:12 INFO LEAD new: [Conditions] Islington/P2025/0979/S73 — 34 Thornhill Square, London, N1 1BE
2026-09-30 10:52:12 INFO LEAD new: [Conditions] Islington/P2025/0973/FUL — 3 Lucerne Road, London, N5 1TZ
2026-09-30 10:52:12 INFO LEAD new: [Conditions] Islington/P2025/0971/FUL — Top Floor Flat, 33 Belitha Villas, London, N1 1PE
2026-09-30 10:52:12 INFO LEAD new: [Conditions] Islington/P2025/0975/LBC — 12, Wilmington Square, London
2026-09-30 10:52:12 INFO LEAD new: [Conditions] Islington/P2025/0972/LBC — Top Floor Flat, 33 Belitha Villas, London, N1 1PE
2026-09-30 10:52:12 INFO LEAD new: [Conditions] Islington/P2025/0980/COL — 45 Roman Way, London, N7 8XF
2026-09-30 10:52:12 INFO LEAD new: [Conditions] Islington/P2025/0974/FUL — Flat 1, 80 Whitehall Park, London, N19 3TN
2026-09-30 10:52:12 INFO LEAD new: [Conditions] Islington/P2025/0963/FUL — 12 Canonbury Park South, London, N1 2JJ
2026-09-30 10:52:12 INFO LEAD new: [Conditions] Islington/P2025/0961/FUL — 83, 83A and 85 Newington Green Road, London, N1 4QX
2026-09-30 10:52:12 INFO LEAD new: [Conditions] Islington/P2025/0962/FUL — 55 Tytherton Road, London, N19 4PZ
2026-09-30 10:52:12 INFO LEAD new: [Conditions] Islington/P2025/0955/PRA — 239 Liverpool Road, London N1 1LX
2026-09-30 10:52:12 INFO LEAD new: [Conditions] Islington/P2025/0956/FUL — 53, Canonbury Park South, London, N1 2JL
2026-09-30 10:52:12 INFO LEAD new: [Conditions] Islington/P2025/0964/FUL — 157 Highbury Hill, London, N5 1TB
2026-09-30 10:52:12 INFO LEAD new: [Conditions] Islington/P2025/0957/LBC — 53, Canonbury Park South, London, N1 2JL
2026-09-30 10:52:12 INFO LEAD new: [Conditions] Islington/P2025/0960/FUL — Flat B, 20 Campdale Road, London, N7 0EB
2026-09-30 10:52:12 INFO LEAD new: [Conditions] Islington/P2025/0951/FUL — 47 Leconfield Road, London, N5 2RZ
2026-09-30 10:52:12 INFO LEAD new: [Conditions] Islington/P2025/0944/FUL — Second Floor Flat, 51 Penn Road, London, N7 9RE
2026-09-30 10:52:12 INFO LEAD new: [Conditions] Islington/P2025/0970/COL — 20, Grenville Road, London, N19 4EH
2026-09-30 10:52:12 INFO LEAD new: [Conditions] Islington/P2025/0952/FUL — 98 Huddleston Road, First Floor Flat, London, N7 0EG
2026-09-30 10:52:12 INFO LEAD new: [Conditions] Islington/P2025/0953/FUL — Flat 1, 45 St Paul's Road, London, N1 2LT
2026-09-30 10:52:12 INFO LEAD new: [Conditions] Islington/P2025/0929/FUL — Flats 1-21 (Odds) Drovers Way, N7 9FN and Flats 2-42 (Evens)
2026-09-30 10:52:12 INFO LEAD new: [Conditions] Islington/P2025/0920/COL — 21 Dalmeny Road, London, N7 0HE
2026-09-30 10:52:12 INFO LEAD new: [Conditions] Islington/P2025/0926/COL — 9 Prah Road, London, N4 2RA
2026-09-30 10:52:12 INFO LEAD new: [Conditions] Islington/P2025/0924/FUL — Carnevale House, 107 Blundell Street, London, N7 9BN
2026-09-30 10:52:12 INFO LEAD new: [Conditions] Islington/P2025/0932/FUL — 4 Canonbury Park South, London, N1 2JJ
2026-09-30 10:52:12 INFO LEAD new: [Conditions] Islington/P2025/0931/LBC — 57 - 59 Cloudesley Road, London, N1 0EL
2026-09-30 10:52:12 INFO LEAD new: [Conditions] Islington/P2025/0935/FUL — Flat A, 52 Eburne Road, London, N7 6AU
2026-09-30 10:52:12 INFO LEAD new: [Conditions] Islington/P2025/0927/COL — 133 Axminster Road, London, N7 6FR
2026-09-30 10:52:12 INFO LEAD new: [Conditions] Islington/P2025/0930/FUL — 57 - 59 Cloudesley Road, London, N1 0EL
2026-09-30 10:52:12 INFO LEAD new: [Conditions] Islington/P2025/0911/FUL — West Stand Apartments, Highbury Stadium Square, London, N5 1
2026-09-30 10:52:12 INFO LEAD new: [Conditions] Islington/P2025/0910/FUL — South Stand Apartments, Highbury Stadium Square, London, N5 
2026-09-30 10:52:12 INFO LEAD new: [Conditions] Islington/P2025/0912/AOD — London Metropolitan University, Rear Of 67-81, 81A Benwell R
2026-09-30 10:52:12 INFO LEAD new: [Conditions] Islington/P2025/0917/FUL — Flat A, 65 Harberton Road, London, N19 3JT
2026-09-30 10:52:12 INFO LEAD new: [Conditions] Islington/P2025/0918/AOD — 53 Clerkenwell Close, London, EC1R 0EA
2026-09-30 10:52:12 INFO LEAD new: [Conditions] Islington/P2025/0913/FUL — North Stand, Highbury Stadium Square, London, N5 1FJ
2026-09-30 10:52:12 INFO LEAD new: [Conditions] Islington/P2025/0907/S73 — 6F, Unit 1, Esther Anne Place, London, N1 1WL
2026-09-30 10:52:12 INFO LEAD new: [Conditions] Islington/P2025/0914/COL — 10 Baldwin Terrace, London N1 7RU
2026-09-30 10:52:12 INFO LEAD new: [Conditions] Islington/P2025/0908/FUL — Unit G16 & G22, Block C, Islington Square, 5-6, Almeida Stre
2026-09-30 10:52:12 INFO LEAD new: [Conditions] Islington/P2025/0902/LBC — 12A Charterhouse Square, London, EC1M 6AX
2026-09-30 10:52:12 INFO LEAD new: [Conditions] Islington/P2025/0905/FUL — Flat 3, 4 Lofting Road, London, N1 1ET
2026-09-30 10:52:12 INFO LEAD new: [Conditions] Islington/P2025/0904/ADV — 286 - 288 Pentonville Road, London N1 9NR
2026-09-30 10:52:12 INFO LEAD new: [Conditions] Islington/P2025/0901/FUL — 98 White Lion Street, London N1 9PF
2026-09-30 10:52:12 INFO LEAD new: [Conditions] Islington/P2025/0903/FUL — Flat C, 47 Devonia Road, London, N1 8JQ
2026-09-30 10:52:12 INFO LEAD new: [Conditions] Islington/P2025/0888/FUL — 9 Wynyatt Street, London, EC1V 7HU
2026-09-30 10:52:12 INFO LEAD new: [Conditions] Islington/P2025/0887/FUL — St Andrew's Church, Whitehall Park, London, N19 3TN
2026-09-30 10:52:12 INFO LEAD new: [Conditions] Islington/P2025/0889/FUL — 9 Ripplevale Grove, London, N1 1HS
2026-09-30 10:52:12 INFO LEAD new: [Conditions] Islington/P2025/0890/LBC — 9 Wynyatt Street, London, EC1V 7HU
2026-09-30 10:52:12 INFO LEAD new: [Conditions] Islington/P2025/0880/FUL — Pavement outside no. 379 Holloway Road, London N7 0RN
2026-09-30 10:52:12 INFO LEAD new: [Conditions] Islington/P2025/0881/ADV — Pavement outside no. 379 Holloway Road, London N7 0RN
2026-09-30 10:52:12 INFO LEAD new: [Conditions] Islington/P2025/0891/FUL — 58 Ockendon Road, London, N1 3NW
2026-09-30 10:52:12 INFO LEAD new: [Conditions] Islington/P2025/0886/LBC — 3, Terrett's Place, London, N1 1QZ
2026-09-30 10:52:12 INFO LEAD new: [Conditions] Islington/P2025/0882/COL — 9 Atlas Mews, London, N7 8XT
2026-09-30 10:52:12 INFO LEAD new: [Conditions] Islington/P2025/0878/AOD — 4 Horsell Road, London, N5 1XR
2026-09-30 10:52:12 INFO LEAD new: [Conditions] Islington/P2025/0877/FUL — Flat 3, 5 Ashley Road, London, N19 3AD
2026-09-30 10:52:12 INFO LEAD new: [Conditions] Islington/P2025/0865/FUL — 36, Halton Road, London, N1 2EU
2026-09-30 10:52:12 INFO LEAD new: [Conditions] Islington/P2025/0871/FUL — 77 Aberdeen Park, London, N5 2AZ
2026-09-30 10:52:12 INFO LEAD new: [Conditions] Islington/P2025/0853/FUL — Flats 1-41 Chris Pullen Way, N7 9FG, Flats 2-50 (Evens) and 
2026-09-30 10:52:12 INFO LEAD new: [Conditions] Islington/P2025/0851/FUL — 14 Tremlett Grove, London, N19 5JX
2026-09-30 10:52:12 INFO LEAD new: [Conditions] Islington/P2025/0868/PRA — 286-288 [Basement And Ground Floor] Pentonville Road, London
2026-09-30 10:52:12 INFO LEAD new: [Conditions] Islington/P2025/0857/FUL — 47 Milner Square, London, N1 1TW
2026-09-30 10:52:12 INFO LEAD new: [Conditions] Islington/P2025/0874/FUL — 1 Prospero Road, London, N19 3QX
2026-09-30 10:52:12 INFO LEAD new: [Conditions] Islington/P2025/0852/ADV — 56 - 58 Clerkenwell Road, London EC1M 5PX
2026-09-30 10:52:12 INFO LEAD new: [Conditions] Islington/P2025/0875/FUL — 52 Ambler Road, London, N4 2QR
2026-09-30 10:52:12 INFO LEAD new: [Conditions] Islington/P2025/0860/FUL — 36, Halton Road, London, N1 2EU
2026-09-30 10:52:12 INFO LEAD new: [Conditions] Islington/P2025/0864/LBC — 36, Halton Road, London, N1 2EU
2026-09-30 10:52:12 INFO LEAD new: [Conditions] Islington/P2025/0873/LBC — 8 Milner Place, London, N1 1TN
2026-09-30 10:52:12 INFO LEAD new: [Conditions] Islington/P2025/0861/LBC — 36, Halton Road, London, N1 2EU
2026-09-30 10:52:12 INFO LEAD new: [Conditions] Islington/P2025/0856/FUL — 1 Mary Kingsley Court, London, N19 3YG
2026-09-30 10:52:12 INFO LEAD new: [Conditions] Islington/P2025/0894/FUL — Good Manners Cafe, Canonbury Station Forecourt, Grosvenor Av
2026-09-30 10:52:12 INFO LEAD new: [Conditions] Islington/P2025/0867/PRA — Lamb Works, North Road, London, N7 9DP
2026-09-30 10:52:12 INFO LEAD new: [Conditions] Islington/P2025/0869/FUL — 8 Milner Place, London, N1 1TN
2026-09-30 10:52:12 INFO LEAD new: [Conditions] Islington/P2025/0839/LBC — 4 Compton Terrace, London N1 2UN
2026-09-30 10:52:12 INFO LEAD new: [Conditions] Islington/P2025/0838/FUL — 4 Compton Terrace, London N1 2UN
2026-09-30 10:52:12 INFO LEAD new: [Conditions] Islington/P2025/0842/AOD — Former Holloway Prison, Parkhurst Road, London, N7 0NU
2026-09-30 10:52:12 INFO LEAD new: [Conditions] Islington/P2025/0833/FUL — Flat 2, 87 Northchurch Road, London, N1 3NU
2026-09-30 10:52:12 INFO LEAD new: [Conditions] Islington/P2025/0832/FUL — 172 Barnsbury Road, London, N1 0ER
2026-09-30 10:52:12 INFO LEAD new: [Conditions] Islington/P2025/0844/LBC — 13 Bromfield Street, Lower Flat, London, N1 0QA
2026-09-30 10:52:12 INFO LEAD new: [Conditions] Islington/P2025/0843/FUL — 13 Bromfield Street, Lower Flat, London, N1 0QA
2026-09-30 10:52:12 INFO LEAD new: [Conditions] Islington/P2025/0847/ADV — Canonbury Tower, Canonbury Place, London, N1 2NQ
2026-09-30 10:52:12 INFO LEAD new: [Conditions] Islington/P2025/0831/LBC — 2, Compton Terrace, London, N1 2UN
2026-09-30 10:52:12 INFO LEAD new: [Conditions] Islington/P2025/0834/FUL — Flat A, 60 Whitehall Park, London, N19 3TN
2026-09-30 10:52:12 INFO LEAD new: [Conditions] Islington/P2025/0814/FUL — 2 Giesbach Road, London, N19 3EH
2026-09-30 10:52:12 INFO LEAD new: [Conditions] Islington/P2025/0829/COL — 54 Colebeck Mews, London, N1 2YA
2026-09-30 10:52:12 INFO LEAD new: [Conditions] Islington/P2025/0823/FUL — 25 - 26 Clerkenwell Close, London, EC1R 0AG
2026-09-30 10:52:12 INFO LEAD new: [Conditions] Islington/P2025/0855/FUL — 27 Barnsbury Square, London, N1 1JP
2026-09-30 10:52:12 INFO LEAD new: [Conditions] Islington/P2025/0815/AOD — Garages to the rear of Parkhurst Court, Warlters Road, Londo
2026-09-30 10:52:12 INFO LEAD new: [Conditions] Islington/P2025/0805/FUL — Unit 5, Roman Way Industrial Estate, Roman Way, London, N7 8
2026-09-30 10:52:12 INFO LEAD new: [Conditions] Islington/P2025/0802/FUL — 67-77 Treaty Street, London, N1 0TE
2026-09-30 10:52:12 INFO LEAD new: [Conditions] Islington/P2025/0812/FUL — 24 St John's Villas, London, N19 3EG
2026-09-30 10:52:12 INFO LEAD new: [Conditions] Islington/P2025/0806/AOD — Zinc House, 19-25 Cowcross Street, London EC1M 6DH
2026-09-30 10:52:12 INFO LEAD new: [Conditions] Islington/P2025/0810/AOD — 1 St Pauls Steiner School, St Paul's Road, London, N1 2QH
2026-09-30 10:52:12 INFO LEAD new: [Conditions] Islington/P2025/0807/FUL — 33 - 39 Bowling Green Lane, London
2026-09-30 10:52:12 INFO LEAD new: [Conditions] Islington/P2025/0809/FUL — 28 Corsica Street, London, N5 1JY
2026-09-30 10:52:12 INFO LEAD new: [Conditions] Islington/P2025/0808/COL — 65 Seven Sisters Road, London
2026-09-30 10:52:18 INFO [islington/Conditions] page at offset 2400: 100 records
2026-09-30 10:52:18 INFO LEAD new: [Conditions] Islington/P2025/0813/FUL — Flat 3, 48 Highbury Hill, London, N5 1AP
2026-09-30 10:52:18 INFO LEAD new: [Conditions] Islington/P2025/0817/FUL — Flat C, 27 Lonsdale Square, London, N1 1EW
2026-09-30 10:52:18 INFO LEAD new: [Conditions] Islington/P2025/0800/FUL — 37 Petherton Road, London N5 2QX
2026-09-30 10:52:18 INFO LEAD new: [Conditions] Islington/P2025/0801/FUL — 48 Queen's Head Street, London, N1 8NG
2026-09-30 10:52:18 INFO LEAD new: [Conditions] Islington/P2025/0797/ADV — Clerkenwell House, 45 - 47 Clerkenwell Green, London EC1R 0E
2026-09-30 10:52:18 INFO LEAD new: [Conditions] Islington/P2025/0799/FUL — 121 Calabria Road, London, N5 1HS
2026-09-30 10:52:18 INFO LEAD new: [Conditions] Islington/P2025/0795/COL — 94 Yerbury Road, London, N19 4RS
2026-09-30 10:52:18 INFO LEAD new: [Conditions] Islington/P2025/0783/LBC — Second Floor Flat, 63 Highbury New Park, London, N5 2ET
2026-09-30 10:52:18 INFO LEAD new: [Conditions] Islington/P2025/0794/FUL — 94 Yerbury Road, London, N19 4RS
2026-09-30 10:52:18 INFO LEAD new: [Conditions] Islington/P2025/0787/AOD — 1 Torrens Street, London, EC1V 1NY
2026-09-30 10:52:18 INFO LEAD new: [Conditions] Islington/P2025/0788/FUL — Flat E, 2 A Lidyard Road London, N19 5NR
2026-09-30 10:52:18 INFO LEAD new: [Conditions] Islington/P2025/0792/FUL — 26B Lucerne Road, London, N5 1TZ
2026-09-30 10:52:18 INFO LEAD new: [Conditions] Islington/P2025/0778/FUL — 49 Leconfield Road, London, N5 2RZ
2026-09-30 10:52:18 INFO LEAD new: [Conditions] Islington/P2025/0777/COL — 49, Leconfield Road, London, N5 2RZ
2026-09-30 10:52:18 INFO LEAD new: [Conditions] Islington/P2025/0768/AOD — Barnsbury Estate, London, N1
2026-09-30 10:52:18 INFO LEAD new: [Conditions] Islington/P2025/0774/FUL — 19 Aubert Road, London, N5 1TX
2026-09-30 10:52:18 INFO LEAD new: [Conditions] Islington/P2025/0766/AOD — St Lukes Church, 161 Old Street, London, EC1V 9NG
2026-09-30 10:52:18 INFO LEAD new: [Conditions] Islington/P2025/0780/LBC — 37 Canonbury Park North, London, N1 2JU
2026-09-30 10:52:18 INFO LEAD new: [Conditions] Islington/P2025/0779/FUL — 37 Canonbury Park North, London, N1 2JU
2026-09-30 10:52:18 INFO LEAD new: [Conditions] Islington/P2025/0757/FUL — 17 Travers Road, London, N7 7PR
2026-09-30 10:52:18 INFO LEAD new: [Conditions] Islington/P2025/0753/FUL — 56 Arundel Square, London N7 8AP
2026-09-30 10:52:18 INFO LEAD new: [Conditions] Islington/P2025/0755/FUL — 31 Barnsbury Street, London, N1 1PW
2026-09-30 10:52:18 INFO LEAD new: [Conditions] Islington/P2025/0763/LBC — 115 Cloudesley Road, London, N1 0EN
2026-09-30 10:52:18 INFO LEAD new: [Conditions] Islington/P2025/0760/LBC — 14 Cloudesley Place, London, N1 0JA
2026-09-30 10:52:18 INFO LEAD new: [Conditions] Islington/P2025/0762/AOD — 17 Remington Street, London, N1 8DH
2026-09-30 10:52:18 INFO LEAD new: [Conditions] Islington/P2025/0759/FUL — 14 Cloudesley Place, London, N1 0JA
2026-09-30 10:52:18 INFO LEAD new: [Conditions] Islington/P2025/0756/LBC — 31 Barnsbury Street, London, N1 1PW
2026-09-30 10:52:18 INFO LEAD new: [Conditions] Islington/P2025/0764/FUL — 350 Goswell Road, London, EC1V 7LQ
2026-09-30 10:52:18 INFO LEAD new: [Conditions] Islington/P2025/0758/FUL — 11 Green Lanes, London, N16 9BS
2026-09-30 10:52:18 INFO LEAD new: [Conditions] Islington/P2025/0742/FUL — Flat 1, Providence Court, Providence Place, London, N1 0RN
2026-09-30 10:52:18 INFO LEAD new: [Conditions] Islington/P2025/0740/FUL — St John The Evangelist Rc Primary School, Duncan Street, Lon
2026-09-30 10:52:19 INFO LEAD new: [Conditions] Islington/P2025/0745/FUL — 22 Romilly Road, London, N4 2QX
2026-09-30 10:52:19 INFO LEAD new: [Conditions] Islington/P2025/0744/FUL — Parkland View, Blythwood Road, London, N4 4ER
2026-09-30 10:52:19 INFO LEAD new: [Conditions] Islington/P2025/0743/LBC — Flat 1, Providence Court, Providence Place, London, N1 0RN
2026-09-30 10:52:19 INFO LEAD new: [Conditions] Islington/P2025/0734/FUL — 66 Hemingford Road, London, N1 1DB
2026-09-30 10:52:19 INFO LEAD new: [Conditions] Islington/P2025/0736/FUL — 116 St George's Avenue, London, N7 0AH
2026-09-30 10:52:19 INFO LEAD new: [Conditions] Islington/P2025/0728/COL — 7 Landseer Road, London, N19 4JU
2026-09-30 10:52:19 INFO LEAD new: [Conditions] Islington/P2025/0723/FUL — 71 Ripplevale Grove, London, N1 1HS
2026-09-30 10:52:19 INFO LEAD new: [Conditions] Islington/P2025/0722/FUL — 42 Dalmeny Road, London, N7 0DY
2026-09-30 10:52:19 INFO LEAD new: [Conditions] Islington/P2025/0697/AOD — 99 City Road, Islington, London, EC1Y 1AX
2026-09-30 10:52:19 INFO LEAD new: [Conditions] Islington/P2025/0704/LBC — 35 Canonbury Park North, London, N1 2JU
2026-09-30 10:52:19 INFO LEAD new: [Conditions] Islington/P2025/0713/FUL — 103 Lofting Road, London, N1 1JF
2026-09-30 10:52:19 INFO LEAD new: [Conditions] Islington/P2025/0707/FUL — 149 St Thomas's Road, London, N4 2QJ
2026-09-30 10:52:19 INFO LEAD new: [Conditions] Islington/P2025/0709/FUL — 39 Warrender Road, London N19 5EF
2026-09-30 10:52:19 INFO LEAD new: [Conditions] Islington/P2025/0698/FUL — Flat A, 4 Cardozo Road, London, N7 9RL
2026-09-30 10:52:19 INFO LEAD new: [Conditions] Islington/P2025/0688/ADV — Pavement opposite No.152 Seven Sisters Road N7 7FN
2026-09-30 10:52:19 INFO LEAD new: [Conditions] Islington/P2025/0672/COL — Land Between 69-71 Sotheby Road, London, N5 2UT
2026-09-30 10:52:19 INFO LEAD new: [Conditions] Islington/P2025/0674/FUL — Upper Floor Flat, 260 Liverpool Road, London, N1 1LG
2026-09-30 10:52:19 INFO LEAD new: [Conditions] Islington/P2025/0676/AOD — 45, Wilton Square, London, N1 3DW
2026-09-30 10:52:19 INFO LEAD new: [Conditions] Islington/P2025/0687/FUL — Pavement opposite No.152 Seven Sisters Road, N7 7FN
2026-09-30 10:52:19 INFO LEAD new: [Conditions] Islington/P2025/0681/FUL — Pavement outside No. 211 Blackstock Road, N5 2LL
2026-09-30 10:52:19 INFO LEAD new: [Conditions] Islington/P2025/0682/ADV — Pavement outside No. 211 Blackstock Road, N5 2LL
2026-09-30 10:52:19 INFO LEAD new: [Conditions] Islington/P2025/0721/OBS — Site bounded by Worship Street, Curtain Road, Scrutton Stree
2026-09-30 10:52:19 INFO LEAD new: [Conditions] Islington/P2025/0694/AOD — Old Barnsbury, The Barnsbury Estate, N1 0JE
2026-09-30 10:52:19 INFO LEAD new: [Conditions] Islington/P2025/0686/ADV — Pavement outside No. 270 Seven Sisters Road, London N4 2HY
2026-09-30 10:52:19 INFO LEAD new: [Conditions] Islington/P2025/0685/FUL — Pavement outside No. 270 Seven Sisters Road N4 2HY
2026-09-30 10:52:19 INFO LEAD new: [Conditions] Islington/P2025/0677/FUL — Opposite no.42 Islington High Street, London
2026-09-30 10:52:19 INFO LEAD new: [Conditions] Islington/P2025/0678/ADV — Opposite no.42 Islington High Street, London
2026-09-30 10:52:19 INFO LEAD new: [Conditions] Islington/P2025/0684/ADV — Pavement outside no's. 166-200 Holloway Road, N7 7BW
2026-09-30 10:52:19 INFO LEAD new: [Conditions] Islington/P2025/0683/FUL — Pavement outside no's. 166-200 Holloway Road, N7 7BW
2026-09-30 10:52:19 INFO LEAD new: [Conditions] Islington/P2025/0671/FUL — 43B Corsica Street, London, N5 1JT
2026-09-30 10:52:19 INFO LEAD new: [Conditions] Islington/P2025/0668/FUL — 72 Compton Street, London, EC1V 0BN
2026-09-30 10:52:19 INFO LEAD new: [Conditions] Islington/P2025/0669/LBC — 72 Compton Street, London, EC1V 0BN
2026-09-30 10:52:19 INFO LEAD new: [Conditions] Islington/P2025/0664/FUL — 16 Riversdale Road, London, N5 2JT
2026-09-30 10:52:19 INFO LEAD new: [Conditions] Islington/P2025/0665/FUL — 105, Highbury Park, London, N5 1UB
2026-09-30 10:52:19 INFO LEAD new: [Conditions] Islington/P2025/0667/COL — 247A Liverpool Road, London, N1 1LX
2026-09-30 10:52:19 INFO LEAD new: [Conditions] Islington/P2025/0670/LBC — 71, Theberton Street, London, N1 0QY
2026-09-30 10:52:19 INFO LEAD new: [Conditions] Islington/P2025/0666/AOD — City Forum, 250 City Road, London
2026-09-30 10:52:19 INFO LEAD new: [Conditions] Islington/P2025/0655/FUL — Garage in-between no 20 and 21 Alwyne Road, London, N1 2HN
2026-09-30 10:52:19 INFO LEAD new: [Conditions] Islington/P2025/0661/ADV — 116 - 120 Goswell Road, London, EC1V 7DP
2026-09-30 10:52:19 INFO LEAD new: [Conditions] Islington/P2025/0649/FUL — McDonald's Restaurant, 23 Highgate Hill, London, N19 5LP
2026-09-30 10:52:19 INFO LEAD new: [Conditions] Islington/P2025/0663/AOD — Stacey Street Supported Accommodation, 1 Stacey Street, Lond
2026-09-30 10:52:19 INFO LEAD new: [Conditions] Islington/P2025/0650/ADV — McDonald's Restaurant, 23 Highgate Hill, London, N19 5LP
2026-09-30 10:52:19 INFO LEAD new: [Conditions] Islington/P2025/0653/FUL — 121 Bunning Way, London, N7 9UW
2026-09-30 10:52:19 INFO LEAD new: [Conditions] Islington/P2025/0658/PRA — Astey’s House, 137-139 Essex Road, London, N1 2SN
2026-09-30 10:52:19 INFO LEAD new: [Conditions] Islington/P2025/0662/ADV — Classic House, 174 – 180 Old Street, London, EC1V 9BP
2026-09-30 10:52:19 INFO LEAD new: [Conditions] Islington/P2025/0660/PRA — Astey’s House, 137-139 Essex Road, London, N1 2SN
2026-09-30 10:52:19 INFO LEAD new: [Conditions] Islington/P2025/0648/AOD — Land to rear of 12 Chadwell Street, London
2026-09-30 10:52:19 INFO LEAD new: [Conditions] Islington/P2025/0643/AOD — 1, St Pauls Steiner School, St Paul's Road, London, N1 2QH
2026-09-30 10:52:19 INFO LEAD new: [Conditions] Islington/P2025/0640/FUL — 32 St Peter's Street, London, N1 8JT
2026-09-30 10:52:19 INFO LEAD new: [Conditions] Islington/P2025/0639/FUL — Flat 20, Chadworth House, Lever Street, London, EC1V 3RB
2026-09-30 10:52:19 INFO LEAD new: [Conditions] Islington/P2025/0644/FUL — 3 Dagmar Terrace, London, N1 2BN
2026-09-30 10:52:19 INFO LEAD new: [Conditions] Islington/P2025/0642/FUL — 17 Pyrland Road, London, N5 2JB
2026-09-30 10:52:19 INFO LEAD new: [Conditions] Islington/P2025/0645/FUL — Ground Floor Flat, 7 Chatterton Road, London, N4 2EA
2026-09-30 10:52:19 INFO LEAD new: [Conditions] Islington/P2025/0633/COL — 12 Gillespie Road, London, N5 1LN
2026-09-30 10:52:19 INFO LEAD new: [Conditions] Islington/P2025/0628/FUL — 6 Prior Bolton Street, London, N1 2NX
2026-09-30 10:52:19 INFO LEAD new: [Conditions] Islington/P2025/0636/FUL — 42 Penn Road, London, N7 9RE
2026-09-30 10:52:19 INFO LEAD new: [Conditions] Islington/P2025/0624/ADV — Zinc House, 19 - 25 Cowcross Street, London, EC1M 6DQ
2026-09-30 10:52:19 INFO LEAD new: [Conditions] Islington/P2025/0631/FUL — Flat 11, Thornbury House, Thornbury Square, London, N6 5YW
2026-09-30 10:52:19 INFO LEAD new: [Conditions] Islington/P2025/0646/LBC — 23 & 26 Barnsbury Park, London
2026-09-30 10:52:19 INFO LEAD new: [Conditions] Islington/P2025/0635/FUL — 138 St Thomas's Road, London N4 2QP
2026-09-30 10:52:19 INFO LEAD new: [Conditions] Islington/P2025/0626/FUL — 49 Noel Road, London, N1 8HQ
2026-09-30 10:52:19 INFO LEAD new: [Conditions] Islington/P2025/0627/LBC — 49 Noel Road, London, N1 8HQ
2026-09-30 10:52:19 INFO LEAD new: [Conditions] Islington/P2025/0618/FUL — 42 Bewdley Street, London, N1 1HD
2026-09-30 10:52:19 INFO LEAD new: [Conditions] Islington/P2025/0617/FUL — 25 - 26 Clerkenwell Close, London, EC1R 0AG
2026-09-30 10:52:19 INFO LEAD new: [Conditions] Islington/P2025/0622/FUL — 18 Quick Street, London, N1 8HL
2026-09-30 10:52:19 INFO LEAD new: [Conditions] Islington/P2025/0621/FUL — Basement Flat, 18 Almeida Street, London, N1 1TB
2026-09-30 10:52:19 INFO LEAD new: [Conditions] Islington/P2025/0619/FUL — 65 Compton Street, London, EC1V 0BN
2026-09-30 10:52:25 INFO [islington/Conditions] page at offset 2500: 100 records
2026-09-30 10:52:25 INFO LEAD new: [Conditions] Islington/P2025/0603/ADV — 96 - 98 Turnmill Street, London, EC1M 5QP
2026-09-30 10:52:25 INFO LEAD new: [Conditions] Islington/P2025/0613/FUL — 24 Marriott Road, London, N4 3QL
2026-09-30 10:52:25 INFO LEAD new: [Conditions] Islington/P2025/0598/AOD — 1, Francis Terrace, London, N19 5PY
2026-09-30 10:52:25 INFO LEAD new: [Conditions] Islington/P2025/0607/LBC — Caledonian Road Underground Station, Caledonian Road, London
2026-09-30 10:52:25 INFO LEAD new: [Conditions] Islington/P2025/0606/LBC — 69 Noel Road, London, N1 8HE
2026-09-30 10:52:25 INFO LEAD new: [Conditions] Islington/P2025/0608/FUL — Upper Flat, 6 Richmond Crescent, London N1 0LZ
2026-09-30 10:52:25 INFO LEAD new: [Conditions] Islington/P2025/0604/FUL — 80 Holloway Road, London, N7 8JG
2026-09-30 10:52:25 INFO LEAD new: [Conditions] Islington/P2025/0602/FUL — 27 Riversdale Road, London, N5 2ST
2026-09-30 10:52:25 INFO LEAD new: [Conditions] Islington/P2025/0614/FUL — 10 Davey Close, London, N7 8BB
2026-09-30 10:52:25 INFO LEAD new: [Conditions] Islington/P2025/0591/LBC — The Whittington Hospital, Magdala Avenue, London, N19 5NF
2026-09-30 10:52:25 INFO LEAD new: [Conditions] Islington/P2025/0595/FUL — 24 Arlington Square, N1 7DP
2026-09-30 10:52:25 INFO LEAD new: [Conditions] Islington/P2025/0596/LBC — 24 Arlington Square, N1 7DP
2026-09-30 10:52:25 INFO LEAD new: [Conditions] Islington/P2025/0589/FUL — The Whittington Hospital, Magdala Avenue, London, N19 5NF
2026-09-30 10:52:25 INFO LEAD new: [Conditions] Islington/P2025/0597/AOD — 1, Francis Terrace, London, N19 5PY
2026-09-30 10:52:25 INFO LEAD new: [Conditions] Islington/P2025/0587/FUL — Flat A, 44 Mercers Road, London, N19 4PR
2026-09-30 10:52:25 INFO LEAD new: [Conditions] Islington/P2025/0592/LBC — Flat 5, Mountfort House, 15 Barnsbury Square, London, N1 1JL
2026-09-30 10:52:25 INFO LEAD new: [Conditions] Islington/P2025/0590/FUL — Flat 5, Mountfort House, 15 Barnsbury Square, London, N1 1JL
2026-09-30 10:52:25 INFO LEAD new: [Conditions] Islington/P2025/0580/FUL — 124-128 Balls Pond Road, London, N1 4AE
2026-09-30 10:52:25 INFO LEAD new: [Conditions] Islington/P2025/0575/FUL — Land At Jack Walker Court Estate, Adjacent to 26 Jack Walker
2026-09-30 10:52:25 INFO LEAD new: [Conditions] Islington/P2025/0577/FUL — 6 Farringdon Road, London EC1M 3HE
2026-09-30 10:52:25 INFO LEAD new: [Conditions] Islington/P2025/0569/FUL — 146 St John Street, London, EC1V 4UA
2026-09-30 10:52:25 INFO LEAD new: [Conditions] Islington/P2025/0576/FUL — 1-11 Birchmore Walk, London
2026-09-30 10:52:25 INFO LEAD new: [Conditions] Islington/P2025/0585/FUL — Flat D, 6 Petherton Road, London, N5 2RD
2026-09-30 10:52:25 INFO LEAD new: [Conditions] Islington/P2025/0578/S73 — J D Wetherspoon, The Masque Haunt, BENTIMA HOUSE, 168 - 172 
2026-09-30 10:52:25 INFO LEAD new: [Conditions] Islington/P2025/0565/FUL — 375 Camden Road, Flat D, London, N7 0SH
2026-09-30 10:52:25 INFO LEAD new: [Conditions] Islington/P2025/0570/AOD — Former Richard Cloudesley School, Golden Lane, London, EC1Y 
2026-09-30 10:52:25 INFO LEAD new: [Conditions] Islington/P2025/0566/FUL — 27A Yerbury Road, London, N19 4RN
2026-09-30 10:52:25 INFO LEAD new: [Conditions] Islington/P2025/0561/FUL — 48 St Thomas's Road, London
2026-09-30 10:52:25 INFO LEAD new: [Conditions] Islington/P2025/0558/FUL — 30 Pyrland Road, London, N5 2JD
2026-09-30 10:52:25 INFO LEAD new: [Conditions] Islington/P2025/0564/AOD — 71 Theberton Street, London, N1 0QY
2026-09-30 10:52:25 INFO LEAD new: [Conditions] Islington/P2025/0559/FUL — 1 - 3 Rawstorne Place, London, EC1V 7NL
2026-09-30 10:52:25 INFO LEAD new: [Conditions] Islington/P2025/0543/FUL — Fonthill House, 113 - 115 Fonthill Road, London N4 3HH
2026-09-30 10:52:25 INFO LEAD new: [Conditions] Islington/P2025/0551/FUL — 55 Ambler Road, London, N4 2QS
2026-09-30 10:52:25 INFO LEAD new: [Conditions] Islington/P2025/0545/FUL — 48-52 Barnsbury Grove, London, N7 8BP
2026-09-30 10:52:25 INFO LEAD new: [Conditions] Islington/P2025/0549/FUL — 69 Noel Road, London, N1 8HE
2026-09-30 10:52:25 INFO LEAD new: [Conditions] Islington/P2025/0540/FUL — 20 Grenville Road, London, N19 4EH
2026-09-30 10:52:25 INFO LEAD new: [Conditions] Islington/P2025/0548/FUL — 3 Theseus Walk, London, N1 8DS
2026-09-30 10:52:25 INFO LEAD new: [Conditions] Islington/P2025/0552/FUL — Flat 7, 18 - 21 Wilmington Square, London, WC1X 0ER
2026-09-30 10:52:25 INFO LEAD new: [Conditions] Islington/P2025/0520/FUL — 109 Calabria Road, London, N5 1HS
2026-09-30 10:52:25 INFO LEAD new: [Conditions] Islington/P2025/0542/LBC — 110 Hemingford Road, London N1 1DE
2026-09-30 10:52:25 INFO LEAD new: [Conditions] Islington/P2025/0541/FUL — 110 Hemingford Road, London N1 1DE
2026-09-30 10:52:25 INFO LEAD new: [Conditions] Islington/P2025/0530/FUL — Flat 3, 163A Upper Street, London, N1 1US
2026-09-30 10:52:25 INFO LEAD new: [Conditions] Islington/P2025/0538/FUL — 30 Prospero Road, London, N19 3RF
2026-09-30 10:52:25 INFO LEAD new: [Conditions] Islington/P2025/0547/FUL — 531 Holloway Road, London N19 4BY
2026-09-30 10:52:25 INFO LEAD new: [Conditions] Islington/P2025/0532/AOD — 58 Roman Way, London
2026-09-30 10:52:25 INFO LEAD new: [Conditions] Islington/P2025/0527/FUL — 114 Liverpool Road, London, N1 0RE
2026-09-30 10:52:25 INFO LEAD new: [Conditions] Islington/P2025/0528/LBC — 114 Liverpool Road, London, N1 0RE
2026-09-30 10:52:25 INFO LEAD new: [Conditions] Islington/P2025/0522/FUL — 58 Leconfield Road, London, N5 2SN
2026-09-30 10:52:25 INFO LEAD new: [Conditions] Islington/P2025/0546/FUL — Flat 3, 44 St John's Grove, London, N19 5RP
2026-09-30 10:52:25 INFO LEAD new: [Conditions] Islington/P2025/0519/FUL — Flat B, 195 Rosebery Avenue, London, EC1R 4TJ
2026-09-30 10:52:25 INFO LEAD new: [Conditions] Islington/P2025/0529/FUL — 7 Floral Place, Northampton Grove, London, N1 2PL
2026-09-30 10:52:25 INFO LEAD new: [Conditions] Islington/P2025/0531/FUL — 56 Noel Road, London, N1 8HB
2026-09-30 10:52:25 INFO LEAD new: [Conditions] Islington/P2025/0535/PRA — Whittington Hospital, Magdala Road, London, N19 5NF
2026-09-30 10:52:25 INFO LEAD new: [Conditions] Islington/P2025/0526/FUL — 18 Caedmon Road, London N7 6DH
2026-09-30 10:52:25 INFO LEAD new: [Conditions] Islington/P2025/0525/FUL — 38 Aberdeen Road, London, N5 2XD
2026-09-30 10:52:25 INFO LEAD new: [Conditions] Islington/P2025/0539/AOD — 10 - 14, Garrett Street, London, EC1Y 0TY
2026-09-30 10:52:25 INFO LEAD new: [Conditions] Islington/P2025/0510/FUL — Flat D, 68 Grosvenor Avenue, London, N5 2NR
2026-09-30 10:52:25 INFO LEAD new: [Conditions] Islington/P2025/0501/FUL — 24 Chatterton Road, London, N4 2DZ
2026-09-30 10:52:25 INFO LEAD new: [Conditions] Islington/P2025/0507/AOD — St Lukes Church, 161 Old Street, London EC1V 9NG
2026-09-30 10:52:25 INFO LEAD new: [Conditions] Islington/P2025/0503/FUL — Flat 1, 165 Junction Road, London, N19 5PZ
2026-09-30 10:52:25 INFO LEAD new: [Conditions] Islington/P2025/0502/COL — 24 Chatterton Road, London, N4 2DZ
2026-09-30 10:52:25 INFO LEAD new: [Conditions] Islington/P2025/0494/OBS — 120 Camley Street, London, N1C 4PG
2026-09-30 10:52:25 INFO LEAD new: [Conditions] Islington/P2025/0496/LBC — 27 College Cross, London, N1 1PT
2026-09-30 10:52:25 INFO LEAD new: [Conditions] Islington/P2025/0504/FUL — 23 Crossley Street, London, N7 8PE
2026-09-30 10:52:25 INFO LEAD new: [Conditions] Islington/P2025/0495/FUL — 27 College Cross, London, N1 1PT
2026-09-30 10:52:25 INFO LEAD new: [Conditions] Islington/P2025/0499/FUL — Flat 1, 23 Birnam Road, London, N4 3LJ
2026-09-30 10:52:25 INFO LEAD new: [Conditions] Islington/P2025/0483/FUL — Flat 4, 67A Stroud Green Road, London, N4 3EG
2026-09-30 10:52:25 INFO LEAD new: [Conditions] Islington/P2025/0484/ADV — 15 Cowper Street, Central Foundation Boys School, London, EC
2026-09-30 10:52:25 INFO LEAD new: [Conditions] Islington/P2025/0486/FUL — Flat 3, 11 Ashley Road, London, N19 3AG
2026-09-30 10:52:25 INFO LEAD new: [Conditions] Islington/P2025/0487/FUL — 73 Collier Street, London N1 9BE
2026-09-30 10:52:25 INFO LEAD new: [Conditions] Islington/P2025/0478/ADV — 53 Junction Road, London, N19 5QU
2026-09-30 10:52:25 INFO LEAD new: [Conditions] Islington/P2025/0466/FUL — Flat 2, 11 Hertslet Road, London, N7 6PJ
2026-09-30 10:52:25 INFO LEAD new: [Conditions] Islington/P2025/0465/FUL — 27 Courtney Road, London, N7 7BQ
2026-09-30 10:52:25 INFO LEAD new: [Conditions] Islington/P2025/0482/ADV — 1 Islington High Street, London N1 9LQ
2026-09-30 10:52:25 INFO LEAD new: [Conditions] Islington/P2025/0480/FUL — 18 Northampton Grove, London, N1 2PL
2026-09-30 10:52:25 INFO LEAD new: [Conditions] Islington/P2025/0461/LBC — 35, Alwyne Villas, London, N1 2HG
2026-09-30 10:52:25 INFO LEAD new: [Conditions] Islington/P2025/0460/ADV — Glasshouse Building (2 Trematon Walk N1 9FN), The Printworks
2026-09-30 10:52:25 INFO LEAD new: [Conditions] Islington/P2025/0462/FUL — 53 Huntingdon Street, London, N1 1BX
2026-09-30 10:52:25 INFO LEAD new: [Conditions] Islington/P2025/0458/COL — Carnevale House, 107 Blundell Street, London N7 9BN
2026-09-30 10:52:25 INFO LEAD new: [Conditions] Islington/P2025/0457/FUL — 25 - 26 Clerkenwell Close, London, EC1R 0AG
2026-09-30 10:52:25 INFO LEAD new: [Conditions] Islington/P2025/0448/ADV — The City University, 10 Northampton Square, London, EC1V 0HB
2026-09-30 10:52:25 INFO LEAD new: [Conditions] Islington/P2025/0452/LBC — Canonbury House, Canonbury Place, London, N1 2NQ
2026-09-30 10:52:25 INFO LEAD new: [Conditions] Islington/P2025/0451/AOD — Rear Of 67-81, 81A Benwell Road, London, N7 7BW
2026-09-30 10:52:25 INFO LEAD new: [Conditions] Islington/P2025/0450/S73 — 30 Finsbury Square, London EC2A 1AG
2026-09-30 10:52:25 INFO LEAD new: [Conditions] Islington/P2025/0455/FUL — Quaker Court, 18 Banner Street, London, EC1Y 8QA
2026-09-30 10:52:25 INFO LEAD new: [Conditions] Islington/P2025/0443/AOD — 184 - 186 Old Street, London, EC1V 9FR
2026-09-30 10:52:25 INFO LEAD new: [Conditions] Islington/P2025/0444/FUL — 30 Cressida Road, London, N19 3JW
2026-09-30 10:52:25 INFO LEAD new: [Conditions] Islington/P2025/0436/AOD — 278-300, Pentonville Road, London, N1 9NR
2026-09-30 10:52:25 INFO LEAD new: [Conditions] Islington/P2025/0434/ADV — 100 Clerkenwell Road, London, EC1M 5RJ
2026-09-30 10:52:25 INFO LEAD new: [Conditions] Islington/P2025/0429/LBC — 83 Theberton Street, London, N1 0QY
2026-09-30 10:52:25 INFO LEAD new: [Conditions] Islington/P2025/0432/FUL — 51 Leconfield Road, London, N5 2RZ
2026-09-30 10:52:25 INFO LEAD new: [Conditions] Islington/P2025/0435/AOD — Barnard Park, Copenhagen Street, London N1 0NL
2026-09-30 10:52:25 INFO LEAD new: [Conditions] Islington/P2025/0438/AOD — Barnard Park, Copenhagen Street, London N1 0NL
2026-09-30 10:52:25 INFO LEAD new: [Conditions] Islington/P2025/0428/FUL — 83 Theberton Street, London, N1 0QY
2026-09-30 10:52:25 INFO LEAD new: [Conditions] Islington/P2025/0426/FUL — Flat 1, 87 Northchurch Road, London, N1 3NU
2026-09-30 10:52:26 INFO LEAD new: [Conditions] Islington/P2025/0433/FUL — 2 Hat And Mitre Court, London
2026-09-30 10:52:26 INFO LEAD new: [Conditions] Islington/P2025/0442/ADV — Pret A Manger, 2 Cherry Tree Walk, London, EC1Y 8NX
2026-09-30 10:52:26 INFO LEAD new: [Conditions] Islington/P2025/0413/FUL — 13 Monsell Road, London, N4 2EF
2026-09-30 10:52:26 INFO LEAD new: [Conditions] Islington/P2025/0414/FUL — Old Sorting Office, 46 Essex Road, London, N1 8LN
2026-09-30 10:52:26 INFO LEAD new: [Conditions] Islington/P2025/0419/COL — 19 Cardwell Road, London, N7 0NL
2026-09-30 10:52:32 INFO [islington/Conditions] page at offset 2600: 100 records
2026-09-30 10:52:32 INFO LEAD new: [Conditions] Islington/P2025/0408/ADV — Glasshouse Building (2 Trematon Walk N1 9FN), The Printworks
2026-09-30 10:52:32 INFO LEAD new: [Conditions] Islington/P2025/0421/AOD — 29, Sekforde Street, London, EC1R 0HH
2026-09-30 10:52:32 INFO LEAD new: [Conditions] Islington/P2025/0418/COL — 99 Charterhouse Street, London EC1M 6HR
2026-09-30 10:52:32 INFO LEAD new: [Conditions] Islington/P2025/0422/ADV — 246-250 Pentonville Road, London N1 9JY
2026-09-30 10:52:32 INFO LEAD new: [Conditions] Islington/P2025/0420/FUL — Richard Cloudesley School, Golden Lane Campus, 101 Whitecros
2026-09-30 10:52:32 INFO LEAD new: [Conditions] Islington/P2025/0416/COL — 17 Monsell Road, London, N4 2EF
2026-09-30 10:52:32 INFO LEAD new: [Conditions] Islington/P2025/0415/COL — 13 Monsell Road, London, N4 2EF
2026-09-30 10:52:32 INFO LEAD new: [Conditions] Islington/P2025/0394/FUL — 32 Legion Close, London, N1 1PJ
2026-09-30 10:52:32 INFO LEAD new: [Conditions] Islington/P2025/0403/AOD — Old Barnsbury, The Barnsbury Estate, N1 0JE
2026-09-30 10:52:32 INFO LEAD new: [Conditions] Islington/P2025/0404/FUL — Flat C, 30 Marlborough Road, London, N19 4NB
2026-09-30 10:52:32 INFO LEAD new: [Conditions] Islington/P2025/0393/FUL — 45 Offord Road, London, N1 1EA
2026-09-30 10:52:32 INFO LEAD new: [Conditions] Islington/P2025/0402/AOD — 46, St Paul's Road, London, N1 2QW
2026-09-30 10:52:32 INFO LEAD new: [Conditions] Islington/P2025/0377/LBC — 11, Ripplevale Grove, London, N1 1HS
2026-09-30 10:52:32 INFO LEAD new: [Conditions] Islington/P2025/0376/LBC — 71 Theberton Street, London, N1 0QY
2026-09-30 10:52:32 INFO LEAD new: [Conditions] Islington/P2025/0375/FUL — 71 Theberton Street, London, N1 0QY
2026-09-30 10:52:32 INFO LEAD new: [Conditions] Islington/P2025/0369/LBC — Flat 2, 28 - 29 Myddelton Square, London, EC1R 1YE
2026-09-30 10:52:32 INFO LEAD new: [Conditions] Islington/P2025/0368/LBC — 48 Duncan Terrace, London, N1 8AL
2026-09-30 10:52:32 INFO LEAD new: [Conditions] Islington/P2025/0367/FUL — 48 Duncan Terrace, London, N1 8AL
2026-09-30 10:52:32 INFO LEAD new: [Conditions] Islington/P2025/0370/FUL — 28 Wedmore Gardens, London, N19 4DL
2026-09-30 10:52:32 INFO LEAD new: [Conditions] Islington/P2025/0356/PRA — 31 Newington Green, London N16 9PU
2026-09-30 10:52:32 INFO LEAD new: [Conditions] Islington/P2025/0348/FUL — First Floor FLat, 119 Corbyn Street, London N4 3BX
2026-09-30 10:52:32 INFO LEAD new: [Conditions] Islington/P2025/0343/AOD — Vittoria Primary School, Treaty Street, London, N1 0WF
2026-09-30 10:52:32 INFO LEAD new: [Conditions] Islington/P2025/0353/PRA — 508 Hornsey Road, London, N19 3QW
2026-09-30 10:52:32 INFO LEAD new: [Conditions] Islington/P2025/0342/FUL — 20 Fairmead Road, London, N19 4DF
2026-09-30 10:52:32 INFO LEAD new: [Conditions] Islington/P2025/0345/ADV — 73 Collier Street, London N1 9BE
2026-09-30 10:52:32 INFO LEAD new: [Conditions] Islington/P2025/0344/FUL — 73 Collier Street, London N1 9BE
2026-09-30 10:52:32 INFO LEAD new: [Conditions] Islington/P2025/0337/FUL — 36 Windsor Road, London, N7 6JG
2026-09-30 10:52:32 INFO LEAD new: [Conditions] Islington/P2025/0347/FUL — 4 Coombs Street, London, N1 8DJ
2026-09-30 10:52:32 INFO LEAD new: [Conditions] Islington/P2025/0349/FUL — St John The Evangelist Rc Primary School, Duncan Street, Lon
2026-09-30 10:52:32 INFO LEAD new: [Conditions] Islington/P2025/0338/FUL — 149 Northchurch Road, London, N1 3NT
2026-09-30 10:52:32 INFO LEAD new: [Conditions] Islington/P2025/0346/FUL — Flat B, 17 - 19 Witherington Road, London, N5 1PN
2026-09-30 10:52:32 INFO LEAD new: [Conditions] Islington/P2025/0328/FUL — Unit G7, First Floor, Block B, Islington Square, 5-6, Almeid
2026-09-30 10:52:32 INFO LEAD new: [Conditions] Islington/P2025/0330/AOD — 23 Vincent Terrace, London, N1 8HN
2026-09-30 10:52:32 INFO LEAD new: [Conditions] Islington/P2025/0323/FUL — 296, Flat 1, Upper Street, London, N1 2TU
2026-09-30 10:52:32 INFO LEAD new: [Conditions] Islington/P2025/0329/FUL — 53 Essex Road, London, N1 2SF
2026-09-30 10:52:32 INFO LEAD new: [Conditions] Islington/P2025/0333/AOD — 2A Tavistock Terrace, London N19 4DB
2026-09-30 10:52:32 INFO LEAD new: [Conditions] Islington/P2025/0314/FUL — Third Floor Flat, 10 Mildmay Grove South, London, N1 4RL
2026-09-30 10:52:32 INFO LEAD new: [Conditions] Islington/P2025/0320/AOD — 11, Ripplevale Grove, London, N1 1HS
2026-09-30 10:52:32 INFO LEAD new: [Conditions] Islington/P2025/0316/FUL — Flat B, 123 Sussex Way, London, N7 6RU
2026-09-30 10:52:32 INFO LEAD new: [Conditions] Islington/P2025/0313/FUL — 427 Caledonian Road, London N7 9BG
2026-09-30 10:52:32 INFO LEAD new: [Conditions] Islington/P2025/0318/AOD — 1 Mountfort Crescent, London, N1 1JW
2026-09-30 10:52:32 INFO LEAD new: [Conditions] Islington/P2025/0319/FUL — Flat 1, 161 Packington Street, London, N1 8RA
2026-09-30 10:52:32 INFO LEAD new: [Conditions] Islington/P2025/0309/FUL — Flat C, 42 Highbury Hill, London, N5 1AL
2026-09-30 10:52:32 INFO LEAD new: [Conditions] Islington/P2025/0305/LBC — Flat C, 9 Canonbury Lane, London, N1 2AS
2026-09-30 10:52:32 INFO LEAD new: [Conditions] Islington/P2025/0299/AOD — 15 Gibson Square, London, N1 0RD
2026-09-30 10:52:32 INFO LEAD new: [Conditions] Islington/P2025/0301/FUL — 65 Mercers Road, London, N19 4PS
2026-09-30 10:52:32 INFO LEAD new: [Conditions] Islington/P2025/0298/FUL — Flat A, 30 Devonia Road, London, N1 8JH
2026-09-30 10:52:32 INFO LEAD new: [Conditions] Islington/P2025/0304/FUL — 86 Fairbridge Road, London N19 3HY
2026-09-30 10:52:32 INFO LEAD new: [Conditions] Islington/P2025/0282/AOD — St James's Church, 51 Clerkenwell Close, London EC1R 0EA
2026-09-30 10:52:32 INFO LEAD new: [Conditions] Islington/P2025/0296/FUL — 42 Thornhill Square, London, N1 1BE
2026-09-30 10:52:32 INFO LEAD new: [Conditions] Islington/P2025/0297/LBC — 42 Thornhill Square, London, N1 1BE
2026-09-30 10:52:32 INFO LEAD new: [Conditions] Islington/P2025/0283/ADV — 251 - 256 Upper Street, London N1
2026-09-30 10:52:32 INFO LEAD new: [Conditions] Islington/P2025/0292/S73 — 17 Compton Avenue, London, N1 2XD
2026-09-30 10:52:32 INFO LEAD new: [Conditions] Islington/P2025/0290/FUL — Flat A, 11 Berriman Road, London, N7 7PN
2026-09-30 10:52:32 INFO LEAD new: [Conditions] Islington/P2025/0286/LBC — 40 Thornhill Square, London, N1 1BE
2026-09-30 10:52:32 INFO LEAD new: [Conditions] Islington/P2025/0285/FUL — 40 Thornhill Square, London, N1 1BE
2026-09-30 10:52:32 INFO LEAD new: [Conditions] Islington/P2025/0276/FUL — Flat 1, 11 - 13 Astey's Row, London, N1 2DA
2026-09-30 10:52:32 INFO LEAD new: [Conditions] Islington/P2025/0277/LBC — Flat C, 9 River Street, London, EC1R 1XN
2026-09-30 10:52:32 INFO LEAD new: [Conditions] Islington/P2025/0275/LBC — Flat A, 37 Wilmington Square, London, WC1X 0EG
2026-09-30 10:52:32 INFO LEAD new: [Conditions] Islington/P2025/0274/FUL — Flat A, 37 Wilmington Square, London, WC1X 0EG
2026-09-30 10:52:32 INFO LEAD new: [Conditions] Islington/P2025/0271/FUL — 80 Aberdeen Park, London, N5 2BE
2026-09-30 10:52:32 INFO LEAD new: [Conditions] Islington/P2025/0252/LBC — Flat A, 35 Baalbec Road, London, N5 1QN
2026-09-30 10:52:32 INFO LEAD new: [Conditions] Islington/P2025/0255/FUL — 94 Ambler Road, London, N4 2QR
2026-09-30 10:52:32 INFO LEAD new: [Conditions] Islington/P2025/0267/FUL — 78 Whistler Street, London, N5 1NJ
2026-09-30 10:52:32 INFO LEAD new: [Conditions] Islington/P2025/0260/COL — 94 Ambler Road, London, N4 2QR
2026-09-30 10:52:32 INFO LEAD new: [Conditions] Islington/P2025/0253/COL — 6 Framfield Road, London, N5 1UU
2026-09-30 10:52:32 INFO LEAD new: [Conditions] Islington/P2025/0265/FUL — Flats 1 & 2, 14 Arthur Road, London, N7 6DR
2026-09-30 10:52:32 INFO LEAD new: [Conditions] Islington/P2025/0266/AOD — Glasshouse Building (2 Trematon Walk N1 9FN), The Printworks
2026-09-30 10:52:32 INFO LEAD new: [Conditions] Islington/P2025/0264/FUL — 2 Montem Street, London, N4 3BE
2026-09-30 10:52:32 INFO LEAD new: [Conditions] Islington/P2025/0251/FUL — Flat A, 35 Baalbec Road, London, N5 1QN
2026-09-30 10:52:32 INFO LEAD new: [Conditions] Islington/P2025/0258/FUL — Flat C, 55 - 57 Northdown Street, London, N1 9BL
2026-09-30 10:52:32 INFO LEAD new: [Conditions] Islington/P2025/0259/FUL — Flat B, 249 Caledonian Road, London, N1 1ED
2026-09-30 10:52:32 INFO LEAD new: [Conditions] Islington/P2025/0237/ADV — 43 Chapel Market, London, N1 9EN
2026-09-30 10:52:32 INFO LEAD new: [Conditions] Islington/P2025/0244/LBC — 61 Noel Road, London, N1 8HE
2026-09-30 10:52:32 INFO LEAD new: [Conditions] Islington/P2025/0249/FUL — Flat A, 53 Oakley Road, London, N1 3LL
2026-09-30 10:52:32 INFO LEAD new: [Conditions] Islington/P2025/0243/FUL — 61 Noel Road, London, N1 8HE
2026-09-30 10:52:32 INFO LEAD new: [Conditions] Islington/P2025/0247/LBC — 82 Liverpool Road, London, N1 0RE
2026-09-30 10:52:32 INFO LEAD new: [Conditions] Islington/P2025/0246/FUL — 82 Liverpool Road, London, N1 0RE
2026-09-30 10:52:32 INFO LEAD new: [Conditions] Islington/P2025/0238/FUL — 72 Freegrove Road, London, N7 9RQ
2026-09-30 10:52:32 INFO LEAD new: [Conditions] Islington/P2025/0245/FUL — Aisha Design Ltd, Hello House, 144 Seven Sisters Road, Londo
2026-09-30 10:52:32 INFO LEAD new: [Conditions] Islington/P2025/0239/FUL — 47 Poet's Road, Flat C, London, N5 2SH
2026-09-30 10:52:32 INFO LEAD new: [Conditions] Islington/P2025/0240/LBC — 333, Tunbridge House, St John Street, London
2026-09-30 10:52:32 INFO LEAD new: [Conditions] Islington/P2025/0224/FUL — 20 Bickerton Road, London, N19 5JS
2026-09-30 10:52:32 INFO LEAD new: [Conditions] Islington/P2025/0232/FUL — 140 Thorpedale Road, London N4 3BS
2026-09-30 10:52:32 INFO LEAD new: [Conditions] Islington/P2025/0227/FUL — 17 Anson Road, London, N7 0RB
2026-09-30 10:52:32 INFO LEAD new: [Conditions] Islington/P2025/0208/FUL — Flat 1, 29 Pleshey Road, London, N7 0RA
2026-09-30 10:52:32 INFO LEAD new: [Conditions] Islington/P2025/0235/FUL — Third Floor Flat, 20 Bowling Green Lane, London, EC1R 0BD
2026-09-30 10:52:32 INFO LEAD new: [Conditions] Islington/P2025/0230/FUL — 83 Whistler Street, London, N5 1NJ
2026-09-30 10:52:32 INFO LEAD new: [Conditions] Islington/P2025/0241/S73 — 8 - 26, Willen House, Bath Street, London
2026-09-30 10:52:32 INFO LEAD new: [Conditions] Islington/P2025/0225/FUL — 2 St Philip's Way, London, N1 7AJ
2026-09-30 10:52:32 INFO LEAD new: [Conditions] Islington/P2025/0211/FUL — Upper Rear Maisonette, 6 Battledean Road, London, N5 1UZ
2026-09-30 10:52:32 INFO LEAD new: [Conditions] Islington/P2025/0222/AOD — 62 Baring Street, London, N1 3DS
2026-09-30 10:52:32 INFO LEAD new: [Conditions] Islington/P2025/0234/FUL — 54 Ripplevale Grove, London
2026-09-30 10:52:32 INFO LEAD new: [Conditions] Islington/P2025/0199/AOD — 30 Tollington Road, London, N7 6PG
2026-09-30 10:52:32 INFO LEAD new: [Conditions] Islington/P2025/0206/FUL — 4 Tollington Place, London N4 3QR
2026-09-30 10:52:32 INFO LEAD new: [Conditions] Islington/P2025/0209/AOD — 30 Tollington Road, London, N7 6PG
2026-09-30 10:52:32 INFO LEAD new: [Conditions] Islington/P2025/0212/FUL — Blenheim Court Estate, London, N19 4HR
2026-09-30 10:52:32 INFO LEAD new: [Conditions] Islington/P2025/0207/FUL — 48 Tollington Park, London N4 3QY
2026-09-30 10:52:32 INFO LEAD new: [Conditions] Islington/P2025/0204/FUL — 44 Sotheby Road, London, N5 2UR
2026-09-30 10:52:32 INFO LEAD new: [Conditions] Islington/P2025/0205/FUL — 1, Queensland Road, London N7 7BY
2026-09-30 10:52:38 WARNING Rate limited (429); waiting 519s before retry 1/6
2026-09-30 11:01:17 WARNING Request failed (403 Client Error: Forbidden for url: https://www.planit.org.uk/api/applics/json?app_state=Conditions&start_date=2023-09-30&end_date=2026-09-30&pg_sz=100&auth=Islington&offset=2700); retry 2/6 in 10s
2026-09-30 11:01:29 INFO [islington/Conditions] page at offset 2700: 100 records
2026-09-30 11:01:29 INFO LEAD new: [Conditions] Islington/P2025/0192/FUL — 22 Ronalds Road, London, N5 1XG
2026-09-30 11:01:29 INFO LEAD new: [Conditions] Islington/P2025/0195/FUL — 28 Batchelor Street, London, N1 0EG
2026-09-30 11:01:29 INFO LEAD new: [Conditions] Islington/P2025/0181/ADV — 53 Essex Road, London, N1 2SF
2026-09-30 11:01:29 INFO LEAD new: [Conditions] Islington/P2025/0182/FUL — 53 Essex Road, London, N1 2SF
2026-09-30 11:01:29 INFO LEAD new: [Conditions] Islington/P2025/0189/FUL — Newcombe House, 25 Aberdeen Park, London, N5 2AU
2026-09-30 11:01:29 INFO LEAD new: [Conditions] Islington/P2025/0193/FUL — 63 Tollington Park, London
2026-09-30 11:01:29 INFO LEAD new: [Conditions] Islington/P2025/0190/FUL — 30 St Peter's Street and 44 Danbury Street, London, N1
2026-09-30 11:01:29 INFO LEAD new: [Conditions] Islington/P2025/0178/COL — 90 Plimsoll Road, London N4 2EE
2026-09-30 11:01:29 INFO LEAD new: [Conditions] Islington/P2025/0187/FUL — 89 Tollington Park, London N4 3AG
2026-09-30 11:01:29 INFO LEAD new: [Conditions] Islington/P2025/0177/FUL — 42 Wilton Square, London N1 3DW
2026-09-30 11:01:29 INFO LEAD new: [Conditions] Islington/P2025/0179/AOD — 14 City Road, London
2026-09-30 11:01:29 INFO LEAD new: [Conditions] Islington/P2025/0183/FUL — 122 and 124 Tollington Park, London N4 3RB
2026-09-30 11:01:29 INFO LEAD new: [Conditions] Islington/P2025/0196/LBC — 28 Batchelor Street, London, N1 0EG
2026-09-30 11:01:29 INFO LEAD new: [Conditions] Islington/P2025/0174/LBC — 7 Northampton Park, London, N1 2PP
2026-09-30 11:01:29 INFO LEAD new: [Conditions] Islington/P2025/0165/LBC — 76 Richmond Avenue, London, N1 0NA
2026-09-30 11:01:29 INFO LEAD new: [Conditions] Islington/P2025/0162/FUL — 10 Canonbury Park South, London, N1 2JJ
2026-09-30 11:01:29 INFO LEAD new: [Conditions] Islington/P2025/0172/AOD — 36 - 44 Tabernacle Street, London, EC2A 4DT
2026-09-30 11:01:29 INFO LEAD new: [Conditions] Islington/P2025/0173/FUL — 7 Northampton Park, London, N1 2PP
2026-09-30 11:01:29 INFO LEAD new: [Conditions] Islington/P2025/0169/FUL — 17 Manger Road, London, N7 9TG
2026-09-30 11:01:29 INFO LEAD new: [Conditions] Islington/P2025/0220/FUL — 76 Richmond Avenue, London, N1 0NA
2026-09-30 11:01:29 INFO LEAD new: [Conditions] Islington/P2025/0170/FUL — 32 Regina Road, London, N4 3PP
2026-09-30 11:01:29 INFO LEAD new: [Conditions] Islington/P2025/0167/FUL — 78 Shaftesbury Road, London
2026-09-30 11:01:29 INFO LEAD new: [Conditions] Islington/P2025/0153/FUL — Flat A, 93 Kelvin Road, London, N5 2PL
2026-09-30 11:01:29 INFO LEAD new: [Conditions] Islington/P2025/0157/ADV — Richard Cloudesley School, Golden Lane, London
2026-09-30 11:01:29 INFO LEAD new: [Conditions] Islington/P2025/0156/AOD — Old Barnsbury, The Barnsbury Estate, N1 0JE
2026-09-30 11:01:29 INFO LEAD new: [Conditions] Islington/P2025/0160/COL — 5 - 7, Fitspace Limited, Units 5b To 5e And 7a To 7c, Hornse
2026-09-30 11:01:29 INFO LEAD new: [Conditions] Islington/P2025/0158/LBC — 32, Britton Street, London, EC1M 5NQ
2026-09-30 11:01:29 INFO LEAD new: [Conditions] Islington/P2025/0161/LBC — 27 Gibson Square, London, N1 0RD
2026-09-30 11:01:29 INFO LEAD new: [Conditions] Islington/P2025/0147/FUL — 90 Plimsoll Road, London, N4 2EE
2026-09-30 11:01:29 INFO LEAD new: [Conditions] Islington/P2025/0148/FUL — 37 Huddleston Road, London, N7 0AD
2026-09-30 11:01:29 INFO LEAD new: [Conditions] Islington/P2025/0151/FUL — 138 St John Street, London EC1V 4UA
2026-09-30 11:01:29 INFO LEAD new: [Conditions] Islington/P2025/0146/FUL — Flat B, 52 Grosvenor Avenue, London N5 2NR
2026-09-30 11:01:29 INFO LEAD new: [Conditions] Islington/P2025/0142/AOD — 58 St Paul's Road, London, N1 2QW
2026-09-30 11:01:29 INFO LEAD new: [Conditions] Islington/P2025/0136/COL — 8 Lidyard Road, London N19 5NR
2026-09-30 11:01:29 INFO LEAD new: [Conditions] Islington/P2025/0141/FUL — 90 Plimsoll Road, London, N4 2EE
2026-09-30 11:01:29 INFO LEAD new: [Conditions] Islington/P2025/0143/FUL — 192 St Paul's Road, London, N1 2LL
2026-09-30 11:01:29 INFO LEAD new: [Conditions] Islington/P2025/0133/ADV — 92 Essex Road, London, N1 8LU
2026-09-30 11:01:29 INFO LEAD new: [Conditions] Islington/P2025/0122/FUL — 54 Cloudesley Road, London, N1 0EB
2026-09-30 11:01:29 INFO LEAD new: [Conditions] Islington/P2025/0132/LBC — The Old Sessions House, Clerkenwell Green, London
2026-09-30 11:01:29 INFO LEAD new: [Conditions] Islington/P2025/0134/FUL — 51 St George's Avenue, London, N7 0AJ
2026-09-30 11:01:29 INFO LEAD new: [Conditions] Islington/P2025/0137/FUL — Flat 4, 336 St John Street, London, EC1V 4NT
2026-09-30 11:01:29 INFO LEAD new: [Conditions] Islington/P2025/0131/FUL — 18 Loxford Gardens, London, N5 1FW
2026-09-30 11:01:29 INFO LEAD new: [Conditions] Islington/P2025/0125/FUL — St Williams Court, 1 Gifford Street, London, N1 0GN
2026-09-30 11:01:29 INFO LEAD new: [Conditions] Islington/P2025/0127/FUL — 104 Thorpedale Road, London, N4 3BS
2026-09-30 11:01:29 INFO LEAD new: [Conditions] Islington/P2025/0123/LBC — 54 Cloudesley Road, London, N1 0EB
2026-09-30 11:01:29 INFO LEAD new: [Conditions] Islington/P2025/0103/COL — 17 Cardwell Road, London, N7 0NL
2026-09-30 11:01:29 INFO LEAD new: [Conditions] Islington/P2025/0101/FUL — 20 Compton Avenue, London, N1 2XD
2026-09-30 11:01:29 INFO LEAD new: [Conditions] Islington/P2025/0104/FUL — 17 Cardwell Road, London, N7 0NL
2026-09-30 11:01:29 INFO LEAD new: [Conditions] Islington/P2025/0113/LBC — 2, Canonbury Square, London, N1 2AU
2026-09-30 11:01:29 INFO LEAD new: [Conditions] Islington/P2025/0105/FUL — 17 Cardwell Road, London, N7 0NL
2026-09-30 11:01:29 INFO LEAD new: [Conditions] Islington/P2025/0108/FUL — 69 Theberton Street, London, N1 0QY
2026-09-30 11:01:29 INFO LEAD new: [Conditions] Islington/P2025/0119/LBC — 27, Flat C, Lonsdale Square, London, N1 1EW
2026-09-30 11:01:29 INFO LEAD new: [Conditions] Islington/P2025/0098/FUL — Flat B, 83 Yerbury Road, London, N19 4RW
2026-09-30 11:01:29 INFO LEAD new: [Conditions] Islington/P2025/0109/LBC — 69 Theberton Street, London, N1 0QY
2026-09-30 11:01:29 INFO LEAD new: [Conditions] Islington/P2025/0085/FUL — Basement and Ground Floor, 15 Westbourne Road, London, N7 8A
2026-09-30 11:01:29 INFO LEAD new: [Conditions] Islington/P2025/0086/FUL — 26 Hatley Road, London, N4 3NN
2026-09-30 11:01:29 INFO LEAD new: [Conditions] Islington/P2025/0091/FUL — 2nd Floor Flat, 65 Windsor Road, London, N7 6JL
2026-09-30 11:01:29 INFO LEAD new: [Conditions] Islington/P2025/0083/FUL — Building W3, Triangle Site, York Way, London, N1
2026-09-30 11:01:29 INFO LEAD new: [Conditions] Islington/P2025/0097/AOD — 11 Ripplevale Grove, London, N1 1HS
2026-09-30 11:01:29 INFO LEAD new: [Conditions] Islington/P2025/0072/FUL — 35 & 35A Florence Street, London, N1 2DU
2026-09-30 11:01:29 INFO LEAD new: [Conditions] Islington/P2025/0075/FUL — 61 Rotherfield Street, London, N1 3BZ
2026-09-30 11:01:29 INFO LEAD new: [Conditions] Islington/P2025/0080/COL — 8 Gillespie Road, London, N5 1LN
2026-09-30 11:01:29 INFO LEAD new: [Conditions] Islington/P2025/0081/FUL — 8 Gillespie Road, London, N5 1LN
2026-09-30 11:01:29 INFO LEAD new: [Conditions] Islington/P2025/0074/FUL — 3 Vale Row, London, N5 1LL
2026-09-30 11:01:29 INFO LEAD new: [Conditions] Islington/P2025/0063/FUL — 28 Bracey Street, London, N4 3BJ
2026-09-30 11:01:29 INFO LEAD new: [Conditions] Islington/P2025/0064/FUL — 53A Highbury New Park, London, N5 2ET
2026-09-30 11:01:29 INFO LEAD new: [Conditions] Islington/P2025/0065/LBC — 53A Highbury New Park, London, N5 2ET
2026-09-30 11:01:29 INFO LEAD new: [Conditions] Islington/P2025/0069/FUL — 44 Northolme Road, London, N5 2UX
2026-09-30 11:01:29 INFO LEAD new: [Conditions] Islington/P2025/0061/FUL — 64 Queen's Head Street, London, N1 8NG
2026-09-30 11:01:29 INFO LEAD new: [Conditions] Islington/P2025/0046/FUL — Flat B, 61 Morton Road, London, N1 3BG
2026-09-30 11:01:29 INFO LEAD new: [Conditions] Islington/P2025/0047/AOD — 302, Liverpool Road, London, N7 8PU
2026-09-30 11:01:29 INFO LEAD new: [Conditions] Islington/P2025/0053/LBC — Flat 31, 177 Rosebery Avenue, London, EC1R 4TW
2026-09-30 11:01:29 INFO LEAD new: [Conditions] Islington/P2025/0048/FUL — Flat A, 10 Harberton Road, London, N19 3JR
2026-09-30 11:01:29 INFO LEAD new: [Conditions] Islington/P2025/0033/FUL — 83, 83A and 85 Newington Green Road, London, N1 4QX
2026-09-30 11:01:29 INFO LEAD new: [Conditions] Islington/P2025/0032/FUL — 21 Highbury Grange, London, N5 2QA
2026-09-30 11:01:29 INFO LEAD new: [Conditions] Islington/P2025/0044/FUL — Flat 5, 8 Highbury Hill, London, N5 1AL
2026-09-30 11:01:29 INFO LEAD new: [Conditions] Islington/P2025/0042/FUL — 1 Purley Place, London, N1 1QA
2026-09-30 11:01:29 INFO LEAD new: [Conditions] Islington/P2025/0039/FUL — 188 Tufnell Park Road, London, N7 0EE
2026-09-30 11:01:29 INFO LEAD new: [Conditions] Islington/P2025/0038/AOD — 10 - 14, Garrett Street, London, EC1Y 0TY
2026-09-30 11:01:29 INFO LEAD new: [Conditions] Islington/P2025/0058/OBS — Milton Gate, 60 Chiswell Street London, EC1Y 4AG
2026-09-30 11:01:29 INFO LEAD new: [Conditions] Islington/P2025/0028/FUL — 29-33 Granville Square, London, WC1X 9PD
2026-09-30 11:01:29 INFO LEAD new: [Conditions] Islington/P2025/0027/LBC — 327, Ground Floor Flat, Liverpool Road, London, N1 1NQ
2026-09-30 11:01:29 INFO LEAD new: [Conditions] Islington/P2025/0029/LBC — 29-33 Granville Square, London, WC1X 9PD
2026-09-30 11:01:29 INFO LEAD new: [Conditions] Islington/P2025/0024/ADV — 353 Upper Street, London, N1 0PD
2026-09-30 11:01:29 INFO LEAD new: [Conditions] Islington/P2025/0017/FUL — Flat A, 36 Mildmay Grove South, London, N1 4RL
2026-09-30 11:01:29 INFO LEAD new: [Conditions] Islington/P2025/0006/PRA — Clarissa Baldwin House, 17 Wakley Street, London, EC1V 7RQ
2026-09-30 11:01:29 INFO LEAD new: [Conditions] Islington/P2025/0014/COL — 4 Clifton Terrace, London
2026-09-30 11:01:29 INFO LEAD new: [Conditions] Islington/P2025/0011/LBC — 40 Lloyd Baker Street, London, WC1X 9AB
2026-09-30 11:01:29 INFO LEAD new: [Conditions] Islington/P2025/0008/LBC — 13 Thornhill Crescent, London, N1 1BL
2026-09-30 11:01:29 INFO LEAD new: [Conditions] Islington/P2025/0009/FUL — Flat A, 24 Penn Road, London, N7 9RD
2026-09-30 11:01:29 INFO LEAD new: [Conditions] Islington/P2025/0030/FUL — Flat D, 67 St Peter's Street, London, N1 8JR
2026-09-30 11:01:29 INFO LEAD new: [Conditions] Islington/P2025/0007/COL — 7, Cranworth House, Holloway Road, London, N7 9SS
2026-09-30 11:01:29 INFO LEAD new: [Conditions] Islington/P2024/3822/FUL — 12 Harberton Road, London, N19 3JR
2026-09-30 11:01:29 INFO LEAD new: [Conditions] Islington/P2025/0004/FUL — 7 Giesbach Road, London, N19 3DA
2026-09-30 11:01:29 INFO LEAD new: [Conditions] Islington/P2024/3820/COL — 107 Aldersgate Street, London, EC1A 4JQ
2026-09-30 11:01:29 INFO LEAD new: [Conditions] Islington/P2024/3826/FUL — 18 Cornwallis Road, London, N19 4LT
2026-09-30 11:01:29 INFO LEAD new: [Conditions] Islington/P2024/3823/FUL — 229 Camden Road, London, N7 0HR
2026-09-30 11:01:29 INFO LEAD new: [Conditions] Islington/P2024/3828/ADV — Bus Shelter Pavement Outside 201, Marks & Spencer, Old Stree
2026-09-30 11:01:29 INFO LEAD new: [Conditions] Islington/P2024/3821/FUL — 100 Essex Road, London, N1 8LU
2026-09-30 11:01:29 INFO LEAD new: [Conditions] Islington/P2024/3829/ADV — Bus Shelter, Pavement Outside 28 Essex Road, London, N1 8LN
2026-09-30 11:01:36 INFO [islington/Conditions] page at offset 2800: 100 records
2026-09-30 11:01:36 INFO LEAD new: [Conditions] Islington/P2024/3808/FUL — 14 Cardozo Road, London N7 9RL
2026-09-30 11:01:36 INFO LEAD new: [Conditions] Islington/P2024/3827/ADV — Bus Shelter, Pavement Outside 157 Essex Road, London, N1 2SN
2026-09-30 11:01:36 INFO LEAD new: [Conditions] Islington/P2024/3825/FUL — 49 Upper Street, London
2026-09-30 11:01:36 INFO LEAD new: [Conditions] Islington/P2024/3795/AOD — 621 Holloway Road, London, N19 5SS
2026-09-30 11:01:36 INFO LEAD new: [Conditions] Islington/P2024/3786/FUL — 29 Corsica Street, London, N5 1JT
2026-09-30 11:01:36 INFO LEAD new: [Conditions] Islington/P2024/3777/FUL — Cecos House, 59 Compton Road, London, N1 2NA
2026-09-30 11:01:36 INFO LEAD new: [Conditions] Islington/P2024/3778/LBC — Cecos House, 59 Compton Road, London, N1 2NA
2026-09-30 11:01:36 INFO LEAD new: [Conditions] Islington/P2024/3779/AOD — 81A, London Metropolitan University, Rear Of 67-81, Benwell 
2026-09-30 11:01:36 INFO LEAD new: [Conditions] Islington/P2024/3784/ADV — 35 - 37, Clerkenwell Road, London, EC1M 5RS
2026-09-30 11:01:36 INFO LEAD new: [Conditions] Islington/P2024/3776/COL — 38, Finsbury Square, London
2026-09-30 11:01:36 INFO LEAD new: [Conditions] Islington/P2024/3783/FUL — Flat C, 80 Birnam Road, London, N4 3LQ
2026-09-30 11:01:36 INFO LEAD new: [Conditions] Islington/P2024/3785/FUL — Flat B, 12 Charteris Road, London, N4 3AB
2026-09-30 11:01:36 INFO LEAD new: [Conditions] Islington/P2024/3760/FUL — Basement Flat, 239 New North Road, London, N1 7AT
2026-09-30 11:01:36 INFO LEAD new: [Conditions] Islington/P2024/3766/FUL — J & W Hinton Ltd, 124 - 128 Ball's Pond Road, London, N1 4AE
2026-09-30 11:01:36 INFO LEAD new: [Conditions] Islington/P2024/3767/FUL — Flat B, 63 Ronalds Road, London, N5 1XF
2026-09-30 11:01:36 INFO LEAD new: [Conditions] Islington/P2024/3770/FUL — Flat A, 18 Northampton Park, London, N1 2PJ
2026-09-30 11:01:36 INFO LEAD new: [Conditions] Islington/P2024/3769/FUL — 82 Thorpedale Road, London N4 3BW
2026-09-30 11:01:36 INFO LEAD new: [Conditions] Islington/P2025/0340/FUL — 113 Sussex Way, London, N7 6RU
2026-09-30 11:01:36 INFO LEAD new: [Conditions] Islington/P2024/3749/FUL — Flat A, 11 Highbury Grange, London, N5 2QB
2026-09-30 11:01:36 INFO LEAD new: [Conditions] Islington/P2024/3753/FUL — 437 Liverpool Road, London, N7 8PR
2026-09-30 11:01:36 INFO LEAD new: [Conditions] Islington/P2024/3754/LBC — 437 Liverpool Road, London, N7 8PR
2026-09-30 11:01:36 INFO LEAD new: [Conditions] Islington/P2024/3761/FUL — Flat 1, 11 Hertslet Road, London, N7 6PJ
2026-09-30 11:01:36 INFO LEAD new: [Conditions] Islington/P2024/3758/AOD — 14 Junction Road, London, N19 5RQ
2026-09-30 11:01:36 INFO LEAD new: [Conditions] Islington/P2025/0213/AOD — Glasshouse Building (2 Trematon Walk N1 9FN), The Printworks
2026-09-30 11:01:36 INFO LEAD new: [Conditions] Islington/P2024/3764/FUL — 51 Gibson Square, London, N1 0RA
2026-09-30 11:01:36 INFO LEAD new: [Conditions] Islington/P2024/3762/PRA — 7 - 8 Wakley Street, London, EC1V 7LT
2026-09-30 11:01:36 INFO LEAD new: [Conditions] Islington/P2024/3765/LBC — 51 Gibson Square, London, N1 0RA
2026-09-30 11:01:36 INFO LEAD new: [Conditions] Islington/P2024/3736/FUL — 1 Travers Road, London, N7 7PR
2026-09-30 11:01:36 INFO LEAD new: [Conditions] Islington/P2024/3738/AOD — 12 Sebastian Street, London, EC1V 0JA
2026-09-30 11:01:36 INFO LEAD new: [Conditions] Islington/P2024/3745/FUL — Flat A, 566 Caledonian Road, London N7 9SD
2026-09-30 11:01:36 INFO LEAD new: [Conditions] Islington/P2024/3742/FUL — 21 Duncan Terrace, London, N1 8BZ
2026-09-30 11:01:36 INFO LEAD new: [Conditions] Islington/P2024/3731/PRA — 328 City Road, London, EC1V 2PT
2026-09-30 11:01:36 INFO LEAD new: [Conditions] Islington/P2024/3737/LBC — 27 Barnsbury Square, London, N1 1JP
2026-09-30 11:01:36 INFO LEAD new: [Conditions] Islington/P2024/3744/FUL — Flat B, 57 Mercers Road, London, N19 4PS
2026-09-30 11:01:36 INFO LEAD new: [Conditions] Islington/P2024/3733/FUL — Be More Mobile Ltd, 420, Holloway Road, London, N7 6QA
2026-09-30 11:01:36 INFO LEAD new: [Conditions] Islington/P2024/3725/FUL — 70 Whitehall Park, London, N19 3TN
2026-09-30 11:01:36 INFO LEAD new: [Conditions] Islington/P2024/3720/FUL — Flat 1, 1 Dresden Road, London, N19 3BE
2026-09-30 11:01:36 INFO LEAD new: [Conditions] Islington/P2024/3727/FUL — 41 Lloyd Baker Street, London, WC1X 9AB
2026-09-30 11:01:36 INFO LEAD new: [Conditions] Islington/P2024/3717/FUL — 56 Brecknock Road, London, N7 0DD
2026-09-30 11:01:36 INFO LEAD new: [Conditions] Islington/P2024/3718/FUL — 11 Yerbury Road, London, N19 4RN
2026-09-30 11:01:36 INFO LEAD new: [Conditions] Islington/P2024/3728/LBC — 41 Lloyd Baker Street, London, WC1X 9AB
2026-09-30 11:01:36 INFO LEAD new: [Conditions] Islington/P2024/3715/PRA — 53 Rawstorne Street, London, EC1V 7NQ
2026-09-30 11:01:36 INFO LEAD new: [Conditions] Islington/P2024/3710/FUL — 5 Cressida Road, London, N19 3JN
2026-09-30 11:01:36 INFO LEAD new: [Conditions] Islington/P2024/3716/FUL — 2A Arran Walk, London, N1 2TL
2026-09-30 11:01:36 INFO LEAD new: [Conditions] Islington/P2024/3712/FUL — 37B & 39 Mulkern Road, London, N19 3HQ
2026-09-30 11:01:36 INFO LEAD new: [Conditions] Islington/P2024/3714/AOD — 50-56 Great Sutton Street, EC1V 0DE & 9-11 Northburgh Street
2026-09-30 11:01:36 INFO LEAD new: [Conditions] Islington/P2024/3713/FUL — 3 Elfort Road, London, N5 1AX
2026-09-30 11:01:36 INFO LEAD new: [Conditions] Islington/P2024/3707/ADV — 65 - 67 Chapel Market, London, N1 9ER
2026-09-30 11:01:36 INFO LEAD new: [Conditions] Islington/P2024/3703/COL — Cutbush House, 57 Hilldrop Road, London 0QD
2026-09-30 11:01:36 INFO LEAD new: [Conditions] Islington/P2024/3708/FUL — 21 Dalmeny Road, London, N7 0HE
2026-09-30 11:01:36 INFO LEAD new: [Conditions] Islington/P2024/3706/COL — 70 Whitehall Park, London, N19 3TN
2026-09-30 11:01:36 INFO LEAD new: [Conditions] Islington/P2024/3700/LBC — 5 Burgh Street, London, N1 8HF
2026-09-30 11:01:36 INFO LEAD new: [Conditions] Islington/P2024/3699/FUL — 5 Burgh Street, London, N1 8HF
2026-09-30 11:01:36 INFO LEAD new: [Conditions] Islington/P2024/3705/FUL — 65 - 67 Chapel Market, London, N1 9ER
2026-09-30 11:01:36 INFO LEAD new: [Conditions] Islington/P2024/3684/COL — Duval house, 39 Elthorne Road, London
2026-09-30 11:01:36 INFO LEAD new: [Conditions] Islington/P2024/3683/OBS — 1, Silk Street, London, EC2Y 8AL
2026-09-30 11:01:36 INFO LEAD new: [Conditions] Islington/P2024/3692/FUL — 28 Hedingham Close, London, N1 8UA
2026-09-30 11:01:36 INFO LEAD new: [Conditions] Islington/P2024/3688/LBC — 1 Camden Walk, London, N1 8DY
2026-09-30 11:01:36 INFO LEAD new: [Conditions] Islington/P2024/3687/FUL — 1 Camden Walk, London, N1 8DY
2026-09-30 11:01:36 INFO LEAD new: [Conditions] Islington/P2024/3693/AOD — Hill House, 17 Highate Hill, London, N19 5NA
2026-09-30 11:01:36 INFO LEAD new: [Conditions] Islington/P2024/3690/FUL — 2-3 Clifton Terrace, London, N4 3JP
2026-09-30 11:01:36 INFO LEAD new: [Conditions] Islington/P2024/3695/FUL — Flat 18, 198 St John Street, London, EC1V 4JY
2026-09-30 11:01:36 INFO LEAD new: [Conditions] Islington/P2024/3694/LBC — Platform Theatre 2 Tiltman Place (former Hornsey Road Baths)
2026-09-30 11:01:36 INFO LEAD new: [Conditions] Islington/P2024/3682/PRA — 50 Farringdon Road, London
2026-09-30 11:01:36 INFO LEAD new: [Conditions] Islington/P2024/3677/AOD — 10 - 14, Garrett Street, London, EC1Y 0TY
2026-09-30 11:01:36 INFO LEAD new: [Conditions] Islington/P2024/3671/LBC — St John's Mansions, 308 St John Street, London, EC1V 4NX
2026-09-30 11:01:36 INFO LEAD new: [Conditions] Islington/P2024/3672/FUL — 261 Sussex Way, London, N19 4JD
2026-09-30 11:01:36 INFO LEAD new: [Conditions] Islington/P2024/3674/ADV — Bus shelter Outside 67-83 Seven Sisters Road, London, N7 6BU
2026-09-30 11:01:36 INFO LEAD new: [Conditions] Islington/P2024/3676/AOD — 10 - 14 Garrett Street, London, EC1Y 0TY
2026-09-30 11:01:36 INFO LEAD new: [Conditions] Islington/P2024/3675/AOD — 10 - 14, Garrett Street, London, EC1Y 0TY
2026-09-30 11:01:36 INFO LEAD new: [Conditions] Islington/P2024/3666/S73 — Platform, Theatre 2 Tiltman Place (former Hornsey Road Baths
2026-09-30 11:01:36 INFO LEAD new: [Conditions] Islington/P2024/3668/FUL — Flat B, 280 Essex Road, London, N1 3AR
2026-09-30 11:01:36 INFO LEAD new: [Conditions] Islington/P2024/3657/FUL — 83 Elizabeth Avenue, London, N1 3BQ
2026-09-30 11:01:36 INFO LEAD new: [Conditions] Islington/P2024/3662/PRA — Little Angels And Prep School, 70 Bredgar Road, London, N19 
2026-09-30 11:01:36 INFO LEAD new: [Conditions] Islington/P2024/3664/FUL — Ground Floor, 463 Holloway Road, London, N7 6LJ
2026-09-30 11:01:36 INFO LEAD new: [Conditions] Islington/P2024/3669/LBC — Flat B, 280 Essex Road, London, N1 3AR
2026-09-30 11:01:36 INFO LEAD new: [Conditions] Islington/P2024/3667/ADV — 24 York Way, London, N1 9AA
2026-09-30 11:01:36 INFO LEAD new: [Conditions] Islington/P2024/3654/FUL — 29 Aberdeen Road, London, N5 2UG
2026-09-30 11:01:36 INFO LEAD new: [Conditions] Islington/P2024/3653/FUL — 1 and 2, Roman Way, London, N7 8XG
2026-09-30 11:01:36 INFO LEAD new: [Conditions] Islington/P2024/3651/FUL — 1 - 2 Hardwick Street, London
2026-09-30 11:01:36 INFO LEAD new: [Conditions] Islington/P2024/3656/FUL — 30B Almorah Road, London, N1 3EU
2026-09-30 11:01:36 INFO LEAD new: [Conditions] Islington/P2024/3647/FUL — 169 Whitecross Street, London, EC1Y 8JT
2026-09-30 11:01:36 INFO LEAD new: [Conditions] Islington/P2024/3648/AOD — Town Hall, Upper Street, London N1 2UD
2026-09-30 11:01:36 INFO LEAD new: [Conditions] Islington/P2024/3646/AOD — 20 Finsbury Dials, Finsbury Street, London, EC2Y 9AQ
2026-09-30 11:01:36 INFO LEAD new: [Conditions] Islington/P2024/3644/LBC — 22 Batchelor Street, London, N1 0EG
2026-09-30 11:01:36 INFO LEAD new: [Conditions] Islington/P2024/3643/ADV — Ground Floor Unit, 169 Old Street, EC1V 9ND
2026-09-30 11:01:36 INFO LEAD new: [Conditions] Islington/P2024/3645/COL — Maple House, 213 Junction Road, N19 5QA
2026-09-30 11:01:36 INFO LEAD new: [Conditions] Islington/P2024/3642/ADV — 22 Ropemaker Street, London, EC2Y 9AR
2026-09-30 11:01:36 INFO LEAD new: [Conditions] Islington/P2024/3635/FUL — 261 Sussex Way, London, N19 4JD
2026-09-30 11:01:36 INFO LEAD new: [Conditions] Islington/P2024/3629/FUL — 28A King Henry's Walk, London, N1 4PB
2026-09-30 11:01:36 INFO LEAD new: [Conditions] Islington/P2024/3633/AOD — Land to rear of 12 Chadwell Street, London EC1R 1XD
2026-09-30 11:01:36 INFO LEAD new: [Conditions] Islington/P2024/3552/FUL — 83 Treaty Street, London, N1 0TE
2026-09-30 11:01:36 INFO LEAD new: [Conditions] Islington/P2024/3622/COL — 19 Stavordale Road, London, N5 1NE
2026-09-30 11:01:36 INFO LEAD new: [Conditions] Islington/P2024/3627/FUL — 125 Holloway Road, London, N7 8LT
2026-09-30 11:01:36 INFO LEAD new: [Conditions] Islington/P2024/3624/FUL — 150 Liverpool Road, London, N1 1LA
2026-09-30 11:01:36 INFO LEAD new: [Conditions] Islington/P2024/3626/ADV — Pullman House, 91 Goswell Road, London EC1V 7EX
2026-09-30 11:01:36 INFO LEAD new: [Conditions] Islington/P2024/3603/AOD — 20 Finsbury Dials, Finsbury Street, London, EC2Y 9AQ
2026-09-30 11:01:36 INFO LEAD new: [Conditions] Islington/P2024/3616/LBC — 7, Brooksby Street, London, N1 1EX
2026-09-30 11:01:36 INFO LEAD new: [Conditions] Islington/P2024/3604/FUL — 30 Islington Park Street, London, N1 1PX
2026-09-30 11:01:36 INFO LEAD new: [Conditions] Islington/P2024/3610/FUL — Flat A, 4 Aberdeen Road, London, N5 2UH
2026-09-30 11:01:42 INFO [islington/Conditions] page at offset 2900: 100 records
2026-09-30 11:01:42 INFO LEAD new: [Conditions] Islington/P2024/3608/FUL — 106 Fonthill Road, London, N4 3HT
2026-09-30 11:01:42 INFO LEAD new: [Conditions] Islington/P2024/3601/PRA — 11 - 13, Wakley Street, London, EC1V 7LT
2026-09-30 11:01:43 INFO LEAD new: [Conditions] Islington/P2024/3600/LBC — 8 Brooksby Street, London, N1 1HA
2026-09-30 11:01:43 INFO LEAD new: [Conditions] Islington/P2024/3609/AOD — 1 Purley Place, London, N1 1QA
2026-09-30 11:01:43 INFO LEAD new: [Conditions] Islington/P2024/3599/FUL — 8 Brooksby Street, London, N1 1HA
2026-09-30 11:01:43 INFO LEAD new: [Conditions] Islington/P2024/3617/FUL — Flat A, 234 Brecknock Road, London, N19 5BQ
2026-09-30 11:01:43 INFO LEAD new: [Conditions] Islington/P2024/3607/FUL — 68 Hungerford Road, London, N7 9LP
2026-09-30 11:01:43 INFO LEAD new: [Conditions] Islington/P2024/3586/FUL — 1 - 7 Britannia Row, London, N1 8QH
2026-09-30 11:01:43 INFO LEAD new: [Conditions] Islington/P2024/3592/FUL — 25 - 26 Clerkenwell Close, London, EC1R 0AG
2026-09-30 11:01:43 INFO LEAD new: [Conditions] Islington/P2024/3597/FUL — 35 Allingham Street, London, N1 8NX
2026-09-30 11:01:43 INFO LEAD new: [Conditions] Islington/P2024/3590/FUL — Basement Flat, 9 Pemberton Gardens, London, N19 5RR
2026-09-30 11:01:43 INFO LEAD new: [Conditions] Islington/P2024/3583/AOD — 1, Sudeley Street, London, N1 8HP
2026-09-30 11:01:43 INFO LEAD new: [Conditions] Islington/P2024/3588/ADV — 123 Farringdon Road, London, EC1M 3HE
2026-09-30 11:01:43 INFO LEAD new: [Conditions] Islington/P2024/3581/FUL — Institute of Physics, 2-8 Balfe Street & 35-45 Caledonian Ro
2026-09-30 11:01:43 INFO LEAD new: [Conditions] Islington/P2024/3589/S73 — 53 Clerkenwell Close, London, EC1R 0EA
2026-09-30 11:01:43 INFO LEAD new: [Conditions] Islington/P2024/3564/LBC — 15, Gerrard Road, London, N1 8AY
2026-09-30 11:01:43 INFO LEAD new: [Conditions] Islington/P2024/3568/FUL — 96 Yerbury Road, London, N19 4RS
2026-09-30 11:01:43 INFO LEAD new: [Conditions] Islington/P2024/3576/AOD — 10 - 14, Garrett Street, London, EC1Y 0TY
2026-09-30 11:01:43 INFO LEAD new: [Conditions] Islington/P2024/3575/AOD — 10 - 14, Garrett Street, London, EC1Y 0TY
2026-09-30 11:01:43 INFO LEAD new: [Conditions] Islington/P2024/3562/FUL — 1 Holbrook Close, London, N19 5HH
2026-09-30 11:01:43 INFO LEAD new: [Conditions] Islington/P2024/3574/AOD — 10 - 14, Garrett Street, London, EC1Y 0TY
2026-09-30 11:01:43 INFO LEAD new: [Conditions] Islington/P2024/3573/FUL — 6 Waterlow Road, London
2026-09-30 11:01:43 INFO LEAD new: [Conditions] Islington/P2024/3566/ADV — Unit FC01, 3 Paragon Square, London, WC1X 0EW
2026-09-30 11:01:43 INFO LEAD new: [Conditions] Islington/P2024/3571/LBC — 53 Clerkenwell Close, London, EC1R 0EA
2026-09-30 11:01:43 INFO LEAD new: [Conditions] Islington/P2024/3558/FUL — Royal Oak Public House, 250 St John's Way, London N19 3RJ
2026-09-30 11:01:43 INFO LEAD new: [Conditions] Islington/P2024/3554/COL — 96 Yerbury Road, London, N19 4RS
2026-09-30 11:01:43 INFO LEAD new: [Conditions] Islington/P2024/3563/AOD — Crest Buildings, 37 Wharf Road, London, N1 7GY
2026-09-30 11:01:43 INFO LEAD new: [Conditions] Islington/P2024/3547/ADV — Unit A and B, 27 North Road, London, N7 9GF
2026-09-30 11:01:43 INFO LEAD new: [Conditions] Islington/P2024/3559/FUL — Royal Oak Public House, 250 St John's Way, London, N19 3RJ
2026-09-30 11:01:43 INFO LEAD new: [Conditions] Islington/P2024/3532/FUL — Craft Council Gallery, 44A Pentonville Road, London N1 9HJ
2026-09-30 11:01:43 INFO LEAD new: [Conditions] Islington/P2024/3537/FUL — 12 St Jude Street, London, N16 8JT
2026-09-30 11:01:43 INFO LEAD new: [Conditions] Islington/P2024/3545/FUL — 9 Oakley Road, London N1 3LL
2026-09-30 11:01:43 INFO LEAD new: [Conditions] Islington/P2024/3539/FUL — St John's C of E Primary School, Highbury Vale, 26 Conewood 
2026-09-30 11:01:43 INFO LEAD new: [Conditions] Islington/P2024/3503/OBS — 1 Undershaft, London, EC3A 8EE
2026-09-30 11:01:43 INFO LEAD new: [Conditions] Islington/P2024/3533/LBC — Craft Council Gallery, 44A Pentonville Road, London N1 9HJ
2026-09-30 11:01:43 INFO LEAD new: [Conditions] Islington/P2024/3519/FUL — Unit R7, 35 Parkfield Street, London, N1 0PS
2026-09-30 11:01:43 INFO LEAD new: [Conditions] Islington/P2024/3517/LBC — 68 Brooksby Street, London, N1 1HA
2026-09-30 11:01:43 INFO LEAD new: [Conditions] Islington/P2024/3524/FUL — 96-98 Blackstock Road, London N4 2DR
2026-09-30 11:01:43 INFO LEAD new: [Conditions] Islington/P2024/3531/LBC — 375 Liverpool Road, London, N1 1NL
2026-09-30 11:01:43 INFO LEAD new: [Conditions] Islington/P2024/3528/COL — 25 Bovingdon Close, London, N19 5SN
2026-09-30 11:01:43 INFO LEAD new: [Conditions] Islington/P2024/3525/FUL — 42 Aberdeen Park, Flat B, London, N5 2BL
2026-09-30 11:01:43 INFO LEAD new: [Conditions] Islington/P2024/3530/FUL — 375 Liverpool Road, London, N1 1NL
2026-09-30 11:01:43 INFO LEAD new: [Conditions] Islington/P2024/3510/FUL — Ground Floor Flat, 151 Grosvenor Avenue, London, N5 2NH
2026-09-30 11:01:43 INFO LEAD new: [Conditions] Islington/P2024/3527/FUL — 24 and 26 Wyatt Road, London, N5 2JU
2026-09-30 11:01:43 INFO LEAD new: [Conditions] Islington/P2024/3512/FUL — 24 Marriott Road, London, N4 3QL
2026-09-30 11:01:43 INFO LEAD new: [Conditions] Islington/P2024/3498/FUL — Flat 1, 93 Stroud Green Road, London, N4 3PX
2026-09-30 11:01:43 INFO LEAD new: [Conditions] Islington/P2024/3514/LBC — 25 St John’s Gate, 27 St John’s Square and 26 St John’s Lane
2026-09-30 11:01:43 INFO LEAD new: [Conditions] Islington/P2024/3500/FUL — 4 Horsell Road, London, N5 1XR
2026-09-30 11:01:43 INFO LEAD new: [Conditions] Islington/P2024/3505/COL — 576 Caledonian Road, London, N7 9SD
2026-09-30 11:01:43 INFO LEAD new: [Conditions] Islington/P2024/3483/FUL — 3 Rawstorne Street, London
2026-09-30 11:01:43 INFO LEAD new: [Conditions] Islington/P2024/3495/FUL — Flat A, 54 Highbury Hill, London, N5 1AP
2026-09-30 11:01:43 INFO LEAD new: [Conditions] Islington/P2024/3508/FUL — 68 Evershot Road, London N4 3BU
2026-09-30 11:01:43 INFO LEAD new: [Conditions] Islington/P2024/3496/FUL — 17 Highbury Place, London N5 1QP
2026-09-30 11:01:43 INFO LEAD new: [Conditions] Islington/P2024/3511/FUL — 2 Baalbec Road, London, N5 1QN
2026-09-30 11:01:43 INFO LEAD new: [Conditions] Islington/P2024/3506/FUL — 77 Caledonian Road, London, N1 9BT
2026-09-30 11:01:43 INFO LEAD new: [Conditions] Islington/P2024/3497/LBC — 17 Highbury Place, London N5 1QP
2026-09-30 11:01:43 INFO LEAD new: [Conditions] Islington/P2024/3484/LBC — 3 Rawstorne Street, London
2026-09-30 11:01:43 INFO LEAD new: [Conditions] Islington/P2024/3476/LBC — 3 Keystone Crescent, London, N1 9DS
2026-09-30 11:01:43 INFO LEAD new: [Conditions] Islington/P2024/3475/FUL — 3 Keystone Crescent, London, N1 9DS
2026-09-30 11:01:43 INFO LEAD new: [Conditions] Islington/P2024/3486/FUL — 46 Coombe House, 5 Dalmeny Avenue, London, N7 0JX
2026-09-30 11:01:43 INFO LEAD new: [Conditions] Islington/P2024/3479/FUL — 4 Keystone Crescent, London, N1 9DS
2026-09-30 11:01:43 INFO LEAD new: [Conditions] Islington/P2024/3481/LBC — 4 Keystone Crescent, London, N1 9DS
2026-09-30 11:01:43 INFO LEAD new: [Conditions] Islington/P2024/3489/AOD — Land at York Way Estate, York Way, London, N7 9PX
2026-09-30 11:01:43 INFO LEAD new: [Conditions] Islington/P2024/3487/FUL — 15 St Paul Street, London, N1 7AH
2026-09-30 11:01:43 INFO LEAD new: [Conditions] Islington/P2024/3462/FUL — 1 Pilgrims Way, London, N19 3UU
2026-09-30 11:01:43 INFO LEAD new: [Conditions] Islington/P2024/3466/LBC — Whittington Stone Monument, Highgate Hill, London
2026-09-30 11:01:43 INFO LEAD new: [Conditions] Islington/P2024/3448/LBC — 8 Brooksby Street, London, N1 1HA
2026-09-30 11:01:43 INFO LEAD new: [Conditions] Islington/P2024/3452/FUL — St John's Mansions, 308 St John Street, London, EC1V 4NX
2026-09-30 11:01:43 INFO LEAD new: [Conditions] Islington/P2024/3457/LBC — 67, Cloudesley Road, London, N1 0EL
2026-09-30 11:01:43 INFO LEAD new: [Conditions] Islington/P2024/3432/COL — 46 Hamilton Park West, London, N5 1AB
2026-09-30 11:01:43 INFO LEAD new: [Conditions] Islington/P2024/3405/FUL — 84 Thorpedale Road, London, N4 3BW
2026-09-30 11:01:43 INFO LEAD new: [Conditions] Islington/P2024/3438/FUL — 1, Islington High Street, London
2026-09-30 11:01:43 INFO LEAD new: [Conditions] Islington/P2024/3433/FUL — 21 Matilda Street, London, N1 0LA
2026-09-30 11:01:43 INFO LEAD new: [Conditions] Islington/P2024/3440/COL — 63 Aberdeen Road, London, N5 2XB
2026-09-30 11:01:43 INFO LEAD new: [Conditions] Islington/P2024/3436/AOD — The Stables, 55 Balfe Street, London N1 9FB
2026-09-30 11:01:43 INFO LEAD new: [Conditions] Islington/P2024/3439/LBC — 1, Islington High Street, London
2026-09-30 11:01:43 INFO LEAD new: [Conditions] Islington/P2024/3434/LBC — 21 Matilda Street, London, N1 0LA
2026-09-30 11:01:43 INFO LEAD new: [Conditions] Islington/P2024/3414/FUL — 372-390, St John Street, London, EC1V 4NN
2026-09-30 11:01:43 INFO LEAD new: [Conditions] Islington/P2024/3427/LBC — 372-390, St John Street, London, EC1V 4NN
2026-09-30 11:01:43 INFO LEAD new: [Conditions] Islington/P2024/3445/FUL — 499 Caledonian Road, London N7 9RN
2026-09-30 11:01:43 INFO LEAD new: [Conditions] Islington/P2024/3408/ADV — 1, Oliver's Yard, London
2026-09-30 11:01:43 INFO LEAD new: [Conditions] Islington/P2024/3396/FUL — 1 Baker's Row, London, EC1R 3DB
2026-09-30 11:01:43 INFO LEAD new: [Conditions] Islington/P2024/3428/FUL — 8-12, Wyndham Crescent, Islington, London, N19 5QJ
2026-09-30 11:01:43 INFO LEAD new: [Conditions] Islington/P2024/3407/LBC — 18 - 21, Flat 7, Wilmington Square, London, WC1X 0ER
2026-09-30 11:01:43 INFO LEAD new: [Conditions] Islington/P2024/3394/FUL — 141 Southgate Road, London, N1 3JZ
2026-09-30 11:01:43 INFO LEAD new: [Conditions] Islington/P2024/3382/FUL — 30 Hungerford Road, London N7 9LX
2026-09-30 11:01:43 INFO LEAD new: [Conditions] Islington/P2024/3387/LBC — 42, Wilton Square, London, N1 3DW
2026-09-30 11:01:43 INFO LEAD new: [Conditions] Islington/P2024/3383/FUL — Pavement Outside 60-70 Parkhurst Road, London, N7 0FF
2026-09-30 11:01:43 INFO LEAD new: [Conditions] Islington/P2024/3388/AOD — 466 Hornsey Road, London, N19 4EE
2026-09-30 11:01:43 INFO LEAD new: [Conditions] Islington/P2024/3378/PRA — 5 - 17, St Albans Place, Islington, London, N1 0NX
2026-09-30 11:01:43 INFO LEAD new: [Conditions] Islington/P2024/3380/FUL — Harvist Under Fives, Hornsey Road, London, N7 7NN
2026-09-30 11:01:43 INFO LEAD new: [Conditions] Islington/P2024/3379/FUL — 12 Miranda Road, London
2026-09-30 11:01:43 INFO LEAD new: [Conditions] Islington/P2024/3371/AOD — 10, Highbury Place, London, N5 1QZ
2026-09-30 11:01:43 INFO LEAD new: [Conditions] Islington/P2024/3404/FUL — Block A, Angel Gate, London
2026-09-30 11:01:43 INFO LEAD new: [Conditions] Islington/P2024/3402/ADV — 21 - 27 Tabernacle Street, London, EC2A 4DE
2026-09-30 11:01:43 INFO LEAD new: [Conditions] Islington/P2024/3403/FUL — Units 15-18, Angel Gate, London, EC1V 2PT
2026-09-30 11:01:43 INFO LEAD new: [Conditions] Islington/P2024/3401/FUL — Units 1-12, Angel Gate, London, EC1V 2PT
2026-09-30 11:01:43 INFO LEAD new: [Conditions] Islington/P2024/3397/FUL — 31 - 33 Holloway Road, London
2026-09-30 11:01:43 INFO LEAD new: [Conditions] Islington/P2024/3359/FUL — 2-4 Digswell Street / 3 Furlong Road, London, N7 8JX
2026-09-30 11:01:49 INFO [islington/Conditions] page at offset 3000: 100 records
2026-09-30 11:01:49 INFO LEAD new: [Conditions] Islington/P2024/3363/AOD — 123 Golden Lane, London, EC1Y 0TJ
2026-09-30 11:01:49 INFO LEAD new: [Conditions] Islington/P2024/3364/PRA — Floral Place, 7 Northampton Grove, London, N1 2PL
2026-09-30 11:01:49 INFO LEAD new: [Conditions] Islington/P2025/0315/FUL — The carriageway adjacent to 60 – 66 Tollington Road, London,
2026-09-30 11:01:49 INFO LEAD new: [Conditions] Islington/P2024/3356/FUL — 66A Jackson Road, London, N7 6EE
2026-09-30 11:01:49 INFO LEAD new: [Conditions] Islington/P2024/3354/FUL — Flat 3, 158 Junction Road, London, N19 5QQ
2026-09-30 11:01:49 INFO LEAD new: [Conditions] Islington/P2024/3501/AOD — 27 Gibson Square, London, N1 0RD
2026-09-30 11:01:49 INFO LEAD new: [Conditions] Islington/P2024/3334/ADV — Bus Shelter, Pavement Outside 90-92 Upper Street, London, N1
2026-09-30 11:01:49 INFO LEAD new: [Conditions] Islington/P2024/3321/OBS — 3 Blackstock Road , Hackney, London , N4 2JF
2026-09-30 11:01:49 INFO LEAD new: [Conditions] Islington/P2024/3332/ADV — Bus Shelter, Pavement Outside 470 Holloway Road, London, N7 
2026-09-30 11:01:49 INFO LEAD new: [Conditions] Islington/P2024/3333/ADV — Bus Shelter, Pavement Outside 338-346 Holloway Road, London,
2026-09-30 11:01:49 INFO LEAD new: [Conditions] Islington/P2024/3335/ADV — Bus Shelter, Pavement Opposite 301 City Road, London, EC1V 2
2026-09-30 11:01:49 INFO LEAD new: [Conditions] Islington/P2024/3322/S73 — 19 Archibald Road, London, N7 0AN
2026-09-30 11:01:49 INFO LEAD new: [Conditions] Islington/P2024/3341/AOD — 27 Gibson Square, London, N1 0RD
2026-09-30 11:01:49 INFO LEAD new: [Conditions] Islington/P2024/3338/AOD — 27 Gibson Square, London, N1 0RD
2026-09-30 11:01:49 INFO LEAD new: [Conditions] Islington/P2024/3330/AOD — 27 Gibson Square, London, N1 0RD
2026-09-30 11:01:49 INFO LEAD new: [Conditions] Islington/P2024/3339/AOD — 27 Gibson Square, London, N1 0RD
2026-09-30 11:01:49 INFO LEAD new: [Conditions] Islington/P2024/3331/ADV — Bus Shelter Pavement Outside Garston House Upper Street , Lo
2026-09-30 11:01:49 INFO LEAD new: [Conditions] Islington/P2024/3579/LBC — 39 St Peter's Street, London, N1 8JP
2026-09-30 11:01:49 INFO LEAD new: [Conditions] Islington/P2024/3336/ADV — Bus Shelter, Pavement Outside 184-186 Old Street, London, EC
2026-09-30 11:01:49 INFO LEAD new: [Conditions] Islington/P2024/3337/ADV — Bus Shelter, Pavement Outside 238 Upper Street, London, N1 1
2026-09-30 11:01:49 INFO LEAD new: [Conditions] Islington/P2024/3502/FUL — 39 St Peter's Street, London, N1 8JP
2026-09-30 11:01:49 INFO LEAD new: [Conditions] Islington/P2024/3318/LBC — 21 Gerrard Road, London, N1 8AY
2026-09-30 11:01:49 INFO LEAD new: [Conditions] Islington/P2024/3317/FUL — 21 Gerrard Road, London, N1 8AY
2026-09-30 11:01:49 INFO LEAD new: [Conditions] Islington/P2024/3314/AOD — 10 - 14, Garrett Street, London, EC1Y 0TY
2026-09-30 11:01:49 INFO LEAD new: [Conditions] Islington/P2024/3327/FUL — 1 Beresford Road, Tarland Lodge, London, N5 2HT
2026-09-30 11:01:49 INFO LEAD new: [Conditions] Islington/P2024/3319/FUL — 493a Caledonian Road, London, N7 9RN
2026-09-30 11:01:49 INFO LEAD new: [Conditions] Islington/P2024/3311/AOD — 10 - 14, Garrett Street, London, EC1Y 0TY
2026-09-30 11:01:49 INFO LEAD new: [Conditions] Islington/P2024/3312/FUL — 21 Hornsey Rise Gardens, London
2026-09-30 11:01:49 INFO LEAD new: [Conditions] Islington/P2024/3325/LBC — 15 Gibson Square, London, N1 0RD
2026-09-30 11:01:49 INFO LEAD new: [Conditions] Islington/P2024/3324/LBC — 10 Highbury Terrace, London, N5 1UP
2026-09-30 11:01:49 INFO LEAD new: [Conditions] Islington/P2024/3323/FUL — 10 Highbury Terrace, London, N5 1UP
2026-09-30 11:01:49 INFO LEAD new: [Conditions] Islington/P2024/3632/FUL — Unit 5, 3 Wedmore Street, London, N19 4RU
2026-09-30 11:01:49 INFO LEAD new: [Conditions] Islington/P2024/3316/FUL — Xchange Point, 22 Market Road, London, N7 9GS
2026-09-30 11:01:49 INFO LEAD new: [Conditions] Islington/P2024/3300/AOD — 4-10 North Road, London
2026-09-30 11:01:49 INFO LEAD new: [Conditions] Islington/P2024/3551/LBC — 24 Thornhill Square, London, N1 1BQ
2026-09-30 11:01:49 INFO LEAD new: [Conditions] Islington/P2024/3369/AOD — 4-10 North Road, London
2026-09-30 11:01:49 INFO LEAD new: [Conditions] Islington/P2024/3630/FUL — 11 Fairmead Road, London, N19 4DG
2026-09-30 11:01:49 INFO LEAD new: [Conditions] Islington/P2024/3471/FUL — 2 Tollington Place, London, N4 3QR
2026-09-30 11:01:49 INFO LEAD new: [Conditions] Islington/P2024/3550/FUL — 24 Thornhill Square, London, N1 1BQ
2026-09-30 11:01:49 INFO LEAD new: [Conditions] Islington/P2024/3305/AOD — 27 Gibson Square, London, N1 0RD
2026-09-30 11:01:49 INFO LEAD new: [Conditions] Islington/P2024/3295/S73 — Parkhurst Court, Warlters Road, London, N7 0SD
2026-09-30 11:01:49 INFO LEAD new: [Conditions] Islington/P2024/3467/FUL — 508 Hornsey Road, London, N19 3QW
2026-09-30 11:01:49 INFO LEAD new: [Conditions] Islington/P2024/3782/AOD — 79, Shepperton Road, London
2026-09-30 11:01:49 INFO LEAD new: [Conditions] Islington/P2024/3548/FUL — Arbuthnot House, 7-21 Wilson Street, London, EC2M 2SN
2026-09-30 11:01:49 INFO LEAD new: [Conditions] Islington/P2024/3781/ADV — Park Theatre, 11 Clifton Terrace, London, N4 3JP
2026-09-30 11:01:49 INFO LEAD new: [Conditions] Islington/P2024/3280/FUL — 97B Chapel Market, London, N1 9EY
2026-09-30 11:01:49 INFO LEAD new: [Conditions] Islington/P2024/3290/FUL — 2 Tolpuddle Street, Police Station, London, N1 0YY
2026-09-30 11:01:49 INFO LEAD new: [Conditions] Islington/P2024/3293/S73 — 108 - 109 Upper Street, London, N1 1QN
2026-09-30 11:01:50 INFO LEAD new: [Conditions] Islington/P2024/3287/FUL — Flat 3, 20 Thomas Langton House, Norman Street, London, EC1V
2026-09-30 11:01:50 INFO LEAD new: [Conditions] Islington/P2024/3294/AOD — 1 Prideaux Place, London, WC1X 9PR
2026-09-30 11:01:50 INFO LEAD new: [Conditions] Islington/P2024/3288/FUL — Territorial Army, Armoury House, City Road, London, EC1Y 2BQ
2026-09-30 11:01:50 INFO LEAD new: [Conditions] Islington/P2024/3284/FUL — 5, Flat C, Monnery Road, London, N19 5SA
2026-09-30 11:01:50 INFO LEAD new: [Conditions] Islington/P2024/3278/FUL — 213 Holloway Road, London N7 8DL
2026-09-30 11:01:50 INFO LEAD new: [Conditions] Islington/P2024/3273/NMA — 17 - 23 Beaumont Rise, London, N19 3AA
2026-09-30 11:01:50 INFO LEAD new: [Conditions] Islington/P2024/3493/FUL — 15 Canonbury Grove, London, N1 2HP
2026-09-30 11:01:50 INFO LEAD new: [Conditions] Islington/P2024/3272/LBC — 8 Tysoe Street, London, EC1R 4RQ
2026-09-30 11:01:50 INFO LEAD new: [Conditions] Islington/P2024/3270/FUL — 8 Tysoe Street, London, EC1R 4RQ
2026-09-30 11:01:50 INFO LEAD new: [Conditions] Islington/P2024/3269/LBC — Ground Floor, 8 Tysoe Street, London, EC1R 4RQ
2026-09-30 11:01:50 INFO LEAD new: [Conditions] Islington/P2024/3229/AOD — 1, Torrens Street, London, EC1V 1NQ
2026-09-30 11:01:50 INFO LEAD new: [Conditions] Islington/P2024/3249/AOD — 10 - 14, Garrett Street, London, EC1Y 0TY
2026-09-30 11:01:50 INFO LEAD new: [Conditions] Islington/P2024/3226/FUL — 511 Caledonian Road, London, N7 9RN
2026-09-30 11:01:50 INFO LEAD new: [Conditions] Islington/P2024/3254/FUL — 2 Calabria Road, London
2026-09-30 11:01:50 INFO LEAD new: [Conditions] Islington/P2024/3234/FUL — Land outside 153-155 Stroud Green Road, London, N4 3PZ
2026-09-30 11:01:50 INFO LEAD new: [Conditions] Islington/P2024/3235/ADV — Land outside 153-155 Stroud Green Road, London N4 3PZ
2026-09-30 11:01:50 INFO LEAD new: [Conditions] Islington/P2024/3238/FUL — Land Outside 320 Holloway Road, London, N7 6NJ
2026-09-30 11:01:50 INFO LEAD new: [Conditions] Islington/P2024/3239/ADV — Land Outside 320 Holloway Road, London, N7 6NJ
2026-09-30 11:01:50 INFO LEAD new: [Conditions] Islington/P2024/3233/ADV — Land Outside 510 Hornsey Road, London, N19 3QW
2026-09-30 11:01:50 INFO LEAD new: [Conditions] Islington/P2024/3256/FUL — Land Outside 3 Upper Street, London, N1 0PQ
2026-09-30 11:01:50 INFO LEAD new: [Conditions] Islington/P2024/3257/ADV — Land Outside 3 Upper Street, London, N1 0PQ
2026-09-30 11:01:50 INFO LEAD new: [Conditions] Islington/P2024/3253/FUL — 70 Newington Green Road, London, N1 4RN
2026-09-30 11:01:50 INFO LEAD new: [Conditions] Islington/P2024/3258/FUL — Land Outside 147 Essex Road, London, N1 2SN
2026-09-30 11:01:50 INFO LEAD new: [Conditions] Islington/P2024/3248/FUL — Land Outside 510 Hornsey Road, London, N19 3QW
2026-09-30 11:01:50 INFO LEAD new: [Conditions] Islington/P2024/3259/ADV — Land Outside 147 Essex Road, London, N1 2SN
2026-09-30 11:01:50 INFO LEAD new: [Conditions] Islington/P2024/3227/FUL — 21 Morton Road, London, N1 3BB
2026-09-30 11:01:50 INFO LEAD new: [Conditions] Islington/P2024/3225/FUL — Flats 21-26 Heddington Grove, London, N7 9SY
2026-09-30 11:01:50 INFO LEAD new: [Conditions] Islington/P2024/3252/AOD — 10 - 14, Garrett Street, London, EC1Y 0TY
2026-09-30 11:01:50 INFO LEAD new: [Conditions] Islington/P2024/3250/AOD — 10 - 14, Garrett Street, London, EC1Y 0TY
2026-09-30 11:01:50 INFO LEAD new: [Conditions] Islington/P2024/3214/FUL — The Whittington Hospital, Magdala Avenue, London
2026-09-30 11:01:50 INFO LEAD new: [Conditions] Islington/P2024/3215/FUL — 53 Britton Street, London, EC1M 5UQ
2026-09-30 11:01:50 INFO LEAD new: [Conditions] Islington/P2024/3246/FUL — Land Outside 222 Seven Sisters Road, London, N4 3NX
2026-09-30 11:01:50 INFO LEAD new: [Conditions] Islington/P2024/3237/ADV — Land Outside 222 Seven Sisters Road, London, N4 3NX
2026-09-30 11:01:50 INFO LEAD new: [Conditions] Islington/P2024/3190/S73 — 3 The Coach House, 108A Tollington Park, London, N4 3RB
2026-09-30 11:01:50 INFO LEAD new: [Conditions] Islington/P2024/3188/S73 — 2 Baalbec Road, London, N5 1QN
2026-09-30 11:01:50 INFO LEAD new: [Conditions] Islington/P2024/3193/FUL — 59 Axminster Road, London, N7 6BP
2026-09-30 11:01:50 INFO LEAD new: [Conditions] Islington/P2024/3185/LBC — 111 Mildmay Grove North, London
2026-09-30 11:01:50 INFO LEAD new: [Conditions] Islington/P2024/3204/FUL — Flat C, 74 Lady Margaret Road, London, N19 5ES
2026-09-30 11:01:50 INFO LEAD new: [Conditions] Islington/P2024/3265/PRA — 14A, Blackstock Mews, London, N4 2BT
2026-09-30 11:01:50 INFO LEAD new: [Conditions] Islington/P2024/3187/FUL — John Vane Science Centre, St Bartholomew's Hospital Medical 
2026-09-30 11:01:50 INFO LEAD new: [Conditions] Islington/P2024/3192/AOD — 75, Cafe Nero, Upper Street, London, N1 0NU
2026-09-30 11:01:50 INFO LEAD new: [Conditions] Islington/P2024/3207/FUL — 5 City North Place, London, N4 3FU
2026-09-30 11:01:50 INFO LEAD new: [Conditions] Islington/P2024/3203/LBC — 26 - 27, Flat 3, Cowcross Street, London, EC1M 6DQ
2026-09-30 11:01:50 INFO LEAD new: [Conditions] Islington/P2024/3208/FUL — Flat A, 7 Coleridge Road, London, N4 3NY
2026-09-30 11:01:50 INFO LEAD new: [Conditions] Islington/P2024/3206/FUL — 60 Ashley Road, London
2026-09-30 11:01:50 INFO LEAD new: [Conditions] Islington/P2024/3212/COL — 11, Trecastle Way, London, N7 0EL
2026-09-30 11:01:50 INFO LEAD new: [Conditions] Islington/P2024/3213/COL — 189 Highbury Quadrant, London, N5 2TE
2026-09-30 11:01:50 INFO LEAD new: [Conditions] Islington/P2024/3199/FUL — Flat 7, 10 New Wharf Road, London, N1 9RT
2026-09-30 11:01:50 INFO LEAD new: [Conditions] Islington/P2024/3166/ADV — Bus shelter, pavement outside 14-18 Old Street, London
2026-09-30 11:01:50 INFO LEAD new: [Conditions] Islington/P2024/3158/FUL — 8 Lidyard Road, London, N19 5NR
2026-09-30 11:01:50 INFO LEAD new: [Conditions] Islington/P2024/3162/ADV — Bus Shelter, Pavement outside 72 Essex Road, London N1 8LT
2026-09-30 11:01:50 INFO LEAD new: [Conditions] Islington/P2024/3164/ADV — Bus Shelter, Pavement Outside Olivers Yard, City Road, EC1Y 
2026-09-30 11:01:56 INFO [islington/Conditions] page at offset 3100: 100 records
2026-09-30 11:01:56 INFO LEAD new: [Conditions] Islington/P2024/3167/ADV — Bus Shelter, Pavement outside 216-218 Essex Road, London N1 
2026-09-30 11:01:56 INFO LEAD new: [Conditions] Islington/P2024/3163/ADV — Bus shelter opposite 122 CANTO COURT, Old Street, London, EC
2026-09-30 11:01:56 INFO LEAD new: [Conditions] Islington/P2024/3178/ADV — Bus shelter pavement outside 391, City Road, London
2026-09-30 11:01:56 INFO LEAD new: [Conditions] Islington/P2024/3157/FUL — 50 Penn Road, London, N7 9RE
2026-09-30 11:01:56 INFO LEAD new: [Conditions] Islington/P2024/3172/FUL — British Telecom Telephone Exchange, 15 Pine Grove, London N4
2026-09-30 11:01:56 INFO LEAD new: [Conditions] Islington/P2024/3210/FUL — 39 Thornhill Road, London, N1 1JS
2026-09-30 11:01:56 INFO LEAD new: [Conditions] Islington/P2024/3147/FUL — Flat 6, Amwell House, Cruikshank Street, London, WC1X 9HG
2026-09-30 11:01:56 INFO LEAD new: [Conditions] Islington/P2024/3205/FUL — 2 -7 Wyndham Crescent, London, N19 5QJ
2026-09-30 11:01:56 INFO LEAD new: [Conditions] Islington/P2024/3173/ADV — Bus shelter Opposite 112, Essex Road, London
2026-09-30 11:01:56 INFO LEAD new: [Conditions] Islington/P2024/3140/FUL — 50, Barnsbury Grove, London, N7 8BP
2026-09-30 11:01:56 INFO LEAD new: [Conditions] Islington/P2024/3145/FUL — 24 Tremlett Grove, London
2026-09-30 11:01:56 INFO LEAD new: [Conditions] Islington/P2024/3159/LBC — Flat First Floor South, 11 Highbury Place, London, N5 1QZ
2026-09-30 11:01:56 INFO LEAD new: [Conditions] Islington/P2024/3160/LBC — 7, Caledonian Road, London, N1 9DX
2026-09-30 11:01:56 INFO LEAD new: [Conditions] Islington/P2024/3161/ADV — Bus Shelter, Pavement outside 49-59 Old Street, London EC1V 
2026-09-30 11:01:56 INFO LEAD new: [Conditions] Islington/P2024/3141/FUL — 35 Dalmeny Road, London, N7 0DY
2026-09-30 11:01:56 INFO LEAD new: [Conditions] Islington/P2024/3144/FUL — Flat A, 95 Holloway Road, London, N7 8LT
2026-09-30 11:01:56 INFO LEAD new: [Conditions] Islington/P2024/3146/AOD — 50 - 56 Great Sutton Street, London, EC1V 0DE
2026-09-30 11:01:56 INFO LEAD new: [Conditions] Islington/P2024/3133/FUL — Ground Floor, 2 Ferntower Road, London, N5 2JG
2026-09-30 11:01:56 INFO LEAD new: [Conditions] Islington/P2024/3132/FUL — Flat C, 38 Riversdale Road, London, N5 2JT
2026-09-30 11:01:56 INFO LEAD new: [Conditions] Islington/P2024/3137/FUL — 48-52 Barnsbury Grove, London, N7 8BP
2026-09-30 11:01:56 INFO LEAD new: [Conditions] Islington/P2024/3126/FUL — 9 Battledean Road, London, N5 1UX
2026-09-30 11:01:56 INFO LEAD new: [Conditions] Islington/P2024/3130/FUL — The Drapers Arms, 44 Barnsbury Street, London, N1 1ER
2026-09-30 11:01:56 INFO LEAD new: [Conditions] Islington/P2024/3131/LBC — The Drapers Arms, 44 Barnsbury Street, London, N1 1ER
2026-09-30 11:01:56 INFO LEAD new: [Conditions] Islington/P2024/3134/FUL — 35 Ecclesbourne Road, London, N1 3AF
2026-09-30 11:01:56 INFO LEAD new: [Conditions] Islington/P2024/3124/FUL — 25 Allingham Street, London, N1 8NX
2026-09-30 11:01:56 INFO LEAD new: [Conditions] Islington/P2024/3129/LBC — 35, Wilmington Square, London, WC1X 0EG
2026-09-30 11:01:56 INFO LEAD new: [Conditions] Islington/P2024/3128/FUL — 35 Wilmington Square, London, WC1X 0EG
2026-09-30 11:01:56 INFO LEAD new: [Conditions] Islington/P2024/3107/AOD — 161, St Lukes Church, Old Street, London, EC1V 9NG
2026-09-30 11:01:56 INFO LEAD new: [Conditions] Islington/P2024/3115/AOD — 5-10 Brandon Road, London, N7 9AA
2026-09-30 11:01:56 INFO LEAD new: [Conditions] Islington/P2024/3120/FUL — Footway adjacent 284 - 288 Holloway Road, London, N7 6NP
2026-09-30 11:01:56 INFO LEAD new: [Conditions] Islington/P2024/3108/AOD — 1, Keighley Close, London, N7 9RT
2026-09-30 11:01:56 INFO LEAD new: [Conditions] Islington/P2024/3101/FUL — 4, St Philip's Way, London, N1 7AJ
2026-09-30 11:01:56 INFO LEAD new: [Conditions] Islington/P2024/3089/FUL — West Layton House, 48-50 St John Street, London, EC1M 4DG
2026-09-30 11:01:56 INFO LEAD new: [Conditions] Islington/P2024/3090/FUL — Flat A, 8 Pemberton Gardens, London, N19 5RU
2026-09-30 11:01:56 INFO LEAD new: [Conditions] Islington/P2024/3094/FUL — 2 Despard Road London N19 5NW
2026-09-30 11:01:56 INFO LEAD new: [Conditions] Islington/P2024/3100/AOD — 55, Canonbury Park South, London, N1 2JL
2026-09-30 11:01:56 INFO LEAD new: [Conditions] Islington/P2024/3099/AOD — 1, Sudeley Street, London, N1 8HP
2026-09-30 11:01:56 INFO LEAD new: [Conditions] Islington/P2024/3092/LBC — Ground Floor Flat, 62 Barnsbury Road, London, N1 0HD
2026-09-30 11:01:56 INFO LEAD new: [Conditions] Islington/P2024/3095/FUL — Archway Leisure Centre, Macdonald Road, London, N19 5DD
2026-09-30 11:01:56 INFO LEAD new: [Conditions] Islington/P2024/3081/LBC — 10 Rawstorne Street, London, EC1V 7NH
2026-09-30 11:01:56 INFO LEAD new: [Conditions] Islington/P2024/3083/FUL — Flat B, 7 Roseleigh Avenue, London, N5 1SP
2026-09-30 11:01:56 INFO LEAD new: [Conditions] Islington/P2024/3082/PRA — 218 Upper Street, Islington, London, N1 1RR
2026-09-30 11:01:56 INFO LEAD new: [Conditions] Islington/P2024/3368/FUL — 70 Newington Green Road, London, N1 4RN
2026-09-30 11:01:56 INFO LEAD new: [Conditions] Islington/P2024/3084/AOD — Flat A, 37 Wilmington Square, London, WC1X 0EG
2026-09-30 11:01:56 INFO LEAD new: [Conditions] Islington/P2024/3057/FUL — Holloway Fire Station, 264 Hornsey Road, London, N7 7QT
2026-09-30 11:01:56 INFO LEAD new: [Conditions] Islington/P2024/3066/COL — 2 Despard Road, London, N19 5NW
2026-09-30 11:01:56 INFO LEAD new: [Conditions] Islington/P2024/3064/FUL — 9 Hornsey Rise Gardens, London
2026-09-30 11:01:56 INFO LEAD new: [Conditions] Islington/P2024/3058/FUL — 47 Hornsey Rise Gardens, London
2026-09-30 11:01:56 INFO LEAD new: [Conditions] Islington/P2024/3056/PRA — 14 Junction Road, London, N19 5RQ
2026-09-30 11:01:56 INFO LEAD new: [Conditions] Islington/P2024/3049/FUL — 54 Hornsey Rise, London
2026-09-30 11:01:56 INFO LEAD new: [Conditions] Islington/P2024/3052/FUL — 73 Compton Street, London, EC1V 0BN
2026-09-30 11:01:56 INFO LEAD new: [Conditions] Islington/P2024/3054/FUL — Ground Floor Flat, 24 Whitehall Park, London, N19 3TN
2026-09-30 11:01:56 INFO LEAD new: [Conditions] Islington/P2024/3367/FUL — The Garden Flat, 24 Hartham Road, London, N7 9JG
2026-09-30 11:01:56 INFO LEAD new: [Conditions] Islington/P2024/3046/FUL — St Martin Of Tours Care Home, 4 Wilton Villas, London, N1 3D
2026-09-30 11:01:56 INFO LEAD new: [Conditions] Islington/P2024/3053/LBC — 73 Compton Street, London, EC1V 0BN
2026-09-30 11:01:56 INFO LEAD new: [Conditions] Islington/P2024/3044/ADV — 90 Hornsey Road, London, N7 7NN
2026-09-30 11:01:56 INFO LEAD new: [Conditions] Islington/P2024/3030/FUL — 28 Noel Road, London, N1 8HA
2026-09-30 11:01:56 INFO LEAD new: [Conditions] Islington/P2024/3037/COL — 40 Chatterton Road, London, N4 2DZ
2026-09-30 11:01:56 INFO LEAD new: [Conditions] Islington/P2024/3032/FUL — 40 Chatterton Road, London, N4 2DZ
2026-09-30 11:01:56 INFO LEAD new: [Conditions] Islington/P2024/3031/LBC — 28 Noel Road, London, N1 8HA
2026-09-30 11:01:56 INFO LEAD new: [Conditions] Islington/P2024/3077/LBC — 9, Ripplevale Grove, London, N1 1HS
2026-09-30 11:01:56 INFO LEAD new: [Conditions] Islington/P2024/3033/FUL — 398 Caledonian Road, London, N1 1DN
2026-09-30 11:01:56 INFO LEAD new: [Conditions] Islington/P2024/3025/AOD — Elthorne Estate: Sunken Play Pitch in between St John's Way 
2026-09-30 11:01:56 INFO LEAD new: [Conditions] Islington/P2024/3014/FUL — 175 Liverpool Road, London N1 0RF
2026-09-30 11:01:56 INFO LEAD new: [Conditions] Islington/P2024/3002/FUL — Delhi Outram Estate, Vibart Walk, London, N1
2026-09-30 11:01:56 INFO LEAD new: [Conditions] Islington/P2024/3017/FUL — 68 Brooksby Street, London, N1 1HA
2026-09-30 11:01:56 INFO LEAD new: [Conditions] Islington/P2024/3010/FUL — 21 Northolme Road, London, N5 2UZ
2026-09-30 11:01:56 INFO LEAD new: [Conditions] Islington/P2024/3012/FUL — 48 Hornsey Rise, London
2026-09-30 11:01:56 INFO LEAD new: [Conditions] Islington/P2024/3015/LBC — 175 Liverpool Road, London, N1 0RF
2026-09-30 11:01:56 INFO LEAD new: [Conditions] Islington/P2024/2991/COL — 4 Horsell Road, London, N5 1XR
2026-09-30 11:01:56 INFO LEAD new: [Conditions] Islington/P2024/3013/FUL — 65A Compton Street, London, EC1V 0BN
2026-09-30 11:01:56 INFO LEAD new: [Conditions] Islington/P2024/2990/FUL — 17 Belitha Villas, London, N1 1PE
2026-09-30 11:01:56 INFO LEAD new: [Conditions] Islington/P2024/2995/FUL — 20 Ronalds Road, London, N5 1XG
2026-09-30 11:01:56 INFO LEAD new: [Conditions] Islington/P2024/3020/FUL — 370 St John Street, London, EC1V 4NN
2026-09-30 11:01:56 INFO LEAD new: [Conditions] Islington/P2024/3000/LBC — 12A, Percy Circus, London, WC1X 9ES
2026-09-30 11:01:56 INFO LEAD new: [Conditions] Islington/P2024/3289/AOD — 9 - 13, Denmark House, Cowcross Street, London
2026-09-30 11:01:56 INFO LEAD new: [Conditions] Islington/P2024/2969/AOD — 282 - 284 St Paul's Road, London
2026-09-30 11:01:56 INFO LEAD new: [Conditions] Islington/P2024/2968/AOD — 124 - 128, Ball's Pond Road, London, N1 4AE
2026-09-30 11:01:56 INFO LEAD new: [Conditions] Islington/P2024/2976/AOD — Leroy House, 434-436 Essex Road, London, N1 3QP
2026-09-30 11:01:56 INFO LEAD new: [Conditions] Islington/P2024/2978/AOD — 50-56 Great Sutton Street EC1V 0DF & 9-11 Northburgh Street 
2026-09-30 11:01:56 INFO LEAD new: [Conditions] Islington/P2024/2979/AOD — Dixon Clark Court, Islington, London, N1 2UR
2026-09-30 11:01:56 INFO LEAD new: [Conditions] Islington/P2024/2971/FUL — Flat C, 7 Ashley Road, London, N19 3AD
2026-09-30 11:01:56 INFO LEAD new: [Conditions] Islington/P2024/2981/FUL — Flat A, 4 Aberdeen Road, London, N5 2UH
2026-09-30 11:01:56 INFO LEAD new: [Conditions] Islington/P2024/2973/FUL — 1 Elia Street, London, N1 8DE
2026-09-30 11:01:56 INFO LEAD new: [Conditions] Islington/P2024/2975/LBC — 78 Cloudesley Road, London, N1 0EB
2026-09-30 11:01:56 INFO LEAD new: [Conditions] Islington/P2024/3353/FUL — 78 Cloudesley Road, London, N1 0EB
2026-09-30 11:01:56 INFO LEAD new: [Conditions] Islington/P2024/2954/FUL — 33 Warrender Road, London
2026-09-30 11:01:56 INFO LEAD new: [Conditions] Islington/P2024/2965/ADV — Day Nursery, St Augustine's Church, 108 Highbury New Park, L
2026-09-30 11:01:56 INFO LEAD new: [Conditions] Islington/P2024/2964/FUL — 59 Leconfield Road, London, N5 2RZ
2026-09-30 11:01:56 INFO LEAD new: [Conditions] Islington/P2024/2953/FUL — 45 Holloway Road, London, N7 8JW
2026-09-30 11:01:56 INFO LEAD new: [Conditions] Islington/P2024/2951/FUL — 123 Farringdon Road, London, EC1R 3DA
2026-09-30 11:01:56 INFO LEAD new: [Conditions] Islington/P2024/2957/FUL — 7 Newington Barrow Way, London, N7 7EP
2026-09-30 11:01:56 INFO LEAD new: [Conditions] Islington/P2024/2948/COL — 14 Cardozo Road, London, N7 9RL
2026-09-30 11:01:56 INFO LEAD new: [Conditions] Islington/P2024/2938/LBC — 34, Flat B, Cloudesley Street, London, N1 0HX
2026-09-30 11:01:56 INFO LEAD new: [Conditions] Islington/P2024/2960/S73 — 14 Cardozo Road, London, N7 9RL
2026-09-30 11:01:56 INFO LEAD new: [Conditions] Islington/P2024/2941/FUL — 15 Hornsey Rise Gardens, London
2026-09-30 11:01:56 INFO LEAD new: [Conditions] Islington/P2024/2956/PRA — 31 Newington Green, London N16 9PU
2026-09-30 11:01:56 INFO LEAD new: [Conditions] Islington/P2024/2899/FUL — 17 Miranda Road, London
2026-09-30 11:01:56 INFO LEAD new: [Conditions] Islington/P2024/2942/FUL — 4 Hornsey Rise Gardens, London
2026-09-30 11:01:56 INFO LEAD new: [Conditions] Islington/P2024/2933/LBC — 23A Claremont Square, London, N1 9LX
2026-09-30 11:02:03 INFO [islington/Conditions] page at offset 3200: 100 records
2026-09-30 11:02:03 INFO LEAD new: [Conditions] Islington/P2024/2934/FUL — 44 Carleton Road, London, N7 0EP
2026-09-30 11:02:03 INFO LEAD new: [Conditions] Islington/P2024/2931/FUL — 37 Dresden Road, London, N19 3BE
2026-09-30 11:02:03 INFO LEAD new: [Conditions] Islington/P2024/2927/AOD — 161, St Lukes Church, Old Street, London, EC1V 9NG
2026-09-30 11:02:03 INFO LEAD new: [Conditions] Islington/P2024/2930/AOD — Land Rear Of 28 Amwell Street, Amwell Street, London
2026-09-30 11:02:03 INFO LEAD new: [Conditions] Islington/P2024/2919/FUL — 6 Miranda Road, London
2026-09-30 11:02:03 INFO LEAD new: [Conditions] Islington/P2024/2922/FUL — Flat A, 8 Ashley Road, London, N19 3AE
2026-09-30 11:02:03 INFO LEAD new: [Conditions] Islington/P2024/2928/AOD — Unit C, Athelstane Mews, London
2026-09-30 11:02:03 INFO LEAD new: [Conditions] Islington/P2024/2925/FUL — 59 Carleton Road, London, N7 0ET
2026-09-30 11:02:03 INFO LEAD new: [Conditions] Islington/P2024/2908/FUL — Unit 4, Roman Way Industrial Estate, 149 Roman Way, London, 
2026-09-30 11:02:03 INFO LEAD new: [Conditions] Islington/P2024/2915/AOD — 249, Hungerford Primary School, Hungerford Road, London, N7 
2026-09-30 11:02:03 INFO LEAD new: [Conditions] Islington/P2024/2917/FUL — 21 Kingsdown Road, London, N19 4LD
2026-09-30 11:02:03 INFO LEAD new: [Conditions] Islington/P2024/2909/AOD — Leroy House, 434-436 Essex Road, London, N1 3QP
2026-09-30 11:02:03 INFO LEAD new: [Conditions] Islington/P2024/2910/COL — 78 Tufnell Park Road, London, N7 0DT
2026-09-30 11:02:03 INFO LEAD new: [Conditions] Islington/P2024/2893/FUL — 185 Farringdon Road, London
2026-09-30 11:02:03 INFO LEAD new: [Conditions] Islington/P2024/2896/FUL — 42 Wray Crescent, Basement Flat, London, N4 3LP
2026-09-30 11:02:03 INFO LEAD new: [Conditions] Islington/P2024/2900/FUL — 170 Caledonian Road, London, N1 0SQ
2026-09-30 11:02:03 INFO LEAD new: [Conditions] Islington/P2024/2905/FUL — 54 Arthur Road, London, N7 6DR
2026-09-30 11:02:03 INFO LEAD new: [Conditions] Islington/P2024/2902/FUL — 154-156 Holloway Road, London, N7 8DD
2026-09-30 11:02:03 INFO LEAD new: [Conditions] Islington/P2024/2904/AOD — 249, Hungerford Primary School, Hungerford Road, London, N7 
2026-09-30 11:02:03 INFO LEAD new: [Conditions] Islington/P2024/2903/ADV — 154 -156 Holloway Road, London, N7 8DD
2026-09-30 11:02:03 INFO LEAD new: [Conditions] Islington/P2024/2895/FUL — 42 Wray Crescent, Second floor flat, London, N4 3LP
2026-09-30 11:02:03 INFO LEAD new: [Conditions] Islington/P2024/2894/FUL — Flat A, 49 Loraine Road, London, N7 6HB
2026-09-30 11:02:03 INFO LEAD new: [Conditions] Islington/P2024/2886/FUL — Cnm College Of Naturopathic Medicine, 25 Percy Circus, Londo
2026-09-30 11:02:03 INFO LEAD new: [Conditions] Islington/P2024/2882/LBC — 370 St John Street, London, EC1V 4NN
2026-09-30 11:02:03 INFO LEAD new: [Conditions] Islington/P2024/2881/LBC — 22 Myddelton Square, London, EC1R 1YE
2026-09-30 11:02:03 INFO LEAD new: [Conditions] Islington/P2024/2890/ADV — Basement And Ground Floor, 147 - 148 Upper Street, London, N
2026-09-30 11:02:03 INFO LEAD new: [Conditions] Islington/P2024/2880/FUL — 22 Myddelton Square, London, EC1R 1YE
2026-09-30 11:02:03 INFO LEAD new: [Conditions] Islington/P2024/2877/FUL — 2 Hanbury Mews, London, N1 7DW
2026-09-30 11:02:03 INFO LEAD new: [Conditions] Islington/P2024/2885/LBC — Gracepoint, 161 - 169 Essex Road, London, N1 2SN
2026-09-30 11:02:03 INFO LEAD new: [Conditions] Islington/P2024/2872/FUL — 48 Ripplevale Grove, London, N1 1HT
2026-09-30 11:02:03 INFO LEAD new: [Conditions] Islington/P2024/2884/FUL — Gracepoint, 161 - 169 Essex Road, London, N1 2SN
2026-09-30 11:02:03 INFO LEAD new: [Conditions] Islington/P2024/2876/FUL — Rosebery Hall, 90 Rosebery Avenue, London, EC1R 4TY
2026-09-30 11:02:03 INFO LEAD new: [Conditions] Islington/P2024/2873/FUL — 17 Roseleigh Avenue, London, N5 1SP
2026-09-30 11:02:03 INFO LEAD new: [Conditions] Islington/P2024/2869/LBC — Tunbridge & Wells Houses, Spa Green Estate, St John's Street
2026-09-30 11:02:03 INFO LEAD new: [Conditions] Islington/P2024/2862/FUL — 15 Corbyn Street, London, N4 3BY
2026-09-30 11:02:03 INFO LEAD new: [Conditions] Islington/P2024/2871/LBC — 9, Ripplevale Grove, London, N1 1HS
2026-09-30 11:02:03 INFO LEAD new: [Conditions] Islington/P2024/2868/FUL — Tunbridge & Wells Houses, Spa Green Estate, St John's Street
2026-09-30 11:02:03 INFO LEAD new: [Conditions] Islington/P2024/2857/FUL — 9 Brayfield Terrace, London, N1 1HZ
2026-09-30 11:02:03 INFO LEAD new: [Conditions] Islington/P2024/2863/FUL — 61 Noel Road, London, N1 8HE
2026-09-30 11:02:03 INFO LEAD new: [Conditions] Islington/P2024/2851/FUL — Flat B, 9 Penn Road, London, N7 9RD
2026-09-30 11:02:03 INFO LEAD new: [Conditions] Islington/P2024/2852/FUL — 35 Battledean Road, London, N5 1UX
2026-09-30 11:02:03 INFO LEAD new: [Conditions] Islington/P2024/2861/FUL — 16 Whitehall Park, London, N19 3TL
2026-09-30 11:02:03 INFO LEAD new: [Conditions] Islington/P2024/2859/LBC — 429, Liverpool Road, London, N7 8PR
2026-09-30 11:02:03 INFO LEAD new: [Conditions] Islington/P2024/2854/FUL — 1 Quick Street, London, N1 8HL
2026-09-30 11:02:03 INFO LEAD new: [Conditions] Islington/P2024/2888/AOD — 38 Finsbury Square, London, EC2A 1PX
2026-09-30 11:02:03 INFO LEAD new: [Conditions] Islington/P2024/2840/ADV — 8 Caledonian Road, London N1 9DU
2026-09-30 11:02:03 INFO LEAD new: [Conditions] Islington/P2024/2845/FUL — Islington Fire Station, 278 Upper Street, London, N1 2TZ
2026-09-30 11:02:03 INFO LEAD new: [Conditions] Islington/P2024/2839/FUL — 8 Caledonian Road, London N1 9DU
2026-09-30 11:02:03 INFO LEAD new: [Conditions] Islington/P2024/2844/FUL — 41 Balfour Road, London, N5 2HD
2026-09-30 11:02:03 INFO LEAD new: [Conditions] Islington/P2024/2843/FUL — 46 Ripplevale Grove, London, N1 1HT
2026-09-30 11:02:03 INFO LEAD new: [Conditions] Islington/P2024/2838/FUL — 20 Cruikshank Street, London, WC1X 9HF
2026-09-30 11:02:03 INFO LEAD new: [Conditions] Islington/P2024/2835/PRA — 592, Holloway Road, London, N7 6LB
2026-09-30 11:02:03 INFO LEAD new: [Conditions] Islington/P2024/2831/ADV — 175 - 177 Holloway Road, London, N7 8LX
2026-09-30 11:02:03 INFO LEAD new: [Conditions] Islington/P2024/2833/AOD — 186 City Road, London, EC1V 2NT
2026-09-30 11:02:03 INFO LEAD new: [Conditions] Islington/P2024/2815/FUL — 76 Plimsoll Road, London, N4 2EE
2026-09-30 11:02:03 INFO LEAD new: [Conditions] Islington/P2024/2827/AOD — 25 Clerkenwell Close, London, EC1R 0AT
2026-09-30 11:02:03 INFO LEAD new: [Conditions] Islington/P2024/2814/FUL — 11 Compton Avenue, London, N1 2XD
2026-09-30 11:02:03 INFO LEAD new: [Conditions] Islington/P2024/2806/ADV — Ground Floor, 177 Junction Road, London, N19 5QA
2026-09-30 11:02:03 INFO LEAD new: [Conditions] Islington/P2024/2805/ADV — 1 Dallington Street, London, EC1V 0BH
2026-09-30 11:02:03 INFO LEAD new: [Conditions] Islington/P2024/2801/FUL — 133 Graham Street, London, N1 8LB
2026-09-30 11:02:03 INFO LEAD new: [Conditions] Islington/P2024/2818/AOD — 32, Florin Court, 6 - 9 Charterhouse Square, London, EC1M 6E
2026-09-30 11:02:03 INFO LEAD new: [Conditions] Islington/P2024/2813/LBC — 3 St Paul's Place, London, N1 2QD
2026-09-30 11:02:03 INFO LEAD new: [Conditions] Islington/P2024/2800/ADV — Lung Foundation House, 73-75 Goswell Road, London, EC1V 7ER
2026-09-30 11:02:03 INFO LEAD new: [Conditions] Islington/P2024/2799/FUL — 27 Richmond Crescent, London
2026-09-30 11:02:03 INFO LEAD new: [Conditions] Islington/P2024/2798/FUL — 10-69 Theseus Walk, Islington, London, N1 8DS
2026-09-30 11:02:03 INFO LEAD new: [Conditions] Islington/P2024/2790/FUL — 7 Claremont Square, London, N1 9LY
2026-09-30 11:02:03 INFO LEAD new: [Conditions] Islington/P2024/2791/LBC — 7 Claremont Square, London, N1 9LY
2026-09-30 11:02:03 INFO LEAD new: [Conditions] Islington/P2024/2782/FUL — 73 Mayton Street, London, N7 6QP
2026-09-30 11:02:03 INFO LEAD new: [Conditions] Islington/P2024/2785/ADV — Farrow & Ball Ltd, ground floor 38 Cross Street, London, N1 
2026-09-30 11:02:03 INFO LEAD new: [Conditions] Islington/P2024/2787/AOD — 10 Yerbury Road, London, N19 4RL
2026-09-30 11:02:03 INFO LEAD new: [Conditions] Islington/P2024/2778/COL — 2 Sans Walk, London, EC1R 0AF
2026-09-30 11:02:03 INFO LEAD new: [Conditions] Islington/P2024/2775/FUL — 6 Grange Grove, London, N1 2NP
2026-09-30 11:02:03 INFO LEAD new: [Conditions] Islington/P2024/2774/FUL — 39 Thornhill Road, London, N1 1JS
2026-09-30 11:02:03 INFO LEAD new: [Conditions] Islington/P2024/2780/AOD — 35 Hugo Road, London, N19 5EU
2026-09-30 11:02:03 INFO LEAD new: [Conditions] Islington/P2024/2764/FUL — 29 Lidyard Road, London, N19 5NR
2026-09-30 11:02:03 INFO LEAD new: [Conditions] Islington/P2024/2765/FUL — 56 Richmond Avenue, London, N1 0NA
2026-09-30 11:02:03 INFO LEAD new: [Conditions] Islington/P2024/2766/LBC — 56 Richmond Avenue, London, N1 0NA
2026-09-30 11:02:03 INFO LEAD new: [Conditions] Islington/P2024/2757/LBC — 46, Flat A, Thornhill Square, London, N1 1BE
2026-09-30 11:02:03 INFO LEAD new: [Conditions] Islington/P2024/2769/FUL — 47 Plimsoll Road, London, N4 2EN
2026-09-30 11:02:03 INFO LEAD new: [Conditions] Islington/P2024/2770/FUL — 175 - 177 Holloway Road, London, N7 8LX
2026-09-30 11:02:03 INFO LEAD new: [Conditions] Islington/P2024/2767/FUL — 29 Blundell Street, London, N7 9BU
2026-09-30 11:02:03 INFO LEAD new: [Conditions] Islington/P2024/2768/LBC — Flat C, 9 Canonbury Lane, London, N1 2AS
2026-09-30 11:02:03 INFO LEAD new: [Conditions] Islington/P2024/2749/ADV — 1 Cowcross Street, London, EC1M 6DR
2026-09-30 11:02:03 INFO LEAD new: [Conditions] Islington/P2024/2758/PRA — 18-20 Tileyard Road, London, N7 9AH
2026-09-30 11:02:03 INFO LEAD new: [Conditions] Islington/P2024/2750/ADV — 6 - 9, The Arch Company Properties Limited, The Arsenal Shop
2026-09-30 11:02:03 INFO LEAD new: [Conditions] Islington/P2024/2752/FUL — Pavement outside 29-31 Essex Road, London, N1 2SA
2026-09-30 11:02:03 INFO LEAD new: [Conditions] Islington/P2024/2748/FUL — 1 Cowcross Street, London, EC1M 6DR
2026-09-30 11:02:03 INFO LEAD new: [Conditions] Islington/P2024/2753/ADV — Pavement outside 29-31 Essex Road, London, N1 2SA
2026-09-30 11:02:03 INFO LEAD new: [Conditions] Islington/P2024/2722/S73 — 5 Riversdale Road, London, N5 2SS
2026-09-30 11:02:03 INFO LEAD new: [Conditions] Islington/P2024/2741/AOD — 1 Torrens Street, London, EC1V 1NY
2026-09-30 11:02:03 INFO LEAD new: [Conditions] Islington/P2024/2737/FUL — First Floor Flat, 10 Mildmay Grove South, London, N1 4RL
2026-09-30 11:02:03 INFO LEAD new: [Conditions] Islington/P2024/2742/AOD — 2A Tavistock Terrace, London N19 4DB
2026-09-30 11:02:03 INFO LEAD new: [Conditions] Islington/P2024/2736/S73 — 49 Hamilton Park West, London, N5 1AE
2026-09-30 11:02:03 INFO LEAD new: [Conditions] Islington/P2024/2730/FUL — 22-24 Cowper Street, London, EC2A 4AP
2026-09-30 11:02:03 INFO LEAD new: [Conditions] Islington/P2024/2732/FUL — 17 Tabley Road, London, N7 0NA
2026-09-30 11:02:03 INFO LEAD new: [Conditions] Islington/P2024/2719/LBC — 7 Alwyne Villas, London, N1 2HG
2026-09-30 11:02:03 INFO LEAD new: [Conditions] Islington/P2024/2725/FUL — 40 Oakley Road, London, N1 3LS
2026-09-30 11:02:03 INFO LEAD new: [Conditions] Islington/P2024/2716/FUL — London Metropolitan University, 166 - 220 Holloway Road, Lon
2026-09-30 11:02:03 INFO LEAD new: [Conditions] Islington/P2024/2718/FUL — 7 Alwyne Villas, London, N1 2HG
2026-09-30 11:02:03 INFO LEAD new: [Conditions] Islington/P2024/2715/AOD — 18, Furlong Road, London, N7 8LS
2026-09-30 11:02:10 INFO [islington/Conditions] page at offset 3300: 100 records
2026-09-30 11:02:10 INFO LEAD new: [Conditions] Islington/P2024/2723/COL — 61 Ferntower Road, London, N5 2JE
2026-09-30 11:02:10 INFO LEAD new: [Conditions] Islington/P2024/2714/AOD — 3 Ardilaun Road, London, N5 2QR
2026-09-30 11:02:10 INFO LEAD new: [Conditions] Islington/P2024/2731/AOD — 251, The Bridge School Primary Department, Hungerford Road, 
2026-09-30 11:02:10 INFO LEAD new: [Conditions] Islington/P2024/2710/FUL — 74 Aberdeen Road, London, N5 2XB
2026-09-30 11:02:10 INFO LEAD new: [Conditions] Islington/P2024/2708/FUL — 8 Prior Bolton Street, London, N1 2NX
2026-09-30 11:02:10 INFO LEAD new: [Conditions] Islington/P2024/2711/FUL — 55 Leconfield Road, London, N5 2RZ
2026-09-30 11:02:10 INFO LEAD new: [Conditions] Islington/P2024/2707/NMA — 3 Wyatt Road, London, N5 2JU
2026-09-30 11:02:10 INFO LEAD new: [Conditions] Islington/P2024/2712/FUL — Flat 4, 40 Anson Road, London, N7 0AB
2026-09-30 11:02:10 INFO LEAD new: [Conditions] Islington/P2024/2762/AOD — 186 City Road, London
2026-09-30 11:02:10 INFO LEAD new: [Conditions] Islington/P2024/2694/PRA — 25B and 29 Corsica Street, Islington, London, N5 1JT
2026-09-30 11:02:10 INFO LEAD new: [Conditions] Islington/P2024/2698/FUL — 52 Barnsbury Grove, London, N7 8BP
2026-09-30 11:02:10 INFO LEAD new: [Conditions] Islington/P2024/2689/FUL — 50 Hornsey Rise, London
2026-09-30 11:02:10 INFO LEAD new: [Conditions] Islington/P2024/2688/AOD — Sunday School, Compton Avenue, London, N1 2XD
2026-09-30 11:02:10 INFO LEAD new: [Conditions] Islington/P2024/2692/AOD — Canonbury House, Canonbury Place, London, N1 2NQ
2026-09-30 11:02:10 INFO LEAD new: [Conditions] Islington/P2024/2685/FUL — 9 Coleman Fields, London, N1 7AG
2026-09-30 11:02:10 INFO LEAD new: [Conditions] Islington/P2024/2682/COL — 14 Market Road, London, N7 9PW
2026-09-30 11:02:10 INFO LEAD new: [Conditions] Islington/P2024/2674/LBC — 19 Tufnell Park Road, London, N7 0PG
2026-09-30 11:02:10 INFO LEAD new: [Conditions] Islington/P2024/2683/COL — 25 Mitford Road, London, N19 4HJ
2026-09-30 11:02:10 INFO LEAD new: [Conditions] Islington/P2024/2665/FUL — 17 Wharfdale Road, London, N1 9SB
2026-09-30 11:02:10 INFO LEAD new: [Conditions] Islington/P2024/2681/ADV — Lionel Denny House, 23 Goswell Road, London, EC1M 7AJ
2026-09-30 11:02:10 INFO LEAD new: [Conditions] Islington/P2024/2684/FUL — Lung Foundation House, 73-75 Goswell Road, London, EC1V 7ER
2026-09-30 11:02:10 INFO LEAD new: [Conditions] Islington/P2024/2675/FUL — Apartment 9, 66 Pentonville Road, London, N1 9PR
2026-09-30 11:02:10 INFO LEAD new: [Conditions] Islington/P2024/2657/FUL — 15 St George's Avenue, London, N7 0HB
2026-09-30 11:02:10 INFO LEAD new: [Conditions] Islington/P2024/2663/FUL — 36 Claremont Square, London
2026-09-30 11:02:10 INFO LEAD new: [Conditions] Islington/P2024/2664/LBC — 36 Claremont Square, London
2026-09-30 11:02:10 INFO LEAD new: [Conditions] Islington/P2024/2639/FUL — 18 St John's Villas, London, N19 3EG
2026-09-30 11:02:10 INFO LEAD new: [Conditions] Islington/P2024/2642/FUL — 31 Paramount Building, 212 St John Street, London, EC1V 4JY
2026-09-30 11:02:10 INFO LEAD new: [Conditions] Islington/P2024/2655/FUL — 135 - 137 Cloudesley Road, London, N1 0EN
2026-09-30 11:02:10 INFO LEAD new: [Conditions] Islington/P2024/2636/COL — 51 Poets Road, London N5 2SH
2026-09-30 11:02:10 INFO LEAD new: [Conditions] Islington/P2024/2638/FUL — 51 Poets Road, London, N5 2SH
2026-09-30 11:02:10 INFO LEAD new: [Conditions] Islington/P2024/2647/FUL — London Metropolitan University, 166 - 220 Holloway Road, Lon
2026-09-30 11:02:10 INFO LEAD new: [Conditions] Islington/P2024/2654/FUL — 102 Sussex Way, London, N7 6RR
2026-09-30 11:02:10 INFO LEAD new: [Conditions] Islington/P2024/2633/FUL — 122 Calabria Road, Ground floor flat, London, N5 1HT
2026-09-30 11:02:10 INFO LEAD new: [Conditions] Islington/P2024/2656/FUL — Isleden House, Prebend Street, London, N1 8PP
2026-09-30 11:02:10 INFO LEAD new: [Conditions] Islington/P2024/2634/FUL — Flat B, 2 Aberdeen Park, London, N5 2BN
2026-09-30 11:02:10 INFO LEAD new: [Conditions] Islington/P2024/2650/AOD — 28 Noel Road, London, N1 8HA
2026-09-30 11:02:10 INFO LEAD new: [Conditions] Islington/P2024/2612/AOD — 3 Remington Street, London, N1 8DH
2026-09-30 11:02:10 INFO LEAD new: [Conditions] Islington/P2024/2617/FUL — 11 - 13 Dalmeny Road, London, N7 0HG
2026-09-30 11:02:10 INFO LEAD new: [Conditions] Islington/P2024/2631/FUL — Trafalgar Point, 137 Downham Road, London N1 3GZ
2026-09-30 11:02:10 INFO LEAD new: [Conditions] Islington/P2024/2627/COL — The Studio, Lower Ground Floor, White Collar Factory, Old St
2026-09-30 11:02:10 INFO LEAD new: [Conditions] Islington/P2024/2628/COL — Unit 4, Ground Floor, 32 Featherstone Street, London EC1Y 8A
2026-09-30 11:02:10 INFO LEAD new: [Conditions] Islington/P2024/2632/FUL — 124, Calabria Road, London, N5 1HT
2026-09-30 11:02:10 INFO LEAD new: [Conditions] Islington/P2024/2622/LBC — 59-63, 65-69, 71-75, 77-81 & 83-93 Liverpool Road, London, N
2026-09-30 11:02:10 INFO LEAD new: [Conditions] Islington/P2024/2604/FUL — 40-42 Charterhouse Street, London EC1M 6JH
2026-09-30 11:02:10 INFO LEAD new: [Conditions] Islington/P2024/1583/AOD — 5-10, Brandon Road, London, N7 9AA
2026-09-30 11:02:10 INFO LEAD new: [Conditions] Islington/P2024/2611/FUL — 59 Tollington Way, London
2026-09-30 11:02:10 INFO LEAD new: [Conditions] Islington/P2024/2600/FUL — 13 Pleshey Road, London, N7 0RA
2026-09-30 11:02:10 INFO LEAD new: [Conditions] Islington/P2024/2608/FUL — Marks And Spencer, 3-7 Liverpool Road, London, N1 0RR
2026-09-30 11:02:10 INFO LEAD new: [Conditions] Islington/P2024/2607/FUL — Flat B, 6 Petherton Road, London, N5 2RD
2026-09-30 11:02:10 INFO LEAD new: [Conditions] Islington/P2024/2610/FUL — 43 and 45 Tollington way, London, N7 6RG
2026-09-30 11:02:10 INFO LEAD new: [Conditions] Islington/P2024/2602/FUL — 60 Mildmay Road, London, N1 4NG
2026-09-30 11:02:10 INFO LEAD new: [Conditions] Islington/P2024/2589/FUL — 87 Marlborough Road, London, N19 4PA
2026-09-30 11:02:10 INFO LEAD new: [Conditions] Islington/P2024/2659/FUL — Bravington House, 2 Bravington Walk, London, N1 9AW
2026-09-30 11:02:10 INFO LEAD new: [Conditions] Islington/P2024/2595/FUL — Flat 2, 67 Hazellville Road, London, N19 3NB
2026-09-30 11:02:10 INFO LEAD new: [Conditions] Islington/P2024/2603/FUL — Flat E, 11 Hargrave Road, London, N19 5SH
2026-09-30 11:02:10 INFO LEAD new: [Conditions] Islington/P2024/2626/LBC — 28, Cloudesley Street, London, N1 0HX
2026-09-30 11:02:10 INFO LEAD new: [Conditions] Islington/P2024/2660/FUL — Bravington House, 2 Bravington Walk, London, N1 9AW
2026-09-30 11:02:10 INFO LEAD new: [Conditions] Islington/P2024/2661/FUL — Flat 73, Sherard Court, 3 Manor Gardens, London, N7 6FB
2026-09-30 11:02:10 INFO LEAD new: [Conditions] Islington/P2024/2584/FUL — 45 Wilton Square, London, N1 3DW
2026-09-30 11:02:10 INFO LEAD new: [Conditions] Islington/P2024/2588/LBC — 15 Gibson Square, London, N1 0RD
2026-09-30 11:02:10 INFO LEAD new: [Conditions] Islington/P2024/2565/COL — 29 Lidyard Road, London, N19 5NR
2026-09-30 11:02:10 INFO LEAD new: [Conditions] Islington/P2024/2569/FUL — Flat 1, 294A Upper Street, London, N1 2TU
2026-09-30 11:02:10 INFO LEAD new: [Conditions] Islington/P2024/2566/FUL — Flat A, 1 Canonbury Lane, London, N1 2AS
2026-09-30 11:02:10 INFO LEAD new: [Conditions] Islington/P2024/2567/LBC — Flat A, 1 Canonbury Lane, London, N1 2AS
2026-09-30 11:02:10 INFO LEAD new: [Conditions] Islington/P2024/2571/FUL — 4 Baron Close, London, N1 9EU
2026-09-30 11:02:10 INFO LEAD new: [Conditions] Islington/P2024/2575/FUL — 138-140 Ball's Pond Road, London, N1 4AD
2026-09-30 11:02:10 INFO LEAD new: [Conditions] Islington/P2024/2559/FUL — 18 Furlong Road, London, N7 8LS
2026-09-30 11:02:10 INFO LEAD new: [Conditions] Islington/P2024/2555/FUL — 4 Ockendon Mews, London, N1 3JL
2026-09-30 11:02:10 INFO LEAD new: [Conditions] Islington/P2024/2560/AOD — 9 Alwyne Villas, London, N1 2HG
2026-09-30 11:02:10 INFO LEAD new: [Conditions] Islington/P2024/2563/AOD — Top Floor Flat, 14 Highbury Place, London, N5 1QP
2026-09-30 11:02:10 INFO LEAD new: [Conditions] Islington/P2024/2554/LBC — Flat A, 1 Canonbury Lane, London, N1 2AS
2026-09-30 11:02:10 INFO LEAD new: [Conditions] Islington/P2024/2558/LBC — 18 Furlong Road, London, N7 8LS
2026-09-30 11:02:10 INFO LEAD new: [Conditions] Islington/P2024/2557/AOD — Sunday School, Compton Avenue, London, N1 2XD
2026-09-30 11:02:10 INFO LEAD new: [Conditions] Islington/P2024/2553/FUL — Flat A, 1 Canonbury Lane, London, N1 2AS
2026-09-30 11:02:10 INFO LEAD new: [Conditions] Islington/P2024/2562/AOD — 309 - 311 Caledonian Road, London, N1 1DT
2026-09-30 11:02:10 INFO LEAD new: [Conditions] Islington/P2024/2564/FUL — Arboretum Court, 8 Dove Road, London, N1 3GE
2026-09-30 11:02:10 INFO LEAD new: [Conditions] Islington/P2024/2542/FUL — 11 Belitha Villas, Flat A, London, N1 1PE
2026-09-30 11:02:10 INFO LEAD new: [Conditions] Islington/P2024/2538/FUL — Ground Floor Flat, 73 Freegrove Road, London, N7 9RG
2026-09-30 11:02:10 INFO LEAD new: [Conditions] Islington/P2024/2543/FUL — 9 Alwyne Place, London N1 2NL
2026-09-30 11:02:10 INFO LEAD new: [Conditions] Islington/P2024/2545/FUL — 43 Evershot Road, London, N4 3DG
2026-09-30 11:02:10 INFO LEAD new: [Conditions] Islington/P2024/2546/FUL — Flat B, 22 Lonsdale Square, London, N1 1EN
2026-09-30 11:02:10 INFO LEAD new: [Conditions] Islington/P2024/2547/LBC — Flat B, 22 Lonsdale Square, London, N1 1EN
2026-09-30 11:02:10 INFO LEAD new: [Conditions] Islington/P2024/2544/AOD — 10, Halton Road, London, N1 2EU
2026-09-30 11:02:10 INFO LEAD new: [Conditions] Islington/P2024/2541/COL — 3, Flat 20, CHEQUER COURT, Chequer Street, London, EC1Y 8PW
2026-09-30 11:02:10 INFO LEAD new: [Conditions] Islington/P2024/2529/FUL — Idt House, 44 Featherstone Street, London
2026-09-30 11:02:10 INFO LEAD new: [Conditions] Islington/P2024/2523/FUL — Second Floor Flat, 27 Harecourt Road, London, N1 2LW
2026-09-30 11:02:10 INFO LEAD new: [Conditions] Islington/P2024/2531/COL — 71 Harberton Road, London, N19 3JT
2026-09-30 11:02:10 INFO LEAD new: [Conditions] Islington/P2024/2518/FUL — 53 Essex Road, London, N1 2SF
2026-09-30 11:02:10 INFO LEAD new: [Conditions] Islington/P2024/2509/S73 — 12 - 13 Clerkenwell Green, London, EC1R 0QJ
2026-09-30 11:02:10 INFO LEAD new: [Conditions] Islington/P2024/2510/LBC — 45 Wilton Square, London, N1 3DW
2026-09-30 11:02:10 INFO LEAD new: [Conditions] Islington/P2024/2501/FUL — Flat 4, 28A Crouch Hill, London, N4 4AU
2026-09-30 11:02:10 INFO LEAD new: [Conditions] Islington/P2024/2499/FUL — 133 Highbury New Park, London
2026-09-30 11:02:10 INFO LEAD new: [Conditions] Islington/P2024/2525/LBC — 53 Gibson Square, London, N1 0RA
2026-09-30 11:02:10 INFO LEAD new: [Conditions] Islington/P2024/2482/FUL — 25 Wilton Square, London, N1 3DL
2026-09-30 11:02:10 INFO LEAD new: [Conditions] Islington/P2024/2485/COL — 13 Pleshey Road, London, N7 0RA
2026-09-30 11:02:10 INFO LEAD new: [Conditions] Islington/P2024/2486/FUL — 28A Lonsdale Square, London, N1 1EW
2026-09-30 11:02:10 INFO LEAD new: [Conditions] Islington/P2024/2475/AOD — 57 Canonbury Road, London, N1 2DG
2026-09-30 11:02:10 INFO LEAD new: [Conditions] Islington/P2024/2483/LBC — 25 Wilton Square, London, N1 3DL
2026-09-30 11:02:10 INFO LEAD new: [Conditions] Islington/P2024/2477/FUL — 13 Prah Road, London, N4 2RB
2026-09-30 11:02:10 INFO LEAD new: [Conditions] Islington/P2024/2487/FUL — 2 Northolme Road, London, N5 2UZ
2026-09-30 11:02:17 INFO [islington/Conditions] page at offset 3400: 100 records
2026-09-30 11:02:17 INFO LEAD new: [Conditions] Islington/P2024/2470/FUL — 4, Avenell Road, London, N5 1DP
2026-09-30 11:02:17 INFO LEAD new: [Conditions] Islington/P2024/2476/FUL — 133 Riversdale Road, London, N5 2SU
2026-09-30 11:02:17 INFO LEAD new: [Conditions] Islington/P2024/2474/FUL — 27 Islington Park Street, London, N1 1QB
2026-09-30 11:02:17 INFO LEAD new: [Conditions] Islington/P2024/2473/FUL — 153 Holloway Road, London, N7 8LX
2026-09-30 11:02:17 INFO LEAD new: [Conditions] Islington/P2024/2469/COL — 4 Avenell Road, London, N5 1DP
2026-09-30 11:02:17 INFO LEAD new: [Conditions] Islington/P2024/2468/FUL — 224 - 232, Paloma Ii (Office I) Unit Trust, St John Street, 
2026-09-30 11:02:17 INFO LEAD new: [Conditions] Islington/P2024/2472/AOD — Town Hall, Upper Street, London, N1 2UD
2026-09-30 11:02:17 INFO LEAD new: [Conditions] Islington/P2024/2461/FUL — Marks And Spencer, 3-7 Liverpool Road, London, N1 0RR
2026-09-30 11:02:17 INFO LEAD new: [Conditions] Islington/P2024/2462/FUL — Northburgh House, 10 Northburgh Street, London
2026-09-30 11:02:17 INFO LEAD new: [Conditions] Islington/P2024/2460/ADV — Marks And Spencer, 3-7 Liverpool Road, London, N1 0RR
2026-09-30 11:02:17 INFO LEAD new: [Conditions] Islington/P2024/2453/FUL — 21 Highbury Grange, London, N5 2QA
2026-09-30 11:02:17 INFO LEAD new: [Conditions] Islington/P2024/2465/FUL — Ground Floor Flat, 1 Poets Road, London, N5 2SL
2026-09-30 11:02:17 INFO LEAD new: [Conditions] Islington/P2024/2457/FUL — 29 Ferntower Road, London
2026-09-30 11:02:17 INFO LEAD new: [Conditions] Islington/P2024/2448/FUL — 8 Netherleigh Close, London, N6 5LL
2026-09-30 11:02:17 INFO LEAD new: [Conditions] Islington/P2024/2450/S73 — 77 Huddleston Road, London, N7 0AE
2026-09-30 11:02:17 INFO LEAD new: [Conditions] Islington/P2024/2455/AOD — 169 Liverpool Road, London, N1 0RF
2026-09-30 11:02:17 INFO LEAD new: [Conditions] Islington/P2024/2443/FUL — 10 Netherleigh Close, London, N6 5LL
2026-09-30 11:02:17 INFO LEAD new: [Conditions] Islington/P2024/2444/FUL — 6 Netherleigh Close, London, N6 5LL
2026-09-30 11:02:17 INFO LEAD new: [Conditions] Islington/P2024/2449/FUL — 3 Hugo Road, London, N19 5EU
2026-09-30 11:02:17 INFO LEAD new: [Conditions] Islington/P2024/2456/FUL — St John's Mansions, 308 St John Street, London, EC1V 4NX
2026-09-30 11:02:17 INFO LEAD new: [Conditions] Islington/P2024/2446/FUL — 9 Netherleigh Close, London, N6 5LL
2026-09-30 11:02:17 INFO LEAD new: [Conditions] Islington/P2024/2442/LBC — Town Hall, Upper Street, London, N1 2UD
2026-09-30 11:02:17 INFO LEAD new: [Conditions] Islington/P2024/2445/FUL — 5 Netherleigh Close, London, N6 5LL
2026-09-30 11:02:17 INFO LEAD new: [Conditions] Islington/P2024/2437/FUL — 94 Shaftesbury Road, London
2026-09-30 11:02:17 INFO LEAD new: [Conditions] Islington/P2024/2430/FUL — Flat A, 15 Halton Road, London, N1 2EN
2026-09-30 11:02:17 INFO LEAD new: [Conditions] Islington/P2024/2435/FUL — 401 St John Street, London, EC1V 4LD
2026-09-30 11:02:17 INFO LEAD new: [Conditions] Islington/P2024/2431/LBC — Flat A, 15 Halton Road, London, N1 2EN
2026-09-30 11:02:17 INFO LEAD new: [Conditions] Islington/P2024/2441/FUL — 21 Heaven Tree Close, London, N1 2PW
2026-09-30 11:02:17 INFO LEAD new: [Conditions] Islington/P2024/2434/FUL — 33 Fortnam Road, London, N19 3NS
2026-09-30 11:02:17 INFO LEAD new: [Conditions] Islington/P2024/2419/FUL — 5 Inglebert Street, London EC1R 1XR
2026-09-30 11:02:17 INFO LEAD new: [Conditions] Islington/P2024/2420/LBC — 5 Inglebert Street, London, EC1R 1XR
2026-09-30 11:02:17 INFO LEAD new: [Conditions] Islington/P2024/2422/FUL — 64 Partington Close, London, N19 3DZ
2026-09-30 11:02:17 INFO LEAD new: [Conditions] Islington/P2024/2513/FUL — flat B, 10 Miranda Road, London, N19 3RB
2026-09-30 11:02:17 INFO LEAD new: [Conditions] Islington/P2024/2438/AOD — 161, St Lukes Church, Old Street, London, EC1V 9NG
2026-09-30 11:02:17 INFO LEAD new: [Conditions] Islington/P2024/2418/AOD — Vittoria Primary School, Treaty Street, London, N1 0WF
2026-09-30 11:02:17 INFO LEAD new: [Conditions] Islington/P2024/2416/AOD — 19, Gerrard Road, London, N1 8AY
2026-09-30 11:02:17 INFO LEAD new: [Conditions] Islington/P2024/2514/FUL — 8-10 Tollington Park, London
2026-09-30 11:02:17 INFO LEAD new: [Conditions] Islington/P2024/2415/FUL — Flat First Floor South, 11 Highbury Place, London, N5 1QZ
2026-09-30 11:02:17 INFO LEAD new: [Conditions] Islington/P2024/2404/FUL — Flat A, 21 Birnam Road, London, N4 3LJ
2026-09-30 11:02:17 INFO LEAD new: [Conditions] Islington/P2024/2403/FUL — 60 Pear Tree Street, London, EC1V 3SB
2026-09-30 11:02:17 INFO LEAD new: [Conditions] Islington/P2024/2426/FUL — Ground Floor, 177 Junction Road, London, N19 5QA
2026-09-30 11:02:17 INFO LEAD new: [Conditions] Islington/P2024/2414/LBC — 374 to 390 St John Street, London, EC1V 4NN
2026-09-30 11:02:17 INFO LEAD new: [Conditions] Islington/P2024/2669/FUL — Flat A, 21 Birnam Road, London, N4 3LJ
2026-09-30 11:02:17 INFO LEAD new: [Conditions] Islington/P2024/2390/FUL — 11 Tyndale Terrace, London, N1 2AT
2026-09-30 11:02:17 INFO LEAD new: [Conditions] Islington/P2024/2396/PRA — 282 - 284 St Paul's Road, London
2026-09-30 11:02:17 INFO LEAD new: [Conditions] Islington/P2024/2389/LBC — 38 Compton Road, London, N1 2PB
2026-09-30 11:02:17 INFO LEAD new: [Conditions] Islington/P2024/2393/LBC — 1, Flat B, Cloudesley Square, London, N1 0HT
2026-09-30 11:02:17 INFO LEAD new: [Conditions] Islington/P2024/2842/ADV — 48-50 Cowcross Street, EC1M 6AL
2026-09-30 11:02:17 INFO LEAD new: [Conditions] Islington/P2024/2382/LBC — Upper Maisonette, 35 Gerrard Road, London, N1 8BA
2026-09-30 11:02:17 INFO LEAD new: [Conditions] Islington/P2024/2387/FUL — 4 Grenville Road, London
2026-09-30 11:02:17 INFO LEAD new: [Conditions] Islington/P2024/2385/FUL — Tufnell Mansions, 73 Anson Road, London, N7 0AT
2026-09-30 11:02:17 INFO LEAD new: [Conditions] Islington/P2024/2384/FUL — 1 Hertslet Road, London, N7 6PJ
2026-09-30 11:02:17 INFO LEAD new: [Conditions] Islington/P2024/2408/FUL — Upper Maisonette, 35 Gerrard Road, London, N1 8BA
2026-09-30 11:02:17 INFO LEAD new: [Conditions] Islington/P2024/2372/LBC — 539 -541 Liverpool Road, London
2026-09-30 11:02:17 INFO LEAD new: [Conditions] Islington/P2024/2365/COL — 4 Falconer Walk, London, N7 7RQ
2026-09-30 11:02:17 INFO LEAD new: [Conditions] Islington/P2024/2361/AOD — 8 - 26, Willen House, Bath Street, London
2026-09-30 11:02:17 INFO LEAD new: [Conditions] Islington/P2024/2363/FUL — 111 Plimsoll Road, London, N4 2ED
2026-09-30 11:02:17 INFO LEAD new: [Conditions] Islington/P2024/2373/FUL — Stapleton House, 263-289 Holloway Road, London, N7 8FB
2026-09-30 11:02:17 INFO LEAD new: [Conditions] Islington/P2024/2366/FUL — 27 and 29 Landseer Road, London, N19 4JU
2026-09-30 11:02:17 INFO LEAD new: [Conditions] Islington/P2024/2368/LBC — 335 & 345, Liverpool Road, Islington, London, N1 1NH
2026-09-30 11:02:17 INFO LEAD new: [Conditions] Islington/P2024/2370/FUL — Telephone Exchange, 1 - 3 Highbury Grove, London, N5 1HJ
2026-09-30 11:02:17 INFO LEAD new: [Conditions] Islington/P2024/2376/FUL — 19 Crane Grove, London, N7 8LD
2026-09-30 11:02:17 INFO LEAD new: [Conditions] Islington/P2024/2371/LBC — 61 Highbury Park, London
2026-09-30 11:02:17 INFO LEAD new: [Conditions] Islington/P2024/2354/LBC — 11 Barford Street, London, N1 0QB
2026-09-30 11:02:17 INFO LEAD new: [Conditions] Islington/P2024/2516/FUL — 27 Kingsdown Road, London
2026-09-30 11:02:17 INFO LEAD new: [Conditions] Islington/P2024/2350/FUL — 78 Tufnell Park Road, London, N7 0DT
2026-09-30 11:02:17 INFO LEAD new: [Conditions] Islington/P2024/2353/FUL — 28 Hornsey Rise Gardens, London
2026-09-30 11:02:17 INFO LEAD new: [Conditions] Islington/P2024/2358/FUL — 80 Kingsdown Road, London
2026-09-30 11:02:17 INFO LEAD new: [Conditions] Islington/P2024/2517/FUL — Aperture House, 6 Honduras Street, London, EC1Y 0TH
2026-09-30 11:02:17 INFO LEAD new: [Conditions] Islington/P2024/2335/FUL — 2 Waterfront Mews, London, N1 7FE
2026-09-30 11:02:17 INFO LEAD new: [Conditions] Islington/P2024/2344/AOD — 8 - 26, Willen House, Bath Street, London, EC1V 9DX
2026-09-30 11:02:17 INFO LEAD new: [Conditions] Islington/P2024/2345/FUL — Zinc House, 19 - 25 Cowcross Street, London
2026-09-30 11:02:17 INFO LEAD new: [Conditions] Islington/P2024/2340/FUL — 29 Sekforde Street, London, EC1R 0HH
2026-09-30 11:02:17 INFO LEAD new: [Conditions] Islington/P2024/2341/LBC — 29 Sekforde Street, London, EC1R 0HH
2026-09-30 11:02:17 INFO LEAD new: [Conditions] Islington/P2024/2342/FUL — Pavement outside 13-18 Whitby Court, Parkhurst Road, London,
2026-09-30 11:02:17 INFO LEAD new: [Conditions] Islington/P2024/2336/FUL — 19 Wolsey Road, London, N1 4QH
2026-09-30 11:02:17 INFO LEAD new: [Conditions] Islington/P2024/2334/COL — 326 Caledonian Road, London, N1 1BB
2026-09-30 11:02:17 INFO LEAD new: [Conditions] Islington/P2024/2333/FUL — 61 Queen Margaret's Grove, London
2026-09-30 11:02:17 INFO LEAD new: [Conditions] Islington/P2024/2322/LBC — 1, St Pauls Steiner School, St Paul's Road, London, N1 2QH
2026-09-30 11:02:17 INFO LEAD new: [Conditions] Islington/P2024/2325/FUL — 11 Middleton Grove, London, N7 9LS
2026-09-30 11:02:17 INFO LEAD new: [Conditions] Islington/P2024/2327/LBC — 28 Furlong Road, London, N7 8LS
2026-09-30 11:02:17 INFO LEAD new: [Conditions] Islington/P2024/2317/FUL — Laser House, 132 - 140 Goswell Road, London
2026-09-30 11:02:17 INFO LEAD new: [Conditions] Islington/P2024/2324/FUL — 30, Highbury Hill, London, N5 1AL
2026-09-30 11:02:17 INFO LEAD new: [Conditions] Islington/P2024/2310/FUL — 11 Milner Square, London, N1 1TL
2026-09-30 11:02:17 INFO LEAD new: [Conditions] Islington/P2024/2311/LBC — 11, Milner Square, London, N1 1TL
2026-09-30 11:02:17 INFO LEAD new: [Conditions] Islington/P2024/2301/S73 — 52 Hemingford Road, London, N1 1DB
2026-09-30 11:02:17 INFO LEAD new: [Conditions] Islington/P2024/2309/FUL — Lower Flat, 25 St John's Villas, London, N19 3EE
2026-09-30 11:02:17 INFO LEAD new: [Conditions] Islington/P2024/2320/FUL — 321C Upper Street, London, N1 2XQ
2026-09-30 11:02:17 INFO LEAD new: [Conditions] Islington/P2024/2313/FUL — Fortune House & 1-11 Fortune Street, Fortune Street, London,
2026-09-30 11:02:17 INFO LEAD new: [Conditions] Islington/P2024/2321/FUL — 12 Packington Street, London, N1 8QB
2026-09-30 11:02:17 INFO LEAD new: [Conditions] Islington/P2024/2412/S73 — Barnsbury Estate, London, N1
2026-09-30 11:02:17 INFO LEAD new: [Conditions] Islington/P2024/2305/FUL — Flat B, 9 Mildmay Grove North, London, N1 4RH
2026-09-30 11:02:17 INFO LEAD new: [Conditions] Islington/P2024/2300/FUL — 52 Linton Street, London, N1 7AS
2026-09-30 11:02:17 INFO LEAD new: [Conditions] Islington/P2024/2299/FUL — 1 Dallington Street, London, EC1V 0BH
2026-09-30 11:02:17 INFO LEAD new: [Conditions] Islington/P2024/2296/AOD — 75A Chapel Market, London
2026-09-30 11:02:17 INFO LEAD new: [Conditions] Islington/P2024/2284/FUL — 52 Morton Road, London, N1 3BD
2026-09-30 11:02:17 INFO LEAD new: [Conditions] Islington/P2024/2297/FUL — 213 Old Street, London, EC1V 9NR
2026-09-30 11:02:17 INFO LEAD new: [Conditions] Islington/P2024/2282/FUL — Flat 3, 37 Mildmay Grove North, London, N1 4RH
2026-09-30 11:02:17 INFO LEAD new: [Conditions] Islington/P2024/2270/FUL — 76 Hemingford Road, London, N1 1DB
2026-09-30 11:02:17 INFO LEAD new: [Conditions] Islington/P2024/2277/FUL — 25 Devonia Road, London, N1 8JQ
2026-09-30 11:02:24 INFO [islington/Conditions] page at offset 3500: 100 records
2026-09-30 11:02:24 INFO LEAD new: [Conditions] Islington/P2024/2276/AOD — 40, Gerrard Road, London, N1 8BA
2026-09-30 11:02:24 INFO LEAD new: [Conditions] Islington/P2024/2271/AOD — 320, Liverpool Road, London, N7 8PU
2026-09-30 11:02:24 INFO LEAD new: [Conditions] Islington/P2024/2273/ADV — Arch 9 Station Way Finsbury Park London N4 2DH
2026-09-30 11:02:24 INFO LEAD new: [Conditions] Islington/P2024/2272/FUL — Arch 9 Station Way Finsbury Park London N4 2DH
2026-09-30 11:02:24 INFO LEAD new: [Conditions] Islington/P2024/2269/AOD — 28 Noel Road, London, N1 8HA
2026-09-30 11:02:24 INFO LEAD new: [Conditions] Islington/P2024/2266/FUL — 10 Highbury Place, London, N5 1QZ
2026-09-30 11:02:24 INFO LEAD new: [Conditions] Islington/P2024/2261/ADV — 113 Finsbury Pavement, London, EC2A 1RS
2026-09-30 11:02:24 INFO LEAD new: [Conditions] Islington/P2024/2262/AOD — Parkhurst Court, Warlters Road, London
2026-09-30 11:02:24 INFO LEAD new: [Conditions] Islington/P2024/2264/COL — 6 Pollard Close, London, N7 9SX
2026-09-30 11:02:24 INFO LEAD new: [Conditions] Islington/P2024/2267/LBC — 10 Highbury Place, London, N5 1QZ
2026-09-30 11:02:24 INFO LEAD new: [Conditions] Islington/P2024/2263/FUL — 1 Thorpedale Road, London, N4 3BH
2026-09-30 11:02:24 INFO LEAD new: [Conditions] Islington/P2024/2268/FUL — The Varnish Works, 3 Bravingtons Walk, London
2026-09-30 11:02:24 INFO LEAD new: [Conditions] Islington/P2024/2252/FUL — 42 -43 Baring Street &17-21 Shepperton Road, Islington, Lond
2026-09-30 11:02:24 INFO LEAD new: [Conditions] Islington/P2024/2250/LBC — Town Hall, Upper Street, London, N1 2UD
2026-09-30 11:02:24 INFO LEAD new: [Conditions] Islington/P2024/2248/FUL — 131 Avenell Road, London, N5 1BH
2026-09-30 11:02:24 INFO LEAD new: [Conditions] Islington/P2024/2251/FUL — 46 Jackson Road, London, N7 6EE
2026-09-30 11:02:24 INFO LEAD new: [Conditions] Islington/P2024/2256/AOD — St James's Church, 51 Clerkenwell Close, London, EC1R 0EA
2026-09-30 11:02:24 INFO LEAD new: [Conditions] Islington/P2024/2254/PRA — 124 - 128, J & W Hinton Ltd, Ball's Pond Road, London, N1 4A
2026-09-30 11:02:24 INFO LEAD new: [Conditions] Islington/P2024/2247/FUL — Upper Flat, 11 Petherton Road, London, N5 2QX
2026-09-30 11:02:24 INFO LEAD new: [Conditions] Islington/P2024/2245/AOD — Parkhurst Court, Warlters Road, London
2026-09-30 11:02:24 INFO LEAD new: [Conditions] Islington/P2024/2237/FUL — 21 Sparsholt Road, London, N19 4EL
2026-09-30 11:02:24 INFO LEAD new: [Conditions] Islington/P2024/2241/FUL — Ground Floor Flat, 138 Calabria Road, London, N5 1HT
2026-09-30 11:02:24 INFO LEAD new: [Conditions] Islington/P2024/2238/FUL — 26, Cheverton Road, London, N19 3AY
2026-09-30 11:02:24 INFO LEAD new: [Conditions] Islington/P2024/2231/FUL — 27 Highbury Hill, London, N5 1SU
2026-09-30 11:02:24 INFO LEAD new: [Conditions] Islington/P2024/2235/LBC — 21 Duncan Terrace, London, N1 8BZ
2026-09-30 11:02:24 INFO LEAD new: [Conditions] Islington/P2024/2226/FUL — 141 Thorpedale Road, London, N4 3BD
2026-09-30 11:02:24 INFO LEAD new: [Conditions] Islington/P2024/2233/FUL — 21 Duncan Terrace, London, N1 8BZ
2026-09-30 11:02:24 INFO LEAD new: [Conditions] Islington/P2024/2208/FUL — upper flat, 6 Richmond Crescent, London
2026-09-30 11:02:24 INFO LEAD new: [Conditions] Islington/P2024/2221/AOD — Land Rear Of 28 Amwell Street, Amwell Street, London
2026-09-30 11:02:24 INFO LEAD new: [Conditions] Islington/P2024/2212/FUL — Flat 6, Albert Mansions, 359 Liverpool Road, London, N1 1NW
2026-09-30 11:02:24 INFO LEAD new: [Conditions] Islington/P2024/2223/FUL — 4 Barnsbury Square, London
2026-09-30 11:02:24 INFO LEAD new: [Conditions] Islington/P2024/2222/FUL — Adjacent to, 429A - 429P Holloway Road, London, N7 6LJ
2026-09-30 11:02:24 INFO LEAD new: [Conditions] Islington/P2024/2213/AOD — 443 - 445 Holloway Road, London
2026-09-30 11:02:24 INFO LEAD new: [Conditions] Islington/P2024/2191/FUL — Flat A, 101 Grosvenor Avenue, London, N5 2NL
2026-09-30 11:02:24 INFO LEAD new: [Conditions] Islington/P2024/2190/COL — 50 Crouch Hill, London, N4 4AA
2026-09-30 11:02:24 INFO LEAD new: [Conditions] Islington/P2024/2201/COL — 50 Witherington Road, London, N5 1PP
2026-09-30 11:02:24 INFO LEAD new: [Conditions] Islington/P2024/2199/FUL — 42 Gillespie Road, London, N5 1LN
2026-09-30 11:02:24 INFO LEAD new: [Conditions] Islington/P2024/2183/LBC — Sundial Court, 38 - 42 Chiswell Street, London
2026-09-30 11:02:24 INFO LEAD new: [Conditions] Islington/P2024/2181/LBC — 149 Liverpool Road, London, N1 0RF
2026-09-30 11:02:24 INFO LEAD new: [Conditions] Islington/P2024/2180/FUL — 149 Liverpool Road, London, N1 0RF
2026-09-30 11:02:24 INFO LEAD new: [Conditions] Islington/P2024/2176/FUL — 68 Thorpedale Road, London, N4 3BW
2026-09-30 11:02:24 INFO LEAD new: [Conditions] Islington/P2024/2175/FUL — 3 Chantry Street, London, N1 8NL
2026-09-30 11:02:24 INFO LEAD new: [Conditions] Islington/P2024/2163/FUL — 263 Liverpool Road, London, N1 1LX
2026-09-30 11:02:24 INFO LEAD new: [Conditions] Islington/P2024/2173/FUL — Flat 2, 52 Lofting Road, London, N1 1ET
2026-09-30 11:02:24 INFO LEAD new: [Conditions] Islington/P2024/2171/FUL — 12 Lillie House, 18 Fieldway Crescent, London, N5 1QB
2026-09-30 11:02:24 INFO LEAD new: [Conditions] Islington/P2024/2170/ADV — Ground Floor, 77 - 78 Upper Street, London, N1 0NU
2026-09-30 11:02:24 INFO LEAD new: [Conditions] Islington/P2024/2174/COL — 5 Ashmount Road, London, N19 3BH
2026-09-30 11:02:24 INFO LEAD new: [Conditions] Islington/P2024/2154/LBC — 29, Thornhill Crescent, London, N1 1BJ
2026-09-30 11:02:24 INFO LEAD new: [Conditions] Islington/P2024/2162/LBC — 6 Thornhill Crescent, London
2026-09-30 11:02:24 INFO LEAD new: [Conditions] Islington/P2024/2144/AOD — 8 - 26, Willen House, Bath Street, London, EC1V 9DX
2026-09-30 11:02:24 INFO LEAD new: [Conditions] Islington/P2024/2146/AOD — 8 - 26, Willen House, Bath Street, London, EC1V 9DX
2026-09-30 11:02:24 INFO LEAD new: [Conditions] Islington/P2024/2149/FUL — 22 Thornhill Road, London N1 1HW
2026-09-30 11:02:24 INFO LEAD new: [Conditions] Islington/P2024/2141/AOD — 8 - 26, Willen House, Bath Street, London
2026-09-30 11:02:24 INFO LEAD new: [Conditions] Islington/P2024/2145/AOD — 8 - 26, Willen House, Bath Street, London
2026-09-30 11:02:24 INFO LEAD new: [Conditions] Islington/P2024/2152/LBC — 56 Richmond Avenue, London
2026-09-30 11:02:24 INFO LEAD new: [Conditions] Islington/P2024/2140/AOD — 8 - 26, Willen House, Bath Street, London
2026-09-30 11:02:24 INFO LEAD new: [Conditions] Islington/P2024/2151/LBC — 41 Richmond Avenue, London
2026-09-30 11:02:24 INFO LEAD new: [Conditions] Islington/P2024/2148/LBC — 6 Mountfort Crescent, London, N1 1JW
2026-09-30 11:02:24 INFO LEAD new: [Conditions] Islington/P2024/2150/COL — 326 City Road, London
2026-09-30 11:02:24 INFO LEAD new: [Conditions] Islington/P2024/2153/LBC — 70 Richmond Avenue, London
2026-09-30 11:02:24 INFO LEAD new: [Conditions] Islington/P2024/2161/LBC — 3 Thornhill Crescent, London
2026-09-30 11:02:24 INFO LEAD new: [Conditions] Islington/P2024/2156/LBC — 111 Hemingford Road, London
2026-09-30 11:02:24 INFO LEAD new: [Conditions] Islington/P2024/2159/LBC — 69 Hemingford Road, London
2026-09-30 11:02:24 INFO LEAD new: [Conditions] Islington/P2024/2142/AOD — 8 - 26, Willen House, Bath Street, London
2026-09-30 11:02:24 INFO LEAD new: [Conditions] Islington/P2024/2157/LBC — 53 Hemingford Road, London
2026-09-30 11:02:24 INFO LEAD new: [Conditions] Islington/P2024/2137/ADV — Ground Floor Shop, 48 Caledonian Road, London, N1 9DP
2026-09-30 11:02:24 INFO LEAD new: [Conditions] Islington/P2024/2138/FUL — 41 Aberdeen Road, London, N5 2UG
2026-09-30 11:02:24 INFO LEAD new: [Conditions] Islington/P2024/2182/FUL — 93 Axminster Road, London, N7 6BS
2026-09-30 11:02:24 INFO LEAD new: [Conditions] Islington/P2024/2130/FUL — 1, Northampton Row, London, EC1R 0JZ
2026-09-30 11:02:24 INFO LEAD new: [Conditions] Islington/P2024/2132/ADV — 1 - 7 Morris Place, London
2026-09-30 11:02:24 INFO LEAD new: [Conditions] Islington/P2024/2131/FUL — 47 Thornhill Road, London, N1 1JS
2026-09-30 11:02:24 INFO LEAD new: [Conditions] Islington/P2024/2134/FUL — 70 Rosebery Avenue, London
2026-09-30 11:02:24 INFO LEAD new: [Conditions] Islington/P2024/2127/FUL — 27, Lidyard Road, London, N19 5NR
2026-09-30 11:02:24 INFO LEAD new: [Conditions] Islington/P2024/2133/COL — 54 Beversbrook Road, London, N19 4QH
2026-09-30 11:02:24 INFO LEAD new: [Conditions] Islington/P2024/2114/FUL — Watchmaker Court North, 65-67 St John Street, London
2026-09-30 11:02:24 INFO LEAD new: [Conditions] Islington/P2024/2113/LBC — Flat A, 1 Thornhill Square, London, N1 1BQ
2026-09-30 11:02:24 INFO LEAD new: [Conditions] Islington/P2024/2112/FUL — Flat A, 1 Thornhill Square, London, N1 1BQ
2026-09-30 11:02:24 INFO LEAD new: [Conditions] Islington/P2024/2111/FUL — 43 Arthur Road, London, N7 6DT
2026-09-30 11:02:24 INFO LEAD new: [Conditions] Islington/P2024/2110/LBC — Flat 4, 82 Highbury New Park, London, N5 2DJ
2026-09-30 11:02:24 INFO LEAD new: [Conditions] Islington/P2024/2103/FUL — 6 Rocliffe Street, London, N1 8DT
2026-09-30 11:02:24 INFO LEAD new: [Conditions] Islington/P2024/2099/AOD — 67 Kingsdown Road, London, N19 4LD
2026-09-30 11:02:24 INFO LEAD new: [Conditions] Islington/P2024/2102/LBC — 375, Liverpool Road, London, N1 1NL
2026-09-30 11:02:24 INFO LEAD new: [Conditions] Islington/P2024/2091/FUL — 43 Calabria Road, London, N5 1HZ
2026-09-30 11:02:24 INFO LEAD new: [Conditions] Islington/P2024/2098/FUL — 6 Prospero Road, London, N19 3RF
2026-09-30 11:02:24 INFO LEAD new: [Conditions] Islington/P2024/2101/FUL — 375, Liverpool Road, London, N1 1NL
2026-09-30 11:02:24 INFO LEAD new: [Conditions] Islington/P2024/2106/FUL — Ground Floor Flat, 15 Whitehall Park, London, N19 3TS
2026-09-30 11:02:24 INFO LEAD new: [Conditions] Islington/P2024/2104/FUL — 11 Roseleigh Avenue, London, N5 1SP
2026-09-30 11:02:24 INFO LEAD new: [Conditions] Islington/P2024/2079/FUL — 18 Bryantwood Road, London, N7 7BE
2026-09-30 11:02:24 INFO LEAD new: [Conditions] Islington/P2024/2089/FUL — 193A and 193B Highbury Quadrant, London, N5 2TE
2026-09-30 11:02:24 INFO LEAD new: [Conditions] Islington/P2024/2084/FUL — Flat C, 4 Cardozo Road, London, N7 9RL
2026-09-30 11:02:24 INFO LEAD new: [Conditions] Islington/P2024/2071/LBC — 21 Ripplevale Grove, London, N1 1HS
2026-09-30 11:02:24 INFO LEAD new: [Conditions] Islington/P2024/2078/S73 — 48A Leconfield Road, London, N5 2SN
2026-09-30 11:02:24 INFO LEAD new: [Conditions] Islington/P2024/2074/FUL — Former Holloway Prison, Parkhurst Road, London, N7 0NU
2026-09-30 11:02:24 INFO LEAD new: [Conditions] Islington/P2024/2070/FUL — 21 Ripplevale Grove, London, N1 1HS
2026-09-30 11:02:24 INFO LEAD new: [Conditions] Islington/P2024/2073/LBC — 56, St Paul's Road, London, N1 2QW
2026-09-30 11:02:24 INFO LEAD new: [Conditions] Islington/P2024/2050/LBC — Holloway Road Underground Station, Holloway Road, London, N7
2026-09-30 11:02:24 INFO LEAD new: [Conditions] Islington/P2024/2056/FUL — Flat A, 49 Monsell Road, London, N4 2EF
2026-09-30 11:02:24 INFO LEAD new: [Conditions] Islington/P2024/2061/FUL — 32 Northampton Square, London, EC1V 0ES
2026-09-30 11:02:24 INFO LEAD new: [Conditions] Islington/P2024/2062/LBC — 32 Northampton Square, London, EC1V 0ES
2026-09-30 11:02:24 INFO LEAD new: [Conditions] Islington/P2024/2068/S73 — 39, First Floor Front And Second Floor Flat, Avenell Road, L
2026-09-30 11:02:31 INFO [islington/Conditions] page at offset 3600: 100 records
2026-09-30 11:02:31 INFO LEAD new: [Conditions] Islington/P2024/2045/FUL — 85 Cloudesley Road, London, N1 0EL
2026-09-30 11:02:31 INFO LEAD new: [Conditions] Islington/P2024/2044/LBC — 85 Cloudesley Road, London, N1 0EL
2026-09-30 11:02:31 INFO LEAD new: [Conditions] Islington/P2024/2065/FUL — St Williams Court, 1 Gifford Street, London, N1 0GN
2026-09-30 11:02:31 INFO LEAD new: [Conditions] Islington/P2024/2038/FUL — 50 Witherington Road, London, N5 1PP
2026-09-30 11:02:31 INFO LEAD new: [Conditions] Islington/P2024/2041/FUL — 45 College Cross, London, N1 1PT
2026-09-30 11:02:31 INFO LEAD new: [Conditions] Islington/P2024/2047/FUL — 37 Huddleston Road, London, N7 0AD
2026-09-30 11:02:31 INFO LEAD new: [Conditions] Islington/P2024/2036/FUL — 13 Almorah Road, Flat B, London, N1 3EN
2026-09-30 11:02:31 INFO LEAD new: [Conditions] Islington/P2024/2069/AOD — Former Holloway Prison, Parkhurst Road, London, N7 0NU
2026-09-30 11:02:31 INFO LEAD new: [Conditions] Islington/P2024/2028/FUL — 40 Highbury Place, London
2026-09-30 11:02:31 INFO LEAD new: [Conditions] Islington/P2024/2011/FUL — Mostyn Lodge, 96 Aberdeen Park, London
2026-09-30 11:02:31 INFO LEAD new: [Conditions] Islington/P2024/2019/FUL — 21 - 29 Baron Street, London, N1 9ES
2026-09-30 11:02:31 INFO LEAD new: [Conditions] Islington/P2024/2015/FUL — 28 Ellington Street, London
2026-09-30 11:02:31 INFO LEAD new: [Conditions] Islington/P2024/2020/AOD — 79 Shepperton Road, London
2026-09-30 11:02:31 INFO LEAD new: [Conditions] Islington/P2024/2021/FUL — 25 Mitford Road, London, N19 4HJ
2026-09-30 11:02:31 INFO LEAD new: [Conditions] Islington/P2024/2018/AOD — 8 - 26, Willen House, Bath Street, London
2026-09-30 11:02:31 INFO LEAD new: [Conditions] Islington/P2024/2006/FUL — 508 Holloway Road, London, N7 6JD
2026-09-30 11:02:31 INFO LEAD new: [Conditions] Islington/P2024/2001/FUL — Flat B, 65 Cleveland Road, London, N1 3ES
2026-09-30 11:02:31 INFO LEAD new: [Conditions] Islington/P2024/2007/FUL — 8 Stock Orchard Street, London
2026-09-30 11:02:31 INFO LEAD new: [Conditions] Islington/P2024/2000/FUL — 21 Dove's Yard, London, N1 0HQ
2026-09-30 11:02:31 INFO LEAD new: [Conditions] Islington/P2024/2002/FUL — 53 Corbyn Street, London, N4 3BY
2026-09-30 11:02:31 INFO LEAD new: [Conditions] Islington/P2024/1979/FUL — 17 Noel Road, London
2026-09-30 11:02:31 INFO LEAD new: [Conditions] Islington/P2024/1980/LBC — 17 Noel Road, London
2026-09-30 11:02:31 INFO LEAD new: [Conditions] Islington/P2024/2008/AOD — Willen House, 8 - 26 Bath Street, London, EC1V 9DX
2026-09-30 11:02:31 INFO LEAD new: [Conditions] Islington/P2024/1973/FUL — 43 Thornhill Road, London, N1 1JS
2026-09-30 11:02:31 INFO LEAD new: [Conditions] Islington/P2024/1976/FUL — 49 Clerkenwell Green, London
2026-09-30 11:02:31 INFO LEAD new: [Conditions] Islington/P2024/1966/FUL — 2 Barnsbury Terrace, London, N1 1JH
2026-09-30 11:02:31 INFO LEAD new: [Conditions] Islington/P2024/1971/FUL — 17 Highbury Hill, London, N5 1SU
2026-09-30 11:02:31 INFO LEAD new: [Conditions] Islington/P2024/1968/PRA — Ground Floor, Units 1+2 Angel Gate
2026-09-30 11:02:31 INFO LEAD new: [Conditions] Islington/P2024/1967/FUL — Garden Cottage, 38D Aberdeen Road, London, N5 2XD
2026-09-30 11:02:31 INFO LEAD new: [Conditions] Islington/P2024/1957/FUL — 68 Tollington Park, London, N4 3RA
2026-09-30 11:02:31 INFO LEAD new: [Conditions] Islington/P2024/1962/FUL — 14 Aberdeen Park, London, N5 2BN
2026-09-30 11:02:31 INFO LEAD new: [Conditions] Islington/P2024/1956/FUL — 92 Prebend Street, London, N1 8PR
2026-09-30 11:02:31 INFO LEAD new: [Conditions] Islington/P2024/1963/FUL — 12 Avenell Road, London, N5 1DP
2026-09-30 11:02:31 INFO LEAD new: [Conditions] Islington/P2024/1954/FUL — 25 Allingham Street, London, N1 8NX
2026-09-30 11:02:31 INFO LEAD new: [Conditions] Islington/P2024/1955/FUL — Flat A, 3 Cruikshank Street, London, WC1X 9HF
2026-09-30 11:02:31 INFO LEAD new: [Conditions] Islington/P2024/1958/LBC — 68 Tollington Park, London, N4 3RA
2026-09-30 11:02:31 INFO LEAD new: [Conditions] Islington/P2024/1945/FUL — 15 Brayfield Terrace, London, N1 1HZ
2026-09-30 11:02:31 INFO LEAD new: [Conditions] Islington/P2024/1950/FUL — Sainsburys, 31 - 41 Liverpool Road, London, N1 0RW
2026-09-30 11:02:31 INFO LEAD new: [Conditions] Islington/P2024/1938/FUL — 19 Beversbrook Road, London, N19 4QG
2026-09-30 11:02:31 INFO LEAD new: [Conditions] Islington/P2024/1951/LBC — 88 Liverpool Road, London N1 0RE
2026-09-30 11:02:31 INFO LEAD new: [Conditions] Islington/P2024/2597/AOD — Willen House, 8 - 26 Bath Street, London
2026-09-30 11:02:31 INFO LEAD new: [Conditions] Islington/P2024/1936/FUL — 47 Lambton Road, London, N19 3QJ
2026-09-30 11:02:31 INFO LEAD new: [Conditions] Islington/P2024/1948/AOD — Car Park, Windsor Street, London, N1 8QF
2026-09-30 11:02:31 INFO LEAD new: [Conditions] Islington/P2024/1940/LBC — Ground And First Floor Flat, 43 Wilmington Square, London, W
2026-09-30 11:02:31 INFO LEAD new: [Conditions] Islington/P2024/1939/FUL — Ground And First Floor Flat, 43 Wilmington Square, London, W
2026-09-30 11:02:31 INFO LEAD new: [Conditions] Islington/P2024/1952/FUL — 47 Wyatt Road, London, N5 2JU
2026-09-30 11:02:31 INFO LEAD new: [Conditions] Islington/P2024/1941/FUL — Sunday School, Compton Avenue, London, N1 2XD
2026-09-30 11:02:31 INFO LEAD new: [Conditions] Islington/P2024/1942/LBC — Sunday School, Compton Avenue, London, N1 2XD
2026-09-30 11:02:31 INFO LEAD new: [Conditions] Islington/P2024/1946/FUL — 39 - 41, Omnibus House, North Road, London, N7 9DP
2026-09-30 11:02:31 INFO LEAD new: [Conditions] Islington/P2024/1998/FUL — 137 Fonthill Road, London
2026-09-30 11:02:31 INFO LEAD new: [Conditions] Islington/P2024/1999/PRA — 137 Fonthill Road, London
2026-09-30 11:02:31 INFO LEAD new: [Conditions] Islington/P2024/1935/FUL — 17 Monsell Road, London, N4 2EF
2026-09-30 11:02:31 INFO LEAD new: [Conditions] Islington/P2024/1919/LBC — 117, Liverpool Street, London, N1 0RG
2026-09-30 11:02:31 INFO LEAD new: [Conditions] Islington/P2024/1923/FUL — 41 Aberdeen Park, London, N5 2AR
2026-09-30 11:02:31 INFO LEAD new: [Conditions] Islington/P2024/1925/AOD — 6 - 9, 1, FLORIN COURT, Charterhouse Square, London, EC1M 6E
2026-09-30 11:02:31 INFO LEAD new: [Conditions] Islington/P2024/1922/LBC — 10 Barnsbury Street, London
2026-09-30 11:02:31 INFO LEAD new: [Conditions] Islington/P2024/1921/LBC — 101- 103 Liverpool Road, London
2026-09-30 11:02:31 INFO LEAD new: [Conditions] Islington/P2024/1920/LBC — 11 Barnsbury Street, London
2026-09-30 11:02:31 INFO LEAD new: [Conditions] Islington/P2024/1924/FUL — 7 Stock Orchard Crescent, London, N7 9SL
2026-09-30 11:02:31 INFO LEAD new: [Conditions] Islington/P2024/1918/LBC — 116 Liverpool Road, London
2026-09-30 11:02:31 INFO LEAD new: [Conditions] Islington/P2024/1916/FUL — Flat 9, 186 St John Street, London, EC1V 4JZ
2026-09-30 11:02:31 INFO LEAD new: [Conditions] Islington/P2024/1912/LBC — 1 Islington High Street, London
2026-09-30 11:02:31 INFO LEAD new: [Conditions] Islington/P2024/1917/FUL — 16 Kelross Road, London, N5 2QS
2026-09-30 11:02:31 INFO LEAD new: [Conditions] Islington/P2024/1994/FUL — Flat A, 2 Stanley Terrace, London, N19 4JX
2026-09-30 11:02:31 INFO LEAD new: [Conditions] Islington/P2024/1993/FUL — Basement Flat, 517 Holloway Road, London, N19 4BY
2026-09-30 11:02:31 INFO LEAD new: [Conditions] Islington/P2024/1897/ADV — 102 - 108 Clerkenwell Road, London
2026-09-30 11:02:31 INFO LEAD new: [Conditions] Islington/P2024/1909/FUL — 485 Caledonian Road, London
2026-09-30 11:02:31 INFO LEAD new: [Conditions] Islington/P2024/1895/FUL — 13 Gatcombe Road, London, N19 4PT
2026-09-30 11:02:31 INFO LEAD new: [Conditions] Islington/P2024/1879/FUL — 39 - 41, Omnibus House, North Road, London, N7 9DP
2026-09-30 11:02:31 INFO LEAD new: [Conditions] Islington/P2024/1890/FUL — 1 Cruden Street, London, N1 8NJ
2026-09-30 11:02:31 INFO LEAD new: [Conditions] Islington/P2024/1889/PRA — Units 5+6, Angel Gate, London, EC1V 2PT
2026-09-30 11:02:31 INFO LEAD new: [Conditions] Islington/P2024/1881/COL — 92 Hemingford Road, London, N1 1DD
2026-09-30 11:02:31 INFO LEAD new: [Conditions] Islington/P2024/1876/LBC — 212 Liverpool Road, London
2026-09-30 11:02:31 INFO LEAD new: [Conditions] Islington/P2024/1867/FUL — Tranmere House, Morgan Road, London, N7 8NB
2026-09-30 11:02:31 INFO LEAD new: [Conditions] Islington/P2024/1877/LBC — 88 Liverpool Road, London
2026-09-30 11:02:31 INFO LEAD new: [Conditions] Islington/P2024/1878/FUL — Ground Floor Flat, 107 Plimsoll Road, London, N4 2ED
2026-09-30 11:02:31 INFO LEAD new: [Conditions] Islington/P2024/1874/LBC — 120 Liverpool Road, London
2026-09-30 11:02:31 INFO LEAD new: [Conditions] Islington/P2024/1873/FUL — Rear Of 67-81, 81A Benwell Road, London, N7 7BW
2026-09-30 11:02:31 INFO LEAD new: [Conditions] Islington/P2024/1875/LBC — 135 Liverpool Road, London
2026-09-30 11:02:31 INFO LEAD new: [Conditions] Islington/P2024/1871/LBC — 23 Colebrooke Row, London
2026-09-30 11:02:31 INFO LEAD new: [Conditions] Islington/P2024/1866/FUL — 7 St Clements Street, London, N7 8BQ
2026-09-30 11:02:31 INFO LEAD new: [Conditions] Islington/P2024/1863/LBC — 64 Gibson Square, London, N1 0RA
2026-09-30 11:02:31 INFO LEAD new: [Conditions] Islington/P2024/1870/LBC — 25 Cloudesley Street, London
2026-09-30 11:02:31 INFO LEAD new: [Conditions] Islington/P2024/1853/FUL — 115 Old Street, London, EC1V 9RT
2026-09-30 11:02:31 INFO LEAD new: [Conditions] Islington/P2024/1856/ADV — Basement And Ground Floor At 90, 90 - 93 Cowcross Street, Lo
2026-09-30 11:02:31 INFO LEAD new: [Conditions] Islington/P2024/1857/FUL — Ground floor flat, 43 Carleton Road London, N7 0ET
2026-09-30 11:02:31 INFO LEAD new: [Conditions] Islington/P2024/1861/FUL — Flat 4, 9 Alwyne Place, London, N1 2NL
2026-09-30 11:02:31 INFO LEAD new: [Conditions] Islington/P2024/1860/FUL — 12 College Cross, London, N1 1PR
2026-09-30 11:02:31 INFO LEAD new: [Conditions] Islington/P2024/1854/LBC — 115 Old Street, London, EC1V 9RT
2026-09-30 11:02:31 INFO LEAD new: [Conditions] Islington/P2024/1848/FUL — 51 Arthur Road, London
2026-09-30 11:02:31 INFO LEAD new: [Conditions] Islington/P2024/1850/FUL — 12 Highbury Crescent, London, N5 1RN
2026-09-30 11:02:31 INFO LEAD new: [Conditions] Islington/P2024/1840/FUL — 224 - 232 St John Street, London, EC1V 4QR
2026-09-30 11:02:32 INFO LEAD new: [Conditions] Islington/P2024/1847/FUL — Flat A, 37 Oakley Road, London, N1 3LL
2026-09-30 11:02:32 INFO LEAD new: [Conditions] Islington/P2024/1851/LBC — 12 Highbury Crescent, London, N5 1RN
2026-09-30 11:02:32 INFO LEAD new: [Conditions] Islington/P2024/1839/COL — Part Basement & Ground Floor, 1 Islington High Street, Londo
2026-09-30 11:02:32 INFO LEAD new: [Conditions] Islington/P2024/1827/FUL — 84 Thorpedale Road, London, N4 3BW
2026-09-30 11:02:32 INFO LEAD new: [Conditions] Islington/P2024/1825/FUL — Flat 2 and 3, 9 Mount View Road, London, N4 4SS
2026-09-30 11:02:32 INFO LEAD new: [Conditions] Islington/P2024/1829/PRA — 65 Landseer Road, London, N19 4JR
2026-09-30 11:02:32 INFO LEAD new: [Conditions] Islington/P2024/1837/COL — 47 Wyatt Road, London, N5 2JU
2026-09-30 11:02:38 INFO [islington/Conditions] page at offset 3700: 100 records
2026-09-30 11:02:38 INFO LEAD new: [Conditions] Islington/P2024/1817/LBC — 113 Liverpool Road, London
2026-09-30 11:02:38 INFO LEAD new: [Conditions] Islington/P2024/1819/LBC — 125 Liverpool Road, London
2026-09-30 11:02:38 INFO LEAD new: [Conditions] Islington/P2024/1813/FUL — 14 Annette Road, London
2026-09-30 11:02:38 INFO LEAD new: [Conditions] Islington/P2024/2022/FUL — 1 Francis Terrace, London, N19 5PY
2026-09-30 11:02:38 INFO LEAD new: [Conditions] Islington/P2024/1821/AOD — 1 Queensland Road, London
2026-09-30 11:02:38 INFO LEAD new: [Conditions] Islington/P2024/1814/FUL — 60 Arthur Road, London, N7 6DR
2026-09-30 11:02:38 INFO LEAD new: [Conditions] Islington/P2024/1818/FUL — 26 Bolton Walk, London, N7 7RW
2026-09-30 11:02:38 INFO LEAD new: [Conditions] Islington/P2024/1805/FUL — 25 Gladsmuir Road, London, N19 3JY
2026-09-30 11:02:38 INFO LEAD new: [Conditions] Islington/P2024/1801/FUL — Rear of 4 Highbury Park, Islington, London, N5 2AB
2026-09-30 11:02:38 INFO LEAD new: [Conditions] Islington/P2024/1809/FUL — 27, Highbury Hill, London, N5 1SU
2026-09-30 11:02:38 INFO LEAD new: [Conditions] Islington/P2024/1803/AOD — Charles Rowan House, Margery Street, London
2026-09-30 11:02:38 INFO LEAD new: [Conditions] Islington/P2024/1811/AOD — Flat C, 1 Davenant Road, London, N19 3NW
2026-09-30 11:02:38 INFO LEAD new: [Conditions] Islington/P2024/1793/FUL — 22 St Paul Street, London, N1 7AB
2026-09-30 11:02:38 INFO LEAD new: [Conditions] Islington/P2024/1681/FUL — 28 Lockhart Close, London, N7 8ST
2026-09-30 11:02:38 INFO LEAD new: [Conditions] Islington/P2024/1762/AOD — 4, Brandon Road, London, N7 9AA
2026-09-30 11:02:38 INFO LEAD new: [Conditions] Islington/P2024/1988/AOD — 4, Brandon Road, London, N7 9AA
2026-09-30 11:02:38 INFO LEAD new: [Conditions] Islington/P2024/1756/FUL — 54 Tytherton Road, London, N19 4QA
2026-09-30 11:02:38 INFO LEAD new: [Conditions] Islington/P2024/1764/FUL — Flat 22, Warner House, 43 - 49 Warner Street, London, EC1R 5
2026-09-30 11:02:38 INFO LEAD new: [Conditions] Islington/P2024/1755/ADV — 163 - 165 Whitecross Street, Basement And Ground Floor, Lond
2026-09-30 11:02:38 INFO LEAD new: [Conditions] Islington/P2024/1771/FUL — 34 Wyatt Road, London, N5 2JU
2026-09-30 11:02:38 INFO LEAD new: [Conditions] Islington/P2024/1773/FUL — Flat 5, 9 Mount View Road, London, N4 4SS
2026-09-30 11:02:38 INFO LEAD new: [Conditions] Islington/P2024/1751/FUL — 39A and 39B Stroud Green Road, London, N4 3EF
2026-09-30 11:02:38 INFO LEAD new: [Conditions] Islington/P2024/1750/S73 — 2 Baalbec Road, London, N5 1QN
2026-09-30 11:02:38 INFO LEAD new: [Conditions] Islington/P2024/1774/FUL — 11 Holmcote Gardens, London, N5 2EP
2026-09-30 11:02:38 INFO LEAD new: [Conditions] Islington/P2024/1749/FUL — 62 Fairbridge Road, London
2026-09-30 11:02:38 INFO LEAD new: [Conditions] Islington/P2024/1746/AOD — Manor Gardens Centre, 6 - 9 Manor Gardens, London, N7 6LA
2026-09-30 11:02:38 INFO LEAD new: [Conditions] Islington/P2024/1754/FUL — 39B Stroud Green Road, London, N4 3EF
2026-09-30 11:02:38 INFO LEAD new: [Conditions] Islington/P2024/1752/FUL — 44 Arthur Road, London, N7 6DR
2026-09-30 11:02:38 INFO LEAD new: [Conditions] Islington/P2024/1865/FUL — 185 - 187 Caledonian Road, London, N1 0SL
2026-09-30 11:02:38 INFO LEAD new: [Conditions] Islington/P2024/1784/LBC — 23 Great Percy Street, London, WC1X 9RD
2026-09-30 11:02:38 INFO LEAD new: [Conditions] Islington/P2024/1778/ADV — Basement And Ground Floors, 41 Islington High Street, London
2026-09-30 11:02:38 INFO LEAD new: [Conditions] Islington/P2024/1785/LBC — 38 Sekforde Street, London, EC1R 0HA
2026-09-30 11:02:38 INFO LEAD new: [Conditions] Islington/P2024/1790/LBC — Flat A, 70 Amwell Street, London, EC1R 1UU
2026-09-30 11:02:38 INFO LEAD new: [Conditions] Islington/P2024/1783/LBC — 34 Thornhill Square, London, N1 1BE
2026-09-30 11:02:38 INFO LEAD new: [Conditions] Islington/P2024/1782/AOD — Hostel And Premises, 38 - 44 Islington Park Street, London, 
2026-09-30 11:02:38 INFO LEAD new: [Conditions] Islington/P2024/1786/FUL — 40A Arthur Road, London
2026-09-30 11:02:38 INFO LEAD new: [Conditions] Islington/P2024/1742/FUL — 6, Cornwallis Road, London, N19 4LU
2026-09-30 11:02:38 INFO LEAD new: [Conditions] Islington/P2024/1737/LBC — 61 Noel Road, London, N1 8HE
2026-09-30 11:02:38 INFO LEAD new: [Conditions] Islington/P2024/1741/FUL — 27 Alwyne Road, London, N1 2HN
2026-09-30 11:02:38 INFO LEAD new: [Conditions] Islington/P2024/1739/FUL — 21 Napier Terrace, London, N1 1TJ
2026-09-30 11:02:38 INFO LEAD new: [Conditions] Islington/P2024/1735/S73 — 61 Elmore Street, London
2026-09-30 11:02:38 INFO LEAD new: [Conditions] Islington/P2024/1743/FUL — Wynn Court, 311 Liverpool Road, London, N1 1NG
2026-09-30 11:02:38 INFO LEAD new: [Conditions] Islington/P2024/1740/FUL — 47 Arthur Road, London, N7 6DT
2026-09-30 11:02:38 INFO LEAD new: [Conditions] Islington/P2024/1729/FUL — 37 Arthur Road, London
2026-09-30 11:02:38 INFO LEAD new: [Conditions] Islington/P2024/1724/AOD — Lionel Denny House, 23 Goswell Road, London, EC1M 7AJ
2026-09-30 11:02:38 INFO LEAD new: [Conditions] Islington/P2024/1727/FUL — 8 Collins Yard, London, N1 2XU
2026-09-30 11:02:38 INFO LEAD new: [Conditions] Islington/P2024/1721/LBC — Flat 6, 133 Upper Street, London, N1 1QP
2026-09-30 11:02:38 INFO LEAD new: [Conditions] Islington/P2024/1711/FUL — 125 Isledon Road, London N7 7JP
2026-09-30 11:02:38 INFO LEAD new: [Conditions] Islington/P2024/1713/FUL — 456 Caledonian Road, London, N7 8TD
2026-09-30 11:02:38 INFO LEAD new: [Conditions] Islington/P2024/1712/FUL — 23 Drayton Park, London N5 1NT
2026-09-30 11:02:38 INFO LEAD new: [Conditions] Islington/P2024/1706/FUL — 90 Shaftesbury Road, London
2026-09-30 11:02:38 INFO LEAD new: [Conditions] Islington/P2024/1714/FUL — 22 Annette Road, London N7 6EF
2026-09-30 11:02:38 INFO LEAD new: [Conditions] Islington/P2024/1710/FUL — 119 Hornsey Road, London N6 6DP
2026-09-30 11:02:38 INFO LEAD new: [Conditions] Islington/P2024/1718/AOD — 2, Hungerford Road, London, N7 9LX
2026-09-30 11:02:38 INFO LEAD new: [Conditions] Islington/P2024/1717/LBC — 9 Alwyne Road, London, N1 2HH
2026-09-30 11:02:38 INFO LEAD new: [Conditions] Islington/P2024/1719/FUL — 28 Vickery Court, Mitchell Street, London, EC1V 3QL
2026-09-30 11:02:38 INFO LEAD new: [Conditions] Islington/P2024/1768/FUL — 30 Trinder Road, London, N19 4QU
2026-09-30 11:02:38 INFO LEAD new: [Conditions] Islington/P2024/1708/FUL — 59 Witherington Road, London N5 1PN
2026-09-30 11:02:38 INFO LEAD new: [Conditions] Islington/P2024/1716/FUL — 9 Alwyne Road, London, N1 2HH
2026-09-30 11:02:39 INFO LEAD new: [Conditions] Islington/P2024/1705/FUL — Flat A, 24 Tabley Road, London, N7 0NQ
2026-09-30 11:02:39 INFO LEAD new: [Conditions] Islington/P2024/1698/FUL — Flat A, 26 St Thomas's Road, London, N4 2QQ
2026-09-30 11:02:39 INFO LEAD new: [Conditions] Islington/P2024/1699/FUL — 15 - 19 Baker's Row, London, EC1R 3DB
2026-09-30 11:02:39 INFO LEAD new: [Conditions] Islington/P2024/1688/FUL — 93 Hargrave Park, London, N19 5JW
2026-09-30 11:02:39 INFO LEAD new: [Conditions] Islington/P2024/1691/FUL — 1 Station Lane, N4 2HU
2026-09-30 11:02:39 INFO LEAD new: [Conditions] Islington/P2024/1693/FUL — Flat B, 36 Hemingford Road, London, N1 0JU
2026-09-30 11:02:39 INFO LEAD new: [Conditions] Islington/P2024/1678/ADV — Ground Floor, Grant House, 56 - 60 St John Street, London, E
2026-09-30 11:02:39 INFO LEAD new: [Conditions] Islington/P2024/1673/FUL — 13 Sotheby Road, London, N5 2UP
2026-09-30 11:02:39 INFO LEAD new: [Conditions] Islington/P2024/1679/FUL — 184 -196 Old Street, EC1V 9FR
2026-09-30 11:02:39 INFO LEAD new: [Conditions] Islington/P2024/1660/FUL — 46 Westbourne Road, London, N7 8AB
2026-09-30 11:02:39 INFO LEAD new: [Conditions] Islington/P2024/1659/AOD — 1, Torrens Street, London, EC1V 1NQ
2026-09-30 11:02:39 INFO LEAD new: [Conditions] Islington/P2024/1986/AOD — St Pauls Steiner School, 1 St Paul's Road, London, N1 2QH
2026-09-30 11:02:39 INFO LEAD new: [Conditions] Islington/P2024/1668/ADV — The Goldsmiths Centre, 42 Britton Street, London, EC1M 5AD
2026-09-30 11:02:39 INFO LEAD new: [Conditions] Islington/P2024/1631/PRA — 12 Blackstock Mews, London, N4 2BT
2026-09-30 11:02:39 INFO LEAD new: [Conditions] Islington/P2024/1664/FUL — Flat B, 10 Middleton Grove, London, N7 9LS
2026-09-30 11:02:39 INFO LEAD new: [Conditions] Islington/P2024/1667/FUL — Flat 1, 63 Crouch Hill, London, N4 4AJ
2026-09-30 11:02:39 INFO LEAD new: [Conditions] Islington/P2024/1662/FUL — 18-19 Annette Road, London, N7 6EH
2026-09-30 11:02:39 INFO LEAD new: [Conditions] Islington/P2024/1658/PRA — 221 St John Street, London, EC1V 4LY
2026-09-30 11:02:39 INFO LEAD new: [Conditions] Islington/P2024/1652/FUL — Flat D, 58 Mildmay Park, London, N1 4PR
2026-09-30 11:02:39 INFO LEAD new: [Conditions] Islington/P2024/1653/FUL — 7 Annette Road, London
2026-09-30 11:02:39 INFO LEAD new: [Conditions] Islington/P2024/1657/FUL — 82 Mildmay Park, London N1 4PR
2026-09-30 11:02:39 INFO LEAD new: [Conditions] Islington/P2024/1656/FUL — Hood Court, 42 Mayton Street, London
2026-09-30 11:02:39 INFO LEAD new: [Conditions] Islington/P2024/1655/FUL — Ground Floor, 302 Caledonian Road, London, N1 1BB
2026-09-30 11:02:39 INFO LEAD new: [Conditions] Islington/P2024/1642/FUL — 23 Allingham Street, London, N1 8NX
2026-09-30 11:02:39 INFO LEAD new: [Conditions] Islington/P2024/1635/LBC — Lion Apartment, 2, 24 North Road, London, N7 9EA
2026-09-30 11:02:39 INFO LEAD new: [Conditions] Islington/P2024/1637/FUL — First And Second Floors, 45 Melgund Road, London, N5 1PT
2026-09-30 11:02:39 INFO LEAD new: [Conditions] Islington/P2024/1639/FUL — 39 Linton Street, London, N1 7AN
2026-09-30 11:02:39 INFO LEAD new: [Conditions] Islington/P2024/1638/LBC — Denmark House, 9 - 13 Cowcross Street, London
2026-09-30 11:02:39 INFO LEAD new: [Conditions] Islington/P2024/1633/FUL — 28 Leconfield Road, London, N5 2SN
2026-09-30 11:02:39 INFO LEAD new: [Conditions] Islington/P2024/1643/FUL — 101 Sotheby Road, London, N5 2UT
2026-09-30 11:02:39 INFO LEAD new: [Conditions] Islington/P2024/1629/PRA — 465, 1st Floor Office, Holloway Road, N7 6BQ
2026-09-30 11:02:39 INFO LEAD new: [Conditions] Islington/P2024/1647/FUL — 50 Crouch Hill, London, N4 4AA
2026-09-30 11:02:39 INFO LEAD new: [Conditions] Islington/P2024/1634/ADV — Public House, 3 - 5 Islington High Street, London, N1 9LQ
2026-09-30 11:02:39 INFO LEAD new: [Conditions] Islington/P2024/1610/FUL — 47-51 Tollington Park, London, N4 3QP
2026-09-30 11:02:39 INFO LEAD new: [Conditions] Islington/P2024/1607/S73 — 65 Hornsey Road, London, N7 6DG
2026-09-30 11:02:39 INFO LEAD new: [Conditions] Islington/P2024/1613/FUL — 57 Canonbury Road, London, N1 2DG
2026-09-30 11:02:39 INFO LEAD new: [Conditions] Islington/P2024/1609/FUL — Flat B, 9 Woodfall Road, London, N4 3JD
2026-09-30 11:02:39 INFO LEAD new: [Conditions] Islington/P2024/1606/FUL — Flat 1, 177 Northchurch Road, London, N1 3NT
2026-09-30 11:02:39 INFO LEAD new: [Conditions] Islington/P2024/1616/FUL — 27 Quaker Court, Banner Street, London, EC1Y 8QA
2026-09-30 11:02:39 INFO LEAD new: [Conditions] Islington/P2024/1614/LBC — 57 Canonbury Road, London, N1 2DG
2026-09-30 11:02:39 INFO LEAD new: [Conditions] Islington/P2024/1615/FUL — 10 - 11 Upper Street, London
2026-09-30 11:02:45 WARNING Rate limited (429); waiting 1112s before retry 1/6
2026-09-30 11:21:19 INFO [islington/Conditions] page at offset 3800: 100 records
2026-09-30 11:21:19 INFO LEAD new: [Conditions] Islington/P2024/1600/FUL — Shearling Way Estate, Shearling Way, N7
2026-09-30 11:21:19 INFO LEAD new: [Conditions] Islington/P2024/1605/FUL — Flat 29, The Courtyard, 154 Goswell Road, London, EC1V 7DX
2026-09-30 11:21:19 INFO LEAD new: [Conditions] Islington/P2024/1603/AOD — 3 Compton Terrace, London
2026-09-30 11:21:19 INFO LEAD new: [Conditions] Islington/P2024/1598/AOD — Town Hall, Upper Street, London, N1 2UD
2026-09-30 11:21:19 INFO LEAD new: [Conditions] Islington/P2024/1585/FUL — 4 Furlong Road, London, N7 8LS
2026-09-30 11:21:19 INFO LEAD new: [Conditions] Islington/P2024/1592/FUL — 159 Hemingford Road, London
2026-09-30 11:21:19 INFO LEAD new: [Conditions] Islington/P2024/1593/LBC — 159 Hemingford Road, London
2026-09-30 11:21:19 INFO LEAD new: [Conditions] Islington/P2024/1588/LBC — 4 Furlong Road, London, N7 8LS
2026-09-30 11:21:19 INFO LEAD new: [Conditions] Islington/P2024/1597/FUL — Battlebridge Court, 38 Wharfdale Road, London
2026-09-30 11:21:19 INFO LEAD new: [Conditions] Islington/P2024/1578/FUL — Flat A, 11 Arundel Square, London, N7 8AT
2026-09-30 11:21:19 INFO LEAD new: [Conditions] Islington/P2024/1579/FUL — 29 Ronalds Road, London
2026-09-30 11:21:19 INFO LEAD new: [Conditions] Islington/P2024/1581/FUL — First Floor Flat, 151 Marlborough Road, London, N19 4NR
2026-09-30 11:21:19 INFO LEAD new: [Conditions] Islington/P2024/1580/FUL — 2 Hemingford Road, London
2026-09-30 11:21:19 INFO LEAD new: [Conditions] Islington/P2024/1565/PRA — 358 - 362 Goswell Road, London, EC1V 7LQ
2026-09-30 11:21:19 INFO LEAD new: [Conditions] Islington/P2024/1552/AOD — Apartment 8, 3 Barnsbury Square, London, N1 1JL
2026-09-30 11:21:19 INFO LEAD new: [Conditions] Islington/P2024/1546/FUL — 38 Thorpedale Road, London, N4 3BL
2026-09-30 11:21:19 INFO LEAD new: [Conditions] Islington/P2024/1568/FUL — Flat A, 42 Gerrard Road, London, N1 8AX
2026-09-30 11:21:19 INFO LEAD new: [Conditions] Islington/P2024/1572/FUL — Flat A, 123 Packington Street, London, N1 7EA
2026-09-30 11:21:19 INFO LEAD new: [Conditions] Islington/P2024/1570/FUL — Flat 239a, The Beaux Arts Building, 10 - 18 Manor Gardens, L
2026-09-30 11:21:19 INFO LEAD new: [Conditions] Islington/P2024/1551/FUL — 30 Caedmon Road, London, N7 6DH
2026-09-30 11:21:19 INFO LEAD new: [Conditions] Islington/P2024/1545/FUL — Flat C, 19 Alwyne Road, London, N1 2HN
2026-09-30 11:21:19 INFO LEAD new: [Conditions] Islington/P2024/1553/S73 — 55 Crouch Hill, London
2026-09-30 11:21:19 INFO LEAD new: [Conditions] Islington/P2024/1559/FUL — Grant House, Ground Floor, 56 - 60 St John Street, London, E
2026-09-30 11:21:19 INFO LEAD new: [Conditions] Islington/P2024/1564/PRA — Unit 24, Angel Gate, London
2026-09-30 11:21:19 INFO LEAD new: [Conditions] Islington/P2024/1556/AOD — Willen House, 8 - 26 Bath Street, London
2026-09-30 11:21:19 INFO LEAD new: [Conditions] Islington/P2024/1569/LBC — Flat A, 42 Gerrard Road, London, N1 8AX
2026-09-30 11:21:19 INFO LEAD new: [Conditions] Islington/P2024/1557/FUL — 21 Lucerne Road, London, N5 1TZ
2026-09-30 11:21:19 INFO LEAD new: [Conditions] Islington/P2024/1555/AOD — Willen House, 8 - 26 Bath Street, London, EC1V 9DX
2026-09-30 11:21:19 INFO LEAD new: [Conditions] Islington/P2024/1554/AOD — 302 Liverpool Road, London, N7 8PU
2026-09-30 11:21:19 INFO LEAD new: [Conditions] Islington/P2024/1543/LBC — Land Rear Of 28 Amwell Street, Amwell Street, London
2026-09-30 11:21:19 INFO LEAD new: [Conditions] Islington/P2024/1540/FUL — Land Rear Of 28 Amwell Street, Amwell Street, London
2026-09-30 11:21:19 INFO LEAD new: [Conditions] Islington/P2024/1536/FUL — Flat A, 14 Cornwallis Road, London, N19 4LU
2026-09-30 11:21:19 INFO LEAD new: [Conditions] Islington/P2024/1539/S73 — 48 Corbyn Street, London, N4 3BZ
2026-09-30 11:21:19 INFO LEAD new: [Conditions] Islington/P2024/1508/LBC — College Building City University, 280 St John Street, London
2026-09-30 11:21:19 INFO LEAD new: [Conditions] Islington/P2024/1534/FUL — Flat A, 26 Dunford Road, London, N7 6EL
2026-09-30 11:21:19 INFO LEAD new: [Conditions] Islington/P2024/1531/LBC — 17, Wharton Street, London, WC1X 9PT
2026-09-30 11:21:19 INFO LEAD new: [Conditions] Islington/P2024/1532/FUL — Basement And Ground Floor, 9 - 10 Domingo Street, London, EC
2026-09-30 11:21:19 INFO LEAD new: [Conditions] Islington/P2024/1535/FUL — 27 Beresford Road, London
2026-09-30 11:21:19 INFO LEAD new: [Conditions] Islington/P2024/1533/ADV — Basement And Ground Floor, 35 - 39 Old Street, London, EC1V 
2026-09-30 11:21:19 INFO LEAD new: [Conditions] Islington/P2024/1513/NMA — 28 Penton Street, London
2026-09-30 11:21:19 INFO LEAD new: [Conditions] Islington/P2024/1530/LBC — 23 Wharton Street, London, WC1X 9PT
2026-09-30 11:21:19 INFO LEAD new: [Conditions] Islington/P2024/1690/COL — 1, King Henry Street, London, N16 8LT
2026-09-30 11:21:19 INFO LEAD new: [Conditions] Islington/P2024/1487/FUL — 15 Marlborough Yard, London, N19 4ND
2026-09-30 11:21:19 INFO LEAD new: [Conditions] Islington/P2024/1498/FUL — 39 -41, Seven Sisters Road, London, N7 6AX
2026-09-30 11:21:19 INFO LEAD new: [Conditions] Islington/P2024/1486/FUL — 20 St John's Square, London, EC1M 4AH
2026-09-30 11:21:19 INFO LEAD new: [Conditions] Islington/P2024/1504/AOD — 1 Purley Place, London
2026-09-30 11:21:19 INFO LEAD new: [Conditions] Islington/P2024/1490/AOD — 1 Torrens Street, London, EC1V 1NQ
2026-09-30 11:21:19 INFO LEAD new: [Conditions] Islington/P2024/1484/LBC — 7 Kingsway Place, London, EC1R 0LU
2026-09-30 11:21:19 INFO LEAD new: [Conditions] Islington/P2024/1489/ADV — 2A Parkhurst Road, London, N7 0SF
2026-09-30 11:21:19 INFO LEAD new: [Conditions] Islington/P2024/1488/FUL — 2A Parkhurst Road, London, N7 0SF
2026-09-30 11:21:19 INFO LEAD new: [Conditions] Islington/P2024/1470/LBC — New River Head, 173 Rosebery Avenue, London, EC1R 4UR
2026-09-30 11:21:19 INFO LEAD new: [Conditions] Islington/P2024/1482/FUL — 53 Evershot Road, Flat B, London, N4 3DG
2026-09-30 11:21:19 INFO LEAD new: [Conditions] Islington/P2024/1479/AOD — 23, Lionel Denny House, Goswell Road, London, EC1M 7AJ
2026-09-30 11:21:19 INFO LEAD new: [Conditions] Islington/P2024/1480/FUL — 7 Canonbury Park North, London, N1 2JZ
2026-09-30 11:21:19 INFO LEAD new: [Conditions] Islington/P2024/1481/COL — Washington House, 26 Irving Mews, London, N1 2FP
2026-09-30 11:21:19 INFO LEAD new: [Conditions] Islington/P2024/1478/FUL — 490 Holloway Road, London, N7 6JB
2026-09-30 11:21:19 INFO LEAD new: [Conditions] Islington/P2024/1469/FUL — 16 Whitehall Park, London, N19 3TL
2026-09-30 11:21:19 INFO LEAD new: [Conditions] Islington/P2024/1445/FUL — 43 Milner Square, London
2026-09-30 11:21:19 INFO LEAD new: [Conditions] Islington/P2024/1449/LBC — 44 Milner Square, London, N1 1TW
2026-09-30 11:21:19 INFO LEAD new: [Conditions] Islington/P2024/1466/FUL — Penthouse Flat, 14 - 22 Coleman Fields, London
2026-09-30 11:21:19 INFO LEAD new: [Conditions] Islington/P2024/1446/LBC — 43 Milner Square, London
2026-09-30 11:21:19 INFO LEAD new: [Conditions] Islington/P2024/1453/LBC — 46 Gibson Square, London N1 0RA
2026-09-30 11:21:19 INFO LEAD new: [Conditions] Islington/P2024/1448/FUL — 44 Milner Square, London, N1 1TW
2026-09-30 11:21:19 INFO LEAD new: [Conditions] Islington/P2024/1460/FUL — Flat A, 39 Roden Street, London, N7 6QJ
2026-09-30 11:21:19 INFO LEAD new: [Conditions] Islington/P2024/1456/NMA — River House, 143 - 145, Farringdon Road, London, EC1R 3AB
2026-09-30 11:21:19 INFO LEAD new: [Conditions] Islington/P2024/1462/FUL — 1, Morea Mews, London, N5 2EE
2026-09-30 11:21:19 INFO LEAD new: [Conditions] Islington/P2024/1461/FUL — 18-20 Tileyard Road, London, N7 9AH
2026-09-30 11:21:19 INFO LEAD new: [Conditions] Islington/P2024/1458/LBC — 24 Tibberton Square, London, N1 8SF
2026-09-30 11:21:19 INFO LEAD new: [Conditions] Islington/P2024/1447/FUL — 46 Gibson Square, London N1 0RA
2026-09-30 11:21:19 INFO LEAD new: [Conditions] Islington/P2024/1443/FUL — 31 Allingham Street, London, N1 8NX
2026-09-30 11:21:19 INFO LEAD new: [Conditions] Islington/P2024/1434/FUL — 120 Fonthill Road, London, N4 3HP
2026-09-30 11:21:19 INFO LEAD new: [Conditions] Islington/P2024/1433/LBC — 302 Liverpool Road, London, N7 8PU
2026-09-30 11:21:19 INFO LEAD new: [Conditions] Islington/P2024/1435/FUL — 38 Horsell Road, London
2026-09-30 11:21:19 INFO LEAD new: [Conditions] Islington/P2024/1436/COL — 6 Edward's Cottages, London, N1 2XL
2026-09-30 11:21:19 INFO LEAD new: [Conditions] Islington/P2024/1439/ADV — Mount Pleasant Sorting Office, Farringdon Road, London, EC1A
2026-09-30 11:21:19 INFO LEAD new: [Conditions] Islington/P2024/1442/S73 — 1 Keighley Close, London, N7 9RT
2026-09-30 11:21:19 INFO LEAD new: [Conditions] Islington/P2024/1440/FUL — 71 Harberton Road, London, N19 3JT
2026-09-30 11:21:19 INFO LEAD new: [Conditions] Islington/P2024/1431/S19 — 34 Halton Road, London, N1 2EU
2026-09-30 11:21:19 INFO LEAD new: [Conditions] Islington/P2024/1430/AOD — 34 Halton Road, London, N1 2EU
2026-09-30 11:21:19 INFO LEAD new: [Conditions] Islington/P2024/1420/FUL — Pugin Court, 285 Liverpool Road, London
2026-09-30 11:21:19 INFO LEAD new: [Conditions] Islington/P2024/1429/COL — Public Open Space, St Jude Street, London
2026-09-30 11:21:19 INFO LEAD new: [Conditions] Islington/P2024/1423/FUL — Flat 18-19, 70 - 72 Old Street, London, EC1V 9AN
2026-09-30 11:21:19 INFO LEAD new: [Conditions] Islington/P2024/1425/FUL — 101 Pentonville Road, London
2026-09-30 11:21:19 INFO LEAD new: [Conditions] Islington/P2024/1424/FUL — 24 Elizabeth Avenue, London, N1 3BL
2026-09-30 11:21:19 INFO LEAD new: [Conditions] Islington/P2024/1427/PRA — 438-440 Holloway Road, London, N7 6QA
2026-09-30 11:21:19 INFO LEAD new: [Conditions] Islington/P2024/1432/FUL — 25 Huddleston Road, London, N7 0AD
2026-09-30 11:21:19 INFO LEAD new: [Conditions] Islington/P2024/1421/FUL — 105 Richmond Avenue, London, N1 0LT
2026-09-30 11:21:19 INFO LEAD new: [Conditions] Islington/P2024/1428/FUL — 678 Holloway Road, London, N19 3NP
2026-09-30 11:21:19 INFO LEAD new: [Conditions] Islington/P2024/1409/AOD — 14, Knights Quarter, St John's Lane, London, EC1M 4BS
2026-09-30 11:21:19 INFO LEAD new: [Conditions] Islington/P2024/1415/FUL — 3 Leaf Walk, London, N7 0FG
2026-09-30 11:21:19 INFO LEAD new: [Conditions] Islington/P2024/1414/FUL — 1 Vernon Rise, London, WC1X 9EP
2026-09-30 11:21:19 INFO LEAD new: [Conditions] Islington/P2024/1412/LBC — 415 Liverpool Road, London, N7 8PR
2026-09-30 11:21:19 INFO LEAD new: [Conditions] Islington/P2024/1405/AOD — 1, Torrens Street, London, EC1V 1NQ
2026-09-30 11:21:19 INFO LEAD new: [Conditions] Islington/P2024/1416/FUL — 55 Sussex Way, London, N7 6RT
2026-09-30 11:21:19 INFO LEAD new: [Conditions] Islington/P2024/1417/COL — 36 Framfield Road, London, N5 1UU
2026-09-30 11:21:19 INFO LEAD new: [Conditions] Islington/P2024/1411/FUL — 415 Liverpool Road, London, N7 8PR
2026-09-30 11:21:19 INFO LEAD new: [Conditions] Islington/P2024/1408/AOD — Town Hall, Upper Street, London, N1 2UD
2026-09-30 11:21:19 INFO LEAD new: [Conditions] Islington/P2024/1391/COL — 12 Manger Road, London, N7 9TQ
2026-09-30 11:21:19 INFO LEAD new: [Conditions] Islington/P2024/1393/FUL — 15 Mountgrove Road, London, N5 2LU
2026-09-30 11:21:26 INFO [islington/Conditions] page at offset 3900: 100 records
2026-09-30 11:21:26 INFO LEAD new: [Conditions] Islington/P2024/1400/FUL — 41 Tabley Road, London, N7 0NA
2026-09-30 11:21:26 INFO LEAD new: [Conditions] Islington/P2024/1389/FUL — 12 Halliford Street, London, N1 3HD
2026-09-30 11:21:26 INFO LEAD new: [Conditions] Islington/P2024/1399/FUL — Top Floor Flat, 102 Sussex Way, London, N7 6RR
2026-09-30 11:21:26 INFO LEAD new: [Conditions] Islington/P2024/1396/FUL — 120 St John Street, London, EC1V 4JS
2026-09-30 11:21:26 INFO LEAD new: [Conditions] Islington/P2024/1390/FUL — 64 Compton Street, London, EC1V 0BN
2026-09-30 11:21:26 INFO LEAD new: [Conditions] Islington/P2024/1403/FUL — Ground Floor Flat, 1 Bryantwood Road, London, N7 7BG
2026-09-30 11:21:26 INFO LEAD new: [Conditions] Islington/P2024/1384/ADV — Northway House, 257 - 258 Upper Street, London, N1 1RU
2026-09-30 11:21:26 INFO LEAD new: [Conditions] Islington/P2024/1383/FUL — Northway House, 257 - 258 Upper Street, London, N1 1RU
2026-09-30 11:21:26 INFO LEAD new: [Conditions] Islington/P2024/1387/S73 — 59-61 Brooksby Street, London, N1 1EX
2026-09-30 11:21:26 INFO LEAD new: [Conditions] Islington/P2024/1376/FUL — 77 - 78 Upper Street, London, N1 0NU
2026-09-30 11:21:26 INFO LEAD new: [Conditions] Islington/P2024/1374/ADV — Basement And Ground Floor, 73 Caledonian Road, London, N1 9B
2026-09-30 11:21:26 INFO LEAD new: [Conditions] Islington/P2024/1359/FUL — 13 College Cross, London, N1 1PT
2026-09-30 11:21:26 INFO LEAD new: [Conditions] Islington/P2024/1372/COL — 15 Mountgrove Road, London, N5 2LU
2026-09-30 11:21:26 INFO LEAD new: [Conditions] Islington/P2024/1361/FUL — 15 Claremont Square, Flat B, London, N1 9LY
2026-09-30 11:21:26 INFO LEAD new: [Conditions] Islington/P2024/1362/LBC — 15 Claremont Square, Flat B, London, N1 9LY
2026-09-30 11:21:26 INFO LEAD new: [Conditions] Islington/P2024/1360/LBC — 13 College Cross, London, N1 1PT
2026-09-30 11:21:26 INFO LEAD new: [Conditions] Islington/P2024/1373/FUL — 1 Bunhill Row, London, EC1Y 8YY
2026-09-30 11:21:26 INFO LEAD new: [Conditions] Islington/P2024/1382/FUL — 74 Hungerford Road London
2026-09-30 11:21:26 INFO LEAD new: [Conditions] Islington/P2024/1491/FUL — 6 Canonbury Square, London, N1 2AU
2026-09-30 11:21:26 INFO LEAD new: [Conditions] Islington/P2024/1343/FUL — 396 Camden Road, London
2026-09-30 11:21:26 INFO LEAD new: [Conditions] Islington/P2024/1369/FUL — 11 - 13 Charterhouse Buildings, London
2026-09-30 11:21:26 INFO LEAD new: [Conditions] Islington/P2024/1368/FUL — 45 Penn Road, London, N7 9RE
2026-09-30 11:21:26 INFO LEAD new: [Conditions] Islington/P2024/1370/AOD — Willen House, 8 - 26 Bath Street, London
2026-09-30 11:21:26 INFO LEAD new: [Conditions] Islington/P2024/1367/FUL — 9 Clock Tower Mews, London, N1 7BB
2026-09-30 11:21:26 INFO LEAD new: [Conditions] Islington/P2024/1330/ADV — Ground Floor, 15 Northburgh Street, London, EC1V 0JR
2026-09-30 11:21:26 INFO LEAD new: [Conditions] Islington/P2024/1332/LBC — 6 Canonbury Square, London, N1 2AU
2026-09-30 11:21:26 INFO LEAD new: [Conditions] Islington/P2024/1380/COL — 40 Drayton Park, London, N5 1PW
2026-09-30 11:21:26 INFO LEAD new: [Conditions] Islington/P2024/1349/FUL — Flat 14, Citybridge House, 235 - 245 Goswell Road, London, E
2026-09-30 11:21:26 INFO LEAD new: [Conditions] Islington/P2024/1340/AOD — 3 - 7 Herbal Hill, London
2026-09-30 11:21:26 INFO LEAD new: [Conditions] Islington/P2024/1353/ADV — 11 - 13 Charterhouse Buildings, London
2026-09-30 11:21:26 INFO LEAD new: [Conditions] Islington/P2024/1331/FUL — Toffee Park, Ironmonger Row, London, EC1V 3QS
2026-09-30 11:21:26 INFO LEAD new: [Conditions] Islington/P2024/1342/FUL — 26 St George's Avenue, Flat 1, London, N7 0HD
2026-09-30 11:21:26 INFO LEAD new: [Conditions] Islington/P2024/1347/FUL — 15, Vickery Court Mitchell Street, London, EC1V 3QL
2026-09-30 11:21:26 INFO LEAD new: [Conditions] Islington/P2024/1348/FUL — 76 Hemingford Road, London, N1 1DB
2026-09-30 11:21:26 INFO LEAD new: [Conditions] Islington/P2024/1337/FUL — 50 Canonbury Park North, London, N1 2JT
2026-09-30 11:21:26 INFO LEAD new: [Conditions] Islington/P2024/1352/LBC — 61 Noel Road, London, N1 8HE
2026-09-30 11:21:26 INFO LEAD new: [Conditions] Islington/P2024/1322/LBC — Flat B, 29 Pentonville Road, London, N1 9LP
2026-09-30 11:21:26 INFO LEAD new: [Conditions] Islington/P2024/1329/FUL — Ground Floor Flat, 60 Gladsmuir Road, London, N19 3JU
2026-09-30 11:21:26 INFO LEAD new: [Conditions] Islington/P2024/1307/LBC — 54 Newington Green, London, N16 9PX
2026-09-30 11:21:26 INFO LEAD new: [Conditions] Islington/P2024/1311/AOD — 1, Torrens Street, London, EC1V 1NQ
2026-09-30 11:21:26 INFO LEAD new: [Conditions] Islington/P2024/1323/FUL — Flat B, 29 Pentonville Road, London, N1 9LP
2026-09-30 11:21:26 INFO LEAD new: [Conditions] Islington/P2024/1320/FUL — 57 Windsor Road, London, N7 6JL
2026-09-30 11:21:26 INFO LEAD new: [Conditions] Islington/P2024/1327/FUL — 11 Elia Street, London, N1 8DE
2026-09-30 11:21:26 INFO LEAD new: [Conditions] Islington/P2024/1306/LBC — 207 Upper Street, London, N1 1RL
2026-09-30 11:21:26 INFO LEAD new: [Conditions] Islington/P2024/1586/S73 — 46 Corbyn Street, London, N4 3BZ
2026-09-30 11:21:26 INFO LEAD new: [Conditions] Islington/P2024/1305/FUL — 27 Highbury Hill, London, N5 1SU
2026-09-30 11:21:26 INFO LEAD new: [Conditions] Islington/P2024/1302/FUL — Flat 1, 25 Northdown Street, London, N1 9BL
2026-09-30 11:21:26 INFO LEAD new: [Conditions] Islington/P2024/1296/FUL — Flat A, 47 Cheverton Road, London, N19 3BA
2026-09-30 11:21:26 INFO LEAD new: [Conditions] Islington/P2024/1298/LBC — 19 Thornhill Square, London, N1 1BQ
2026-09-30 11:21:26 INFO LEAD new: [Conditions] Islington/P2024/0787 — 32 Richmond Crescent, London, N1 0LY
2026-09-30 11:21:26 INFO LEAD new: [Conditions] Islington/P2024/1294/COL — 6 Bovingdon Close, London, N19 5SN
2026-09-30 11:21:26 INFO LEAD new: [Conditions] Islington/P2024/1284/COL — 33 Mackenzie Road, London, N7 8QY
2026-09-30 11:21:26 INFO LEAD new: [Conditions] Islington/P2024/1291/FUL — Flat C, 158 Tufnell Park Road, London, N7 0DZ
2026-09-30 11:21:26 INFO LEAD new: [Conditions] Islington/P2024/1292/FUL — 17 Highbury Hill, London, N5 1SU
2026-09-30 11:21:26 INFO LEAD new: [Conditions] Islington/P2024/1282/FUL — 19 Gresley Road, London, N19 3LA
2026-09-30 11:21:26 INFO LEAD new: [Conditions] Islington/P2024/1279/FUL — 52 Canonbury Park South, London, N1 2JG
2026-09-30 11:21:26 INFO LEAD new: [Conditions] Islington/P2024/1267/FUL — Unit 1-3, Stapleton House, 271-275 Holloway Road, London, N7
2026-09-30 11:21:26 INFO LEAD new: [Conditions] Islington/P2024/1270/AOD — 50 - 56 Great Sutton Street, London, EC1V 0DE
2026-09-30 11:21:26 INFO LEAD new: [Conditions] Islington/P2024/1272/FUL — 676 Holloway Road, London, N19 3NP
2026-09-30 11:21:26 INFO LEAD new: [Conditions] Islington/P2024/1252/FUL — 19 Coleman Fields, London, N1 7AD
2026-09-30 11:21:26 INFO LEAD new: [Conditions] Islington/P2024/1275/COL — 15 Elphinstone Street, London, N5 1BS
2026-09-30 11:21:26 INFO LEAD new: [Conditions] Islington/P2024/1269/FUL — Units 1-3, Stapleton House, 271 -275 Holloway Road, London, 
2026-09-30 11:21:26 INFO LEAD new: [Conditions] Islington/P2024/1591/S73 — 2 Canonbury Park South, London, N1 2JJ
2026-09-30 11:21:26 INFO LEAD new: [Conditions] Islington/P2024/1248/PRA — Unit 19, Angel Gate, London
2026-09-30 11:21:26 INFO LEAD new: [Conditions] Islington/P2024/1264/FUL — 1 Fulbrook Mews, London, N19 5EN
2026-09-30 11:21:26 INFO LEAD new: [Conditions] Islington/P2024/1247/PRA — Unit 25, Angel Gate, London
2026-09-30 11:21:26 INFO LEAD new: [Conditions] Islington/P2024/1256/FUL — Canonbury House, Canonbury Place, London, N1 2NQ
2026-09-30 11:21:26 INFO LEAD new: [Conditions] Islington/P2024/1260/FUL — 74 Whitehall Park, London, N19 3TN
2026-09-30 11:21:26 INFO LEAD new: [Conditions] Islington/P2024/1254/FUL — 15 Canonbury Park North, London, N1 2JZ
2026-09-30 11:21:26 INFO LEAD new: [Conditions] Islington/P2024/1261/ADV — 57 Liverpool Road, London, N1 0RJ
2026-09-30 11:21:26 INFO LEAD new: [Conditions] Islington/P2024/1259/FUL — 51 Plimsoll Road, London, N4 2EN
2026-09-30 11:21:26 INFO LEAD new: [Conditions] Islington/P2024/1249/PRA — Unit 30, Angel Gate, London, EC1V 2PT
2026-09-30 11:21:26 INFO LEAD new: [Conditions] Islington/P2024/1258/COL — 36 Trinder Road, London, N19 4QU
2026-09-30 11:21:26 INFO LEAD new: [Conditions] Islington/P2024/1246/PRA — Unit 5, Angel Gate, London
2026-09-30 11:21:26 INFO LEAD new: [Conditions] Islington/P2024/0873 — UNIT 31, ANGEL GATE, CITY ROAD, EC1V 2PT
2026-09-30 11:21:26 INFO LEAD new: [Conditions] Islington/P2024/1250/PRA — Unit 12, Angel Gate, London
2026-09-30 11:21:26 INFO LEAD new: [Conditions] Islington/P2024/1726/LBC — 441 Liverpool Road, London, N7 8PR
2026-09-30 11:21:26 INFO LEAD new: [Conditions] Islington/P2024/1241/FUL — 88 Liverpool Road, London, N1 0RE
2026-09-30 11:21:26 INFO LEAD new: [Conditions] Islington/P2024/1239/LBC — Flat A, 20 Cloudesley Square, London, N1 0HN
2026-09-30 11:21:26 INFO LEAD new: [Conditions] Islington/P2024/1243/COL — Flat 1 At 26, 26 - 28 Danbury Street, London, N1 8JU
2026-09-30 11:21:26 INFO LEAD new: [Conditions] Islington/P2024/1242/FUL — 5 Robinswood Mews, London, N5 1RH
2026-09-30 11:21:26 INFO LEAD new: [Conditions] Islington/P2024/1238/FUL — Flat A, 20 Cloudesley Square, London, N1 0HN
2026-09-30 11:21:26 INFO LEAD new: [Conditions] Islington/P2024/1228/LBC — 18 Noel Road, London, N1 8HA
2026-09-30 11:21:26 INFO LEAD new: [Conditions] Islington/P2024/1224/FUL — 29 Lidyard Road, London, N19 5NR
2026-09-30 11:21:26 INFO LEAD new: [Conditions] Islington/P2024/1227/FUL — 18 Noel Road, London, N1 8HA
2026-09-30 11:21:26 INFO LEAD new: [Conditions] Islington/P2024/1366/AOD — 11-33 St Johns Street, London, EC1M 4AA
2026-09-30 11:21:26 INFO LEAD new: [Conditions] Islington/P2024/1236/LBC — 45 Theberton Street, London, N1 0QY
2026-09-30 11:21:26 INFO LEAD new: [Conditions] Islington/P2024/1225/COL — 29 Lidyard Road, London, N19 5NR
2026-09-30 11:21:26 INFO LEAD new: [Conditions] Islington/P2024/1234/FUL — 35 Dresden Road, London, N19 3BE
2026-09-30 11:21:26 INFO LEAD new: [Conditions] Islington/P2024/1233/FUL — Farringdon Place, 20 Farringdon Road, London
2026-09-30 11:21:26 INFO LEAD new: [Conditions] Islington/P2024/1232/FUL — 29 Arthur Road, London, N7 6DS
2026-09-30 11:21:26 INFO LEAD new: [Conditions] Islington/P2024/1235/FUL — 45 Theberton Street, London, N1 0QY
2026-09-30 11:21:26 INFO LEAD new: [Conditions] Islington/P2024/1231/LBC — 6 Keystone Crescent, London, N1 9DS
2026-09-30 11:21:26 INFO LEAD new: [Conditions] Islington/P2024/1212/FUL — 12 Barnsbury Terrace, London, N1 1JH
2026-09-30 11:21:26 INFO LEAD new: [Conditions] Islington/P2024/1217/AOD — 14, Knights Quarter, St John's Lane, London, EC1M 4BS
2026-09-30 11:21:26 INFO LEAD new: [Conditions] Islington/P2024/0865 — Land at Angel Gate, London, EC1V 2PT
2026-09-30 11:21:26 INFO LEAD new: [Conditions] Islington/P2024/1220/LBC — 71 Theberton Street, London, N1 0QY
2026-09-30 11:21:26 INFO LEAD new: [Conditions] Islington/P2024/1215/COL — Flat 6 At 26, 26 - 28 Danbury Street, London, N1 8JU
2026-09-30 11:21:26 INFO LEAD new: [Conditions] Islington/P2024/1216/PRA — 211 Blackstock Road, London
2026-09-30 11:21:32 INFO [islington/Conditions] page at offset 4000: 100 records
2026-09-30 11:21:32 INFO LEAD new: [Conditions] Islington/P2024/1223/COL — 8 Hornsey Street Unit 30, Islington, London, N7 8EG
2026-09-30 11:21:32 INFO LEAD new: [Conditions] Islington/P2024/1682/S73 — 25 Calabria Road, London, N5 1HZ
2026-09-30 11:21:32 INFO LEAD new: [Conditions] Islington/P2024/0866 — Units 27 and 28, Angel Gate, London, EC1V 2PT
2026-09-30 11:21:32 INFO LEAD new: [Conditions] Islington/P2024/1211/AOD — 108 Richmond Avenue, London, N1 0LS
2026-09-30 11:21:33 INFO LEAD new: [Conditions] Islington/P2024/1286/ADV — 251 - 252 Upper Street, London
2026-09-30 11:21:33 INFO LEAD new: [Conditions] Islington/P2024/1207/ADV — 33 Charterhouse Street, London, EC1M 6HA
2026-09-30 11:21:33 INFO LEAD new: [Conditions] Islington/P2024/1208/FUL — Finsbury Dials, 20 Finsbury Street, London
2026-09-30 11:21:33 INFO LEAD new: [Conditions] Islington/P2024/0864 — 29 Angel Gate, London, EC1V 2PT
2026-09-30 11:21:33 INFO LEAD new: [Conditions] Islington/P2024/0935 — St Johns Buildings, 35-43 Clerkenwell Road, EC1M 5RS
2026-09-30 11:21:33 INFO LEAD new: [Conditions] Islington/P2024/1502/FUL — Flat A, 511 Caledonian Road, London, N7 9RN
2026-09-30 11:21:33 INFO LEAD new: [Conditions] Islington/P2024/0943 — Prior Weston Primary School, 101 Whitecross Street, London, 
2026-09-30 11:21:33 INFO LEAD new: [Conditions] Islington/P2024/0861 — 22 and 23 Angel Gate, London, EC1V 2PT
2026-09-30 11:21:33 INFO LEAD new: [Conditions] Islington/P2024/0940 — 5-7 Singer Street, London, EC2A 4BQ
2026-09-30 11:21:33 INFO LEAD new: [Conditions] Islington/P2024/0923 — 44 Lonsdale Square, London, N1 1EW
2026-09-30 11:21:33 INFO LEAD new: [Conditions] Islington/P2024/0945 — 3 Compton Terrace , London, N1 2UN
2026-09-30 11:21:33 INFO LEAD new: [Conditions] Islington/P2024/0921 — 51 Plimsoll Road, London, N4 2EN
2026-09-30 11:21:33 INFO LEAD new: [Conditions] Islington/P2024/1287/AOD — Willen House, 8 - 26 Bath Street, London
2026-09-30 11:21:33 INFO LEAD new: [Conditions] Islington/P2024/0913/FUL — Unit G1, York Central, 70-78 York Way, N1 9AG
2026-09-30 11:21:33 INFO LEAD new: [Conditions] Islington/P2024/0900 — 71D Elwood Street, London, N5 1EB
2026-09-30 11:21:33 INFO LEAD new: [Conditions] Islington/P2024/0924 — Flat 4 , 29 Highbury Park, London , N5 1TH
2026-09-30 11:21:33 INFO LEAD new: [Conditions] Islington/P2024/0872 — 29 Thornhill Road, London, N1 1JR
2026-09-30 11:21:33 INFO LEAD new: [Conditions] Islington/P2024/0887/FUL — 22 Stavordale Road, London, N5 1NE
2026-09-30 11:21:33 INFO LEAD new: [Conditions] Islington/P2024/0885/FUL — 51 Plimsoll Road, London, N4 2EN
2026-09-30 11:21:33 INFO LEAD new: [Conditions] Islington/P2024/0919/FUL — 224a Tufnell Park Road, London, N19 5EW
2026-09-30 11:21:33 INFO LEAD new: [Conditions] Islington/P2024/0868 — Land At Angel Gate, Islington, London, EC1V 2PT
2026-09-30 11:21:33 INFO LEAD new: [Conditions] Islington/P2024/0875/ADV — Tesco, 128-130 Seven Sisters Road , London, N7 7NS
2026-09-30 11:21:33 INFO LEAD new: [Conditions] Islington/P2024/0897/FUL — Flat B, 219 Tufnell Park Road, London, N19 5EP
2026-09-30 11:21:33 INFO LEAD new: [Conditions] Islington/P2024/0952 — 32 Halton Road , London, N1 2EU
2026-09-30 11:21:33 INFO LEAD new: [Conditions] Islington/P2024/0863 — Land At Angel Gate, Islington, London, EC1V 2PT
2026-09-30 11:21:33 INFO LEAD new: [Conditions] Islington/P2024/0862 — 15 Angel Gate, London, EC1V 2PT
2026-09-30 11:21:33 INFO LEAD new: [Conditions] Islington/P2024/0820 — The Ivories, 6-8 Northampton Street, London N1 2HY
2026-09-30 11:21:33 INFO LEAD new: [Conditions] Islington/P2024/0951 — 32 Halton Road , London, N1 2EU
2026-09-30 11:21:33 INFO LEAD new: [Conditions] Islington/P2024/0909 — 26 Riversdale Road, London, N5 2JT
2026-09-30 11:21:33 INFO LEAD new: [Conditions] Islington/P2024/0840 — 5, 7-11 & 13 Georges Road, London, N7 8HD
2026-09-30 11:21:33 INFO LEAD new: [Conditions] Islington/P2024/0860 — 17 and 18 Angel Gate, London, EC1V 2PT
2026-09-30 11:21:33 INFO LEAD new: [Conditions] Islington/P2024/0902 — 21 Dagmar Terrace , London, N1 2BN
2026-09-30 11:21:33 INFO LEAD new: [Conditions] Islington/P2024/0833 — 441 Liverpool Road, London, N7 8PR
2026-09-30 11:21:33 INFO LEAD new: [Conditions] Islington/P2024/0822 — 92 Kingsdown Road London Islington N19 4HH
2026-09-30 11:21:33 INFO LEAD new: [Conditions] Islington/P2024/0826 — 57 Windsor Road London Islington N7 6JL
2026-09-30 11:21:33 INFO LEAD new: [Conditions] Islington/P2024/0832 — 41 Lloyd Baker Street, London, WC1X 9AB
2026-09-30 11:21:33 INFO LEAD new: [Conditions] Islington/P2024/0834 — 84 Gillespie Road, London, N5 1LN
2026-09-30 11:21:33 INFO LEAD new: [Conditions] Islington/P2024/0823 — Flat B 31 Almorah Road London Islington N1 3ER
2026-09-30 11:21:33 INFO LEAD new: [Conditions] Islington/P2024/0825 — Block G and S Whittington Hospital Campus Dartmouth Park Hil
2026-09-30 11:21:33 INFO LEAD new: [Conditions] Islington/P2024/0879/FUL — 58 St Paul's Road, London, N1 2QW
2026-09-30 11:21:33 INFO LEAD new: [Conditions] Islington/P2024/0824 — Block G and S Whittington Hospital Campus Dartmouth Park Hil
2026-09-30 11:21:33 INFO LEAD new: [Conditions] Islington/P2024/0816 — 31 Baring Street, London, Islington, N1 3DJ
2026-09-30 11:21:33 INFO LEAD new: [Conditions] Islington/P2024/0848 — Basement And Ground Floor, 24 Gerrard Road, London, N1 8AY
2026-09-30 11:21:33 INFO LEAD new: [Conditions] Islington/P2024/0874 — 99 Barnsbury Street, London, N1 1EP
2026-09-30 11:21:33 INFO LEAD new: [Conditions] Islington/P2024/0814 — Basement And Ground Floor, 24 Gerrard Road, London, N1 8AY
2026-09-30 11:21:33 INFO LEAD new: [Conditions] Islington/P2024/0854/LBC — 11 & 12 Percy Circus, London, WC1X 9ES
2026-09-30 11:21:33 INFO LEAD new: [Conditions] Islington/P2024/0815 — 97 Junction Road, London, N19 5QX
2026-09-30 11:21:33 INFO LEAD new: [Conditions] Islington/P2024/0880/LBC — 58 St Paul's Road, London, N1 2QW
2026-09-30 11:21:33 INFO LEAD new: [Conditions] Islington/P2024/0811 — 54 Upper Maisonette Ripplevale Grove London Islington N1 1HT
2026-09-30 11:21:33 INFO LEAD new: [Conditions] Islington/P2024/0813 — 8 Freegrove Road London Islington N7 9JN
2026-09-30 11:21:33 INFO LEAD new: [Conditions] Islington/P2024/0805 — Basement Flat, 6 Wray Crescent, London, N4 3LP
2026-09-30 11:21:33 INFO LEAD new: [Conditions] Islington/P2024/0859/LBC — 50 Canonbury Park North, London, N1 2JT
2026-09-30 11:21:33 INFO LEAD new: [Conditions] Islington/P2024/0784/FUL — 1-6 Tensing House, 55 Grange Grove, London, N1 2LX
2026-09-30 11:21:33 INFO LEAD new: [Conditions] Islington/P2024/0794 — 121 Liverpool Road London Islington N1 0RG
2026-09-30 11:21:33 INFO LEAD new: [Conditions] Islington/P2024/0790 — 118 Heddington Grove, London, N7 9SZ
2026-09-30 11:21:33 INFO LEAD new: [Conditions] Islington/P2024/0845 — 123 Liverpool Road, London, N1 0RG
2026-09-30 11:21:33 INFO LEAD new: [Conditions] Islington/P2024/0786/FUL — 66 Ferntower Road, London, N5 2JH
2026-09-30 11:21:33 INFO LEAD new: [Conditions] Islington/P2024/0795 — 123 Liverpool Road, London, N1 0RG
2026-09-30 11:21:33 INFO LEAD new: [Conditions] Islington/P2024/0785 — 545 Liverpool Road, London, N7 8NS
2026-09-30 11:21:33 INFO LEAD new: [Conditions] Islington/P2024/0791 — Scriptor Court, 143 - 157 Farringdon Road, London, EC1R 3AD
2026-09-30 11:21:33 INFO LEAD new: [Conditions] Islington/P2024/0857/LBC — 121 Liverpool Road, London, N1 0RG
2026-09-30 11:21:33 INFO LEAD new: [Conditions] Islington/P2024/0793 — Studio 76 (1B) 1 Cardwell Terrace London Islington N7 0NH
2026-09-30 11:21:33 INFO LEAD new: [Conditions] Islington/P2024/0777 — Landaid House, 10 Errol Street, London
2026-09-30 11:21:33 INFO LEAD new: [Conditions] Islington/P2024/0775 — 9 Dagmar Terrace, London, N1 2BN
2026-09-30 11:21:33 INFO LEAD new: [Conditions] Islington/P2024/0773 — 78 Caledonian Road, London
2026-09-30 11:21:33 INFO LEAD new: [Conditions] Islington/P2024/0770/FUL — 67 Ronalds Road, London, N5 1XF
2026-09-30 11:21:33 INFO LEAD new: [Conditions] Islington/P2024/0768 — 12 Islington Park Mews, London, N1 1QL
2026-09-30 11:21:33 INFO LEAD new: [Conditions] Islington/P2024/0782 — 1 Torrens Street, London, EC1V 1NQ
2026-09-30 11:21:33 INFO LEAD new: [Conditions] Islington/P2024/0780 — 30 Canonbury Street, London
2026-09-30 11:21:33 INFO LEAD new: [Conditions] Islington/P2024/0763 — 4 Mountfort Terrace, London, N1 1JJ
2026-09-30 11:21:33 INFO LEAD new: [Conditions] Islington/P2024/0758 — Monmouth House, 58-64 City Road, London, EC1Y 2AL and Speedf
2026-09-30 11:21:33 INFO LEAD new: [Conditions] Islington/P2024/0767 — 12 Grange Grove, London, N1 2NP
2026-09-30 11:21:33 INFO LEAD new: [Conditions] Islington/P2024/0765/FUL — 16 Fortnam Road, London, N19 3NR
2026-09-30 11:21:33 INFO LEAD new: [Conditions] Islington/P2024/0762/FUL — 25 Cruden Street, London, N1 8NH
2026-09-30 11:21:33 INFO LEAD new: [Conditions] Islington/P2024/0754/LBC — 52 Canonbury Park South, London, N1 2JG
2026-09-30 11:21:33 INFO LEAD new: [Conditions] Islington/P2024/0747/FUL — 28 Kiver Road, London, N19 4PD
2026-09-30 11:21:33 INFO LEAD new: [Conditions] Islington/P2024/0748/COLP — 29 Grange Grove, London, N1 2NP
2026-09-30 11:21:33 INFO LEAD new: [Conditions] Islington/P2024/0744 — 5 Wyatt Road, London, N5 2JU
2026-09-30 11:21:33 INFO LEAD new: [Conditions] Islington/P2024/0743/FUL — Flat A, 40 Northdown Street, London, N1 9BP
2026-09-30 11:21:33 INFO LEAD new: [Conditions] Islington/P2024/0740/FUL — 35 Chatterton Road, London, N4 2EA
2026-09-30 11:21:33 INFO LEAD new: [Conditions] Islington/P2024/0733/FUL — 5 Highbury Terrace Mews, London, N5 1UT
2026-09-30 11:21:33 INFO LEAD new: [Conditions] Islington/P2024/0734/COL — Flat A, 12 Offord Road, London, N1 1DL
2026-09-30 11:21:33 INFO LEAD new: [Conditions] Islington/P2024/0716/FUL — Athena House, 140-142 St John Street, London, EC1V 4UB
2026-09-30 11:21:33 INFO LEAD new: [Conditions] Islington/P2024/0726/FUL — 123 Golden Lane, London, EC1Y 0RT
2026-09-30 11:21:33 INFO LEAD new: [Conditions] Islington/P2024/0723/FUL — 141 Liverpool Road, London, N1 0RG
2026-09-30 11:21:33 INFO LEAD new: [Conditions] Islington/P2024/0730/FUL — Basement Flat, 92 Aberdeen Park, London, N5 2BE
2026-09-30 11:21:33 INFO LEAD new: [Conditions] Islington/P2024/0732/FUL — 65 St Paul's Road, London, N1 2LT
2026-09-30 11:21:33 INFO LEAD new: [Conditions] Islington/P2024/0731/COLP — 43 Fairbridge Road, London, N19 3EW
2026-09-30 11:21:33 INFO LEAD new: [Conditions] Islington/P2024/0774/LBC — 141 Liverpool Road, London, N1 0RG
2026-09-30 11:21:33 INFO LEAD new: [Conditions] Islington/P2024/0722/COLP — Islington Fire Station, 278 Upper Street, London, N1 2TZ
2026-09-30 11:21:33 INFO LEAD new: [Conditions] Islington/P2024/0728 — 150 Packington Street, London
2026-09-30 11:21:33 INFO LEAD new: [Conditions] Islington/P2024/0725 — 71D Elwood Street, London, N5 1EB
2026-09-30 11:21:33 INFO LEAD new: [Conditions] Islington/P2024/0715/FUL — Basement And Ground Floor, St Johns House, 53-54 St John's S
2026-09-30 11:21:33 INFO LEAD new: [Conditions] Islington/P2024/0708 — 67 Corsica Street, London, N5 1JT
2026-09-30 11:21:33 INFO LEAD new: [Conditions] Islington/P2024/0690 — 14 Cardozo Road, London, N7 9RL
2026-09-30 11:21:39 INFO [islington/Conditions] page at offset 4100: 100 records
2026-09-30 11:21:39 INFO LEAD new: [Conditions] Islington/P2024/0714 — 75 Offord Road, London
2026-09-30 11:21:39 INFO LEAD new: [Conditions] Islington/P2024/0713/FUL — 59 Baring Street, London, N1 3DS
2026-09-30 11:21:39 INFO LEAD new: [Conditions] Islington/P2024/0711 — Glasshouse Building (2 Trematon Walk N1 9FN), The Printworks
2026-09-30 11:21:39 INFO LEAD new: [Conditions] Islington/P2024/0750 — The Stables, 55 Balfe Street, London N1 9FB
2026-09-30 11:21:39 INFO LEAD new: [Conditions] Islington/P2024/0707/FUL — 61 Whitby Court, Camden Road, London, N7 0SU
2026-09-30 11:21:39 INFO LEAD new: [Conditions] Islington/P2024/0688 — 28 Wedmore Gardens, London, N19 4DL
2026-09-30 11:21:39 INFO LEAD new: [Conditions] Islington/P2024/0712/FUL — 113 Southgate Road, London, N1 3JS
2026-09-30 11:21:39 INFO LEAD new: [Conditions] Islington/P2024/0678/FUL — 7 Brooksby Street, London, N1 1EX
2026-09-30 11:21:39 INFO LEAD new: [Conditions] Islington/P2024/0682 — 42 Cowcross Street, London, EC1M 6BY
2026-09-30 11:21:39 INFO LEAD new: [Conditions] Islington/P2024/0686/ADV — 59 Upper Street, London, N1 0NY
2026-09-30 11:21:39 INFO LEAD new: [Conditions] Islington/P2024/0683/S73 — 6 Poynings Road, London, N19 5LD
2026-09-30 11:21:39 INFO LEAD new: [Conditions] Islington/P2024/0681/ADV — 42 Cowcross Street, London, EC1M 6BY
2026-09-30 11:21:39 INFO LEAD new: [Conditions] Islington/P2024/0680/LBC — Canonbury House, Canonbury Place, London, N1 2NQ
2026-09-30 11:21:39 INFO LEAD new: [Conditions] Islington/P2024/0687/FUL — 108-109 Upper Street, London, N1 1QN
2026-09-30 11:21:39 INFO LEAD new: [Conditions] Islington/P2024/0676/FUL — 40 Gerrard Road, London, N1 8BA
2026-09-30 11:21:39 INFO LEAD new: [Conditions] Islington/P2024/0685/FUL — 59 Upper Street, London, N1 0NY
2026-09-30 11:21:39 INFO LEAD new: [Conditions] Islington/P2024/0675/AOD — 58 Roman Way, London, N7 8XF
2026-09-30 11:21:39 INFO LEAD new: [Conditions] Islington/P2024/0664/FUL — 61 Aberdeen Park, London, N5 2AZ
2026-09-30 11:21:39 INFO LEAD new: [Conditions] Islington/P2024/0670/FUL — 15B Leigh Road, London, N5 1ST
2026-09-30 11:21:39 INFO LEAD new: [Conditions] Islington/P2024/0673/FUL — 66 Ambler Road, London, N4 2QR
2026-09-30 11:21:39 INFO LEAD new: [Conditions] Islington/P2024/0665/FUL — 6 Dagmar Terrace, London, N1 2BN
2026-09-30 11:21:39 INFO LEAD new: [Conditions] Islington/P2024/0652/FUL — 13 Dagmar Terrace, London, N1 2BN
2026-09-30 11:21:39 INFO LEAD new: [Conditions] Islington/P2024/0661/FUL — 2 Avenell Road, London, N5 1DP
2026-09-30 11:21:39 INFO LEAD new: [Conditions] Islington/P2024/0653/COLP — 19 Mildmay Street, London, N1 4AB
2026-09-30 11:21:39 INFO LEAD new: [Conditions] Islington/P2024/0655 — 16A Great Percy Street, London, WC1X 9QW
2026-09-30 11:21:39 INFO LEAD new: [Conditions] Islington/P2024/0656/FUL — Samuel Rhodes School, 11 Highbury New Park, London, N5 2EG
2026-09-30 11:21:39 INFO LEAD new: [Conditions] Islington/P2024/0660/FUL — 4 Park Place, London, N1 3JU
2026-09-30 11:21:39 INFO LEAD new: [Conditions] Islington/P2024/0658/PRA — 49-51 Central Street, London, EC1V 8AB
2026-09-30 11:21:39 INFO LEAD new: [Conditions] Islington/P2024/0659/FUL — 417 Liverpool Road, London, N7 8PR
2026-09-30 11:21:39 INFO LEAD new: [Conditions] Islington/P2024/0706/LBC — 417 Liverpool Road, London, N7 8PR
2026-09-30 11:21:39 INFO LEAD new: [Conditions] Islington/P2024/0651/FUL — Flat A, 20 Mildmay Grove South, London, N1 4RL
2026-09-30 11:21:39 INFO LEAD new: [Conditions] Islington/P2024/0662/FUL — 40 Eburne Road, London, N7 6AU
2026-09-30 11:21:39 INFO LEAD new: [Conditions] Islington/P2024/0650/FUL — 17 Dufferin Street, London, EC1Y 8PD
2026-09-30 11:21:39 INFO LEAD new: [Conditions] Islington/P2024/0649/FUL — 40 Eburne Road, London, N7 6AU
2026-09-30 11:21:39 INFO LEAD new: [Conditions] Islington/P2024/0647/AOD — Priory Fields House, 120 Aldersgate Street, London, EC1A 4JQ
2026-09-30 11:21:39 INFO LEAD new: [Conditions] Islington/P2024/0638/FUL — 8 Prideaux Place, London, WC1X 9PP
2026-09-30 11:21:39 INFO LEAD new: [Conditions] Islington/P2024/0640/FUL — Islington Fire Station, 278 Upper Street, London, N1 2TZ
2026-09-30 11:21:39 INFO LEAD new: [Conditions] Islington/P2024/0645/FUL — Flat B, 21 Bardolph Road, London, N7 0NJ
2026-09-30 11:21:39 INFO LEAD new: [Conditions] Islington/P2024/0639/AOD — 440A Hornsey Road, London, N19 4EB
2026-09-30 11:21:39 INFO LEAD new: [Conditions] Islington/P2024/0633/COL — Flats 4 and 5, Rear of 224 Hornsey Road, London,
2026-09-30 11:21:39 INFO LEAD new: [Conditions] Islington/P2024/0627/FUL — 55 Kingsdown Road, London, N19 4LD
2026-09-30 11:21:40 INFO LEAD new: [Conditions] Islington/P2024/0631/FUL — Elizabeth Croll House, 27 Penton Rise, London, WC1X 9AX
2026-09-30 11:21:40 INFO LEAD new: [Conditions] Islington/P2024/0637/COLP — 44 Beversbrook Road, London, N19 4QH
2026-09-30 11:21:40 INFO LEAD new: [Conditions] Islington/P2024/0669/LBC — Flat B, 57 Canonbury Park North, London, N1 2JU
2026-09-30 11:21:40 INFO LEAD new: [Conditions] Islington/P2024/0630/FUL — Flat B, 57 Canonbury Park North, London, N1 2JU
2026-09-30 11:21:40 INFO LEAD new: [Conditions] Islington/P2024/0674/LBC — 75 Upper Street, London, N1 0NU
2026-09-30 11:21:40 INFO LEAD new: [Conditions] Islington/P2024/0621/FUL — 75 Upper Street, London, N1 0NU
2026-09-30 11:21:40 INFO LEAD new: [Conditions] Islington/P2024/0625/FUL — 97 Sussex Way, London, N7 6RU
2026-09-30 11:21:40 INFO LEAD new: [Conditions] Islington/P2024/0624/PRA — 3A Godson Street, London, N1 9GZ,
2026-09-30 11:21:40 INFO LEAD new: [Conditions] Islington/P2024/0622/LBC — 18 - 20 St John Street, London, EC1M 4AY
2026-09-30 11:21:40 INFO LEAD new: [Conditions] Islington/P2024/0618/FUL — 7 Travers Road, London, N7 7PR
2026-09-30 11:21:40 INFO LEAD new: [Conditions] Islington/P2024/0619/COL — Flat 3A, Rear of 224 Hornsey Road, London, N7 7LL,
2026-09-30 11:21:40 INFO LEAD new: [Conditions] Islington/P2024/0605/FUL — 20 St John's Square, London, EC1M 4AH
2026-09-30 11:21:40 INFO LEAD new: [Conditions] Islington/P2024/0608 — 316 Holloway Road, London, N7 6NJ
2026-09-30 11:21:40 INFO LEAD new: [Conditions] Islington/P2024/0607 — 50 - 56 Great Sutton Street, London, EC1V 0DE
2026-09-30 11:21:40 INFO LEAD new: [Conditions] Islington/P2024/0606/FUL — 50 Thane Villas, London, N7 7PG
2026-09-30 11:21:40 INFO LEAD new: [Conditions] Islington/P2024/0611/FUL — Garages 9, 10 & 11, Brooksby Mews, London, N1 1EZ
2026-09-30 11:21:40 INFO LEAD new: [Conditions] Islington/P2024/0613/FUL — Doubletree by Hilton (London Angel Kings Cross), 60 Pentonvi
2026-09-30 11:21:40 INFO LEAD new: [Conditions] Islington/P2024/0586/AOD — 20 Ropemaker Street, 101-117 Finsbury Pavement and 10-12 Fin
2026-09-30 11:21:40 INFO LEAD new: [Conditions] Islington/P2024/0596 — 45 Noel Road, London, N1 8HQ
2026-09-30 11:21:40 INFO LEAD new: [Conditions] Islington/P2024/0601 — 18 - 20 St John Street, London
2026-09-30 11:21:40 INFO LEAD new: [Conditions] Islington/P2024/0617/PRA — 124-128 Ball's Pond Road, London, N1 4AE
2026-09-30 11:21:40 INFO LEAD new: [Conditions] Islington/P2024/0591/FUL — 50 Florence Street, London, N1 2DU
2026-09-30 11:21:40 INFO LEAD new: [Conditions] Islington/P2024/0589/ADV — 32-33 Upper Street, London, N1 0PN
2026-09-30 11:21:40 INFO LEAD new: [Conditions] Islington/P2024/0599/FUL — Ground Floor 30 Canonbury Street, London, N1 2TD
2026-09-30 11:21:40 INFO LEAD new: [Conditions] Islington/P2024/0600 — The Upper School, King Henry's Walk, London, N1 4NH
2026-09-30 11:21:40 INFO LEAD new: [Conditions] Islington/P2024/0588/COLP — 43 Canonbury Park North, London, N1 2JU
2026-09-30 11:21:40 INFO LEAD new: [Conditions] Islington/P2024/0572/FUL — Flat 1, 45 St Paul's Road, London, N1 2LT
2026-09-30 11:21:40 INFO LEAD new: [Conditions] Islington/P2024/0578/FUL — Flat C, 27 Arundel Square, London, N7 8AS
2026-09-30 11:21:40 INFO LEAD new: [Conditions] Islington/P2024/0573/FUL — 12 Dresden Road, London, N19 3BD
2026-09-30 11:21:40 INFO LEAD new: [Conditions] Islington/P2024/0576/FUL — 1 Harecourt Road, London, N1 2LW
2026-09-30 11:21:40 INFO LEAD new: [Conditions] Islington/P2024/0584/AOD — 21-22 Great Sutton Street, London, EC1V 0DY
2026-09-30 11:21:40 INFO LEAD new: [Conditions] Islington/P2024/0581/LBC — Flat D, 30 Milner Square, London, N1 1TW
2026-09-30 11:21:40 INFO LEAD new: [Conditions] Islington/P2024/0582/FUL — 62 & 63 Upper Street, London, N1 0NY
2026-09-30 11:21:40 INFO LEAD new: [Conditions] Islington/P2024/0556/ADV — Chapel Market, London, N1 9EN
2026-09-30 11:21:40 INFO LEAD new: [Conditions] Islington/P2024/0558/ADV — 33 Charterhouse Street, London, EC1M 6HA
2026-09-30 11:21:40 INFO LEAD new: [Conditions] Islington/P2024/0565/AOD — 34 Thornhill Square, London, N1 1BE
2026-09-30 11:21:40 INFO LEAD new: [Conditions] Islington/P2024/0555/LBC — Flat C, 61 Highbury Park, London, N5 1TH
2026-09-30 11:21:40 INFO LEAD new: [Conditions] Islington/P2024/0563/FUL — St Saviour's Vicarage, 73 Hanley Road, London, N4 3DQ
2026-09-30 11:21:40 INFO LEAD new: [Conditions] Islington/P2024/0571/FUL — 4 Thornhill Grove, London, N1 1JG
2026-09-30 11:21:40 INFO LEAD new: [Conditions] Islington/P2024/0592/LBC — 4 Thornhill Grove, London, N1 1JG
2026-09-30 11:21:40 INFO LEAD new: [Conditions] Islington/P2024/0566/FUL — 41 Aberdeen Park, London, N5 2AR
2026-09-30 11:21:40 INFO LEAD new: [Conditions] Islington/P2024/0567/FUL — 120 Playford Road, London, N4 3NL
2026-09-30 11:21:40 INFO LEAD new: [Conditions] Islington/P2024/0547 — 34 and 35 Canonbury Square, London, N1 2AN
2026-09-30 11:21:40 INFO LEAD new: [Conditions] Islington/P2024/0541/LBC — 35 Camden Passage, London, N1 8EA
2026-09-30 11:21:40 INFO LEAD new: [Conditions] Islington/P2024/0546/FUL — 3 Quick Street, London, N1 8HL
2026-09-30 11:21:40 INFO LEAD new: [Conditions] Islington/P2024/0548/FUL — 73 White Lion Street, London, N1 9PF
2026-09-30 11:21:40 INFO LEAD new: [Conditions] Islington/P2024/0549 — Town Hall, Upper Street, London, N1 2UD
2026-09-30 11:21:40 INFO LEAD new: [Conditions] Islington/P2024/0543/ADV — 35 Camden Passage, London, N1 8EA
2026-09-30 11:21:40 INFO LEAD new: [Conditions] Islington/P2024/0545/FUL — Lower Maisonette, 3 Mountfort Terrace, London, N1 1JJ
2026-09-30 11:21:40 INFO LEAD new: [Conditions] Islington/P2024/0551/FUL — Flat B, 53 Shaftesbury Road, London, N19 4QW
2026-09-30 11:21:40 INFO LEAD new: [Conditions] Islington/P2024/0553/FUL — 3 The Coach House, 108A Tollington Park, London, N4 3RB
2026-09-30 11:21:40 INFO LEAD new: [Conditions] Islington/P2024/0518/AOD — 1 Lowther Road, London, N7 8US
2026-09-30 11:21:40 INFO LEAD new: [Conditions] Islington/P2024/0538/FUL — Flat 2, 234 Hornsey Road, London, N7 7LL
2026-09-30 11:21:40 INFO LEAD new: [Conditions] Islington/P2024/0537/FUL — Flat A, 61 Elmore Street, London, N1 3AJ
2026-09-30 11:21:40 INFO LEAD new: [Conditions] Islington/P2024/0522/AOD — Barnard Park, Copenhagen Street, London, N1 0NL
2026-09-30 11:21:40 INFO LEAD new: [Conditions] Islington/P2024/0526/AOD — 160 Barnsbury Road, London, N1 0ER
2026-09-30 11:21:40 INFO LEAD new: [Conditions] Islington/P2024/0512/AOD — 14 Junction Road, London, N19 5RQ
2026-09-30 11:21:40 INFO LEAD new: [Conditions] Islington/P2024/0510/FUL — 95 Liverpool Road, London, N1 0RG
2026-09-30 11:21:40 INFO LEAD new: [Conditions] Islington/P2024/0506/COLP — 16 Prospero Road, London, N19 3RF
2026-09-30 11:21:46 INFO [islington/Conditions] page at offset 4200: 100 records
2026-09-30 11:21:46 INFO LEAD new: [Conditions] Islington/P2024/0509/FUL — 13 Mayton Street, London, N7 6QP
2026-09-30 11:21:46 INFO LEAD new: [Conditions] Islington/P2024/0515/COLP — 7-15 City Road, London, EC1Y 1AG
2026-09-30 11:21:46 INFO LEAD new: [Conditions] Islington/P2024/0531/LBC — 95 Liverpool Road, London, N1 0RG
2026-09-30 11:21:46 INFO LEAD new: [Conditions] Islington/P2024/0513/AOD — 14 Junction Road, London, N19 5RQ
2026-09-30 11:21:46 INFO LEAD new: [Conditions] Islington/P2024/0504/FUL — Ground Floor, 15 Northburgh Street, London, EC1V 0JR
2026-09-30 11:21:46 INFO LEAD new: [Conditions] Islington/P2024/0525/ADV — Ground Floor, 264 Upper Street, London, N1 2UQ
2026-09-30 11:21:46 INFO LEAD new: [Conditions] Islington/P2024/0508/FUL — Ground Floor, 264 Upper Street, London, N1 2UQ
2026-09-30 11:21:46 INFO LEAD new: [Conditions] Islington/P2024/0499/FUL — 22 Highbury Place, London, N5 1QP
2026-09-30 11:21:46 INFO LEAD new: [Conditions] Islington/P2024/0500/FUL — 36 Ambler Road, London, N4 2QU
2026-09-30 11:21:46 INFO LEAD new: [Conditions] Islington/P2024/0476/FUL — 14-15 Charterhouse Buildings, London, EC1M 7BA
2026-09-30 11:21:46 INFO LEAD new: [Conditions] Islington/P2024/0520/PRA — 623-625, Holloway Road, London, N19 5SS
2026-09-30 11:21:46 INFO LEAD new: [Conditions] Islington/P2024/0479/S73 — 84 Gillespie Road, London, N5 1LN
2026-09-30 11:21:46 INFO LEAD new: [Conditions] Islington/P2024/0487/FUL — ground floor flat, 63 Huddleston Road, London, N7 0AE
2026-09-30 11:21:46 INFO LEAD new: [Conditions] Islington/P2024/0495/FUL — Flat A, 44 Mildmay Road, London, N1 4NG
2026-09-30 11:21:46 INFO LEAD new: [Conditions] Islington/P2024/0530/LBC — 22 Highbury Place, London, N5 1QP
2026-09-30 11:21:46 INFO LEAD new: [Conditions] Islington/P2024/0475/FUL — 45 New River Head, 173 Rosebery Avenue, London, EC1R 4UL
2026-09-30 11:21:46 INFO LEAD new: [Conditions] Islington/P2024/0492/LBC — 45 New River Head, 173 Rosebery Avenue, London, EC1R 4UL
2026-09-30 11:21:46 INFO LEAD new: [Conditions] Islington/P2024/0473/S73 — 84 Archway Road, London, N19 3TT
2026-09-30 11:21:46 INFO LEAD new: [Conditions] Islington/P2024/0471/FUL — 4 Stonenest Street, London, N4 3BA
2026-09-30 11:21:46 INFO LEAD new: [Conditions] Islington/P2024/0464/FUL — Flat B, 9 Hungerford Road, London, N7 9LA
2026-09-30 11:21:46 INFO LEAD new: [Conditions] Islington/P2024/0466/COLP — 10 Freeman Court, 22 Tollington Way, London, N7 6FJ
2026-09-30 11:21:46 INFO LEAD new: [Conditions] Islington/P2024/0461/AOD — Hylo Building, 105 Bunhill Row, London, EC1Y 8LZ
2026-09-30 11:21:46 INFO LEAD new: [Conditions] Islington/P2024/0463/COL — 123 Holloway Road, London, N7 8LT
2026-09-30 11:21:46 INFO LEAD new: [Conditions] Islington/P2024/0465/FUL — 108 Fairbridge Road, London, N19 3HY
2026-09-30 11:21:46 INFO LEAD new: [Conditions] Islington/P2024/0459 — 79 Shepperton Road, London
2026-09-30 11:21:46 INFO LEAD new: [Conditions] Islington/P2024/0453/COL — 1 Hertslet Road, London, N7 6PJ
2026-09-30 11:21:46 INFO LEAD new: [Conditions] Islington/P2024/0454/FUL — 14 Prospero Road, London, N19 3RF
2026-09-30 11:21:46 INFO LEAD new: [Conditions] Islington/P2024/0439/COL — 12 Brewery Road, London, N7 9NH
2026-09-30 11:21:46 INFO LEAD new: [Conditions] Islington/P2024/0450/FUL — NatWest Islington, 40 Islington High Street, London, N1 8XX
2026-09-30 11:21:46 INFO LEAD new: [Conditions] Islington/P2024/0457/LBC — lower Maisonette, 3 Mountfort Terrace, London, N1 1JJ
2026-09-30 11:21:46 INFO LEAD new: [Conditions] Islington/P2024/0442/FUL — 187 Caledonian Road, London, N1 0SL
2026-09-30 11:21:46 INFO LEAD new: [Conditions] Islington/P2024/0448/FUL — 55 Tollington Way, London, N7 6RG
2026-09-30 11:21:46 INFO LEAD new: [Conditions] Islington/P2024/0446/FUL — Flat B, 25 Lowman Road, London, N7 6DD
2026-09-30 11:21:46 INFO LEAD new: [Conditions] Islington/P2024/0431/FUL — 26 Napier Terrace, London, N1 1TJ
2026-09-30 11:21:46 INFO LEAD new: [Conditions] Islington/P2024/0427/FUL — 5 Riversdale Road, London, N5 2SS
2026-09-30 11:21:46 INFO LEAD new: [Conditions] Islington/P2024/0426/FUL — 210C Tufnell Park Road, London, N7 0PZ
2026-09-30 11:21:46 INFO LEAD new: [Conditions] Islington/P2024/0417/FUL — 47A Thornhill Road, London, N1 1JS
2026-09-30 11:21:46 INFO LEAD new: [Conditions] Islington/P2024/0407/FUL — 154 Mercers Road, London, N19 4PX
2026-09-30 11:21:46 INFO LEAD new: [Conditions] Islington/P2024/0415 — 41 & 43 Thornhill Road, London, N1 1JS
2026-09-30 11:21:46 INFO LEAD new: [Conditions] Islington/P2024/0416/AOD — 5 Arundel Place, London, N1 1LS
2026-09-30 11:21:46 INFO LEAD new: [Conditions] Islington/P2024/0444/LBC — 24 Thornhill Square, London, N1 1BQ
2026-09-30 11:21:46 INFO LEAD new: [Conditions] Islington/P2024/0419/FUL — 47 Thornhill Road, London, N1 1JS
2026-09-30 11:21:46 INFO LEAD new: [Conditions] Islington/P2024/0420/FUL — 24 Thornhill Square, London, N1 1BQ
2026-09-30 11:21:46 INFO LEAD new: [Conditions] Islington/P2024/0403 — 10 Brewery Road, London, N7 9NH
2026-09-30 11:21:46 INFO LEAD new: [Conditions] Islington/P2024/0405/PRA — 50 Exmouth Market, London, EC1R 4QE
2026-09-30 11:21:46 INFO LEAD new: [Conditions] Islington/P2024/0400/LBC — 160 Barnsbury Road, London, N1 0ER
2026-09-30 11:21:46 INFO LEAD new: [Conditions] Islington/P2024/0406/FUL — 14 Marlborough Yard, London, N19 4ND
2026-09-30 11:21:46 INFO LEAD new: [Conditions] Islington/P2024/0402/FUL — 5th Floor, 24 Chiswell Street, London, EC1Y 4TY
2026-09-30 11:21:46 INFO LEAD new: [Conditions] Islington/P2024/0390/FUL — Flat 2, 13 Hungerford Road, London, N7 9LA
2026-09-30 11:21:46 INFO LEAD new: [Conditions] Islington/P2024/0391 — 64 Gibson Square, London, N1 0RA
2026-09-30 11:21:46 INFO LEAD new: [Conditions] Islington/P2024/0394/FUL — 12 Manger Road, London, N7 9TQ
2026-09-30 11:21:46 INFO LEAD new: [Conditions] Islington/P2024/0392 — Town Hall, Upper Street, London, N1 2UD
2026-09-30 11:21:46 INFO LEAD new: [Conditions] Islington/P2024/0393/FUL — Flat D, 1 Rheidol Terrace, London, N1 8NT
2026-09-30 11:21:46 INFO LEAD new: [Conditions] Islington/P2024/0395/FUL — 6 Queen Margaret's Grove, London, N1 4QD
2026-09-30 11:21:46 INFO LEAD new: [Conditions] Islington/P2024/0379/AOD — Block G and S, Whittington Hospital Campus, Dartmouth Park H
2026-09-30 11:21:46 INFO LEAD new: [Conditions] Islington/P2024/0378/FUL — 17 Annette Road, London, N7 6EH
2026-09-30 11:21:46 INFO LEAD new: [Conditions] Islington/P2024/0385/FUL — Upper Maisonette, 102 Barnsbury Road, London, N1 0ES
2026-09-30 11:21:46 INFO LEAD new: [Conditions] Islington/P2024/0389/AOD — 24 Batchelor Street, London, N1 0EG
2026-09-30 11:21:46 INFO LEAD new: [Conditions] Islington/P2024/0387/LBC — Unit 2, 89 Charterhouse Street, London, EC1M 6PE
2026-09-30 11:21:46 INFO LEAD new: [Conditions] Islington/P2024/0383/AOD — Lionel Denny House, 23 Goswell Road, London, Islington, EC1M
2026-09-30 11:21:46 INFO LEAD new: [Conditions] Islington/P2024/0374/FUL — 1-56 Statham Court, 20 Tollington Way N7 6NF and 1-94 Sherar
2026-09-30 11:21:46 INFO LEAD new: [Conditions] Islington/P2024/0397/LBC — 102 Islington High Street, London, N1 8EG
2026-09-30 11:21:46 INFO LEAD new: [Conditions] Islington/P2024/0373/FUL — 36 Hanley Road, London, N4 3DR
2026-09-30 11:21:46 INFO LEAD new: [Conditions] Islington/P2024/0376/FUL — 102 Islington High Street, London, N1 8EG
2026-09-30 11:21:46 INFO LEAD new: [Conditions] Islington/P2024/0370/FUL — 13 Islington Park Mews, London, N1 1QL
2026-09-30 11:21:46 INFO LEAD new: [Conditions] Islington/P2024/0359/FUL — 61 Cloudesley Road, London, N1 0EL
2026-09-30 11:21:46 INFO LEAD new: [Conditions] Islington/P2024/0369/FUL — Sports Pavilion, Wray Crescent Open Space, Wray Crescent, Lo
2026-09-30 11:21:46 INFO LEAD new: [Conditions] Islington/P2024/0396/LBC — 61 Cloudesley Road, London, N1 0EL
2026-09-30 11:21:46 INFO LEAD new: [Conditions] Islington/P2024/0375/FUL — Flat B and Flat C, 69 Hartham Road, London, N7 9JJ
2026-09-30 11:21:46 INFO LEAD new: [Conditions] Islington/P2024/0356/FUL — 66 Hungerford Road, London, N7 9LP
2026-09-30 11:21:46 INFO LEAD new: [Conditions] Islington/P2024/0351/FUL — Jenner Building, London,
2026-09-30 11:21:46 INFO LEAD new: [Conditions] Islington/P2024/0344/FUL — Ground Floor Flat, 73 Freegrove Road, London, N7 9RG
2026-09-30 11:21:46 INFO LEAD new: [Conditions] Islington/P2024/0355/AOD — 60 Morland Mews, London, N1 1HN
2026-09-30 11:21:46 INFO LEAD new: [Conditions] Islington/P2024/0347/AOD — 1 Oliver's Yard, London, EC1Y 1HQ
2026-09-30 11:21:46 INFO LEAD new: [Conditions] Islington/P2024/0358/AOD — 60 Morland Mews, London, N1 1HN
2026-09-30 11:21:46 INFO LEAD new: [Conditions] Islington/P2024/0348/AOD — 1 Oliver's Yard, London, EC1Y 1HQ
2026-09-30 11:21:46 INFO LEAD new: [Conditions] Islington/P2024/0350/ADV — 86-88 Clerkenwell Road, London, EC1M 5RJ
2026-09-30 11:21:46 INFO LEAD new: [Conditions] Islington/P2024/0357/AOD — 60 Morland Mews, London, N1 1HN
2026-09-30 11:21:46 INFO LEAD new: [Conditions] Islington/P2024/0353/FUL — 6 Aberdeen Road, London, N5 2UH
2026-09-30 11:21:46 INFO LEAD new: [Conditions] Islington/P2024/0354/FUL — Third Floor, 20 Bowling Green Lane, London, EC1R 0BD
2026-09-30 11:21:46 INFO LEAD new: [Conditions] Islington/P2024/0380/LBC — Jenner Building, London,
2026-09-30 11:21:47 INFO LEAD new: [Conditions] Islington/P2024/0337/FUL — 60 Riversdale Road, London, N5 2JZ
2026-09-30 11:21:47 INFO LEAD new: [Conditions] Islington/P2024/0332/COLP — 27 Marlborough Road, London, N19 4NA
2026-09-30 11:21:47 INFO LEAD new: [Conditions] Islington/P2024/0339/FUL — 5 Riversdale Road, London, N5 2SS
2026-09-30 11:21:47 INFO LEAD new: [Conditions] Islington/P2024/0331/COLP — 36 Ambler Road, London, N4 2QU
2026-09-30 11:21:47 INFO LEAD new: [Conditions] Islington/P2024/0328/AOD — 22 Highbury Place, London, N5 1QP
2026-09-30 11:21:47 INFO LEAD new: [Conditions] Islington/P2024/0325/FUL — Vittoria Primary School, Treaty Street, London, N1 0WF
2026-09-30 11:21:47 INFO LEAD new: [Conditions] Islington/P2024/0312/FUL — 105 Fonthill Road, London, N4 3JH
2026-09-30 11:21:47 INFO LEAD new: [Conditions] Islington/P2024/0303/COL — 73 Mayton Street, London, N7 6QP
2026-09-30 11:21:47 INFO LEAD new: [Conditions] Islington/P2024/0317/S73 — 16 Roseleigh Avenue, London, N5 1SP
2026-09-30 11:21:47 INFO LEAD new: [Conditions] Islington/P2024/0298/LBC — 5 Highbury Grove, London, N5 1HJ
2026-09-30 11:21:47 INFO LEAD new: [Conditions] Islington/P2024/0314/LBC — Lower Maisonette, 3 Mountfort Terrace, London, N1 1JJ
2026-09-30 11:21:47 INFO LEAD new: [Conditions] Islington/P2024/0318/FUL — Flat A, 234 Brecknock Road, London, N19 5BQ
2026-09-30 11:21:47 INFO LEAD new: [Conditions] Islington/P2024/0308/AOD — Block G and Block S, Whittington Hospital Campus, Dartmouth 
2026-09-30 11:21:47 INFO LEAD new: [Conditions] Islington/P2024/0299/FUL — 45C Corsica Street, London, N5 1JT
2026-09-30 11:21:53 INFO [islington/Conditions] page at offset 4300: 100 records
2026-09-30 11:21:53 INFO LEAD new: [Conditions] Islington/P2024/0319/AOD — Basement And Ground Floor, 310-312 Caledonian Road, London, 
2026-09-30 11:21:53 INFO LEAD new: [Conditions] Islington/P2024/0310/COLP — 3, 3A, 3B, and 5, Friend Street, London, EC1V 7NS
2026-09-30 11:21:53 INFO LEAD new: [Conditions] Islington/P2024/0292/FUL — 32 Hanley Road, London, N4 3DR
2026-09-30 11:21:53 INFO LEAD new: [Conditions] Islington/P2024/0287/FUL — 19 Archibald Road, London, N7 0AN
2026-09-30 11:21:53 INFO LEAD new: [Conditions] Islington/P2024/0290/FUL — Flat 35, 29 Seward Street, London, EC1V 3RF
2026-09-30 11:21:53 INFO LEAD new: [Conditions] Islington/P2024/0293/ADV — 16-18 Hornsey Road, London, N7 7BP
2026-09-30 11:21:53 INFO LEAD new: [Conditions] Islington/P2024/0295/COLP — 84 Thorpedale Road, London, N4 3BW
2026-09-30 11:21:53 INFO LEAD new: [Conditions] Islington/P2024/0294/FUL — William Tyndale Primary School, Upper Street, London, N1 2GG
2026-09-30 11:21:53 INFO LEAD new: [Conditions] Islington/P2024/0283/FUL — 52 Caledonian Road, London, N1 9DP
2026-09-30 11:21:53 INFO LEAD new: [Conditions] Islington/P2024/0277/FUL — Ground To Third Floors Building 2, 2-4 Denton House Regents 
2026-09-30 11:21:53 INFO LEAD new: [Conditions] Islington/P2024/0269/FUL — 5-9 Inform House, Glasshouse Yard, London, EC1A 4JN
2026-09-30 11:21:53 INFO LEAD new: [Conditions] Islington/P2024/0276/LBC — 3 Lonsdale Square, London, N1 1EN
2026-09-30 11:21:53 INFO LEAD new: [Conditions] Islington/P2024/0264/FUL — 8 Albion Mews, London, N1 1JX
2026-09-30 11:21:53 INFO LEAD new: [Conditions] Islington/P2024/0260/FUL — 3 Lonsdale Square, London, N1 1EN
2026-09-30 11:21:53 INFO LEAD new: [Conditions] Islington/P2024/0265/FUL — 211 Blackstock Road, London, N5 2LY
2026-09-30 11:21:53 INFO LEAD new: [Conditions] Islington/P2024/0257/FUL — Flat 5, 26-28 Bartholomew Square, London, EC1V 3QH
2026-09-30 11:21:53 INFO LEAD new: [Conditions] Islington/P2024/0266/FUL — 122 Plimsoll Road, London, N4 2ED
2026-09-30 11:21:53 INFO LEAD new: [Conditions] Islington/P2024/0261/AOD — 53 Grange Grove, London, N1 2NP
2026-09-30 11:21:53 INFO LEAD new: [Conditions] Islington/P2024/0250/FUL — 6 Arlington Square, London, N1 7DS
2026-09-30 11:21:53 INFO LEAD new: [Conditions] Islington/P2024/0251/AOD — 634-638 Holloway Road, London, N19 3NU
2026-09-30 11:21:53 INFO LEAD new: [Conditions] Islington/P2024/0243/LBC — 1 Eaststand Apartments, Highbury Stadium Square, London, N5 
2026-09-30 11:21:53 INFO LEAD new: [Conditions] Islington/P2024/0249/FUL — Canonbury Heights East, 9 Henshall Street, London, N1 3GA
2026-09-30 11:21:53 INFO LEAD new: [Conditions] Islington/P2024/0270/LBC — 6 Arlington Square, London, N1 7DS
2026-09-30 11:21:53 INFO LEAD new: [Conditions] Islington/P2024/0262/LBC — 129 New River Head, 173 Rosebery Avenue, London, EC1R 4UR
2026-09-30 11:21:53 INFO LEAD new: [Conditions] Islington/P2024/0231/FUL — 3 A Cherry Tree Walk, London, EC1Y 8NX
2026-09-30 11:21:53 INFO LEAD new: [Conditions] Islington/P2024/0239/FUL — William Martin Court, 65 Margery Street, London, WC1X 0JH
2026-09-30 11:21:53 INFO LEAD new: [Conditions] Islington/P2024/0232/FUL — 163 Stroud Green Road, London, N4 3PZ
2026-09-30 11:21:53 INFO LEAD new: [Conditions] Islington/P2024/0240/AOD — 1 Cardwell Terrace, London, Islington, N7 0NH
2026-09-30 11:21:53 INFO LEAD new: [Conditions] Islington/P2024/0227/FUL — Flat 2, 61 Mildmay Park, London, N1 4NB
2026-09-30 11:21:53 INFO LEAD new: [Conditions] Islington/P2024/0220/FUL — 25 Devonia Road, London, N1 8JQ
2026-09-30 11:21:53 INFO LEAD new: [Conditions] Islington/P2024/0224/FUL — Flat A, 143 Huddleston Road, London, N7 0EH
2026-09-30 11:21:53 INFO LEAD new: [Conditions] Islington/P2024/0214/COL — 123 Englefield Road, London, N1 3LH
2026-09-30 11:21:53 INFO LEAD new: [Conditions] Islington/P2024/0219/FUL — 9 Huntingdon Street, London, N1 1BU
2026-09-30 11:21:53 INFO LEAD new: [Conditions] Islington/P2024/0211/AOD — 53 Monsell Road, London, N4 2EF
2026-09-30 11:21:53 INFO LEAD new: [Conditions] Islington/P2024/0246/PRA — Units B and C, 117 Hornsey Road, London, N7 6DP
2026-09-30 11:21:53 INFO LEAD new: [Conditions] Islington/P2024/0221/ADV — 4A Upper Street, Londo, N1 0PU
2026-09-30 11:21:53 INFO LEAD new: [Conditions] Islington/P2024/0222/FUL — 64 Elfort Road, London, N5 1AZ
2026-09-30 11:21:53 INFO LEAD new: [Conditions] Islington/P2024/0223/COLP — 64 Elfort Road, London, N5 1AZ
2026-09-30 11:21:53 INFO LEAD new: [Conditions] Islington/P2024/0217 — 115 Petherton Road, London, N5 2RS
2026-09-30 11:21:53 INFO LEAD new: [Conditions] Islington/P2024/0204/FUL — 38 Blythwood Road, London, N4 4EU
2026-09-30 11:21:53 INFO LEAD new: [Conditions] Islington/P2024/0210/FUL — 26 Melgund Road, London, N5 1PT
2026-09-30 11:21:53 INFO LEAD new: [Conditions] Islington/P2024/0256/NMA — 5-10 Brandon Road, London, N7 9AA
2026-09-30 11:21:53 INFO LEAD new: [Conditions] Islington/P2024/0209/FUL — 31 Waterlow Road, London, N19 5NJ
2026-09-30 11:21:53 INFO LEAD new: [Conditions] Islington/P2024/0199/AOD — Greenpeace, 2 Canonbury Villas, London, N1 2PN
2026-09-30 11:21:53 INFO LEAD new: [Conditions] Islington/P2024/0206/AOD — The Whittington Hospital, Magdala Avenue, London, Islington,
2026-09-30 11:21:53 INFO LEAD new: [Conditions] Islington/P2024/0208/AOD — The Whittington Hospital, Magdala Avenue, London, N19 5NF
2026-09-30 11:21:53 INFO LEAD new: [Conditions] Islington/P2024/0189/FUL — 17 Highbury Hill, London, N5 1SU
2026-09-30 11:21:53 INFO LEAD new: [Conditions] Islington/P2024/0191/FUL — 65A St Paul's Road, London, N1 2LT
2026-09-30 11:21:53 INFO LEAD new: [Conditions] Islington/P2024/0198/FUL — 175-177 Holloway Road, London, N7 8LX
2026-09-30 11:21:53 INFO LEAD new: [Conditions] Islington/P2024/0188/FUL — 6 Milner Place, London, N1 1TN
2026-09-30 11:21:53 INFO LEAD new: [Conditions] Islington/P2024/0193/LBC — 2 Highbury Place, London, N5 1QZ
2026-09-30 11:21:53 INFO LEAD new: [Conditions] Islington/P2024/0190/LBC — 6 Milner Place, London, N1 1TN
2026-09-30 11:21:53 INFO LEAD new: [Conditions] Islington/P2024/0195/COLP — 87 Highbury Hill, London, N5 1SX
2026-09-30 11:21:53 INFO LEAD new: [Conditions] Islington/P2024/0192/AOD — St Pauls Steiner School, 1 St Paul's Road, London, N1 2QH
2026-09-30 11:21:53 INFO LEAD new: [Conditions] Islington/P2024/0196/FUL — 7 Huddleston Road, London, N7 0RE
2026-09-30 11:21:53 INFO LEAD new: [Conditions] Islington/P2024/0197/FUL — 110 Rosebery Avenue, London, EC1R 4TL
2026-09-30 11:21:53 INFO LEAD new: [Conditions] Islington/P2024/0182/FUL — Flat B, 57 Cleveland Road, London, N1 3ES
2026-09-30 11:21:53 INFO LEAD new: [Conditions] Islington/P2024/0185/ADV — 7 Parkfield Street, London, N1 0PS
2026-09-30 11:21:53 INFO LEAD new: [Conditions] Islington/P2024/0183/FUL — South Library, 115-117 Essex Road, London, N1 2SL
2026-09-30 11:21:53 INFO LEAD new: [Conditions] Islington/P2024/0175/AOD — Lamb Tavern Apartments, 38 A North Road, London, N7 9DF
2026-09-30 11:21:53 INFO LEAD new: [Conditions] Islington/P2024/0170/FUL — 16 Hatchard Road, London, N19 4NH
2026-09-30 11:21:53 INFO LEAD new: [Conditions] Islington/P2024/0177/FUL — 40 Dunford Road, London, N7 6EL
2026-09-30 11:21:53 INFO LEAD new: [Conditions] Islington/P2024/0168/COL — 21 Kingsdown Road, London, N19 4LD
2026-09-30 11:21:53 INFO LEAD new: [Conditions] Islington/P2024/0163/FUL — Basement And Ground Floor, 124 Fonthill Road, London, N4 3HP
2026-09-30 11:21:53 INFO LEAD new: [Conditions] Islington/P2024/0174/ADV — 116-118 Basement And Ground Floor, St John Street, London, E
2026-09-30 11:21:53 INFO LEAD new: [Conditions] Islington/P2024/0165/FUL — 116-118 Basement And Ground Floor, St John Street, London, E
2026-09-30 11:21:53 INFO LEAD new: [Conditions] Islington/P2024/0176/ADV — Basement And Ground Floor, 124 Fonthill Road, London, N4 3HP
2026-09-30 11:21:53 INFO LEAD new: [Conditions] Islington/P2024/0166/FUL — 59 Arundel Square, London, N7 8AP
2026-09-30 11:21:53 INFO LEAD new: [Conditions] Islington/P2024/0158/FUL — Northburgh House, 10 Northburgh Street, London, EC1V 0AT
2026-09-30 11:21:53 INFO LEAD new: [Conditions] Islington/P2024/0159/FUL — 19 Ecclesbourne Road, London, N1 3RP
2026-09-30 11:21:53 INFO LEAD new: [Conditions] Islington/P2024/0154/FUL — 25 Hamilton Park, London, N5 1SH
2026-09-30 11:21:53 INFO LEAD new: [Conditions] Islington/P2024/0144/LBC — St Lukes Church, 161 Old Street, London, EC1V 9NG
2026-09-30 11:21:53 INFO LEAD new: [Conditions] Islington/P2024/0149/FUL — 18 Fairmead Road, London, N19 4DF
2026-09-30 11:21:53 INFO LEAD new: [Conditions] Islington/P2024/0143/ADV — 20 St John's Square, London, EC1M 4AH
2026-09-30 11:21:53 INFO LEAD new: [Conditions] Islington/P2024/0150/LBC — 79 New River Head, 173 Rosebery Avenue, London, EC1R 4UP
2026-09-30 11:21:53 INFO LEAD new: [Conditions] Islington/P2024/0139/FUL — St Lukes Church, 161 Old Street, London, EC1V 9NG
2026-09-30 11:21:53 INFO LEAD new: [Conditions] Islington/P2024/0138/COL — 1 Bouton Place, London, N1 1TR,
2026-09-30 11:21:53 INFO LEAD new: [Conditions] Islington/P2024/0122/LBC — 250 Essex Road, London, N1 3AR
2026-09-30 11:21:53 INFO LEAD new: [Conditions] Islington/P2024/0137/FUL — Ground And Basement, 278-280 Pentonville Road, London, N1 9N
2026-09-30 11:21:53 INFO LEAD new: [Conditions] Islington/P2024/0130/FUL — 49 & 49a Hamilton Park West, London, N5 1AE
2026-09-30 11:21:53 INFO LEAD new: [Conditions] Islington/P2024/0132/AOD — Unit 1 - 3 Stapleton House, 271-275 Holloway Road, London, N
2026-09-30 11:21:53 INFO LEAD new: [Conditions] Islington/P2024/0126/FUL — 31 Harberton Road, London, N19 3JS
2026-09-30 11:21:53 INFO LEAD new: [Conditions] Islington/P2024/0136/FUL — Land adjacent to and to the east of Hatfield House, 23 Hatfi
2026-09-30 11:21:53 INFO LEAD new: [Conditions] Islington/P2024/0134 — 36 - 44 Tabernacle Street, London, EC2A 4DT
2026-09-30 11:21:53 INFO LEAD new: [Conditions] Islington/P2024/0128/LBC — Florin Court, 6-9 Charterhouse Square, Barbican, London, EC1
2026-09-30 11:21:53 INFO LEAD new: [Conditions] Islington/P2024/0115/LBC — 29 Cross Street, London, N1 2BH
2026-09-30 11:21:53 INFO LEAD new: [Conditions] Islington/P2024/0116/FUL — Florin Court, 6-9 Charterhouse Square, Barbican, London, EC1
2026-09-30 11:21:53 INFO LEAD new: [Conditions] Islington/P2024/0121/LBC — 248 Essex Road, London, N1 3AR
2026-09-30 11:21:53 INFO LEAD new: [Conditions] Islington/P2024/0114/AOD — 38-44 Hostel And Premises, Park Street, London, N1 1PX
2026-09-30 11:21:53 INFO LEAD new: [Conditions] Islington/P2024/0118/LBC — 47 Baalbec Road, London, Islington, N5 1QN
2026-09-30 11:21:59 INFO [islington/Conditions] page at offset 4400: 100 records
2026-09-30 11:21:59 INFO LEAD new: [Conditions] Islington/P2024/0123/LBC — 266 Essex Road, London, N1 3AR
2026-09-30 11:21:59 INFO LEAD new: [Conditions] Islington/P2024/0119/LBC — 186-188 Ball's Pond Road, London, N1 4AA
2026-09-30 11:21:59 INFO LEAD new: [Conditions] Islington/P2024/0106/FUL — Flat 4, 52 Anson Road, London, N7 0AA
2026-09-30 11:21:59 INFO LEAD new: [Conditions] Islington/P2024/0113/FUL — Flat C, 17 Lucerne Road, London, N5 1TZ
2026-09-30 11:21:59 INFO LEAD new: [Conditions] Islington/P2024/0107/AOD — Finwell Mews Annexe, Finwell House, 26 Finsbury Square, Lond
2026-09-30 11:21:59 INFO LEAD new: [Conditions] Islington/P2024/0109/FUL — 34 Brecknock Road, London, N7 0DD
2026-09-30 11:21:59 INFO LEAD new: [Conditions] Islington/P2024/0104/PRA — 71D Elwood Street, London, N5 1EB
2026-09-30 11:21:59 INFO LEAD new: [Conditions] Islington/P2024/0098/LBC — 14 Barnsbury Street, London, N1 1PN
2026-09-30 11:21:59 INFO LEAD new: [Conditions] Islington/P2024/0093/FUL — Land to the rear of 61-71 Kelross Road, London, N5 2QN
2026-09-30 11:22:00 INFO LEAD new: [Conditions] Islington/P2024/0095/LBC — 10 Burgh Street, London, N1 8HF
2026-09-30 11:22:00 INFO LEAD new: [Conditions] Islington/P2024/0097/LBC — 27 Cloudesley Street, London, N1 0HX
2026-09-30 11:22:00 INFO LEAD new: [Conditions] Islington/P2024/0094/AOD — Land north west of the Royal Mail Sorting Office, Farringdon
2026-09-30 11:22:00 INFO LEAD new: [Conditions] Islington/P2024/0102/LBC — 28 Milner Square, London, N1 1TW
2026-09-30 11:22:00 INFO LEAD new: [Conditions] Islington/P2024/0084/ADV — Basement And Ground Floors, 54 Essex Road, London, N1 8LR
2026-09-30 11:22:00 INFO LEAD new: [Conditions] Islington/P2024/0085/AOD — Bonhill Building, 15 Bonhill Street, London, EC2A 4DN
2026-09-30 11:22:00 INFO LEAD new: [Conditions] Islington/P2024/0087/FUL — 7 Alwyne Villas, London, N1 2HG
2026-09-30 11:22:00 INFO LEAD new: [Conditions] Islington/P2024/0091/FUL — 32 Sussex Way, London, N7 6RS
2026-09-30 11:22:00 INFO LEAD new: [Conditions] Islington/P2024/0089/FUL — 49 Parolles Road, London, N19 3RE
2026-09-30 11:22:00 INFO LEAD new: [Conditions] Islington/P2024/0099/LBC — 7 Alwyne Villas, London, N1 2HG
2026-09-30 11:22:00 INFO LEAD new: [Conditions] Islington/P2024/0092/FUL — Flat 3, 322 Caledonian Road, London, N1 1BB
2026-09-30 11:22:00 INFO LEAD new: [Conditions] Islington/P2024/0086/ADV — 430-432 Caledonian Road, London, N7 8TD
2026-09-30 11:22:00 INFO LEAD new: [Conditions] Islington/P2024/0081/AOD — Old Street Station, Old Street, London, EC1Y 1BE
2026-09-30 11:22:00 INFO LEAD new: [Conditions] Islington/P2024/0076/FUL — Flat B, 12 Hamilton Park, London, N5 1SJ
2026-09-30 11:22:00 INFO LEAD new: [Conditions] Islington/P2024/0080/S73 — 41 & 43 Thornhill Road, London, N1 1JS
2026-09-30 11:22:00 INFO LEAD new: [Conditions] Islington/P2024/0067/FUL — 3 Stradbroke Road, London, N5 2PZ
2026-09-30 11:22:00 INFO LEAD new: [Conditions] Islington/P2024/0069/FUL — 2 Romilly Road, London, N4 2QZ
2026-09-30 11:22:00 INFO LEAD new: [Conditions] Islington/P2024/0070/FUL — The Whittington Hospital, Magdala Avenue, London, N19 5NF
2026-09-30 11:22:00 INFO LEAD new: [Conditions] Islington/P2024/0056/LBC — 6 Bishop Street, London, N1 8PH
2026-09-30 11:22:00 INFO LEAD new: [Conditions] Islington/P2024/0060/FUL — First Floor Flat, 4 Harberton Road, London, N19 3JR
2026-09-30 11:22:00 INFO LEAD new: [Conditions] Islington/P2024/0058/ADV — Soughdough Sophia, 119 Essex Road, London , N1 2SN
2026-09-30 11:22:00 INFO LEAD new: [Conditions] Islington/P2024/0061/FUL — Flat 7, 7 Aubert Park, London, N5 1TL
2026-09-30 11:22:00 INFO LEAD new: [Conditions] Islington/P2024/0051/LBC — 1 Bishop Street, London, N1 8PH
2026-09-30 11:22:00 INFO LEAD new: [Conditions] Islington/P2024/0049/COLP — 1 Dallington Street, London, EC1V 0BH
2026-09-30 11:22:00 INFO LEAD new: [Conditions] Islington/P2024/0052/LBC — 2 Bishop Street, London, N1 8PH
2026-09-30 11:22:00 INFO LEAD new: [Conditions] Islington/P2024/0059/AOD — 634-638 Holloway Road, London, N19 3NU
2026-09-30 11:22:00 INFO LEAD new: [Conditions] Islington/P2024/0053/LBC — 3 Bishop Street, London, N1 8PH
2026-09-30 11:22:00 INFO LEAD new: [Conditions] Islington/P2024/0057/LBC — 7 Bishop Street, London, N1 8PH
2026-09-30 11:22:00 INFO LEAD new: [Conditions] Islington/P2024/0055/LBC — 5 Bishop Street, London, N1 8PH
2026-09-30 11:22:00 INFO LEAD new: [Conditions] Islington/P2024/0054/LBC — 4 Bishop Street, London, N1 8PH
2026-09-30 11:22:00 INFO LEAD new: [Conditions] Islington/P2024/0043/FUL — 30-31 Clerkenwell Green, London, EC1R 0DU
2026-09-30 11:22:00 INFO LEAD new: [Conditions] Islington/P2024/0041/FUL — Flats 1-5, Canonbury Mansions, 15 Canonbury Place, London, N
2026-09-30 11:22:00 INFO LEAD new: [Conditions] Islington/P2024/0044 — 11 Malvern Terrace, London, N1 1HR
2026-09-30 11:22:00 INFO LEAD new: [Conditions] Islington/P2024/0033/AOD — Former Holloway Prison, Parkhurst Road, London, N7 0NU
2026-09-30 11:22:00 INFO LEAD new: [Conditions] Islington/P2024/0036/FUL — 63C Crayford Road, London, N7 0NE
2026-09-30 11:22:00 INFO LEAD new: [Conditions] Islington/P2024/0035/AOD — Former Holloway Prison, Parkhurst Road, London, N7 0NU
2026-09-30 11:22:00 INFO LEAD new: [Conditions] Islington/P2024/0038/COLP — 4 Stonenest Street, London, N4 3BA
2026-09-30 11:22:00 INFO LEAD new: [Conditions] Islington/P2024/0040/FUL — 4 St Paul Street, London, N1 7AB
2026-09-30 11:22:00 INFO LEAD new: [Conditions] Islington/P2024/0023/FUL — Turkan House, 71 Green Lanes, London, N16 9BU
2026-09-30 11:22:00 INFO LEAD new: [Conditions] Islington/P2024/0025/AOD — 37 Canonbury Park North, London, N1 2JU
2026-09-30 11:22:00 INFO LEAD new: [Conditions] Islington/P2024/0004/FUL — 12 Lillie House, 18 Fieldway Crescent, London, N5 1QB
2026-09-30 11:22:00 INFO LEAD new: [Conditions] Islington/P2024/0008/FUL — (The Bridge Satellite School) Hungerford Primary School, 249
2026-09-30 11:22:00 INFO LEAD new: [Conditions] Islington/P2024/0006/FUL — 443-445 Holloway Road, London, N7 6LJ
2026-09-30 11:22:00 INFO LEAD new: [Conditions] Islington/P2024/0016/COLP — 59A Corsica Street, London, N5 1JT
2026-09-30 11:22:00 INFO LEAD new: [Conditions] Islington/P2024/0015/FUL — 3 Hugo Road, London, N19 5EU
2026-09-30 11:22:00 INFO LEAD new: [Conditions] Islington/P2024/0048/LBC — (The Bridge Satellite School) Hungerford Primary School, 249
2026-09-30 11:22:00 INFO LEAD new: [Conditions] Islington/P2024/0010 — 110 Hemingford Road, London, N1 1DE
2026-09-30 11:22:00 INFO LEAD new: [Conditions] Islington/P2023/3674/FUL — 14 Cardozo Road, London, N7 9RL
2026-09-30 11:22:00 INFO LEAD new: [Conditions] Islington/P2024/0003/COLP — Morea Mews, Highbury Grove, London, N5 2EE
2026-09-30 11:22:00 INFO LEAD new: [Conditions] Islington/P2023/3677/FUL — 4-12 and 16-20 Richmond Avenue, London, N1 0NF
2026-09-30 11:22:00 INFO LEAD new: [Conditions] Islington/P2023/3669/FUL — 52 Rawstorne Street, London, EC1V 7NQ
2026-09-30 11:22:00 INFO LEAD new: [Conditions] Islington/P2024/0039/LBC — 52 Rawstorne Street, London, EC1V 7NQ
2026-09-30 11:22:00 INFO LEAD new: [Conditions] Islington/P2023/3672/LBC — The Bridge Satellite, Hungerford Road, London, N7 9LF
2026-09-30 11:22:00 INFO LEAD new: [Conditions] Islington/P2023/3671/FUL — 37 Liberia Road, London, N5 1JP
2026-09-30 11:22:00 INFO LEAD new: [Conditions] Islington/P2024/0001/COL — 29 Kingsdown Road, London, N19 4LD
2026-09-30 11:22:00 INFO LEAD new: [Conditions] Islington/P2023/3676/FUL — 50 Exmouth Market, London, EC1R 4QE
2026-09-30 11:22:00 INFO LEAD new: [Conditions] Islington/P2023/3661/S73 — 10 Grange Grove, London, N1 2NP
2026-09-30 11:22:00 INFO LEAD new: [Conditions] Islington/P2023/3680/LBC — Maisonette Second And Third Floors, 202 Liverpool Road, Lond
2026-09-30 11:22:00 INFO LEAD new: [Conditions] Islington/P2023/3664/FUL — Flat B, 70 Regina Road, London, N4 3PP
2026-09-30 11:22:00 INFO LEAD new: [Conditions] Islington/P2023/3655/FUL — Maisonette Second And Third Floors, 202 Liverpool Road, Lond
2026-09-30 11:22:00 INFO LEAD new: [Conditions] Islington/P2023/3662/FUL — Blocks A to D, Alliance House, Newington Green, London, N16 
2026-09-30 11:22:00 INFO LEAD new: [Conditions] Islington/P2023/3659/FUL — Flat 8, 7-9 Cross Street, London, N1 2BH
2026-09-30 11:22:00 INFO LEAD new: [Conditions] Islington/P2023/3665/AOD — Finwell Mews Annexe, Finwell House, 26 Finsbury Square, Lond
2026-09-30 11:22:00 INFO LEAD new: [Conditions] Islington/P2023/3663/AOD — 124 Aldersgate Street, Islington, EC1A 4JQ
2026-09-30 11:22:00 INFO LEAD new: [Conditions] Islington/P2023/3667/FUL — Ground Floor Flat, 1 Bryantwood Road, London, N7 7BG
2026-09-30 11:22:00 INFO LEAD new: [Conditions] Islington/P2024/0002/LBC — Flat 8, 7-9 Cross Street, London, N1 2BH
2026-09-30 11:22:00 INFO LEAD new: [Conditions] Islington/P2023/3653/FUL — Flat 1, 143 Petherton Road, London, N5 2RS
2026-09-30 11:22:00 INFO LEAD new: [Conditions] Islington/P2023/3668/PRA — 2 - 4 Digswell Street 3 Furlong Road, London, N7 8JX
2026-09-30 11:22:00 INFO LEAD new: [Conditions] Islington/P2023/3639/ADV — PIZZA EXPRESS, 1 CLERKENWELL ROAD, EC1M 5PA
2026-09-30 11:22:00 INFO LEAD new: [Conditions] Islington/P2023/3660/PRA — 2 - 4 Digswell Street and 3 Furlong Road, London, N7 8JX
2026-09-30 11:22:00 INFO LEAD new: [Conditions] Islington/P2023/3624/PRA — 27 Marlborough Road, London, N19 4NA
2026-09-30 11:22:00 INFO LEAD new: [Conditions] Islington/P2023/3643/AOD — Former Holloway Prison, Parkhurst Road, London, N7 0NU
2026-09-30 11:22:00 INFO LEAD new: [Conditions] Islington/P2023/3649/AOD — 5-10 Brandon Road, London, N7 9AA
2026-09-30 11:22:00 INFO LEAD new: [Conditions] Islington/P2023/3673/LBC — 28 Noel Road, London, N1 8HA
2026-09-30 11:22:00 INFO LEAD new: [Conditions] Islington/P2023/3648/FUL — 14 Elphinstone Street, London, N5 1BS
2026-09-30 11:22:00 INFO LEAD new: [Conditions] Islington/P2023/3647/COL — Flat 3, 191 Caledonian Road, London, N1 0SL
2026-09-30 11:22:00 INFO LEAD new: [Conditions] Islington/P2023/3637/FUL — 28 Noel Road, London, N1 8HA
2026-09-30 11:22:00 INFO LEAD new: [Conditions] Islington/P2023/3650/LBC — Ironmonger Row Baths, 1 Norman Street, London, EC1V 3AA
2026-09-30 11:22:00 INFO LEAD new: [Conditions] Islington/P2023/3628/FUL — Ironmonger Row Baths, 1 Norman Street, London, EC1V 3AA
2026-09-30 11:22:00 INFO LEAD new: [Conditions] Islington/P2023/3635/AOD — 10 - 18 All Saints Street, London, N1 9RL
2026-09-30 11:22:00 INFO LEAD new: [Conditions] Islington/P2023/3626/FUL — 194 St Paul's Road, London, N1 2LL
2026-09-30 11:22:00 INFO LEAD new: [Conditions] Islington/P2023/3636/LBC — 4 Mountfort Terrace, London, N1 1JJ
2026-09-30 11:22:00 INFO LEAD new: [Conditions] Islington/P2023/3631/FUL — 120 Playford Road, London, N4 3NL
2026-09-30 11:22:00 INFO LEAD new: [Conditions] Islington/P2023/3646/LBC — Flat A, 13 Gerrard Road, London, N1 8AY
2026-09-30 11:22:00 INFO LEAD new: [Conditions] Islington/P2023/3619/FUL — Thornbury House, Thornbury Square, London, N6 5YW
2026-09-30 11:22:00 INFO LEAD new: [Conditions] Islington/P2023/3620/FUL — 10-11 Upper Street, London, N1 0PQ
2026-09-30 11:22:00 INFO LEAD new: [Conditions] Islington/P2023/3612/FUL — Ground Floor Front, The Macmillan Building, 4-6 Crinan Stree
2026-09-30 11:22:07 INFO [islington/Conditions] page at offset 4500: 100 records
2026-09-30 11:22:07 INFO LEAD new: [Conditions] Islington/P2023/3617/FUL — Unit R7, 35 Parkfield Street, London, N1 0PS
2026-09-30 11:22:07 INFO LEAD new: [Conditions] Islington/P2023/3609/FUL — Flat 1, 238 Tufnell Park Road, London, N19 5EW
2026-09-30 11:22:07 INFO LEAD new: [Conditions] Islington/P2023/3640/ADV — 10-11 Upper Street, London, N1 0PQ
2026-09-30 11:22:07 INFO LEAD new: [Conditions] Islington/P2023/3622/FUL — Flat A, 13 Gerrard Road, London, N1 8AY
2026-09-30 11:22:07 INFO LEAD new: [Conditions] Islington/P2023/3615/COL — 16-26 Banner Street, London, EC1Y 8QE
2026-09-30 11:22:07 INFO LEAD new: [Conditions] Islington/P2023/3644/LBC — 144 Hemingford Road, London, N1 1DE
2026-09-30 11:22:07 INFO LEAD new: [Conditions] Islington/P2023/3616/FUL — 30 Finsbury Square, London, EC2A 1AG
2026-09-30 11:22:07 INFO LEAD new: [Conditions] Islington/P2023/3621/FUL — 144 Hemingford Road, London, N1 1DE
2026-09-30 11:22:07 INFO LEAD new: [Conditions] Islington/P2023/3603/FUL — Upper Flat, 29 Archibald Road, London, N7 0AN
2026-09-30 11:22:07 INFO LEAD new: [Conditions] Islington/P2023/3599/FUL — 3 City Garden Row N1 8DW (main building part of the site on 
2026-09-30 11:22:07 INFO LEAD new: [Conditions] Islington/P2023/3597/FUL — Unit 3, 1-5 Clerkenwell Road, London, EC1M 5PE
2026-09-30 11:22:07 INFO LEAD new: [Conditions] Islington/P2023/3593/ADV — 73 City Road, London, EC1Y 1BD
2026-09-30 11:22:07 INFO LEAD new: [Conditions] Islington/P2023/3600/COL — 18-26 Sun Court House, Essex Road, London, N1 8LN
2026-09-30 11:22:07 INFO LEAD new: [Conditions] Islington/P2023/3598/FUL — 16 St George's Avenue, London, N7 0HD
2026-09-30 11:22:07 INFO LEAD new: [Conditions] Islington/P2023/3613/OBS — 4 Christopher Street, 56 and 58 Wilson Street and 1,3 and 5 
2026-09-30 11:22:07 INFO LEAD new: [Conditions] Islington/P2023/3611/ADV — 166-168 Essex Road, London, N1 8LY
2026-09-30 11:22:07 INFO LEAD new: [Conditions] Islington/P2023/3594/FUL — 166-168 Essex Road, London, N1 8LY
2026-09-30 11:22:07 INFO LEAD new: [Conditions] Islington/P2023/3574/FUL — 20 Arundel Square, London, N7 8AS
2026-09-30 11:22:07 INFO LEAD new: [Conditions] Islington/P2023/3575/FUL — Finwell House (26 Finsbury Square) and Finwell Mews Annex, L
2026-09-30 11:22:07 INFO LEAD new: [Conditions] Islington/P2023/3586/OBS — London Wall West - 140 London Wall, 150 London Wall, Ironmon
2026-09-30 11:22:07 INFO LEAD new: [Conditions] Islington/P2023/3580/FUL — 25 Grange Grove, London, N1 2NP
2026-09-30 11:22:07 INFO LEAD new: [Conditions] Islington/P2023/3579/S73 — 15-17 Compton Avenue, London, N1 2XD
2026-09-30 11:22:07 INFO LEAD new: [Conditions] Islington/P2023/3582/FUL — 25 Grange Grove, London, N1 2NP
2026-09-30 11:22:07 INFO LEAD new: [Conditions] Islington/P2023/3578/FUL — 59-61 Brooksby Street, London, N1 1EX
2026-09-30 11:22:07 INFO LEAD new: [Conditions] Islington/P2023/3573/AOD — Ground Floor, 236 Upper Street, London, N1 1RU
2026-09-30 11:22:07 INFO LEAD new: [Conditions] Islington/P2023/3576/FUL — 257 New North Road, London, N1 7AT
2026-09-30 11:22:07 INFO LEAD new: [Conditions] Islington/P2023/3581/FUL — 25 Grange Grove, London, N1 2NP
2026-09-30 11:22:07 INFO LEAD new: [Conditions] Islington/P2023/3551/FUL — 4-10 North Road, London, N7 9EY
2026-09-30 11:22:07 INFO LEAD new: [Conditions] Islington/P2023/3565/FUL — Public Conveniences, Islington Green, Angel, N1 2XN
2026-09-30 11:22:07 INFO LEAD new: [Conditions] Islington/P2023/3553/AOD — 5-10 Brandon Road, London, N7 9AA
2026-09-30 11:22:07 INFO LEAD new: [Conditions] Islington/P2023/3554/AOD — 5-10 Brandon Road, London, N7 9AA
2026-09-30 11:22:07 INFO LEAD new: [Conditions] Islington/P2023/3562/ADV — 12-13 New Wharf Road, London, N1 9RT
2026-09-30 11:22:07 INFO LEAD new: [Conditions] Islington/P2023/3547/FUL — 24 Kerwick Close, London, N7 9DJ
2026-09-30 11:22:07 INFO LEAD new: [Conditions] Islington/P2023/3567/LBC — Central Block, Old Royal Free Place, London, N1 0YJ
2026-09-30 11:22:07 INFO LEAD new: [Conditions] Islington/P2023/3552/FUL — 159 Southgate Road, London, N1 3LE
2026-09-30 11:22:07 INFO LEAD new: [Conditions] Islington/P2023/3546/FUL — Top Flat, 24a Highbury Grove, London, N5 2EA
2026-09-30 11:22:07 INFO LEAD new: [Conditions] Islington/P2023/3550/FUL — Central Block, Old Royal Free Place, London, N1 0YJ
2026-09-30 11:22:07 INFO LEAD new: [Conditions] Islington/P2023/3549/AOD — 92-94 Essex Road, London, N1 8LU
2026-09-30 11:22:07 INFO LEAD new: [Conditions] Islington/P2023/3544/COLP — 18 Quemerford Road, London, N7 9SG
2026-09-30 11:22:07 INFO LEAD new: [Conditions] Islington/P2023/3537/LBC — 14 Top Floor Flat, Highbury Place, London, N5 1QP
2026-09-30 11:22:07 INFO LEAD new: [Conditions] Islington/P2023/3545/AOD — 10 Northampton Park, London, N1 2PJ
2026-09-30 11:22:07 INFO LEAD new: [Conditions] Islington/P2023/3540/FUL — Public Conveniences, Holloway Road (Junction with Camden Roa
2026-09-30 11:22:07 INFO LEAD new: [Conditions] Islington/P2023/3542/FUL — Public Conveniences, Seven Sisters Road, London, N4 3GG
2026-09-30 11:22:07 INFO LEAD new: [Conditions] Islington/P2023/3539/FUL — Public Conveniences, Highbury Fields, Highbury Grove, N5 1HP
2026-09-30 11:22:07 INFO LEAD new: [Conditions] Islington/P2023/3538/FUL — Public Conveniences, Highbury Crescent, N5 1RE
2026-09-30 11:22:07 INFO LEAD new: [Conditions] Islington/P2023/3543/AOD — Charles Rowan House, Margery Street, London, WC1X 0EH
2026-09-30 11:22:07 INFO LEAD new: [Conditions] Islington/P2023/3541/FUL — Public Conveniences, City Road (Junction with Central Street
2026-09-30 11:22:07 INFO LEAD new: [Conditions] Islington/P2023/3530/LBC — South Library, 115-117 Essex Road, London, N1 2SL
2026-09-30 11:22:07 INFO LEAD new: [Conditions] Islington/P2023/3531/AOD — Unit 5 To 7, Blenheim Court, 62 Brewery Road, London, N7 9NY
2026-09-30 11:22:07 INFO LEAD new: [Conditions] Islington/P2023/3535/FUL — 41 Lloyd Baker Street, London, WC1X 9AB
2026-09-30 11:22:07 INFO LEAD new: [Conditions] Islington/P2023/3529/FUL — 59 Hamilton Park West, London, N5 1AE
2026-09-30 11:22:07 INFO LEAD new: [Conditions] Islington/P2023/3528/LBC — 40 Barnsbury Street, London, N1 1ER
2026-09-30 11:22:07 INFO LEAD new: [Conditions] Islington/P2023/3548/LBC — 41 Lloyd Baker Street, London, WC1X 9AB
2026-09-30 11:22:07 INFO LEAD new: [Conditions] Islington/P2023/3526/ADV — 302 Pentonville Road & 2 York Way, (McDonald's Restuarant), 
2026-09-30 11:22:07 INFO LEAD new: [Conditions] Islington/P2023/3527/LBC — Flat C, 63 Matilda Street, London, N1 0LA
2026-09-30 11:22:07 INFO LEAD new: [Conditions] Islington/P2023/3525/FUL — 138-140 Old Street, London, EC1V 9BJ
2026-09-30 11:22:07 INFO LEAD new: [Conditions] Islington/P2023/3517/FUL — 5 Wyatt Road, London, N5 2JU
2026-09-30 11:22:07 INFO LEAD new: [Conditions] Islington/P2023/3514/FUL — Flat 2, 66 Hornsey Rise, London, N19 3SQ
2026-09-30 11:22:07 INFO LEAD new: [Conditions] Islington/P2023/3504/FUL — 5 Salterton Road, London, N7 6BB
2026-09-30 11:22:07 INFO LEAD new: [Conditions] Islington/P2023/3513/FUL — 3, 3A, 3B and 5 Friend Street, London, EC1V 7NS
2026-09-30 11:22:07 INFO LEAD new: [Conditions] Islington/P2023/3507/FUL — Flat 1, 8 St George's Avenue, London, N7 0HD,
2026-09-30 11:22:07 INFO LEAD new: [Conditions] Islington/P2023/3509/AOD — Islington Square, Esther Anne Place, Islington, London, N1 1
2026-09-30 11:22:07 INFO LEAD new: [Conditions] Islington/P2023/3515/AOD — Jahn Court, 34 York Way, 34B York Way Albion Yard and Ironwo
2026-09-30 11:22:07 INFO LEAD new: [Conditions] Islington/P2023/3510/AOD — 5 Lloyd Square, London, WC1X 9BA
2026-09-30 11:22:07 INFO LEAD new: [Conditions] Islington/P2023/3506/FUL — 19 Marlborough Yard, London, N19 4ND
2026-09-30 11:22:07 INFO LEAD new: [Conditions] Islington/P2023/3469/FUL — 51 Lambton Road, London, N19 3QJ
2026-09-30 11:22:07 INFO LEAD new: [Conditions] Islington/P2023/3485/FUL — Flat B, 15 Sparsholt Road, London, N19 4EL
2026-09-30 11:22:07 INFO LEAD new: [Conditions] Islington/P2023/3502/FUL — 46-48 Rosebery Avenue, London, EC1R 4RP
2026-09-30 11:22:07 INFO LEAD new: [Conditions] Islington/P2023/3471/LBC — Flat C, 19 Cross Street, London, N1 2BH
2026-09-30 11:22:07 INFO LEAD new: [Conditions] Islington/P2023/3490/AOD — Former Holloway Prison, Parkhurst Road, London, N7 0NU
2026-09-30 11:22:07 INFO LEAD new: [Conditions] Islington/P2023/3477/FUL — 12-13 New Wharf Road, London, N1 9RT
2026-09-30 11:22:07 INFO LEAD new: [Conditions] Islington/P2023/3503/AOD — Former Holloway Prison, Parkhurst Road, London, N7 0NU
2026-09-30 11:22:07 INFO LEAD new: [Conditions] Islington/P2023/3491/FUL — Flat B, 7 Pyrland Road, London, N5 2JB
2026-09-30 11:22:07 INFO LEAD new: [Conditions] Islington/P2023/3478/COLP — 19 Almington Street, London, N4 3BG
2026-09-30 11:22:07 INFO LEAD new: [Conditions] Islington/P2023/3498/FUL — 40 Barnsbury Street, London, N1 1ER
2026-09-30 11:22:07 INFO LEAD new: [Conditions] Islington/P2023/3564/ADV — 46-48 Rosebery Avenue, London, EC1R 4RP
2026-09-30 11:22:07 INFO LEAD new: [Conditions] Islington/P2023/3501/FUL — 46-48 Rosebery Avenue, London, EC1R 4RP
2026-09-30 11:22:07 INFO LEAD new: [Conditions] Islington/P2023/3481/AOD — Islington Square, Esther Anne Place, Islington, London, N1 1
2026-09-30 11:22:07 INFO LEAD new: [Conditions] Islington/P2023/3483/AOD — Islington Square, Esther Anne Place, London, Islington, N1 1
2026-09-30 11:22:07 INFO LEAD new: [Conditions] Islington/P2023/3480/S73 — 46 Corbyn Street, London, N4 3BZ
2026-09-30 11:22:07 INFO LEAD new: [Conditions] Islington/P2023/3474/COLP — 12 Manger Road, London, N7 9TQ
2026-09-30 11:22:07 INFO LEAD new: [Conditions] Islington/P2023/3494/LBC — 115 Cloudesley Road, London, N1 0EN
2026-09-30 11:22:07 INFO LEAD new: [Conditions] Islington/P2023/3468/FUL — 31 Wolsey Road, London, N1 4QG
2026-09-30 11:22:07 INFO LEAD new: [Conditions] Islington/P2023/3470/COLP — 51 Lambton Road, London, N19 3QJ
2026-09-30 11:22:07 INFO LEAD new: [Conditions] Islington/P2023/3482/AOD — Islington Square, Esther Anne Place, London, Islington, N1 1
2026-09-30 11:22:07 INFO LEAD new: [Conditions] Islington/P2023/3455/FUL — 80 Queen's Head Street, London, N1 8NG
2026-09-30 11:22:07 INFO LEAD new: [Conditions] Islington/P2023/3464/ADV — Basement Ground And First Floors, Lion House, 23-25 Islingto
2026-09-30 11:22:07 INFO LEAD new: [Conditions] Islington/P2023/3463/FUL — 74 Mercers Road, London, N19 4PR
2026-09-30 11:22:07 INFO LEAD new: [Conditions] Islington/P2023/3458/FUL — Manor Gardens Centre, 6-9 Manor Gardens, London, N7 6LA
2026-09-30 11:22:07 INFO LEAD new: [Conditions] Islington/P2023/3465/COLP — 5 Witherington Road, London, N5 1PN
2026-09-30 11:22:07 INFO LEAD new: [Conditions] Islington/P2023/3447/FUL — 16 Exmouth Market, London, EC1R 4QE
2026-09-30 11:22:07 INFO LEAD new: [Conditions] Islington/P2023/3446/FUL — Flat A, 13 Claremont Square, London, N1 9LY
2026-09-30 11:22:07 INFO LEAD new: [Conditions] Islington/P2023/3451/AOD — 130 Old Street, London, EC1V 9BD
2026-09-30 11:22:07 INFO LEAD new: [Conditions] Islington/P2023/3444/FUL — 73 Cheverton Road, London, N19 3BA
2026-09-30 11:22:07 INFO LEAD new: [Conditions] Islington/P2023/3505/LBC — Flat A, 13 Claremont Square, London, N1 9LY
2026-09-30 11:22:14 INFO [islington/Conditions] page at offset 4600: 100 records
2026-09-30 11:22:14 INFO LEAD new: [Conditions] Islington/P2023/3440/AOD — 1 Canonbury Place, London, N1 2NQ
2026-09-30 11:22:14 INFO LEAD new: [Conditions] Islington/P2023/3435/FUL — 75A Chapel Market, London, N1 9ER
2026-09-30 11:22:14 INFO LEAD new: [Conditions] Islington/P2023/3437/FUL — Cope House, 58 Bath Street, London, EC1V 9JQ
2026-09-30 11:22:14 INFO LEAD new: [Conditions] Islington/P2023/3439/COLP — 10 Grange Grove, London, N1 2NP
2026-09-30 11:22:14 INFO LEAD new: [Conditions] Islington/P2023/3445/AOD — 1 Canonbury Place, London, N1 2NQ
2026-09-30 11:22:14 INFO LEAD new: [Conditions] Islington/P2023/3443/COL — 2-7 Clerkenwell Green, London, EC1R 0DE
2026-09-30 11:22:14 INFO LEAD new: [Conditions] Islington/P2023/3431/FUL — 30 Highbury Hill, London, N5 1AL
2026-09-30 11:22:14 INFO LEAD new: [Conditions] Islington/P2023/3427/AOD — 5-10 Brandon Road, London, N7 9AA
2026-09-30 11:22:14 INFO LEAD new: [Conditions] Islington/P2023/3428/FUL — Flat C, 38 Crayford Road, London, N7 0ND
2026-09-30 11:22:14 INFO LEAD new: [Conditions] Islington/P2023/3432/FUL — 3 Wyatt Road, London, N5 2JU
2026-09-30 11:22:14 INFO LEAD new: [Conditions] Islington/P2023/3433/FUL — 77 Huddleston Road, London, N7 0AE
2026-09-30 11:22:14 INFO LEAD new: [Conditions] Islington/P2023/3414/FUL — 152 Drayton Park, London, N5 1LX
2026-09-30 11:22:14 INFO LEAD new: [Conditions] Islington/P2023/3397/FUL — 28 Almeida Street, London, N1 1TD
2026-09-30 11:22:14 INFO LEAD new: [Conditions] Islington/P2023/3413/FUL — Flat A, 42 Beversbrook Road, London, N19 4QH
2026-09-30 11:22:14 INFO LEAD new: [Conditions] Islington/P2023/3421/FUL — 30 Waterlow Road, London, N19 5NH
2026-09-30 11:22:14 INFO LEAD new: [Conditions] Islington/P2023/3425/AOD — 1 Lowther Road, London, N7 8US
2026-09-30 11:22:14 INFO LEAD new: [Conditions] Islington/P2023/3419/LBC — 29 Gibson Square, London, N1 0RD
2026-09-30 11:22:14 INFO LEAD new: [Conditions] Islington/P2023/3410/AOD — Upper Maisonette, 10 Copenhagen Street, London, N1 0JD
2026-09-30 11:22:14 INFO LEAD new: [Conditions] Islington/P2023/3387/FUL — 2 Bromfield Street, London, N1 0QA
2026-09-30 11:22:14 INFO LEAD new: [Conditions] Islington/P2023/3386/AOD — Land north west of the Royal Mail Sorting Office, Farringdon
2026-09-30 11:22:14 INFO LEAD new: [Conditions] Islington/P2023/3396/S73 — 1-7 Britannia Row, London, N1 8QH
2026-09-30 11:22:14 INFO LEAD new: [Conditions] Islington/P2023/3415/LBC — 2 Bromfield Street, London, N1 0QA
2026-09-30 11:22:14 INFO LEAD new: [Conditions] Islington/P2023/3389/FUL — 8 Pavillion Mews, London, N4 3QA
2026-09-30 11:22:14 INFO LEAD new: [Conditions] Islington/P2023/3383/FUL — Flat A, 22 Richmond Avenue, London, N1 0ND
2026-09-30 11:22:14 INFO LEAD new: [Conditions] Islington/P2023/3390/ADV — 14 Dufferin Street, London, EC1Y 8PD
2026-09-30 11:22:14 INFO LEAD new: [Conditions] Islington/P2023/3392/LBC — 37 Shepperton Road, London, N1 3DH
2026-09-30 11:22:14 INFO LEAD new: [Conditions] Islington/P2023/3379/FUL — 14 Dufferin Street, London, EC1Y 8PD
2026-09-30 11:22:14 INFO LEAD new: [Conditions] Islington/P2023/3406/LBC — Flat A, 22 Richmond Avenue, London, N1 0ND
2026-09-30 11:22:14 INFO LEAD new: [Conditions] Islington/P2023/3380/AOD — Jahn Court, 34 York Way, 34B York Way Albion Yard and Ironwo
2026-09-30 11:22:14 INFO LEAD new: [Conditions] Islington/P2023/3384/FUL — 80 Queen's Head Street, London, N1 8NG
2026-09-30 11:22:14 INFO LEAD new: [Conditions] Islington/P2023/3393/PRA — 621 Holloway Road, London, N19 5SS
2026-09-30 11:22:14 INFO LEAD new: [Conditions] Islington/P2023/3382/FUL — 37 Shepperton Road, London, N1 3DH
2026-09-30 11:22:14 INFO LEAD new: [Conditions] Islington/P2023/3385/AOD — 45 White Lion Youth Centre, White Lion Street, London, N1 9P
2026-09-30 11:22:14 INFO LEAD new: [Conditions] Islington/P2023/3374/AOD — 1 Lowther Road, London, N7 8US
2026-09-30 11:22:14 INFO LEAD new: [Conditions] Islington/P2023/3369/FUL — 7 Hugo Road, London, N19 5EU
2026-09-30 11:22:14 INFO LEAD new: [Conditions] Islington/P2023/3364/FUL — Flat D, 41 Halliford Street, London, N1 3EL
2026-09-30 11:22:14 INFO LEAD new: [Conditions] Islington/P2023/3361/AOD — Former North London Mail Centre, 116 - 118 Upper Street , Lo
2026-09-30 11:22:14 INFO LEAD new: [Conditions] Islington/P2023/3375/FUL — 78 Hungerford Road, London, N7 9LP
2026-09-30 11:22:14 INFO LEAD new: [Conditions] Islington/P2023/3376/FUL — 14 Balfour Road, London, N5 2HB
2026-09-30 11:22:14 INFO LEAD new: [Conditions] Islington/P2023/3371/FUL — 288 Upper Street, London, N1 2TZ
2026-09-30 11:22:14 INFO LEAD new: [Conditions] Islington/P2023/3367/FUL — 79 Hargrave Park, London, N19 5JW
2026-09-30 11:22:14 INFO LEAD new: [Conditions] Islington/P2023/3373/PRA — Floral Place , 7 Northampton Grove, London, N1 2PL
2026-09-30 11:22:14 INFO LEAD new: [Conditions] Islington/P2023/3354/FUL — 7 Northampton Park, London, N1 2PP
2026-09-30 11:22:14 INFO LEAD new: [Conditions] Islington/P2023/3350/FUL — 1 Fairmead Road, London, N19 4DG
2026-09-30 11:22:14 INFO LEAD new: [Conditions] Islington/P2023/3351/AOD — 1 Queensland Road, London, N7 7BY
2026-09-30 11:22:14 INFO LEAD new: [Conditions] Islington/P2023/3438/LBC — 22 Cross Street, London, N1 2BG
2026-09-30 11:22:14 INFO LEAD new: [Conditions] Islington/P2023/3360/FUL — 22 Cross Street, London, N1 2BG
2026-09-30 11:22:14 INFO LEAD new: [Conditions] Islington/P2024/0181/LBC — 7 Northampton Park, London, N1 2PP
2026-09-30 11:22:14 INFO LEAD new: [Conditions] Islington/P2023/3359/FUL — 2 Hornsey Rise Gardens, London, N19 3PR
2026-09-30 11:22:14 INFO LEAD new: [Conditions] Islington/P2023/3338/FUL — 162 Ball's Pond Road, London, N1 4AA
2026-09-30 11:22:14 INFO LEAD new: [Conditions] Islington/P2023/3342/COL — 256 York Way, London, N7 9PQ
2026-09-30 11:22:14 INFO LEAD new: [Conditions] Islington/P2023/3332/AOD — 48 Britton Street, London, EC1M 5UL
2026-09-30 11:22:14 INFO LEAD new: [Conditions] Islington/P2023/3341/FUL — 115 Cloudesley Road, London, N1 0EN
2026-09-30 11:22:14 INFO LEAD new: [Conditions] Islington/P2023/3348/FUL — Flat C, 2 Queensbury Street, London, N1 3AD
2026-09-30 11:22:14 INFO LEAD new: [Conditions] Islington/P2023/3326/AOD — Former Holloway Prison, Parkhurst Road, London, N7 0NU
2026-09-30 11:22:14 INFO LEAD new: [Conditions] Islington/P2023/3327/AOD — Former Holloway Prison, Parkhurst Road, London, N7 0NU
2026-09-30 11:22:14 INFO LEAD new: [Conditions] Islington/P2023/3325/AOD — 61 Colebrooke Row, London, N1 8AB
2026-09-30 11:22:14 INFO LEAD new: [Conditions] Islington/P2023/3330/FUL — Upper Maisonette, 11 and a Half , Highbury Place, London, N5
2026-09-30 11:22:14 INFO LEAD new: [Conditions] Islington/P2023/3313/AOD — 87 Sunnyside Road, London, N19 3SL
2026-09-30 11:22:14 INFO LEAD new: [Conditions] Islington/P2023/3321/AOD — 10 Grange Grove, London, N1 2NP
2026-09-30 11:22:14 INFO LEAD new: [Conditions] Islington/P2023/3303/FUL — 21 Sparsholt Road, London, N19 4EL
2026-09-30 11:22:14 INFO LEAD new: [Conditions] Islington/P2023/3301/FUL — 18-20 St John Street, London, EC1M 4NX
2026-09-30 11:22:14 INFO LEAD new: [Conditions] Islington/P2023/3311/PRA — 23 Angel Gate, London, EC1V 2PT
2026-09-30 11:22:14 INFO LEAD new: [Conditions] Islington/P2023/3302/LBC — Town Hall, Upper Street, London, N1 2UD
2026-09-30 11:22:14 INFO LEAD new: [Conditions] Islington/P2023/3314/LBC — 18-20 St John Street, London, EC1M 4NX
2026-09-30 11:22:14 INFO LEAD new: [Conditions] Islington/P2023/3308/FUL — 3 Freegrove Road, London, N7 9JN
2026-09-30 11:22:14 INFO LEAD new: [Conditions] Islington/P2023/3304/FUL — Flat 3 And 4, 5A Heritage Heights, London, N5 1LH
2026-09-30 11:22:14 INFO LEAD new: [Conditions] Islington/P2023/3307/FUL — 57 Arlington Avenue, London, N1 7BA
2026-09-30 11:22:14 INFO LEAD new: [Conditions] Islington/P2023/3299/S73 — Ground Floor, 88 Highbury Park, London, N5 2XE
2026-09-30 11:22:14 INFO LEAD new: [Conditions] Islington/P2023/3291/FUL — 22 Thornhill Road, London, N1 1HW
2026-09-30 11:22:14 INFO LEAD new: [Conditions] Islington/P2023/3296/AOD — Basement, Ground and First Floors, 18-30 Clerkenwell Road, L
2026-09-30 11:22:14 INFO LEAD new: [Conditions] Islington/P2023/3297/ADV — 23 Seven Sisters Road, London, N7 6AW
2026-09-30 11:22:14 INFO LEAD new: [Conditions] Islington/P2023/3294/COLP — Lewis House, 85 Canonbury Road, London, N1 2UH
2026-09-30 11:22:14 INFO LEAD new: [Conditions] Islington/P2023/3298/FUL — 12 Blair Close, London, N1 2YP
2026-09-30 11:22:14 INFO LEAD new: [Conditions] Islington/P2023/3284/FUL — 5 Battishill Street, London, N1 1TE
2026-09-30 11:22:14 INFO LEAD new: [Conditions] Islington/P2023/3285/FUL — 19 Bromfield Street, London, N1 0PZ
2026-09-30 11:22:14 INFO LEAD new: [Conditions] Islington/P2023/3295/LBC — 18-20 St John Street, London, EC1M 4NX
2026-09-30 11:22:14 INFO LEAD new: [Conditions] Islington/P2023/3273/FUL — 18 Elfort Road, London, N5 1AZ
2026-09-30 11:22:14 INFO LEAD new: [Conditions] Islington/P2023/3290/PRA — 2A Godson Street, London, N1 9GZ
2026-09-30 11:22:14 INFO LEAD new: [Conditions] Islington/P2023/3280/FUL — 65 Marlborough Road, London, N19 4PA
2026-09-30 11:22:14 INFO LEAD new: [Conditions] Islington/P2023/3272/FUL — 64 Compton Street, London, EC1V 0BN
2026-09-30 11:22:14 INFO LEAD new: [Conditions] Islington/P2023/3293/LBC — 19 Bromfield Street, London, N1 0PZ
2026-09-30 11:22:14 INFO LEAD new: [Conditions] Islington/P2023/3288/FUL — 18-20 St John Street, London, EC1M 4NX
2026-09-30 11:22:14 INFO LEAD new: [Conditions] Islington/P2023/3269/FUL — Cafe Rendezvous, 16 Highbury Park, London, N5 2AB
2026-09-30 11:22:14 INFO LEAD new: [Conditions] Islington/P2023/3282/PRA — 446 Hornsey Road, London, N19 4EE
2026-09-30 11:22:14 INFO LEAD new: [Conditions] Islington/P2023/3292/LBC — 96 St Paul's Road, London, N1 2QP
2026-09-30 11:22:14 INFO LEAD new: [Conditions] Islington/P2023/3266/FUL — 53 Monsell Road, London, N4 2EF
2026-09-30 11:22:14 INFO LEAD new: [Conditions] Islington/P2023/3263/COL — 9-11 Northburgh Street, London, EC1V 0AH
2026-09-30 11:22:14 INFO LEAD new: [Conditions] Islington/P2023/3275/FUL — 96 St Paul's Road, London, N1 2QP
2026-09-30 11:22:14 INFO LEAD new: [Conditions] Islington/P2023/3253/FUL — 31A Clerkenwell Close, London, EC1R 0AT
2026-09-30 11:22:14 INFO LEAD new: [Conditions] Islington/P2023/3259/FUL — 30 Tollington Road, London, N7 6PG
2026-09-30 11:22:14 INFO LEAD new: [Conditions] Islington/P2023/3252/FUL — Flat A, 473 Caledonian Road, London, N7 9RN
2026-09-30 11:22:20 INFO [islington/Conditions] page at offset 4700: 100 records
2026-09-30 11:22:20 INFO LEAD new: [Conditions] Islington/P2023/3247/FUL — Bevin Court, Cruikshank Street, London, WC1X 9HB
2026-09-30 11:22:20 INFO LEAD new: [Conditions] Islington/P2023/3256/PRA — 23 Bartholomew Square, London, EC1V 3QT
2026-09-30 11:22:20 INFO LEAD new: [Conditions] Islington/P2023/3257/PRA — 23 Bartholomew Square, London, EC1V 3QT
2026-09-30 11:22:20 INFO LEAD new: [Conditions] Islington/P2023/3245/FUL — 129 Graham Street, London, N1 8LB
2026-09-30 11:22:20 INFO LEAD new: [Conditions] Islington/P2023/3248/FUL — First Floor Front And Second Floor Flat, 39 Avenell Road, Lo
2026-09-30 11:22:20 INFO LEAD new: [Conditions] Islington/P2023/3265/LBC — Bevin Court, Cruikshank Street, London, WC1X 9HB
2026-09-30 11:22:20 INFO LEAD new: [Conditions] Islington/P2023/3244/LBC — Basement Flat, 324 Liverpool Road, London, N7 8PU
2026-09-30 11:22:20 INFO LEAD new: [Conditions] Islington/P2023/3233/FUL — Flat 1 Bruce Glasier House, Hazellville Road, London, N19 3B
2026-09-30 11:22:20 INFO LEAD new: [Conditions] Islington/P2023/3234/PRA — 55 Islington Park Street, London, N1 1QB
2026-09-30 11:22:20 INFO LEAD new: [Conditions] Islington/P2023/3235/FUL — 2 Hungerford Road, London, N7 9LX
2026-09-30 11:22:20 INFO LEAD new: [Conditions] Islington/P2023/3206/COLP — 13 Vaynor House, Williamson Street, London, N7 0ST
2026-09-30 11:22:20 INFO LEAD new: [Conditions] Islington/P2023/3201/COLP — 10 Ashley Road, London, N19 3AE
2026-09-30 11:22:20 INFO LEAD new: [Conditions] Islington/P2023/3209/FUL — 24 Furlong Road, London, N7 8LS
2026-09-30 11:22:20 INFO LEAD new: [Conditions] Islington/P2023/3210/AOD — Land north west of the Royal Mail Sorting Office, Farringdon
2026-09-30 11:22:20 INFO LEAD new: [Conditions] Islington/P2023/3219/AOD — 6 Highbury Hill, London, N5 1AL
2026-09-30 11:22:20 INFO LEAD new: [Conditions] Islington/P2023/3205/ADV — 14 - 22 Vale Royal, London, N7 9AP
2026-09-30 11:22:20 INFO LEAD new: [Conditions] Islington/P2023/3208/FUL — 21 Thane Villas, London, N7 7PH
2026-09-30 11:22:20 INFO LEAD new: [Conditions] Islington/P2023/3213/FUL — 13 Dagmar Terrace, London, N1 2BN
2026-09-30 11:22:20 INFO LEAD new: [Conditions] Islington/P2023/3190/AOD — Moore Court, Anderson Square, London, N1 2TF
2026-09-30 11:22:20 INFO LEAD new: [Conditions] Islington/P2023/3197/FUL — Flat A, 55 Birnam Road, London, N4 3LJ
2026-09-30 11:22:20 INFO LEAD new: [Conditions] Islington/P2023/3194/FUL — Arbus House, 54 Compton Street, London, EC1V 0ET
2026-09-30 11:22:20 INFO LEAD new: [Conditions] Islington/P2023/3182/FUL — Basement And Ground Floors, 269-270 Upper Street, London, N1
2026-09-30 11:22:20 INFO LEAD new: [Conditions] Islington/P2023/3185/FUL — 22 Dove's Yard, London, N1 0HQ
2026-09-30 11:22:20 INFO LEAD new: [Conditions] Islington/P2023/3184/FUL — 3 Remington Street, London, N1 8DH
2026-09-30 11:22:20 INFO LEAD new: [Conditions] Islington/P2023/3216/LBC — 3 Remington Street, London, N1 8DH
2026-09-30 11:22:20 INFO LEAD new: [Conditions] Islington/P2023/3179/AOD — Scriptor Court, Lector Court, River House and Clover House, 
2026-09-30 11:22:20 INFO LEAD new: [Conditions] Islington/P2023/3195/ADV — 269-270 Basement And Ground Floors, Upper Street, London, N1
2026-09-30 11:22:20 INFO LEAD new: [Conditions] Islington/P2023/3188/FUL — 75 St Paul's Road, London, N1 2LT
2026-09-30 11:22:20 INFO LEAD new: [Conditions] Islington/P2023/3186/FUL — 5-6 Stock Orchard Street, London, N7 9RW
2026-09-30 11:22:20 INFO LEAD new: [Conditions] Islington/P2023/3174/FUL — 140 - 144 Marlborough Road, London, N19 4NN
2026-09-30 11:22:20 INFO LEAD new: [Conditions] Islington/P2023/3176/FUL — 9 Cloudesley Square, London, N1 0HT
2026-09-30 11:22:20 INFO LEAD new: [Conditions] Islington/P2023/3177/FUL — 2 Baalbec Road, London, N5 1QN
2026-09-30 11:22:20 INFO LEAD new: [Conditions] Islington/P2023/3171/ADV — Units SU8 and SU9, Angel Central Shopping Centre, 21 Parkfie
2026-09-30 11:22:21 INFO LEAD new: [Conditions] Islington/P2023/3165/FUL — 37 Pemberton Terrace, London, N19 5RX
2026-09-30 11:22:21 INFO LEAD new: [Conditions] Islington/P2023/3163/FUL — Peter Beneson House, 1-7 Easton Street, London, WC1X 0DW
2026-09-30 11:22:21 INFO LEAD new: [Conditions] Islington/P2023/3162/AOD — 18 Clerkenwell Close, London, EC1R 0QN
2026-09-30 11:22:21 INFO LEAD new: [Conditions] Islington/P2023/3164/COLP — 31 Bryantwood Road, London, N7 7BG
2026-09-30 11:22:21 INFO LEAD new: [Conditions] Islington/P2023/3159/FUL — The Whittington Hospital, Magdala Avenue, London, N19 5NF
2026-09-30 11:22:21 INFO LEAD new: [Conditions] Islington/P2023/3161/FUL — Basement flat, 12 Wilmington Square, London, Islington, WC1X
2026-09-30 11:22:21 INFO LEAD new: [Conditions] Islington/P2023/3158/FUL — The Whittington Hospital, Magdala Avenue, London, Islington,
2026-09-30 11:22:21 INFO LEAD new: [Conditions] Islington/P2023/3154/FUL — 6 Gresley Road, London, N19 3JZ
2026-09-30 11:22:21 INFO LEAD new: [Conditions] Islington/P2023/3145/COLP — Land to the Front and East Side of St Jame's Church, Prebend
2026-09-30 11:22:21 INFO LEAD new: [Conditions] Islington/P2023/3136/FUL — 46 Despard Road, London, N19 5NW
2026-09-30 11:22:21 INFO LEAD new: [Conditions] Islington/P2023/3135/FUL — 24 Huntingdon Street, London, N1 1BS
2026-09-30 11:22:21 INFO LEAD new: [Conditions] Islington/P2023/3149/FUL — Coach House , Flat 96, Tollington Park, London, N4 3RB
2026-09-30 11:22:21 INFO LEAD new: [Conditions] Islington/P2023/3146/FUL — 48A Leconfield Road, London, N5 2SN
2026-09-30 11:22:21 INFO LEAD new: [Conditions] Islington/P2023/3144/FUL — 16 Roseleigh Avenue, London, N5 1SP
2026-09-30 11:22:21 INFO LEAD new: [Conditions] Islington/P2023/3147/FUL — 131-132 Upper Street, London, N1 1QP
2026-09-30 11:22:21 INFO LEAD new: [Conditions] Islington/P2023/3133/FUL — 52 Yerbury Road, London, N19 4RJ
2026-09-30 11:22:21 INFO LEAD new: [Conditions] Islington/P2023/3129/FUL — 251-253 Caledonian Road, London, N1 1ED
2026-09-30 11:22:21 INFO LEAD new: [Conditions] Islington/P2023/3130/COLP — 103 Westbourne Road, London, N7 8AA
2026-09-30 11:22:21 INFO LEAD new: [Conditions] Islington/P2023/3150/ADV — 251-253 Caledonian Road, London, N1 1ED
2026-09-30 11:22:21 INFO LEAD new: [Conditions] Islington/P2023/3132/COLP — 69 Regina Road, London, N4 3PT
2026-09-30 11:22:21 INFO LEAD new: [Conditions] Islington/P2023/3131/AOD — Block G and S, Whittington Hospital Campus, Dartmouth Park H
2026-09-30 11:22:21 INFO LEAD new: [Conditions] Islington/P2023/3117/AOD — 11 Malvern Terrace, London, N1 1HR
2026-09-30 11:22:21 INFO LEAD new: [Conditions] Islington/P2023/3124/ADV — 19 Calabria Road, London, N5 1JB
2026-09-30 11:22:21 INFO LEAD new: [Conditions] Islington/P2023/3111/FUL — 289 Liverpool Road, London, N1 1NF
2026-09-30 11:22:21 INFO LEAD new: [Conditions] Islington/P2023/3101/AOD — 37 Hilldrop Road, London, N7 0JE
2026-09-30 11:22:21 INFO LEAD new: [Conditions] Islington/P2023/3109/LBC — Flat C, 10 Milner Square, London, N1 1TL
2026-09-30 11:22:21 INFO LEAD new: [Conditions] Islington/P2023/3113/LBC — 8 Cumberland Gardens, London, WC1X 9AG
2026-09-30 11:22:21 INFO LEAD new: [Conditions] Islington/P2023/3107/FUL — 16A Great Percy Street, London, WC1X 9QW
2026-09-30 11:22:21 INFO LEAD new: [Conditions] Islington/P2023/3108/LBC — Flat 2, Mountfort House, 15 Barnsbury Square, London, N1 1JL
2026-09-30 11:22:21 INFO LEAD new: [Conditions] Islington/P2023/3110/FUL — 121 Calabria Road, London, N5 1HS
2026-09-30 11:22:21 INFO LEAD new: [Conditions] Islington/P2023/3100/AOD — 142 Huddleston Road, London, N7 0EG
2026-09-30 11:22:21 INFO LEAD new: [Conditions] Islington/P2023/3102/FUL — 129 Graham Street, London, N1 8LB
2026-09-30 11:22:21 INFO LEAD new: [Conditions] Islington/P2023/3077/FUL — 36 Prebend Street, London, N1 8PS
2026-09-30 11:22:21 INFO LEAD new: [Conditions] Islington/P2023/3087/FUL — 18 Lonsdale Place, London, N1 1EL
2026-09-30 11:22:21 INFO LEAD new: [Conditions] Islington/P2023/3086/FUL — Lloyds Bank, 31-35 Holloway Road, London, N7 8JU
2026-09-30 11:22:21 INFO LEAD new: [Conditions] Islington/P2023/3093/FUL — 7 Avenell Road, London, N5 1DP
2026-09-30 11:22:21 INFO LEAD new: [Conditions] Islington/P2023/3094/FUL — 3-5 Islington High Street, London, N1 9LQ
2026-09-30 11:22:21 INFO LEAD new: [Conditions] Islington/P2023/3078/FUL — 1 Avenell Road, London, N5 1DP
2026-09-30 11:22:21 INFO LEAD new: [Conditions] Islington/P2023/3085/OBS — Hill House , 1 Little New Street , London , EC4A 3JR
2026-09-30 11:22:21 INFO LEAD new: [Conditions] Islington/P2023/3059/FUL — 88 Hungerford Road, London, N7 9LP
2026-09-30 11:22:21 INFO LEAD new: [Conditions] Islington/P2023/3056/FUL — 26 Riversdale Road, London, N5 2JT
2026-09-30 11:22:21 INFO LEAD new: [Conditions] Islington/P2023/3123/LBC — Flat 4, 82 Highbury New Park, London, N5 2DJ
2026-09-30 11:22:21 INFO LEAD new: [Conditions] Islington/P2023/3071/FUL — 21 Coleridge Road, London, N4 3NY
2026-09-30 11:22:21 INFO LEAD new: [Conditions] Islington/P2023/3122/FUL — Flat 4, 82 Highbury New Park, London, N5 2DJ
2026-09-30 11:22:21 INFO LEAD new: [Conditions] Islington/P2023/3075/FUL — Second Floor Flat, 28 Sotheby Road, London, N5 2UR
2026-09-30 11:22:21 INFO LEAD new: [Conditions] Islington/P2023/3058/FUL — 44 Tollington Road, London, N7 6PG
2026-09-30 11:22:21 INFO LEAD new: [Conditions] Islington/P2023/3074/FUL — 6 Cornwallis Square, London, N19 4LY
2026-09-30 11:22:21 INFO LEAD new: [Conditions] Islington/P2023/3055/COLP — 59 Upper Street, London , N1 0NY
2026-09-30 11:22:21 INFO LEAD new: [Conditions] Islington/P2023/3044/FUL — Flat B, 51 Dresden Road, London, N19 3BG
2026-09-30 11:22:21 INFO LEAD new: [Conditions] Islington/P2023/3048/COLP — Unit 2, 89 Charterhouse Street, London, EC1M 6PE
2026-09-30 11:22:21 INFO LEAD new: [Conditions] Islington/P2023/3041/LBC — Unit 2, 89 Charterhouse Street, London, EC1M 6PE
2026-09-30 11:22:21 INFO LEAD new: [Conditions] Islington/P2023/3049/FUL — 455 Caledonian Road, London, N7 9BA
2026-09-30 11:22:21 INFO LEAD new: [Conditions] Islington/P2023/3053/FUL — 7 Trecastle Way, London, N7 0EL
2026-09-30 11:22:21 INFO LEAD new: [Conditions] Islington/P2023/3046/FUL — 11 Ripplevale Grove, London, N1 1HS
2026-09-30 11:22:21 INFO LEAD new: [Conditions] Islington/P2023/3034/AOD — Dixon Clark Court, Canonbury Road, Islington, London, N1 2UR
2026-09-30 11:22:21 INFO LEAD new: [Conditions] Islington/P2023/3092/LBC — Basement Flat, 12 Wilmington Square, London, WC1X 0ES
2026-09-30 11:22:27 INFO [islington/Conditions] page at offset 4800: 100 records
2026-09-30 11:22:27 INFO LEAD new: [Conditions] Islington/P2023/3045/FUL — Basement Flat, 12 Wilmington Square, London, WC1X 0ES
2026-09-30 11:22:27 INFO LEAD new: [Conditions] Islington/P2023/3043/FUL — 183 Caledonian Road, London, N1 0SL
2026-09-30 11:22:27 INFO LEAD new: [Conditions] Islington/P2023/3052/FUL — 69 Regina Road, London, N4 3PT
2026-09-30 11:22:27 INFO LEAD new: [Conditions] Islington/P2023/3098/LBC — 11 Ripplevale Grove, London, N1 1HS
2026-09-30 11:22:27 INFO LEAD new: [Conditions] Islington/P2023/3062/OBS — Site Bounded By 40 Liverpool Street, 50 Liverpool Street, Op
2026-09-30 11:22:27 INFO LEAD new: [Conditions] Islington/P2023/3050/FUL — 45B Corsica Street, London, N5 1JT
2026-09-30 11:22:27 INFO LEAD new: [Conditions] Islington/P2023/3054/FUL — 150 Tufnell Park Road, London, N7 0DZ
2026-09-30 11:22:27 INFO LEAD new: [Conditions] Islington/P2023/3028/FUL — 29 Napier Terrace, London, N1 1TJ
2026-09-30 11:22:27 INFO LEAD new: [Conditions] Islington/P2023/3022/FUL — 95 Englefield Road, London, N1 3LJ
2026-09-30 11:22:27 INFO LEAD new: [Conditions] Islington/P2023/3024/ADV — Old Street Station, Old Street, London, EC1Y 1BE
2026-09-30 11:22:27 INFO LEAD new: [Conditions] Islington/P2023/3036/FUL — Flat B, 48 Anson Road, London, N7 0AB
2026-09-30 11:22:27 INFO LEAD new: [Conditions] Islington/P2023/3026/AOD — 1 & 2 Colebrooke Row, London, N1 8DB
2026-09-30 11:22:27 INFO LEAD new: [Conditions] Islington/P2023/3015/AOD — Barnard Park, Copenhagen Street, London, N1 0NL
2026-09-30 11:22:27 INFO LEAD new: [Conditions] Islington/P2023/2994/FUL — 52 Hungerford Road, London, N7 9LP
2026-09-30 11:22:27 INFO LEAD new: [Conditions] Islington/P2023/3021/FUL — 77 Hartham Road, London, N7 9JJ
2026-09-30 11:22:27 INFO LEAD new: [Conditions] Islington/P2023/3004/FUL — 53 Clerkenwell Close, London, EC1R 0EA
2026-09-30 11:22:27 INFO LEAD new: [Conditions] Islington/P2023/3042/LBC — 53 Clerkenwell Close, London, EC1R 0EA
2026-09-30 11:22:27 INFO LEAD new: [Conditions] Islington/P2023/3014/FUL — Flat A, 16 Grosvenor Avenue, London, N5 2NR
2026-09-30 11:22:27 INFO LEAD new: [Conditions] Islington/P2023/2998/FUL — 103 Plimsoll Road, London, N4 2EB
2026-09-30 11:22:27 INFO LEAD new: [Conditions] Islington/P2023/3016/AOD — Barnard Park, Copenhagen Street, London, N1 0NL
2026-09-30 11:22:27 INFO LEAD new: [Conditions] Islington/P2023/3013/FUL — 28 Kiver Road, London, N19 4PD
2026-09-30 11:22:27 INFO LEAD new: [Conditions] Islington/P2023/2982/ADV — 18 Parkfield Street, London, N1 0PS
2026-09-30 11:22:27 INFO LEAD new: [Conditions] Islington/P2023/2991/ADV — Angel Central Shopping Centre, 21 Parkfield Street, London, 
2026-09-30 11:22:27 INFO LEAD new: [Conditions] Islington/P2023/2988/FUL — 63 Corinne Road, London, N19 5HA
2026-09-30 11:22:27 INFO LEAD new: [Conditions] Islington/P2023/2993/AOD — Former Holloway Prison, Parkhurst Road, London, N7 0NU
2026-09-30 11:22:27 INFO LEAD new: [Conditions] Islington/P2023/2985/FUL — 20 Willow Bridge Road, London, N1 2LA
2026-09-30 11:22:27 INFO LEAD new: [Conditions] Islington/P2023/2992/AOD — 15 Canonbury Grove, London, N1 2HR
2026-09-30 11:22:27 INFO LEAD new: [Conditions] Islington/P2023/2977/FUL — St John The Evangelist Rc Primary School, Duncan Street, Lon
2026-09-30 11:22:27 INFO LEAD new: [Conditions] Islington/P2023/2984/FUL — 20 Copenhagen Street, London, N1 0JD
2026-09-30 11:22:27 INFO LEAD new: [Conditions] Islington/P2023/2972/AOD — 556 Holloway Road, London, N7 6JP
2026-09-30 11:22:27 INFO LEAD new: [Conditions] Islington/P2023/2975/LBC — Basement Flat, 12 Wilmington Square, London, WC1X 0ES
2026-09-30 11:22:27 INFO LEAD new: [Conditions] Islington/P2023/2974/FUL — 39-41 Seven Sisters Road, London, N7 6AX
2026-09-30 11:22:27 INFO LEAD new: [Conditions] Islington/P2023/2970/S73 — 16-18 Hornsey Road, London, N7 7BP
2026-09-30 11:22:27 INFO LEAD new: [Conditions] Islington/P2023/2967/FUL — 11 Dagmar Terrace, London, N1 2BN
2026-09-30 11:22:27 INFO LEAD new: [Conditions] Islington/P2023/3006/OBS — 99 Bishopsgate , London , EC2M 3XD
2026-09-30 11:22:27 INFO LEAD new: [Conditions] Islington/P2023/2957/FUL — 107 Aldersgate Street, London, EC1A 4JQ
2026-09-30 11:22:27 INFO LEAD new: [Conditions] Islington/P2023/2963/FUL — Flat 1, 62 Freegrove Road, London, N7 9RQ
2026-09-30 11:22:27 INFO LEAD new: [Conditions] Islington/P2023/3011/LBC — 345 City Road, London, EC1V 1LR
2026-09-30 11:22:27 INFO LEAD new: [Conditions] Islington/P2023/2971/ADV — 18 Upper Street, London, N1 0PS
2026-09-30 11:22:27 INFO LEAD new: [Conditions] Islington/P2023/2943/FUL — 5 Inglebert Street, London, EC1R 1XR
2026-09-30 11:22:27 INFO LEAD new: [Conditions] Islington/P2023/2966/LBC — 5 Inglebert Street, London, EC1R 1XR
2026-09-30 11:22:27 INFO LEAD new: [Conditions] Islington/P2023/2953/LBC — Flat A, 12 Tysoe Street, London, EC1R 4RQ
2026-09-30 11:22:27 INFO LEAD new: [Conditions] Islington/P2023/2945/FUL — 217 Blackstock Road, London, N5 2LL
2026-09-30 11:22:27 INFO LEAD new: [Conditions] Islington/P2023/2944/FUL — 48 Corbyn Street, London, N4 3BZ
2026-09-30 11:22:27 INFO LEAD new: [Conditions] Islington/P2023/2952/S73 — 5-10 Brandon Road, Islington, London, N7 9AA
2026-09-30 11:22:27 INFO LEAD new: [Conditions] Islington/P2023/2942/COLP — 103 Plimsoll Road, London, N4 2EB
2026-09-30 11:22:27 INFO LEAD new: [Conditions] Islington/P2023/2937/FUL — 343 Caledonian Road, London, N1 1DW
2026-09-30 11:22:27 INFO LEAD new: [Conditions] Islington/P2023/2931/FUL — 50 Barnsbury Grove, London, N7 8BP
2026-09-30 11:22:27 INFO LEAD new: [Conditions] Islington/P2023/2928/FUL — Second Floor Flat, 18 Petherton Road, London, N5 2RD
2026-09-30 11:22:27 INFO LEAD new: [Conditions] Islington/P2023/2934/FUL — 46 Northolme Road, London, N5 2UX
2026-09-30 11:22:27 INFO LEAD new: [Conditions] Islington/P2023/2933/ADV — 10 Parkfield Street, London, N1 0PS
2026-09-30 11:22:27 INFO LEAD new: [Conditions] Islington/P2023/2923/FUL — Basement And Ground Floors Wells House, 80-82 Upper Street, 
2026-09-30 11:22:27 INFO LEAD new: [Conditions] Islington/P2023/2920/AOD — Dixon Clark Court, Canonbury Road, London, N1 2UR
2026-09-30 11:22:27 INFO LEAD new: [Conditions] Islington/P2023/2926/FUL — Cross Court House, 29 Graham Street, London, N1 8LA
2026-09-30 11:22:27 INFO LEAD new: [Conditions] Islington/P2023/2919/COLP — 23 Mackenzie Road, London, N7 8QY
2026-09-30 11:22:27 INFO LEAD new: [Conditions] Islington/P2023/2929/COLP — 128 Drayton Park, London, N5 1LX
2026-09-30 11:22:27 INFO LEAD new: [Conditions] Islington/P2023/2950/ADV — Basement And Ground Floors Wells House, 80-82 Upper Street, 
2026-09-30 11:22:27 INFO LEAD new: [Conditions] Islington/P2023/2908/AOD — Kings Head Theatre, 115 Upper Street, London, Islington, N1 
2026-09-30 11:22:27 INFO LEAD new: [Conditions] Islington/P2023/2907/AOD — 114 A Pentonville Road, London, N1 9JB
2026-09-30 11:22:27 INFO LEAD new: [Conditions] Islington/P2023/2897/FUL — Flat B, 29 Freegrove Road, London, N7 9RG
2026-09-30 11:22:27 INFO LEAD new: [Conditions] Islington/P2023/2895/FUL — 54-55 Chapel Market, LONDON, N1 9EW
2026-09-30 11:22:27 INFO LEAD new: [Conditions] Islington/P2023/2899/COLP — 47 Medina Road, London, N7 7LA
2026-09-30 11:22:27 INFO LEAD new: [Conditions] Islington/P2023/2930/LBC — Flat A, 24 Bromfield Street, London, N1 0PZ
2026-09-30 11:22:28 INFO LEAD new: [Conditions] Islington/P2023/2900/FUL — Flat A, 24 Bromfield Street, London, N1 0PZ
2026-09-30 11:22:28 INFO LEAD new: [Conditions] Islington/P2023/2901/FUL — 12 Tytherton Road, London, N19 4QD
2026-09-30 11:22:28 INFO LEAD new: [Conditions] Islington/P2023/2969/AOD — 115 Upper street, London, N1 1QN
2026-09-30 11:22:28 INFO LEAD new: [Conditions] Islington/P2023/2890/AOD — 1 Torrens Street, Angel Square, London, EC1V 1NY
2026-09-30 11:22:28 INFO LEAD new: [Conditions] Islington/P2023/2876/LBC — 13 Cloudesley Street, London, N1 0HU
2026-09-30 11:22:28 INFO LEAD new: [Conditions] Islington/P2023/2878/FUL — 1 Oliver's Yard, London, EC1Y 1HQ
2026-09-30 11:22:28 INFO LEAD new: [Conditions] Islington/P2023/2875/S73 — (Taverner Estate) 1-36 Matthews Court, 1-12 Bowen Court, 1-4
2026-09-30 11:22:28 INFO LEAD new: [Conditions] Islington/P2023/2874/LBC — 7 Cloudesley Street, London, N1 0HU
2026-09-30 11:22:28 INFO LEAD new: [Conditions] Islington/P2023/2892/COLP — 5 Bramwell Mews, London, N1 0LH
2026-09-30 11:22:28 INFO LEAD new: [Conditions] Islington/P2023/2883/FUL — 168 Drayton Park, London, N5 1LX
2026-09-30 11:22:28 INFO LEAD new: [Conditions] Islington/P2023/2884/FUL — 30 Warlters Road, London, N7 0RX
2026-09-30 11:22:28 INFO LEAD new: [Conditions] Islington/P2023/2893/AOD — Monmouth House, 58-64 City Road, London, EC1Y 2AE and Speedf
2026-09-30 11:22:28 INFO LEAD new: [Conditions] Islington/P2023/2877/LBC — 88 Cloudesley Road, London, N1 0EB
2026-09-30 11:22:28 INFO LEAD new: [Conditions] Islington/P2023/2873/AOD — 5-10 Brandon Road, Islington, London, N7 9AA
2026-09-30 11:22:28 INFO LEAD new: [Conditions] Islington/P2023/2880/AOD — 186 City Road, London, EC1V 2NT
2026-09-30 11:22:28 INFO LEAD new: [Conditions] Islington/P2023/2891/LBC — 13 Percy Circus, London, WC1X 9ES
2026-09-30 11:22:28 INFO LEAD new: [Conditions] Islington/P2023/2865/AOD — 1 Mountfort Crescent, London, N1 1JW
2026-09-30 11:22:28 INFO LEAD new: [Conditions] Islington/P2023/2863/FUL — Windsor Street. land near Turnbull House, Turnbull House, Wi
2026-09-30 11:22:28 INFO LEAD new: [Conditions] Islington/P2023/2867/AOD — 10-18 Regents Wharf, All Saints Street, London, N1 9RL
2026-09-30 11:22:28 INFO LEAD new: [Conditions] Islington/P2023/2849/FUL — 13 Bracey Street, London, N4 3BJ
2026-09-30 11:22:28 INFO LEAD new: [Conditions] Islington/P2023/2856/AOD — 1 Torrens Street, Angel Square, London, EC1V 1NY
2026-09-30 11:22:28 INFO LEAD new: [Conditions] Islington/P2023/2852/AOD — Moore Court, Anderson Square, London, N1 2TF
2026-09-30 11:22:28 INFO LEAD new: [Conditions] Islington/P2023/2841/FUL — 42 Plimsoll Road, London, N4 2EL
2026-09-30 11:22:28 INFO LEAD new: [Conditions] Islington/P2023/2843/LBC — The Goldsmiths Centre, 42 Britton Street, London, Islington,
2026-09-30 11:22:28 INFO LEAD new: [Conditions] Islington/P2023/2848/FUL — 84 Archway Road, London, N19 3TT
2026-09-30 11:22:28 INFO LEAD new: [Conditions] Islington/P2023/2847/LBC — 41 Charles Rowan House, Margery Street, London, WC1X 0EH
2026-09-30 11:22:28 INFO LEAD new: [Conditions] Islington/P2023/2844/S73 — Part Basement (restaurant), 190 City Approach, City Road, Lo
2026-09-30 11:22:28 INFO LEAD new: [Conditions] Islington/P2023/2824/FUL — 10 Ashley Road, London, N19 3AE
2026-09-30 11:22:28 INFO LEAD new: [Conditions] Islington/P2023/2826/FUL — 44 Beversbrook Road, London, N19 4QH
2026-09-30 11:22:28 INFO LEAD new: [Conditions] Islington/P2023/2831/FUL — 42-47 St John's Square, London, EC1M 4EB
2026-09-30 11:22:28 INFO LEAD new: [Conditions] Islington/P2023/2823/ADV — 219 Caledonian Rd, London, N1 0SL
2026-09-30 11:22:28 INFO LEAD new: [Conditions] Islington/P2023/2816/COLP — 7 Aubert Road, London, N5 1TX
2026-09-30 11:22:34 INFO [islington/Conditions] page at offset 4900: 0 records
2026-09-30 11:22:39 WARNING Rate limited (429); waiting 518s before retry 1/6
2026-09-30 11:31:19 INFO [islington/Undecided] page at offset 0: 100 records
2026-09-30 11:31:25 INFO [islington/Undecided] page at offset 100: 100 records
2026-09-30 11:31:31 INFO [islington/Undecided] page at offset 200: 100 records
2026-09-30 11:31:37 INFO [islington/Undecided] page at offset 300: 100 records
2026-09-30 11:31:43 INFO [islington/Undecided] page at offset 400: 100 records
2026-09-30 11:31:49 INFO [islington/Undecided] page at offset 500: 100 records
2026-09-30 11:31:55 INFO [islington/Undecided] page at offset 600: 100 records
2026-09-30 11:32:01 INFO [islington/Undecided] page at offset 700: 100 records
2026-09-30 11:32:07 INFO [islington/Undecided] page at offset 800: 100 records
2026-09-30 11:32:12 INFO [islington/Undecided] page at offset 900: 100 records
2026-09-30 11:32:18 INFO [islington/Undecided] page at offset 1000: 100 records
2026-09-30 11:32:24 INFO [islington/Undecided] page at offset 1100: 15 records
2026-09-30 11:32:30 INFO Done. fetched=6007 newly_tracked=1030 leads_added=4943 leads_updated=0
